frame,frac,disp,eps_t_mm,eps_r_mrad,dir,e0_t_mm,e0_r_mrad,all_t_mm,all_r_mrad,all_rho_t,all_rho_r,robust_t_mm,robust_r_mrad,robust_rho_t,robust_rho_r,oracle_t_mm,oracle_r_mrad,oracle_rho_t,oracle_rho_r,shift_t_mm,shift_r_mrad,shift_rho_t,shift_rho_r
30,0.02,0.0,5.0,2.0,0,5.0,1.9999999999999996,0.013751781540991338,0.004231464701545768,0.0027503563081982675,0.0021157323507728846,0.02900556961377449,0.01310019002150634,0.005801113922754899,0.0065500950107531715,0.015000362517066526,0.004458215728995366,0.0030000725034133053,0.0022291078644976836,0.012973951929061618,0.004432373653693551,0.0025947903858123235,0.002216186826846776
30,0.02,0.0,5.0,2.0,1,5.0,2.0,0.013807418873429667,0.004252517717011484,0.0027614837746859334,0.002126258858505742,0.028974468621934035,0.013103256236888742,0.005794893724386807,0.006551628118444371,0.015073209596650497,0.004506924300441413,0.0030146419193300992,0.0022534621502207064,0.012119706702281765,0.003788333164567362,0.002423941340456353,0.001894166582283681
30,0.02,0.0,5.0,2.0,2,5.000000000000001,2.0,0.013824566181180283,0.004252468024699357,0.002764913236236056,0.0021262340123496784,0.029014633592617592,0.013116051644110054,0.0058029267185235175,0.006558025822055027,0.015009547570389605,0.00449217282108309,0.0030019095140779205,0.002246086410541545,0.01335488085756249,0.005081325265140702,0.0026709761715124976,0.002540662632570351
30,0.02,0.0,5.0,2.0,3,4.999999999999998,2.0,0.013758017086408668,0.004229121672698876,0.0027516034172817344,0.002114560836349438,0.029001727696778983,0.013116114797557208,0.005800345539355799,0.006558057398778604,0.01504981660287853,0.004489867825281319,0.003009963320575707,0.0022449339126406594,0.014178003455569724,0.004232014142249124,0.0028356006911139458,0.002116007071124562
30,0.02,0.0,5.0,5.0,0,5.0,4.999999999999999,0.013700197759306317,0.004203271162793719,0.0027400395518612634,0.000840654232558744,0.02900599316496612,0.013118797888922696,0.005801198632993224,0.0026237595777845396,0.015036375051091323,0.004463768917229437,0.003007275010218265,0.0008927537834458876,0.012914201279974707,0.004387933499951212,0.0025828402559949413,0.0008775866999902425
30,0.02,0.0,5.0,5.0,1,5.000000000000001,4.999999999999999,0.013729654375924666,0.00419676611064869,0.0027459308751849325,0.0008393532221297381,0.02899037118363065,0.013104490948570495,0.005798074236726129,0.0026208981897140994,0.01499359112236669,0.004468500164312335,0.0029987182244733375,0.0008937000328624671,0.012053689232969175,0.0037939515502289577,0.0024107378465938346,0.0007587903100457916
30,0.02,0.0,5.0,5.0,2,5.0,4.999999999999999,0.013662470610025842,0.00422814275238652,0.0027324941220051684,0.0008456285504773042,0.02898887114576423,0.013104208740128541,0.005797774229152846,0.0026208417480257087,0.014942986652989656,0.004460702624474394,0.002988597330597931,0.0008921405248948789,0.013274356763525338,0.005084644952910308,0.0026548713527050675,0.0010169289905820617
30,0.02,0.0,5.0,5.0,3,5.0,5.0,0.013723233301439113,0.004210316862038739,0.0027446466602878226,0.0008420633724077479,0.02901569202485982,0.013112973779238273,0.005803138404971964,0.0026225947558476547,0.014983015559704459,0.004462991827314981,0.002996603111940892,0.0008925983654629961,0.01412287845208202,0.004208870440631344,0.002824575690416404,0.0008417740881262688
30,0.02,0.0,10.0,2.0,0,10.000000000000004,2.0,0.01377475367671596,0.0042037778355071154,0.0013774753676715956,0.0021018889177535577,0.02891315731898567,0.013082350872658254,0.002891315731898566,0.006541175436329127,0.015003304562903136,0.004412977013872082,0.001500330456290313,0.002206488506936041,0.012830613026227282,0.004334697781438018,0.0012830613026227277,0.002167348890719009
30,0.02,0.0,10.0,2.0,1,10.0,2.0,0.013361819067844793,0.004133075630885863,0.0013361819067844792,0.0020665378154429313,0.02893804299298765,0.013072792201680495,0.0028938042992987653,0.0065363961008402475,0.014675491906903504,0.004401435347758718,0.0014675491906903505,0.002200717673879359,0.011643005179909065,0.003633102592525696,0.0011643005179909065,0.001816551296262848
30,0.02,0.0,10.0,2.0,2,10.000000000000002,2.0,0.013762614854840061,0.00423606981588062,0.0013762614854840058,0.00211803490794031,0.029031001087783465,0.013103947172067297,0.002903100108778346,0.006551973586033649,0.01504687474690245,0.004496000950967606,0.0015046874746902448,0.002248000475483803,0.013384767852593304,0.005092189076396432,0.0013384767852593301,0.002546094538198216
30,0.02,0.0,10.0,2.0,3,9.999999999999996,2.0000000000000004,0.013668023136683194,0.004156375160018078,0.00136680231366832,0.0020781875800090386,0.028971741723411153,0.013074329936676314,0.0028971741723411164,0.006537164968338155,0.014825037547313047,0.00435955744920582,0.0014825037547313053,0.0021797787246029096,0.014054338961799804,0.004131754647083004,0.001405433896179981,0.0020658773235415016
30,0.02,0.0,10.0,5.0,0,10.0,4.999999999999998,0.013750108833925441,0.004217529749911714,0.001375010883392544,0.000843505949982343,0.028971878807864358,0.013099145076633012,0.002897187880786436,0.0026198290153266034,0.014994223464009328,0.004487606489899823,0.001499422346400933,0.0008975212979799649,0.012931885558823727,0.004413395451499309,0.0012931885558823727,0.0008826790902998621
30,0.02,0.0,10.0,5.0,1,9.999999999999993,4.999999999999999,0.013934143756366615,0.004322194496626739,0.0013934143756366626,0.0008644388993253481,0.02940071952366528,0.013230434365404272,0.00294007195236653,0.0026460868730808548,0.015149513656469224,0.00456947687840205,0.0015149513656469236,0.0009138953756804101,0.012234531096676129,0.0038577634813675215,0.0012234531096676137,0.0007715526962735045
30,0.02,0.0,10.0,5.0,2,10.0,5.0,0.01341554676448091,0.00417999700915405,0.001341554676448091,0.0008359994018308101,0.028911705321415813,0.013076371034874296,0.0028911705321415814,0.002615274206974859,0.014660254718076958,0.004385377651095735,0.001466025471807696,0.000877075530219147,0.01303614479455473,0.005010642232960191,0.001303614479455473,0.0010021284465920382
30,0.02,0.0,10.0,5.0,3,10.000000000000002,4.999999999999999,0.014472293582566046,0.004474111568943418,0.0014472293582566045,0.0008948223137886837,0.029996022186838195,0.013510670518938145,0.002999602218683819,0.0027021341037876297,0.015765839690105907,0.0047897368739583945,0.0015765839690105904,0.000957947374791679,0.014973716677515394,0.004555042297579947,0.0014973716677515391,0.0009110084595159896
30,0.02,0.0,20.0,2.0,0,20.0,2.0,0.01378281968860292,0.004233381210949606,0.000689140984430146,0.002116690605474803,0.029029214378432804,0.013102700324977238,0.0014514607189216402,0.006551350162488619,0.015039787406976795,0.004490951262412326,0.0007519893703488397,0.002245475631206163,0.012928335012580562,0.004390711723421015,0.0006464167506290281,0.0021953558617105076
30,0.02,0.0,20.0,2.0,1,20.0,1.9999999999999996,0.013765255090694274,0.0042511306769042285,0.0006882627545347137,0.0021255653384521147,0.029177728785201085,0.01314660781259103,0.0014588864392600543,0.006573303906295517,0.015034561552491357,0.004493335211497747,0.0007517280776245678,0.0022466676057488737,0.012123824109044203,0.003806556391988221,0.0006061912054522101,0.001903278195994111
30,0.02,0.0,20.0,2.0,2,20.000000000000007,1.9999999999999996,0.021536059295008996,0.0075995993195108365,0.0010768029647504494,0.003799799659755419,0.0736206505903688,0.0196131944859947,0.003681032529518439,0.009806597242997352,0.02315685633282275,0.008186630249047649,0.001157842816641137,0.004093315124523825,0.022101981391509117,0.009156545189833856,0.0011050990695754554,0.004578272594916929
30,0.02,0.0,20.0,2.0,3,20.0,1.9999999999999996,0.01473605403069574,0.003966935251754001,0.000736802701534787,0.001983467625877001,0.03349208796984541,0.013742485176277927,0.0016746043984922705,0.006871242588138965,0.016198723473014234,0.004323330582728348,0.0008099361736507117,0.0021616652913641742,0.016514099294007437,0.004604520045824688,0.0008257049647003719,0.0023022600229123443
30,0.02,0.0,20.0,5.0,0,20.000000000000007,5.0,2.560374107096335,2.295929270273914,0.1280187053548167,0.4591858540547828,6.442947365912981,2.25971336523428,0.32214736829564894,0.451942673046856,2.609933737030765,2.3745925240279244,0.1304966868515382,0.4749185048055849,2.9112270209964732,2.2431348177894117,0.14556135104982362,0.44862696355788234
30,0.02,0.0,20.0,5.0,1,20.0,5.000000000000001,8.649716795382094,1.0383102633051289,0.4324858397691047,0.20766205266102575,7.024115764288038,0.9508194042838303,0.3512057882144019,0.19016388085676603,8.871862753051657,1.0482843824387629,0.44359313765258285,0.20965687648775252,8.994283569223654,1.166817270633041,0.4497141784611827,0.23336345412660817
30,0.02,0.0,20.0,5.0,2,19.999999999999996,4.999999999999999,0.016039641810027788,0.003505704523294452,0.0008019820905013896,0.0007011409046588906,0.025996112159522543,0.011321004617670887,0.0012998056079761274,0.002264200923534178,0.016155989762239267,0.003021472976143075,0.0008077994881119635,0.0006042945952286151,0.014169531466829519,0.003522625191036564,0.0007084765733414761,0.0007045250382073129
30,0.02,0.0,20.0,5.0,3,20.0,5.0,0.013472267709050715,0.004170234621580256,0.0006736133854525358,0.0008340469243160512,0.028793318493791607,0.013077925814316913,0.0014396659246895802,0.0026155851628633826,0.01474786394941655,0.0043958029236152805,0.0007373931974708275,0.0008791605847230561,0.01387308422964648,0.00411936107802004,0.000693654211482324,0.0008238722156040081
30,0.02,2.0,5.0,2.0,0,5.0,1.9999999999999996,0.20777086005870077,0.16632322836190871,0.04155417201174015,0.08316161418095437,0.01670001406845187,0.018890724760563096,0.0033400028136903737,0.00944536238028155,0.01498847245504862,0.0044618268286349605,0.0029976944910097237,0.0022309134143174807,0.2043634346145482,0.16637222443004154,0.04087268692290964,0.08318611221502079
30,0.02,2.0,5.0,2.0,1,5.0,2.0000000000000004,0.20780210434299626,0.16631669757983955,0.04156042086859925,0.08315834878991976,0.016656976413505005,0.018886609848438606,0.003331395282701001,0.009443304924219301,0.015035259523622944,0.004491373419080015,0.003007051904724589,0.0022456867095400073,0.23726347253021088,0.17603343092493468,0.04745269450604218,0.08801671546246732
30,0.02,2.0,5.0,2.0,2,5.0,1.9999999999999996,0.20779698767855884,0.1663288134752772,0.041559397535711765,0.08316440673763861,0.016683168103125787,0.018891982316047214,0.0033366336206251575,0.009445991158023609,0.015061873778243551,0.004488283128113105,0.0030123747556487102,0.002244141564056553,0.20838905787789033,0.16727904250228656,0.041677811575578066,0.0836395212511433
30,0.02,2.0,5.0,2.0,3,5.0,2.0,0.20777699099010732,0.16633295795693842,0.04155539819802147,0.08316647897846921,0.01668089518971848,0.01889939294250088,0.0033361790379436962,0.00944969647125044,0.015025185901208677,0.004468158692661699,0.0030050371802417355,0.0022340793463308493,0.20771747968860724,0.16926302922521552,0.04154349593772145,0.08463151461260776
30,0.02,2.0,5.0,5.0,0,4.999999999999999,5.000000000000002,0.20794282341013226,0.1663359569166346,0.04158856468202646,0.033267191383326906,0.01714440429591286,0.01887833862388924,0.0034288808591825723,0.0037756677247778466,0.015267501912641274,0.0045219741668106345,0.0030535003825282554,0.0009043948333621266,0.2045571888959087,0.16638503758885692,0.04091143777918175,0.03327700751777137
30,0.02,2.0,5.0,5.0,1,4.999999999999998,4.999999999999999,0.20778782145387906,0.16631018518580512,0.041557564290775825,0.03326203703716103,0.01668919591239964,0.018888725280701957,0.003337839182479929,0.003777745056140392,0.015044064092246814,0.004498670477012872,0.003008812818449364,0.0008997340954025745,0.2372534133790755,0.17603486595472995,0.04745068267581511,0.035206973190946
30,0.02,2.0,5.0,5.0,2,4.999999999999999,4.999999999999998,0.20777571264671685,0.1663196717732184,0.04155514252934338,0.03326393435464369,0.016720220941369913,0.018894660196659484,0.0033440441882739832,0.003778932039331898,0.015118246559366518,0.004495951082436865,0.0030236493118733043,0.0008991902164873734,0.2084563289135224,0.16729154839248134,0.04169126578270448,0.03345830967849628
30,0.02,2.0,5.0,5.0,3,5.0,5.0,0.20776929279602488,0.1663082433284234,0.04155385855920497,0.03326164866568468,0.016609115444735936,0.018891996070171994,0.003321823088947187,0.0037783992140343987,0.015079541657222752,0.004495686355319114,0.0030159083314445505,0.0008991372710638228,0.20769541927745025,0.16924459508560707,0.04153908385549005,0.033848919017121414
30,0.02,2.0,10.0,2.0,0,10.000000000000002,2.0,0.2077860612501035,0.1663126299657179,0.020778606125010344,0.08315631498285896,0.016677305394083554,0.01889376706809397,0.001667730539408355,0.009446883534046985,0.01501313360640781,0.004473516195207569,0.001501313360640781,0.0022367580976037846,0.20437692132189844,0.16635473005848175,0.02043769213218984,0.08317736502924088
30,0.02,2.0,10.0,2.0,1,10.000000000000002,1.9999999999999996,0.2077185476573888,0.16630025844273014,0.020771854765738878,0.08315012922136508,0.016283997086626326,0.01888090673146148,0.0016283997086626323,0.009440453365730742,0.014865689243164934,0.004450950645356594,0.001486568924316493,0.0022254753226782975,0.2372161834327169,0.17602280537051124,0.023721618343271685,0.08801140268525563
30,0.02,2.0,10.0,2.0,2,9.999999999999996,2.0,0.2078124169249852,0.166323680333362,0.020781241692498526,0.083161840166681,0.016683544194756313,0.018898903354740076,0.001668354419475632,0.009449451677370038,0.015053568607984222,0.004497878738666031,0.0015053568607984228,0.0022489393693330157,0.20839328407130292,0.16727704218114625,0.0208393284071303,0.08363852109057313
30,0.02,2.0,10.0,2.0,3,10.0,1.9999999999999996,0.20777005580645436,0.16633265436089917,0.020777005580645436,0.0831663271804496,0.016673873349346897,0.018896623482684175,0.0016673873349346898,0.00944831174134209,0.01495647634796209,0.004477310372063782,0.001495647634796209,0.0022386551860318913,0.2077236626153902,0.16925296754982558,0.02077236626153902,0.0846264837749128
30,0.02,2.0,10.0,5.0,0,10.0,5.0,0.2077285107289963,0.16632483203535584,0.020772851072899633,0.03326496640707117,0.016899388354974974,0.01887644999848208,0.0016899388354974973,0.0037752899996964157,0.015422182099565189,0.004665643586401003,0.001542218209956519,0.0009331287172802006,0.2043657400870141,0.16636429851740217,0.02043657400870141,0.033272859703480435
30,0.02,2.0,10.0,5.0,1,9.999999999999998,5.0,0.20777120229815296,0.16632532749569823,0.0207771202298153,0.03326506549913964,0.016688265199670076,0.018889469454498733,0.001668826519967008,0.0037778938908997464,0.01502797744815165,0.00449310024900191,0.0015027977448151654,0.0008986200498003821,0.23725423638923,0.17605255379054852,0.023725423638923004,0.0352105107581097
30,0.02,2.0,10.0,5.0,2,10.0,5.0,0.2077822718762899,0.16633061603057708,0.02077822718762899,0.03326612320611542,0.01667471046444871,0.01888384045914383,0.0016674710464448712,0.0037767680918287657,0.015018945724062049,0.004496451413704112,0.0015018945724062048,0.0008992902827408224,0.20839319737807743,0.16728184997563014,0.020839319737807744,0.03345636999512603
30,0.02,2.0,10.0,5.0,3,10.0,5.0,0.20806316265179567,0.1663620903915235,0.020806316265179568,0.0332724180783047,0.017475137130270487,0.01891329239806543,0.0017475137130270487,0.0037826584796130857,0.015333718348805678,0.004525100867456876,0.0015333718348805678,0.0009050201734913752,0.20793536601666074,0.16927024309654456,0.020793536601666072,0.033854048619308914
30,0.02,2.0,20.0,2.0,0,19.999999999999996,1.9999999999999996,0.2001701527506427,0.1577247336268982,0.010008507637532136,0.07886236681344912,0.0651048712647814,0.026733467728545523,0.0032552435632390705,0.013366733864272765,0.09858369128740475,0.033816188486599175,0.0049291845643702386,0.01690809424329959,0.2241175220828046,0.1618155552810028,0.011205876104140233,0.08090777764050142
30,0.02,2.0,20.0,2.0,1,20.0,2.0,0.2121992573241359,0.17059180466260176,0.010609962866206794,0.08529590233130088,0.0383659669816483,0.019536108218783498,0.001918298349082415,0.009768054109391749,0.07832834580940104,0.02677776651054643,0.003916417290470052,0.013388883255273215,0.2388999509511984,0.17996203244728085,0.01194499754755992,0.08998101622364042
30,0.02,2.0,20.0,2.0,2,20.0,2.0,0.1962231774921362,0.16571914622326822,0.00981115887460681,0.08285957311163411,0.020954944512439868,0.017810627494239117,0.0010477472256219934,0.008905313747119559,0.03805830504307578,0.012425882097525973,0.001902915252153789,0.006212941048762986,0.1965056006585582,0.16661874971179846,0.009825280032927911,0.08330937485589923
30,0.02,2.0,20.0,2.0,3,20.0,2.0,0.2255186443309327,0.16992777435911383,0.011275932216546634,0.08496388717955691,0.07638335306943916,0.029520306945865424,0.003819167653471958,0.014760153472932712,0.051868996631785506,0.015302859681324181,0.002593449831589275,0.007651429840662091,0.22676435668198744,0.17305816264337273,0.011338217834099372,0.08652908132168637
30,0.02,2.0,20.0,5.0,0,19.999999999999996,4.999999999999998,0.221985242614003,0.16916391378930756,0.01109926213070015,0.03383278275786152,0.04061276599936249,0.022193605712395332,0.002030638299968125,0.004438721142479068,0.011891987622154725,0.005403773520157182,0.0005945993811077363,0.0010807547040314368,0.21879626508923716,0.16945329144500879,0.010939813254461861,0.03389065828900177
30,0.02,2.0,20.0,5.0,1,20.0,5.0,0.19197692373212094,0.16232403212381807,0.009598846186606048,0.03246480642476361,0.004464612946935574,0.019523669368048373,0.0002232306473467787,0.0039047338736096747,0.029800311920968388,0.01186585694838985,0.0014900155960484193,0.00237317138967797,0.21980406066081107,0.1709791083785039,0.010990203033040553,0.03419582167570078
30,0.02,2.0,20.0,5.0,2,20.0,5.0,0.20588587119056337,0.16621428471380248,0.010294293559528168,0.033242856942760496,0.027532308274190148,0.019499098191420098,0.0013766154137095075,0.0038998196382840195,0.04245031165309637,0.017711772681002325,0.0021225155826548187,0.003542354536200465,0.20717821303612344,0.16722502486329618,0.010358910651806172,0.03344500497265924
30,0.02,2.0,20.0,5.0,3,20.0,5.0,0.20769498584581397,0.16631488016858284,0.010384749292290699,0.03326297603371657,0.016707332741965487,0.018920718713744455,0.0008353666370982743,0.0037841437427488913,0.015096361757369425,0.004543570549831369,0.0007548180878684713,0.0009087141099662739,0.20765077964821144,0.16923032092778245,0.010382538982410571,0.03384606418555649
30,0.02,5.0,5.0,2.0,0,5.0,1.9999999999999996,0.22080591541949937,0.15026783455961243,0.04416118308389987,0.07513391727980623,0.05713452046279879,0.032929773805141206,0.011426904092559757,0.016464886902570607,0.014976250291271124,0.004477855493090655,0.002995250058254225,0.002238927746545328,0.21689039119018613,0.1503435850261989,0.04337807823803723,0.07517179251309947
30,0.02,5.0,5.0,2.0,1,5.000000000000002,1.9999999999999996,0.2207611655786807,0.15025396670926283,0.04415223311573612,0.07512698335463143,0.057162006003606665,0.03293937166553939,0.011432401200721328,0.016469685832769698,0.015078739293620904,0.0045022370312467926,0.00301574785872418,0.0022511185156233967,0.23552355303085185,0.15770466416859805,0.04710471060617035,0.07885233208429904
30,0.02,5.0,5.0,2.0,2,4.999999999999998,1.9999999999999991,0.22080251775886836,0.15025745429958345,0.044160503551773686,0.07512872714979175,0.057156268066297575,0.032936637161041005,0.011431253613259518,0.01646831858052051,0.01504389635764377,0.004492341684731685,0.003008779271528755,0.0022461708423658433,0.2252059858535837,0.1531526503058498,0.04504119717071676,0.07657632515292492
30,0.02,5.0,5.0,2.0,3,4.999999999999999,2.0,0.2207702095610677,0.1502568846748334,0.044154041912213546,0.0751284423374167,0.05712779864185804,0.032925889494473476,0.01142555972837161,0.016462944747236738,0.015041531607211112,0.004502199118798336,0.0030083063214422228,0.002251099559399168,0.2206132462762578,0.15427886754189105,0.04412264925525157,0.07713943377094552
30,0.02,5.0,5.0,5.0,0,5.0,4.999999999999999,0.2207836056038893,0.15025736772411985,0.044156721120777856,0.030051473544823976,0.057116703194846824,0.03291542272378001,0.011423340638969364,0.006583084544756003,0.01505109906311139,0.004471046386623139,0.003010219812622278,0.000894209277324628,0.2168940634826662,0.15033745553791183,0.043378812696533244,0.030067491107582372
30,0.02,5.0,5.0,5.0,1,5.0,5.0,0.2207957026738016,0.15025112335985571,0.04415914053476032,0.030050224671971142,0.057236082523267284,0.03297177887920934,0.011447216504653458,0.006594355775841868,0.014673010989367739,0.00437065536453518,0.002934602197873548,0.000874131072907036,0.23549876625340832,0.1577050546524346,0.047099753250681664,0.03154101093048692
30,0.02,5.0,5.0,5.0,2,5.000000000000001,4.999999999999999,0.22078776229052335,0.15027305676451835,0.04415755245810466,0.030054611352903677,0.057155069738658894,0.032931358433979825,0.011431013947731777,0.006586271686795966,0.014983132540233073,0.004478436016976001,0.002996626508046614,0.0008956872033952004,0.2251629617380346,0.1531452950732716,0.04503259234760691,0.030629059014654327
30,0.02,5.0,5.0,5.0,3,4.999999999999999,5.0,0.22079182263408667,0.1502547551278423,0.044158364526817345,0.030050951025568463,0.057118208165207976,0.032943173351138014,0.011423641633041597,0.006588634670227603,0.015031366117580809,0.004502586923904621,0.0030062732235161625,0.0009005173847809241,0.22057965627729004,0.15426598960086846,0.04411593125545801,0.030853197920173693
30,0.02,5.0,10.0,2.0,0,10.0,2.0,0.22075545844906452,0.15025503745965713,0.022075545844906452,0.07512751872982856,0.05714904433023745,0.03294708250945285,0.005714904433023745,0.016473541254726425,0.01503365968351986,0.004492196449959343,0.001503365968351986,0.0022460982249796714,0.2168576170076292,0.15032330666556817,0.02168576170076292,0.07516165333278409
30,0.02,5.0,10.0,2.0,1,10.000000000000002,2.0,0.220756177222015,0.1502612270227727,0.022075617722201495,0.07513061351138635,0.05714570269310844,0.0329337490875238,0.005714570269310843,0.0164668745437619,0.015125689354308653,0.0045089451105544435,0.001512568935430865,0.0022544725552772218,0.23543643454041352,0.1576862155602027,0.02354364345404135,0.07884310778010135
30,0.02,5.0,10.0,2.0,2,10.0,2.0000000000000004,0.22082521405380603,0.15026571751555043,0.022082521405380605,0.0751328587577752,0.05719068683801674,0.03293193708163311,0.005719068683801674,0.016465968540816552,0.014982220994587429,0.0044702618585285864,0.001498222099458743,0.002235130929264293,0.225157818711469,0.15314009600563686,0.0225157818711469,0.07657004800281841
30,0.02,5.0,10.0,2.0,3,10.000000000000004,1.9999999999999996,0.2207588178823413,0.15026170792422744,0.022075881788234122,0.07513085396211373,0.057129412652074836,0.03294161766563832,0.005712941265207482,0.016470808832819164,0.015119681727162902,0.0045004513331168,0.0015119681727162897,0.0022502256665584003,0.22057396510899488,0.15428381741430316,0.02205739651089948,0.0771419087071516
30,0.02,5.0,10.0,5.0,0,9.999999999999998,5.0,0.22063344184928183,0.1502179448068623,0.022063344184928186,0.030043588961372457,0.05729417557396416,0.03297230507955856,0.005729417557396417,0.006594461015911712,0.014693313541991805,0.004358317368441546,0.0014693313541991808,0.0008716634736883092,0.216795674590608,0.1503044407449258,0.021679567459060804,0.03006088814898516
30,0.02,5.0,10.0,5.0,1,9.999999999999996,4.999999999999999,0.2208094654279069,0.15023160627562318,0.022080946542790695,0.03004632125512464,0.05663498186834207,0.0327109119628526,0.005663498186834209,0.006542182392570521,0.015020451664997847,0.0045110880468475344,0.0015020451664997853,0.0009022176093695071,0.2355701594888933,0.1576817932881198,0.023557015948889336,0.03153635865762396
30,0.02,5.0,10.0,5.0,2,9.999999999999998,4.999999999999997,0.22160809883731056,0.15041441779168915,0.02216080988373106,0.030082883558337846,0.05748765672036305,0.03298435965408216,0.005748765672036306,0.006596871930816436,0.01465401124359265,0.004637916720400232,0.0014654011243592651,0.000927583344080047,0.22602882508267613,0.15331629990308052,0.022602882508267617,0.03066325998061612
30,0.02,5.0,10.0,5.0,3,10.0,4.999999999999998,0.22100299414154598,0.15027244895969818,0.022100299414154596,0.030054489791939646,0.05795002910010034,0.03320607554705836,0.005795002910010034,0.006641215109411674,0.016715894329313592,0.00506789029692331,0.0016715894329313592,0.0010135780593846623,0.22079059852553717,0.15427102763846712,0.022079059852553717,0.030854205527693433
30,0.02,5.0,20.0,2.0,0,20.0,1.9999999999999996,0.2237906107728039,0.1512749954657237,0.011189530538640195,0.07563749773286187,0.0595515514654949,0.03377606195779049,0.002977577573274745,0.016888030978895248,0.013016467157558364,0.0048447425891549115,0.0006508233578779182,0.002422371294577456,0.21939376188123172,0.1512190161041261,0.010969688094061587,0.07560950805206307
30,0.02,5.0,20.0,2.0,1,20.0,1.9999999999999996,0.21798128821875196,0.14919713914835758,0.010899064410937598,0.0745985695741788,0.0629433331960901,0.03429724928933177,0.003147166659804505,0.017148624644665888,0.03202931772327116,0.009737214579874599,0.001601465886163558,0.0048686072899373,0.23180528860520574,0.15633070444416344,0.011590264430260287,0.07816535222208174
30,0.02,5.0,20.0,2.0,2,19.999999999999996,1.9999999999999996,0.2365214678874754,0.1524940881529378,0.011826073394373773,0.07624704407646891,0.07623000538712989,0.039273402085391006,0.0038115002693564952,0.019636701042695506,0.030436251659481713,0.008390527395378593,0.0015218125829740859,0.004195263697689297,0.2402138737870765,0.1551385129746723,0.012010693689353827,0.07756925648733616
30,0.02,5.0,20.0,2.0,3,19.999999999999996,1.9999999999999996,0.2098906359485972,0.1482367653743008,0.010494531797429861,0.07411838268715042,0.05926552101802675,0.030634296907106232,0.0029632760509013378,0.01531714845355312,0.007643168076415312,0.004742919711504919,0.0003821584038207657,0.00237145985575246,0.2083063761887757,0.15154651284950774,0.010415318809438787,0.07577325642475388
30,0.02,5.0,20.0,5.0,0,19.99999999999999,5.0,0.22628779226045842,0.15191606846730366,0.011314389613022927,0.030383213693460732,0.06057819997170068,0.03435721258835081,0.0030289099985850356,0.006871442517670162,0.014125289327152278,0.006081886013534868,0.0007062644663576143,0.0012163772027069736,0.22139654343223228,0.15177893322050495,0.01106982717161162,0.03035578664410099
30,0.02,5.0,20.0,5.0,1,20.000000000000007,4.999999999999999,0.22079761613069393,0.1502665250432199,0.011039880806534693,0.030053305008643987,0.05714309579643442,0.03291974351749177,0.00285715478982172,0.006583948703498356,0.015036270612216615,0.004480444403203576,0.0007518135306108305,0.0008960888806407153,0.23552062298482046,0.15769741786515054,0.011776031149241018,0.031539483573030117
30,0.02,5.0,20.0,5.0,2,19.999999999999996,4.999999999999999,0.22060029092894176,0.1502425515014324,0.01103001454644709,0.030048510300286484,0.056712375105802695,0.032817305178211215,0.0028356187552901354,0.006563461035642244,0.014344655278887094,0.0042553112040675896,0.0007172327639443548,0.0008510622408135181,0.22499244463860918,0.15312433451591811,0.011249622231930462,0.03062486690318363
30,0.02,5.0,20.0,5.0,3,20.0,5.000000000000002,0.22077541333454972,0.15025507833561913,0.011038770666727486,0.030051015667123815,0.05712221930031877,0.03292225592449666,0.0028561109650159385,0.006584451184899329,0.015014180023792796,0.004486707154797505,0.0007507090011896398,0.0008973414309595007,0.22060241662440236,0.15428262834413414,0.011030120831220118,0.030856525668826816
30,0.02,10.0,5.0,2.0,0,4.999999999999998,2.0,0.22864758597846305,0.22313509480747518,0.045729517195692626,0.11156754740373759,0.01878426707243256,0.01587596521405973,0.0037568534144865134,0.007937982607029865,0.015048068813296967,0.004502583911340194,0.0030096137626593944,0.002251291955670097,0.22264670100282055,0.22368294846628875,0.04452934020056413,0.11184147423314438
30,0.02,10.0,5.0,2.0,1,5.000000000000002,2.0,0.22867202539582412,0.22314971717727614,0.045734405079164805,0.11157485858863807,0.018865558811952236,0.015894358037262444,0.003773111762390446,0.007947179018631222,0.014990833603487765,0.00447695714108888,0.002998166720697552,0.00223847857054444,0.2555907792075669,0.23144928154563868,0.051118155841513364,0.11572464077281934
30,0.02,10.0,5.0,2.0,2,5.0,2.0,0.2286302379096608,0.22313980339738984,0.04572604758193216,0.11156990169869492,0.01878853945363334,0.015878811759061,0.0037577078907266677,0.0079394058795305,0.014997483043720103,0.004474774260884532,0.0029994966087440204,0.002237387130442266,0.22929112691000808,0.22445697574457107,0.04585822538200161,0.11222848787228554
30,0.02,10.0,5.0,2.0,3,5.0,2.0,0.22865404934931458,0.22314171630608692,0.045730809869862915,0.11157085815304346,0.01884623210513594,0.015887143574442427,0.003769246421027188,0.007943571787221214,0.015048930447282175,0.004486280021810142,0.003009786089456435,0.002243140010905071,0.2284024386907875,0.22764945311890483,0.0456804877381575,0.11382472655945242
30,0.02,10.0,5.0,5.0,0,4.999999999999998,5.0,0.228671853224549,0.22313624745487423,0.045734370644909816,0.044627249490974845,0.018794348875633752,0.01588518584985994,0.0037588697751267516,0.0031770371699719876,0.015026322918464254,0.004486895756898517,0.003005264583692852,0.0008973791513797035,0.22268240978390413,0.22368620056807922,0.044536481956780845,0.04473724011361584
30,0.02,10.0,5.0,5.0,1,5.0,5.0,0.22866662249690892,0.223146288840031,0.045733324499381785,0.0446292577680062,0.01868263775787219,0.015870934647187893,0.003736527551574438,0.003174186929437579,0.014965292426553587,0.0044538886525205485,0.0029930584853107177,0.0008907777305041097,0.2556005889817714,0.2314459396208852,0.05112011779635428,0.046289187924177036
30,0.02,10.0,5.0,5.0,2,5.000000000000001,5.000000000000001,0.22863317316274187,0.22313420104424825,0.04572663463254836,0.04462684020884964,0.01879888465647773,0.015888988387433613,0.0037597769312955457,0.003177797677486722,0.015028829902368382,0.004505931326676225,0.003005765980473676,0.0009011862653352448,0.22936073511013844,0.22446604728998978,0.04587214702202768,0.04489320945799795
30,0.02,10.0,5.0,5.0,3,4.999999999999997,5.0,0.22865763562600147,0.2231551358806689,0.045731527125200316,0.04463102717613378,0.018728494778766674,0.01588935201271354,0.0037456989557533367,0.003177870402542708,0.015082252900620735,0.004505137839236671,0.0030164505801241488,0.0009010275678473341,0.22843799251066085,0.22764850247397092,0.04568759850213219,0.045529700494794184
30,0.02,10.0,10.0,2.0,0,10.000000000000002,2.0,0.2286258775733899,0.2231407295604518,0.022862587757338987,0.1115703647802259,0.018915360689298246,0.015909040368935038,0.0018915360689298242,0.007954520184467519,0.015052490115086602,0.004491455685744916,0.0015052490115086599,0.002245727842872458,0.22268209546066606,0.22369238741727182,0.022268209546066602,0.11184619370863591
30,0.02,10.0,10.0,2.0,1,10.000000000000002,2.0,0.22867265360293987,0.22314514019861456,0.022867265360293983,0.11157257009930728,0.018924157245750164,0.01589870825400949,0.001892415724575016,0.007949354127004746,0.015081844181392048,0.0045114124372458075,0.0015081844181392046,0.0022557062186229038,0.25562903518858426,0.23144967988613413,0.025562903518858423,0.11572483994306706
30,0.02,10.0,10.0,2.0,2,10.0,2.0,0.2286850135657023,0.22314719362560498,0.02286850135657023,0.11157359681280249,0.018751325803397677,0.01586853163338127,0.0018751325803397678,0.007934265816690635,0.015036400636111143,0.0044837621263456705,0.0015036400636111143,0.0022418810631728353,0.22932660302706234,0.22445730433499808,0.022932660302706236,0.11222865216749904
30,0.02,10.0,10.0,2.0,3,10.0,2.0000000000000004,0.22865449501006083,0.22313108254832972,0.022865449501006083,0.11156554127416483,0.018922145479964875,0.015904191018444355,0.0018922145479964875,0.007952095509222176,0.015103903028158767,0.0044839951481673015,0.0015103903028158767,0.0022419975740836503,0.22842719071266512,0.2276636776791645,0.02284271907126651,0.11383183883958223
30,0.02,10.0,10.0,5.0,0,10.0,5.0,0.22988271580111752,0.2231577664951496,0.02298827158011175,0.044631553299029916,0.02012105573233841,0.015780087907274976,0.002012105573233841,0.003156017581454995,0.016355591823555622,0.00463999197135416,0.0016355591823555623,0.000927998394270832,0.22318493242681353,0.2236447925580167,0.022318493242681352,0.04472895851160334
30,0.02,10.0,10.0,5.0,1,10.0,5.0,0.22863964082450963,0.22314657174630767,0.022863964082450963,0.04462931434926153,0.018804641275617255,0.01588535967750649,0.0018804641275617256,0.003177071935501298,0.01501443315328387,0.004487332987277107,0.001501443315328387,0.0008974665974554215,0.2555924890597496,0.23145341661128854,0.025559248905974958,0.046290683322257706
30,0.02,10.0,10.0,5.0,2,10.0,4.999999999999999,0.228378822339769,0.22313344178813727,0.0228378822339769,0.04462668835762746,0.018229508823805977,0.01591249688198267,0.0018229508823805977,0.0031824993763965343,0.014529046650093571,0.004392450319716525,0.0014529046650093571,0.0008784900639433052,0.2290628806391762,0.22444666395013732,0.02290628806391762,0.04488933279002747
30,0.02,10.0,10.0,5.0,3,10.000000000000002,5.0,0.22864493837195807,0.22314317379153056,0.022864493837195802,0.04462863475830611,0.01878472036566976,0.015878356054414126,0.0018784720365669755,0.0031756712108828252,0.015051835875377095,0.004502542526868341,0.0015051835875377092,0.0009005085053736681,0.2284111875667675,0.2276511211999849,0.022841118756676746,0.04553022423999698
30,0.02,10.0,20.0,2.0,0,20.0,2.0,0.22887513419507396,0.2232185426221076,0.011443756709753698,0.1116092713110538,0.022532359307971452,0.016243598424723615,0.0011266179653985726,0.008121799212361808,0.017907454206464783,0.0055061268418965595,0.0008953727103232391,0.0027530634209482797,0.2227173321109251,0.2237266399946139,0.011135866605546255,0.11186331999730695
30,0.02,10.0,20.0,2.0,1,20.0,2.0,0.22866814732434357,0.22314792715199444,0.011433407366217178,0.11157396357599722,0.01879778273032964,0.01588612971530422,0.000939889136516482,0.00794306485765211,0.015053665382185479,0.004493383837642195,0.0007526832691092739,0.0022466919188210976,0.2556063203925304,0.2314561267255168,0.012780316019626519,0.1157280633627584
30,0.02,10.0,20.0,2.0,2,19.999999999999996,2.0,0.22866011490183996,0.22314672650037384,0.011433005745092,0.11157336325018692,0.018818451420392297,0.015881435296968255,0.000940922571019615,0.007940717648484127,0.015037726298837626,0.004461698112855586,0.0007518863149418814,0.002230849056427793,0.2293213225338353,0.22444891097184072,0.011466066126691767,0.11222445548592036
30,0.02,10.0,20.0,2.0,3,20.0,2.0,0.22860932038364967,0.2231462578577267,0.011430466019182484,0.11157312892886335,0.018835989646834028,0.015889679022943026,0.0009417994823417014,0.007944839511471513,0.015033565278549751,0.0044873096749503075,0.0007516782639274876,0.0022436548374751538,0.22837183863007668,0.22765251751638982,0.011418591931503835,0.11382625875819491
30,0.02,10.0,20.0,5.0,0,19.999999999999996,5.0,0.22868170160341778,0.2231504677895669,0.01143408508017089,0.04463009355791338,0.018776175871667137,0.01587851197539461,0.000938808793583357,0.003175702395078922,0.015010284842568685,0.004459929782369694,0.0007505142421284344,0.0008919859564739388,0.22265500523596718,0.2236943806330028,0.011132750261798361,0.04473887612660056
30,0.02,10.0,20.0,5.0,1,20.0,5.0,0.22848077543455494,0.22314525518706282,0.011424038771727747,0.04462905103741256,0.018459869709801503,0.015861814092334853,0.0009229934854900751,0.0031723628184669706,0.014774596334169544,0.00447095903962958,0.0007387298167084771,0.000894191807925916,0.2554231477016576,0.2314324005893572,0.012771157385082879,0.04628648011787144
30,0.02,10.0,20.0,5.0,2,19.999999999999996,5.0,0.22865698666357295,0.22314643480965854,0.01143284933317865,0.044629286961931705,0.018790464953427018,0.015869453254207883,0.000939523247671351,0.0031738906508415763,0.014959234516565566,0.00444628197548426,0.0007479617258282785,0.000889256395096852,0.22931769409817632,0.22445379817405858,0.011465884704908818,0.04489075963481172
30,0.02,10.0,20.0,5.0,3,19.999999999999993,5.0,0.22866198216979214,0.2231375960854907,0.011433099108489612,0.044627519217098136,0.018706272839690834,0.015855931543605855,0.000935313641984542,0.003171186308721171,0.014976190992672781,0.004446067918906876,0.0007488095496336393,0.0008892135837813752,0.22840443144226955,0.2276545760744405,0.011420221572113481,0.0455309152148881
30,0.05,0.0,5.0,2.0,0,5.000000000000002,2.0,0.013774357496953037,0.004237449874033404,0.0027548714993906064,0.002118724937016702,0.02897378750261163,0.013113289841509241,0.005794757500522324,0.0065566449207546205,0.01526989794188704,0.006718429377630397,0.0030539795883774068,0.0033592146888151986,0.01521235193005015,0.004992364933007622,0.003042470386010029,0.002496182466503811
30,0.05,0.0,5.0,2.0,1,5.000000000000002,2.0,0.013792396327799996,0.004253597384870991,0.0027584792655599983,0.0021267986924354953,0.02909968457217619,0.013129049942415734,0.005819936914435235,0.006564524971207867,0.0152746380621593,0.006719525181434609,0.003054927612431859,0.0033597625907173046,0.01767742076641211,0.007098427428472679,0.003535484153282421,0.0035492137142363396
30,0.05,0.0,5.0,2.0,2,4.999999999999999,2.0000000000000004,0.013742855764619083,0.004215031099687106,0.0027485711529238173,0.0021075155498435525,0.029027235624687363,0.013105115672434886,0.005805447124937474,0.006552557836217441,0.015268444036752768,0.0067029248514452085,0.003053688807350554,0.0033514624257226034,0.015567835189014828,0.0046703931058958564,0.0031135670378029663,0.002335196552947928
30,0.05,0.0,5.0,2.0,3,5.0,2.0,0.013781654131336906,0.004241560268539688,0.0027563308262673813,0.002120780134269844,0.02899385868324166,0.01311066059975522,0.005798771736648332,0.00655533029987761,0.015249530861540593,0.006716189387729024,0.0030499061723081185,0.003358094693864512,0.011212007105738669,0.004891976693614112,0.0022424014211477336,0.002445988346807056
30,0.05,0.0,5.0,5.0,0,5.0,5.0,0.014098289591867777,0.004346914499510232,0.0028196579183735553,0.0008693828999020465,0.029111926094149462,0.013156856012708336,0.005822385218829893,0.002631371202541667,0.015657873856694933,0.006859198155482232,0.0031315747713389864,0.0013718396310964463,0.015529176390864128,0.005115588417649525,0.0031058352781728254,0.001023117683529905
30,0.05,0.0,5.0,5.0,1,4.999999999999997,4.999999999999999,0.01369054530506849,0.0041781309007592705,0.0027381090610136996,0.0008356261801518543,0.02883229555932988,0.01304595295861185,0.005766459111865979,0.0026091905917223703,0.015164042339568657,0.006675406654149495,0.003032808467913733,0.0013350813308298992,0.017509511206814772,0.007040572860950299,0.0035019022413629564,0.0014081145721900601
30,0.05,0.0,5.0,5.0,2,4.999999999999999,5.0,0.013844278474287987,0.004227177717282712,0.002768855694857598,0.0008454355434565424,0.02907773663612842,0.013134202807823158,0.005815547327225685,0.0026268405615646317,0.015305139404498505,0.006703778809081012,0.0030610278808997013,0.0013407557618162025,0.015592110002158426,0.004643648660399131,0.0031184220004316855,0.0009287297320798261
30,0.05,0.0,5.0,5.0,3,5.000000000000001,5.0,0.013779111727577393,0.004243311599757887,0.002755822345515478,0.0008486623199515774,0.029041960292474096,0.013120287542523269,0.005808392058494818,0.0026240575085046537,0.015305609501771665,0.006714940715113137,0.0030611219003543327,0.0013429881430226274,0.011217970962611255,0.004896905007971791,0.0022435941925222505,0.0009793810015943582
30,0.05,0.0,10.0,2.0,0,10.000000000000004,2.0,0.013783988947621485,0.004236330701173977,0.0013783988947621481,0.0021181653505869887,0.029055320694275973,0.013126146351670228,0.0029055320694275962,0.006563073175835114,0.01529973902140694,0.006714806224762127,0.0015299739021406935,0.0033574031123810633,0.015140423494207316,0.004977694532101764,0.001514042349420731,0.002488847266050882
30,0.05,0.0,10.0,2.0,1,9.999999999999998,2.0,0.01380617255189117,0.004246139486070148,0.0013806172551891172,0.002123069743035074,0.029014609771510994,0.013103344480757338,0.0029014609771511,0.006551672240378669,0.015309388167900978,0.006722982833579319,0.0015309388167900981,0.0033614914167896595,0.01753266756927287,0.007062846647620266,0.0017532667569272874,0.003531423323810133
30,0.05,0.0,10.0,2.0,2,10.0,1.9999999999999996,0.013755468619759854,0.004233037343769771,0.0013755468619759854,0.002116518671884886,0.029086315237405708,0.013119884505029442,0.002908631523740571,0.006559942252514723,0.015264849270233909,0.006711054639001231,0.0015264849270233908,0.0033555273195006166,0.015598946626759959,0.004671418796167381,0.001559894662675996,0.002335709398083691
30,0.05,0.0,10.0,2.0,3,10.000000000000004,2.0,0.013783058358363676,0.0042415406516551095,0.0013783058358363672,0.0021207703258275547,0.029009204439818394,0.013111178677282478,0.0029009204439818382,0.006555589338641239,0.0152642288125572,0.0067111111980173895,0.0015264228812557194,0.0033555555990086947,0.011207052558896514,0.004887854927121706,0.001120705255889651,0.002443927463560853
30,0.05,0.0,10.0,5.0,0,9.999999999999996,4.999999999999998,0.01414202941133377,0.004478870641414236,0.0014142029411333774,0.0008957741282828476,0.029655591880986022,0.013382239413729558,0.002965559188098603,0.0026764478827459126,0.015757740974627753,0.006950647602864031,0.0015757740974627758,0.0013901295205728068,0.015398005593206305,0.005146688962489685,0.001539800559320631,0.0010293377924979375
30,0.05,0.0,10.0,5.0,1,10.0,4.999999999999999,0.013786582980200504,0.004241311052099981,0.0013786582980200505,0.0008482622104199963,0.029078958249800762,0.01310819795781368,0.002907895824980076,0.002621639591562736,0.015266945573978152,0.006700395880815898,0.0015266945573978153,0.0013400791761631798,0.017555705548814395,0.0070799236959432485,0.0017555705548814395,0.0014159847391886499
30,0.05,0.0,10.0,5.0,2,10.0,4.999999999999999,0.013882679605350709,0.0042754382151813305,0.0013882679605350709,0.0008550876430362663,0.02895644153787031,0.013094365486737529,0.002895644153787031,0.0026188730973475062,0.015369556513800725,0.00675681192858214,0.0015369556513800725,0.0013513623857164282,0.01570725704283415,0.0046970627815055834,0.0015707257042834153,0.0009394125563011169
30,0.05,0.0,10.0,5.0,3,10.0,5.000000000000001,0.01378118044447571,0.00422355918873592,0.001378118044447571,0.0008447118377471838,0.029025326137528017,0.013114168933145943,0.002902532613752802,0.002622833786629188,0.015185277397608995,0.006683399526466504,0.0015185277397608994,0.0013366799052933005,0.011220530983034924,0.004897807019522952,0.0011220530983034923,0.0009795614039045902
30,0.05,0.0,20.0,2.0,0,20.0,2.0,0.031947529696605206,0.011518223471184447,0.0015973764848302603,0.005759111735592223,0.042228242413731666,0.017525839058539036,0.002111412120686583,0.008762919529269518,0.033432960939853255,0.013941272176201377,0.0016716480469926628,0.006970636088100689,0.03256663226435021,0.011802987360129831,0.0016283316132175106,0.005901493680064916
30,0.05,0.0,20.0,2.0,1,19.999999999999996,2.0,0.0138086873879902,0.004248483957679988,0.0006904343693995102,0.002124241978839994,0.029026865268965613,0.01311768996470715,0.0014513432634482809,0.006558844982353575,0.015253552157079004,0.006716937146890918,0.0007626776078539504,0.003358468573445459,0.017477358014795448,0.00705434929154365,0.0008738679007397726,0.003527174645771825
30,0.05,0.0,20.0,2.0,2,19.999999999999996,2.0,0.0208642705720043,0.0062163152077373655,0.0010432135286002151,0.0031081576038686828,0.03582241589027164,0.014461194912860652,0.001791120794513582,0.007230597456430326,0.022619795490790552,0.008902274808234632,0.0011309897745395278,0.004451137404117316,0.02315703490358541,0.006865756624702107,0.0011578517451792708,0.0034328783123510533
30,0.05,0.0,20.0,2.0,3,20.000000000000007,2.0000000000000004,0.08183847523573128,0.03168588251704973,0.0040919237617865626,0.01584294125852486,0.03527078929407716,0.017348220063176184,0.0017635394647038576,0.00867411003158809,0.09349609627330883,0.03725538656697389,0.00467480481366544,0.018627693283486943,0.08025326252322044,0.03044690184505991,0.0040126631261610205,0.015223450922529951
30,0.05,0.0,20.0,5.0,0,19.999999999999996,5.0,0.3035715419621012,0.09135454350915474,0.015178577098105061,0.01827090870183095,0.23335117959993718,0.08082631931260664,0.011667558979996861,0.016165263862521328,0.5863385964258057,0.22060923583726166,0.029316929821290288,0.044121847167452335,0.46666584674881373,0.13964619582730853,0.023333292337440692,0.027929239165461705
30,0.05,0.0,20.0,5.0,1,20.0,5.0,0.02888782562531472,0.009549889347607131,0.001444391281265736,0.0019099778695214262,0.03465524662132858,0.013726588463549119,0.001732762331066429,0.0027453176927098237,0.02521265415325893,0.012190462775360273,0.0012606327076629465,0.0024380925550720545,0.03094096304965576,0.01340978357549514,0.001547048152482788,0.002681956715099028
30,0.05,0.0,20.0,5.0,2,20.0,5.0,0.012913885894565129,0.003355688917199544,0.0006456942947282564,0.0006711377834399088,0.026814223686174657,0.012312558889631852,0.0013407111843087328,0.0024625117779263706,0.014035649491096272,0.0060345378816650365,0.0007017824745548136,0.0012069075763330073,0.014978836125089143,0.003873976601124495,0.0007489418062544571,0.000774795320224899
30,0.05,0.0,20.0,5.0,3,20.0,5.0,2.6375665884008392,1.0122599438999709,0.13187832942004196,0.20245198877999418,0.36540965814633714,0.11721855063066562,0.018270482907316858,0.023443710126133124,2.0993671370184455,0.9062798008215976,0.10496835685092228,0.18125596016431952,0.15251814051957607,0.04468602197253157,0.007625907025978804,0.008937204394506314
30,0.05,2.0,5.0,2.0,0,5.0,2.0,2.3359695172372548,1.3609283705065571,0.46719390344745093,0.6804641852532786,0.2089370233531192,0.1211444051865744,0.04178740467062384,0.0605722025932872,0.015261535949167022,0.0067111666349572476,0.0030523071898334044,0.0033555833174786238,2.3457583756430527,1.3687643292083624,0.46915167512861056,0.6843821646041812
30,0.05,2.0,5.0,2.0,1,5.0,2.0,2.3359339862768502,1.3609098021689827,0.46718679725537005,0.6804549010844914,0.20895139963286594,0.12115014772485087,0.041790279926573186,0.06057507386242544,0.015216160610300672,0.0066954837303335015,0.0030432321220601345,0.0033477418651667507,2.8425170704184324,1.6219191272576465,0.5685034140836864,0.8109595636288233
30,0.05,2.0,5.0,2.0,2,4.999999999999999,2.0000000000000004,2.335947230563767,1.3609110122324188,0.46718944611275354,0.6804555061162093,0.20893917974153584,0.12114285905705252,0.04178783594830717,0.06057142952852625,0.015227650598053406,0.006706313188825499,0.003045530119610682,0.0033531565944127486,2.3428103050598854,1.3679688108848058,0.46856206101197717,0.6839844054424028
30,0.05,2.0,5.0,2.0,3,5.0,2.0000000000000004,2.3359532997713126,1.3609212903033887,0.4671906599542625,0.6804606451516942,0.20892038473499833,0.12113085845506597,0.04178407694699966,0.06056542922753297,0.015208561003730393,0.006688743553589432,0.003041712200746079,0.003344371776794715,2.5498446416285074,1.4193285390779833,0.5099689283257015,0.7096642695389915
30,0.05,2.0,5.0,5.0,0,5.000000000000001,5.0,2.335939402487788,1.3609115978639146,0.46718788049755755,0.27218231957278294,0.20891673085308957,0.12112904734706387,0.04178334617061791,0.024225809469412773,0.015231876971712284,0.0067085313959518635,0.0030463753943424563,0.0013417062791903727,2.3457456141233677,1.3687442625010722,0.46914912282467347,0.2737488525002144
30,0.05,2.0,5.0,5.0,1,5.0,5.0,2.3358467260096267,1.360864574765169,0.4671693452019253,0.2721729149530338,0.20894311934980228,0.12115272359409307,0.041788623869960455,0.024230544718818615,0.015191085834347742,0.006669559324833495,0.0030382171668695483,0.001333911864966699,2.842318892443675,1.6218157669974915,0.568463778488735,0.3243631533994983
30,0.05,2.0,5.0,5.0,2,5.0,5.0,2.335936419668654,1.3609123474855116,0.46718728393373077,0.27218246949710234,0.20890691528397679,0.12112873954102288,0.04178138305679536,0.024225747908204576,0.015244581493620011,0.006706326560531604,0.003048916298724002,0.0013412653121063207,2.342805392775124,1.3679595587447326,0.46856107855502477,0.27359191174894654
30,0.05,2.0,5.0,5.0,3,5.000000000000001,5.0,2.3358698460896354,1.360883372098083,0.46717396921792703,0.2721766744196166,0.2089138469638406,0.12113334096728481,0.041782769392768114,0.024226668193456962,0.015177964813657296,0.006676086260287921,0.003035592962731459,0.001335217252057584,2.5497409288005373,1.419272599285494,0.5099481857601074,0.2838545198570988
30,0.05,2.0,10.0,2.0,0,10.0,1.9999999999999996,2.335943182711469,1.3609247093218346,0.2335943182711469,0.6804623546609174,0.2089492516909506,0.12116627883318634,0.02089492516909506,0.060583139416593185,0.01531948946974439,0.00673094075582036,0.001531948946974439,0.0033654703779101808,2.345769844772231,1.3687843065065843,0.2345769844772231,0.6843921532532923
30,0.05,2.0,10.0,2.0,1,10.000000000000002,1.9999999999999996,2.3359994888438056,1.3609468071782571,0.23359994888438051,0.6804734035891287,0.20901790391637054,0.1211945230993661,0.02090179039163705,0.06059726154968306,0.015253449153604865,0.006708709827742229,0.0015253449153604863,0.0033543549138711154,2.8425620180348297,1.6219469236119433,0.28425620180348293,0.8109734618059719
30,0.05,2.0,10.0,2.0,2,10.0,2.0,2.3360470741219777,1.3610046298783538,0.23360470741219777,0.6805023149391769,0.20896380516926805,0.12116487771865789,0.020896380516926806,0.060582438859328944,0.015775111927965598,0.006934340459851568,0.0015775111927965597,0.003467170229925784,2.342920476920089,1.368060831377245,0.2342920476920089,0.6840304156886226
30,0.05,2.0,10.0,2.0,3,10.0,1.9999999999999996,2.335988431812023,1.3609426429522629,0.2335988431812023,0.6804713214761315,0.20895017981120187,0.12115074285154323,0.020895017981120187,0.06057537142577163,0.015248492286152594,0.006719668672693995,0.0015248492286152593,0.0033598343363469983,2.5498398018184503,1.4193283609976042,0.25498398018184504,0.7096641804988022
30,0.05,2.0,10.0,5.0,0,9.999999999999998,4.999999999999999,2.3359314873794497,1.3608743070053586,0.233593148737945,0.2721748614010718,0.20893235839713395,0.12108143317069325,0.0208932358397134,0.024216286634138655,0.015178722647653901,0.006685257679984867,0.0015178722647653904,0.0013370515359969737,2.345706868139866,1.3687148749527775,0.23457068681398666,0.27374297499055555
30,0.05,2.0,10.0,5.0,1,9.999999999999998,5.0,2.3361054214976953,1.3609473708343705,0.23361054214976956,0.2721894741668741,0.20883588564392283,0.12104532791651544,0.020883588564392288,0.024209065583303088,0.015155655231263186,0.006697103972492332,0.001515565523126319,0.0013394207944984664,2.8426994395329386,1.622018727441379,0.2842699439532939,0.32440374548827583
30,0.05,2.0,10.0,5.0,2,10.000000000000002,4.999999999999999,2.3381016183180723,1.360475196037513,0.2338101618318072,0.27209503920750266,0.20961839779682193,0.12137656280202669,0.02096183977968219,0.02427531256040534,0.012688005944029699,0.006598673370266097,0.0012688005944029696,0.0013197346740532196,2.344863256083697,1.3674913830876432,0.23448632560836966,0.2734982766175287
30,0.05,2.0,10.0,5.0,3,10.000000000000002,5.0,2.3344783150772126,1.3600908731736376,0.23344783150772122,0.27201817463472755,0.2088887171905041,0.12113847980135097,0.020888871719050406,0.024227695960270194,0.015491252839861967,0.006781855607021045,0.0015491252839861965,0.001356371121404209,2.547633112267365,1.418119667576363,0.25476331122673646,0.2836239335152726
30,0.05,2.0,20.0,2.0,0,20.0,2.0,2.3347574490368577,1.36003910135377,0.11673787245184289,0.680019550676885,0.2082685699521169,0.12077507952883938,0.010413428497605844,0.06038753976441969,0.01328380950430549,0.006064308571592916,0.0006641904752152745,0.003032154285796458,2.344668775319316,1.367989452595903,0.11723343876596579,0.6839947262979515
30,0.05,2.0,20.0,2.0,1,20.0,2.0,2.3362882477953613,1.3612592952813458,0.11681441238976806,0.6806296476406729,0.20902901131076104,0.1212798887588378,0.010451450565538051,0.0606399443794189,0.014210851042451553,0.006174815836651566,0.0007105425521225777,0.003087407918325783,2.8426072081073417,1.6221357745613882,0.14213036040536708,0.8110678872806941
30,0.05,2.0,20.0,2.0,2,20.000000000000004,2.0,2.528566532517919,1.471240365739178,0.12642832662589593,0.735620182869589,0.18055380768785328,0.10094575562054948,0.009027690384392663,0.05047287781027474,0.3160355146736262,0.13884370876084243,0.015801775733681307,0.06942185438042121,2.5273249215711195,1.4744442366083783,0.12636624607855595,0.7372221183041892
30,0.05,2.0,20.0,2.0,3,19.999999999999996,2.0,2.3391860755149807,1.3614867820164605,0.11695930377574905,0.6807433910082302,0.20789184649099557,0.11956180080385698,0.01039459232454978,0.05978090040192849,0.008694111023456397,0.0053586579237606315,0.00043470555117281997,0.0026793289618803158,2.5510074418312527,1.4198549395048385,0.12755037209156267,0.7099274697524193
30,0.05,2.0,20.0,5.0,0,20.0,5.0,5.259278149187633,1.0795673683714284,0.26296390745938164,0.21591347367428568,3.0281054293943566,0.27427228934795084,0.15140527146971783,0.054854457869590166,3.4222179783154147,0.42923337264384204,0.17111089891577075,0.0858466745287684,5.474688052656107,1.3122216333466326,0.27373440263280535,0.2624443266693265
30,0.05,2.0,20.0,5.0,1,20.0,5.0,2.3230184184278446,1.350553538339413,0.11615092092139223,0.2701107076678826,0.20536076210288087,0.12134620985748495,0.010268038105144043,0.02426924197149699,0.021034631520539214,0.008904203618182435,0.0010517315760269607,0.001780840723636487,2.815069812174006,1.6017123974859422,0.1407534906087003,0.3203424794971884
30,0.05,2.0,20.0,5.0,2,20.0,5.0,2.335909606633206,1.3609139003823525,0.11679548033166029,0.2721827800764705,0.2089187138848329,0.12114404750447766,0.010445935694241645,0.02422880950089553,0.015293369736480721,0.006709134601476171,0.0007646684868240361,0.0013418269202952343,2.3427688755313865,1.3679695041326434,0.11713844377656932,0.2735939008265287
30,0.05,2.0,20.0,5.0,3,20.0,5.0,1.8355179127545704,0.648962049459793,0.09177589563772852,0.1297924098919586,3.5640379928006345,1.0892056983791234,0.17820189964003172,0.2178411396758247,1.2543491768457402,0.4572422485015044,0.06271745884228701,0.09144844970030089,0.41756525751483015,0.4063704039700565,0.02087826287574151,0.0812740807940113
30,0.05,5.0,5.0,2.0,0,5.000000000000001,2.0,0.2664519890694785,0.14917283142947285,0.05329039781389568,0.07458641571473643,0.047898937847379086,0.021020229017491263,0.009579787569475815,0.010510114508745632,0.015300752049247553,0.006743796518916919,0.00306015040984951,0.0033718982594584594,0.27325143949520064,0.15203568682521085,0.05465028789904012,0.07601784341260542
30,0.05,5.0,5.0,2.0,1,5.0000000000000036,2.0,0.26647053689612016,0.14918118980994372,0.05329410737922399,0.07459059490497186,0.04788487440164761,0.021005467503164045,0.009576974880329516,0.010502733751582023,0.015299933941862524,0.006719743608546293,0.0030599867883725025,0.0033598718042731463,0.41065269582852537,0.22060126381575879,0.08213053916570502,0.11030063190787939
30,0.05,5.0,5.0,2.0,2,5.0,1.9999999999999996,0.2664812257974435,0.14917889056436132,0.0532962451594887,0.07458944528218067,0.04799850910242439,0.021028495219493137,0.009599701820484878,0.01051424760974657,0.015245303898991047,0.006704647217603779,0.003049060779798209,0.0033523236088018903,0.2700578003564332,0.1508342543439636,0.054011560071286636,0.07541712717198182
30,0.05,5.0,5.0,2.0,3,4.999999999999997,1.9999999999999996,0.2664611934240537,0.14917604660483744,0.05329223868481077,0.07458802330241873,0.04792388656165131,0.021011155045999118,0.009584777312330267,0.01050557752299956,0.015250299897848433,0.00670558376706415,0.0030500599795696883,0.003352791883532076,0.27990102294144914,0.15737437660730041,0.05598020458828986,0.07868718830365022
30,0.05,5.0,5.0,5.0,0,4.999999999999997,4.999999999999998,0.2664986510026236,0.1491927711702715,0.053299730200524746,0.02983855423405431,0.04795916667056758,0.021025515848462715,0.00959183333411352,0.004205103169692545,0.01530848121726152,0.0067333085776464805,0.0030616962434523057,0.0013466617155292965,0.27328447396405287,0.15205525008490808,0.0546568947928106,0.030411050016981626
30,0.05,5.0,5.0,5.0,1,5.0,4.999999999999999,0.26634650227248774,0.14905772376268298,0.05326930045449755,0.0298115447525366,0.047977546985057386,0.021021934350019793,0.009595509397011478,0.0042043868700039596,0.015310002556637912,0.006725570519811223,0.0030620005113275823,0.0013451141039622447,0.4100960835020245,0.22020103019045317,0.08201921670040489,0.04404020603809064
30,0.05,5.0,5.0,5.0,2,5.0,5.0,0.2620082552799556,0.1453684824093108,0.052401651055991115,0.02907369648186216,0.04764566942773507,0.020900804782698904,0.009529133885547015,0.004180160956539781,0.015158825673039496,0.006670472653791641,0.003031765134607899,0.0013340945307583282,0.265508704663864,0.1469170504512046,0.0531017409327728,0.029383410090240918
30,0.05,5.0,5.0,5.0,3,4.9999999999999964,4.999999999999998,0.26648681108987576,0.149181850226648,0.05329736221797519,0.029836370045329613,0.04788845901560976,0.021010175947386637,0.009577691803121959,0.004202035189477329,0.015267786420078667,0.006715934792116684,0.0030535572840157356,0.0013431869584233371,0.2797994508332082,0.15733874320145447,0.05595989016664168,0.03146774864029091
30,0.05,5.0,10.0,2.0,0,10.000000000000002,2.0,0.26648290500334254,0.14917821131924255,0.026648290500334248,0.07458910565962128,0.04796425980027274,0.02101556399246962,0.004796425980027273,0.01050778199623481,0.015274440114965688,0.0067063810838933645,0.0015274440114965687,0.0033531905419466822,0.27334104994314784,0.15206781225797966,0.027334104994314778,0.07603390612898983
30,0.05,5.0,10.0,2.0,1,10.0,2.0,0.26642317085132794,0.14923366877342165,0.026642317085132795,0.07461683438671082,0.04753442309152243,0.02084232993347069,0.004753442309152243,0.010421164966735345,0.015027487698009094,0.00665916645096997,0.0015027487698009094,0.003329583225484985,0.41069488891052824,0.2206941480306249,0.04106948889105282,0.11034707401531245
30,0.05,5.0,10.0,2.0,2,10.000000000000002,2.0,0.2664579939472181,0.14918477364650326,0.026645799394721805,0.07459238682325163,0.04796142059849228,0.02101172279362182,0.004796142059849227,0.01050586139681091,0.015241036116510204,0.006708337816079916,0.0015241036116510202,0.003354168908039958,0.2701122374352548,0.15087040404768357,0.027011223743525475,0.07543520202384178
30,0.05,5.0,10.0,2.0,3,10.0,2.0,0.2671281326236091,0.14950467705108997,0.026712813262360913,0.07475233852554498,0.04862446347398177,0.02129698610093607,0.004862446347398177,0.010648493050468034,0.015879875670613563,0.006963780098533919,0.0015879875670613563,0.0034818900492669595,0.28053488505514756,0.1577246485076469,0.028053488505514756,0.07886232425382345
30,0.05,5.0,10.0,5.0,0,10.000000000000004,5.0,0.26663735600526206,0.14923118111067785,0.026663735600526196,0.02984623622213557,0.04815437530684616,0.02108780619499684,0.004815437530684614,0.004217561238999368,0.015572084521796333,0.006818716571557093,0.0015572084521796327,0.0013637433143114186,0.27354288052189885,0.15214613655848722,0.027354288052189875,0.030429227311697442
30,0.05,5.0,10.0,5.0,1,10.0,4.999999999999998,0.26599396703855593,0.1487614440447721,0.026599396703855593,0.02975228880895443,0.04765277193727901,0.020903610600329144,0.004765277193727901,0.00418072212006583,0.015197820978347447,0.006680991036528079,0.0015197820978347448,0.0013361982073056163,0.40855503808245114,0.21910975636161403,0.04085550380824511,0.04382195127232282
30,0.05,5.0,10.0,5.0,2,10.000000000000002,4.999999999999999,0.2575616577489097,0.14390410455044486,0.025756165774890965,0.02878082091008898,0.04056696834634106,0.018296230593314887,0.004056696834634105,0.003659246118662978,0.012448059233519557,0.006007832085970496,0.0012448059233519555,0.0012015664171940994,0.2612638562753077,0.14569150579200274,0.026126385627530762,0.02913830115840055
30,0.05,5.0,10.0,5.0,3,10.0,5.0,0.26705963741336475,0.14969428297808907,0.026705963741336474,0.029938856595617812,0.04960337477377413,0.021710610319112374,0.004960337477377412,0.0043421220638224746,0.01502347285726456,0.006620209174485492,0.001502347285726456,0.0013240418348970985,0.2802861777507958,0.15773969443339944,0.02802861777507958,0.03154793888667989
30,0.05,5.0,20.0,2.0,0,20.000000000000004,2.0,0.9517648101456778,0.3334189897253717,0.047588240507283885,0.16670949486268585,0.301146553272143,0.09367381413835334,0.015057327663607147,0.04683690706917667,0.8309350875546446,0.2508642172369632,0.041546754377732226,0.1254321086184816,0.2552057956996314,0.03900351983477726,0.012760289784981569,0.01950175991738863
30,0.05,5.0,20.0,2.0,1,20.0,2.0,0.26654146071559937,0.14921468526940698,0.013327073035779968,0.07460734263470349,0.047910092251412136,0.021020579957485123,0.0023955046125706068,0.010510289978742562,0.015247056394278521,0.006715466684622757,0.0007623528197139261,0.0033577333423113784,0.41080100917154144,0.22067952360443485,0.020540050458577073,0.11033976180221743
30,0.05,5.0,20.0,2.0,2,20.000000000000004,1.9999999999999996,0.2000024862663043,0.09673582880295417,0.010000124313315213,0.0483679144014771,0.08259486474905316,0.03295891274055046,0.004129743237452657,0.016479456370275234,0.11176336578444904,0.040235701962724045,0.005588168289222451,0.020117850981362026,0.2082258054609031,0.10065101832167621,0.010411290273045154,0.05032550916083812
30,0.05,5.0,20.0,2.0,3,20.0,2.0,0.41258789438325166,0.20040067179283283,0.020629394719162582,0.10020033589641641,0.13758302466442746,0.05792150055893453,0.006879151233221373,0.028960750279467266,0.016974370347035386,0.008181794847819392,0.0008487185173517693,0.004090897423909696,0.4692346832827688,0.22000035791840644,0.02346173416413844,0.11000017895920322
30,0.05,5.0,20.0,5.0,0,20.0,4.999999999999999,0.26652579062511744,0.1490790778250909,0.013326289531255872,0.029815815565018184,0.04847163857413873,0.02123906574141336,0.002423581928706936,0.004247813148282672,0.015774925665261796,0.006908230413627503,0.0007887462832630897,0.001381646082725501,0.2734006118987797,0.1520000476321714,0.013670030594938983,0.030400009526434284
30,0.05,5.0,20.0,5.0,1,19.99999999999999,4.999999999999998,0.33654866942980977,0.21498079110786458,0.0168274334714905,0.04299615822157293,0.03343825800553608,0.020370539383340255,0.0016719129002768047,0.004074107876668053,0.024240609619316737,0.009235763337005709,0.0012120304809658375,0.0018471526674011425,0.6907453375435348,0.4037124213125405,0.03453726687717676,0.08074248426250813
30,0.05,5.0,20.0,5.0,2,19.999999999999993,4.999999999999999,0.21979084745323926,0.10633819637150971,0.010989542372661967,0.021267639274301944,0.054895023082271004,0.022035191877500984,0.002744751154113551,0.004407038375500198,0.007653014544432835,0.004175607636833226,0.0003826507272216419,0.0008351215273666454,0.22185128278707425,0.10627961926288462,0.011092564139353717,0.02125592385257693
30,0.05,5.0,20.0,5.0,3,19.999999999999993,4.999999999999997,0.2673696741071198,0.14991904881230267,0.013368483705355996,0.02998380976246055,0.04828025641831955,0.02114953836741458,0.0024140128209159785,0.0042299076734829185,0.015063332677369234,0.006621521046020388,0.0007531666338684619,0.0013243042092040782,0.281195638242516,0.15838182002345969,0.014059781912125804,0.031676364004691954
30,0.05,10.0,5.0,2.0,0,5.000000000000001,2.0000000000000004,0.40333822293109045,0.2054630907717683,0.08066764458621807,0.10273154538588412,0.04915824847447632,0.011236649103088435,0.009831649694895262,0.005618324551544217,0.015197145648766909,0.0066821324277357465,0.0030394291297533814,0.0033410662138678724,0.40415508524507915,0.205736227830259,0.08083101704901581,0.10286811391512947
30,0.05,10.0,5.0,2.0,1,4.999999999999999,1.9999999999999996,0.4032730518448143,0.20541510047299888,0.08065461036896288,0.10270755023649947,0.04916539871282161,0.0112410687724045,0.009833079742564324,0.005620534386202251,0.015314383760584789,0.006718934057867077,0.003062876752116958,0.0033594670289335393,0.4513211096062458,0.22406363297705914,0.09026422192124917,0.1120318164885296
30,0.05,10.0,5.0,2.0,2,5.0,2.0,0.4033052908333314,0.2054406731404506,0.08066105816666627,0.1027203365702253,0.04909865087722572,0.011239864150087741,0.009819730175445145,0.005619932075043871,0.015210106385918656,0.0066901035253938155,0.003042021277183731,0.0033450517626969077,0.4044982124640498,0.20567800913308032,0.08089964249280997,0.10283900456654016
30,0.05,10.0,5.0,2.0,3,5.0,2.0,0.4035153453518702,0.20556626826827734,0.08070306907037404,0.10278313413413867,0.04916420981448031,0.01124059987003095,0.009832841962896062,0.005620299935015475,0.015293555431106172,0.0067212826926513515,0.0030587110862212346,0.0033606413463256758,0.44292931761188636,0.216083938121581,0.08858586352237727,0.1080419690607905
30,0.05,10.0,5.0,5.0,0,5.0,4.999999999999999,0.4055533672644054,0.20681985430300553,0.08111067345288107,0.04136397086060111,0.04913994966836316,0.011236099675328163,0.009827989933672631,0.002247219935065633,0.015270587311367757,0.006707243724528164,0.0030541174622735513,0.001341448744905633,0.4065472568060621,0.20718571892612705,0.08130945136121241,0.041437143785225415
30,0.05,10.0,5.0,5.0,1,4.999999999999999,5.0,0.40369923693918053,0.20567898139560004,0.08073984738783611,0.04113579627912001,0.04882843764573853,0.011148813852016173,0.009765687529147707,0.002229762770403235,0.01525359008027376,0.006695496389510923,0.0030507180160547526,0.0013390992779021846,0.45245358410479397,0.22483745978100234,0.09049071682095881,0.044967491956200464
30,0.05,10.0,5.0,5.0,2,5.000000000000001,4.999999999999999,0.40371388027979693,0.20570599347769417,0.08074277605595938,0.04114119869553884,0.0491073111175638,0.01122457797700758,0.009821462223512758,0.0022449155954015164,0.015228464845105755,0.00670993489292208,0.0030456929690211507,0.0013419869785844163,0.40490182235968364,0.205933627281968,0.08098036447193671,0.04118672545639361
30,0.05,10.0,5.0,5.0,3,4.999999999999998,5.0,0.40496181408693543,0.20644951051445035,0.08099236281738711,0.04128990210289007,0.04913942578911758,0.011224625212114788,0.00982788515782352,0.0022449250424229576,0.015220915507613897,0.006699330725315497,0.0030441831015227804,0.0013398661450630994,0.44484811769740235,0.21717718453541637,0.0889696235394805,0.04343543690708328
30,0.05,10.0,10.0,2.0,0,10.000000000000002,2.0,0.40329451689822915,0.2054171005422863,0.04032945168982291,0.10270855027114315,0.04915805475737696,0.011228607316141054,0.004915805475737695,0.005614303658070527,0.015317247220314911,0.006742754158163953,0.001531724722031491,0.0033713770790819767,0.4041279581473243,0.20568223501598923,0.04041279581473242,0.10284111750799461
30,0.05,10.0,10.0,2.0,1,10.0,1.9999999999999996,0.40335472950443935,0.20548285608862044,0.040335472950443936,0.10274142804431025,0.04912296774571396,0.01123169784188949,0.004912296774571396,0.0056158489209447455,0.015247563744521431,0.006716638294506804,0.001524756374452143,0.003358319147253403,0.451521077702728,0.22420298780212072,0.0451521077702728,0.11210149390106039
30,0.05,10.0,10.0,2.0,2,9.999999999999996,1.9999999999999996,0.40047847222017346,0.2036608285059554,0.04004784722201736,0.10183041425297773,0.04925419492495458,0.011268555151086495,0.00492541949249546,0.0056342775755432485,0.015469706132575799,0.006789802016898904,0.0015469706132575805,0.003394901008449453,0.40164980131796935,0.20385260813119868,0.04016498013179695,0.10192630406559937
30,0.05,10.0,10.0,2.0,3,10.0,2.0,0.40333217433712154,0.20542879718656487,0.040333217433712154,0.10271439859328244,0.0492653752067732,0.011254783838513702,0.004926537520677321,0.005627391919256851,0.015265938481645695,0.006725568108105672,0.0015265938481645695,0.003362784054052836,0.4426130929361824,0.2158964150571831,0.04426130929361824,0.10794820752859155
30,0.05,10.0,10.0,5.0,0,9.999999999999996,4.999999999999998,0.38264348767804557,0.19283204919727207,0.038264348767804574,0.038566409839454426,0.04830785254898482,0.0110881179078545,0.004830785254898484,0.0022176235815709005,0.015258736481823328,0.006776482181371049,0.0015258736481823334,0.0013552964362742103,0.38325577018850254,0.19293559776644648,0.03832557701885027,0.038587119553289306
30,0.05,10.0,10.0,5.0,1,10.000000000000005,4.999999999999999,0.4036702724518411,0.20567468166611713,0.04036702724518409,0.04113493633322343,0.04915111641349898,0.011219140078102948,0.004915111641349896,0.00224382801562059,0.015311585386208582,0.006724675159417428,0.0015311585386208572,0.0013449350318834859,0.4522618044661132,0.22470667631939314,0.045226180446611294,0.04494133526387864
30,0.05,10.0,10.0,5.0,2,10.0,5.0,0.4029180902370062,0.20521525677662894,0.04029180902370062,0.04104305135532579,0.04913144790126449,0.011228067103962073,0.004913144790126449,0.0022456134207924144,0.015278079372964475,0.006705858002131992,0.0015278079372964474,0.0013411716004263984,0.4040594716249994,0.20540114921823696,0.04040594716249994,0.04108022984364739
30,0.05,10.0,10.0,5.0,3,9.999999999999996,5.0,0.4063494100579648,0.20603245828916833,0.040634941005796496,0.04120649165783367,0.05715960640139872,0.01431430816267505,0.005715960640139874,0.00286286163253501,0.015932756858763608,0.00648117711194708,0.0015932756858763615,0.0012962354223894162,0.44958266895596294,0.21909111475212606,0.04495826689559631,0.043818222950425215
30,0.05,10.0,20.0,2.0,0,19.999999999999996,1.9999999999999996,0.6582882862038779,0.3613331727812456,0.0329144143101939,0.18066658639062283,0.06587262077074293,0.01453425729204252,0.0032936310385371474,0.007267128646021262,0.008744489168500118,0.004503248431055778,0.00043722445842500596,0.0022516242155278896,0.6545366585957495,0.3594853119478235,0.03272683292978748,0.17974265597391179
30,0.05,10.0,20.0,2.0,1,20.000000000000004,2.0,0.5856830325007172,0.1981867077911016,0.029284151625035854,0.0990933538955508,0.5240866424767066,0.1576651645577609,0.026204332123835324,0.07883258227888044,0.9011078525238809,0.2936652753865464,0.04505539262619404,0.1468326376932732,6.52880095042292,2.1096764384055295,0.32644004752114597,1.0548382192027648
30,0.05,10.0,20.0,2.0,2,20.000000000000004,1.9999999999999996,0.37713197831330064,0.18055866018883238,0.01885659891566503,0.0902793300944162,0.10036974469962975,0.02920174742368806,0.005018487234981487,0.014600873711844034,0.04549793871155109,0.013318033800899054,0.002274896935577554,0.0066590169004495285,0.3766833978612217,0.17917941557624975,0.01883416989306108,0.08958970778812489
30,0.05,10.0,20.0,2.0,3,19.999999999999993,2.0,0.4335462850787434,0.22365133233369613,0.021677314253937176,0.11182566616684807,0.05150934389761297,0.011941817631369684,0.0025754671948806495,0.005970908815684842,0.017069065414516704,0.0073643083659845395,0.0008534532707258355,0.0036821541829922698,0.47907459803159985,0.23693909129883925,0.02395372990158,0.11846954564941962
30,0.05,10.0,20.0,5.0,0,19.999999999999996,4.999999999999999,0.40294842103882755,0.20522241263511248,0.02014742105194138,0.0410444825270225,0.04910138837764416,0.011239332433416158,0.0024550694188822087,0.002247866486683232,0.015263714005168896,0.006730182483041686,0.000763185700258445,0.0013460364966083375,0.40383115995270946,0.20552511002756804,0.020191557997635477,0.041105022005513615
30,0.05,10.0,20.0,5.0,1,19.999999999999996,4.999999999999999,0.34233360086898557,0.11978110518295226,0.01711668004344928,0.023956221036590456,0.09866118410156394,0.02872038231804765,0.0049330592050781975,0.005744076463609531,0.13642603787004184,0.04019511448048325,0.006821301893502094,0.008039022896096652,0.30990801560618036,0.06941976426752708,0.015495400780309022,0.013883952853505419
30,0.05,10.0,20.0,5.0,2,19.999999999999993,4.999999999999999,0.40120031285066166,0.20414963761282065,0.02006001564253309,0.04082992752256414,0.049004298278410935,0.011207416340847638,0.002450214913920548,0.002241483268169528,0.01507735096159713,0.006625514608541597,0.0007538675480798568,0.0013251029217083196,0.4023111766312244,0.204348186641882,0.020115558831561228,0.04086963732837641
30,0.05,10.0,20.0,5.0,3,20.0,4.999999999999999,2.4190911069909364,0.7902911262736763,0.12095455534954683,0.15805822525473529,0.5488017514262076,0.1572290659999324,0.02744008757131038,0.03144581319998648,2.1103057064386728,0.628149744856346,0.10551528532193363,0.12562994897126922,0.48826475292006494,0.2449416503189641,0.024413237646003248,0.04898833006379283
30,0.1,0.0,5.0,2.0,0,4.999999999999999,2.0,0.013802212826600617,0.0042313133477773265,0.002760442565320124,0.0021156566738886632,0.029011970790565746,0.013099471722494371,0.00580239415811315,0.006549735861247186,0.01702200035784478,0.004763598678453509,0.0034044000715689566,0.0023817993392267543,0.011846002849988853,0.002581427917873639,0.002369200569997771,0.0012907139589368195
30,0.1,0.0,5.0,2.0,1,5.0,2.0,0.013782212481641755,0.004220764536832165,0.002756442496328351,0.0021103822684160824,0.029012739981594943,0.013105124347935813,0.005802547996318989,0.0065525621739679065,0.01703335297952928,0.004765288062714361,0.0034066705959058556,0.0023826440313571805,0.009430472603718978,0.004410551460711952,0.0018860945207437956,0.002205275730355976
30,0.1,0.0,5.0,2.0,2,5.000000000000001,2.0,0.013790478440011826,0.0042409963571046205,0.0027580956880023646,0.0021204981785523103,0.0290364268746459,0.013122101298611279,0.005807285374929179,0.006561050649305639,0.017121306692409896,0.004783691372507283,0.0034242613384819786,0.0023918456862536417,0.012473626471000374,0.0057267377662908025,0.002494725294200074,0.0028633688831454012
30,0.1,0.0,5.0,2.0,3,5.0,2.0,0.013756307413051358,0.004251376668388941,0.0027512614826102717,0.0021256883341944704,0.028984663667575232,0.01311750367283071,0.005796932733515047,0.006558751836415355,0.017110738112528785,0.004780968134830928,0.003422147622505757,0.002390484067415464,0.009030639740672418,0.003977492619180366,0.0018061279481344835,0.001988746309590183
30,0.1,0.0,5.0,5.0,0,4.999999999999999,5.0,0.013788850665928385,0.004230273933643492,0.0027577701331856774,0.0008460547867286984,0.028989094327732064,0.013099969784264687,0.005797818865546414,0.0026199939568529373,0.017108768661030765,0.004781993611479953,0.0034217537322061534,0.0009563987222959905,0.011796850883344909,0.002588377274932544,0.0023593701766689824,0.0005176754549865087
30,0.1,0.0,5.0,5.0,1,4.999999999999999,4.999999999999999,0.013795056138848046,0.004268727242380534,0.0027590112277696096,0.000853745448476107,0.029109281578682138,0.013132784766471173,0.005821856315736429,0.002626556953294235,0.01708883529299604,0.004789886933706951,0.0034177670585992088,0.0009579773867413905,0.009405405406214222,0.004415593059494576,0.0018810810812428449,0.0008831186118989153
30,0.1,0.0,5.0,5.0,2,5.0,5.0,0.013782455715959992,0.004226793046563451,0.0027564911431919984,0.0008453586093126903,0.02901142735021105,0.013110769024755279,0.00580228547004221,0.002622153804951056,0.01702321818597321,0.004772111865590861,0.003404643637194642,0.0009544223731181722,0.012511806403238814,0.005726384979186565,0.0025023612806477627,0.001145276995837313
30,0.1,0.0,5.0,5.0,3,5.0,4.999999999999998,0.013748764753720465,0.004238278069821656,0.002749752950744093,0.0008476556139643315,0.028966987184930106,0.013114851406804354,0.005793397436986021,0.0026229702813608717,0.017112526373552355,0.004771604538412991,0.003422505274710471,0.0009543209076825985,0.009083313621412034,0.003983170951857231,0.0018166627242824068,0.0007966341903714465
30,0.1,0.0,10.0,2.0,0,10.0,2.0,0.01393305517181295,0.004273132067125094,0.001393305517181295,0.002136566033562547,0.02907488305904656,0.01312061326348676,0.002907488305904656,0.00656030663174338,0.017142910606059342,0.0047889644246448745,0.0017142910606059343,0.0023944822123224373,0.011886529491852862,0.0025852854791551744,0.0011886529491852863,0.0012926427395775872
30,0.1,0.0,10.0,2.0,1,9.999999999999995,2.0,0.013298175802636966,0.004098748575487383,0.0013298175802636974,0.0020493742877436914,0.028781851408159528,0.01304014316597193,0.0028781851408159545,0.006520071582985965,0.016581850395196093,0.004599691571861369,0.0016581850395196102,0.0022998457859306847,0.008910098514145325,0.0042790018898156024,0.000891009851414533,0.0021395009449078012
30,0.1,0.0,10.0,2.0,2,10.000000000000002,1.9999999999999996,0.013752044464243064,0.004243082963534501,0.001375204446424306,0.002121541481767251,0.029069453084796026,0.013119915448261656,0.0029069453084796023,0.00655995772413083,0.017097966225245658,0.0047546380623716454,0.0017097966225245655,0.002377319031185823,0.012459104182017056,0.005726575927091302,0.0012459104182017055,0.0028632879635456516
30,0.1,0.0,10.0,2.0,3,10.0,2.0,0.013823171506007722,0.004245698200028157,0.0013823171506007722,0.0021228491000140786,0.029060804478780074,0.01311936458182614,0.0029060804478780074,0.00655968229091307,0.0170360507144372,0.0047315465252299,0.00170360507144372,0.00236577326261495,0.009078943089384608,0.003992039129390157,0.0009078943089384608,0.0019960195646950784
30,0.1,0.0,10.0,5.0,0,9.999999999999996,4.999999999999999,0.014338578363926942,0.004475375591742088,0.0014338578363926947,0.0008950751183484177,0.02917893213800986,0.013170755570650628,0.0029178932138009873,0.0026341511141301263,0.017620862574094925,0.0050393494042989895,0.0017620862574094932,0.001007869880859798,0.012234316421997933,0.0027155725245801986,0.0012234316421997939,0.0005431145049160398
30,0.1,0.0,10.0,5.0,1,10.0,5.0,0.014011958004489433,0.004333786984071202,0.0014011958004489433,0.0008667573968142404,0.03054127938774784,0.013740773618598516,0.003054127938774784,0.002748154723719703,0.017291238217564564,0.004869454246373873,0.0017291238217564564,0.0009738908492747747,0.009760455696996457,0.004533042447709877,0.0009760455696996457,0.0009066084895419755
30,0.1,0.0,10.0,5.0,2,10.0,5.000000000000001,0.01375462175093598,0.00422007046242019,0.001375462175093598,0.0008440140924840378,0.029091329786335048,0.013136136282692657,0.002909132978633505,0.002627227256538531,0.017076537466726893,0.004778424198375939,0.0017076537466726893,0.0009556848396751876,0.012638932393040229,0.005732645776629762,0.0012638932393040229,0.0011465291553259523
30,0.1,0.0,10.0,5.0,3,10.0,4.999999999999999,0.013754440859712344,0.004228885902438892,0.0013754440859712344,0.0008457771804877785,0.028837262831409253,0.01306158874335164,0.0028837262831409253,0.0026123177486703283,0.017078336320525127,0.004771915064617071,0.0017078336320525127,0.0009543830129234143,0.0089698646023663,0.003986406121564089,0.0008969864602366301,0.0007972812243128179
30,0.1,0.0,20.0,2.0,0,20.0,2.0,0.01497021234007529,0.004000092740281976,0.0007485106170037645,0.002000046370140988,0.03083229510849454,0.0129474161919301,0.0015416147554247269,0.00647370809596505,0.01992913023929005,0.005222182334730133,0.0009964565119645024,0.0026110911673650665,0.01504429610435166,0.0025330389722195276,0.000752214805217583,0.0012665194861097638
30,0.1,0.0,20.0,2.0,1,20.0,2.0,0.002405156156575254,0.005290318896482507,0.0001202578078287627,0.0026451594482412534,0.024684724754530603,0.012234676659092926,0.0012342362377265302,0.006117338329546463,0.001970258204512909,0.004333721501511781,9.851291022564546e-05,0.0021668607507558907,0.005020526340111182,0.005029103662673859,0.0002510263170055591,0.0025145518313369297
30,0.1,0.0,20.0,2.0,2,19.999999999999996,2.0,0.013401209330504354,0.004342378153067432,0.0006700604665252178,0.002171189076533716,0.028836496968075716,0.013299146967175605,0.001441824848403786,0.006649573483587802,0.015937425870580696,0.004773967738983379,0.000796871293529035,0.0023869838694916897,0.010127552794757508,0.007874493954426964,0.0005063776397378754,0.003937246977213482
30,0.1,0.0,20.0,2.0,3,20.0,2.0,0.009384681637493505,0.00427196917558892,0.00046923408187467524,0.00213598458779446,0.02768598533098439,0.013484969532175062,0.0013842992665492194,0.006742484766087531,0.011768349394230776,0.004166701407814181,0.0005884174697115388,0.0020833507039070905,0.008617825652107542,0.005965746549928382,0.0004308912826053771,0.002982873274964191
30,0.1,0.0,20.0,5.0,0,19.999999999999996,4.999999999999998,0.013816004157439382,0.004247569107231924,0.0006908002078719693,0.0008495138214463852,0.028984807504364933,0.013104059364700639,0.001449240375218247,0.002620811872940129,0.01712912310559882,0.0047922717702604915,0.0008564561552799412,0.0009584543540520987,0.011877946063261603,0.0025834833004600086,0.0005938973031630803,0.0005166966600920019
30,0.1,0.0,20.0,5.0,1,20.0,5.0,0.013532097636829759,0.004190813332062277,0.000676604881841488,0.0008381626664124553,0.028189147214809408,0.013148663251064945,0.0014094573607404703,0.002629732650212989,0.016761005893227272,0.004770792649726757,0.0008380502946613636,0.0009541585299453514,0.009085623148216915,0.0044177253438434805,0.00045428115741084576,0.0008835450687686962
30,0.1,0.0,20.0,5.0,2,19.999999999999996,4.999999999999998,0.4936419880269432,0.1966975577971544,0.024682099401347163,0.03933951155943089,0.5039800111444114,0.16153580462093378,0.025199000557220574,0.03230716092418677,0.5696132159814215,0.22671811631060418,0.028480660799071078,0.04534362326212085,0.42105620140054795,0.1510900338400275,0.021052810070027402,0.030218006768005512
30,0.1,0.0,20.0,5.0,3,20.000000000000004,5.0,23.72903627573787,6.895592106615173,1.1864518137868931,1.3791184213230347,20.04393420163433,5.462310799815052,1.0021967100817162,1.0924621599630104,23.744281724476156,6.774668000379067,1.1872140862238076,1.3549336000758134,21.808683226173105,6.200762729053355,1.090434161308655,1.240152545810671
30,0.1,2.0,5.0,2.0,0,5.000000000000001,2.0,0.2272547526635978,0.3009206146276205,0.04545095053271955,0.15046030731381024,0.041071502055321125,0.07830455503445803,0.008214300411064223,0.039152277517229016,0.017068470700837758,0.004784069910709228,0.003413694140167551,0.002392034955354614,0.11645419667395977,0.20423800397557013,0.023290839334791952,0.10211900198778506
30,0.1,2.0,5.0,2.0,1,5.0,1.9999999999999996,0.22724732948838738,0.3009303347331113,0.045449465897677475,0.15046516736655569,0.04105677537747598,0.07830561920806597,0.008211355075495195,0.039152809604032994,0.017088452747771418,0.00474390814964174,0.0034176905495542837,0.0023719540748208703,0.27693661684775306,0.33107893175359604,0.055387323369550615,0.16553946587679805
30,0.1,2.0,5.0,2.0,2,5.0,1.9999999999999996,0.22724383279602708,0.30092867261168693,0.04544876655920542,0.1504643363058435,0.041071172325272826,0.07831239186847987,0.008214234465054565,0.03915619593423994,0.01705375804821153,0.00477115940999411,0.0034107516096423063,0.0023855797049970556,0.49366479162929544,0.4306214952981293,0.09873295832585909,0.21531074764906472
30,0.1,2.0,5.0,2.0,3,5.000000000000001,2.0,0.2272770362523255,0.3009275763895892,0.045455407250465096,0.1504637881947946,0.04105700494728276,0.07829952864342635,0.00821140098945655,0.039149764321713174,0.01711483732938494,0.004767361907295075,0.0034229674658769874,0.0023836809536475377,0.278687784285618,0.3117994711482337,0.055737556857123595,0.15589973557411685
30,0.1,2.0,5.0,5.0,0,5.000000000000001,5.000000000000001,0.22727352900712255,0.3009276984914247,0.0454547058014245,0.060185539698284926,0.04105498260107049,0.07831060256135539,0.008210996520214096,0.015662120512271074,0.01701072110544945,0.004759436333500466,0.0034021442210898896,0.000951887266700093,0.11646978714672014,0.20425168311783956,0.023293957429344023,0.04085033662356791
30,0.1,2.0,5.0,5.0,1,5.000000000000002,5.0,0.22727001511900807,0.300927302988261,0.0454540030238016,0.060185460597652195,0.041036530841728945,0.07831102949707223,0.008207306168345786,0.015662205899414448,0.01705447210371714,0.004769233380065045,0.003410894420743427,0.000953846676013009,0.2769219661430611,0.33107526014781385,0.055384393228612196,0.06621505202956277
30,0.1,2.0,5.0,5.0,2,4.999999999999997,5.000000000000001,0.22731874458046367,0.30093308702052707,0.045463748916092755,0.0601866174041054,0.041035956814119215,0.07829608763539458,0.008207191362823848,0.015659217527078915,0.017073922833818252,0.00477135793544076,0.003414784566763652,0.0009542715870881518,0.4941711077277504,0.43076945429127356,0.09883422154555013,0.0861538908582547
30,0.1,2.0,5.0,5.0,3,5.000000000000002,5.0,0.22730235092837314,0.30092985454997917,0.04546047018567461,0.060185970909995834,0.04103650380897364,0.0782934135807341,0.008207300761794725,0.015658682716146823,0.0170514198636234,0.004765386518331212,0.0034102839727246786,0.0009530773036662424,0.27870983695615953,0.3117981383210491,0.055741967391231884,0.06235962766420981
30,0.1,2.0,10.0,2.0,0,10.0,1.9999999999999996,0.227241882994555,0.3009185875520243,0.0227241882994555,0.15045929377601217,0.04105533995379444,0.07830035336113103,0.004105533995379444,0.03915017668056552,0.0170018199044532,0.00473682284350727,0.0017001819904453202,0.0023684114217536354,0.11643169523220147,0.20423845067210658,0.011643169523220146,0.10211922533605332
30,0.1,2.0,10.0,2.0,1,9.999999999999998,2.0,0.22729107018915817,0.3009350609710994,0.022729107018915822,0.1504675304855497,0.04102933939926081,0.07830839564069461,0.004102933939926082,0.039154197820347306,0.0171847272960872,0.004814205667297196,0.0017184727296087204,0.002407102833648598,0.27696210509819624,0.3310820915047554,0.02769621050981963,0.1655410457523777
30,0.1,2.0,10.0,2.0,2,9.999999999999998,1.9999999999999996,0.22725091050148188,0.3009177129332901,0.022725091050148194,0.15045885646664509,0.04106974297204244,0.07830711376108943,0.004106974297204245,0.03915355688054472,0.01706056147393227,0.004763029836468742,0.0017060561473932272,0.0023815149182343713,0.4937687040007072,0.43065235232972826,0.04937687040007073,0.21532617616486419
30,0.1,2.0,10.0,2.0,3,10.000000000000002,1.9999999999999996,0.2272462855980379,0.3009158247615159,0.022724628559803783,0.15045791238075798,0.04103176254101097,0.0783058729632468,0.004103176254101096,0.03915293648162341,0.017004565871179694,0.00472410839466842,0.001700456587117969,0.0023620541973342103,0.278665006549907,0.31179648837003526,0.027866500654990696,0.15589824418501766
30,0.1,2.0,10.0,5.0,0,9.999999999999998,5.0,0.22892318149208285,0.3009353492189323,0.02289231814920829,0.06018706984378645,0.04309157987651523,0.07828666328390237,0.004309157987651524,0.015657332656780473,0.018699394908896157,0.004700838227553477,0.001869939490889616,0.0009401676455106954,0.11826536412163682,0.20395826192262953,0.011826536412163684,0.04079165238452591
30,0.1,2.0,10.0,5.0,1,9.999999999999998,4.999999999999998,0.22727183666768566,0.3009258208632825,0.02272718366676857,0.06018516417265652,0.04103148615744485,0.07830409906022782,0.004103148615744486,0.01566081981204557,0.0171164868830041,0.004816438913663844,0.0017116486883004104,0.0009632877827327692,0.2769472955975738,0.3310816241130212,0.027694729559757384,0.06621632482260427
30,0.1,2.0,10.0,5.0,2,10.000000000000002,5.0,0.22690222347817673,0.30166732808070573,0.02269022234781767,0.06033346561614115,0.0425318504713501,0.08034364839809253,0.004253185047135009,0.016068729679618508,0.018735350194138103,0.005637364905470076,0.00187353501941381,0.0011274729810940153,0.4891790923989936,0.4311585619172532,0.04891790923989935,0.08623171238345065
30,0.1,2.0,10.0,5.0,3,10.0,4.999999999999999,0.22724380901976662,0.30092569182159756,0.022724380901976662,0.060185138364319525,0.04105195917549254,0.07830264569647256,0.004105195917549254,0.015660529139294516,0.01706600099035527,0.0047728308912995225,0.0017066000990355271,0.0009545661782599047,0.2786686761872629,0.3117956409465683,0.02786686761872629,0.062359128189313676
30,0.1,2.0,20.0,2.0,0,19.999999999999996,2.0,0.22627186020510637,0.3008128866926361,0.011313593010255321,0.15040644334631806,0.040724774635991286,0.07837018442430585,0.0020362387317995646,0.039185092212152925,0.015733773023107977,0.004441633417059087,0.0007866886511553989,0.0022208167085295437,0.1156909927577246,0.2041848894762974,0.005784549637886231,0.1020924447381487
30,0.1,2.0,20.0,2.0,1,20.0,2.0,0.2273920729195773,0.30095250907791277,0.011369603645978865,0.15047625453895638,0.04106706293450146,0.07832065252543469,0.002053353146725073,0.03916032626271734,0.017754558311981024,0.005016910683808034,0.0008877279155990513,0.002508455341904017,0.27702307126122844,0.3310999308708775,0.013851153563061422,0.16554996543543876
30,0.1,2.0,20.0,2.0,2,20.0,1.9999999999999996,0.22759410026704627,0.2993816242416465,0.011379705013352313,0.14969081212082327,0.04744218302631693,0.0771986794292742,0.0023721091513158464,0.03859933971463711,0.008671641154933695,0.002102032618374041,0.0004335820577466848,0.0010510163091870207,0.49179122688554094,0.4287837051602122,0.024589561344277047,0.21439185258010615
30,0.1,2.0,20.0,2.0,3,20.0,2.0,0.2272717639346203,0.30092793157150016,0.011363588196731016,0.15046396578575008,0.040860302357562786,0.07813847552437504,0.002043015117878139,0.03906923776218752,0.016818336541674327,0.004640086445891833,0.0008409168270837163,0.0023200432229459164,0.2789780762695648,0.3117698795934804,0.013948903813478238,0.1558849397967402
30,0.1,2.0,20.0,5.0,0,19.999999999999996,5.0,0.22832201705044622,0.30109344747875066,0.011416100852522313,0.060218689495750134,0.04159323740950253,0.07824134859319753,0.002079661870475127,0.01564826971863951,0.018752294695656306,0.005250076881257131,0.0009376147347828155,0.0010500153762514261,0.11721643484994702,0.2043796888891327,0.005860821742497352,0.04087593777782654
30,0.1,2.0,20.0,5.0,1,20.0,5.0,0.22724415018936847,0.30092290017966605,0.011362207509468423,0.06018458003593321,0.041055600419567656,0.07830179147998458,0.002052780020978383,0.015660358295996914,0.01705240414655091,0.004740196275316134,0.0008526202073275455,0.0009480392550632267,0.2769353403305452,0.331071477001669,0.013846767016527258,0.0662142954003338
30,0.1,2.0,20.0,5.0,2,20.000000000000004,4.999999999999999,0.37284238595988245,0.26626494255222694,0.018642119297994118,0.053252988510445395,0.6577052777122545,0.14535265441617903,0.03288526388561272,0.02907053088323581,0.47211262904339907,0.13327636803044945,0.02360563145216995,0.026655273606089897,2.477465835319474,0.7452903579748366,0.12387329176597368,0.14905807159496734
30,0.1,2.0,20.0,5.0,3,20.000000000000004,4.999999999999998,0.21932595698083637,0.29324145221084447,0.010966297849041816,0.05864829044216891,0.04758592749510472,0.06870438786285679,0.0023792963747552355,0.013740877572571364,0.0373785820070503,0.013496122429355878,0.0018689291003525146,0.0026992244858711767,0.3238237679509431,0.31444171882490135,0.01619118839754715,0.06288834376498029
30,0.1,5.0,5.0,2.0,0,5.000000000000001,2.0,0.2548019147251291,0.32595183767117863,0.050960382945025806,0.16297591883558932,0.02580502613132467,0.04839037520831315,0.005161005226264934,0.024195187604156575,0.017009161025639628,0.004768154011732514,0.003401832205127925,0.002384077005866257,0.08133169309801372,0.14385248665319192,0.016266338619602742,0.07192624332659596
30,0.1,5.0,5.0,2.0,1,5.000000000000002,2.0000000000000004,0.2547779367074313,0.3259524719928613,0.050955587341486246,0.16297623599643063,0.025791115686627484,0.04838663663497501,0.005158223137325495,0.024193318317487496,0.01710612527037235,0.0047889997713206605,0.003421225054074469,0.00239449988566033,0.2639946434094499,0.3332863660521859,0.052798928681889956,0.16664318302609293
30,0.1,5.0,5.0,2.0,2,5.0,2.0,0.2547436107299878,0.3259365022120199,0.05094872214599756,0.16296825110600996,0.025819970131537067,0.048400591634041826,0.005163994026307414,0.024200295817020913,0.01714218612220125,0.004799853241691051,0.0034284372244402497,0.0023999266208455253,0.25105246891596683,0.39554969794767575,0.050210493783193366,0.19777484897383787
30,0.1,5.0,5.0,2.0,3,5.0,2.0,0.2547898607671064,0.3259552955577701,0.05095797215342128,0.16297764777888504,0.025793041170576424,0.04838398103044107,0.005158608234115285,0.024191990515220536,0.01706140947177178,0.004777413741115712,0.0034122818943543563,0.002388706870557856,0.2109369087355221,0.3242570086213384,0.042187381747104416,0.1621285043106692
30,0.1,5.0,5.0,5.0,0,5.0,5.000000000000001,0.25475687954318377,0.3259410676688517,0.050951375908636756,0.06518821353377033,0.02578634873236057,0.048387777455143645,0.005157269746472114,0.009677555491028727,0.01705718549155508,0.0047474582967618785,0.0034114370983110162,0.0009494916593523755,0.08137823605254624,0.14385992566750386,0.016275647210509246,0.028771985133500766
30,0.1,5.0,5.0,5.0,1,4.999999999999999,5.0,0.2547993966909798,0.32595871982210667,0.050959879338195964,0.06519174396442133,0.02574264015291224,0.0483858669317165,0.005148528030582448,0.0096771733863433,0.01720198658566979,0.004796618450722975,0.0034403973171339584,0.0009593236901445951,0.2639161594039834,0.33327603686460616,0.052783231880796685,0.06665520737292123
30,0.1,5.0,5.0,5.0,2,5.0,5.0,0.25486683607129046,0.32596075997460583,0.05097336721425809,0.06519215199492116,0.025780788025799445,0.048397835814598535,0.005156157605159889,0.009679567162919707,0.01703873469858752,0.004749562274589496,0.003407746939717504,0.0009499124549178992,0.2510901410142311,0.39555332789575554,0.050218028202846224,0.07911066557915111
30,0.1,5.0,5.0,5.0,3,4.999999999999998,4.999999999999999,0.25480971912485034,0.3259577900958771,0.05096194382497009,0.06519155801917544,0.025768776492943755,0.04838958476775641,0.005153755298588753,0.009677916953551285,0.017128774232771277,0.004783764673108456,0.003425754846554257,0.0009567529346216914,0.2109133648039408,0.32425041586526765,0.042182672960788176,0.06485008317305355
30,0.1,5.0,10.0,2.0,0,9.999999999999998,1.9999999999999996,0.25482194992286417,0.3259500512340688,0.025482194992286423,0.16297502561703442,0.025778897185534007,0.04838679623507281,0.002577889718553401,0.024193398117536413,0.017031475223972643,0.00476127540984419,0.0017031475223972647,0.0023806377049220956,0.08137698081621932,0.14386911368212227,0.008137698081621934,0.07193455684106115
30,0.1,5.0,10.0,2.0,1,10.000000000000004,2.0,0.25484129044555376,0.3259536860168129,0.025484129044555368,0.16297684300840645,0.02578423656040869,0.04838613839452716,0.002578423656040868,0.02419306919726358,0.017043475941545913,0.00475776571036762,0.0017043475941545907,0.00237888285518381,0.26399445000843963,0.3332862098721476,0.026399445000843954,0.1666431049360738
30,0.1,5.0,10.0,2.0,2,9.999999999999998,2.0000000000000004,0.25479530162545166,0.32595504118823787,0.025479530162545172,0.1629775205941189,0.02581220147100811,0.04839223788118059,0.0025812201471008115,0.02419611894059029,0.017123440621815002,0.004791712777673794,0.0017123440621815006,0.0023958563888368967,0.25104532276219077,0.3955482911820843,0.02510453227621908,0.1977741455910421
30,0.1,5.0,10.0,2.0,3,10.0,2.0,0.25485214371661136,0.32596180986963896,0.025485214371661135,0.16298090493481948,0.025793777330203785,0.048389221680652045,0.0025793777330203787,0.024194610840326022,0.017089899265417343,0.004780149078836169,0.0017089899265417343,0.0023900745394180847,0.2109135300550979,0.32425218253278093,0.021091353005509787,0.16212609126639047
30,0.1,5.0,10.0,5.0,0,9.999999999999996,4.999999999999999,0.2581768436776815,0.326712376357982,0.02581768436776816,0.06534247527159641,0.07412128457753231,0.052376029056323485,0.007412128457753233,0.010475205811264699,0.012438877379973094,0.0038735182646940608,0.00124388773799731,0.0007747036529388122,0.08293214003913432,0.14318484426474487,0.008293214003913436,0.028636968852948978
30,0.1,5.0,10.0,5.0,1,10.000000000000002,5.0,0.25482607526415146,0.32595062488807913,0.02548260752641514,0.06519012497761582,0.02575466829134872,0.04838149845498531,0.0025754668291348717,0.009676299690997061,0.01704619565937261,0.004740887052450399,0.0017046195659372605,0.0009481774104900798,0.26397371242399587,0.33327178470486307,0.026397371242399582,0.06665435694097262
30,0.1,5.0,10.0,5.0,2,10.000000000000004,4.999999999999999,0.2537990153222579,0.32592812855094544,0.02537990153222578,0.0651856257101891,0.024920521908842662,0.04843433742373565,0.0024920521908842652,0.009686867484747131,0.018752289870652174,0.005219097782001113,0.0018752289870652167,0.0010438195564002229,0.2500692555392047,0.3954468417363031,0.025006925553920464,0.07908936834726064
30,0.1,5.0,10.0,5.0,3,9.999999999999998,4.999999999999999,0.2538351023421969,0.3255866455855648,0.025383510234219697,0.06511732911711297,0.016284591992878388,0.04860993040770286,0.0016284591992878391,0.009721986081540573,0.026325059249507215,0.0074132608371260495,0.0026325059249507217,0.00148265216742521,0.2016728585069474,0.3238313146936653,0.020167285850694744,0.06476626293873307
30,0.1,5.0,20.0,2.0,0,20.0,1.9999999999999996,0.23000199889495607,0.30960751301173867,0.011500099944747804,0.15480375650586936,0.19878375177933183,0.08097274643268085,0.009939187588966591,0.04048637321634043,0.13528255339223963,0.05246581215059542,0.006764127669611981,0.026232906075297716,0.07777863178430156,0.12492898851966373,0.0038889315892150778,0.06246449425983188
30,0.1,5.0,20.0,2.0,1,20.0,2.0000000000000004,0.25480077994630285,0.32595876436836296,0.012740038997315142,0.16297938218418145,0.025749118432826956,0.04839792734912048,0.0012874559216413477,0.024198963674560234,0.017016586793825506,0.004724438547213541,0.0008508293396912753,0.00236221927360677,0.26390016937876604,0.3332772797211051,0.013195008468938303,0.16663863986055252
30,0.1,5.0,20.0,2.0,2,20.0,1.9999999999999996,0.7690790402786255,0.3370597255639123,0.03845395201393127,0.16852986278195617,0.16173008909975456,0.05797046270384208,0.008086504454987728,0.028985231351921048,0.14306586843901065,0.06069229034140544,0.0071532934219505325,0.030346145170702728,12.515055028699768,3.5640554804080327,0.6257527514349884,1.7820277402040168
30,0.1,5.0,20.0,2.0,3,20.0,2.0,0.254725895303707,0.32594126704164306,0.01273629476518535,0.16297063352082153,0.02592338505337982,0.04837736040364971,0.001296169252668991,0.024188680201824856,0.017020033259245185,0.004761433972227656,0.0008510016629622592,0.002380716986113828,0.21082464259614983,0.3242432947532144,0.010541232129807492,0.1621216473766072
30,0.1,5.0,20.0,5.0,0,20.0,4.999999999999999,6.862936608845384,0.5980228259588296,0.34314683044226924,0.11960456519176595,10.853432011248657,1.3520320306923166,0.5426716005624328,0.27040640613846334,7.531916882234444,0.5833150203290571,0.3765958441117222,0.11666300406581144,8.272726579487797,0.840791215231478,0.41363632897438984,0.16815824304629565
30,0.1,5.0,20.0,5.0,1,20.0,4.999999999999999,0.2547505573402695,0.32594678046712433,0.012737527867013477,0.06518935609342488,0.025753524903415405,0.048372214686804686,0.0012876762451707702,0.009674442937360939,0.01712126648109754,0.004766451756451458,0.000856063324054877,0.0009532903512902916,0.26393844170494896,0.33327020170055466,0.013196922085247448,0.06665404034011094
30,0.1,5.0,20.0,5.0,2,20.0,5.000000000000001,0.25468452816912784,0.32593167274618945,0.012734226408456392,0.06518633454923788,0.025746850723081548,0.04835909377735312,0.0012873425361540774,0.009671818755470622,0.01749205816888604,0.005000252769006459,0.0008746029084443019,0.0010000505538012917,0.25103323268555877,0.39553503176691734,0.012551661634277938,0.07910700635338345
30,0.1,5.0,20.0,5.0,3,20.0,5.0,0.25459924269892176,0.32590733523454557,0.012729962134946088,0.06518146704690911,0.025738026646554987,0.04834497653707434,0.0012869013323277493,0.009668995307414868,0.01730713898154795,0.004910876568886613,0.0008653569490773975,0.0009821753137773225,0.21074977996232264,0.324206370401843,0.010537488998116133,0.0648412740803686
30,0.1,10.0,5.0,2.0,0,5.000000000000003,1.9999999999999996,0.3134278930380694,0.37358839898747914,0.06268557860761384,0.1867941994937396,0.03459379944608812,0.03951297217934442,0.0069187598892176206,0.019756486089672214,0.01712996152475273,0.004792837695276627,0.003425992304950544,0.002396418847638314,0.09366898193535379,0.11161974777259122,0.018733796387070747,0.05580987388629562
30,0.1,10.0,5.0,2.0,1,4.999999999999998,2.0000000000000004,0.31335991195258317,0.37357808796615166,0.06267198239051666,0.1867890439830758,0.03458490573268365,0.039518245687443575,0.006916981146536732,0.019759122843721784,0.017045485601066203,0.004738708903183108,0.003409097120213242,0.0023693544515915534,0.3248536089466783,0.3816503769352905,0.06497072178933569,0.1908251884676452
30,0.1,10.0,5.0,2.0,2,4.999999999999999,1.9999999999999996,0.3133849329630057,0.37358521173606357,0.06267698659260115,0.1867926058680318,0.034612304346796234,0.03953523853864997,0.006922460869359248,0.01976761926932499,0.01710324859694566,0.004772160497812939,0.003420649719389133,0.00238608024890647,0.32057469706984953,0.45077283409089297,0.06411493941396992,0.22538641704544654
30,0.1,10.0,5.0,2.0,3,5.0,1.9999999999999996,0.31338495922507476,0.37358618838315477,0.06267699184501495,0.1867930941915774,0.03460540017268963,0.0395159003068468,0.006921080034537926,0.019757950153423402,0.01707581433656747,0.004774933762876089,0.003415162867313494,0.002387466881438045,0.2726381156503279,0.37303268593084093,0.05452762313006558,0.1865163429654205
30,0.1,10.0,5.0,5.0,0,5.0,4.999999999999998,0.31346463811023245,0.3735978139826867,0.0626929276220465,0.07471956279653737,0.03458528630446568,0.039521980749987806,0.006917057260893136,0.007904396149997564,0.01706042857055526,0.004733735932301572,0.0034120857141110516,0.0009467471864603148,0.09369361331797901,0.11162191416001857,0.018738722663595803,0.022324382832003723
30,0.1,10.0,5.0,5.0,1,4.999999999999997,5.000000000000001,0.31340803118163,0.3735888188267318,0.06268160623632604,0.07471776376534635,0.034582880382926826,0.03953033405468453,0.006916576076585369,0.007906066810936904,0.01705526536151533,0.004757941718778323,0.0034110530723030683,0.0009515883437556645,0.32485368300315715,0.3816543697543915,0.06497073660063146,0.07633087395087829
30,0.1,10.0,5.0,5.0,2,5.0,4.999999999999999,0.3134202719779046,0.37358925809991966,0.06268405439558092,0.07471785161998394,0.03455782757489307,0.03953021799879274,0.006911565514978614,0.00790604359975855,0.017115191176346793,0.004756879981273804,0.0034230382352693585,0.0009513759962547609,0.32056618748794163,0.4507697046990516,0.06411323749758832,0.09015394093981033
30,0.1,10.0,5.0,5.0,3,5.000000000000002,5.0,0.31314031747288823,0.3735302629048366,0.06262806349457763,0.07470605258096732,0.034587591034044005,0.03951911459317487,0.0069175182068087985,0.007903822918634975,0.017216156617361835,0.004873941188632637,0.003443231323472366,0.0009747882377265274,0.2726470796690017,0.37302890488490215,0.05452941593380032,0.07460578097698042
30,0.1,10.0,10.0,2.0,0,9.999999999999998,2.0,0.3138351926576046,0.37361601393620636,0.03138351926576047,0.18680800696810318,0.03485033506396997,0.03952713114449907,0.003485033506396998,0.019763565572249536,0.01674484075166121,0.004669184017870923,0.0016744840751661213,0.0023345920089354617,0.0940566464256424,0.11165867082177433,0.009405664642564242,0.055829335410887165
30,0.1,10.0,10.0,2.0,1,10.0,1.9999999999999996,0.3134138661983434,0.37359763449918115,0.031341386619834335,0.1867988172495906,0.034558381269401875,0.039528702358101936,0.0034558381269401877,0.01976435117905097,0.017116762474014086,0.004757930055233336,0.0017116762474014085,0.0023789650276166683,0.3248635637616361,0.3816655012926113,0.03248635637616361,0.1908327506463057
30,0.1,10.0,10.0,2.0,2,10.000000000000002,2.0,0.3134664566619292,0.3735947580892713,0.03134664566619291,0.18679737904463564,0.034471816684044615,0.039508003973376504,0.003447181668404461,0.019754001986688252,0.016986755163403505,0.004693091810469499,0.0016986755163403502,0.0023465459052347494,0.32031269170104587,0.4507375942100988,0.032031269170104584,0.2253687971050494
30,0.1,10.0,10.0,2.0,3,10.0,1.9999999999999996,0.31344633347507234,0.37359653841980217,0.031344633347507235,0.1867982692099011,0.03458729725414516,0.03952785702980879,0.003458729725414516,0.019763928514904397,0.01704036554998912,0.004765663153488868,0.0017040365549989118,0.0023828315767444345,0.27266814197498646,0.37303522661103455,0.027266814197498646,0.1865176133055173
30,0.1,10.0,10.0,5.0,0,10.000000000000004,5.0,0.3134075963066828,0.37359417838496073,0.03134075963066827,0.07471883567699214,0.03460681753931165,0.03952682343306164,0.0034606817539311638,0.007905364686612328,0.017049230646836416,0.004751875462731731,0.001704923064683641,0.0009503750925463463,0.09371243539695548,0.11163474440600107,0.009371243539695545,0.022326948881200216
30,0.1,10.0,10.0,5.0,1,9.999999999999996,4.999999999999999,0.31331864073390475,0.37356767913703554,0.03133186407339049,0.07471353582740713,0.03457513963096728,0.03952156002680633,0.0034575139630967297,0.007904312005361267,0.017125473902923113,0.004768998792348156,0.001712547390292312,0.0009537997584696314,0.32486796507333227,0.38165875069684996,0.032486796507333236,0.07633175013937
30,0.1,10.0,10.0,5.0,2,10.0,5.000000000000001,0.3133299858053428,0.3735657776411144,0.03133299858053428,0.07471315552822287,0.034608040057623794,0.03950767631077653,0.0034608040057623793,0.007901535262155304,0.01711302403707931,0.004827205345503219,0.0017113024037079308,0.0009654410691006437,0.32098638160899545,0.4508062118675302,0.03209863816089954,0.09016124237350603
30,0.1,10.0,10.0,5.0,3,10.0,4.999999999999999,0.3132117029779087,0.3735479815012686,0.03132117029779087,0.07470959630025374,0.03454831911949666,0.03952177924403527,0.0034548319119496657,0.007904355848807056,0.017296524131463768,0.00484815773513581,0.0017296524131463768,0.0009696315470271623,0.27245556421946115,0.37299887585638997,0.027245556421946114,0.07459977517127801
30,0.1,10.0,20.0,2.0,0,20.000000000000004,1.9999999999999996,0.30796140898521485,0.3720769177566419,0.01539807044926074,0.186038458878321,0.03944927808443574,0.03986354728605288,0.0019724639042217867,0.019931773643026444,0.023908792121488075,0.00863924227176671,0.0011954396060744035,0.004319621135883356,0.08639963214427411,0.10936622580456624,0.004319981607213705,0.054683112902283136
30,0.1,10.0,20.0,2.0,1,20.000000000000004,2.0,0.304668592258413,0.3729454642863197,0.015233429612920646,0.18647273214315985,0.05303926573995903,0.04165289847547985,0.002651963286997951,0.020826449237739925,0.03277789691979347,0.010475648015194903,0.0016388948459896732,0.005237824007597452,0.31853584234071164,0.3812480301604766,0.015926792117035578,0.1906240150802383
30,0.1,10.0,20.0,2.0,2,20.0,2.0,0.2929482152316413,0.3654189820314576,0.014647410761582064,0.1827094910157288,0.0415211336901613,0.03603831686577012,0.002076056684508065,0.01801915843288506,0.006082876633265436,0.004726626342091616,0.00030414383166327177,0.002363313171045808,0.2611504102474516,0.43818370717996197,0.013057520512372581,0.21909185358998098
30,0.1,10.0,20.0,2.0,3,20.0,2.0,0.28564255259920346,0.36726364405567746,0.014282127629960173,0.18363182202783873,0.03382231857766562,0.03982662808072015,0.001691115928883281,0.019913314040360074,0.08625738599592817,0.025293634033994605,0.004312869299796409,0.012646817016997302,0.2546323158557077,0.37214063189759417,0.012731615792785386,0.18607031594879708
30,0.1,10.0,20.0,5.0,0,20.0,5.0,0.3134313510827844,0.37358777315484437,0.01567156755413922,0.07471755463096888,0.03458427549211879,0.03951992685258956,0.0017292137746059393,0.007903985370517912,0.017145550302041516,0.00480160562125857,0.0008572775151020758,0.000960321124251714,0.09364531987264349,0.11160942361490832,0.0046822659936321745,0.022321884722981664
30,0.1,10.0,20.0,5.0,1,20.000000000000004,4.999999999999999,0.2279775048103517,0.3831198270251041,0.011398875240517583,0.07662396540502084,0.29840474815455426,0.1050702930352803,0.01492023740772771,0.021014058607056064,0.10247503804060855,0.03480263526491083,0.005123751902030426,0.006960527052982167,0.4995064899838292,0.4178751194761116,0.024975324499191456,0.08357502389522234
30,0.1,10.0,20.0,5.0,2,20.000000000000004,5.0,19.9886345571272,5.857545781403147,0.9994317278563598,1.1715091562806292,11.369277804355248,3.161163224013821,0.5684638902177622,0.6322326448027642,19.82837251109575,5.805762639977608,0.9914186255547873,1.1611525279955217,24.63959427424335,7.147321460672276,1.2319797137121673,1.4294642921344551
30,0.1,10.0,20.0,5.0,3,19.999999999999996,4.999999999999998,0.5407576873838615,0.39009473414745294,0.02703788436919308,0.07801894682949062,0.06372893263551298,0.04326414156551973,0.0031864466317756495,0.008652828313103949,0.5243335330920676,0.15832314835341718,0.026216676654603387,0.031664629670683446,0.38569343595393946,0.3635778371872635,0.019284671797696978,0.07271556743745272
30,0.2,0.0,5.0,2.0,0,5.0,2.0,0.013754364502969118,0.0042272610616713654,0.0027508729005938236,0.0021136305308356827,0.02902470757844247,0.013100512276387652,0.005804941515688495,0.006550256138193826,0.01812017682226369,0.00964755527636777,0.003624035364452738,0.004823777638183885,0.016615806762459332,0.004617365108299099,0.0033231613524918662,0.0023086825541495494
30,0.2,0.0,5.0,2.0,1,5.0,1.9999999999999996,0.013784499665667402,0.004227624975770219,0.0027568999331334804,0.00211381248788511,0.029078402556570338,0.013127235298516678,0.005815680511314068,0.0065636176492583406,0.018101547729028132,0.009639908626681296,0.0036203095458056263,0.004819954313340649,0.021729533695991312,0.005874240910561777,0.004345906739198263,0.0029371204552808895
30,0.2,0.0,5.0,2.0,2,5.000000000000001,2.0,0.013840107383967442,0.00426431142975609,0.002768021476793488,0.002132155714878045,0.028974254024000584,0.01311265894697906,0.005794850804800116,0.00655632947348953,0.018122683354470693,0.009648083077851446,0.003624536670894138,0.004824041538925723,0.006588482996580852,0.006359356749796059,0.0013176965993161702,0.0031796783748980293
30,0.2,0.0,5.0,2.0,3,4.999999999999999,2.0000000000000004,0.013769191356484085,0.004231453499284117,0.0027538382712968177,0.002115726749642058,0.029003965721540046,0.013100948083762581,0.00580079314430801,0.006550474041881289,0.018134849682441,0.009652252320632304,0.0036269699364882006,0.004826126160316151,0.014633456267568002,0.006109177287282298,0.002926691253513601,0.003054588643641148
30,0.2,0.0,5.0,5.0,0,4.999999999999998,4.999999999999999,0.013888888933768962,0.004239348057466306,0.002777777786753793,0.0008478696114932613,0.028969334759333366,0.013097578785448592,0.005793866951866676,0.002619515757089719,0.018366235959959912,0.009704197582080812,0.0036732471919919837,0.0019408395164161626,0.016826543809099044,0.004686929364239684,0.00336530876181981,0.0009373858728479369
30,0.2,0.0,5.0,5.0,1,5.0,4.999999999999999,0.013692562653692288,0.004214283208976929,0.0027385125307384578,0.0008428566417953859,0.029054433403163816,0.013116937434287027,0.005810886680632763,0.002623387486857406,0.018114562525801688,0.009650265857428248,0.0036229125051603374,0.00193005317148565,0.02175917766261799,0.005844773627244109,0.004351835532523598,0.0011689547254488222
30,0.2,0.0,5.0,5.0,2,5.0,4.999999999999999,0.013694880185959315,0.004221815605217538,0.002738976037191863,0.0008443631210435077,0.028963426454174393,0.013104947768214343,0.005792685290834878,0.002620989553642869,0.018029355053674805,0.009626829286235677,0.0036058710107349607,0.0019253658572471358,0.006624977596510993,0.00636270753192392,0.0013249955193021987,0.0012725415063847842
30,0.2,0.0,5.0,5.0,3,5.0,5.0,0.01373506950138558,0.004234209147244233,0.002747013900277116,0.0008468418294488467,0.02901465175993082,0.013108167112232038,0.005802930351986164,0.0026216334224464077,0.018118227103389575,0.009645286630320249,0.0036236454206779152,0.0019290573260640498,0.014629081247241155,0.006109933141350845,0.002925816249448231,0.001221986628270169
30,0.2,0.0,10.0,2.0,0,10.000000000000004,2.0,0.013787121755562057,0.004235220085328555,0.0013787121755562052,0.0021176100426642773,0.029073475309293426,0.01312298439228771,0.0029073475309293415,0.006561492196143855,0.018129075864659797,0.009653026631252453,0.001812907586465979,0.004826513315626227,0.01672453098000826,0.004638239234633338,0.0016724530980008253,0.002319119617316669
30,0.2,0.0,10.0,2.0,1,10.0,2.0,0.013801419318977352,0.004228866299475786,0.0013801419318977353,0.002114433149737893,0.028980793773280607,0.013107010697644503,0.0028980793773280607,0.006553505348822252,0.01807199995299509,0.00964039481661251,0.001807199995299509,0.004820197408306255,0.021749365080444106,0.005865842890052599,0.0021749365080444105,0.0029329214450262995
30,0.2,0.0,10.0,2.0,2,10.0,2.0,0.013801155052956942,0.004230006650313489,0.001380115505295694,0.0021150033251567447,0.02903531637034622,0.013106062291339857,0.002903531637034622,0.006553031145669928,0.01812923417690574,0.00965304919483084,0.001812923417690574,0.00482652459741542,0.006551220077906564,0.006347124844803363,0.0006551220077906564,0.0031735624224016813
30,0.2,0.0,10.0,2.0,3,10.000000000000002,2.0000000000000004,0.013807309004589855,0.00421641464026916,0.0013807309004589853,0.0021082073201345794,0.029057223365540074,0.013124305427869068,0.002905722336554007,0.006562152713934532,0.018105610056862557,0.009626239359724625,0.0018105610056862555,0.004813119679862312,0.014698555665685472,0.0060993862762387194,0.001469855566568547,0.003049693138119359
30,0.2,0.0,10.0,5.0,0,10.0,4.999999999999999,0.013812174530225882,0.004245969842311003,0.0013812174530225883,0.0008491939684622007,0.029074159642533834,0.013126523002488835,0.0029074159642533833,0.0026253046004977676,0.01811132434574343,0.009647907785622864,0.001811132434574343,0.0019295815571245731,0.016654356817287323,0.004621814619190677,0.0016654356817287323,0.0009243629238381356
30,0.2,0.0,10.0,5.0,1,10.0,4.999999999999999,0.02939524103785817,0.008632113232783917,0.002939524103785817,0.0017264226465567838,0.03198403521155086,0.013301995206409003,0.003198403521155086,0.0026603990412818013,0.024814872208746945,0.011498971855086675,0.0024814872208746945,0.0022997943710173353,0.030276386786648866,0.007864852885257937,0.0030276386786648865,0.0015729705770515876
30,0.2,0.0,10.0,5.0,2,10.0,5.0,0.015311163421387566,0.004557799643197719,0.0015311163421387567,0.0009115599286395437,0.030048066877690426,0.013295420888899205,0.0030048066877690427,0.002659084177779841,0.020884258404821717,0.010425498533458389,0.002088425840482172,0.002085099706691678,0.004538953491993054,0.005848650711275561,0.0004538953491993054,0.0011697301422551123
30,0.2,0.0,10.0,5.0,3,10.0,5.0,0.013743769868579066,0.004217917721511773,0.0013743769868579067,0.0008435835443023546,0.028962489146475208,0.01311702512776628,0.0028962489146475206,0.002623405025553256,0.01813404421684589,0.009665254258726984,0.001813404421684589,0.0019330508517453968,0.014577129973101226,0.006104231224289002,0.0014577129973101226,0.0012208462448578005
30,0.2,0.0,20.0,2.0,0,20.0,1.9999999999999996,0.0814056578689975,0.024080480282569778,0.0040702828934498754,0.012040240141284892,0.034974637971514726,0.015623191659679792,0.0017487318985757363,0.0078115958298398975,0.0902415465289462,0.03019914969076919,0.00451207732644731,0.015099574845384598,0.09067434694053651,0.028379375741053377,0.004533717347026825,0.014189687870526692
30,0.2,0.0,20.0,2.0,1,20.0,2.0,0.013487529596256324,0.004116811050650697,0.0006743764798128162,0.0020584055253253485,0.02902311343113401,0.013083460312913409,0.0014511556715567004,0.006541730156456704,0.01824235786230167,0.009677524774958835,0.0009121178931150835,0.004838762387479417,0.02167918727957878,0.0057854308168809486,0.001083959363978939,0.0028927154084404743
30,0.2,0.0,20.0,2.0,2,20.0,2.0,0.013641590958411083,0.004298845494041895,0.0006820795479205541,0.0021494227470209475,0.029205753953069957,0.013353299785597041,0.001460287697653498,0.006676649892798521,0.02187118995482877,0.010681037612434349,0.0010935594977414386,0.0053405188062171744,0.006064609238724542,0.006188089552423365,0.0003032304619362271,0.0030940447762116824
30,0.2,0.0,20.0,2.0,3,20.0,2.0,0.01389960342843777,0.00440356504131942,0.0006949801714218885,0.00220178252065971,0.029004592583181523,0.013173069169129515,0.0014502296291590761,0.0065865345845647575,0.01752051637697831,0.009526499266355046,0.0008760258188489154,0.004763249633177523,0.014727101260871813,0.0063332246725310085,0.0007363550630435907,0.0031666123362655042
30,0.2,0.0,20.0,5.0,0,20.000000000000007,5.0,10.222995562020422,1.1994526011438835,0.5111497781010209,0.23989052022877672,11.929455055720416,1.630145179448485,0.5964727527860205,0.326029035889697,12.832229990335758,2.747974847555817,0.6416114995167876,0.5495949695111634,11.941609122730211,1.501533819057707,0.5970804561365104,0.3003067638115414
30,0.2,0.0,20.0,5.0,1,20.0,4.999999999999998,0.031312605854156884,0.00856114799083971,0.0015656302927078442,0.0017122295981679427,0.07536394448096924,0.025472495455535104,0.003768197224048462,0.005094499091107023,0.03668727749984107,0.01412497436772861,0.0018343638749920535,0.002824994873545723,0.059556430694757495,0.018188451922021023,0.002977821534737875,0.003637690384404206
30,0.2,0.0,20.0,5.0,2,20.0,5.0,0.015034386220698779,0.004338601055528004,0.000751719311034939,0.0008677202111056009,0.029387677566711172,0.013236948989897275,0.0014693838783355587,0.002647389797979455,0.020306771892898458,0.01024892106729696,0.0010153385946449229,0.0020497842134593923,0.006507354163578691,0.00633735359737181,0.00032536770817893457,0.001267470719474362
30,0.2,0.0,20.0,5.0,3,19.999999999999996,5.0,0.21256914765607676,0.18180442778608807,0.01062845738280384,0.036360885557217615,1.0022737001824418,0.3779198037935248,0.0501136850091221,0.07558396075870497,0.9452410668036125,0.5464014195940876,0.04726205334018063,0.10928028391881753,0.5398550716886256,0.19185907669266694,0.026992753584431282,0.038371815338533385
30,0.2,2.0,5.0,2.0,0,5.000000000000001,1.9999999999999996,4.759614040868756,1.8231688343880668,0.9519228081737511,0.9115844171940336,0.7098922851548702,0.28582204057998994,0.14197845703097403,0.142911020289995,0.018148000409222338,0.009664943044738345,0.0036296000818444667,0.004832471522369174,5.0080637602764915,2.0999067543421996,1.0016127520552982,1.0499533771711
30,0.2,2.0,5.0,2.0,1,5.0,2.0000000000000004,4.760258864778868,1.8232745074667265,0.9520517729557737,0.911637253733363,0.7099777418214694,0.28582011538820684,0.1419955483642939,0.1429100576941034,0.01812676670095297,0.009648676749966037,0.0036253533401905936,0.004824338374983018,5.335577912777193,2.572534445772955,1.0671155825554386,1.2862672228864773
30,0.2,2.0,5.0,2.0,2,5.000000000000001,2.0,4.759052934662406,1.8230866448492158,0.951810586932481,0.9115433224246079,0.7099667439955689,0.28583548540868037,0.14199334879911377,0.14291774270434018,0.0181065782171383,0.009646475259399313,0.003621315643427659,0.004823237629699656,5.106993072616679,1.2191693413112852,1.0213986145233356,0.6095846706556426
30,0.2,2.0,5.0,2.0,3,5.000000000000002,2.0000000000000004,4.757009426386283,1.8227707688107342,0.9514018852772562,0.9113853844053669,0.7098958817940582,0.2858293297421826,0.14197917635881158,0.14291466487109128,0.018083174362497737,0.009629627395101294,0.0036166348724995462,0.004814813697550646,4.143363075585539,1.2744827712965319,0.8286726151171074,0.6372413856482658
30,0.2,2.0,5.0,5.0,0,5.0,4.999999999999999,4.74832663087127,1.8213892100323286,0.949665326174254,0.3642778420064658,0.7099183736705796,0.2858094712320615,0.14198367473411594,0.05716189424641231,0.01806524730192406,0.00963267163300874,0.0036130494603848124,0.0019265343266017484,4.9982311626466585,2.0982397699608253,0.9996462325293317,0.41964795399216515
30,0.2,2.0,5.0,5.0,1,5.0,5.0,4.748237075562828,1.8214203526032484,0.9496474151125656,0.3642840705206497,0.7098938136094678,0.2858213207746877,0.14197876272189355,0.05716426415493754,0.01814632359332186,0.009652128327321817,0.003629264718664372,0.0019304256654643632,5.325604210130827,2.5687102273620925,1.0651208420261653,0.5137420454724185
30,0.2,2.0,5.0,5.0,2,5.0,5.0,4.761470257738488,1.8234529531656327,0.9522940515476976,0.36469059063312653,0.7105152874799773,0.2859601970546037,0.14210305749599544,0.057192039410920735,0.01808409547569725,0.009613675417894303,0.00361681909513945,0.0019227350835788605,5.111571880931551,1.2198663475936853,1.0223143761863103,0.24397326951873705
30,0.2,2.0,5.0,5.0,3,5.0,5.0,4.7599254900187775,1.823214267484473,0.9519850980037555,0.36464285349689457,0.7099410943384773,0.28581118240392567,0.14198821886769547,0.05716223648078513,0.018086299258257433,0.009626821576444431,0.0036172598516514866,0.0019253643152888863,4.148306947352647,1.2744685675561676,0.8296613894705294,0.2548937135112335
30,0.2,2.0,10.0,2.0,0,10.0,1.9999999999999996,4.760110260897575,1.8232495275721885,0.4760110260897575,0.9116247637860945,0.7099727253889432,0.28583836942121993,0.07099727253889432,0.14291918471061,0.018144418959794243,0.009661732174037041,0.0018144418959794243,0.004830866087018521,5.008352798920171,2.099962474976861,0.5008352798920171,1.0499812374884308
30,0.2,2.0,10.0,2.0,1,10.000000000000002,2.0,4.761181028509943,1.8234018401042855,0.47611810285099426,0.9117009200521428,0.7103345637256083,0.2859122567813998,0.07103345637256082,0.1429561283906999,0.018066598576569583,0.009634013298225011,0.001806659857656958,0.0048170066491125055,5.336544345659527,2.5729124152367078,0.5336544345659526,1.2864562076183539
30,0.2,2.0,10.0,2.0,2,10.0,2.0,4.757898456474814,1.8229143978815008,0.47578984564748145,0.9114571989407504,0.7099640636467409,0.28584380585174174,0.0709964063646741,0.14292190292587087,0.01812012785683295,0.009650446093373729,0.0018120127856832951,0.0048252230466868645,5.102680048561274,1.2184938309798674,0.5102680048561274,0.6092469154899337
30,0.2,2.0,10.0,2.0,3,10.000000000000002,1.9999999999999996,4.736927114299678,1.8194874159659165,0.4736927114299677,0.9097437079829584,0.7099711624908901,0.2858374691675564,0.070997116249089,0.14291873458377824,0.018033084177893562,0.009622911063987159,0.0018033084177893558,0.00481145553199358,4.108406580279022,1.2740535596352223,0.4108406580279021,0.6370267798176112
30,0.2,2.0,10.0,5.0,0,10.0,4.999999999999999,4.7713865770526835,1.824953732872297,0.47713865770526837,0.36499074657445946,0.7482585239311417,0.29119896842648135,0.07482585239311416,0.05823979368529628,0.01566853079551672,0.009088322430496756,0.0015668530795516719,0.0018176644860993514,5.0196492759053735,2.1017890019048684,0.5019649275905373,0.42035780038097376
30,0.2,2.0,10.0,5.0,1,9.999999999999996,4.999999999999998,4.761380552982312,1.823438797552114,0.4761380552982314,0.3646877595104229,0.7107663519745542,0.2859921806464315,0.07107663519745544,0.05719843612928632,0.018050856957618402,0.009610522927953963,0.0018050856957618408,0.0019221045855907933,5.336621052377318,2.572935683713808,0.5336621052377319,0.5145871367427618
30,0.2,2.0,10.0,5.0,2,9.999999999999998,4.999999999999999,4.756151633964376,1.8226348231666507,0.4756151633964377,0.36452696463333023,0.709906829642205,0.28582702146919425,0.07099068296422051,0.05716540429383886,0.018148008990815617,0.00965514313454564,0.0018148008990815621,0.0019310286269091283,5.103900710803418,1.2186767581005016,0.510390071080342,0.24373535162010035
30,0.2,2.0,10.0,5.0,3,10.0,4.999999999999998,4.714230562970551,1.8143479597259444,0.47142305629705505,0.36286959194518903,0.7109146921309645,0.28603309853656533,0.07109146921309645,0.05720661970731309,0.018680958953836556,0.009857146703662044,0.0018680958953836556,0.0019714293407324095,4.0677638186937495,1.2704122471343045,0.4067763818693749,0.254082449426861
30,0.2,2.0,20.0,2.0,0,20.000000000000007,2.0000000000000004,4.761068211477693,1.8233673715280299,0.23805341057388457,0.9116836857640147,0.7106820015844175,0.2859905364200083,0.035534100079220865,0.14299526821000413,0.01779393382397469,0.00956095938242772,0.0008896966911987341,0.004780479691213859,5.009333726995507,2.100103674354084,0.25046668634977526,1.0500518371770418
30,0.2,2.0,20.0,2.0,1,20.0,2.0,4.630900528475283,1.7992464378808202,0.23154502642376412,0.8996232189404101,0.71044095651368,0.28592906343054736,0.035522047825684,0.14296453171527368,0.019338429347576035,0.009978183974931734,0.0009669214673788017,0.004989091987465867,5.239375731988406,2.535475276212262,0.2619687865994203,1.267737638106131
30,0.2,2.0,20.0,2.0,2,20.0,1.9999999999999996,4.881271183558301,1.8394289321997646,0.24406355917791506,0.9197144660998825,1.2052894892539274,0.34189380327433655,0.06026447446269637,0.1709469016371683,0.011996637672160106,0.005676205465796567,0.0005998318836080053,0.002838102732898284,5.203772886737373,1.2342288054878803,0.26018864433686867,0.6171144027439402
30,0.2,2.0,20.0,2.0,3,20.0,2.0,4.710981944703318,1.8151709770747495,0.23554909723516587,0.9075854885373748,0.7099520661156175,0.28582693323262093,0.035497603305780875,0.14291346661631046,0.017919908448638666,0.009590314915432628,0.0008959954224319333,0.004795157457716314,4.03887711522433,1.2708473747387257,0.20194385576121648,0.6354236873693628
30,0.2,2.0,20.0,5.0,0,20.0,4.999999999999999,4.794294881480746,1.8279417683012311,0.2397147440740373,0.3655883536602463,0.7822323252399007,0.29629314546298574,0.03911161626199504,0.05925862909259716,0.025581786800148585,0.01175642241987959,0.0012790893400074293,0.0023512844839759183,5.039720321602403,2.1046379681689373,0.25198601608012017,0.42092759363378757
30,0.2,2.0,20.0,5.0,1,19.999999999999996,5.0,3.881723951823163,1.6388328306265583,0.1940861975911582,0.32776656612531163,0.7553887269547847,0.31507234236210274,0.03776943634773924,0.06301446847242055,0.05517858099761499,0.020916627970365028,0.00275892904988075,0.004183325594073006,4.721389779367451,2.3757437973662667,0.2360694889683726,0.47514875947325336
30,0.2,2.0,20.0,5.0,2,19.999999999999996,4.999999999999999,8.33522719877324,3.2084278618111934,0.41676135993866203,0.6416855723622388,1.5543171588047975,0.4866821582450437,0.07771585794023989,0.09733643164900875,6.341975435904123,2.0112145149804483,0.31709877179520624,0.4022429029960897,9.428239255279795,1.7575216693355602,0.47141196276398983,0.3515043338671121
30,0.2,2.0,20.0,5.0,3,19.999999999999993,4.999999999999997,4.765235207758396,1.823996356612613,0.23826176038791988,0.36479927132252277,0.7131241932916761,0.2864367156317296,0.03565620966458382,0.05728734312634595,0.01862682201706985,0.009781247292033144,0.0009313411008534928,0.0019562494584066297,4.15890169442497,1.274348492268295,0.2079450847212486,0.25486969845365914
30,0.2,5.0,5.0,2.0,0,5.000000000000001,2.0,5.528333545485153,1.3442899899683614,1.1056667090970305,0.6721449949841807,0.334321765158686,0.07282358148193938,0.06686435303173718,0.03641179074096969,0.018148862943367434,0.009660884275918885,0.003629772588673486,0.004830442137959442,5.747473871290027,1.3258795706867603,1.1494947742580053,0.6629397853433802
30,0.2,5.0,5.0,2.0,1,5.000000000000003,2.0,5.506441057944329,1.3359210088114977,1.1012882115888651,0.6679605044057488,0.33429813277728787,0.07280765862013819,0.06685962655545753,0.036403829310069094,0.01810643194690941,0.009638730114774726,0.0036212863893818805,0.004819365057387363,4.321164369002605,0.9524542695996597,0.8642328738005205,0.47622713479982987
30,0.2,5.0,5.0,2.0,2,4.999999999999999,2.0,5.5467467948242355,1.352219003706701,1.1093493589648473,0.6761095018533505,0.3343533612464203,0.07282044321725063,0.06687067224928407,0.036410221608625316,0.01811680207917971,0.009645297848115526,0.0036233604158359425,0.004822648924057763,5.902847285406875,1.2898804421845442,1.1805694570813754,0.6449402210922721
30,0.2,5.0,5.0,2.0,3,5.000000000000001,2.0,5.497723472478447,1.3326338937731577,1.0995446944956893,0.6663169468865788,0.3342840238101762,0.07281487703140369,0.06685680476203523,0.03640743851570184,0.018093633596411217,0.009629069663643791,0.0036187267192822428,0.004814534831821896,6.290046409297241,0.7466535330307965,1.258009281859448,0.37332676651539826
30,0.2,5.0,5.0,5.0,0,4.999999999999999,4.999999999999999,5.496535211322499,1.3322831414356078,1.0993070422645,0.2664566282871216,0.3343124568214633,0.07282411340191546,0.06686249136429268,0.014564822680383093,0.018120942416357037,0.009649321812226684,0.003624188483271408,0.001929864362445337,5.7336617318189305,1.3223262195393957,1.1467323463637864,0.2644652439078792
30,0.2,5.0,5.0,5.0,1,4.999999999999999,5.0,5.512454476853658,1.3384894644567833,1.1024908953707317,0.26769789289135665,0.3343082252260213,0.07282011781094819,0.06686164504520428,0.014564023562189637,0.018079409817882332,0.009626899818791551,0.003615881963576467,0.0019253799637583102,4.321278154453319,0.9524919028935666,0.8642556308906639,0.19049838057871332
30,0.2,5.0,5.0,5.0,2,5.0,4.999999999999998,5.46013859874781,1.321318966276522,1.092027719749562,0.26426379325530447,0.3343296262262889,0.07282316665611559,0.06686592524525778,0.014564633331223122,0.018116446202827003,0.009649608491263362,0.0036232892405654005,0.0019299216982526732,5.540543987978929,1.1788181225938252,1.108108797595786,0.23576362451876512
30,0.2,5.0,5.0,5.0,3,4.999999999999999,5.0,5.493462306062538,1.3316106858184755,1.0986924612125077,0.2663221371636951,0.3343229962969075,0.07281890090504553,0.06686459925938151,0.014563780181009105,0.018163758789514046,0.009671533385928337,0.00363275175790281,0.0019343066771856676,6.28134965118772,0.7426526639305476,1.2562699302375442,0.14853053278610953
30,0.2,5.0,10.0,2.0,0,10.0,1.9999999999999996,5.38087586330672,1.2984200305863423,0.538087586330672,0.6492100152931712,0.3342867170031136,0.07278934421607197,0.03342867170031136,0.03639467210803599,0.01767512516084881,0.009518889439413165,0.001767512516084881,0.004759444719706583,5.650298553540481,1.3030994734458143,0.5650298553540481,0.6515497367229073
30,0.2,5.0,10.0,2.0,1,10.000000000000002,2.0,5.443089865759062,1.3145455809160147,0.5443089865759061,0.6572727904580073,0.33427600664092644,0.07281368663948551,0.03342760066409264,0.036406843319742754,0.018178836228433772,0.00967411456315401,0.0018178836228433769,0.004837057281577005,4.31141060307463,0.9505040644217057,0.4311410603074629,0.4752520322108528
30,0.2,5.0,10.0,2.0,2,10.0,2.0,5.522365575570306,1.3415955191591362,0.5522365575570306,0.6707977595795681,0.33428256253210475,0.07282124037266192,0.03342825625321048,0.03641062018633096,0.018082251479838066,0.009630269333150086,0.0018082251479838065,0.004815134666575043,5.726309805196566,1.2330033794326207,0.5726309805196566,0.6165016897163104
30,0.2,5.0,10.0,2.0,3,10.000000000000002,2.0,5.4924891721807745,1.3307915151010177,0.5492489172180773,0.6653957575505088,0.33427559523429,0.07281558821586791,0.033427559523429,0.036407794107933954,0.018093563364109763,0.009638656802451273,0.001809356336410976,0.004819328401225636,6.281981530230999,0.7419002310303977,0.6281981530230998,0.37095011551519885
30,0.2,5.0,10.0,5.0,0,9.999999999999998,5.0,5.495077898860033,1.3317994899207148,0.5495077898860034,0.26635989798414295,0.33428945730003606,0.07281592735590985,0.033428945730003615,0.01456318547118197,0.01813941499921413,0.009651992709423369,0.0018139414999214134,0.0019303985418846737,5.733710058577342,1.3223107780998653,0.5733710058577344,0.26446215561997305
30,0.2,5.0,10.0,5.0,1,9.999999999999996,5.000000000000001,5.419694045795467,1.3060157932158083,0.5419694045795469,0.2612031586431616,0.3343208482556165,0.07285844806495784,0.03343208482556166,0.014571689612991564,0.017622952254469443,0.009501737522886819,0.0017622952254469448,0.0019003475045773633,4.307533529596887,0.9494018791275145,0.4307533529596888,0.18988037582550288
30,0.2,5.0,10.0,5.0,2,10.0,5.0,5.865201134392753,1.5021354410915517,0.5865201134392752,0.3004270882183103,0.3343812989895911,0.07290527225699427,0.03343812989895911,0.014581054451398854,0.01816225418901566,0.009650123825755473,0.001816225418901566,0.0019300247651510946,6.92713150958061,1.6905338753460515,0.692713150958061,0.3381067750692103
30,0.2,5.0,10.0,5.0,3,10.0,4.999999999999998,5.42946003999224,1.308676411971856,0.542946003999224,0.26173528239437127,0.33434508687547565,0.07280723432231698,0.03343450868754756,0.0145614468644634,0.01790401495116255,0.009646011189167197,0.0017904014951162551,0.00192920223783344,6.203294070466123,0.690844562237435,0.6203294070466123,0.13816891244748705
30,0.2,5.0,20.0,2.0,0,20.0,2.0,5.618186474919561,1.3836345993103893,0.28090932374597805,0.6918172996551947,0.3342937401916529,0.07281215057709946,0.016714687009582646,0.03640607528854973,0.018114562194661323,0.009655299801524395,0.0009057281097330661,0.004827649900762197,5.77053798036722,1.3319485035750054,0.28852689901836104,0.6659742517875027
30,0.2,5.0,20.0,2.0,1,20.0,1.9999999999999996,5.337676502709207,1.2858491273432289,0.26688382513546033,0.6429245636716145,0.3342963483593782,0.07281587029805832,0.01671481741796891,0.036407935149029166,0.017957247586809544,0.009603295194778384,0.0008978623793404772,0.004801647597389193,4.277555039318732,0.9444334081058129,0.21387775196593659,0.47221670405290656
30,0.2,5.0,20.0,2.0,2,19.999999999999996,2.0,6.22690684743754,2.8186934762665237,0.31134534237187705,1.4093467381332618,0.5150017092560013,0.19911910632848576,0.02575008546280007,0.09955955316424288,0.08380919399721685,0.032734497768688725,0.0041904596998608434,0.016367248884344363,5.830184866919712,1.7216846890484243,0.29150924334598566,0.8608423445242122
30,0.2,5.0,20.0,2.0,3,20.000000000000004,2.0,11.34718403962749,3.028061179576351,0.5673592019813744,1.5140305897881754,14.873870651047778,4.063921407983188,0.7436935325523888,2.031960703991594,0.016178223777775124,0.0036646632967717186,0.000808911188888756,0.0018323316483858593,13.370687781804108,2.7020886247234093,0.6685343890902052,1.3510443123617046
30,0.2,5.0,20.0,5.0,0,20.0,5.0,5.485665167207204,1.327771014506869,0.27428325836036016,0.2655542029013738,0.33430587011166035,0.07282234312487133,0.01671529350558302,0.014564468624974267,0.018080936631732394,0.009634729587992953,0.0009040468315866197,0.0019269459175985906,5.731444319743375,1.3217422151191112,0.28657221598716875,0.2643484430238222
30,0.2,5.0,20.0,5.0,1,19.999999999999996,5.0,5.416703677995149,1.3117972277185626,0.27083518389975747,0.2623594455437125,0.33429780574394435,0.07282671070920264,0.01671489028719722,0.014565342141840529,0.01821554576900489,0.009676591700729882,0.0009107772884502447,0.0019353183401459764,4.291174447140755,0.9464467122105387,0.2145587223570378,0.18928934244210774
30,0.2,5.0,20.0,5.0,2,19.999999999999996,4.999999999999998,5.471991939890693,1.3266812643974693,0.27359959699453473,0.2653362528794939,0.3343063970633634,0.07282025405169526,0.016715319853168174,0.014564050810339057,0.01807580179310205,0.009628158335487937,0.0009037900896551026,0.0019256316670975882,5.562918868370596,1.186364244769724,0.27814594341852983,0.23727284895394488
30,0.2,5.0,20.0,5.0,3,20.0,4.999999999999999,5.86830615404631,1.484116385619073,0.2934153077023155,0.2968232771238147,0.33470494926726646,0.07249767524149638,0.01673524746336332,0.014499535048299277,0.018583213260534994,0.009794455716130905,0.0009291606630267497,0.0019588911432261813,6.665811319600646,0.974332962834816,0.3332905659800323,0.19486659256696323
30,0.2,10.0,5.0,2.0,0,5.000000000000002,2.0,1.4290487208855576,1.0464764169626724,0.2858097441771114,0.5232382084813362,0.1228168112328522,0.06570082129416628,0.02456336224657043,0.03285041064708314,0.018126917485133523,0.009653742088577987,0.0036253834970267035,0.004826871044288993,1.703065965569023,1.0494661725948562,0.3406131931138045,0.5247330862974281
30,0.2,10.0,5.0,2.0,1,4.999999999999999,1.9999999999999996,1.431826535582129,1.048729146107851,0.2863653071164258,0.5243645730539256,0.12284461541342466,0.06569186718316472,0.024568923082684935,0.03284593359158237,0.018112054514365913,0.009643902604672329,0.0036224109028731833,0.004821951302336165,1.7694410475726807,1.1043041286943807,0.3538882095145362,0.5521520643471904
30,0.2,10.0,5.0,2.0,2,5.0,2.0,1.4259388682806293,1.0437778872815173,0.28518777365612585,0.5218889436407587,0.1228298215091544,0.0657128441150712,0.024565964301830882,0.0328564220575356,0.018077401672080853,0.009628899115070463,0.0036154803344161704,0.004814449557535232,0.6178141625842676,0.5373844925668135,0.12356283251685352,0.26869224628340677
30,0.2,10.0,5.0,2.0,3,5.0,2.0,1.4310578292630831,1.0480239448004116,0.28621156585261665,0.5240119724002058,0.12282542602488374,0.06569431951605374,0.024565085204976748,0.03284715975802687,0.01811753496826768,0.009643038568160714,0.0036235069936535356,0.004821519284080357,1.0204024762783892,0.9441417348842576,0.20408049525567784,0.4720708674421288
30,0.2,10.0,5.0,5.0,0,4.999999999999999,5.0,1.4289574986514566,1.0468471961004382,0.2857914997302914,0.20936943922008763,0.1228061444242236,0.06569248523100167,0.024561228884844726,0.013138497046200334,0.018143083054739582,0.009658970722608599,0.003628616610947917,0.0019317941445217198,1.7066332626240053,1.051286457255991,0.3413266525248011,0.2102572914511982
30,0.2,10.0,5.0,5.0,1,4.999999999999999,4.999999999999999,1.439062074959556,1.0560838631178338,0.28781241499191124,0.21121677262356678,0.12282216004313917,0.06568410564654242,0.02456443200862784,0.013136821129308487,0.018055712764039607,0.009627683781779556,0.003611142552807922,0.0019255367563559115,1.7980347760906616,1.1205568436996975,0.3596069552181324,0.22411136873993956
30,0.2,10.0,5.0,5.0,2,5.0,4.999999999999998,1.4339324039900678,1.0506643407895566,0.28678648079801355,0.2101328681579114,0.12285646128756214,0.06570679895538799,0.02457129225751243,0.013141359791077603,0.01811789207335585,0.009642799462064925,0.00362357841467117,0.0019285598924129858,0.6178867609445651,0.5374293253780874,0.12357735218891301,0.10748586507561753
30,0.2,10.0,5.0,5.0,3,4.999999999999998,5.0,1.4338979427104408,1.0503710179510366,0.28677958854208824,0.21007420359020731,0.12286587965898782,0.06570519679028516,0.024573175931797572,0.013141039358057032,0.018137149591474104,0.00965606810564195,0.0036274299182948223,0.00193121362112839,1.0068237809824654,0.9378634809139202,0.20136475619649316,0.18757269618278405
30,0.2,10.0,10.0,2.0,0,10.000000000000004,1.9999999999999996,1.4357490157513653,1.0504993349268257,0.14357490157513647,0.525249667463413,0.12287881815209999,0.06570548477729003,0.012287881815209994,0.03285274238864502,0.018057402965708052,0.00963481808046784,0.0018057402965708045,0.004817409040233921,1.7203170169991182,1.0584231692425214,0.17203170169991175,0.5292115846212608
30,0.2,10.0,10.0,2.0,1,10.0,2.0000000000000004,1.4273030056114597,1.0436848292630079,0.14273030056114597,0.5218424146315038,0.12271176284524017,0.06567476999279366,0.012271176284524017,0.03283738499639682,0.018084721771413723,0.009636521707502833,0.0018084721771413723,0.0048182608537514155,1.736285526648285,1.0854877718047307,0.17362855266482852,0.5427438859023652
30,0.2,10.0,10.0,2.0,2,10.0,2.0,1.3996865596156594,1.0281258412815855,0.13996865596156594,0.5140629206407927,0.12254560688699609,0.06565275942114038,0.012254560688699609,0.03282637971057019,0.017872100297971098,0.009561151413104065,0.0017872100297971097,0.004780575706552033,0.5870305234399268,0.5317300081114339,0.05870305234399268,0.26586500405571695
30,0.2,10.0,10.0,2.0,3,10.0,1.9999999999999996,1.4267715947489226,1.045429081653683,0.14267715947489226,0.5227145408268417,0.12289732877512162,0.06570402392032851,0.012289732877512161,0.03285201196016426,0.01809088059345334,0.009637890888968706,0.001809088059345334,0.004818945444484354,1.0325010543930881,0.9501490146033714,0.10325010543930882,0.4750745073016858
30,0.2,10.0,10.0,5.0,0,10.0,5.0,1.429505394111372,1.0470637700949421,0.1429505394111372,0.20941275401898843,0.12285364901526243,0.06570339326022423,0.012285364901526243,0.013140678652044846,0.018067418834745032,0.0096205379559355,0.0018067418834745031,0.0019241075911871,1.7079341588034165,1.0519551400474407,0.17079341588034164,0.21039102800948814
30,0.2,10.0,10.0,5.0,1,10.0,4.999999999999999,1.4256373818490211,1.0435875076577927,0.14256373818490212,0.20871750153155857,0.12287142346358886,0.0657177866253618,0.012287142346358885,0.013143557325072363,0.018093190272677265,0.009640270766584361,0.0018093190272677265,0.0019280541533168727,1.738512886220078,1.0867927532051809,0.1738512886220078,0.2173585506410362
30,0.2,10.0,10.0,5.0,2,10.0,4.999999999999999,5.306404633924611,2.0005134383165526,0.5306404633924611,0.4001026876633106,0.13797206524810984,0.07755097917455056,0.013797206524810984,0.015510195834910114,0.026867913812886945,0.01209472293549476,0.0026867913812886946,0.0024189445870989525,2.076586373671175,0.8180466597695358,0.2076586373671175,0.1636093319539072
30,0.2,10.0,10.0,5.0,3,10.0,4.999999999999999,1.601180947068602,1.1164184432148692,0.1601180947068602,0.22328368864297388,0.12624537107822334,0.06602705404244617,0.012624537107822334,0.013205410808489236,0.016521950364084992,0.00917834956518008,0.0016521950364084992,0.0018356699130360164,1.263534175207734,0.9329302407451617,0.1263534175207734,0.18658604814903237
30,0.2,10.0,20.0,2.0,0,20.0,2.0,1.6911551110526215,1.2229327584881582,0.08455775555263108,0.6114663792440791,0.09912626624091973,0.06084248971188902,0.004956313312045987,0.03042124485594451,0.00893829121476464,0.007184536878702995,0.00044691456073823197,0.0035922684393514975,2.1366029712814085,1.2804142094904638,0.10683014856407043,0.6402071047452319
30,0.2,10.0,20.0,2.0,1,20.0,2.0,1.5648996921297345,1.1327087415659214,0.07824498460648673,0.5663543707829607,0.12300815654392344,0.0659416247746762,0.006150407827196172,0.0329708123873381,0.018110507184129102,0.009655085028586726,0.0009055253592064551,0.004827542514293363,2.036871847783736,1.2546451969955439,0.1018435923891868,0.6273225984977719
30,0.2,10.0,20.0,2.0,2,20.0,1.9999999999999996,4.210020428669865,2.0459061893302573,0.21050102143349325,1.0229530946651288,0.11343936216031396,0.07148082270546668,0.005671968108015698,0.03574041135273335,0.060538175782046996,0.01953199461869365,0.00302690878910235,0.009765997309346826,0.23939924409785912,0.4582891222973691,0.011969962204892956,0.22914456114868462
30,0.2,10.0,20.0,2.0,3,19.999999999999996,2.0,2.581172059580979,1.388001608384488,0.12905860297904898,0.694000804192244,0.08664394867365495,0.06408073682300305,0.004332197433682748,0.03204036841150153,0.011838838857075078,0.008309824732029082,0.0005919419428537541,0.004154912366014541,5.125160645287485,1.4701062768370907,0.25625803226437427,0.7350531384185454
30,0.2,10.0,20.0,5.0,0,19.999999999999996,5.000000000000001,4.797542686001825,2.013507527516123,0.2398771343000913,0.40270150550322453,0.14463966373376766,0.07701430805476055,0.007231983186688384,0.015402861610952107,0.02913750039819449,0.012708504542212343,0.0014568750199097247,0.0025417009084424684,4.479862307683089,2.1077717936693854,0.22399311538415448,0.421554358733877
30,0.2,10.0,20.0,5.0,1,20.000000000000004,5.0,9.667490370560644,2.881032784715339,0.48337451852803215,0.5762065569430679,6.17255409600991,1.4477419181390532,0.30862770480049545,0.28954838362781066,4.891325510715528,1.470223812712234,0.24456627553577634,0.2940447625424468,9.216183228479965,2.7232517215203997,0.46080916142399814,0.54465034430408
30,0.2,10.0,20.0,5.0,2,20.000000000000004,5.0,1.6400556311955987,1.180865273887215,0.08200278155977993,0.236173054777443,0.1169270007298952,0.06256704744947415,0.005846350036494759,0.012513409489894831,0.015433794778072378,0.009067630599404066,0.0007716897389036187,0.0018135261198808134,0.8818798466810341,0.6397923613785518,0.0440939923340517,0.12795847227571036
30,0.2,10.0,20.0,5.0,3,19.999999999999993,4.999999999999999,1.4328415428656345,1.0498722884709486,0.07164207714328175,0.20997445769418976,0.12283277920391755,0.06569038977738823,0.00614163896019588,0.013138077955477648,0.01812248467758625,0.0096472313082995,0.0009061242338793127,0.0019294462616599004,1.0054292535515759,0.937077151001941,0.05027146267757881,0.18741543020038823
30,0.4,0.0,5.0,2.0,0,5.0,2.0,0.013719009071742954,0.004204033363998506,0.002743801814348591,0.002102016681999253,0.029016745062146184,0.013117451005653986,0.005803349012429237,0.006558725502826993,0.030993315478721462,0.01473294573069043,0.006198663095744293,0.007366472865345215,0.020976304083719394,0.009134729497241778,0.004195260816743878,0.004567364748620889
30,0.4,0.0,5.0,2.0,1,4.999999999999999,2.0,0.013731883390022154,0.004229845963438146,0.0027463766780044313,0.002114922981719073,0.028976881501413303,0.013095716436439087,0.005795376300282661,0.006547858218219543,0.030996541464323037,0.014720365181346685,0.006199308292864608,0.0073601825906733425,0.02211495731278876,0.008662881232549687,0.004422991462557753,0.004331440616274843
30,0.4,0.0,5.0,2.0,2,4.999999999999998,2.0000000000000004,0.013792649925685671,0.0042397896342602145,0.002758529985137135,0.002119894817130107,0.029033788245146165,0.013129260413135975,0.005806757649029235,0.006564630206567986,0.030934557907591143,0.014703837825273104,0.006186911581518231,0.00735191891263655,0.00381528795999336,0.002921258339961257,0.0007630575919986723,0.0014606291699806283
30,0.4,0.0,5.0,2.0,3,4.999999999999998,2.0,0.013786471331915738,0.004232960556903921,0.0027572942663831486,0.0021164802784519603,0.02905726632306046,0.013113322313011556,0.005811453264612094,0.006556661156505778,0.031015924398628214,0.014734593139437053,0.006203184879725645,0.0073672965697185264,0.03622506113589807,0.011277145050958887,0.0072450122271796175,0.0056385725254794435
30,0.4,0.0,5.0,5.0,0,5.0,5.000000000000001,0.013841684475369608,0.004245970684877292,0.002768336895073922,0.0008491941369754583,0.028981096609704715,0.013102199646117793,0.005796219321940943,0.0026204399292235584,0.030954941030431043,0.014704833486502939,0.0061909882060862086,0.002940966697300587,0.0209970170086622,0.009085628408243032,0.00419940340173244,0.001817125681648606
30,0.4,0.0,5.0,5.0,1,5.0,4.999999999999999,0.013728338894858354,0.004221911561736492,0.002745667778971671,0.0008443823123472985,0.02903473652667463,0.013099277731297843,0.0058069473053349255,0.002619855546259569,0.030981988607155328,0.014717460107466057,0.006196397721431065,0.002943492021493212,0.022039178503516495,0.008648284442225655,0.004407835700703299,0.0017296568884451313
30,0.4,0.0,5.0,5.0,2,4.999999999999999,4.999999999999999,0.013711278674828123,0.00419393379928839,0.002742255734965625,0.0008387867598576782,0.02906321955801351,0.013124329514342633,0.005812643911602703,0.002624865902868527,0.03098890154760131,0.014713317467203349,0.0061977803095202635,0.00294266349344067,0.00392578224731284,0.0029139450085970144,0.0007851564494625683,0.000582789001719403
30,0.4,0.0,5.0,5.0,3,5.0,5.0,0.013754384275337372,0.004241718212281082,0.0027508768550674745,0.0008483436424562164,0.02899917747408028,0.013118036974846368,0.005799835494816056,0.0026236073949692735,0.030985945105895057,0.014715811472179615,0.006197189021179011,0.002943162294435923,0.036253516493930354,0.011281654181791787,0.007250703298786071,0.0022563308363583575
30,0.4,0.0,10.0,2.0,0,10.0,2.0,0.013777013067546437,0.004230921189188988,0.0013777013067546437,0.002115460594594494,0.029056574240820365,0.013124724125712396,0.0029056574240820367,0.006562362062856198,0.03095635516453439,0.014703037438639271,0.0030956355164534393,0.007351518719319636,0.021052084385170467,0.00911985640930823,0.002105208438517047,0.004559928204654115
30,0.4,0.0,10.0,2.0,1,10.000000000000002,2.0,0.013813398555506676,0.004234794424023089,0.0013813398555506673,0.0021173972120115446,0.029030394185482818,0.013098004442948065,0.002903039418548281,0.006549002221474033,0.030939720261698965,0.014696075108755702,0.003093972026169896,0.007348037554377851,0.0219988851700625,0.008633855464798902,0.0021998885170062495,0.004316927732399451
30,0.4,0.0,10.0,2.0,2,9.999999999999998,2.0,0.013784664832631462,0.004230916500770929,0.0013784664832631466,0.0021154582503854647,0.02898715166031775,0.01309628192030365,0.0028987151660317756,0.006548140960151825,0.030976692044321394,0.014722431564328765,0.00309766920443214,0.007361215782164383,0.003858382966038941,0.002919046450103113,0.00038583829660389417,0.0014595232250515565
30,0.4,0.0,10.0,2.0,3,9.999999999999998,2.0,0.01374409383313675,0.004233515459059667,0.0013744093833136751,0.0021167577295298336,0.02901548043200808,0.013116852643592048,0.0029015480432008083,0.006558426321796024,0.031019697930088866,0.014736900386126489,0.0031019697930088873,0.0073684501930632446,0.03625785622408068,0.011289245565424055,0.003625785622408069,0.005644622782712027
30,0.4,0.0,10.0,5.0,0,10.000000000000002,4.999999999999999,0.013721286651451404,0.004192981891817307,0.0013721286651451402,0.0008385963783634615,0.0290881928084185,0.013128358505926682,0.0029088192808418498,0.002625671701185337,0.031056998315240218,0.014740930427486204,0.0031056998315240215,0.0029481860854972414,0.02099168186778354,0.009194167335433958,0.002099168186778354,0.001838833467086792
30,0.4,0.0,10.0,5.0,1,10.000000000000004,5.0,0.012853368630312386,0.0038434214251273865,0.001285336863031238,0.0007686842850254773,0.027599340207125154,0.012711568365426258,0.0027599340207125145,0.0025423136730852516,0.031371379379563816,0.01483326954763426,0.0031371379379563804,0.002966653909526852,0.02178428900868525,0.008453875306563705,0.002178428900868524,0.001690775061312741
30,0.4,0.0,10.0,5.0,2,10.000000000000002,5.0,0.014327903568061965,0.004367898303174362,0.0014327903568061963,0.0008735796606348723,0.029312433721142415,0.013184127981640438,0.002931243372114241,0.0026368255963280874,0.031106017818541363,0.014774650518515208,0.003110601781854136,0.0029549301037030415,0.003771069911059849,0.002948002306297896,0.0003771069911059848,0.0005896004612595792
30,0.4,0.0,10.0,5.0,3,10.0,5.000000000000001,0.01369997406386017,0.004208026394441992,0.001369997406386017,0.0008416052788883983,0.029035487924942153,0.013105391790098245,0.0029035487924942154,0.0026210783580196484,0.03102657223654871,0.01473689071987858,0.003102657223654871,0.0029473781439757155,0.03626272093841168,0.0112939235090772,0.003626272093841168,0.0022587847018154393
30,0.4,0.0,20.0,2.0,0,19.999999999999996,2.0000000000000004,0.01346579788994361,0.004279318831198593,0.0006732898944971806,0.002139659415599296,0.028800634881894875,0.01310321140125902,0.001440031744094744,0.006551605700629509,0.030993032175835853,0.014730540386939581,0.001549651608791793,0.007365270193469789,0.02081659934777189,0.009085127774495416,0.0010408299673885946,0.004542563887247707
30,0.4,0.0,20.0,2.0,1,20.0,1.9999999999999996,0.08635320924365977,0.027585793676260472,0.004317660462182989,0.01379289683813024,0.030211275882083402,0.014218647277830666,0.0015105637941041701,0.0071093236389153346,0.034937738129168804,0.016634903015271405,0.0017468869064584402,0.008317451507635704,0.02215296491391096,0.008728485124694861,0.001107648245695548,0.004364242562347432
30,0.4,0.0,20.0,2.0,2,20.000000000000004,2.0,0.011039048664084235,0.003245785367362218,0.0005519524332042116,0.001622892683681109,0.027828552310106194,0.012726196043435039,0.0013914276155053095,0.0063630980217175195,0.03024852857085919,0.014473652274406397,0.0015124264285429592,0.0072368261372031985,0.003538702234427348,0.0036135004397361485,0.00017693511172136737,0.0018067502198680742
30,0.4,0.0,20.0,2.0,3,19.999999999999993,2.0,0.014638882473405355,0.0045821722191587725,0.000731944123670268,0.0022910861095793863,0.029435351237185103,0.013233498996945262,0.0014717675618592556,0.006616749498472631,0.031236840678272423,0.014818302387761037,0.0015618420339136216,0.0074091511938805185,0.036325955650918555,0.011310790697744164,0.0018162977825459284,0.005655395348872082
30,0.4,0.0,20.0,5.0,0,20.0,5.0,12.50076291284203,3.7254652076743,0.6250381456421015,0.74509304153486,2.3684000838806614,0.6796964780977699,0.11842000419403306,0.13593929561955398,8.18730806220641,2.4082900311239217,0.40936540311032055,0.48165800622478433,3.179194469127494,0.9384643752348784,0.1589597234563747,0.18769287504697568
30,0.4,0.0,20.0,5.0,1,19.999999999999993,5.0,0.016474150937849232,0.004618329492394627,0.0008237075468924619,0.0009236658984789253,0.028642322619013005,0.013121246486806763,0.0014321161309506507,0.0026242492973613525,0.031191762860559375,0.01478333845139785,0.0015595881430279692,0.00295666769027957,0.022221252191941362,0.008592972729529932,0.0011110626095970685,0.0017185945459059864
30,0.4,0.0,20.0,5.0,2,20.0,4.999999999999999,0.015022433502154075,0.004477559886673477,0.0007511216751077038,0.0008955119773346955,0.029083578926372478,0.01314397467596525,0.001454178946318624,0.0026287949351930504,0.030928654889490977,0.014690666673802791,0.0015464327444745488,0.0029381333347605586,0.009900407856763698,0.004469915691182149,0.0004950203928381849,0.00089398313823643
30,0.4,0.0,20.0,5.0,3,20.0,5.0,0.014877637975324084,0.004287077327982573,0.0007438818987662042,0.0008574154655965145,0.029652443173287944,0.013140774146146577,0.0014826221586643972,0.002628154829229315,0.0234580950890335,0.012050207760885709,0.001172904754451675,0.0024100415521771416,0.03724742776198521,0.012189764583100152,0.0018623713880992604,0.0024379529166200305
30,0.4,2.0,5.0,2.0,0,4.999999999999999,2.0,6.956607360564968,1.7540341182003438,1.3913214721129938,0.8770170591001719,9.220481573857397,2.8887230412115117,1.8440963147714797,1.4443615206057558,0.0310133337070194,0.014736327986929877,0.006202666741403881,0.007368163993464938,5.044711055043623,1.4532469107193755,1.008942211008725,0.7266234553596878
30,0.4,2.0,5.0,2.0,1,5.000000000000002,2.0,6.956637351741864,1.7540073914390548,1.3913274703483722,0.8770036957195274,9.220209687852805,2.888723633321109,1.8440419375705603,1.4443618166605545,0.030957773918163605,0.01470732010352336,0.006191554783632719,0.00735366005176168,3.5277830720205143,2.612796549019803,0.7055566144041027,1.3063982745099014
30,0.4,2.0,5.0,2.0,2,5.0,2.0,6.95658912073353,1.7540135534157326,1.391317824146706,0.8770067767078663,9.220228878473494,2.888722323840918,1.8440457756946986,1.444361161920459,0.030974154695071632,0.0147194053120373,0.0061948309390143265,0.00735970265601865,4.412994172892648,1.5258494007389196,0.8825988345785296,0.7629247003694598
30,0.4,2.0,5.0,2.0,3,5.000000000000001,2.0,6.956648064511367,1.7540245062661974,1.3913296129022732,0.8770122531330987,9.219396552717575,2.8886394810159923,1.8438793105435145,1.4443197405079962,0.030921995595884193,0.014695776717392866,0.006184399119176838,0.007347888358696433,4.152916120151211,2.985898992912436,0.8305832240302421,1.492949496456218
30,0.4,2.0,5.0,5.0,0,4.999999999999999,5.000000000000001,6.95670815453741,1.7539009142537079,1.3913416309074824,0.35078018285074153,9.216043159050624,2.888189966657555,1.843208631810125,0.5776379933315109,0.03101433785769686,0.014737354808420594,0.006202867571539373,0.0029474709616841184,5.035356082937038,1.4499241727629735,1.0070712165874078,0.28998483455259466
30,0.4,2.0,5.0,5.0,1,5.0,4.999999999999998,6.957590493990638,1.752040069634485,1.3915180987981277,0.35040801392689713,9.188648268202765,2.8886821024724423,1.8377296536405532,0.5777364204944887,0.03105077295976001,0.014734843229264086,0.006210154591952002,0.002946968645852818,3.5122118302824457,2.6034941928962017,0.7024423660564891,0.5206988385792405
30,0.4,2.0,5.0,5.0,2,5.000000000000002,5.0,6.956610608497897,1.7540338867043928,1.3913221216995788,0.35080677734087856,9.22047339345498,2.8887426593982117,1.8440946786909955,0.5777485318796424,0.03101352319528278,0.01473376965629602,0.006202704639056554,0.002946753931259204,4.413847184522565,1.5238559473258446,0.8827694369045127,0.3047711894651689
30,0.4,2.0,5.0,5.0,3,5.000000000000001,5.0,6.956634709108988,1.7540322948945124,1.3913269418217973,0.3508064589789025,9.220429642302227,2.8887294098616416,1.844085928460445,0.5777458819723283,0.030993780888120787,0.01472092927496544,0.006198756177624156,0.002944185854993088,4.154047832470703,2.986212782982513,0.8308095664941405,0.5972425565965026
30,0.4,2.0,10.0,2.0,0,9.999999999999996,2.0,6.956586633719215,1.7540327169695915,0.6956586633719217,0.8770163584847958,9.220433238237888,2.8887166840478584,0.9220433238237892,1.4443583420239292,0.031019215662671684,0.014742873303611478,0.0031019215662671695,0.007371436651805739,5.045248290295532,1.4534410901051569,0.5045248290295533,0.7267205450525784
30,0.4,2.0,10.0,2.0,1,9.999999999999998,2.0,6.956664408423406,1.7539639872930899,0.6956664408423407,0.8769819936465449,9.219503201953996,2.888708604914591,0.9219503201953998,1.4443543024572956,0.031018263682037157,0.014739222187171616,0.003101826368203716,0.007369611093585808,3.527343904452364,2.6125187732164594,0.35273439044523647,1.3062593866082297
30,0.4,2.0,10.0,2.0,2,10.0,1.9999999999999996,6.956610401511332,1.754041131287236,0.6956610401511332,0.8770205656436182,9.220532962262638,2.8887356081841182,0.9220532962262638,1.4443678040920593,0.03098734241896587,0.014725494096814454,0.003098734241896587,0.007362747048407229,4.419794738620257,1.5107980191767392,0.4419794738620257,0.7553990095883698
30,0.4,2.0,10.0,2.0,3,10.0,2.0,6.956628788152609,1.754038650847795,0.6956628788152609,0.8770193254238975,9.220429012778146,2.888731662114454,0.9220429012778146,1.444365831057227,0.03100051875710856,0.014728696460675305,0.003100051875710856,0.007364348230337652,4.155384086321647,2.9865873264428657,0.41553840863216474,1.4932936632214329
30,0.4,2.0,10.0,5.0,0,10.0,4.999999999999998,6.956439808925183,1.754136989386804,0.6956439808925183,0.3508273978773609,9.220092298184607,2.888870261146459,0.9220092298184607,0.577774052229292,0.031339196295765585,0.014866383543855739,0.0031339196295765586,0.002973276708771149,5.057142327225497,1.4573440733221048,0.5057142327225497,0.29146881466442104
30,0.4,2.0,10.0,5.0,1,10.000000000000004,5.0,6.927797758298695,1.7449566240332184,0.6927797758298693,0.3489913248066437,8.730510703796243,2.8656472015093057,0.873051070379624,0.5731294403018612,0.03146047959660295,0.014977469537617359,0.0031460479596602934,0.002995493907523472,3.5145275312531976,2.604795011060901,0.35145275312531965,0.5209590022121802
30,0.4,2.0,10.0,5.0,2,10.0,4.999999999999999,6.956618069698518,1.7540482830597264,0.6956618069698518,0.35080965661194535,9.22047186542208,2.8887361273287793,0.9220471865422081,0.577747225465756,0.031043732754628798,0.014748210551146852,0.0031043732754628796,0.002949642110229371,4.412423175185554,1.5268732083992849,0.44124231751855536,0.305374641679857
30,0.4,2.0,10.0,5.0,3,10.0,4.999999999999999,6.956630490282564,1.7540726598613703,0.6956630490282565,0.35081453197227414,9.22059862061076,2.888679486861433,0.922059862061076,0.5777358973722867,0.031596813430500754,0.014984517909881232,0.0031596813430500754,0.002996903581976247,4.1613040219375135,2.988061294290382,0.41613040219375136,0.5976122588580765
30,0.4,2.0,20.0,2.0,0,20.0,1.9999999999999996,5.525110334849095,1.6837512452703842,0.27625551674245474,0.8418756226351923,4.886387763057542,2.0366416711758024,0.24431938815287707,1.0183208355879014,0.157207466590237,0.03371738048213116,0.007860373329511849,0.016858690241065583,4.1040679716772885,1.2058804236193363,0.20520339858386444,0.6029402118096683
30,0.4,2.0,20.0,2.0,1,20.0,2.0,6.932740995144699,1.7503716794945383,0.34663704975723497,0.8751858397472692,9.121022706069985,2.888182621865584,0.4560511353034992,1.444091310932792,0.030317025807994974,0.014478999867555648,0.0015158512903997487,0.007239499933777824,3.519104605010769,2.607618914895503,0.17595523025053844,1.3038094574477515
30,0.4,2.0,20.0,2.0,2,19.999999999999993,1.9999999999999996,6.752118268133187,1.7362304269633937,0.33760591340665946,0.8681152134816971,8.722357389663545,2.8337835940658125,0.4361178694831774,1.4168917970329065,0.02823007771212318,0.013436754070805206,0.0014115038856061595,0.006718377035402605,4.53753941612512,1.4767208799864733,0.22687697080625607,0.7383604399932368
30,0.4,2.0,20.0,2.0,3,20.0,2.0,6.956305391256543,1.7542431932869926,0.34781526956282716,0.8771215966434963,9.220806315824648,2.8893547866736715,0.4610403157912324,1.4446773933368358,0.04658077722369647,0.020657451284314544,0.0023290388611848234,0.010328725642157272,4.162718494577917,2.9883424330490227,0.20813592472889586,1.4941712165245113
30,0.4,2.0,20.0,5.0,0,20.0,4.999999999999999,6.956718918674906,1.7539790384242346,0.34783594593374534,0.35079580768484697,9.219760270266518,2.888417465755012,0.46098801351332586,0.5776834931510025,0.03090116158819242,0.0146898362352246,0.001545058079409621,0.0029379672470449206,5.045192733843043,1.4529524754510292,0.2522596366921522,0.2905904950902059
30,0.4,2.0,20.0,5.0,1,20.0,5.0,13.33485250249532,0.788527001928036,0.666742625124766,0.1577054003856072,12.69267870227116,0.5913289218755812,0.6346339351135579,0.11826578437511623,18.874898555348487,2.78766567521971,0.9437449277674244,0.557533135043942,21.378361208812592,2.360189628560003,1.0689180604406296,0.47203792571200054
30,0.4,2.0,20.0,5.0,2,20.0,5.000000000000001,6.953861570125872,1.743942535297845,0.3476930785062936,0.34878850705956893,9.029662219611573,2.8881016436036266,0.4514831109805787,0.5776203287207252,0.03083113015941202,0.014518720014711413,0.001541556507970601,0.002903744002942282,4.565273533436608,1.4332154047347057,0.2282636766718304,0.2866430809469411
30,0.4,2.0,20.0,5.0,3,20.0,5.0,6.956512198923808,1.753774209697399,0.3478256099461904,0.3507548419394798,9.213626698925562,2.8932083992207076,0.4606813349462781,0.5786416798441415,0.029612930562079236,0.013854019970816313,0.0014806465281039618,0.0027708039941632626,4.160933203574032,2.988043081919129,0.2080466601787016,0.5976086163838258
30,0.4,5.0,5.0,2.0,0,5.000000000000001,1.9999999999999996,22.192328223579516,5.970899722062135,4.438465644715903,2.985449861031068,5.802119725979057,2.5517591964281117,1.1604239451958112,1.275879598214056,0.031025140578640385,0.014734904637435892,0.006205028115728076,0.007367452318717948,9.772612911038514,3.4371751066526084,1.9545225822077026,1.7185875533263046
30,0.4,5.0,5.0,2.0,1,5.000000000000001,1.9999999999999996,22.21113394864779,6.091565166290025,4.442226789729558,3.0457825831450136,5.951660257453284,2.6159425850190146,1.1903320514906566,1.3079712925095075,0.030988608424368548,0.01472822241598723,0.006197721684873709,0.007364111207993617,7.7280357240717015,3.1127319487713954,1.54560714481434,1.5563659743856981
30,0.4,5.0,5.0,2.0,2,5.000000000000001,2.0,22.39988773925678,5.835682695114811,4.479977547851355,2.9178413475574057,8.974199752831055,4.025201492748346,1.7948399505662107,2.012600746374173,0.03098912157138324,0.014720956308757055,0.0061978243142766475,0.0073604781543785275,11.163274035737222,5.338281466144485,2.232654807147444,2.6691407330722425
30,0.4,5.0,5.0,2.0,3,5.0,2.0,22.427144002965072,6.773890467011849,4.485428800593015,3.3869452335059247,21.976297713191773,8.56523053934183,4.395259542638355,4.282615269670915,0.03092953065328414,0.014704873268698819,0.006185906130656828,0.007352436634349409,7.2359273018062416,5.9023262189849115,1.4471854603612484,2.9511631094924557
30,0.4,5.0,5.0,5.0,0,4.999999999999999,5.0,20.10717816211081,4.7395743702432025,4.021435632422163,0.9479148740486405,9.088963313514846,3.481768070661686,1.8177926627029695,0.6963536141323372,0.031057730009443184,0.014748302279872874,0.006211546001888638,0.0029496604559745747,16.848801695106882,4.6224219174224235,3.369760339021377,0.9244843834844847
30,0.4,5.0,5.0,5.0,1,5.0,5.0,22.098101693150202,6.612473109323706,4.419620338630041,1.3224946218647413,24.791969997613524,8.72369905288731,4.958393999522705,1.744739810577462,0.030969243337953256,0.014708443607562665,0.006193848667590651,0.002941688721512533,5.786521383614882,3.297708217972245,1.1573042767229764,0.659541643594449
30,0.4,5.0,5.0,5.0,2,5.0,5.0,18.287434060406454,4.773514886695012,3.6574868120812907,0.9547029773390024,4.198827086180355,1.8628081826642238,0.839765417236071,0.37256163653284474,0.030693166979964246,0.014586187767794944,0.006138633395992849,0.002917237553558989,23.765349611101744,7.619818323323388,4.753069922220349,1.5239636646646777
30,0.4,5.0,5.0,5.0,3,4.999999999999999,5.0,17.57572477993656,4.509724575403813,3.5151449559873127,0.9019449150807626,4.358280995165642,1.9238501405761779,0.8716561990331285,0.3847700281152356,0.03080332234213914,0.014635216333114124,0.006160664468427829,0.0029270432666228248,12.345357813950537,4.110377373749386,2.469071562790108,0.8220754747498772
30,0.4,5.0,10.0,2.0,0,9.999999999999996,2.0,22.343449129062833,6.890580813318511,2.234344912906284,3.4452904066592556,24.78844833419062,8.941817174370765,2.4788448334190627,4.470908587185383,0.030776825719549997,0.014646983048812559,0.0030776825719550007,0.007323491524406279,16.439248186421466,7.982954595217717,1.6439248186421471,3.9914772976088586
30,0.4,5.0,10.0,2.0,1,10.0,1.9999999999999996,22.278026091343186,5.675523652993977,2.2278026091343186,2.837761826496989,10.358401472644085,4.514298765586475,1.0358401472644085,2.257149382793238,0.031056557413839177,0.014749554294252195,0.0031056557413839175,0.007374777147126099,8.539783858302659,3.2353881091271663,0.8539783858302659,1.6176940545635836
30,0.4,5.0,10.0,2.0,2,10.000000000000002,2.0,22.319427850863978,6.770537486514748,2.2319427850863973,3.385268743257374,23.234183321461618,8.716068446323838,2.3234183321461614,4.358034223161919,0.030987275928731003,0.01472117841380419,0.0030987275928731,0.007360589206902095,6.955889788857,9.905520721054957,0.6955889788856999,4.952760360527479
30,0.4,5.0,10.0,2.0,3,9.999999999999995,2.0,21.86981838525158,6.578958010580229,2.1869818385251594,3.2894790052901146,24.591343651055563,8.09871855549587,2.4591343651055575,4.049359277747935,0.03113131523806194,0.014785093937703836,0.003113131523806196,0.007392546968851918,9.801517710765646,7.7575409843095,0.9801517710765651,3.87877049215475
30,0.4,5.0,10.0,5.0,0,9.999999999999998,4.999999999999999,8.557775475974026,3.113415121542996,0.8557775475974028,0.6226830243085993,4.5956232234559895,1.7323559845898935,0.459562322345599,0.3464711969179788,0.04431540837148665,0.019743028680055414,0.004431540837148666,0.003948605736011084,9.243239424996366,2.427707742650367,0.9243239424996368,0.4855415485300735
30,0.4,5.0,10.0,5.0,1,10.000000000000002,4.999999999999999,20.45520783650782,6.555700260083246,2.045520783650782,1.3111400520166494,12.453975335612258,5.2539684187067515,1.2453975335612255,1.0507936837413505,0.030939699963575082,0.014682103129274694,0.0030939699963575076,0.0029364206258549394,4.933933560812305,2.715960158454623,0.49339335608123036,0.5431920316909247
30,0.4,5.0,10.0,5.0,2,10.0,5.0,21.93497414685721,6.757895064120631,2.193497414685721,1.3515790128241263,24.82011103709479,8.327262777566855,2.482011103709479,1.665452555513371,0.031075014839727723,0.014761408257524006,0.0031075014839727724,0.0029522816515048012,6.181248899313381,9.146281201793235,0.6181248899313381,1.829256240358647
30,0.4,5.0,10.0,5.0,3,9.999999999999998,5.000000000000001,12.062344757844828,2.8812321919269284,1.206234475784483,0.5762464383853856,8.27628745225074,2.7292243020819216,0.8276287452250741,0.5458448604163842,0.032205372385156444,0.01639779872063133,0.003220537238515645,0.0032795597441262654,9.927112306473997,3.113460004497471,0.9927112306474,0.6226920008994942
30,0.4,5.0,20.0,2.0,0,19.999999999999996,1.9999999999999996,17.57284526267718,5.320868454301525,0.8786422631338592,2.660434227150763,5.4530126068200175,2.3816419613430537,0.2726506303410009,1.190820980671527,0.031183846070376258,0.014794668031161808,0.0015591923035188132,0.007397334015580906,6.159566001312036,3.403189014919848,0.30797830006560184,1.7015945074599244
30,0.4,5.0,20.0,2.0,1,20.000000000000004,2.0,21.710499407464518,6.347238521788612,1.0855249703732257,3.173619260894306,24.405817738073743,8.130981352922623,1.220290886903687,4.0654906764613115,0.030988155771829798,0.014834194507326207,0.0015494077885914897,0.007417097253663104,11.101682702330923,4.573095235989342,0.5550841351165461,2.286547617994671
30,0.4,5.0,20.0,2.0,2,20.0,2.0,23.297017912973928,7.478903734920043,1.1648508956486965,3.7394518674600215,20.95581194913368,8.36769111445795,1.047790597456684,4.183845557228975,0.031103961945374344,0.014827290608687425,0.0015551980972687172,0.0074136453043437125,8.319900547458039,5.99673842135356,0.41599502737290195,2.99836921067678
30,0.4,5.0,20.0,2.0,3,20.000000000000007,2.0,19.073684374036205,5.067509953364444,0.9536842187018099,2.533754976682222,4.349630630758677,1.9405804778197238,0.21748153153793376,0.9702902389098619,0.031035420071157456,0.01474641042923483,0.0015517710035578723,0.007373205214617415,13.100114406552525,4.5291806934635,0.655005720327626,2.26459034673175
30,0.4,5.0,20.0,5.0,0,20.0,5.0,11.484239383030502,3.7140342425755533,0.5742119691515251,0.7428068485151107,5.749902893492525,2.274850597183918,0.2874951446746262,0.4549701194367836,0.025778290039086375,0.013170363549986424,0.0012889145019543188,0.002634072709997285,10.37741180679565,2.25497476698867,0.5188705903397824,0.45099495339773404
30,0.4,5.0,20.0,5.0,1,20.0,4.999999999999999,22.803541073084823,6.018841728576754,1.140177053654241,1.203768345715351,11.62838984178438,5.197768187891877,0.581419492089219,1.0395536375783756,0.030922285712082654,0.014697248954478801,0.0015461142856041327,0.0029394497908957606,8.979328274495108,3.376125540897295,0.44896641372475543,0.6752251081794591
30,0.4,5.0,20.0,5.0,2,20.0,5.0,21.863497499674114,6.445869669232721,1.0931748749837058,1.2891739338465442,24.597315118354626,7.876246431011128,1.2298657559177313,1.5752492862022256,0.03389606380068978,0.01465225002467392,0.0016948031900344892,0.0029304500049347837,5.658671836818026,9.183616193963056,0.28293359184090133,1.8367232387926111
30,0.4,5.0,20.0,5.0,3,19.999999999999996,4.999999999999999,22.77558365576328,5.358457563849735,1.1387791827881644,1.0716915127699473,22.963177507404186,6.619301602176875,1.1481588753702094,1.3238603204353752,0.0293513876110157,0.014212986416805958,0.0014675693805507853,0.0028425972833611922,17.160618923646417,5.76122294216645,0.858030946182321,1.1522445884332901
30,0.4,10.0,5.0,2.0,0,5.0,2.0,21.83307431097708,6.6723412480749005,4.366614862195416,3.3361706240374502,1.7864478922601739,0.5442125282993208,0.3572895784520348,0.2721062641496604,0.03097866116622887,0.014713421806918595,0.006195732233245774,0.007356710903459298,23.7361233274491,7.191740537536961,4.74722466548982,3.5958702687684805
30,0.4,10.0,5.0,2.0,1,5.000000000000001,1.9999999999999996,15.83891907086062,4.8108355299896655,3.1677838141721235,2.405417764994833,1.293083502282055,0.3875439148035457,0.25861670045641094,0.19377195740177292,0.031005195199194414,0.014732098164923489,0.0062010390398388815,0.007366049082461746,3.8744401609728705,1.039772377825735,0.7748880321945739,0.5198861889128676
30,0.4,10.0,5.0,2.0,2,5.0,2.0,19.691047084716402,5.9427756526188205,3.9382094169432804,2.9713878263094102,1.5338424059616917,0.4632698662027836,0.30676848119233835,0.2316349331013918,0.030998676163407686,0.014721917322194184,0.006199735232681537,0.007360958661097092,26.038169551030812,7.701585265720845,5.207633910206162,3.8507926328604225
30,0.4,10.0,5.0,2.0,3,5.000000000000001,2.0,15.400989158496104,4.701742843394485,3.0801978316992202,2.3508714216972426,1.28707279163866,0.3856539373118502,0.25741455832773197,0.1928269686559251,0.030998427670168284,0.014725581538697276,0.006199685534033656,0.007362790769348638,6.3967234130891795,1.7615942357160916,1.2793446826178356,0.8807971178580458
30,0.4,10.0,5.0,5.0,0,5.000000000000002,5.0,15.947640656366605,4.878320923732087,3.18952813127332,0.9756641847464174,1.288606556877467,0.3861269400815268,0.2577213113754933,0.07722538801630537,0.031002390364449052,0.014724699033907206,0.0062004780728898085,0.0029449398067814413,18.813257429767916,5.79096788200744,3.762651485953582,1.158193576401488
30,0.4,10.0,5.0,5.0,1,4.999999999999998,5.0,27.697085347888557,8.381206257338816,5.539417069577714,1.6762412514677631,12.92603852457267,3.705251481838905,2.5852077049145348,0.741050296367781,0.030812277069248554,0.01464381294946028,0.006162455413849713,0.002928762589892056,4.681272564532787,1.2719637228702219,0.9362545129065577,0.25439274457404437
30,0.4,10.0,5.0,5.0,2,5.000000000000001,5.0,20.4374272052773,6.1158443055251315,4.087485441055459,1.2231688611050262,4.6086302786439886,1.2501147033349034,0.9217260557287975,0.25002294066698066,0.031040223271644053,0.01474888779436341,0.006208044654328809,0.0029497775588726823,27.60657826516305,7.931182314856707,5.521315653032609,1.5862364629713412
30,0.4,10.0,5.0,5.0,3,4.999999999999998,5.000000000000001,18.343891809560247,5.595479522761792,3.6687783619120506,1.1190959045523583,1.831770188541132,0.5594268883791212,0.3663540377082265,0.11188537767582422,0.031020733357031323,0.014733347732136467,0.006204146671406267,0.002946669546427293,6.276805853470292,1.7223666428648985,1.2553611706940588,0.34447332857297963
30,0.4,10.0,10.0,2.0,0,10.0,2.0,11.231358751335426,3.3558701873140913,1.1231358751335425,1.6779350936570456,1.261130072403385,0.3774830199804039,0.1261130072403385,0.18874150999020195,0.030800022874715918,0.01465086168403344,0.0030800022874715918,0.00732543084201672,12.891178790304432,4.135871736460076,1.2891178790304432,2.067935868230038
30,0.4,10.0,10.0,2.0,1,9.999999999999998,2.0,40.24518552127157,11.76479902422159,4.024518552127158,5.882399512110795,25.02546292894431,6.055078673204779,2.5025462928944315,3.0275393366023895,0.03101361806159346,0.014724892939032116,0.0031013618061593463,0.007362446469516058,10.358426331731774,2.9557040036437443,1.0358426331731776,1.4778520018218722
30,0.4,10.0,10.0,2.0,2,10.000000000000002,1.9999999999999996,16.123376029417443,4.932130613714378,1.612337602941744,2.4660653068571894,1.2878022404898,0.38588206170490463,0.12878022404897999,0.19294103085245237,0.03101891361895641,0.014731641762530343,0.0031018913618956405,0.007365820881265173,20.811238292905347,6.507390664534771,2.0811238292905343,3.2536953322673865
30,0.4,10.0,10.0,2.0,3,10.000000000000004,2.0,18.00484307552902,5.517326933279959,1.8004843075529013,2.7586634666399794,2.5233201277923185,0.7800797371428433,0.2523320127792318,0.39003986857142164,0.031046956520322563,0.014747055840682918,0.003104695652032255,0.007373527920341459,5.657288933844539,1.5360212799403195,0.5657288933844536,0.7680106399701597
30,0.4,10.0,10.0,5.0,0,9.999999999999996,4.999999999999999,15.785889222401835,4.848893276278537,1.578588922240184,0.9697786552557076,1.2867141344754696,0.3855414254023099,0.128671413447547,0.077108285080462,0.031027054566729648,0.014737067018989986,0.003102705456672966,0.002947413403797998,17.443916594114963,5.410762292412987,1.744391659411497,1.0821524584825977
30,0.4,10.0,10.0,5.0,1,10.000000000000004,4.999999999999999,37.565084687616185,10.942211921969745,3.7565084687616173,2.1884423843939493,23.694206947096127,5.802528402400261,2.369420694709612,1.1605056804800524,0.03082407827393049,0.01467429445642906,0.003082407827393048,0.0029348588912858128,9.364334601599447,2.6626646240331575,0.9364334601599443,0.5325329248066316
30,0.4,10.0,10.0,5.0,2,10.0,5.0,41.62684622714522,12.343883497035513,4.162684622714522,2.4687766994071025,27.222501111306446,6.900177765441129,2.7222501111306445,1.3800355530882258,0.03100879812175751,0.014710284464073835,0.003100879812175751,0.002942056892814767,45.40613970859159,12.827609838407332,4.540613970859159,2.5655219676814665
30,0.4,10.0,10.0,5.0,3,10.0,4.999999999999998,15.474854719581689,4.671679710081513,1.547485471958169,0.9343359420163029,3.64577397536324,1.075310138806539,0.364577397536324,0.21506202776130787,0.030611531717201358,0.01458308485343877,0.003061153171720136,0.0029166169706877553,8.776738829882454,2.480514406277801,0.8776738829882454,0.4961028812555604
30,0.4,10.0,20.0,2.0,0,19.999999999999996,1.9999999999999996,14.392029357009399,4.265712212013698,0.7196014678504701,2.1328561060068494,1.623599981521081,0.49333439406331053,0.08117999907605407,0.24666719703165532,0.030706022168685204,0.014610584018466634,0.0015353011084342605,0.007305292009233319,14.387745727970756,4.59663322839321,0.719387286398538,2.2983166141966054
30,0.4,10.0,20.0,2.0,1,20.0,2.0,13.214470985115335,4.06124171571533,0.6607235492557668,2.030620857857665,1.2758640789092788,0.3821274469876157,0.06379320394546394,0.19106372349380785,0.03108533628229287,0.014754141553570913,0.0015542668141146436,0.007377070776785457,3.5673500626539614,0.9559379954678775,0.17836750313269806,0.47796899773393875
30,0.4,10.0,20.0,2.0,2,19.999999999999996,2.0000000000000004,17.965159321074992,4.7395246060217655,0.8982579660537497,2.3697623030108823,8.095837318151398,2.2465634730604793,0.40479186590757,1.1232817365302394,0.03242114923523698,0.015301310014977537,0.0016210574617618492,0.007650655007488767,16.41571830061409,7.27229663391618,0.8207859150307045,3.636148316958089
30,0.4,10.0,20.0,2.0,3,19.999999999999996,2.0,46.621835088188284,12.099936902690471,2.3310917544094147,6.049968451345236,42.067831668365734,10.533188782754102,2.1033915834182872,5.266594391377051,0.02834874321828241,0.009184290363397313,0.0014174371609141207,0.004592145181698657,19.641298749627673,9.044107631203909,0.9820649374813838,4.5220538156019545
30,0.4,10.0,20.0,5.0,0,20.0,5.0,7.975215615154116,2.3562971152639287,0.39876078075770577,0.47125942305278573,1.175384118388914,0.3497346282176986,0.0587692059194457,0.06994692564353971,0.03214522483478134,0.01483787126807669,0.0016072612417390672,0.002967574253615338,8.753693922856858,3.0258867657077397,0.4376846961428429,0.605177353141548
30,0.4,10.0,20.0,5.0,1,20.000000000000004,5.0,12.477401119378541,3.6488135516323994,0.623870055968927,0.7297627103264799,1.340572920505273,0.4020335598156089,0.06702864602526364,0.08040671196312178,0.031001644097451923,0.014730194185353275,0.0015500822048725958,0.0029460388370706548,3.8316811234588877,1.026441415087694,0.19158405617294436,0.2052882830175388
30,0.4,10.0,20.0,5.0,2,20.0,4.999999999999998,20.737862562159087,8.080272624604191,1.0368931281079543,1.616054524920839,30.88503608849671,9.794493826355302,1.5442518044248357,1.958898765271061,0.11466180590585859,0.07887065894274867,0.00573309029529293,0.01577413178854974,9.569782535335968,14.09670056234478,0.4784891267667984,2.819340112468957
30,0.4,10.0,20.0,5.0,3,19.999999999999993,4.999999999999997,11.396843552769042,5.110284275199714,0.5698421776384522,1.0220568550399434,5.048319038850182,2.1029573965021475,0.2524159519425092,0.4205914793004297,0.5076956145775129,0.3590083666724188,0.025384780728875653,0.0718016733344838,9.50053451907387,5.621397514061206,0.47502672595369366,1.1242795028122419
602,0.02,0.0,5.0,2.0,0,4.999999999999998,2.0,0.08632770498870217,0.023641520323777785,0.017265540997740438,0.011820760161888893,0.08347094229925883,0.023074506836612736,0.016694188459851773,0.011537253418306368,0.08654771296562948,0.023298064087857572,0.017309542593125903,0.011649032043928786,0.0892573598377276,0.02440445597904596,0.017851471967545527,0.01220222798952298
602,0.02,0.0,5.0,2.0,1,5.0,2.0000000000000004,0.08627124045958164,0.023630707813218806,0.01725424809191633,0.0118153539066094,0.08355511397537924,0.023092083532114616,0.016711022795075848,0.011546041766057306,0.08645407668179236,0.023282089445207387,0.017290815336358473,0.011641044722603692,0.08918969892032073,0.024426118537680126,0.017837939784064148,0.01221305926884006
602,0.02,0.0,5.0,2.0,2,5.0,1.9999999999999991,0.08628310056240551,0.023635859974356584,0.0172566201124811,0.011817929987178297,0.08359072714088886,0.023098467281814777,0.01671814542817777,0.011549233640907394,0.08650206043787113,0.023286910102779303,0.017300412087574227,0.011643455051389657,0.08685924965987261,0.023758780165063817,0.017371849931974524,0.011879390082531914
602,0.02,0.0,5.0,2.0,3,5.000000000000002,1.9999999999999991,0.08630153782837029,0.023636553156713137,0.017260307565674052,0.011818276578356574,0.08356220759691622,0.02309410813947445,0.01671244151938324,0.011547054069737231,0.08658411521767792,0.023305278473047558,0.017316823043535576,0.011652639236523784,0.08049450587444158,0.02221956751736942,0.01609890117488831,0.011109783758684716
602,0.02,0.0,5.0,5.0,0,5.000000000000001,5.0,0.08625495388021097,0.023629567978039143,0.01725099077604219,0.004725913595607829,0.08367760011612287,0.023120334474620124,0.016735520023224572,0.004624066894924025,0.08649333201234302,0.02328972460423648,0.0172986664024686,0.004657944920847297,0.08928912361004689,0.024408561100450372,0.017857824722009374,0.0048817122200900745
602,0.02,0.0,5.0,5.0,1,4.999999999999999,4.999999999999999,0.08633451951746392,0.02364800338771664,0.017266903903492788,0.004729600677543329,0.08356316982248622,0.023095845608776734,0.016712633964497247,0.004619169121755347,0.08654550838970981,0.02330244568764129,0.017309101677941967,0.004660489137528259,0.08907418633397873,0.02440900782550384,0.01781483726679575,0.004881801565100769
602,0.02,0.0,5.0,5.0,2,4.999999999999999,5.0,0.08633438714004207,0.023641913741564016,0.017266877428008417,0.004728382748312803,0.08348585647384407,0.02308053498666948,0.016697171294768817,0.004616106997333896,0.08661024879244157,0.02330637146542037,0.017322049758488316,0.004661274293084074,0.08688714223371774,0.023758017533888325,0.017377428446743552,0.004751603506777665
602,0.02,0.0,5.0,5.0,3,4.999999999999999,4.999999999999999,0.08637700850126105,0.023647532736187447,0.017275401700252213,0.00472950654723749,0.08318798884887622,0.0230078113309659,0.016637597769775248,0.004601562266193181,0.0865981576747451,0.023300986323790303,0.017319631534949025,0.004660197264758061,0.08055782323723736,0.022229262775094488,0.016111564647447472,0.004445852555018898
602,0.02,0.0,10.0,2.0,0,9.999999999999996,2.0000000000000004,0.08628286420373271,0.023630862413820376,0.008628286420373275,0.011815431206910185,0.0834924005642663,0.023078571269570095,0.008349240056426633,0.011539285634785046,0.08660118815809931,0.023306408731375097,0.008660118815809933,0.011653204365687547,0.08926604773021656,0.02440031373350501,0.008926604773021658,0.012200156866752502
602,0.02,0.0,10.0,2.0,1,10.000000000000002,1.9999999999999996,0.08624972726580675,0.02361940195703271,0.008624972726580674,0.01180970097851636,0.08348261301159862,0.02307207700181347,0.00834826130115986,0.011536038500906736,0.0864753290843325,0.023283812736991264,0.008647532908433248,0.011641906368495634,0.08895197384375701,0.024378442533037187,0.0088951973843757,0.012189221266518597
602,0.02,0.0,10.0,2.0,2,10.0,2.0,0.0862563992266246,0.023629204683072957,0.008625639922662461,0.011814602341536478,0.08360602885147747,0.02309760572144687,0.008360602885147747,0.011548802860723436,0.08660796348345279,0.023306175926377855,0.008660796348345278,0.011653087963188927,0.08687027792471627,0.023757256775759884,0.008687027792471626,0.011878628387879942
602,0.02,0.0,10.0,2.0,3,9.999999999999996,1.9999999999999996,0.08632305425433946,0.02363889722417565,0.00863230542543395,0.011819448612087828,0.08345866751582562,0.023073233090430526,0.008345866751582566,0.011536616545215265,0.08656010897330649,0.02329934587994324,0.008656010897330651,0.011649672939971621,0.08057545608571208,0.02222762440182305,0.00805754560857121,0.011113812200911526
602,0.02,0.0,10.0,5.0,0,9.999999999999996,5.0,0.0863534013653156,0.023646001491410235,0.008635340136531562,0.004729200298282047,0.08356599491287196,0.02309499684799996,0.0083565994912872,0.0046189993695999925,0.08655683330051067,0.023297932976459386,0.00865568333005107,0.004659586595291877,0.08926125585515367,0.0244028684041445,0.00892612558551537,0.0048805736808289
602,0.02,0.0,10.0,5.0,1,10.000000000000002,5.000000000000001,0.0820069202328555,0.02278780643792644,0.008200692023285548,0.004557561287585287,0.08593184201847733,0.02358577312461773,0.008593184201847731,0.0047171546249235455,0.0821911224496684,0.02245400202358007,0.008219112244966839,0.004490800404716013,0.08477004831374513,0.023535950006617762,0.00847700483137451,0.0047071900013235515
602,0.02,0.0,10.0,5.0,2,9.999999999999996,4.999999999999997,0.08630745462537508,0.02363785106641846,0.00863074546253751,0.004727570213283694,0.08359231079186545,0.02309681628850537,0.008359231079186548,0.004619363257701077,0.08645688003088739,0.023277480063205673,0.008645688003088741,0.004655496012641137,0.08673550795805539,0.02373070936002558,0.008673550795805542,0.004746141872005119
602,0.02,0.0,10.0,5.0,3,10.0,4.999999999999998,0.08620255824946184,0.023618128136286977,0.008620255824946185,0.0047236256272573975,0.0835587835565223,0.023095103640435686,0.00835587835565223,0.004619020728087139,0.08658364872357564,0.02329963424263363,0.008658364872357565,0.004659926848526728,0.08057627836762457,0.02223301135175292,0.008057627836762457,0.004446602270350586
602,0.02,0.0,20.0,2.0,0,19.999999999999996,2.0,0.08623690999102854,0.023614940463477247,0.004311845499551428,0.011807470231738624,0.08345683237991042,0.02307439227485275,0.0041728416189955216,0.011537196137426375,0.08645144048442349,0.023268396714992257,0.004322572024221176,0.011634198357496128,0.08923381010791312,0.02439611425064038,0.004461690505395657,0.01219805712532019
602,0.02,0.0,20.0,2.0,1,20.0,2.0,0.0862660809399659,0.02361698362987395,0.0043133040469982955,0.011808491814936975,0.08319793893864526,0.023014187650248586,0.004159896946932263,0.011507093825124293,0.08652163008005861,0.023264746856714893,0.00432608150400293,0.011632373428357446,0.0891240616047847,0.024401097305023108,0.004456203080239235,0.012200548652511554
602,0.02,0.0,20.0,2.0,2,20.0,2.0,0.08629266039697471,0.023635561411664,0.0043146330198487355,0.011817780705832,0.0835682106383369,0.023091815786843405,0.004178410531916845,0.011545907893421702,0.08661138691764705,0.023309717653855727,0.0043305693458823525,0.011654858826927864,0.0868822017371865,0.023756768881443565,0.004344110086859325,0.011878384440721782
602,0.02,0.0,20.0,2.0,3,20.0,2.0,0.08646214400242275,0.023674043649786158,0.004323107200121137,0.011837021824893079,0.08398155312808918,0.023185259297200233,0.004199077656404459,0.011592629648600116,0.08674393315745914,0.023336825193164934,0.004337196657872957,0.011668412596582467,0.08079327634028798,0.022277953500251767,0.004039663817014399,0.011138976750125883
602,0.02,0.0,20.0,5.0,0,20.000000000000004,5.0,0.08622500480113691,0.0236219015874516,0.004311250240056845,0.00472438031749032,0.0835665822379642,0.023092462446143252,0.004178329111898209,0.004618492489228651,0.08656467449062497,0.023298482021348047,0.004328233724531247,0.00465969640426961,0.08922961713699737,0.024396643599801083,0.004461480856849867,0.004879328719960217
602,0.02,0.0,20.0,5.0,1,20.0,4.999999999999999,0.0886226765263897,0.024174675475720185,0.0044311338263194845,0.004834935095144038,0.08336339005779386,0.02304533822915136,0.004168169502889693,0.004609067645830273,0.08806615339355958,0.02360496669678225,0.004403307669677979,0.0047209933393564515,0.09119993732803258,0.024925537811491694,0.0045599968664016294,0.00498510756229834
602,0.02,0.0,20.0,5.0,2,20.000000000000007,4.999999999999999,0.08624212771521897,0.023623724679829646,0.004312106385760947,0.00472474493596593,0.08347880324030521,0.02307135155307661,0.004173940162015259,0.004614270310615323,0.08646459392586851,0.023275023968231674,0.0043232296962934244,0.004655004793646336,0.08684022815541549,0.023744398410286038,0.004342011407770773,0.004748879682057209
602,0.02,0.0,20.0,5.0,3,20.0,5.0,0.08624453759578622,0.02362616615802879,0.0043122268797893114,0.004725233231605758,0.08349390477149644,0.023084174346503637,0.004174695238574822,0.004616834869300727,0.08661348361801664,0.02330841498328723,0.004330674180900832,0.004661682996657446,0.08054605084115234,0.022228454715066216,0.004027302542057617,0.004445690943013243
602,0.02,2.0,5.0,2.0,0,5.000000000000002,1.9999999999999996,3.111674821064648,1.1018264863473284,0.6223349642129294,0.5509132431736643,0.31584299204767435,0.10210135649534423,0.06316859840953484,0.05105067824767213,0.08659425934133759,0.02330458530886659,0.017318851868267513,0.011652292654433297,3.1392173632592257,1.1121182849752342,0.6278434726518449,0.5560591424876172
602,0.02,2.0,5.0,2.0,1,5.000000000000003,1.9999999999999996,3.111664810093738,1.1018261387683383,0.6223329620187473,0.5509130693841693,0.3158417172228548,0.102097784476084,0.06316834344457092,0.051048892238042015,0.08654857339069151,0.02329910691280185,0.017309714678138292,0.011649553456400927,3.129701392461873,1.1091191349930554,0.6259402784923743,0.5545595674965278
602,0.02,2.0,5.0,2.0,2,5.0,1.9999999999999996,3.111684277335653,1.1018324345415587,0.6223368554671306,0.5509162172707794,0.3158631034133394,0.10210556031124104,0.06317262068266788,0.051052780155620536,0.08663590394148347,0.023312248748707746,0.017327180788296696,0.011656124374353875,3.1162821024418297,1.1039708117242382,0.6232564204883659,0.5519854058621192
602,0.02,2.0,5.0,2.0,3,4.999999999999998,1.9999999999999991,3.111663710547892,1.101827936595256,0.6223327421095787,0.5509139682976282,0.31592672690819307,0.10211617449327937,0.06318534538163864,0.051058087246639704,0.08658652659165463,0.023301765857029616,0.017317305318330933,0.011650882928514813,3.2375044266773947,1.1596108512934835,0.6475008853354791,0.579805425646742
602,0.02,2.0,5.0,5.0,0,5.0000000000000036,4.999999999999999,3.11162929023257,1.101818372517064,0.6223258580465136,0.22036367450341285,0.31583884826197994,0.10209513406151335,0.06316776965239594,0.020419026812302673,0.08648183116919934,0.023284538085253017,0.017296366233839858,0.004656907617050604,3.1392646967050744,1.112126664754823,0.6278529393410144,0.22242533295096462
602,0.02,2.0,5.0,5.0,1,4.999999999999998,4.999999999999999,3.1117111045376973,1.1018378207403605,0.6223422209075397,0.22036756414807215,0.31587970826757955,0.10210898555371123,0.06317594165351594,0.02042179711074225,0.08657899961692345,0.023303804416091044,0.017315799923384695,0.004660760883218209,3.129681035586093,1.1091100527890059,0.6259362071172188,0.2218220105578012
602,0.02,2.0,5.0,5.0,2,4.999999999999997,4.999999999999999,3.111607068805142,1.101824163910456,0.6223214137610287,0.22036483278209124,0.31565444799528464,0.10206760048545147,0.06313088959905697,0.020413520097090295,0.08650864962926604,0.02328379711776879,0.017301729925853215,0.004656759423553759,3.116324386163699,1.1039825565380357,0.6232648772327402,0.22079651130760716
602,0.02,2.0,5.0,5.0,3,5.0,5.0,3.1115742502468433,1.1018042019108105,0.6223148500493687,0.2203608403821621,0.31579792528603196,0.102082991420735,0.0631595850572064,0.020416598284147,0.08653972234573482,0.023296433007119043,0.017307944469146963,0.004659286601423809,3.2374457259896925,1.1595938402524495,0.6474891451979385,0.2319187680504899
602,0.02,2.0,10.0,2.0,0,10.0,1.9999999999999996,3.111704166330243,1.1018398445751794,0.3111704166330243,0.5509199222875898,0.31584885257927536,0.10210357824104757,0.031584885257927534,0.0510517891205238,0.08657206124130291,0.023300160569575536,0.008657206124130292,0.01165008028478777,3.1392933444148454,1.1121371986714104,0.3139293344414845,0.5560685993357053
602,0.02,2.0,10.0,2.0,1,10.000000000000002,2.0,3.111708255358193,1.1018327769320824,0.31117082553581926,0.5509163884660412,0.31584683535490743,0.10209563768078048,0.03158468353549074,0.05104781884039024,0.08667728006161947,0.023325230442412276,0.008667728006161945,0.011662615221206138,3.129727998968974,1.1091172347274076,0.31297279989689736,0.5545586173637038
602,0.02,2.0,10.0,2.0,2,10.0,2.0,3.111727893151308,1.1018427403226412,0.3111727893151308,0.5509213701613206,0.3158460813809463,0.10209878278673508,0.031584608138094626,0.05104939139336754,0.08656926315771309,0.0233001552026141,0.008656926315771309,0.01165007760130705,3.116364639245354,1.1039876218111897,0.31163646392453537,0.5519938109055949
602,0.02,2.0,10.0,2.0,3,9.999999999999996,1.9999999999999991,3.1116407488087994,1.101819721742055,0.31116407488088005,0.5509098608710277,0.3159193483392648,0.10211167218676115,0.03159193483392649,0.051055836093380595,0.08646082940095841,0.023281306970174828,0.008646082940095844,0.011640653485087419,3.237500368678441,1.1596097866275814,0.3237500368678442,0.5798048933137909
602,0.02,2.0,10.0,5.0,0,10.0,4.999999999999999,3.111417782870792,1.1018376924029571,0.31114177828707923,0.22036753848059146,0.3142723890770135,0.10173404429990603,0.03142723890770135,0.02034680885998121,0.08653929306020725,0.02330813253925893,0.008653929306020724,0.004661626507851787,3.138967021520059,1.1121267608500909,0.31389670215200594,0.22242535217001821
602,0.02,2.0,10.0,5.0,1,10.000000000000002,4.999999999999999,3.119291662672853,1.1042871127002405,0.31192916626728523,0.22085742254004814,0.3142887396830727,0.10154143353289849,0.031428873968307264,0.020308286706579703,0.09170606957661424,0.023785244292864823,0.009170606957661422,0.004757048858572965,3.13749243805479,1.1116085258989912,0.313749243805479,0.22232170517979827
602,0.02,2.0,10.0,5.0,2,9.999999999999998,5.0,3.1116680322696895,1.1018324751576334,0.311166803226969,0.22036649503152667,0.31584583644874126,0.10209698038535653,0.03158458364487413,0.020419396077071307,0.08665835243935342,0.02332364707881306,0.008665835243935344,0.004664729415762612,3.116344060845035,1.1039881235100224,0.31163440608450355,0.22079762470200448
602,0.02,2.0,10.0,5.0,3,10.000000000000002,4.999999999999998,3.1113024358319765,1.1018730549700413,0.3111302435831976,0.22037461099400835,0.3144523349234415,0.10187957486155604,0.03144523349234414,0.020375914972311213,0.08569689442327884,0.023089771325185044,0.008569689442327883,0.00461795426503701,3.2370907413427594,1.1596496964949758,0.3237090741342759,0.23192993929899525
602,0.02,2.0,20.0,2.0,0,19.999999999999996,1.9999999999999991,3.1117146553287314,1.1018321827541002,0.15558573276643659,0.5509160913770503,0.3158478330196704,0.1021010122982578,0.015792391650983523,0.05105050614912892,0.08661098098392392,0.023309135768033572,0.004330549049196197,0.011654567884016791,3.1392216021524173,1.1121185233570368,0.1569610801076209,0.5560592616785186
602,0.02,2.0,20.0,2.0,1,19.999999999999996,2.0000000000000004,3.111434216882702,1.1017491498063776,0.15557171084413512,0.5508745749031887,0.3154890202433121,0.10198174120104303,0.015774451012165607,0.0509908706005215,0.08582539799272379,0.023151468644719772,0.0042912698996361905,0.011575734322359884,3.129470836077439,1.1090321316554135,0.15647354180387196,0.5545160658277066
602,0.02,2.0,20.0,2.0,2,20.0,1.9999999999999996,3.111701863580053,1.1018354028158046,0.15558509317900265,0.5509177014079024,0.3158672512801262,0.10210759593706331,0.015793362564006312,0.05105379796853167,0.08665590529802358,0.023318341947270765,0.0043327952649011795,0.011659170973635384,3.1162843009724686,1.1039693377726922,0.15581421504862342,0.5519846688863462
602,0.02,2.0,20.0,2.0,3,20.0,1.9999999999999996,3.1115776317058494,1.1017858649899182,0.15557888158529248,0.5508929324949592,0.31579742844930847,0.10207434013257839,0.015789871422465424,0.05103717006628921,0.08640892972374924,0.023271976095091993,0.004320446486187462,0.011635988047545998,3.237320710484257,1.1595490833430842,0.16186603552421286,0.5797745416715422
602,0.02,2.0,20.0,5.0,0,20.0,5.0,3.1116733287114378,1.1018248979692622,0.1555836664355719,0.22036497959385243,0.3158059683855081,0.102092571993861,0.015790298419275407,0.0204185143987722,0.08611569334937708,0.02317969574181429,0.004305784667468854,0.004635939148362858,3.13928516506721,1.1121277759116603,0.1569642582533605,0.22242555518233206
602,0.02,2.0,20.0,5.0,1,20.0,4.999999999999998,3.11165164097972,1.1018305590242339,0.155582582048986,0.22036611180484686,0.3159189461598792,0.10211278362016271,0.01579594730799396,0.02042255672403255,0.08651058984865635,0.023289789342925686,0.0043255294924328174,0.004657957868585139,3.129734057745395,1.109116707381118,0.15648670288726976,0.22182334147622365
602,0.02,2.0,20.0,5.0,2,19.999999999999993,5.0,3.0884206735106443,1.0952428452207554,0.15442103367553228,0.2190485690441511,0.32256795147251144,0.10234193952200195,0.016128397573625577,0.02046838790440039,0.078819269748741,0.021705307054489423,0.003940963487437051,0.0043410614108978845,3.0934040106579053,1.097511856783502,0.15467020053289532,0.21950237135670042
602,0.02,2.0,20.0,5.0,3,20.0,4.999999999999999,3.1116476176374452,1.1018164225168543,0.15558238088187226,0.2203632845033709,0.31581388182709386,0.10207726931243889,0.015790694091354692,0.020415453862487783,0.08625602701533228,0.023242129986021577,0.0043128013507666135,0.004648425997204316,3.2375531583870876,1.159609253125866,0.16187765791935438,0.23192185062517323
602,0.02,5.0,5.0,2.0,0,5.000000000000001,1.9999999999999996,3.116563936004299,1.1358987469027284,0.6233127872008597,0.5679493734513643,0.05224195875717976,0.03085151325904494,0.010448391751435951,0.015425756629522473,0.08663983927727044,0.023310510471567382,0.017327967855454086,0.011655255235783693,3.1459821257929677,1.1468266075135085,0.6291964251585934,0.5734133037567544
602,0.02,5.0,5.0,2.0,1,5.0,1.9999999999999996,3.1177475482262853,1.1363342248181338,0.623549509645257,0.568167112409067,0.05226148603664024,0.030848485567107273,0.010452297207328048,0.01542424278355364,0.08653923419210766,0.02329433079085315,0.017307846838421532,0.011647165395426576,3.141627122551479,1.145480663799477,0.6283254245102958,0.5727403318997386
602,0.02,5.0,5.0,2.0,2,4.999999999999999,1.9999999999999996,3.116456943598503,1.1358582521440819,0.6232913887197007,0.567929126072041,0.0523090056141685,0.030842949688052124,0.010461801122833701,0.015421474844026065,0.08652458501637203,0.023295410528729917,0.017304917003274408,0.01164770526436496,3.120162394729146,1.1374357008847638,0.6240324789458292,0.568717850442382
602,0.02,5.0,5.0,2.0,3,5.000000000000002,1.9999999999999996,3.1159017447386095,1.1356657271364659,0.6231803489477217,0.567832863568233,0.05223601774888591,0.030839026230585237,0.010447203549777177,0.015419513115292622,0.08657912400614315,0.02330196671410329,0.017315824801228622,0.011650983357051647,3.3037880668652404,1.2210310375175004,0.6607576133730478,0.6105155187587503
602,0.02,5.0,5.0,5.0,0,5.0,5.0,3.199756314481778,1.1660830099794999,0.6399512628963556,0.23321660199589997,0.05251439415782779,0.0308683425523088,0.010502878831565558,0.00617366851046176,0.08605314169181585,0.023186943098468894,0.01721062833836317,0.004637388619693779,3.232770937004259,1.178315410188448,0.6465541874008518,0.23566308203768963
602,0.02,5.0,5.0,5.0,1,5.0,4.999999999999998,3.179844946696766,1.1588666175567743,0.6359689893393532,0.23177332351135496,0.05217289913441312,0.030861684795656753,0.010434579826882624,0.006172336959131353,0.086888320855419,0.023376511870766135,0.0173776641710838,0.0046753023741532285,3.2047421787613533,1.1684028163458828,0.6409484357522707,0.23368056326917666
602,0.02,5.0,5.0,5.0,2,5.000000000000002,5.0,3.117314058104433,1.1361674287498849,0.6234628116208865,0.22723348574997698,0.052293886061341256,0.030853484747709128,0.010458777212268247,0.006170696949541825,0.08658136272991587,0.023299050468970968,0.01731627254598317,0.004659810093794193,3.120764009707932,1.1376936660386863,0.6241528019415862,0.22753873320773726
602,0.02,5.0,5.0,5.0,3,5.000000000000001,4.999999999999999,3.1402909079759844,1.1445460127583553,0.6280581815951968,0.2289092025516711,0.05208664787279413,0.03084691695369354,0.010417329574558824,0.006169383390738709,0.08656180999339964,0.023296327410947205,0.017312361998679925,0.004659265482189442,3.336623168481977,1.2331307965301126,0.6673246336963953,0.24662615930602255
602,0.02,5.0,10.0,2.0,0,9.999999999999995,2.0000000000000004,3.1364865381065345,1.1431514246810237,0.3136486538106536,0.5715757123405117,0.05232070315314979,0.030832609485516256,0.005232070315314982,0.015416304742758125,0.08661458670632044,0.023307687172561188,0.008661458670632049,0.011653843586280592,3.1670067015429595,1.1544647897645233,0.3167006701542961,0.5772323948822615
602,0.02,5.0,10.0,2.0,1,10.0,1.9999999999999996,3.1126067042224497,1.1344850067724876,0.311260670422245,0.5672425033862439,0.052268178188209974,0.030849689125101123,0.005226817818820997,0.015424844562550565,0.08660823728756761,0.023307224590174785,0.008660823728756761,0.011653612295087394,3.13632329838652,1.1435616806272237,0.31363232983865197,0.571780840313612
602,0.02,5.0,10.0,2.0,2,10.000000000000002,1.9999999999999996,3.1280836156593814,1.1400941207549684,0.3128083615659381,0.5700470603774843,0.05233026573550021,0.03084379168504373,0.00523302657355002,0.015421895842521868,0.0864415628009382,0.02326810991365788,0.00864415628009382,0.011634054956828942,3.131878469465695,1.1417142156033275,0.3131878469465695,0.5708571078016639
602,0.02,5.0,10.0,2.0,3,10.0,1.9999999999999996,3.1165910755825985,1.1359127350099054,0.3116591075582599,0.5679563675049528,0.05229193712791727,0.030849153055743376,0.005229193712791727,0.015424576527871691,0.08663368760952808,0.02331240665045732,0.008663368760952809,0.011656203325228662,3.3048247777276636,1.2214121033764649,0.33048247777276635,0.6107060516882326
602,0.02,5.0,10.0,5.0,0,10.0,4.999999999999998,5.037210171657236,1.8230230778499943,0.5037210171657236,0.364604615569999,0.04615054043356756,0.032531896606223396,0.004615054043356756,0.0065063793212446815,0.08947678210033143,0.023100124249442612,0.008947678210033142,0.004620024849888524,5.1142884489333165,1.8513204664574918,0.5114288448933316,0.3702640932914985
602,0.02,5.0,10.0,5.0,1,10.0,5.0,3.117390335900138,1.13620816596925,0.31173903359001376,0.22724163319385,0.052264717760680084,0.03084809550170309,0.005226471776068008,0.006169619100340618,0.08647760931910371,0.023279746327030493,0.008647760931910371,0.0046559492654060985,3.141334199177864,1.1453669585299098,0.3141334199177864,0.22907339170598195
602,0.02,5.0,10.0,5.0,2,9.999999999999998,4.999999999999999,3.1118702870099937,1.134213110711564,0.3111870287009994,0.22684262214231285,0.052253671023638176,0.030837709882958038,0.005225367102363819,0.006167541976591608,0.0865905542760711,0.02330287935090801,0.008659055427607112,0.004660575870181603,3.115468964892828,1.1357604150734968,0.31154689648928285,0.22715208301469939
602,0.02,5.0,10.0,5.0,3,10.000000000000004,4.999999999999999,3.1151315233058314,1.1353921677932168,0.311513152330583,0.2270784335586434,0.05223204116921027,0.030842245304815007,0.005223204116921025,0.006168449060963002,0.08657566722260661,0.023306278206793086,0.008657566722260658,0.004661255641358618,3.3027489336811335,1.2206315240342926,0.3302748933681132,0.24412630480685857
602,0.02,5.0,20.0,2.0,0,20.0,1.9999999999999991,3.1019139648094205,1.1306041431011848,0.15509569824047104,0.5653020715505926,0.05211719689685979,0.030853158441964373,0.0026058598448429897,0.015426579220982194,0.08655782488162016,0.023303769190643798,0.0043278912440810075,0.011651884595321904,3.130578683589911,1.1412532440772536,0.15652893417949557,0.570626622038627
602,0.02,5.0,20.0,2.0,1,19.999999999999996,2.0,3.080817563992317,1.1229187635263584,0.15404087819961587,0.5614593817631792,0.05252672234321566,0.030862172806806153,0.0026263361171607836,0.015431086403403077,0.08645611850623296,0.02326933870108131,0.004322805925311648,0.011634669350540656,3.103755731478901,1.1317165360529855,0.15518778657394508,0.5658582680264928
602,0.02,5.0,20.0,2.0,2,20.0,1.9999999999999996,2.98508640014558,1.0880677256021767,0.149254320007279,0.5440338628010885,0.04982359576250517,0.031057471553588057,0.0024911797881252582,0.015528735776794032,0.08535933394428984,0.023103917214602445,0.004267966697214492,0.011551958607301224,2.9877916462041116,1.0893068028593575,0.14938958231020558,0.5446534014296789
602,0.02,5.0,20.0,2.0,3,20.000000000000007,1.9999999999999996,3.16409208592307,1.1531666780518877,0.15820460429615346,0.5765833390259439,0.0520698167703666,0.03086379656914305,0.002603490838518329,0.015431898284571529,0.08623338005412427,0.023235936166576765,0.004311669002706212,0.011617968083288384,3.3661636919338314,1.2440020947106027,0.1683081845966915,0.6220010473553015
602,0.02,5.0,20.0,5.0,0,20.000000000000004,4.999999999999999,2.150970591672422,0.775026544382715,0.10754852958362109,0.15500530887654304,0.05960064012396016,0.03052017224499238,0.0029800320061980075,0.006104034448998477,0.2819743614572612,0.04694552337708824,0.014098718072863057,0.00938910467541765,2.142774983618518,0.7719438653569056,0.10713874918092588,0.15438877307138116
602,0.02,5.0,20.0,5.0,1,20.000000000000007,5.0,3.1274207676703476,1.1398624209765018,0.15637103838351732,0.22797248419530036,0.05229983315730336,0.03084724281731481,0.002614991657865167,0.006169448563462962,0.08653130346281272,0.023291786963245117,0.004326565173140635,0.004658357392649024,3.151716171422658,1.1491466001175616,0.15758580857113283,0.22982932002351233
602,0.02,5.0,20.0,5.0,2,20.0,4.999999999999999,3.1277967087809886,1.1399851175281048,0.15638983543904944,0.227997023505621,0.05223760872425788,0.03085790503068688,0.002611880436212894,0.006171581006137378,0.08653483377502892,0.02328895019513677,0.004326741688751446,0.004657790039027355,3.1315212899097604,1.1415888477446523,0.15657606449548803,0.2283177695489305
602,0.02,5.0,20.0,5.0,3,20.000000000000004,5.0,3.11230723882109,1.1343757748252634,0.15561536194105446,0.22687515496505267,0.05231674600684301,0.030855859654971687,0.0026158373003421502,0.006171171930994338,0.08651712058442083,0.023292243728034786,0.004325856029221041,0.004658448745606957,3.29873069263464,1.2191470185335773,0.16493653463173197,0.24382940370671546
602,0.02,10.0,5.0,2.0,0,5.000000000000001,1.9999999999999996,1.0844391764746706,0.1806684075262277,0.21688783529493408,0.09033420376311387,0.1303281985843905,0.027205963928835845,0.026065639716878093,0.013602981964417926,0.08657982415141971,0.02330317853275944,0.01731596483028394,0.011651589266379722,1.0927481384480178,0.18106010057163474,0.2185496276896035,0.09053005028581738
602,0.02,10.0,5.0,2.0,1,4.999999999999999,1.9999999999999991,1.08432744694801,0.1806656124476117,0.21686548938960204,0.09033280622380589,0.13042482155657983,0.02720563799623555,0.02608496431131597,0.01360281899811778,0.08658970502909072,0.023303934792064697,0.017317941005818148,0.011651967396032354,1.0921188775130972,0.18091296636564436,0.2184237755026195,0.09045648318282222
602,0.02,10.0,5.0,2.0,2,5.0,2.0,1.0844267941532295,0.18067344171451244,0.2168853588306459,0.09033672085725622,0.13049967393165088,0.027219296483594675,0.026099934786330176,0.013609648241797338,0.08656786872947514,0.023299897743035213,0.01731357374589503,0.011649948871517607,1.0852452404863282,0.18078685315136225,0.21704904809726563,0.09039342657568113
602,0.02,10.0,5.0,2.0,3,4.999999999999998,1.9999999999999991,1.0844499328292758,0.18066599139171494,0.21688998656585523,0.09033299569585751,0.13039167331320164,0.02719486689150629,0.026078334662640337,0.01359743344575315,0.0865179447845314,0.023293330483774577,0.017303588956906285,0.011646665241887294,1.1013998112448575,0.1879451405769956,0.2202799622489716,0.09397257028849784
602,0.02,10.0,5.0,5.0,0,5.0,5.0,1.0843965646806537,0.18065942786054434,0.21687931293613075,0.03613188557210887,0.13040744847955765,0.027195718113366914,0.02608148969591153,0.005439143622673383,0.08646956674051638,0.02327988960353416,0.017293913348103276,0.004655977920706832,1.0926325973611986,0.18104606656668099,0.21852651947223972,0.036209213313336194
602,0.02,10.0,5.0,5.0,1,5.0,5.0,1.0843514318257588,0.1806610619760457,0.21687028636515177,0.03613221239520914,0.13041175050531484,0.02721293782855159,0.026082350101062968,0.0054425875657103185,0.0867235277291294,0.02332767063153405,0.01734470554582588,0.0046655341263068095,1.0920604962204363,0.18089900879858675,0.21841209924408728,0.03617980175971735
602,0.02,10.0,5.0,5.0,2,5.000000000000001,5.0,1.0843516594776532,0.18065265945332495,0.2168703318955306,0.036130531890664994,0.13036725725490492,0.027232022407226907,0.02607345145098098,0.005446404481445381,0.0866474510047442,0.023317958200448463,0.017329490200948837,0.004663591640089693,1.0852452159092023,0.18077423027662742,0.21704904318184043,0.036154846055325485
602,0.02,10.0,5.0,5.0,3,5.0,4.999999999999998,1.0843295771468477,0.1806575654161253,0.21686591542936956,0.03613151308322507,0.13033767927694245,0.027201035000611638,0.026067535855388492,0.005440207000122329,0.08660245251734758,0.02330981609799655,0.017320490503469517,0.004661963219599312,1.1014233001599034,0.1879443728075013,0.2202846600319807,0.03758887456150027
602,0.02,10.0,10.0,2.0,0,10.0,2.0,1.0842928923034634,0.18064711345632908,0.10842928923034634,0.09032355672816454,0.1304739646182296,0.027213788867458764,0.013047396461822961,0.013606894433729382,0.08653174616292873,0.02329425283472988,0.008653174616292874,0.01164712641736494,1.0926760466359962,0.18104681540821657,0.10926760466359961,0.09052340770410829
602,0.02,10.0,10.0,2.0,1,10.000000000000004,2.0000000000000004,1.0844438930696911,0.1806736255752814,0.10844438930696908,0.09033681278764069,0.1304548811261053,0.027212109708287757,0.013045488112610524,0.013606054854143875,0.08664813725734087,0.02332015669607431,0.008664813725734084,0.011660078348037154,1.0920472209109018,0.18090298035623897,0.10920472209109014,0.09045149017811947
602,0.02,10.0,10.0,2.0,2,10.000000000000002,1.9999999999999996,1.0843969294152802,0.1806663876176508,0.108439692941528,0.09033319380882542,0.1303688532574576,0.02720448318762537,0.013036885325745757,0.01360224159381269,0.08645348454581708,0.023276122902695057,0.008645348454581706,0.01163806145134753,1.0852300199700604,0.18077165063993025,0.10852300199700603,0.09038582531996514
602,0.02,10.0,10.0,2.0,3,10.0,2.0,1.0843350128825162,0.18064994803839163,0.10843350128825162,0.09032497401919581,0.13036166104586647,0.027200328869974765,0.013036166104586647,0.013600164434987383,0.08648171291869781,0.023277568389160584,0.008648171291869781,0.011638784194580292,1.101299857610009,0.18793443707228766,0.1101299857610009,0.09396721853614383
602,0.02,10.0,10.0,5.0,0,10.0,4.999999999999998,1.0843401161720558,0.18065834701516378,0.10843401161720559,0.03613166940303277,0.1306199335365229,0.027176296100187694,0.01306199335365229,0.005435259220037541,0.08649459824360349,0.02328327040761097,0.008649459824360349,0.004656654081522196,1.0927030599124832,0.18105603696133268,0.10927030599124832,0.03621120739226655
602,0.02,10.0,10.0,5.0,1,10.000000000000002,5.0,1.0843544115838664,0.1806688810510726,0.10843544115838662,0.03613377621021452,0.13032513031644055,0.027186486845639533,0.013032513031644053,0.005437297369127907,0.08656935639569922,0.02330134915743921,0.00865693563956992,0.004660269831487842,1.092007608259675,0.1808954553953863,0.10920076082596748,0.036179091079077255
602,0.02,10.0,10.0,5.0,2,10.0,5.0,1.0847416090929907,0.1807368806551693,0.10847416090929907,0.03614737613103386,0.13032574292475535,0.027269296577714017,0.013032574292475535,0.005453859315542804,0.08739659395435925,0.023538482123748265,0.008739659395435926,0.004707696424749653,1.0855709795098882,0.18085809784031298,0.10855709795098882,0.0361716195680626
602,0.02,10.0,10.0,5.0,3,10.0,4.999999999999999,1.0843569924015348,0.18066452151477497,0.10843569924015348,0.036132904302955,0.1304549667028764,0.027213080023496577,0.01304549667028764,0.005442616004699316,0.08660200618471989,0.023304259883487242,0.008660200618471989,0.004660851976697449,1.1013518754556901,0.18792984386765743,0.11013518754556902,0.03758596877353149
602,0.02,10.0,20.0,2.0,0,20.000000000000004,2.0000000000000004,1.0843371259165882,0.1806667412074786,0.054216856295829396,0.09033337060373929,0.130389029736867,0.0271799286643878,0.0065194514868433485,0.013589964332193897,0.08644539017022483,0.02327815025060197,0.004322269508511241,0.011639075125300984,1.0926155931173738,0.18104339087866056,0.054630779655868676,0.09052169543933027
602,0.02,10.0,20.0,2.0,1,20.0,1.9999999999999996,1.0860627221285948,0.1816198806983758,0.05430313610642974,0.09080994034918792,0.13142713222248534,0.027448479489129204,0.006571356611124267,0.013724239744564605,0.08703008827145818,0.023433176642777657,0.004351504413572909,0.01171658832138883,1.0938323660035292,0.18187738989709043,0.05469161830017646,0.09093869494854523
602,0.02,10.0,20.0,2.0,2,20.000000000000004,1.9999999999999991,1.0843465234365328,0.18066370667573867,0.05421732617182663,0.09033185333786937,0.13055488400529436,0.02722804404970324,0.0065277442002647165,0.013614022024851626,0.08671154384252333,0.023331783245663446,0.004335577192126166,0.011665891622831728,1.085376174951758,0.1808090631138631,0.054268808747587896,0.0904045315569316
602,0.02,10.0,20.0,2.0,3,20.0,1.9999999999999996,1.0843345067768437,0.1806680270984424,0.054216725338842184,0.09033401354922121,0.13039642411470806,0.02720165044121254,0.006519821205735403,0.013600825220606273,0.08644600229497369,0.023274125833420888,0.004322300114748685,0.011637062916710446,1.101311023601051,0.18794048671417074,0.055065551180052554,0.0939702433570854
602,0.02,10.0,20.0,5.0,0,19.999999999999993,4.999999999999998,8.045078748492296,0.5344724623613284,0.40225393742461496,0.10689449247226572,0.12369938415629472,0.03279095675528978,0.006184969207814739,0.0065581913510579576,16.820666873232124,1.5276599096444499,0.8410333436616065,0.3055319819288901,8.167583480315123,0.5388305481477882,0.4083791740157563,0.10776610962955768
602,0.02,10.0,20.0,5.0,1,20.000000000000007,4.999999999999999,1.6363944259011933,0.26281128663475717,0.08181972129505964,0.052562257326951446,0.2099049750783851,0.02482349159103175,0.01049524875391925,0.004964698318206351,0.1257913360846095,0.023421367879337688,0.006289566804230472,0.004684273575867539,1.6504277243820153,0.2655288291746084,0.08252138621910074,0.053105765834921694
602,0.02,10.0,20.0,5.0,2,20.000000000000004,4.999999999999999,1.0844018634015238,0.1806664276391602,0.05422009317007618,0.03613328552783204,0.13045795486570202,0.02721639826270725,0.0065228977432851,0.005443279652541451,0.08660066787850149,0.02330901934619453,0.004330033393925074,0.004661803869238907,1.085143399534207,0.18077497551383842,0.05425716997671034,0.03615499510276769
602,0.02,10.0,20.0,5.0,3,20.0,4.999999999999999,1.0498771353437775,0.1714548386447737,0.05249385676718887,0.03429096772895475,0.1318095911261868,0.0273372563278856,0.0065904795563093395,0.005467451265577121,0.11854225780219142,0.028946684634272458,0.005927112890109571,0.005789336926854492,1.0655739116393161,0.1787578631133279,0.05327869558196581,0.03575157262266559
602,0.05,0.0,5.0,2.0,0,5.0,2.000000000000001,0.08637169118803263,0.02364976570048992,0.017274338237606525,0.011824882850244954,0.08360067242043139,0.02309664176396813,0.016720134484086276,0.01154832088198406,0.08915697762804715,0.025015391709020666,0.01783139552560943,0.012507695854510328,0.08487537161557226,0.023496655822889772,0.01697507432311445,0.01174832791144488
602,0.05,0.0,5.0,2.0,1,5.0,2.0,0.08638895994387864,0.023649638511838437,0.01727779198877573,0.011824819255919218,0.08355590570465507,0.02308931587290923,0.016711181140931015,0.011544657936454615,0.08910156362867204,0.02500253455964273,0.017820312725734408,0.012501267279821366,0.09208371367302705,0.02508288506841489,0.01841674273460541,0.012541442534207446
602,0.05,0.0,5.0,2.0,2,5.000000000000003,2.0,0.08642563293458687,0.02365649169631119,0.017285126586917363,0.011828245848155595,0.08363580036673582,0.023108906405538684,0.016727160073347156,0.011554453202769342,0.08915705926537291,0.02501292183651203,0.017831411853074575,0.012506460918256015,0.07968863591165025,0.02151000144988628,0.015937727182330042,0.01075500072494314
602,0.05,0.0,5.0,2.0,3,5.0,1.9999999999999996,0.0862430345004261,0.023623204940839443,0.01724860690008522,0.011811602470419725,0.08353630562195483,0.02308440984581791,0.016707261124390964,0.011542204922908956,0.08913948020091253,0.025012033994460083,0.017827896040182506,0.012506016997230045,0.10597506199385319,0.028130898267197585,0.021195012398770637,0.014065449133598796
602,0.05,0.0,5.0,5.0,0,4.999999999999999,5.0,0.08634697582193641,0.023646670176382008,0.017269395164387285,0.0047293340352764016,0.0835233468182719,0.023082120983214955,0.016704669363654383,0.004616424196642991,0.0892512216132028,0.02502875043921518,0.017850244322640565,0.0050057500878430364,0.08494550079997354,0.023506304738495132,0.016989100159994712,0.0047012609476990265
602,0.05,0.0,5.0,5.0,1,5.000000000000003,5.0,0.0863452880200704,0.023640917728983926,0.01726905760401407,0.004728183545796785,0.08346737133855574,0.023073237290992026,0.016693474267711138,0.004614647458198405,0.08912803752052773,0.025010278198980666,0.017825607504105535,0.005002055639796133,0.09213080734034801,0.025089040008274336,0.018426161468069593,0.0050178080016548676
602,0.05,0.0,5.0,5.0,2,4.9999999999999964,4.999999999999998,0.08631220401514765,0.02363849014465034,0.017262440803029543,0.004727698028930069,0.08346480782855416,0.02307182360289895,0.016692961565710842,0.004614364720579792,0.08919452317077455,0.025015936157697663,0.017838904634154922,0.005003187231539534,0.07966292665900496,0.021501303939529433,0.015932585331801002,0.004300260787905888
602,0.05,0.0,5.0,5.0,3,5.0,5.0,0.08639466177954205,0.023650239957716805,0.01727893235590841,0.004730047991543361,0.08361297007416539,0.023103868626383164,0.01672259401483308,0.004620773725276633,0.08922015580104176,0.025029067890056197,0.01784403116020835,0.005005813578011239,0.10598042561345251,0.028128266041498144,0.021196085122690504,0.005625653208299629
602,0.05,0.0,10.0,2.0,0,10.000000000000005,1.9999999999999996,0.08630345137279959,0.023632797980255138,0.008630345137279954,0.011816398990127572,0.0834803711676998,0.02307482648014443,0.008348037116769975,0.011537413240072217,0.08915408370759041,0.025005947401983995,0.008915408370759036,0.012502973700992001,0.08494326577847039,0.02350712724574603,0.008494326577847034,0.011753563622873019
602,0.05,0.0,10.0,2.0,1,10.000000000000002,1.9999999999999996,0.08632900926621746,0.023639330166107426,0.008632900926621745,0.011819665083053717,0.08354988297102808,0.023093671833984517,0.008354988297102807,0.01154683591699226,0.08916786098034725,0.02501614795392888,0.008916786098034724,0.012508073976964443,0.0920479170337611,0.0250746386157916,0.009204791703376108,0.012537319307895804
602,0.05,0.0,10.0,2.0,2,10.0,1.9999999999999996,0.08632877612119655,0.023641096734678534,0.008632877612119654,0.01182054836733927,0.08361327243050957,0.0231003928509517,0.008361327243050958,0.011550196425475851,0.08919674975606834,0.025021700322208126,0.008919674975606834,0.012510850161104066,0.07961756665919843,0.021494538704825657,0.007961756665919844,0.01074726935241283
602,0.05,0.0,10.0,2.0,3,10.000000000000004,1.9999999999999996,0.08631629039582095,0.02363562804229752,0.008631629039582091,0.011817814021148763,0.08357373241368873,0.02309630969772921,0.00835737324136887,0.011548154848864607,0.08922857145543094,0.025028675018168894,0.00892285714554309,0.01251433750908445,0.10603205680848253,0.028141754809129796,0.010603205680848249,0.014070877404564901
602,0.05,0.0,10.0,5.0,0,10.000000000000004,5.0,0.08628932524478647,0.023635119803349782,0.008628932524478643,0.004727023960669956,0.08357739923616038,0.023096616565838883,0.008357739923616036,0.004619323313167776,0.08919805266840115,0.02501936923426862,0.008919805266840112,0.005003873846853724,0.08492198008775168,0.02350741509252824,0.008492198008775164,0.004701483018505648
602,0.05,0.0,10.0,5.0,1,10.000000000000004,4.999999999999999,0.09462952434964104,0.02517592412468001,0.009462952434964101,0.005035184824936003,0.08155144199850249,0.02269987684185702,0.008155144199850247,0.0045399753683714045,0.0971670229892911,0.026750992536791085,0.009716702298929106,0.0053501985073582175,0.10004921677233368,0.026606880862549934,0.010004921677233365,0.005321376172509987
602,0.05,0.0,10.0,5.0,2,10.000000000000002,5.000000000000001,0.08627235771247178,0.023613712336696055,0.008627235771247178,0.00472274246733921,0.08294053431935909,0.022947756861491725,0.008294053431935908,0.004589551372298344,0.08889601971602179,0.024941035947797036,0.008889601971602178,0.004988207189559406,0.07952963385928181,0.02145661176984725,0.00795296338592818,0.004291322353969449
602,0.05,0.0,10.0,5.0,3,10.0,4.999999999999999,0.08641476316644117,0.023673155962749066,0.008641476316644118,0.004734631192549814,0.08163903233544824,0.022716426632856078,0.008163903233544824,0.0045432853265712165,0.08936081513690648,0.025108063966911752,0.008936081513690648,0.005021612793382351,0.10601948836613433,0.02813593812264714,0.010601948836613433,0.0056271876245294295
602,0.05,0.0,20.0,2.0,0,20.0,2.0,0.08645224994638212,0.023695615606147885,0.004322612497319106,0.011847807803073943,0.08376746163877156,0.023144336463084076,0.004188373081938578,0.011572168231542038,0.08914824590660049,0.02507421622325926,0.004457412295330024,0.01253710811162963,0.08496045403428658,0.023555612584513864,0.004248022701714329,0.011777806292256932
602,0.05,0.0,20.0,2.0,1,19.999999999999996,2.0000000000000004,0.08605019718086698,0.023599726637335474,0.00430250985904335,0.011799863318667734,0.08215758889990339,0.022827366571763118,0.00410787944499517,0.011413683285881557,0.08919144608351007,0.025072085223228135,0.004459572304175504,0.012536042611614064,0.09181094387028932,0.02505225382918669,0.004590547193514467,0.012526126914593342
602,0.05,0.0,20.0,2.0,2,20.0,1.9999999999999996,0.08592524081273567,0.023568817008357966,0.004296262040636783,0.011784408504178986,0.08359029234064423,0.02310208559917,0.004179514617032211,0.011551042799585002,0.0883064023652818,0.024815957745485392,0.00441532011826409,0.0124079788727427,0.0791708150444766,0.021407786988602046,0.00395854075222383,0.010703893494301025
602,0.05,0.0,20.0,2.0,3,20.0,1.9999999999999991,0.08642436097614047,0.023664246160941236,0.0043212180488070235,0.011832123080470623,0.08350129452621342,0.023080117626475372,0.004175064726310671,0.011540058813237691,0.0892568030105628,0.025034922197636967,0.0044628401505281395,0.012517461098818489,0.10611281455894099,0.028166949675993126,0.005305640727947049,0.01408347483799657
602,0.05,0.0,20.0,5.0,0,20.0,4.999999999999998,0.08646935303678653,0.023669983270566165,0.0043234676518393265,0.004733996654113235,0.08356221236731566,0.02309762251454068,0.004178110618365783,0.004619524502908138,0.08928926831221783,0.025045106735272278,0.004464463415610891,0.005009021347054457,0.08505483735292507,0.023531562893917512,0.0042527418676462534,0.0047063125787835045
602,0.05,0.0,20.0,5.0,1,20.0,5.0,18.21341255533259,2.4674084667088865,0.9106706277666294,0.49348169334177727,3.160877621545515,0.3630439592362804,0.15804388107727577,0.07260879184725608,22.501721653881315,3.084697793578195,1.1250860826940658,0.616939558715639,18.279140722819616,2.393496584013196,0.9139570361409808,0.47869931680263916
602,0.05,0.0,20.0,5.0,2,19.999999999999996,5.0,0.08667875439039761,0.023706429418817104,0.0043339377195198816,0.0047412858837634205,0.08411551033864142,0.023201383943432904,0.004205775516932072,0.004640276788686581,0.08938643983166214,0.025052706604315432,0.004469321991583108,0.005010541320863086,0.08001672299814508,0.021574963374513118,0.004000836149907255,0.0043149926749026235
602,0.05,0.0,20.0,5.0,3,20.000000000000007,4.999999999999998,0.09452131237520624,0.02499665497678919,0.00472606561876031,0.00499933099535784,0.09554410274347441,0.025274129818435166,0.004777205137173719,0.005054825963687035,0.12095849347981828,0.032081311074215295,0.006047924673990912,0.006416262214843062,0.10528203803964528,0.028048000905381034,0.0052641019019822625,0.005609600181076209
602,0.05,2.0,5.0,2.0,0,4.999999999999998,2.0,0.9354062385720946,0.5227626947681691,0.18708124771441897,0.26138134738408453,0.08499816510176506,0.05323831176619335,0.016999633020353018,0.026619155883096674,0.08915502051060853,0.02501558630415814,0.01783100410212171,0.01250779315207907,0.9299928850413952,0.5209653343758388,0.1859985770082791,0.2604826671879194
602,0.05,2.0,5.0,2.0,1,5.000000000000001,1.9999999999999996,0.9353909655653138,0.5227546645744774,0.18707819311306273,0.26137733228723875,0.08489844451329413,0.05323232040536654,0.016979688902658822,0.026616160202683276,0.08914892876948938,0.025016958183833017,0.017829785753897872,0.012508479091916512,0.9301021022132796,0.5205565225864061,0.18602042044265588,0.2602782612932031
602,0.05,2.0,5.0,2.0,2,5.000000000000002,1.9999999999999996,0.9353515582789428,0.5227412628282557,0.1870703116557885,0.2613706314141279,0.08484954557371222,0.05323012847226173,0.016969909114742436,0.026615064236130873,0.08916423781793183,0.02501248152526961,0.01783284756358636,0.012506240762634808,0.9964691467530754,0.5417412584715622,0.19929382935061501,0.27087062923578115
602,0.05,2.0,5.0,2.0,3,5.000000000000001,2.0,0.9353574019564831,0.5227442284067647,0.1870714803912966,0.26137211420338236,0.08488018458870766,0.05323763350471951,0.01697603691774153,0.026618816752359754,0.0892572681844681,0.025030842218247605,0.017851453636893614,0.012515421109123803,0.9146029485472389,0.5785105247864276,0.18292058970944775,0.2892552623932138
602,0.05,2.0,5.0,5.0,0,5.000000000000002,5.000000000000001,0.9354666887197151,0.5227604592556163,0.18709333774394293,0.10455209185112324,0.08499545890362746,0.05324527056657094,0.016999091780725485,0.010649054113314186,0.08912624898919744,0.025008639927941535,0.01782524979783948,0.005001727985588306,0.9300735947453869,0.5209785299802697,0.1860147189490773,0.10419570599605392
602,0.05,2.0,5.0,5.0,1,5.000000000000001,5.000000000000001,0.9353626483347914,0.5227479370617159,0.18707252966695825,0.10454958741234315,0.08515491611761242,0.053252060600699196,0.01703098322352248,0.010650412120139837,0.08916737570188397,0.025023850806009596,0.01783347514037679,0.0050047701612019185,0.9300001013983039,0.5205263056561489,0.18600002027966075,0.10410526113122975
602,0.05,2.0,5.0,5.0,2,5.000000000000003,5.0,0.9353849645342087,0.5227573595245701,0.18707699290684165,0.10455147190491403,0.08494932856625245,0.0532361137949544,0.016989865713250483,0.01064722275899088,0.08919710206701703,0.025021552544567362,0.017839420413403397,0.005004310508913473,0.996413755274483,0.5417302876328203,0.19928275105489648,0.10834605752656405
602,0.05,2.0,5.0,5.0,3,4.999999999999998,4.999999999999999,0.935363416684693,0.5227437368170748,0.18707268333693866,0.10454874736341498,0.0848990680565248,0.053242317352314834,0.01697981361130497,0.01064846347046297,0.08917286824276867,0.0250295586526621,0.01783457364855374,0.00500591173053242,0.9146197701289773,0.5785103733838826,0.18292395402579553,0.11570207467677653
602,0.05,2.0,10.0,2.0,0,10.000000000000002,2.0,0.9353682732405568,0.5227424488948698,0.09353682732405566,0.2613712244474349,0.08499553396473912,0.05322573215902835,0.008499553396473911,0.026612866079514175,0.08930107003401211,0.025041696585759058,0.00893010700340121,0.012520848292879529,0.9299864089855313,0.5209564067949277,0.09299864089855311,0.26047820339746386
602,0.05,2.0,10.0,2.0,1,10.000000000000004,1.9999999999999996,0.9353865712836675,0.5227512036340197,0.09353865712836672,0.2613756018170099,0.08483709909630141,0.05325086640836996,0.008483709909630138,0.026625433204184985,0.08909754208972358,0.024991227824118403,0.008909754208972354,0.012495613912059205,0.9300510797819147,0.5205528347122179,0.09300510797819143,0.260276417356109
602,0.05,2.0,10.0,2.0,2,10.000000000000002,1.9999999999999996,0.9354653959009287,0.5227652178471169,0.09354653959009285,0.2613826089235585,0.08481688832098012,0.05323287372629602,0.008481688832098011,0.02661643686314802,0.08909589528128696,0.024998181393798075,0.008909589528128694,0.012499090696899041,0.9963940535037895,0.541724131532121,0.09963940535037893,0.27086206576606053
602,0.05,2.0,10.0,2.0,3,10.000000000000002,1.9999999999999991,0.9354050591926394,0.5227522763958098,0.09354050591926392,0.261376138197905,0.08502597701173854,0.05324485034628448,0.008502597701173852,0.02662242517314225,0.08921691334695525,0.025019506104561634,0.008921691334695524,0.012509753052280822,0.9145935626860706,0.5785092390222922,0.09145935626860704,0.2892546195111462
602,0.05,2.0,10.0,5.0,0,10.0,5.0,0.9353335909246949,0.5227438090350203,0.09353335909246949,0.10454876180700405,0.08497799461912214,0.05321418484138919,0.008497799461912214,0.010642836968277839,0.08936539188265513,0.025064875180605427,0.008936539188265513,0.0050129750361210855,0.9300483892497149,0.5209708121753589,0.0930048389249715,0.10419416243507178
602,0.05,2.0,10.0,5.0,1,10.000000000000004,4.999999999999999,0.9353475727301734,0.5227482244622823,0.09353475727301731,0.10454964489245648,0.08482285910589366,0.053253532785419465,0.008482285910589362,0.010650706557083894,0.08905543568723052,0.02498608522756423,0.00890554356872305,0.004997217045512847,0.9301000341594144,0.5205558678668838,0.09301000341594141,0.10411117357337678
602,0.05,2.0,10.0,5.0,2,9.999999999999996,5.0,0.9353680898478308,0.5227513914289529,0.09353680898478312,0.10455027828579058,0.0848622689286699,0.053224567528577134,0.008486226892866993,0.010644913505715427,0.08919562365034572,0.025021448360880227,0.008919562365034576,0.005004289672176045,0.9963864354061542,0.5417203411441136,0.09963864354061545,0.10834406822882273
602,0.05,2.0,10.0,5.0,3,10.0,5.0,0.9354002783603707,0.5227525467863391,0.09354002783603707,0.10455050935726781,0.08492525260841856,0.053234529613444104,0.008492525260841856,0.010646905922688821,0.08918214466637904,0.02502191708440701,0.008918214466637904,0.005004383416881402,0.9145703741001016,0.578505205645343,0.09145703741001016,0.11570104112906861
602,0.05,2.0,20.0,2.0,0,19.999999999999996,1.9999999999999996,0.9354246900386024,0.5227618904166479,0.04677123450193013,0.261380945208324,0.08493087446166082,0.05323632910885765,0.0042465437230830416,0.026618164554428832,0.08912674846983368,0.025012781801111827,0.004456337423491685,0.012506390900555917,0.930099496495163,0.52098439403679,0.046504974824758155,0.26049219701839504
602,0.05,2.0,20.0,2.0,1,19.999999999999996,2.000000000000001,0.9346618672851408,0.5225457970273174,0.046733093364257045,0.2612728985136586,0.08254122213760894,0.052917446244011526,0.004127061106880448,0.026458723122005753,0.08798943485225284,0.02473783416027727,0.004399471742612643,0.01236891708013863,0.9294393670408287,0.5203601788269169,0.04647196835204145,0.2601800894134583
602,0.05,2.0,20.0,2.0,2,19.999999999999996,1.9999999999999991,0.9353636129197697,0.5227493473038416,0.04676818064598849,0.2613746736519209,0.0851480679500005,0.053238420819907165,0.004257403397500026,0.026619210409953593,0.08917504076872641,0.02502048093782584,0.004458752038436322,0.012510240468912925,0.9963674741080086,0.5417205072774451,0.04981837370540044,0.2708602536387227
602,0.05,2.0,20.0,2.0,3,20.0,1.9999999999999991,0.9354211317691806,0.5227544732021446,0.04677105658845903,0.2613772366010724,0.08499201816228293,0.05323794936815698,0.0042496009081141465,0.0266189746840785,0.08918695969007306,0.0250201799096672,0.004459347984503653,0.012510089954833605,0.9146451578557191,0.578508097292079,0.045732257892785955,0.2892540486460396
602,0.05,2.0,20.0,5.0,0,20.000000000000007,5.0,0.9366651266070704,0.5226217440239238,0.0468332563303535,0.10452434880478476,0.15717083714400834,0.06189372791694414,0.007858541857200415,0.012378745583388829,0.10698794033361962,0.029441725586547177,0.005349397016680979,0.005888345117309435,0.9288446353516878,0.5204150622565442,0.04644223176758437,0.10408301245130884
602,0.05,2.0,20.0,5.0,1,20.0,4.999999999999998,11.300153554342813,2.281578240115491,0.5650076777171407,0.4563156480230984,0.3714939397138733,0.08615325384473417,0.018574696985693664,0.01723065076894684,11.03141463029334,1.7442054233555304,0.551570731514667,0.3488410846711062,11.352048373726882,2.287206381863902,0.5676024186863441,0.4574412763727806
602,0.05,2.0,20.0,5.0,2,20.0,5.0,1.2932352967675285,0.58727548205892,0.06466176483837642,0.117455096411784,0.12076608075469457,0.050516985837397464,0.006038304037734728,0.010103397167479492,0.11381470263359504,0.018711435752119813,0.005690735131679752,0.0037422871504239627,1.3574172342952158,0.6089914810297153,0.06787086171476078,0.12179829620594307
602,0.05,2.0,20.0,5.0,3,20.0,5.0,0.9410602135877647,0.5245890786530042,0.04705301067938823,0.10491781573060084,0.09563913464341907,0.05542943634984936,0.004781956732170954,0.011085887269969872,0.08521860038343756,0.023748120964980725,0.004260930019171878,0.004749624192996145,0.9143479341103494,0.5794814982705566,0.04571739670551747,0.11589629965411133
602,0.05,5.0,5.0,2.0,0,4.999999999999998,1.9999999999999991,1.0129131790732022,0.42922942482202026,0.2025826358146405,0.2146147124110102,0.03386287948094043,0.02097504235602025,0.0067725758961880884,0.01048752117801013,0.08914726045783732,0.025008738846587865,0.017829452091567468,0.012504369423293938,1.0137031686625957,0.430087018048179,0.20274063373251922,0.21504350902408959
602,0.05,5.0,5.0,2.0,1,5.0,1.9999999999999996,1.0130064245155432,0.42924149270977796,0.20260128490310864,0.21462074635488904,0.0338742548266374,0.020974068295619094,0.006774850965327479,0.010487034147809549,0.0892028904659475,0.025025052294735027,0.0178405780931895,0.012512526147367517,1.0138359150514744,0.4315296797971072,0.2027671830102949,0.21576483989855366
602,0.05,5.0,5.0,2.0,2,5.0,1.9999999999999996,1.0129768504420664,0.42923721534580805,0.20259537008841327,0.21461860767290408,0.03387068908641209,0.02097842518703159,0.0067741378172824175,0.010489212593515797,0.08922251609740664,0.025026328029936953,0.017844503219481327,0.01251316401496848,1.0998398137212524,0.4590838110405324,0.21996796274425048,0.22954190552026627
602,0.05,5.0,5.0,2.0,3,5.0,2.0,1.0129180353036826,0.42921899953438586,0.20258360706073653,0.21460949976719293,0.0339061116661417,0.02098157184907741,0.00678122233322834,0.010490785924538705,0.08922280544073957,0.025029011516497477,0.017844561088147914,0.012514505758248739,1.056761334931995,0.4542887813238624,0.21135226698639903,0.2271443906619312
602,0.05,5.0,5.0,5.0,0,5.0000000000000036,5.0,1.0129447817504416,0.42923025826809236,0.20258895635008817,0.08584605165361847,0.03389996989325049,0.02099329942923553,0.006779993978650093,0.004198659885847106,0.08922131647448525,0.025029669235256978,0.017844263294897036,0.005005933847051396,1.0137162971050706,0.43008339737231727,0.20274325942101398,0.08601667947446345
602,0.05,5.0,5.0,5.0,1,5.000000000000001,5.0,1.0128292006069808,0.42920549861170737,0.2025658401213961,0.08584109972234147,0.03402607639369618,0.020991351348097376,0.0068052152787392356,0.004198270269619475,0.08922015079266579,0.025030188380602437,0.017844030158533156,0.005006037676120487,1.0138489054927713,0.4315233709658497,0.20276978109855423,0.08630467419316994
602,0.05,5.0,5.0,5.0,2,5.0,5.0,1.0130500941342422,0.42925365885250377,0.20261001882684843,0.08585073177050076,0.03393405722425758,0.020998350641203246,0.006786811444851516,0.004199670128240649,0.08922841612063474,0.02502653352857479,0.017845683224126947,0.005005306705714958,1.0999041739516817,0.4591051595455975,0.21998083479033634,0.0918210319091195
602,0.05,5.0,5.0,5.0,3,5.0,4.999999999999999,1.0129105542393935,0.42922178464681954,0.2025821108478787,0.08584435692936392,0.03396323026202073,0.021012381683360712,0.0067926460524041455,0.004202476336672143,0.08916941647021635,0.025013408493296575,0.01783388329404327,0.0050026816986593154,1.0567688870537195,0.454288433483555,0.2113537774107439,0.09085768669671102
602,0.05,5.0,10.0,2.0,0,10.0,1.9999999999999991,1.013040220928198,0.4292535097865904,0.10130402209281979,0.21462675489329527,0.03388391106605323,0.020983249830024208,0.003388391106605323,0.01049162491501211,0.08913803676369125,0.025012777740471472,0.008913803676369125,0.012506388870235741,1.01361028678655,0.43005997415136554,0.101361028678655,0.21502998707568285
602,0.05,5.0,10.0,2.0,1,9.999999999999998,2.0,1.0128763718225342,0.4292117736080479,0.10128763718225343,0.21460588680402395,0.033911429140386765,0.020970841046607184,0.003391142914038677,0.010485420523303592,0.08916769774982955,0.025015760682222644,0.008916769774982956,0.012507880341111322,1.013814098120902,0.43152364062671267,0.10138140981209022,0.21576182031335633
602,0.05,5.0,10.0,2.0,2,10.000000000000002,2.0000000000000004,1.0129278150800025,0.42923436186184544,0.10129278150800024,0.21461718093092266,0.03387304457390302,0.02098771492842945,0.0033873044573903013,0.010493857464214723,0.0891943480581131,0.025021881741738767,0.008919434805811309,0.01251094087086938,1.0998848681581097,0.45908927573658587,0.10998848681581096,0.22954463786829288
602,0.05,5.0,10.0,2.0,3,9.999999999999996,2.0,1.012917117123778,0.4292219241571078,0.10129171171237784,0.2146109620785539,0.03388893394081498,0.02099886400256131,0.003388893394081499,0.010499432001280656,0.0891190400723114,0.025008465400333118,0.008911904007231143,0.012504232700166559,1.0567183727291074,0.454268962018162,0.10567183727291078,0.227134481009081
602,0.05,5.0,10.0,5.0,0,10.000000000000002,4.999999999999998,1.0128757072028953,0.4292087156856315,0.10128757072028952,0.08584174313712634,0.033306523258393686,0.021122333407108517,0.003330652325839368,0.004224466681421705,0.08922472275790373,0.025088747557001027,0.008922472275790372,0.005017749511400207,1.013469944931925,0.430028527024654,0.1013469944931925,0.08600570540493083
602,0.05,5.0,10.0,5.0,1,10.000000000000004,5.0,1.0129326788924002,0.42923665780368025,0.10129326788924,0.08584733156073605,0.03390696591415208,0.020984450720412544,0.0033906965914152066,0.004196890144082509,0.08913556989072788,0.025015384358314727,0.008913556989072785,0.005003076871662945,1.0138329038564489,0.4315309464374634,0.10138329038564485,0.08630618928749269
602,0.05,5.0,10.0,5.0,2,9.999999999999996,4.999999999999999,1.0128723848118915,0.42920700226939734,0.10128723848118919,0.08584140045387949,0.03390340934151809,0.020989610923389527,0.00339034093415181,0.004197922184677906,0.0891438686538792,0.02501335488373914,0.008914386865387923,0.005002670976747828,1.099826985362642,0.45909088961881633,0.10998269853626423,0.09181817792376329
602,0.05,5.0,10.0,5.0,3,10.0,5.0,1.0108754737696661,0.42876535130415394,0.10108754737696661,0.08575307026083079,0.03373352292339706,0.021111759967252664,0.0033733522923397063,0.004222351993450533,0.09196641913699483,0.02564156726175882,0.009196641913699483,0.005128313452351764,1.057014922282635,0.4543480695272783,0.1057014922282635,0.09086961390545566
602,0.05,5.0,20.0,2.0,0,20.000000000000004,1.9999999999999996,1.013025395552297,0.42924822716927147,0.05065126977761484,0.2146241135846358,0.033891323741426754,0.02097419992325357,0.0016945661870713374,0.010487099961626787,0.08914160327753456,0.025010918659296628,0.004457080163876728,0.012505459329648317,1.01376117689183,0.43008152177384845,0.05068805884459149,0.21504076088692428
602,0.05,5.0,20.0,2.0,1,20.0,1.9999999999999996,1.0130142568926648,0.42923437354602206,0.05065071284463324,0.2146171867730111,0.03392535749460477,0.021000194594184042,0.0016962678747302385,0.010500097297092023,0.08910798914558353,0.025001796092570756,0.004455399457279177,0.012500898046285382,1.0139505229897263,0.4315510714003314,0.05069752614948632,0.21577553570016575
602,0.05,5.0,20.0,2.0,2,20.0,2.0,1.0128838552263297,0.4292072586115802,0.05064419276131649,0.2146036293057901,0.03349002359545889,0.020866267669648015,0.0016745011797729445,0.010433133834824007,0.08927482686049068,0.0250366427279918,0.004463741343024534,0.0125183213639959,1.0998475766401545,0.4590778142033396,0.05499237883200773,0.2295389071016698
602,0.05,5.0,20.0,2.0,3,19.999999999999996,2.0,0.9795140468726384,0.4193280522147248,0.04897570234363193,0.2096640261073624,0.03718503106130797,0.02204131915892032,0.001859251553065399,0.01102065957946016,0.1014224555859615,0.027529168897704147,0.005071122779298076,0.013764584448852073,1.0554228786321738,0.4539509175682873,0.0527711439316087,0.22697545878414366
602,0.05,5.0,20.0,5.0,0,19.999999999999993,4.999999999999998,1.0129266599433326,0.4292266633418804,0.05064633299716665,0.08584533266837611,0.03390785681135766,0.021020675681634383,0.0016953928405678837,0.004204135136326878,0.08909353629620713,0.02499685139634438,0.004454676814810358,0.004999370279268878,1.0136155825365474,0.430058600158382,0.050680779126827384,0.08601172003167643
602,0.05,5.0,20.0,5.0,1,20.0,5.0,0.9770846791919173,0.41833615193461915,0.048854233959595865,0.08366723038692384,0.03688117420449,0.022173672624396373,0.0018440587102244999,0.004434734524879275,0.09851603764261961,0.026769482670244704,0.004925801882130981,0.005353896534048941,0.9784247392448812,0.4206311536370681,0.048921236962244055,0.08412623072741363
602,0.05,5.0,20.0,5.0,2,19.999999999999996,5.0,1.2671706411343497,0.5076734504827507,0.0633585320567175,0.10153469009655014,0.12485521390519835,0.061410001571634364,0.006242760695259919,0.012282000314326873,0.4720434334542795,0.09296508845306732,0.02360217167271398,0.018593017690613466,1.3674223342426455,0.5467637826298749,0.06837111671213228,0.10935275652597498
602,0.05,5.0,20.0,5.0,3,20.0,4.999999999999999,1.0083538861801498,0.4220000401481491,0.050417694309007485,0.08440000802962984,0.28898670643090335,0.05121499408092405,0.014449335321545168,0.010242998816184812,0.109446880441192,0.02871393412869247,0.0054723440220595995,0.005742786825738495,1.0462734348272968,0.4444149628759905,0.052313671741364844,0.08888299257519812
602,0.05,10.0,5.0,2.0,0,4.999999999999997,1.9999999999999991,1.506655695480142,0.6551620322432471,0.30133113909602854,0.3275810161216237,0.026094779914771556,0.028491477363351746,0.005218955982954314,0.01424573868167588,0.08924643635184731,0.02503511265227807,0.017849287270369472,0.01251755632613904,1.5034885315370918,0.6544682422412256,0.30069770630741854,0.32723412112061295
602,0.05,10.0,5.0,2.0,1,4.999999999999998,1.9999999999999996,1.5065900436953144,0.6551490623607822,0.301318008739063,0.32757453118039115,0.02598646409581055,0.028488490269580568,0.005197292819162112,0.014244245134790287,0.08915050929564126,0.025005428536304365,0.01783010185912826,0.012502714268152186,1.5078941006497755,0.656498474723924,0.3015788201299552,0.32824923736196204
602,0.05,10.0,5.0,2.0,2,5.0,2.0,1.5065901327416604,0.6551513623963028,0.30131802654833206,0.3275756811981514,0.026132887654091556,0.028506959448656274,0.005226577530818311,0.014253479724328137,0.08927463860400589,0.025037003154163857,0.01785492772080118,0.012518501577081929,1.6213275803509768,0.693077176258108,0.3242655160701954,0.346538588129054
602,0.05,10.0,5.0,2.0,3,4.999999999999998,2.0,1.5065966621406215,0.6551554512328001,0.3013193324281244,0.32757772561640003,0.02605319785296855,0.028492091855199797,0.005210639570593712,0.014246045927599899,0.08918381812362428,0.025017453185990662,0.01783676362472486,0.012508726592995331,1.6408668074488943,0.7419019419035455,0.328173361489779,0.37095097095177276
602,0.05,10.0,5.0,5.0,0,4.999999999999999,5.0,1.5065535791051379,0.6551522950801633,0.30131071582102764,0.13103045901603266,0.0260688569606493,0.02850517845448494,0.005213771392129861,0.005701035690896987,0.08913021099991336,0.02500807030820817,0.017826042199982677,0.005001614061641634,1.50348622580899,0.654470815702957,0.3006972451617981,0.13089416314059138
602,0.05,10.0,5.0,5.0,1,5.000000000000001,4.999999999999999,1.50652120079117,0.6551159335015907,0.3013042401582339,0.13102318670031815,0.026069827054185854,0.028524605017280658,0.00521396541083717,0.005704921003456133,0.0890347455158317,0.024993420254779682,0.017806949103166336,0.004998684050955937,1.507922705585292,0.6564797914648008,0.30158454111705835,0.1312959582929602
602,0.05,10.0,5.0,5.0,2,5.0,5.0,1.5066466122965072,0.6551601786561295,0.30132932245930144,0.1310320357312259,0.026108704614744193,0.02850839048347454,0.005221740922948839,0.005701678096694908,0.08903129159749985,0.02498557348461725,0.01780625831949997,0.00499711469692345,1.6212985345482647,0.6930744343509019,0.32425970690965294,0.13861488687018036
602,0.05,10.0,5.0,5.0,3,5.0,5.0,1.5066216094165434,0.6551547132485998,0.3013243218833087,0.13103094264971996,0.02613295555014962,0.028492944002934638,0.005226591110029924,0.005698588800586928,0.08911999593748327,0.025011456932744557,0.017823999187496654,0.005002291386548912,1.6408362292974281,0.7419005282779565,0.32816724585948565,0.1483801056555913
602,0.05,10.0,10.0,2.0,0,10.000000000000002,1.9999999999999996,1.5066295528973441,0.6551529069277952,0.1506629552897344,0.32757645346389763,0.02610463928676206,0.028489997226666307,0.0026104639286762057,0.014244998613333157,0.08921601585817493,0.025022177409714262,0.008921601585817491,0.012511088704857135,1.50353456468911,0.6544827784664342,0.150353456468911,0.32724138923321716
602,0.05,10.0,10.0,2.0,1,10.0,1.9999999999999996,1.5065719149543404,0.6551521883510792,0.15065719149543405,0.3275760941755397,0.025982794467362992,0.02848996456222251,0.002598279446736299,0.014244982281111259,0.08905131520956715,0.024989835887567348,0.008905131520956715,0.012494917943783677,1.5079600364742063,0.6565047892958271,0.15079600364742063,0.3282523946479136
602,0.05,10.0,10.0,2.0,2,9.999999999999996,1.9999999999999996,1.5065372600741909,0.655144073922052,0.15065372600741914,0.32757203696102605,0.025993597171738703,0.02848086181463633,0.0025993597171738714,0.014240430907318169,0.0892174242346628,0.02502706662306429,0.008921742423466284,0.01251353331153215,1.6213510408393608,0.6930809788470714,0.16213510408393614,0.34654048942353577
602,0.05,10.0,10.0,2.0,3,10.000000000000004,2.0,1.5066475404142834,0.6551649525729071,0.1506647540414283,0.32758247628645354,0.025962147443649233,0.028485498066172826,0.0025962147443649225,0.014242749033086413,0.08917508512183372,0.025012983906902528,0.00891750851218337,0.012506491953451264,1.6408763714487704,0.7419015332159502,0.16408763714487698,0.3709507666079751
602,0.05,10.0,10.0,5.0,0,9.999999999999996,5.0,1.5062125605786099,0.6550606059077421,0.15062125605786103,0.13101212118154842,0.02436068213430925,0.028226777987365694,0.0024360682134309257,0.005645355597473139,0.08931267017587673,0.025050765516441954,0.008931267017587676,0.005010153103288391,1.503248275063548,0.6543907086174789,0.15032482750635487,0.1308781417234958
602,0.05,10.0,10.0,5.0,1,9.999999999999998,5.0,1.5064633338147666,0.6551297318227158,0.15064633338147668,0.13102594636454318,0.026511393461219748,0.0284607195020917,0.002651139346121975,0.00569214390041834,0.08929294990895115,0.02504328034479374,0.008929294990895117,0.005008656068958748,1.5078088881014202,0.656477866068407,0.15078088881014204,0.1312955732136814
602,0.05,10.0,10.0,5.0,2,9.999999999999998,5.0,1.5066679536894678,0.6551680410328599,0.1506667953689468,0.13103360820657198,0.026087042041795284,0.02849873238113176,0.0026087042041795286,0.005699746476226352,0.08916697742024202,0.02501778778896583,0.008916697742024204,0.005003557557793166,1.6214430536641002,0.693092369883553,0.16214430536641006,0.13861847397671062
602,0.05,10.0,10.0,5.0,3,10.0,4.999999999999999,1.506574333984208,0.655143144100573,0.1506574333984208,0.13102862882011462,0.026091940533794437,0.02846117400695497,0.0026091940533794437,0.005692234801390995,0.08929016441565725,0.02504408765743364,0.008929016441565725,0.005008817531486728,1.6408627011013055,0.7419095476466793,0.16408627011013055,0.1483819095293359
602,0.05,10.0,20.0,2.0,0,20.0,1.9999999999999996,1.5066143917572994,0.6551565088717394,0.07533071958786497,0.32757825443586974,0.026100529059456416,0.02852353911684704,0.0013050264529728209,0.014261769558423523,0.08914827730559735,0.02500813534649964,0.004457413865279867,0.012504067673249823,1.5035758319961858,0.6544889583721544,0.0751787915998093,0.32724447918607724
602,0.05,10.0,20.0,2.0,1,19.999999999999996,2.0000000000000004,1.5065675007697195,0.6551474324941653,0.07532837503848598,0.3275737162470826,0.026128840490637753,0.028490717233659188,0.001306442024531888,0.01424535861682959,0.08913993552448972,0.02501319006781525,0.004456996776224487,0.012506595033907622,1.5079504250900753,0.6565010858383381,0.07539752125450377,0.328250542919169
602,0.05,10.0,20.0,2.0,2,19.999999999999996,2.0,1.5065048889496517,0.6551300004249028,0.0753252444474826,0.3275650002124514,0.025982490551688702,0.028473298885912324,0.0012991245275844354,0.014236649442956162,0.08913147233148906,0.02501164155946649,0.004456573616574454,0.012505820779733246,1.6213920126292685,0.6930843048992945,0.08106960063146344,0.34654215244964726
602,0.05,10.0,20.0,2.0,3,20.0,1.9999999999999996,1.5066453597678116,0.6551585466785507,0.07533226798839057,0.3275792733392754,0.026333052828456334,0.0285269621801979,0.0013166526414228167,0.014263481090098954,0.08916498935190326,0.025016676784841464,0.004458249467595163,0.012508338392420736,1.6408481401326422,0.7418983415125936,0.08204240700663211,0.37094917075629685
602,0.05,10.0,20.0,5.0,0,20.0,4.999999999999999,1.5067822291884854,0.6552034829877247,0.07533911145942426,0.13104069659754497,0.02620154307676439,0.028427962131050404,0.0013100771538382195,0.005685592426210082,0.08958440972442841,0.025116911355617243,0.004479220486221421,0.005023382271123449,1.5037130776967447,0.6545281128899996,0.07518565388483724,0.13090562257799992
602,0.05,10.0,20.0,5.0,1,20.000000000000004,5.0,1.5065752073395289,0.6551523967621417,0.07532876036697643,0.13103047935242834,0.02613145032352764,0.028764602376167084,0.0013065725161763818,0.005752920475233417,0.08930414708160611,0.025047637714369523,0.004465207354080305,0.005009527542873904,1.5079898733228632,0.656513102126287,0.07539949366614314,0.1313026204252574
602,0.05,10.0,20.0,5.0,2,20.000000000000007,4.999999999999999,1.5067880402350435,0.6551744068918983,0.07533940201175215,0.13103488137837968,0.02665789416156801,0.028387582701246517,0.0013328947080784,0.005677516540249304,0.08979609389857138,0.02519634594877022,0.004489804694928567,0.005039269189754045,1.6217311137918553,0.6931283614297119,0.08108655568959273,0.13862567228594241
602,0.05,10.0,20.0,5.0,3,20.0,4.999999999999999,1.5066137458761402,0.6551550051480107,0.07533068729380701,0.13103100102960216,0.026045037843092464,0.028505847374575826,0.0013022518921546231,0.005701169474915166,0.08912345466309289,0.02500956614218705,0.004456172733154644,0.005001913228437411,1.6407687871643297,0.7418823151169671,0.08203843935821649,0.14837646302339344
602,0.1,0.0,5.0,2.0,0,5.000000000000001,2.0,0.08631738037235528,0.02364183399262664,0.017263476074471054,0.01182091699631332,0.08344008358692219,0.023067101803562674,0.016688016717384437,0.011533550901781337,0.07966296231134343,0.021161796332329792,0.015932592462268684,0.010580898166164896,0.08522629811397986,0.02331646832133905,0.017045259622795968,0.011658234160669525
602,0.1,0.0,5.0,2.0,1,5.0,2.0,0.08627088782920915,0.02362841668391991,0.01725417756584183,0.011814208341959955,0.0834820410786654,0.023076984985174673,0.01669640821573308,0.011538492492587336,0.07961093724112409,0.021142401682810077,0.015922187448224816,0.010571200841405039,0.09637068267380988,0.026464112655863462,0.019274136534761975,0.013232056327931731
602,0.1,0.0,5.0,2.0,2,5.0,2.0,0.08638559764736276,0.02364718929969988,0.01727711952947255,0.01182359464984994,0.08348778642178634,0.023081194499956315,0.01669755728435727,0.011540597249978158,0.07967686835552344,0.021151545805490283,0.01593537367110469,0.010575772902745141,0.11363243171673659,0.031924455937838846,0.02272648634334732,0.015962227968919423
602,0.1,0.0,5.0,2.0,3,4.999999999999997,2.0,0.08633203906088277,0.023640406145498304,0.017266407812176563,0.011820203072749152,0.08343757216393581,0.023066847193022814,0.01668751443278717,0.011533423596511407,0.07960929779294075,0.02114310613231987,0.01592185955858816,0.010571553066159934,0.08932448864772558,0.024006636582504532,0.017864897729545123,0.012003318291252266
602,0.1,0.0,5.0,5.0,0,5.0,5.0,0.08631155417557912,0.023633331764859853,0.017262310835115823,0.00472666635297197,0.08337004557782882,0.02304903236592485,0.016674009115565762,0.00460980647318497,0.07953273490571512,0.021126165209402695,0.015906546981143025,0.004225233041880539,0.08520459248530246,0.02331147527070614,0.017040918497060492,0.004662295054141228
602,0.1,0.0,5.0,5.0,1,4.999999999999999,4.999999999999998,0.08643664335905661,0.0236631233033213,0.017287328671811326,0.0047326246606642615,0.08347667998336378,0.023073837855554495,0.016695335996672757,0.0046147675711109,0.07966285618072684,0.021150552228445647,0.01593257123614537,0.004230110445689131,0.09634523132778926,0.026460954527624155,0.019269046265557855,0.005292190905524833
602,0.1,0.0,5.0,5.0,2,5.0,4.999999999999999,0.08631748388599794,0.023640441411843842,0.01726349677719959,0.004728088282368769,0.08362213407193514,0.02310248320890086,0.016724426814387027,0.004620496641780172,0.07954193646958048,0.021131310424425044,0.015908387293916096,0.004226262084885009,0.11366035497226845,0.03192819453721882,0.02273207099445369,0.006385638907443765
602,0.1,0.0,5.0,5.0,3,5.000000000000003,5.0,0.08630844165558985,0.023639588058314932,0.01726168833111796,0.004727917611662987,0.08353723439395357,0.023088962366571625,0.016707446878790704,0.004617792473314325,0.07973881457969796,0.021170548786256016,0.015947762915939585,0.004234109757251203,0.08920284342340806,0.023991395778377732,0.017840568684681604,0.004798279155675546
602,0.1,0.0,10.0,2.0,0,10.000000000000004,1.9999999999999991,0.08639938763388108,0.023659175881957442,0.008639938763388104,0.011829587940978726,0.08350744478510368,0.023081134309304526,0.008350744478510365,0.011540567154652268,0.07956648460431226,0.02113206239811843,0.007956648460431223,0.01056603119905922,0.0852589416448155,0.023319985509029875,0.008525894164481547,0.011659992754514943
602,0.1,0.0,10.0,2.0,1,10.000000000000004,2.0000000000000004,0.08631906594420215,0.023639621169588454,0.008631906594420211,0.011819810584794224,0.08349245735318571,0.023080563263288646,0.008349245735318568,0.011540281631644321,0.07965450720546788,0.021157129944887002,0.007965450720546784,0.0105785649724435,0.09630268762916967,0.02645313681689996,0.009630268762916963,0.013226568408449976
602,0.1,0.0,10.0,2.0,2,10.0,2.0,0.08634780104281731,0.023646292961412792,0.00863478010428173,0.011823146480706396,0.08345058431254336,0.02307250181216967,0.008345058431254337,0.011536250906084835,0.07954083004050991,0.0211286952807153,0.007954083004050991,0.01056434764035765,0.11359051088132119,0.031903943073898496,0.011359051088132118,0.015951971536949248
602,0.1,0.0,10.0,2.0,3,10.000000000000002,1.9999999999999991,0.08628284232569586,0.023628452129896473,0.008628284232569585,0.011814226064948242,0.08361552572855245,0.023097750780144442,0.008361552572855244,0.011548875390072226,0.07958349037753655,0.02113371087352261,0.007958349037753654,0.01056685543676131,0.08921003016782325,0.02398975008967949,0.008921003016782324,0.01199487504483975
602,0.1,0.0,10.0,5.0,0,10.0,5.0,0.08629620129887465,0.02363519503626791,0.008629620129887465,0.004727039007253582,0.08354878547858403,0.023092723235542553,0.008354878547858404,0.0046185446471085105,0.07971685412957252,0.021159800836250818,0.007971685412957253,0.004231960167250163,0.08524143215486268,0.023318479625414612,0.008524143215486269,0.004663695925082922
602,0.1,0.0,10.0,5.0,1,9.999999999999998,4.999999999999998,0.08626446343780668,0.02362796753421548,0.00862644634378067,0.004725593506843098,0.08359328598262825,0.023097053472274833,0.008359328598262826,0.004619410694454968,0.07952499191530044,0.021121831335000497,0.007952499191530045,0.004224366267000101,0.09617616821685405,0.02642918056983089,0.009617616821685408,0.00528583611396618
602,0.1,0.0,10.0,5.0,2,10.000000000000002,4.999999999999999,0.08642015902952403,0.02365962854321736,0.008642015902952402,0.004731925708643473,0.08361110149143938,0.023101717857048575,0.008361110149143937,0.004620343571409716,0.07970845437927483,0.02116248458161679,0.007970845437927481,0.004232496916323359,0.11380027331485884,0.031957216320995525,0.011380027331485881,0.006391443264199106
602,0.1,0.0,10.0,5.0,3,9.999999999999996,4.999999999999998,0.08695209062418974,0.023771351006208807,0.008695209062418977,0.004754270201241763,0.0854619633442143,0.02350138910129992,0.008546196334421432,0.004700277820259986,0.08086521075886258,0.02143753073415693,0.00808652107588626,0.004287506146831387,0.09054063758778352,0.024313082828334522,0.009054063758778355,0.004862616565666906
602,0.1,0.0,20.0,2.0,0,20.000000000000007,1.9999999999999996,0.08620532001555606,0.02361707373471419,0.0043102660007778015,0.011808536867357099,0.0831738805243994,0.02300433430951816,0.004158694026219969,0.011502167154759081,0.07937486549649164,0.021082289828940007,0.003968743274824581,0.010541144914470005,0.08511403390556796,0.02329582512634787,0.004255701695278396,0.011647912563173936
602,0.1,0.0,20.0,2.0,1,20.0,2.0,0.08648566181968047,0.02366971297605949,0.004324283090984023,0.011834856488029745,0.08352412305869564,0.023084465087937264,0.004176206152934782,0.011542232543968632,0.0801662414726237,0.021266882119657566,0.004008312073631185,0.010633441059828783,0.09651353952876691,0.02650274662410586,0.004825676976438346,0.01325137331205293
602,0.1,0.0,20.0,2.0,2,19.999999999999996,2.0,0.08694873340417203,0.023762415934704184,0.004347436670208602,0.011881207967352092,0.0843233194545885,0.023263188333916097,0.004216165972729426,0.011631594166958048,0.07900047650515676,0.020922471681219742,0.003950023825257839,0.010461235840609871,0.11257971615536555,0.03157135812928545,0.005628985807768279,0.015785679064642726
602,0.1,0.0,20.0,2.0,3,20.0,1.9999999999999991,0.08627128988370916,0.023628899060526717,0.004313564494185458,0.011814449530263364,0.08341974887817637,0.02306208384789045,0.004170987443908819,0.01153104192394523,0.07931952694238815,0.02106478076579633,0.003965976347119407,0.01053239038289817,0.08892708185698893,0.02391129026601919,0.0044463540928494465,0.0119556451330096
602,0.1,0.0,20.0,5.0,0,20.0,4.999999999999998,15.973167750352054,2.3852983598037283,0.7986583875176028,0.47705967196074583,0.6808179669646941,0.09356435029102358,0.034040898348234705,0.018712870058204725,33.6566106820266,6.690855294595287,1.68283053410133,1.3381710589190579,20.77983287870287,2.39882056432431,1.0389916439351434,0.4797641128648622
602,0.1,0.0,20.0,5.0,1,19.999999999999996,5.0,0.08650787167802006,0.023692015298544096,0.004325393583901003,0.004738403059708819,0.083525879947049,0.02309207261899472,0.004176293997352451,0.004618414523798944,0.07979204160176973,0.02118760205480806,0.003989602080088487,0.004237520410961612,0.09647118133139733,0.02651044021239417,0.0048235590665698675,0.005302088042478835
602,0.1,0.0,20.0,5.0,2,19.999999999999996,5.0,0.08634199814156858,0.02364338309624102,0.004317099907078429,0.004728676619248204,0.08358334276672638,0.02309763509275387,0.00417916713833632,0.004619527018550774,0.07960983934898316,0.021145876203963795,0.003980491967449159,0.004229175240792759,0.1136447041782444,0.03192193174270151,0.005682235208912222,0.006384386348540302
602,0.1,0.0,20.0,5.0,3,20.0,4.999999999999999,0.08625089848021737,0.023628425343624127,0.0043125449240108684,0.0047256850687248265,0.0835676960648867,0.023091900230317076,0.004178384803244335,0.004618380046063416,0.0796777886898512,0.021153492969258007,0.00398388943449256,0.004230698593851602,0.08925955929502127,0.02399458936711248,0.004462977964751064,0.004798917873422496
602,0.1,2.0,5.0,2.0,0,5.0,2.0,3.6459026713300795,1.7350402373370284,0.7291805342660159,0.8675201186685142,0.46012584202167045,0.19989595763900933,0.09202516840433408,0.09994797881950467,0.07959406286638537,0.02113548286098018,0.015918812573277076,0.01056774143049009,3.628738644975534,1.7270318728036333,0.7257477289951069,0.8635159364018167
602,0.1,2.0,5.0,2.0,1,5.000000000000002,1.9999999999999996,3.6459467641100427,1.7350630432458998,0.7291893528220083,0.8675315216229501,0.4601427174451681,0.1998999011076181,0.09202854348903358,0.09994995055380908,0.07963661450687844,0.021147211079342525,0.015927322901375683,0.010573605539671264,2.83273185703031,1.3492218115738233,0.5665463714060618,0.6746109057869117
602,0.1,2.0,5.0,2.0,2,5.000000000000002,1.9999999999999991,3.645914950516437,1.7350438190691582,0.7291829901032871,0.8675219095345794,0.4600499702448866,0.1998788618813606,0.09200999404897728,0.09993943094068033,0.07964049955408015,0.02115656926995671,0.015928099910816024,0.01057828463497836,2.6369498930084565,0.9283133049536046,0.5273899786016911,0.46415665247680254
602,0.1,2.0,5.0,2.0,3,4.999999999999998,2.0,3.6459083689086045,1.7350693427976058,0.7291816737817212,0.8675346713988029,0.4601151621766684,0.1998826027329895,0.09202303243533372,0.09994130136649475,0.07970411122044173,0.021156022585641938,0.01594082224408835,0.010578011292820969,0.6014814777915733,0.20863906075227784,0.12029629555831471,0.10431953037613892
602,0.1,2.0,5.0,5.0,0,4.999999999999999,5.0,3.6458349847772014,1.7350107165507056,0.7291669969554404,0.3470021433101411,0.46014811225684427,0.19989680103899415,0.09202962245136886,0.03997936020779883,0.07962819849537174,0.021151557874101327,0.015925639699074352,0.004230311574820266,3.6285290995379844,1.726974837467085,0.725705819907597,0.345394967493417
602,0.1,2.0,5.0,5.0,1,5.0,5.0,3.645750039169739,1.734974249685369,0.7291500078339478,0.3469948499370738,0.4602187547797998,0.19990071361559858,0.09204375095595996,0.03998014272311971,0.07969919936941607,0.02116149515025616,0.015939839873883213,0.0042322990300512325,2.8326890897667125,1.3492274382118952,0.5665378179533425,0.26984548764237903
602,0.1,2.0,5.0,5.0,2,5.0,4.999999999999997,3.6458461487639555,1.7350399754774577,0.7291692297527911,0.34700799509549174,0.4601187154260163,0.1998890481526827,0.09202374308520325,0.039977809630536564,0.07962252386696245,0.0211411997858733,0.015924504773392488,0.004228239957174662,2.6369393096012774,0.9283022849453165,0.5273878619202554,0.18566045698906342
602,0.1,2.0,5.0,5.0,3,4.999999999999999,4.999999999999999,3.6455069482046447,1.734857963095635,0.7291013896409291,0.346971592619127,0.4601729798031127,0.19989296644450708,0.09203459596062256,0.03997859328890142,0.079619507823773,0.02114047229003203,0.0159239015647546,0.004228094458006407,0.6015667027307862,0.20866068075111346,0.12031334054615725,0.0417321361502227
602,0.1,2.0,10.0,2.0,0,10.0,2.0,3.6459479019305023,1.7350433166785666,0.36459479019305024,0.8675216583392833,0.4600864080644716,0.19986126580808428,0.04600864080644716,0.09993063290404214,0.07970404699673952,0.021168496940188526,0.007970404699673953,0.010584248470094263,3.628767341382334,1.7270236767025244,0.3628767341382334,0.8635118383512622
602,0.1,2.0,10.0,2.0,1,10.000000000000002,1.9999999999999996,3.6459515201081274,1.735043307049193,0.36459515201081266,0.8675216535245968,0.46010424581596143,0.19988388975794158,0.046010424581596134,0.09994194487897082,0.07961173086251572,0.021143776283961437,0.00796117308625157,0.01057188814198072,2.8327909715532025,1.3492218656887356,0.2832790971553202,0.6746109328443679
602,0.1,2.0,10.0,2.0,2,10.0,2.0000000000000004,3.6458725686126505,1.7350364442697412,0.36458725686126503,0.8675182221348704,0.46020444175943664,0.19990472220099084,0.04602044417594366,0.0999523611004954,0.07962391698254521,0.021142640445908776,0.007962391698254521,0.010571320222954386,2.6370019410512127,0.928315508781445,0.26370019410512124,0.4641577543907224
602,0.1,2.0,10.0,2.0,3,10.000000000000002,2.0000000000000004,3.6459930248617534,1.7350726697723895,0.3645993024861753,0.8675363348861945,0.4601280743256412,0.1999005743672685,0.04601280743256411,0.09995028718363422,0.07971679616613861,0.02115576612788562,0.00797167961661386,0.010577883063942809,0.6015178512797592,0.20863064016274066,0.06015178512797591,0.1043153200813703
602,0.1,2.0,10.0,5.0,0,10.0,5.0,3.645840760992761,1.7350157553180725,0.3645840760992761,0.3470031510636145,0.4601049843086457,0.1998851616607804,0.04601049843086457,0.03997703233215608,0.07971019014781122,0.021164781404853394,0.007971019014781122,0.0042329562809706785,3.6286800926651903,1.7269912829818739,0.362868009266519,0.3453982565963748
602,0.1,2.0,10.0,5.0,1,10.0,4.999999999999999,3.6459381060268434,1.7350487930175584,0.36459381060268437,0.34700975860351174,0.46012580552199617,0.19987784074251558,0.04601258055219962,0.03997556814850312,0.07962995809247678,0.021142824895671646,0.007962995809247678,0.00422856497913433,2.832720966028981,1.3492212098163627,0.2832720966028981,0.2698442419632726
602,0.1,2.0,10.0,5.0,2,10.0,4.999999999999999,3.644958511353679,1.7346218846116281,0.36449585113536787,0.3469243769223257,0.45973839843592684,0.19981590367178798,0.045973839843592684,0.0399631807343576,0.07933969359238834,0.021075278948095976,0.007933969359238834,0.004215055789619196,2.6373814988515063,0.9284151342651578,0.26373814988515065,0.1856830268530316
602,0.1,2.0,10.0,5.0,3,10.000000000000002,5.0,3.645818488740088,1.7350308405947457,0.36458184887400874,0.34700616811894913,0.4601617074189159,0.1999113793083199,0.04601617074189158,0.03998227586166398,0.07960695167888035,0.021142638720042635,0.007960695167888034,0.004228527744008527,0.6015598698525164,0.20865166017492665,0.06015598698525163,0.04173033203498533
602,0.1,2.0,20.0,2.0,0,19.999999999999996,1.9999999999999996,3.645869324827405,1.7350294502056676,0.18229346624137027,0.867514725102834,0.46015664387462635,0.19990199027029124,0.02300783219373132,0.09995099513514565,0.07960247599802038,0.021137267043543087,0.00398012379990102,0.010568633521771545,3.6286951804731697,1.727001404074207,0.18143475902365852,0.8635007020371037
602,0.1,2.0,20.0,2.0,1,20.0,2.0,3.645787483160147,1.7349805895110018,0.18228937415800733,0.8674902947555009,0.46017431184231683,0.1998956959651882,0.02300871559211584,0.0999478479825941,0.07935627753328975,0.021068646106809644,0.003967813876664487,0.010534323053404822,2.832876295555996,1.3492544151546983,0.1416438147777998,0.6746272075773492
602,0.1,2.0,20.0,2.0,2,20.000000000000007,2.0,3.6464419289236543,1.735359834339176,0.18232209644618264,0.867679917169588,0.4613410728552805,0.20033775051535,0.023067053642764016,0.100168875257675,0.07898732078567616,0.020990549567857453,0.003949366039283806,0.010495274783928726,2.637230073891944,0.9283927039985707,0.13186150369459715,0.46419635199928533
602,0.1,2.0,20.0,2.0,3,20.0,2.0000000000000004,3.6460116663863653,1.7350561324371423,0.18230058331931825,0.8675280662185709,0.4602212756926429,0.19988767525213183,0.023011063784632142,0.09994383762606589,0.080042367739738,0.02124015407525981,0.0040021183869869,0.010620077037629903,0.6013174645662795,0.2085986469161707,0.03006587322831398,0.10429932345808532
602,0.1,2.0,20.0,5.0,0,20.000000000000004,5.0,3.6450814587706786,1.7362257266242085,0.1822540729385339,0.3472451453248417,0.4302634428022759,0.19243449967140377,0.021513172140113793,0.038486899934280755,0.09617000726028618,0.02484986716907752,0.004808500363014308,0.004969973433815504,3.6296178188252806,1.7289274943227702,0.181480890941264,0.345785498864554
602,0.1,2.0,20.0,5.0,1,19.999999999999996,5.000000000000002,3.6460450869371064,1.7351134947415638,0.18230225434685535,0.34702269894831267,0.460043894725148,0.19987003822306756,0.023002194736257406,0.0399740076446135,0.07914097964440713,0.02102639575071614,0.003957048982220357,0.004205279150143226,2.832806218353364,1.3492451081531531,0.14164031091766824,0.2698490216306305
602,0.1,2.0,20.0,5.0,2,20.0,5.0,3.64182476878009,1.7337146322143036,0.1820912384390045,0.3467429264428607,0.44398233607210774,0.19656631992465703,0.02219911680360539,0.03931326398493141,0.07043258640039361,0.01790779405730571,0.0035216293200196805,0.003581558811461142,2.660147113595134,0.9340274372804334,0.1330073556797567,0.18680548745608666
602,0.1,2.0,20.0,5.0,3,20.000000000000007,4.999999999999999,3.645911811516613,1.73504372552378,0.18229559057583059,0.3470087451047561,0.4601285838731518,0.19987136338393854,0.02300642919365758,0.039974272676787714,0.07965495698943847,0.02114727663306511,0.0039827478494719225,0.004229455326613023,0.6015108631858351,0.20863668854712505,0.030075543159291746,0.041727337709425015
602,0.1,5.0,5.0,2.0,0,5.0,1.9999999999999991,13.495566011331995,5.006178603180925,2.699113202266399,2.503089301590464,0.3618672408609004,0.15303742207298515,0.07237344817218008,0.0765187110364926,0.07969754484007364,0.02116125052001213,0.01593950896801473,0.01058062526000607,15.547214191292525,5.680668290218183,3.109442838258505,2.8403341451090927
602,0.1,5.0,5.0,2.0,1,5.0,1.9999999999999996,12.891772501002375,4.8052013343019695,2.578354500200475,2.402600667150985,0.36185335737961555,0.15303650578619815,0.0723706714759231,0.07651825289309909,0.07971967182488923,0.021164454843930564,0.015943934364977846,0.010582227421965284,10.378753703937079,3.8259258639721194,2.0757507407874156,1.9129629319860602
602,0.1,5.0,5.0,2.0,2,4.999999999999999,2.0,13.645686029865054,5.056251988296315,2.7291372059730112,2.5281259941481573,0.36182832194469106,0.15302472848063634,0.07236566438893823,0.07651236424031817,0.07974903390632684,0.02117304127435173,0.015949806781265372,0.010586520637175864,2.377005759596236,0.9638459315721495,0.4754011519192473,0.48192296578607474
602,0.1,5.0,5.0,2.0,3,5.000000000000002,2.0,12.762092382378945,4.762113528059067,2.552418476475788,2.3810567640295335,0.3618498324585364,0.1530317997379513,0.07236996649170725,0.07651589986897565,0.07965973615861062,0.021156023295620788,0.01593194723172212,0.010578011647810394,0.45140668783522403,0.1673331803136648,0.09028133756704478,0.0836665901568324
602,0.1,5.0,5.0,5.0,0,4.9999999999999964,5.0,16.10723025534685,5.8747686725185755,3.221446051069372,1.174953734503715,0.3619320426004476,0.15303861332028246,0.07238640852008957,0.03060772266405649,0.07963575569235916,0.021153309424251983,0.015927151138471842,0.004230661884850396,18.7230797067652,6.7362896337983855,3.744615941353043,1.3472579267596771
602,0.1,5.0,5.0,5.0,1,5.0,4.999999999999999,12.422859385919061,4.649160215548652,2.484571877183812,0.9298320431097306,0.36185083279596386,0.15303167578891586,0.07237016655919278,0.030606335157783177,0.07958707660128048,0.021137410138001834,0.015917415320256097,0.004227482027600368,10.111184926953996,3.736216377214419,2.022236985390799,0.7472432754428839
602,0.1,5.0,5.0,5.0,2,5.000000000000002,5.0,13.549881783839552,5.024347769205794,2.7099763567679096,1.0048695538411587,0.3617990862641488,0.15301970246856594,0.07235981725282974,0.030603940493713188,0.07963628587666373,0.021152698294668013,0.01592725717533274,0.004230539658933602,2.376995362338347,0.9638451001761401,0.4753990724676692,0.19276902003522803
602,0.1,5.0,5.0,5.0,3,5.000000000000002,5.0,13.85036145639628,5.124388971617958,2.7700722912792552,1.0248777943235916,0.36180961760241065,0.15301729082260285,0.07236192352048211,0.03060345816452057,0.0796123660525082,0.021142970281849218,0.015922473210501633,0.004228594056369843,0.4513549672255901,0.16731732088151266,0.09027099344511799,0.03346346417630253
602,0.1,5.0,10.0,2.0,0,10.0,2.0,13.46933070211319,4.997227017522189,1.346933070211319,2.4986135087610943,0.3617700261989438,0.15301636013197095,0.03617700261989438,0.07650818006598548,0.07972888774188837,0.021160902884464605,0.007972888774188837,0.010580451442232302,15.530238536204015,5.674794014262591,1.5530238536204015,2.8373970071312953
602,0.1,5.0,10.0,2.0,1,10.0,2.0,14.205742015128811,5.242170931829669,1.420574201512881,2.6210854659148346,0.3617865224884062,0.15301248053756147,0.03617865224884062,0.07650624026878074,0.07967491418152499,0.021155938300894978,0.007967491418152499,0.010577969150447489,11.002288171143764,4.034337461938377,1.1002288171143764,2.0171687309691886
602,0.1,5.0,10.0,2.0,2,9.999999999999998,2.0,12.811788201213577,4.778425968973552,1.2811788201213579,2.389212984486776,0.3618872528961255,0.15304151528215695,0.036188725289612554,0.07652075764107848,0.07967851659920615,0.02115151435231609,0.007967851659920616,0.010575757176158045,2.377069788541639,0.9638659205708847,0.23770697885416397,0.48193296028544236
602,0.1,5.0,10.0,2.0,3,10.000000000000004,2.0000000000000004,13.38173995340269,4.968289071533681,1.3381739953402685,2.48414453576684,0.361883792317415,0.15303525882312358,0.03618837923174149,0.07651762941156177,0.07967875192056272,0.021156118290649787,0.00796787519205627,0.010578059145324892,0.4513940514262574,0.1673327617616804,0.045139405142625724,0.08366638088084019
602,0.1,5.0,10.0,5.0,0,10.000000000000002,5.0,10.959426446271522,4.154637986257062,1.095942644627152,0.8309275972514124,0.36119677943404777,0.15272020846674422,0.03611967794340477,0.030544041693348845,0.07982923055424983,0.021215947401625267,0.007982923055424982,0.004243189480325054,12.32191411834836,4.601432081910139,1.2321914118348358,0.9202864163820278
602,0.1,5.0,10.0,5.0,1,10.000000000000002,5.0,14.551204137105202,5.356292293569349,1.45512041371052,1.0712584587138698,0.3617952457842591,0.1530188223828527,0.0361795245784259,0.03060376447657054,0.07977464988726554,0.021179101733319876,0.007977464988726552,0.004235820346663975,11.216487890084862,4.105837080653306,1.121648789008486,0.8211674161306612
602,0.1,5.0,10.0,5.0,2,9.999999999999998,4.999999999999998,18.388782166356524,6.639831632202035,1.8388782166356528,1.3279663264404074,0.362109240378342,0.15310297715663848,0.036210924037834206,0.030620595431327707,0.0795788433653376,0.021133706820691628,0.007957884336533761,0.004226741364138327,2.3769149602180635,0.9638249839889812,0.2376914960218064,0.1927649967977963
602,0.1,5.0,10.0,5.0,3,10.000000000000002,5.000000000000001,9.085877790940371,3.5318344956731047,0.908587779094037,0.7063668991346208,0.36257735849253486,0.15331951804595995,0.03625773584925348,0.030663903609191984,0.08061961778090238,0.021457891009917535,0.008061961778090236,0.004291578201983506,0.45181165878547985,0.16736126357280284,0.04518116587854798,0.033472252714560564
602,0.1,5.0,20.0,2.0,0,19.999999999999996,1.9999999999999996,20.80574240318479,7.477098149713921,1.0402871201592396,3.7385490748569614,0.3651716330003056,0.1532653307919682,0.018258581650015284,0.07663266539598411,0.07926350832589732,0.021065533783075328,0.003963175416294867,0.010532766891537666,24.060961786162604,8.555310742746515,1.2030480893081303,4.277655371373259
602,0.1,5.0,20.0,2.0,1,19.999999999999996,1.9999999999999996,15.176291734011755,5.566317723280886,0.7588145867005879,2.7831588616404432,0.3620474614255026,0.15306796396651032,0.018102373071275133,0.07653398198325517,0.0797849672984585,0.021183632808343858,0.003989248364922926,0.01059181640417193,11.279974042681726,4.1276243946824644,0.5639987021340864,2.0638121973412327
602,0.1,5.0,20.0,2.0,2,20.0,2.0,12.392952604173924,4.639262150264001,0.6196476302086962,2.3196310751320004,0.36181900863409167,0.1530256064403928,0.018090950431704583,0.0765128032201964,0.07971425820515354,0.021165502930583252,0.003985712910257677,0.010582751465291626,2.377057597184296,0.9638619698388161,0.1188528798592148,0.48193098491940806
602,0.1,5.0,20.0,2.0,3,20.000000000000004,2.0000000000000004,13.360662674672046,4.961034821131565,0.6680331337336022,2.480517410565782,0.36186627217599154,0.15303006630769872,0.018093313608799573,0.07651503315384935,0.07968719497363587,0.021155673444700526,0.003984359748681793,0.010577836722350261,0.45139649562078443,0.16733379489048425,0.022569824781039218,0.08366689744524211
602,0.1,5.0,20.0,5.0,0,20.0,5.000000000000001,17.869513855219623,6.455887632447214,0.8934756927609812,1.2911775264894427,0.35068436192501923,0.15090439048112317,0.017534218096250963,0.030180878096224627,0.06824325411167621,0.01880746369246455,0.003412162705583811,0.0037614927384929096,20.36664089298305,7.281788161661543,1.0183320446491524,1.4563576323323084
602,0.1,5.0,20.0,5.0,1,20.0,5.0,10.347062572106216,3.9558013197276396,0.5173531286053108,0.791160263945528,0.39505206117267017,0.158183127125119,0.01975260305863351,0.0316366254250238,0.1348122761543455,0.03465749725484455,0.0067406138077172745,0.0069314994509689105,8.148268044674749,3.072022668933729,0.40741340223373745,0.6144045337867458
602,0.1,5.0,20.0,5.0,2,20.0,4.999999999999999,56.74811082928889,16.787264709592666,2.8374055414644443,3.3574529419185337,13.392092591994496,3.1279442828014297,0.6696046295997248,0.6255888565602861,9.699654927876802,2.1597376802308883,0.4849827463938401,0.43194753604617775,32.01294752370214,8.579179637202511,1.600647376185107,1.7158359274405026
602,0.1,5.0,20.0,5.0,3,20.000000000000004,4.999999999999999,13.194640554805678,4.905958550525439,0.6597320277402838,0.9811917101050879,0.3618421422188701,0.15303303377995986,0.018092107110943504,0.03060660675599198,0.07966428196998776,0.02115107709784988,0.003983214098499387,0.004230215419569977,0.4513838258928459,0.16732941218795633,0.022569191294642292,0.03346588243759127
602,0.1,10.0,5.0,2.0,0,5.0,2.0,2.4286717491338714,0.8762810194202262,0.48573434982677427,0.4381405097101131,0.09376348650998824,0.05183555413980357,0.018752697301997648,0.025917777069901785,0.0796252438120174,0.021148718205813526,0.015925048762403478,0.010574359102906763,2.5005035391243555,0.8874974720231222,0.5001007078248711,0.4437487360115611
602,0.1,10.0,5.0,2.0,1,5.000000000000002,1.9999999999999996,2.41322291755965,0.8736573945822331,0.4826445835119298,0.4368286972911167,0.09375552319324974,0.051840495733446096,0.018751104638649943,0.025920247866723055,0.07971731968788125,0.021165047436159372,0.015943463937576244,0.010582523718079688,4.235268136882578,1.3663887832464903,0.8470536273765152,0.6831943916232452
602,0.1,10.0,5.0,2.0,2,5.0,2.0,2.360347194197393,0.8650647903059823,0.47206943883947855,0.43253239515299113,0.09382829115176956,0.05184153862822916,0.018765658230353914,0.02592076931411458,0.07954199850760518,0.021130172668354506,0.015908399701521036,0.010565086334177253,3.9534480124044196,1.5097338520445436,0.7906896024808839,0.7548669260222718
602,0.1,10.0,5.0,2.0,3,5.0,1.9999999999999996,2.405956946584218,0.872559293477334,0.4811913893168436,0.4362796467386671,0.09386021352899084,0.05186029387292408,0.018772042705798166,0.025930146936462048,0.07957930966766276,0.021140339019009864,0.015915861933532553,0.010570169509504934,0.6868684303792449,0.23927321323326228,0.137373686075849,0.11963660661663117
602,0.1,10.0,5.0,5.0,0,4.999999999999999,5.0,2.3391019503598067,0.8645459420709249,0.4678203900719614,0.17290918841418498,0.09386919559731345,0.05184645226156755,0.018773839119462694,0.01036929045231351,0.07985045992340732,0.02119973227658838,0.015970091984681467,0.004239946455317676,2.399704794935521,0.8732278258604549,0.47994095898710426,0.17464556517209098
602,0.1,10.0,5.0,5.0,1,4.999999999999999,4.999999999999998,2.3197089442551544,0.8581521145433528,0.46394178885103093,0.17163042290867062,0.09364853312879202,0.051866195118340674,0.01872970662575841,0.010373239023668138,0.07970272297277829,0.021162575266629128,0.015940544594555663,0.004232515053325827,4.18810499373506,1.351030827646905,0.8376209987470121,0.2702061655293811
602,0.1,10.0,5.0,5.0,2,5.000000000000003,4.999999999999999,2.608992515557073,0.9078365914406671,0.5217985031114143,0.18156731828813344,0.09333121792155506,0.05182077201166931,0.018666243584311,0.010364154402333865,0.07973763101303703,0.02116551909908483,0.0159475262026074,0.004233103819816967,3.953342000662068,1.5096943330441581,0.7906684001324131,0.3019388666088317
602,0.1,10.0,5.0,5.0,3,5.0,4.999999999999999,2.496049519507631,0.8875813578420251,0.4992099039015262,0.17751627156840505,0.09387035452878935,0.05184256988543531,0.01877407090575787,0.010368513977087065,0.07974080263069394,0.021165777874967647,0.015948160526138788,0.00423315557499353,0.6868637649693873,0.23927278544630942,0.13737275299387747,0.047854557089261895
602,0.1,10.0,10.0,2.0,0,10.0,1.9999999999999996,2.3918716142455,0.8707123457640114,0.23918716142455,0.4353561728820058,0.09379083956545131,0.0518525537298105,0.009379083956545131,0.025926276864905257,0.0795701789653925,0.021137454025460474,0.00795701789653925,0.010568727012730239,2.4576825954149766,0.880638270692802,0.24576825954149767,0.4403191353464011
602,0.1,10.0,10.0,2.0,1,10.000000000000002,2.0000000000000004,2.414122986007107,0.8738756450128597,0.24141229860071065,0.43693782250642976,0.09382872846343282,0.05184356437840581,0.00938287284634328,0.025921782189202897,0.07959872581214335,0.021144331267353357,0.007959872581214333,0.010572165633676677,4.236129903190205,1.3666770628334608,0.42361299031902044,0.6833385314167303
602,0.1,10.0,10.0,2.0,2,10.000000000000004,1.9999999999999996,2.4024274335103106,0.8720362856659036,0.240242743351031,0.4360181428329519,0.09385053228320497,0.051845995381499456,0.009385053228320494,0.025922997690749735,0.07962494976644346,0.021145534204510985,0.007962494976644344,0.010572767102255494,3.9534128053682887,1.509721551509276,0.3953412805368287,0.7548607757546382
602,0.1,10.0,10.0,2.0,3,10.000000000000002,2.0000000000000004,2.211867007362768,0.8440541448604569,0.22118670073627675,0.42202707243022836,0.09400399551477895,0.051873705048217235,0.009400399551477893,0.02593685252410861,0.07968131419139499,0.021161285093501125,0.007968131419139497,0.010580642546750561,0.6869032265780136,0.23928560839668292,0.06869032265780135,0.11964280419834143
602,0.1,10.0,10.0,5.0,0,10.000000000000002,5.0,1.567011074518667,0.919260978471749,0.15670110745186666,0.1838521956943498,0.0919659604233915,0.051491912946373335,0.00919659604233915,0.010298382589274667,0.0796503400279788,0.021142079491444532,0.00796503400279788,0.004228415898288906,1.7066425657783766,1.0036689511285846,0.17066425657783763,0.2007337902257169
602,0.1,10.0,10.0,5.0,1,9.999999999999996,5.0,2.4348375076615674,0.8779636455233537,0.24348375076615683,0.17559272910467075,0.093648785609219,0.051848586432043535,0.009364878560921905,0.010369717286408706,0.07970743720523615,0.021164045503025312,0.007970743720523619,0.004232809100605062,4.25342356243723,1.3723354428869703,0.42534235624372313,0.27446708857739405
602,0.1,10.0,10.0,5.0,2,9.999999999999996,4.999999999999998,2.0485714447299546,0.8281200270303111,0.20485714447299552,0.16562400540606229,0.09405019415110896,0.051845735788287384,0.0094050194151109,0.010369147157657481,0.0796783351652676,0.021158327376195458,0.007967833516526763,0.004231665475239093,3.953549338665334,1.5097685543375854,0.3953549338665336,0.3019537108675172
602,0.1,10.0,10.0,5.0,3,10.0,5.0,2.483951068363737,0.8846468068745177,0.24839510683637372,0.17692936137490353,0.09355917585193359,0.05184121120875278,0.009355917585193359,0.010368242241750555,0.07980324653668636,0.021184613071079293,0.007980324653668635,0.0042369226142158585,0.6867621608334645,0.23924650430367184,0.06867621608334645,0.04784930086073437
602,0.1,10.0,20.0,2.0,0,20.0,2.0000000000000004,2.2468188189301985,0.849602258278811,0.11234094094650993,0.4248011291394054,0.09397420010394432,0.051847647529666765,0.004698710005197216,0.025923823764833376,0.07905490473335901,0.021013961991899505,0.0039527452366679506,0.01050698099594975,2.289576015997138,0.8549912178418306,0.11447880079985691,0.4274956089209152
602,0.1,10.0,20.0,2.0,1,19.999999999999996,1.9999999999999996,2.3006458830128618,0.8563318831498629,0.1150322941506431,0.42816594157493154,0.09386736038127015,0.05186725711655784,0.004693368019063508,0.025933628558278927,0.07965980325391926,0.02114681427644817,0.003982990162695964,0.010573407138224087,4.1823583201564425,1.3491859273244426,0.20911791600782217,0.6745929636622214
602,0.1,10.0,20.0,2.0,2,20.0,2.0000000000000004,2.414931979413532,0.873845169409221,0.1207465989706766,0.4369225847046104,0.0939446671828884,0.0518723286271834,0.004697233359144419,0.025936164313591692,0.07965819498796715,0.021146781205936917,0.003982909749398357,0.010573390602968457,3.9534636610047484,1.5097390072642811,0.19767318305023743,0.7548695036321403
602,0.1,10.0,20.0,2.0,3,20.0,1.9999999999999996,2.382153830266283,0.8455960388125944,0.11910769151331416,0.4227980194062973,0.09322274060613847,0.052120410316911295,0.004661137030306924,0.026060205158455654,0.07756062096321402,0.020499459039736045,0.003878031048160701,0.010249729519868024,0.6859513679376029,0.23861489053170973,0.03429756839688015,0.11930744526585489
602,0.1,10.0,20.0,5.0,0,20.000000000000004,4.999999999999999,32.684670896785505,6.1243323455768115,1.6342335448392749,1.2248664691153626,10.21486631291076,1.037302889310987,0.5107433156455379,0.20746057786219743,33.225053106362004,4.771286268213484,1.6612526553181,0.954257253642697,31.56639767846524,5.319839369076202,1.5783198839232617,1.0639678738152405
602,0.1,10.0,20.0,5.0,1,20.0,5.0,11.002332159783622,3.4912281142446036,0.550116607989181,0.6982456228489207,0.8074792236445597,0.15877562226550976,0.04037396118222798,0.031755124453101954,0.3467878629611205,0.08632294089974489,0.017339393148056027,0.017264588179948977,17.389324928766737,5.959724301220853,0.8694662464383368,1.1919448602441707
602,0.1,10.0,20.0,5.0,2,20.0,5.0,2.6705234472950785,0.9202640914317157,0.13352617236475392,0.18405281828634315,0.0935423842819628,0.05183959458801611,0.004677119214098141,0.010367918917603223,0.07934923565263424,0.021067749819237654,0.003967461782631712,0.004213549963847531,3.9528897835056007,1.5095598493463198,0.19764448917528005,0.30191196986926394
602,0.1,10.0,20.0,5.0,3,20.0,5.0,2.428999194170419,0.8762395486012001,0.12144995970852095,0.17524790972024,0.09391597714869092,0.05186634074071373,0.004695798857434546,0.010373268148142746,0.0796712213170613,0.021156859510104747,0.003983561065853064,0.0042313719020209495,0.6868095530719148,0.23925990244486886,0.03434047765359574,0.047851980488973773
602,0.2,0.0,5.0,2.0,0,5.000000000000002,1.9999999999999996,0.08634544234577839,0.023640602366838438,0.01726908846915567,0.011820301183419223,0.08358033392140432,0.023097084795257992,0.016716066784280857,0.011548542397628998,0.11065561099919308,0.029761669624220076,0.022131122199838607,0.014880834812110041,0.07938426698363536,0.02166914659061704,0.015876853396727068,0.010834573295308523
602,0.2,0.0,5.0,2.0,1,4.999999999999998,1.9999999999999996,0.08631509690410044,0.0236335296932989,0.017263019380820095,0.011816764846649454,0.08356945684149569,0.02309479482522525,0.016713891368299146,0.011547397412612627,0.11070519416007547,0.029764724886886463,0.0221410388320151,0.014882362443443235,0.09071530750877571,0.023005149907543355,0.01814306150175515,0.01150257495377168
602,0.2,0.0,5.0,2.0,2,5.000000000000001,1.9999999999999996,0.08633597300480854,0.023645143139407986,0.017267194600961704,0.011822571569703996,0.08356032335995107,0.023094266852575304,0.016712064671990212,0.011547133426287654,0.11089025386027605,0.029817563102477903,0.022178050772055206,0.014908781551238955,0.09866941247868379,0.025745223219268105,0.019733882495736755,0.012872611609634056
602,0.2,0.0,5.0,2.0,3,5.0,2.0000000000000004,0.08622163097842986,0.023618962890663918,0.01724432619568597,0.011809481445331955,0.08354865431098585,0.02308865486477377,0.01670973086219717,0.011544327432386883,0.11076084808780838,0.029790036969450887,0.022152169617561675,0.01489501848472544,0.06740702057023712,0.01780000091593772,0.013481404114047423,0.008900000457968859
602,0.2,0.0,5.0,5.0,0,5.0,4.999999999999999,0.08628842256723242,0.02363574740179064,0.017257684513446482,0.004727149480358129,0.083633740292374,0.02310758957215653,0.0167267480584748,0.004621517914431306,0.11088310844718406,0.02980736208974805,0.022176621689436814,0.005961472417949611,0.07949185009041845,0.021687122933793157,0.01589837001808369,0.0043374245867586324
602,0.2,0.0,5.0,5.0,1,5.000000000000003,5.0,0.08633101758172215,0.0236376943405004,0.017266203516344423,0.0047275388681000795,0.08362570723439729,0.023103627995365257,0.01672514144687945,0.004620725599073052,0.11085057237349365,0.029801126527482926,0.02217011447469872,0.005960225305496585,0.09064902418579321,0.022995529288947877,0.018129804837158633,0.0045991058577895755
602,0.2,0.0,5.0,5.0,2,5.000000000000002,5.0,0.08642398258445728,0.02366960724714341,0.01728479651689145,0.004733921449428682,0.08362755980966136,0.023110937323224626,0.016725511961932265,0.004622187464644925,0.11076001868763187,0.029792126150332606,0.022152003737526366,0.005958425230066521,0.09870541571111467,0.025760833059458428,0.019741083142222927,0.0051521666118916854
602,0.2,0.0,5.0,5.0,3,5.0,4.999999999999999,0.086391755396607,0.02364987174810515,0.0172783510793214,0.0047299743496210305,0.08346705375192592,0.023077048497398982,0.016693410750385183,0.004615409699479797,0.11074665289048752,0.029787485945703525,0.022149330578097502,0.005957497189140706,0.06739642492547453,0.017793234522361156,0.013479284985094906,0.003558646904472232
602,0.2,0.0,10.0,2.0,0,9.999999999999998,1.9999999999999996,0.08631328666934791,0.02363603785736075,0.008631328666934793,0.011818018928680379,0.08358223929785642,0.023097362384854755,0.008358223929785644,0.01154868119242738,0.11078763839200156,0.029783118208957585,0.01107876383920016,0.014891559104478796,0.07939848126264935,0.0216729037922346,0.007939848126264937,0.010836451896117302
602,0.2,0.0,10.0,2.0,1,9.999999999999996,2.0,0.08636788663294397,0.02364856496648274,0.0086367886632944,0.01182428248324137,0.08356231891237811,0.023093267188598776,0.008356231891237815,0.011546633594299388,0.11074524555501276,0.02978823528522177,0.011074524555501281,0.014894117642610885,0.09073729878581166,0.023004605651962613,0.009073729878581169,0.011502302825981307
602,0.2,0.0,10.0,2.0,2,10.0,1.9999999999999996,0.08633657727941431,0.02364283328040497,0.00863365772794143,0.011821416640202488,0.08349685378296662,0.023084260723973328,0.008349685378296662,0.011542130361986666,0.11073601798672766,0.029780347358385466,0.011073601798672766,0.014890173679192736,0.09871023830331545,0.0257620318481884,0.009871023830331544,0.012881015924094203
602,0.2,0.0,10.0,2.0,3,10.000000000000002,2.0,0.08626389132020923,0.02362911362773504,0.008626389132020922,0.01181455681386752,0.08352779748659171,0.023086886792300056,0.00835277974865917,0.011543443396150028,0.11082793843092495,0.029803035525061108,0.011082793843092492,0.014901517762530554,0.06733710439184476,0.017780560456311326,0.006733710439184475,0.008890280228155663
602,0.2,0.0,10.0,5.0,0,10.000000000000002,4.999999999999999,0.08645030792887246,0.023673401708955946,0.008645030792887243,0.00473468034179119,0.08360432229006017,0.02310949230816416,0.008360432229006015,0.004621898461632833,0.11081005052393136,0.029798788125869228,0.011081005052393135,0.005959757625173846,0.07931919537578376,0.021653221426670477,0.007931919537578375,0.0043306442853340964
602,0.2,0.0,10.0,5.0,1,9.999999999999998,5.0,0.08641021591199992,0.023653837225007735,0.008641021591199994,0.004730767445001547,0.08344973854266126,0.02307065103268382,0.008344973854266127,0.0046141302065367635,0.11073074713813216,0.029783406724457603,0.011073074713813219,0.005956681344891521,0.09064106497223698,0.02299485701337816,0.0090641064972237,0.004598971402675632
602,0.2,0.0,10.0,5.0,2,10.000000000000002,5.000000000000001,0.08621930927656371,0.023618226293426095,0.00862193092765637,0.0047236452586852185,0.08348157080039831,0.023074870752503043,0.008348157080039829,0.004614974150500608,0.11077672348733399,0.029786248531414237,0.011077672348733397,0.005957249706282846,0.09871601106970755,0.025748200977174483,0.009871601106970754,0.005149640195434895
602,0.2,0.0,10.0,5.0,3,9.999999999999998,5.0,0.08638155584583834,0.02364941300952342,0.008638155584583836,0.0047298826019046844,0.0834638632215595,0.023072854159028246,0.008346386322155952,0.004614570831805649,0.11068249014974363,0.029757843695094342,0.011068249014974364,0.005951568739018869,0.06731376392073735,0.017777400956499653,0.006731376392073736,0.0035554801912999305
602,0.2,0.0,20.0,2.0,0,20.0,1.9999999999999996,0.08640465557127643,0.02366214386489452,0.004320232778563821,0.011831071932447264,0.083582703994429,0.02309989239063169,0.00417913519972145,0.011549946195315847,0.11073882666433496,0.029788478276614398,0.005536941333216748,0.014894239138307203,0.07940739596406463,0.021670132472590135,0.0039703697982032314,0.01083506623629507
602,0.2,0.0,20.0,2.0,1,19.999999999999996,1.9999999999999996,0.08607853069998696,0.023655709669428142,0.004303926534999348,0.011827854834714074,0.08268907024069554,0.022973513434345654,0.004134453512034777,0.011486756717172829,0.1022380572328927,0.027142968700521766,0.005111902861644636,0.013571484350260886,0.09043840541397513,0.022971422819766843,0.004521920270698757,0.011485711409883423
602,0.2,0.0,20.0,2.0,2,20.0,2.0,0.08855914272074802,0.024155502195001427,0.0044279571360374016,0.012077751097500714,0.08302989569816686,0.022976457599373102,0.0041514947849083435,0.011488228799686551,0.10662114559897418,0.02862405438364097,0.0053310572799487085,0.014312027191820485,0.09491973950318817,0.02485582275393659,0.004745986975159409,0.012427911376968295
602,0.2,0.0,20.0,2.0,3,20.0,1.9999999999999996,0.09095297005744912,0.024540490339036283,0.004547648502872456,0.012270245169518145,0.0823819161391626,0.02284780101419376,0.00411909580695813,0.011423900507096883,0.10096377395348241,0.027427221094384446,0.00504818869767412,0.013713610547192227,0.07287453489056309,0.01884915437726811,0.0036437267445281543,0.009424577188634056
602,0.2,0.0,20.0,5.0,0,20.0,5.000000000000001,0.08632376483226341,0.023638913107570225,0.004316188241613171,0.004727782621514044,0.08329024562438456,0.023038925824671437,0.004164512281219228,0.004607785164934286,0.11085197504928881,0.029795842915232077,0.005542598752464441,0.005959168583046414,0.07939783313716206,0.021677510930817177,0.003969891656858103,0.004335502186163435
602,0.2,0.0,20.0,5.0,1,20.0,4.999999999999999,0.08527705555384255,0.02343343879847967,0.004263852777692127,0.004686687759695935,0.08134452047245865,0.022638067009914515,0.004067226023622932,0.004527613401982904,0.11000796699368534,0.02958946987124478,0.005500398349684267,0.005917893974248957,0.08882452181849196,0.02270314375916605,0.004441226090924598,0.004540628751833211
602,0.2,0.0,20.0,5.0,2,20.0,5.0,0.10571040455327922,0.0192133680085071,0.005285520227663961,0.00384267360170142,0.1309046493915333,0.03182161067471824,0.006545232469576665,0.006364322134943648,0.3570580542378364,0.08490816325199689,0.01785290271189182,0.016981632650399377,0.048023434340303546,0.010951982362601883,0.0024011717170151774,0.002190396472520377
602,0.2,0.0,20.0,5.0,3,20.0,5.0,0.08638296174143487,0.02365010867955748,0.004319148087071743,0.004730021735911496,0.08362537237644778,0.023102777857690802,0.004181268618822389,0.004620555571538161,0.1106876187308118,0.029766320544766828,0.00553438093654059,0.005953264108953365,0.06731576184281997,0.017779092267629887,0.0033657880921409986,0.0035558184535259773
602,0.2,2.0,5.0,2.0,0,4.999999999999999,2.0,15.470521088800345,5.837536291376579,3.0941042177600693,2.9187681456882895,5.621922144347998,2.0469486002611386,1.1243844288695999,1.0234743001305693,0.11071818481329322,0.029774319447571283,0.02214363696265865,0.014887159723785641,5.274097994686496,1.9269305684095885,1.0548195989372995,0.9634652842047943
602,0.2,2.0,5.0,2.0,1,5.0,1.9999999999999991,15.470626946594564,5.837558812335302,3.0941253893189127,2.918779406167652,5.641126806918271,2.0536639171200304,1.1282253613836541,1.0268319585600156,0.11077002574560224,0.02978544237058218,0.02215400514912045,0.014892721185291096,14.272242272752221,5.439176260541606,2.854448454550444,2.7195881302708043
602,0.2,2.0,5.0,2.0,2,5.0,1.9999999999999991,15.470613662735758,5.837554698593796,3.0941227325471514,2.9187773492968994,5.64926476193899,2.0565002102350727,1.129852952387798,1.0282501051175368,0.11069741304819831,0.029770780338704842,0.022139482609639664,0.014885390169352428,1.1883726408864541,0.4281163571979714,0.23767452817729082,0.2140581785989858
602,0.2,2.0,5.0,2.0,3,5.0,2.0,15.470636399335971,5.837563967127129,3.094127279867194,2.9187819835635644,5.632069242520537,2.0504868742155864,1.1264138485041075,1.0252434371077932,0.11064786952276637,0.029752412474379587,0.022129573904553272,0.014876206237189793,16.56279616712244,6.227205234675387,3.312559233424488,3.1136026173376936
602,0.2,2.0,5.0,5.0,0,5.0,4.999999999999999,15.470635551329378,5.837557750239341,3.094127110265876,1.1675115500478686,5.898143185872121,2.143045309056777,1.1796286371744242,0.42860906181135544,0.11065334197122066,0.029761475627816076,0.022130668394244133,0.005952295125563216,5.274188720900587,1.9269492213711672,1.0548377441801173,0.3853898442742335
602,0.2,2.0,5.0,5.0,1,4.999999999999999,5.000000000000001,15.470558390837333,5.837532031698944,3.094111678167467,1.1675064063397886,5.58425000555096,2.033818562800653,1.116850001110192,0.4067637125601305,0.11083841488954164,0.029797212014923788,0.022167682977908332,0.005959442402984756,14.271828322456042,5.439037664227801,2.8543656644912088,1.0878075328455599
602,0.2,2.0,5.0,5.0,2,5.000000000000001,5.0,15.47078920143831,5.837606868417388,3.0941578402876613,1.1675213736834775,7.63787109130767,2.7465107170643837,1.5275742182615337,0.5493021434128768,0.11060920174963557,0.029739742847646602,0.02212184034992711,0.00594794856952932,1.1884003722765408,0.4281180095449081,0.23768007445530812,0.08562360190898162
602,0.2,2.0,5.0,5.0,3,4.999999999999999,4.999999999999998,15.470607520417893,5.83755443051642,3.094121504083579,1.1675108861032844,5.65223092545811,2.0575432646359433,1.130446185091622,0.4115086529271888,0.110731651935585,0.029781908282424396,0.022146330387117004,0.005956381656484881,16.56274610029098,6.227198061745645,3.3125492200581967,1.2454396123491294
602,0.2,2.0,10.0,2.0,0,10.000000000000002,2.0,15.470701637255052,5.837576887819378,1.5470701637255049,2.918788443909689,7.184410677369438,2.5888878434745446,0.7184410677369436,1.2944439217372723,0.11071578554990082,0.029775431956172677,0.01107157855499008,0.014887715978086339,5.274163481617354,1.9269520288203397,0.5274163481617353,0.9634760144101698
602,0.2,2.0,10.0,2.0,1,10.0,1.9999999999999996,15.470656273662534,5.837571067284637,1.5470656273662535,2.918785533642319,6.385685442789396,2.312041812461284,0.6385685442789396,1.1560209062306421,0.1106706660654515,0.02977233852666336,0.011067066606545151,0.014886169263331684,14.272824641460362,5.439374039156933,1.4272824641460362,2.719687019578467
602,0.2,2.0,10.0,2.0,2,9.999999999999996,1.9999999999999996,15.470601200936493,5.837556629771461,1.5470601200936498,2.918778314885731,5.637981731107033,2.0525655817226838,0.5637981731107035,1.026282790861342,0.11078645759731463,0.029787622786904545,0.011078645759731467,0.014893811393452276,1.1882967194979834,0.4280977622963351,0.11882967194979839,0.2140488811481676
602,0.2,2.0,10.0,2.0,3,9.999999999999998,2.0,15.470669806310577,5.837561926930167,1.547066980631058,2.9187809634650836,5.652256326657089,2.0575493809162517,0.565225632665709,1.0287746904581259,0.11079286903822227,0.029786519161971267,0.01107928690382223,0.014893259580985634,16.562736902279685,6.227200621462222,1.6562736902279689,3.113600310731111
602,0.2,2.0,10.0,5.0,0,9.999999999999996,5.0,15.471484309410304,5.837799363121989,1.5471484309410308,1.1675598726243979,6.517182922734584,2.3578135865082017,0.6517182922734586,0.47156271730164034,0.11160600818725647,0.030002985312035838,0.011160600818725651,0.006000597062407168,5.275409363220716,1.9273877940297104,0.5275409363220718,0.3854775588059421
602,0.2,2.0,10.0,5.0,1,9.999999999999998,4.999999999999999,15.470473717290684,5.83751230935426,1.5470473717290687,1.1675024618708523,5.594231517039572,2.0373088063410694,0.5594231517039573,0.40746176126821393,0.11077707756413921,0.029791713480378,0.011077707756413924,0.005958342696075601,14.271240597914792,5.438821169203041,1.4271240597914794,1.0877642338406084
602,0.2,2.0,10.0,5.0,2,10.000000000000002,5.000000000000002,15.470638768197801,5.837552756233607,1.54706387681978,1.167510551246721,5.612921618226017,2.043817197350079,0.5612921618226017,0.4087634394700157,0.11075593573313906,0.029778219369670584,0.011075593573313905,0.005955643873934114,1.1883459157720748,0.4281065474050183,0.11883459157720747,0.08562130948100363
602,0.2,2.0,10.0,5.0,3,10.0,5.0,15.470693836514316,5.837566881298839,1.5470693836514315,1.1675133762597678,7.309099186567105,2.632134906412122,0.7309099186567105,0.5264269812824244,0.11084831067644904,0.02980047497792021,0.011084831067644903,0.005960094995584042,16.562895775308846,6.227243746973684,1.6562895775308846,1.2454487493947368
602,0.2,2.0,20.0,2.0,0,19.999999999999996,1.9999999999999996,15.484012849091911,5.841124338920746,0.7742006424545957,2.9205621694603736,5.769679564588436,2.09852064978158,0.28848397822942184,1.0492603248907901,0.3381192510601604,0.07907444598613189,0.01690596255300802,0.03953722299306595,3.4824218201898938,0.47997905541103253,0.17412109100949472,0.23998952770551632
602,0.2,2.0,20.0,2.0,1,20.0,2.0000000000000004,15.471122511435846,5.837721569445853,0.7735561255717923,2.918860784722926,6.580155040748632,2.3795051141114283,0.3290077520374316,1.189752557055714,0.11106574406303736,0.02984931268239254,0.005553287203151868,0.014924656341196267,14.275766213561988,5.440448741372226,0.7137883106780994,2.7202243706861124
602,0.2,2.0,20.0,2.0,2,20.000000000000004,1.9999999999999996,15.470418253810662,5.83748792406406,0.7735209126905329,2.9187439620320306,5.77570244540333,2.100670141497059,0.28878512227016645,1.0503350707485297,0.11117242092856951,0.029890364386196678,0.0055586210464284745,0.014945182193098342,1.1883954215255108,0.42813474783108657,0.05941977107627553,0.21406737391554334
602,0.2,2.0,20.0,2.0,3,19.999999999999996,2.0,15.47060857638216,5.837552580526946,0.7735304288191082,2.918776290263473,5.634737795889541,2.051427601760469,0.28173688979447714,1.0257138008802344,0.11080745483872215,0.029797320689330553,0.005540372741936108,0.014898660344665277,16.56280091581194,6.227205557113006,0.8281400457905972,3.113602778556503
602,0.2,2.0,20.0,5.0,0,20.0,5.0,15.470613507478486,5.837556847751729,0.7735306753739243,1.1675113695503456,6.033154911591158,2.189799196892749,0.3016577455795579,0.4379598393785498,0.11088860022793968,0.02981229020009171,0.005544430011396984,0.005962458040018341,5.274173904520723,1.9269407535636889,0.2637086952260362,0.3853881507127378
602,0.2,2.0,20.0,5.0,1,20.0,4.999999999999999,15.470430754089456,5.83749590339707,0.7735215377044729,1.1674991806794142,5.575785131512871,2.0308636621886094,0.2787892565756435,0.40617273243772195,0.11050402321616738,0.029722365761505748,0.005525201160808369,0.0059444731523011505,14.270984739949615,5.438717806374745,0.7135492369974807,1.0877435612749493
602,0.2,2.0,20.0,5.0,2,20.0,5.0,15.470691547343934,5.837569318831268,0.7735345773671967,1.1675138637662537,6.975623586122631,2.5163225722797313,0.34878117930613156,0.5032645144559462,0.11071635381318477,0.029770035311086285,0.005535817690659238,0.005954007062217257,1.1883455637439655,0.42810935359141716,0.059417278187198275,0.08562187071828344
602,0.2,2.0,20.0,5.0,3,20.0,4.999999999999999,26.04910761904871,3.4166858808531826,1.3024553809524355,0.6833371761706366,7.481072641910045,2.7602086132556045,0.37405363209550224,0.552041722651121,48.17301227223419,8.563656582795177,2.4086506136117096,1.7127313165590359,30.04811739091859,4.317040690409398,1.5024058695459295,0.8634081380818797
602,0.2,5.0,5.0,2.0,0,5.0,1.9999999999999991,8.662735235004368,3.6046098569553484,1.7325470470008735,1.802304928477675,0.6374445064267421,0.23420772263042394,0.12748890128534843,0.11710386131521203,0.11081180052072682,0.029795904501071134,0.022162360104145365,0.014897952250535574,2.328132745339206,0.692347058657848,0.4656265490678412,0.34617352932892415
602,0.2,5.0,5.0,2.0,1,5.000000000000001,2.0000000000000004,8.62859474436745,3.5910276545511413,1.7257189488734899,1.7955138272755702,0.6373987178095202,0.23418904614230937,0.127479743561904,0.11709452307115466,0.11075404349947275,0.029785839855577992,0.022150808699894546,0.014892919927788992,5.739801830407057,3.1632735305225568,1.147960366081411,1.581636765261278
602,0.2,5.0,5.0,2.0,2,5.000000000000001,2.0,8.454711339317674,3.5212568211567254,1.6909422678635344,1.7606284105783627,0.6372686802334019,0.23417149730204223,0.12745373604668037,0.11708574865102112,0.11084792290593475,0.029803528600741726,0.022169584581186945,0.014901764300370863,1.7051155169901175,0.5203444314262763,0.34102310339802344,0.26017221571313814
602,0.2,5.0,5.0,2.0,3,4.999999999999998,2.0,8.617538313021893,3.586596577429253,1.723507662604379,1.7932982887146265,0.6372690781711292,0.2341773725243454,0.1274538156342259,0.1170886862621727,0.11067119992323025,0.029763868637883998,0.02213423998464606,0.014881934318941999,36.40929880622139,13.042424658974726,7.281859761244282,6.521212329487363
602,0.2,5.0,5.0,5.0,0,4.999999999999999,5.0,8.771726270778798,3.6479773061292557,1.7543452541557598,0.7295954612258512,0.6373705587678293,0.23418431581274357,0.12747411175356588,0.04683686316254872,0.11069833348066382,0.029765079185626108,0.02213966669613277,0.0059530158371252214,2.3281817689376063,0.6923631202580132,0.46563635378752133,0.13847262405160263
602,0.2,5.0,5.0,5.0,1,5.0,5.0,8.946170604389618,3.7153522583784215,1.7892341208779237,0.7430704516756843,0.6376610318561848,0.23424164024244465,0.12753220637123697,0.04684832804848893,0.1108059691667126,0.02978312263851107,0.022161193833342523,0.005956624527702214,5.739085203282987,3.1692239220874527,1.1478170406565975,0.6338447844174906
602,0.2,5.0,5.0,5.0,2,5.000000000000001,5.000000000000001,8.402507871513151,3.499720915300343,1.68050157430263,0.6999441830600684,0.6372857690827259,0.23417824591807732,0.12745715381654515,0.046835649183615456,0.1108051562018102,0.029787931466101213,0.022161031240362034,0.0059575862932202414,1.7050370743211514,0.5203198859889402,0.3410074148642302,0.10406397719778802
602,0.2,5.0,5.0,5.0,3,5.0,5.0,10.364655259516212,4.257544720532814,2.0729310519032422,0.8515089441065629,0.6375199422261202,0.2342166407367941,0.12750398844522404,0.04684332814735882,0.11073808792968934,0.029779173302298144,0.02214761758593787,0.005955834660459629,43.027468704723134,15.48183952079968,8.605493740944627,3.096367904159936
602,0.2,5.0,10.0,2.0,0,10.0,1.9999999999999996,8.518569086878498,3.54692247912791,0.8518569086878498,1.7734612395639555,0.6373852182403391,0.23418759401770667,0.06373852182403392,0.11709379700885336,0.11075087348348203,0.029782881254739928,0.011075087348348204,0.014891440627369967,2.328018399985063,0.6923178653008198,0.2328018399985063,0.34615893265041
602,0.2,5.0,10.0,2.0,1,9.999999999999998,1.9999999999999996,8.541356136304639,3.556085308437339,0.8541356136304641,1.77804265421867,0.6373212568958995,0.23417376514652863,0.06373212568958996,0.11708688257326434,0.11066205312181074,0.029770491618455488,0.011066205312181075,0.014885245809227747,5.73981892647118,3.1612736758532414,0.5739818926471182,1.5806368379266211
602,0.2,5.0,10.0,2.0,2,10.0,2.0,8.86995307037536,3.686643876245956,0.8869953070375359,1.843321938122978,0.6375258546183183,0.234226293588523,0.06375258546183184,0.1171131467942615,0.11072695678684574,0.029780631327290193,0.011072695678684574,0.014890315663645097,1.7051663306822846,0.5203432456459216,0.17051663306822845,0.2601716228229608
602,0.2,5.0,10.0,2.0,3,10.000000000000002,1.9999999999999996,8.511505003366953,3.54415823136867,0.8511505003366951,1.7720791156843354,0.6372973600734951,0.23418385119194304,0.0637297360073495,0.11709192559597155,0.11079061182633493,0.02978615578447967,0.011079061182633491,0.014893077892239839,32.327327162377294,11.563072911653048,3.232732716237729,5.781536455826525
602,0.2,5.0,10.0,5.0,0,10.000000000000005,5.0,10.782701267091817,4.415493430160207,1.078270126709181,0.8830986860320413,0.6367816163208722,0.2340871226419766,0.06367816163208719,0.04681742452839532,0.11072177541716174,0.029776874463143605,0.01107217754171617,0.005955374892628721,2.328195518331679,0.6923707826544166,0.23281955183316777,0.13847415653088332
602,0.2,5.0,10.0,5.0,1,10.0,5.0,8.46991749143346,3.526956371335653,0.846991749143346,0.7053912742671307,0.6373751057579395,0.23418263563707523,0.06373751057579395,0.04683652712741505,0.11075441033629721,0.029790443328866923,0.01107544103362972,0.005958088665773385,5.739934968674822,3.1588813031398253,0.5739934968674822,0.6317762606279651
602,0.2,5.0,10.0,5.0,2,10.0,5.0,8.707190943340471,3.6222152318079637,0.8707190943340472,0.7244430463615927,0.6372953308595519,0.2341779183173935,0.06372953308595519,0.0468355836634787,0.11065148467802466,0.02976014743421542,0.011065148467802466,0.005952029486843084,1.705095652305249,0.5203371428297873,0.1705095652305249,0.10406742856595745
602,0.2,5.0,10.0,5.0,3,10.0,5.000000000000001,8.357401613200112,3.482163753826146,0.8357401613200113,0.696432750765229,0.6371531617414654,0.2341449672473299,0.06371531617414654,0.04682899344946597,0.11041317060621147,0.029689760196319647,0.011041317060621147,0.005937952039263929,27.19914182108395,9.75969966335801,2.7199141821083948,1.9519399326716016
602,0.2,5.0,20.0,2.0,0,20.0,2.0000000000000004,8.506590242135804,3.542244356400056,0.4253295121067902,1.7711221782000275,0.6372366594700992,0.2341676541167733,0.031861832973504964,0.11708382705838662,0.11077014984681957,0.02979119301487481,0.0055385074923409786,0.014895596507437402,2.3281852615992964,0.6923677213755417,0.11640926307996483,0.3461838606877708
602,0.2,5.0,20.0,2.0,1,20.0,2.0,8.445490464582752,3.507260556944778,0.4222745232291376,1.753630278472389,0.6099665776058139,0.22925934160785003,0.030498328880290693,0.11462967080392501,0.10936534488702412,0.02900187894564093,0.0054682672443512065,0.014500939472820464,5.716548262988359,3.1599249328206827,0.28582741314941795,1.5799624664103413
602,0.2,5.0,20.0,2.0,2,20.0,1.9999999999999996,8.488625498580486,3.535041426150581,0.4244312749290243,1.767520713075291,0.6373625634320316,0.23419211667014017,0.031868128171601576,0.11709605833507011,0.11072933631134692,0.029775249935198485,0.005536466815567346,0.014887624967599246,1.7050967976058218,0.5203329097683402,0.08525483988029109,0.2601664548841702
602,0.2,5.0,20.0,2.0,3,20.0,1.9999999999999991,27.13683925973876,7.599656967298796,1.356841962986938,3.7998284836494,9.307752848411171,2.214570661243683,0.4653876424205586,1.107285330621842,0.08503706779121534,0.02229985330625113,0.004251853389560767,0.01114992665312557,16.70065419948092,11.347865842253775,0.835032709974046,5.67393292112689
602,0.2,5.0,20.0,5.0,0,20.000000000000007,4.999999999999999,8.187317150691051,3.4094619041620553,0.4093658575345524,0.6818923808324112,0.6376305575361032,0.23423660682924097,0.03188152787680515,0.0468473213658482,0.11151916261755923,0.029983724840915018,0.005575958130877959,0.005996744968183004,2.328463453648594,0.6924446632553376,0.11642317268242966,0.13848893265106754
602,0.2,5.0,20.0,5.0,1,19.999999999999996,4.999999999999999,9.23832868087368,3.8291428966523298,0.4619164340436841,0.7658285793304661,0.6376097515663978,0.23424080313137813,0.03188048757831989,0.046848160626275635,0.11079060006213419,0.02979047901730203,0.00553953000310671,0.005958095803460407,5.7397489505241674,3.173462075350628,0.2869874475262084,0.6346924150701257
602,0.2,5.0,20.0,5.0,2,20.0,4.999999999999999,8.588610154651954,3.5749875741715824,0.4294305077325977,0.7149975148343166,0.6373732297772147,0.23420148875256333,0.031868661488860736,0.046840297750512676,0.11079492687774035,0.02978269363228705,0.005539746343887018,0.0059565387264574115,1.7049713297710924,0.5203100158143276,0.08524856648855463,0.10406200316286553
602,0.2,5.0,20.0,5.0,3,20.000000000000004,5.0,8.366587632628926,3.4844831601647304,0.41832938163144623,0.696896632032946,0.6373215102419044,0.23418780024625813,0.031866075512095214,0.046837560049251624,0.1108553669851521,0.02980121161225474,0.005542768349257604,0.005960242322450948,27.584050109630645,9.894279332077478,1.379202505481532,1.9788558664154956
602,0.2,10.0,5.0,2.0,0,4.999999999999997,1.9999999999999987,4.029567236072669,2.1019671063302385,0.8059134472145343,1.05098355316512,0.30448496374352585,0.1551551542743559,0.0608969927487052,0.077577577137178,0.11073112166285694,0.029767141000270454,0.0221462243325714,0.014883570500135238,0.7857513150772213,0.37266979566111114,0.15715026301544435,0.18633489783055568
602,0.2,10.0,5.0,2.0,1,5.000000000000001,1.9999999999999996,4.033912944089197,2.054565969235194,0.8067825888178393,1.0272829846175973,0.30441224616663665,0.15513760040476296,0.06088244923332732,0.0775688002023815,0.11083103588951237,0.029795386643923602,0.02216620717790247,0.014897693321961804,4.058847940834145,1.3887252558732155,0.8117695881668289,0.6943626279366079
602,0.2,10.0,5.0,2.0,2,5.000000000000002,2.0,4.097502186519107,2.2295899480702843,0.8195004373038212,1.1147949740351422,0.3043532545606515,0.1551238593430275,0.06087065091213027,0.07756192967151375,0.11082000191879113,0.02979459180364475,0.02216400038375822,0.014897295901822375,1.7219218115579844,0.5150975786280212,0.34438436231159675,0.2575487893140106
602,0.2,10.0,5.0,2.0,3,4.999999999999999,1.9999999999999996,4.823031663559759,2.621865138902135,0.9646063327119521,1.3109325694510676,0.30438819030921765,0.15513164595956327,0.06087763806184354,0.07756582297978165,0.11068692265589838,0.02976355629938952,0.02213738453117968,0.014881778149694764,18.225513588514676,7.200737081416446,3.645102717702936,3.600368540708224
602,0.2,10.0,5.0,5.0,0,4.999999999999999,4.999999999999999,4.03992161343073,2.1310056907631005,0.8079843226861461,0.4262011381526202,0.3045048283597244,0.15516691881364977,0.0609009656719449,0.03103338376272996,0.1107164042701937,0.029769953930609386,0.022143280854038744,0.005953990786121879,0.7857285599067776,0.3726694674989025,0.15714571198135555,0.07453389349978051
602,0.2,10.0,5.0,5.0,1,5.0,4.999999999999998,4.759565776209336,2.592532073918291,0.9519131552418673,0.5185064147836583,0.3045110550487858,0.15517606309176,0.06090221100975716,0.031035212618352008,0.11083611211980826,0.029801134129475288,0.02216722242396165,0.00596022682589506,2.8596724018112356,1.2345436612414165,0.5719344803622471,0.24690873224828339
602,0.2,10.0,5.0,5.0,2,5.000000000000002,4.999999999999999,5.5728808199399325,1.9438690250629123,1.114576163987986,0.3887738050125825,0.30436822020884113,0.1551412062601675,0.060873644041768205,0.031028241252033507,0.11076624984365155,0.0297854728360515,0.0221532499687303,0.005957094567210301,1.7218311954135581,0.5150908397792487,0.3443662390827115,0.10301816795584977
602,0.2,10.0,5.0,5.0,3,5.0,4.999999999999998,4.100298128028432,2.1558000290099075,0.8200596256056863,0.43116000580198166,0.304541939802976,0.15516038014530034,0.0609083879605952,0.03103207602906008,0.11059020137183184,0.029734060326070365,0.02211804027436637,0.005946812065214075,19.616478203236596,6.791653682449019,3.923295640647319,1.3583307364898043
602,0.2,10.0,10.0,2.0,0,9.999999999999996,2.0,5.280236261258344,2.8094047130987376,0.5280236261258346,1.4047023565493688,0.3043695619477006,0.15513323863153572,0.03043695619477007,0.07756661931576786,0.11077075162015644,0.02978965549537912,0.011077075162015648,0.01489482774768956,0.7856908339678429,0.37267118181691394,0.07856908339678431,0.18633559090845697
602,0.2,10.0,10.0,2.0,1,10.0,1.9999999999999996,4.100051449087492,2.0143369595765344,0.41000514490874923,1.0071684797882674,0.30447689717659226,0.15517310368033896,0.030447689717659227,0.0775865518401695,0.11079100854066225,0.02978881756491613,0.011079100854066225,0.014894408782458068,4.030894651356511,1.3841694725971787,0.4030894651356511,0.6920847362985895
602,0.2,10.0,10.0,2.0,2,9.999999999999998,2.0,4.068882105452396,2.1952772051577467,0.40688821054523966,1.0976386025788734,0.3043664929162986,0.155142953577331,0.030436649291629862,0.0775714767886655,0.11065081141468174,0.029760156864224892,0.011065081141468175,0.014880078432112446,1.7220124193671928,0.515116023277656,0.17220124193671932,0.257558011638828
602,0.2,10.0,10.0,2.0,3,10.0,1.9999999999999991,4.175865448590963,2.2939801568207847,0.41758654485909635,1.1469900784103928,0.3045085436064733,0.155144235874421,0.030450854360647327,0.07757211793721053,0.11073636012818519,0.029780945138384047,0.011073636012818518,0.01489047256919203,10.410107218544349,4.453982013339967,1.0410107218544349,2.2269910066699845
602,0.2,10.0,10.0,5.0,0,10.000000000000002,4.999999999999998,4.12444042589575,2.233188744012798,0.4124440425895749,0.4466377488025598,0.304366759872374,0.15513912456668588,0.030436675987237392,0.031027824913337186,0.11071452578893556,0.029779439182597803,0.011071452578893554,0.005955887836519563,0.7858037151896231,0.3726680393658464,0.0785803715189623,0.07453360787316932
602,0.2,10.0,10.0,5.0,1,10.000000000000002,4.999999999999999,4.2822607398954835,2.359328091007749,0.42822607398954826,0.4718656182015499,0.30438339251691354,0.1551602517341115,0.03043833925169135,0.031032050346822306,0.11077046050247485,0.02978502964240744,0.011077046050247483,0.005957005928481489,3.099664285553614,1.2504781656096584,0.30996642855536133,0.2500956331219317
602,0.2,10.0,10.0,5.0,2,10.000000000000002,4.999999999999999,4.038024882080796,2.1335312051702258,0.4038024882080795,0.42670624103404525,0.3043773841422757,0.15513384216150222,0.030437738414227568,0.03102676843230045,0.11066738776728212,0.02976782012265393,0.011066738776728209,0.005953564024530787,1.722003430136824,0.5151264574358175,0.17220034301368237,0.10302529148716352
602,0.2,10.0,10.0,5.0,3,10.000000000000002,5.0,27.391336311969486,10.621970002108258,2.7391336311969483,2.1243940004216517,0.286997046310441,0.1533102430255069,0.028699704631044095,0.030662048605101376,0.11046929601924427,0.029646855490962142,0.011046929601924424,0.005929371098192428,49.63637361108661,17.908188427722113,4.963637361108661,3.5816376855444227
602,0.2,10.0,20.0,2.0,0,19.999999999999996,1.9999999999999996,15.649092380947662,6.855256470880732,0.7824546190473832,3.427628235440367,0.28197693909763477,0.1548208094985139,0.014098846954881741,0.07741040474925696,0.1185795724148097,0.03177249220527482,0.005928978620740486,0.015886246102637412,0.7756505984145016,0.3747543940461384,0.03878252992072508,0.18737719702306924
602,0.2,10.0,20.0,2.0,1,20.0,2.0,4.831490685449597,1.9370831495789291,0.24157453427247985,0.9685415747894646,0.30436233751240777,0.15515990298175614,0.015218116875620389,0.07757995149087807,0.11083759587867213,0.029808128895270004,0.005541879793933607,0.014904064447635002,5.1564253440204455,1.643389171419777,0.2578212672010223,0.8216945857098885
602,0.2,10.0,20.0,2.0,2,20.000000000000004,1.9999999999999996,4.273830873355079,1.9478449536910964,0.21369154366775392,0.9739224768455484,0.3044799215216329,0.15514086047777448,0.015223996076081641,0.07757043023888725,0.11083558888357341,0.029793330239038587,0.00554177944417867,0.014896665119519297,1.721934208204327,0.515120390896727,0.08609671041021633,0.25756019544836356
602,0.2,10.0,20.0,2.0,3,20.0,1.9999999999999996,4.262713630168905,2.00009449117697,0.21313568150844525,1.0000472455884852,0.30351613810508454,0.1551563174591804,0.015175806905254227,0.07757815872959022,0.1109148545463599,0.0298179459477344,0.005545742727317995,0.014908972973867203,22.48372222387662,7.386622784108619,1.124186111193831,3.6933113920543104
602,0.2,10.0,20.0,5.0,0,19.999999999999996,5.0,4.838567380896816,2.6286196624899785,0.24192836904484083,0.5257239324979956,0.3043779741035506,0.15514572653313924,0.015218898705177532,0.03102914530662785,0.11065096345451293,0.029753869947214164,0.005532548172725648,0.005950773989442833,0.7857448247688892,0.37266628416535197,0.039287241238444466,0.0745332568330704
602,0.2,10.0,20.0,5.0,1,19.999999999999996,4.999999999999997,4.758303431227271,2.0386210038979,0.2379151715613636,0.40772420077958016,0.30463309394685917,0.15515060607660147,0.015231654697342962,0.03103012121532031,0.11080913332158555,0.029803006859876007,0.0055404566660792786,0.005960601371975204,4.807677543605058,1.5659073299297341,0.24038387718025295,0.313181465985947
602,0.2,10.0,20.0,5.0,2,19.999999999999993,5.0,4.098968894132965,2.2281557539139025,0.20494844470664833,0.4456311507827805,0.304393152130165,0.15513322181912254,0.015219657606508254,0.031026644363824508,0.11073950101857231,0.029776505198573625,0.005536975050928618,0.005955301039714725,1.7218693958791462,0.5150784343427977,0.08609346979395734,0.10301568686855953
602,0.2,10.0,20.0,5.0,3,20.0,5.0,4.023241324117892,2.1522802839031767,0.2011620662058946,0.43045605678063537,0.3044871691515688,0.15516661045114877,0.01522435845757844,0.031033322090229753,0.11071885222714714,0.029771212451938936,0.005535942611357357,0.005954242490387787,9.501865119436284,3.774056800766618,0.4750932559718142,0.7548113601533236
602,0.4,0.0,5.0,2.0,0,4.999999999999999,1.9999999999999996,0.08627170145997985,0.02362928644131406,0.017254340291995972,0.011814643220657034,0.08359645139705064,0.023100815095002624,0.01671929027941013,0.011550407547501314,0.07066465345440001,0.019599228977957246,0.014132930690880004,0.009799614488978625,0.08076660225887795,0.023687849712769306,0.016153320451775595,0.011843924856384656
602,0.4,0.0,5.0,2.0,1,4.999999999999999,2.0,0.08630403702138627,0.023634702707143376,0.017260807404277257,0.011817351353571688,0.08359526128548901,0.023100399780983938,0.016719052257097806,0.011550199890491969,0.0706779870028243,0.019603506279810848,0.01413559740056486,0.009801753139905424,0.0876671308847468,0.022277012323840037,0.017533426176949363,0.011138506161920018
602,0.4,0.0,5.0,2.0,2,5.000000000000003,1.9999999999999996,0.08630972353480278,0.023633087516177466,0.017261944706960547,0.011816543758088736,0.08350159838648145,0.023082650699185463,0.016700319677296283,0.011541325349592733,0.07069530533996268,0.01959247541543386,0.01413906106799253,0.009796237707716931,0.0974110652030568,0.024219619131040582,0.01948221304061135,0.012109809565520295
602,0.4,0.0,5.0,2.0,3,5.000000000000001,2.0,0.08636537175225499,0.023646576738392582,0.017273074350450994,0.011823288369196291,0.0834774257958767,0.023076593348165537,0.01669548515917534,0.011538296674082769,0.07065920688792358,0.01958371094512177,0.014131841377584714,0.009791855472560885,0.06628279145570257,0.017950692432412485,0.013256558291140511,0.008975346216206243
602,0.4,0.0,5.0,5.0,0,5.000000000000001,4.999999999999998,0.08634924118598337,0.023646714952358525,0.017269848237196673,0.0047293429904717065,0.08355576132780801,0.02309275975371706,0.0167111522655616,0.004618551950743413,0.07065141356967801,0.019571087051818748,0.014130282713935599,0.003914217410363751,0.08065551631728088,0.02367915958114022,0.016131103263456174,0.004735831916228046
602,0.4,0.0,5.0,5.0,1,5.0,5.0,0.08625380655044994,0.023633135532989343,0.01725076131008999,0.004726627106597868,0.08348362320222333,0.0230730428462184,0.016696724640444666,0.00461460856924368,0.0706242060710774,0.01953390181691205,0.014124841214215481,0.00390678036338241,0.08766023077244922,0.02229176757367009,0.017532046154489844,0.004458353514734018
602,0.4,0.0,5.0,5.0,2,5.000000000000002,4.999999999999998,0.08629392598150146,0.023632619633412854,0.017258785196300284,0.0047265239266825725,0.08341805513098817,0.023061529793633215,0.01668361102619763,0.004612305958726645,0.07059219418831551,0.019580045273100016,0.014118438837663097,0.0039160090546200045,0.09755811502691272,0.024235801819722996,0.019511623005382537,0.004847160363944601
602,0.4,0.0,5.0,5.0,3,5.000000000000001,5.0,0.08622954970172446,0.023619756755630328,0.01724590994034489,0.004723951351126065,0.08349060307641032,0.02307844443393833,0.016698120615282062,0.004615688886787666,0.07056971982727456,0.01957751006950616,0.014113943965454909,0.003915502013901232,0.06634777241935295,0.017950111140530238,0.013269554483870589,0.0035900222281060475
602,0.4,0.0,10.0,2.0,0,9.999999999999998,2.0,0.08638559806039574,0.023652617731312477,0.008638559806039576,0.011826308865656238,0.08354682652446252,0.02309117146188569,0.008354682652446254,0.011545585730942845,0.07064375109784139,0.019577260838084504,0.0070643751097841405,0.009788630419042252,0.08078766289001472,0.023679880348104806,0.008078766289001473,0.011839940174052403
602,0.4,0.0,10.0,2.0,1,9.999999999999996,1.9999999999999996,0.0863413195084514,0.023643543837185928,0.008634131950845144,0.011821771918592967,0.08361965214657588,0.02310374623444653,0.008361965214657591,0.011551873117223267,0.07065885094076582,0.019602699460050936,0.007065885094076584,0.00980134973002547,0.08780404923477811,0.02230083105360315,0.008780404923477814,0.011150415526801577
602,0.4,0.0,10.0,2.0,2,9.999999999999998,1.9999999999999991,0.08636994344583387,0.023645181070009232,0.008636994344583388,0.011822590535004621,0.08352077403619966,0.023085225503070926,0.008352077403619967,0.011542612751535468,0.07057231941737366,0.019567543121448667,0.007057231941737367,0.009783771560724339,0.09755962344100277,0.02424034133281303,0.00975596234410028,0.01212017066640652
602,0.4,0.0,10.0,2.0,3,10.000000000000002,2.0,0.08631428559693811,0.02363533918312474,0.00863142855969381,0.01181766959156237,0.08353213603947782,0.023087441074245475,0.00835321360394778,0.011543720537122737,0.07056683448448167,0.01957339296822063,0.007056683448448166,0.009786696484110315,0.06628064541095108,0.01795274575853608,0.006628064541095107,0.00897637287926804
602,0.4,0.0,10.0,5.0,0,10.0,5.0,0.08615868671920444,0.023593549272129123,0.008615868671920445,0.004718709854425825,0.08529539808985616,0.023516133255660435,0.008529539808985616,0.004703226651132087,0.0704595447905803,0.019517669649146707,0.0070459544790580295,0.0039035339298293414,0.08031035761982158,0.023542488389848237,0.008031035761982159,0.004708497677969647
602,0.4,0.0,10.0,5.0,1,10.0,4.999999999999998,0.08632788381940047,0.023640426365490855,0.008632788381940048,0.0047280852730981725,0.08350010107270296,0.023081625999239425,0.008350010107270297,0.004616325199847887,0.07062745137052949,0.019600163032003404,0.007062745137052949,0.003920032606400682,0.08786273679450234,0.022305851408885958,0.008786273679450233,0.004461170281777193
602,0.4,0.0,10.0,5.0,2,9.999999999999998,5.0,0.08645529398998567,0.02367059215382977,0.008645529398998568,0.004734118430765954,0.08367063932020065,0.023126952314136095,0.008367063932020066,0.004625390462827219,0.07063213925230523,0.019565963179375628,0.007063213925230524,0.003913192635875125,0.09755207447568762,0.02423979182997215,0.009755207447568763,0.00484795836599443
602,0.4,0.0,10.0,5.0,3,10.0,5.000000000000001,0.086212183026875,0.023620073464470065,0.0086212183026875,0.0047240146928940125,0.08362347058427468,0.023102219814274093,0.008362347058427467,0.004620443962854818,0.07063992212393728,0.01959451896521226,0.007063992212393728,0.003918903793042451,0.06621051168625879,0.01793349283964682,0.006621051168625878,0.0035866985679293634
602,0.4,0.0,20.0,2.0,0,20.0,2.0,0.08632945601898977,0.023640382838497013,0.004316472800949488,0.011820191419248506,0.08357661492904765,0.023091817976445876,0.004178830746452382,0.011545908988222938,0.07065568406517901,0.01958214445649376,0.0035327842032589507,0.00979107222824688,0.08078500479185156,0.02368617807644975,0.004039250239592578,0.011843089038224876
602,0.4,0.0,20.0,2.0,1,19.999999999999996,1.9999999999999996,0.08642040492064076,0.023654697345953535,0.0043210202460320386,0.011827348672976771,0.08378456897000404,0.023134637973888785,0.004189228448500203,0.011567318986944394,0.07063688745399381,0.019736438787565154,0.003531844372699691,0.009868219393782579,0.08781903494099243,0.02222883298681178,0.004390951747049622,0.011114416493405891
602,0.4,0.0,20.0,2.0,2,19.999999999999996,2.0,0.08638620917834303,0.02364440131046205,0.004319310458917152,0.011822200655231025,0.08386772161542033,0.023158307675402025,0.004193386080771017,0.011579153837701013,0.07067454927422619,0.019952149020656163,0.0035337274637113098,0.009976074510328082,0.09733871609539815,0.024169468421641336,0.004866935804769909,0.012084734210820668
602,0.4,0.0,20.0,2.0,3,20.0,2.0,0.08636358888957404,0.02364583446640474,0.004318179444478702,0.01182291723320237,0.08362588128617943,0.023107773748074056,0.004181294064308972,0.011553886874037028,0.07056929529694221,0.019584684865959007,0.0035284647648471104,0.009792342432979504,0.06632707445604315,0.017957184281407097,0.0033163537228021573,0.008978592140703548
602,0.4,0.0,20.0,5.0,0,20.0,5.000000000000001,0.085991078932657,0.023559241981711384,0.0042995539466328505,0.004711848396342276,0.08298763972211362,0.022965648249456228,0.004149381986105681,0.004593129649891245,0.0705889601690313,0.019565475871731113,0.0035294480084515647,0.003913095174346222,0.08060547611452186,0.023658298795460546,0.004030273805726093,0.004731659759092109
602,0.4,0.0,20.0,5.0,1,20.0,5.0,20.542273539864848,3.3399205664029132,1.0271136769932423,0.6679841132805826,2.0360964604373404,0.17720387347103958,0.10180482302186702,0.035440774694207915,53.423299743488606,13.05372368242106,2.6711649871744303,2.610744736484212,20.144209188521256,4.379327860867963,1.0072104594260627,0.8758655721735925
602,0.4,0.0,20.0,5.0,2,20.0,5.0,0.08627848569170926,0.02361851203069709,0.004313924284585463,0.004723702406139418,0.08329604048002089,0.023027710798025035,0.004164802024001045,0.004605542159605007,0.07062522446268604,0.019594222482206488,0.003531261223134302,0.003918844496441297,0.09740769929880552,0.02421993864144196,0.004870384964940276,0.0048439877282883915
602,0.4,0.0,20.0,5.0,3,19.999999999999996,5.0,0.08628386609380949,0.023634150008554462,0.004314193304690475,0.004726830001710892,0.0835669038701651,0.02309166039510718,0.004178345193508256,0.004618332079021436,0.07054642361248872,0.019569810630804353,0.0035273211806244368,0.003913962126160871,0.06633072894746606,0.01797010694076682,0.0033165364473733035,0.0035940213881533642
602,0.4,2.0,5.0,2.0,0,5.0,1.9999999999999996,15.494892339409963,5.797167371406848,3.0989784678819925,2.8985836857034246,20.049951722182826,6.997400674356134,4.009990344436565,3.498700337178068,0.07062868046911945,0.019574559532610194,0.01412573609382389,0.009787279766305099,2.9699836354100397,1.0373114199227902,0.5939967270820079,0.5186557099613952
602,0.4,2.0,5.0,2.0,1,4.9999999999999964,2.0000000000000004,15.490556809933715,5.795943326113032,3.0981113619867453,2.8979716630565155,20.02037396382839,6.991492606793138,4.004074792765681,3.4957463033965683,0.07067642401530046,0.019595280398244944,0.0141352848030601,0.00979764019912247,10.225282551317271,3.371752009778248,2.0450565102634557,1.6858760048891235
602,0.4,2.0,5.0,2.0,2,5.0000000000000036,1.9999999999999991,15.50227119965979,5.799221453832218,3.1004542399319557,2.8996107269161104,20.126487839697507,7.012450867828663,4.025297567939498,3.506225433914333,0.07063631014235126,0.019587353535805534,0.014127262028470243,0.009793676767902772,10.320189936507656,3.423296939328904,2.0640379873015298,1.7116484696644527
602,0.4,2.0,5.0,2.0,3,4.999999999999998,2.0,15.49098352889765,5.79606514113754,3.098196705779531,2.89803257056877,19.994852399995118,6.986355769114257,3.998970479999025,3.4931778845571286,0.07057008668830235,0.01956832728785279,0.014114017337660476,0.009784163643926395,8.030035097181818,2.512496303184247,1.6060070194363643,1.2562481515921236
602,0.4,2.0,5.0,5.0,0,4.999999999999999,4.999999999999999,15.567027942651519,5.816958369650816,3.1134055885303042,1.1633916739301635,20.314431868885716,7.048264277773604,4.062886373777144,1.409652855554721,0.07051093431723372,0.019414851830939016,0.014102186863446747,0.003882970366187804,2.9701243866270133,1.0373566889101826,0.5940248773254028,0.20747133778203655
602,0.4,2.0,5.0,5.0,1,5.0,5.0,15.493634841760649,5.796822689703097,3.0987269683521297,1.1593645379406194,20.103660116926434,7.007963068383628,4.020732023385287,1.4015926136767256,0.07069412295084962,0.01958289337198605,0.014138824590169925,0.00391657867439721,10.224923020475963,3.371651453151923,2.0449846040951924,0.6743302906303846
602,0.4,2.0,5.0,5.0,2,5.0,5.0,15.489830115412953,5.795753020852696,3.0979660230825905,1.1591506041705393,19.95234068737351,6.977726557015501,3.990468137474702,1.3955453114031002,0.07075770465424863,0.019603213749586124,0.014151540930849726,0.003920642749917225,10.320399337582778,3.4233533706663564,2.0640798675165555,0.6846706741332713
602,0.4,2.0,5.0,5.0,3,5.0,5.0,15.502835635922597,5.799371155185915,3.1005671271845197,1.159874231037183,20.113711161655385,7.0100535623371325,4.022742232331077,1.4020107124674266,0.07064807947184787,0.019603844427340558,0.014129615894369573,0.003920768885468112,8.029955162398942,2.512464862887442,1.6059910324797884,0.5024929725774884
602,0.4,2.0,10.0,2.0,0,10.0,1.9999999999999996,15.490633928347734,5.795979978628084,1.5490633928347735,2.8979899893140426,20.0266173718074,6.992752015493214,2.0026617371807403,3.496376007746608,0.0706464969021856,0.019595363049051788,0.0070646496902185595,0.009797681524525896,2.9697364504983352,1.037265981808072,0.29697364504983353,0.5186329909040361
602,0.4,2.0,10.0,2.0,1,9.999999999999998,2.0000000000000004,15.489758951547497,5.795720272684438,1.5489758951547499,2.8978601363422185,20.01409062861596,6.990233089094957,2.0014090628615966,3.4951165445474777,0.070624112773565,0.019586082231130373,0.007062411277356502,0.009793041115565185,10.225217049990677,3.3717311440903637,1.0225217049990678,1.6858655720451814
602,0.4,2.0,10.0,2.0,2,10.000000000000002,2.0,15.483272920040726,5.793916357053709,1.5483272920040723,2.8969581785268543,19.870839841547546,6.960929446104238,1.9870839841547543,3.480464723052119,0.07066856033831287,0.019597408754314587,0.007066856033831286,0.009798704377157293,10.32053277648118,3.423382785281036,1.0320532776481177,1.711691392640518
602,0.4,2.0,10.0,2.0,3,9.999999999999998,2.0,15.495303965690615,5.79728251830813,1.5495303965690619,2.898641259154065,20.021999628532033,6.991833961314747,2.0021999628532035,3.4959169806573733,0.07057537681238184,0.0195602183076016,0.007057537681238185,0.0097801091538008,8.029909608413687,2.5124751849726255,0.8029909608413689,1.2562375924863127
602,0.4,2.0,10.0,5.0,0,10.0,5.0,15.498716379324243,5.798227263568578,1.5498716379324242,1.1596454527137157,20.01831646980536,6.991102250735906,2.001831646980536,1.3982204501471813,0.07062675996958216,0.01958717038352132,0.0070626759969582165,0.003917434076704264,2.9698481854768706,1.0372863759266497,0.29698481854768705,0.20745727518532994
602,0.4,2.0,10.0,5.0,1,10.000000000000002,4.999999999999998,15.493919998177526,5.796907345586568,1.5493919998177523,1.159381469117314,20.128453264408204,7.012800450232275,2.01284532644082,1.4025600900464554,0.07057236324966802,0.01956282720953954,0.007057236324966801,0.003912565441907909,10.225038422503342,3.3716749433197366,1.022503842250334,0.6743349886639476
602,0.4,2.0,10.0,5.0,2,10.0,4.999999999999999,15.486137290878569,5.794725806668788,1.5486137290878568,1.1589451613337578,19.846166177400587,6.955799452969565,1.9846166177400586,1.3911598905939133,0.07055488779333237,0.019545197219587952,0.007055488779333237,0.0039090394439175915,10.320771007684622,3.423456680541651,1.0320771007684622,0.6846913361083303
602,0.4,2.0,10.0,5.0,3,10.000000000000002,4.999999999999999,15.495542732585648,5.797339879232371,1.5495542732585645,1.1594679758464745,20.04432209717612,6.996295537817418,2.0044322097176117,1.399259107563484,0.07071291712926284,0.019624817328785994,0.007071291712926283,0.003924963465757199,8.030022207666674,2.5124878886104915,0.8030022207666673,0.5024975777220984
602,0.4,2.0,20.0,2.0,0,19.999999999999996,1.9999999999999991,15.49016917828878,5.795838306304076,0.7745084589144391,2.8979191531520394,20.02708162378338,6.992842085161021,1.0013540811891692,3.496421042580512,0.07059392904426696,0.019569648919973044,0.003529696452213349,0.009784824459986527,2.9698877935118477,1.0372919898275055,0.14849438967559242,0.518645994913753
602,0.4,2.0,20.0,2.0,1,20.000000000000004,2.0,15.491875622200526,5.79633313761809,0.7745937811100262,2.898166568809045,19.982521069363997,6.98385842054531,0.9991260534681997,3.491929210272655,0.07059204600255561,0.019558331943159837,0.00352960230012778,0.009779165971579918,10.225245908085585,3.371749194865096,0.5112622954042791,1.685874597432548
602,0.4,2.0,20.0,2.0,2,20.000000000000004,1.9999999999999996,15.462434659696154,5.78989144275759,0.7731217329848076,2.8949457213787952,19.736613357578022,6.950005861857956,0.986830667878901,3.4750029309289787,0.43403705687686955,0.06214072343806179,0.021701852843843475,0.031070361719030902,10.449438246579914,3.460822458497675,0.5224719123289956,1.7304112292488378
602,0.4,2.0,20.0,2.0,3,20.0,2.0,15.54471054269719,5.810924323314693,0.7772355271348595,2.9054621616573466,20.320098391615243,7.05023296011713,1.0160049195807621,3.525116480058565,0.07025584534062138,0.01962814477888831,0.003512792267031069,0.009814072389444156,8.030067171487968,2.5124885444044534,0.4015033585743984,1.2562442722022267
602,0.4,2.0,20.0,5.0,0,20.0,5.0,15.495968313997526,5.797455116845441,0.7747984156998763,1.1594910233690883,20.111001164861197,7.009422283364841,1.0055500582430599,1.4018844566729682,0.07074493473307152,0.01959812333390266,0.0035372467366535758,0.003919624666780532,2.969855740680679,1.0372898298695066,0.14849278703403396,0.20745796597390131
602,0.4,2.0,20.0,5.0,1,19.999999999999996,5.0,15.498107280546964,5.798018033163209,0.7749053640273483,1.1596036066326418,19.88275153296629,6.963707729057326,0.9941375766483146,1.3927415458114651,0.07075532678087496,0.020573621198355808,0.0035377663390437483,0.0041147242396711615,10.26013980045592,3.383036537859443,0.5130069900227961,0.6766073075718886
602,0.4,2.0,20.0,5.0,2,20.0,5.0,18.878430091714307,6.612169864859962,0.9439215045857153,1.3224339729719925,20.81879223927832,7.103758790423597,1.040939611963916,1.4207517580847193,46.439436330851564,11.330739591117876,2.321971816542578,2.266147918223575,12.723613788498778,3.9780574640023825,0.6361806894249389,0.7956114928004765
602,0.4,2.0,20.0,5.0,3,20.0,5.0,15.537502736586124,5.808932193841382,0.7768751368293062,1.1617864387682764,20.226796768511203,7.032729407407904,1.01133983842556,1.4065458814815808,0.07072103774783432,0.019568768719388067,0.0035360518873917162,0.003913753743877613,8.030359414735274,2.5125828050355445,0.4015179707367637,0.502516561007109
602,0.4,5.0,5.0,2.0,0,5.0,1.9999999999999996,57.511853184453294,19.25920718429597,11.502370636890658,9.629603592147987,20.932336157833184,6.6675287690756635,4.1864672315666365,3.3337643845378326,0.07059555537489973,0.019566178880663417,0.014119111074979946,0.00978308944033171,2.138488683379652,0.7734149974358554,0.4276977366759304,0.3867074987179278
602,0.4,5.0,5.0,2.0,1,4.999999999999999,2.0,58.01474771687542,19.575787588985754,11.602949543375086,9.787893794492877,33.811071258785276,10.732037677450723,6.762214251757056,5.366018838725362,0.07062592494802858,0.01959577263023861,0.014125184989605718,0.009797886315119304,12.04098137787382,3.876370516425429,2.4081962755747646,1.9381852582127146
602,0.4,5.0,5.0,2.0,2,4.999999999999999,2.0,57.35418797419441,19.15088428652028,11.470837594838883,9.57544214326014,20.896775806201674,6.656291274033856,4.179355161240336,3.328145637016928,0.07055298401501602,0.019570861390631716,0.014110596803003205,0.009785430695315858,12.881941801713083,4.117829466105096,2.576388360342617,2.058914733052548
602,0.4,5.0,5.0,2.0,3,5.000000000000001,1.9999999999999996,57.372277796538405,19.140856959643948,11.474455559307678,9.570428479821976,21.877106393389244,6.965790740655389,4.375421278677848,3.4828953703276953,0.07055695959703505,0.01957468977862357,0.014111391919407008,0.009787344889311787,6.127664751025469,1.8935092908275588,1.2255329502050936,0.9467546454137796
602,0.4,5.0,5.0,5.0,0,5.000000000000001,5.0,56.03412396298545,19.35140045271492,11.206824792597088,3.870280090542984,60.6162292886025,19.72562274646816,12.123245857720498,3.945124549293632,0.0706481878421761,0.019577370716551332,0.014129637568435216,0.003915474143310267,2.1383964880408786,0.7733885943261254,0.42767929760817563,0.15467771886522508
602,0.4,5.0,5.0,5.0,1,5.0,4.999999999999999,57.141813378221606,19.493828274452387,11.42836267564432,3.898765654890478,61.053683308683674,19.74004038819914,12.210736661736735,3.948008077639829,0.07075126194408214,0.01962571375522952,0.014150252388816429,0.003925142751045905,12.481396365625695,4.012014615750068,2.496279273125139,0.8024029231500136
602,0.4,5.0,5.0,5.0,2,5.0,5.0,55.49591577263912,19.220341726602463,11.099183154527825,3.8440683453204927,61.27582873316727,19.76500447368139,12.255165746633455,3.9530008947362782,0.07062007702440191,0.019568603919423874,0.014124015404880383,0.003913720783884775,13.312994800859565,4.248157278416391,2.662598960171913,0.8496314556832782
602,0.4,5.0,5.0,5.0,3,4.999999999999998,5.0,56.74339728280566,19.313155419808357,11.348679456561136,3.8626310839616713,35.03727487642551,11.118001501929307,7.007454975285105,2.2236003003858613,0.07076005105046933,0.019608763335890702,0.01415201021009387,0.0039217526671781406,6.1543625911108855,1.9017883953560324,1.2308725182221776,0.3803576790712065
602,0.4,5.0,10.0,2.0,0,10.0,2.0,55.17348535280367,19.175508168073005,5.517348535280367,9.587754084036503,60.97589761022408,19.760912330717524,6.097589761022408,9.880456165358762,0.07066700774184842,0.019571823910972782,0.007066700774184842,0.009785911955486391,2.138465217587583,0.7733970291869433,0.21384652175875832,0.38669851459347165
602,0.4,5.0,10.0,2.0,1,10.0,1.9999999999999991,57.46064710051047,19.343863743333408,5.746064710051047,9.671931871666708,21.318394573383717,6.789430818127653,2.131839457338372,3.394715409063828,0.07052980078794571,0.019550232885483694,0.007052980078794571,0.009775116442741852,11.929890072055823,3.84217764808712,1.1929890072055822,1.9210888240435608
602,0.4,5.0,10.0,2.0,2,9.999999999999996,2.0,56.133876807434184,18.686444412806622,5.61338768074342,9.343222206403311,19.536275424513605,6.2264037739876565,1.9536275424513612,3.1132018869938283,0.07065083383876261,0.01958988692165082,0.007065083383876264,0.00979494346082541,12.822648657348987,4.099890720362913,1.2822648657348992,2.0499453601814563
602,0.4,5.0,10.0,2.0,3,10.0,2.0000000000000004,57.51991929170437,19.56533025056938,5.751991929170437,9.782665125284689,59.95244703373823,19.09835076854964,5.995244703373823,9.549175384274818,0.07068483111943094,0.019587119412017687,0.007068483111943094,0.009793559706008842,6.139452293345669,1.8971609814991486,0.6139452293345669,0.9485804907495741
602,0.4,5.0,10.0,5.0,0,10.0,5.0,56.54251755608677,19.449668180661167,5.654251755608677,3.889933636132233,60.398631447668244,19.720897026230208,6.039863144766825,3.9441794052460417,0.07054362047861437,0.019576653734498635,0.007054362047861437,0.003915330746899727,2.138472398824162,0.7734015137449077,0.2138472398824162,0.15468030274898154
602,0.4,5.0,10.0,5.0,1,9.999999999999996,4.999999999999999,56.3993558015535,19.40472827776922,5.639935580155352,3.8809456555538446,60.74697303868613,19.73875684157652,6.074697303868615,3.9477513683153047,0.07075796862064404,0.019610648327098263,0.0070757968620644065,0.003922129665419653,12.470689296289512,4.008253750184965,1.2470689296289517,0.801650750036993
602,0.4,5.0,10.0,5.0,2,10.000000000000004,4.999999999999999,55.6804950882478,18.448323458365536,5.568049508824778,3.6896646916731077,23.875904521057127,7.597394834190622,2.387590452105712,1.5194789668381246,0.0708469219486785,0.019688157532862408,0.007084692194867848,0.003937631506572482,12.884558800055432,4.118801507469397,1.2884558800055428,0.8237603014938795
602,0.4,5.0,10.0,5.0,3,10.000000000000004,5.000000000000001,58.44681015273141,19.569375487674836,5.844681015273139,3.9138750975349668,53.1970437609963,16.8804025410328,5.3197043760996285,3.3760805082065595,0.07069664824904384,0.019577383624788537,0.007069664824904382,0.003915476724957707,6.1331804636148775,1.895219833853981,0.6133180463614876,0.3790439667707961
602,0.4,5.0,20.0,2.0,0,20.0,2.0000000000000004,58.279463402173825,19.55510831963942,2.913973170108691,9.777554159819708,28.993759822052958,9.207857691981049,1.449687991102648,4.603928845990524,0.07065456045756363,0.01958030738934172,0.0035327280228781817,0.009790153694670858,2.1384784339432725,0.7734059974568965,0.10692392169716362,0.38670299872844816
602,0.4,5.0,20.0,2.0,1,20.000000000000004,2.0000000000000004,57.24821209116794,19.20590879404843,2.862410604558397,9.602954397024213,23.195110025466118,7.381642841364729,1.1597555012733056,3.6908214206823637,0.07054330814903144,0.019573124753989923,0.0035271654074515713,0.00978656237699496,11.905495188833193,3.8346710080210906,0.5952747594416595,1.9173355040105449
602,0.4,5.0,20.0,2.0,2,20.0,2.0,55.63637450692083,18.60215354524231,2.7818187253460414,9.301076772621155,22.744713421777398,7.240431486639498,1.1372356710888698,3.620215743319749,0.07050838995433593,0.019531721735847003,0.0035254194977167967,0.009765860867923502,12.736757163573659,4.0737755227906325,0.6368378581786829,2.0368877613953162
602,0.4,5.0,20.0,2.0,3,20.000000000000004,2.000000000000001,58.2729599861051,19.53820087346589,2.9136479993052546,9.769100436732941,31.60037512022169,10.032864008655979,1.580018756011084,5.016432004327987,0.07067159778528738,0.019611630130221634,0.0035335798892643685,0.009805815065110812,6.13554225427161,1.895926839272995,0.30677711271358044,0.9479634196364971
602,0.4,5.0,20.0,5.0,0,20.0,4.999999999999999,46.58683893713992,17.481453559258583,2.3293419468569962,3.4962907118517172,52.59937090297119,18.894541479477343,2.6299685451485595,3.7789082958954694,36.045532790361584,8.625494791098507,1.8022766395180791,1.7250989582197018,34.44572701282131,7.827147514020392,1.7222863506410655,1.5654295028040786
602,0.4,5.0,20.0,5.0,1,20.0,5.0,57.50108451699574,19.449172516897153,2.875054225849787,3.8898345033794306,26.290006410212648,8.356083056100895,1.3145003205106325,1.671216611220179,0.07061222141006712,0.0195638796570037,0.003530611070503356,0.00391277593140074,12.014806481800012,3.8683219572703997,0.6007403240900006,0.77366439145408
602,0.4,5.0,20.0,5.0,2,20.0,5.0,47.692556232559696,17.357901850847764,2.384627811627985,3.4715803701695527,46.905274326050645,17.17648373634679,2.345263716302532,3.4352967472693576,0.07132344451953368,0.01953003133593017,0.003566172225976684,0.0039060062671860338,14.573333949092559,4.632776230833526,0.728666697454628,0.9265552461667053
602,0.4,5.0,20.0,5.0,3,20.0,5.0,49.94368838456279,17.948857747059304,2.4971844192281396,3.5897715494118607,59.84054378260184,19.649295673083984,2.9920271891300922,3.929859134616797,0.07064876110751828,0.01959732409213998,0.0035324380553759136,0.003919464818427996,6.209264550500318,1.9188657072214854,0.31046322752501593,0.3837731414442971
602,0.4,10.0,5.0,2.0,0,5.0,1.9999999999999996,31.278651556743352,10.187476464471693,6.25573031134867,5.0937382322358475,4.114775891190066,1.2846802575766343,0.8229551782380131,0.6423401287883173,0.0706176259911144,0.019593292778806,0.01412352519822288,0.009796646389403002,2.3987041394475654,0.7705951765345339,0.4797408278895131,0.38529758826726707
602,0.4,10.0,5.0,2.0,1,4.999999999999999,2.0,30.60072666360411,9.978431349621284,6.120145332720823,4.989215674810642,4.114434907251103,1.284599154465446,0.8228869814502208,0.642299577232723,0.07058070531635728,0.019550038610028332,0.014116141063271458,0.009775019305014166,8.575043774864705,2.8184192938443093,1.7150087549729414,1.4092096469221547
602,0.4,10.0,5.0,2.0,2,5.0,1.9999999999999996,33.43322318309954,10.844768279863478,6.686644636619908,5.42238413993174,4.114586823548714,1.2846535793702938,0.8229173647097427,0.642326789685147,0.07071725316747288,0.019598215928180205,0.014143450633494575,0.009799107964090104,9.736540741856123,3.1724128483459797,1.9473081483712247,1.5862064241729903
602,0.4,10.0,5.0,2.0,3,4.999999999999999,2.0,39.324010445927236,12.71452966659807,7.864802089185448,6.357264833299035,4.126802835538405,1.2884100040633728,0.8253605671076812,0.6442050020316864,0.07061223283294107,0.019591739198178082,0.014122446566588218,0.009795869599089041,3.4900297822579898,1.079127525498455,0.6980059564515981,0.5395637627492275
602,0.4,10.0,5.0,5.0,0,4.999999999999999,5.0,60.27696678882444,19.258912427860288,12.05539335776489,3.8517824855720577,4.430115351868614,1.382183852950407,0.886023070373723,0.27643677059008137,0.07069078443400166,0.019605431212911802,0.014138156886800335,0.00392108624258236,2.398438405940204,0.770537058646247,0.47968768118804095,0.1541074117292494
602,0.4,10.0,5.0,5.0,1,5.000000000000002,5.0,67.10157771118904,21.697490331556878,13.420315542237804,4.339498066311376,8.737032952560881,2.709353479836693,1.7474065905121756,0.5418706959673386,0.07067553028489865,0.01956899480273255,0.014135106056979724,0.00391379896054651,8.684087778529452,2.851026555216665,1.7368175557058898,0.570205311043333
602,0.4,10.0,5.0,5.0,2,5.0,5.000000000000001,66.78192565989012,21.414553980643447,13.356385131978024,4.2829107961286885,6.601571393764533,2.051792175674852,1.3203142787529065,0.4103584351349703,0.07064537757780019,0.01957086462766396,0.014129075515560039,0.0039141729255327915,9.832217394597146,3.2005651734549656,1.9664434789194292,0.640113034690993
602,0.4,10.0,5.0,5.0,3,5.000000000000002,5.0,67.08818202120071,21.94756574466851,13.417636404240136,4.389513148933702,17.843880540223505,5.539543707848941,3.5687761080447,1.1079087415697884,0.07061799615810689,0.019572814189873357,0.014123599231621374,0.003914562837974671,3.5007615274341317,1.0824221320935137,0.700152305486826,0.21648442641870275
602,0.4,10.0,10.0,2.0,0,9.999999999999998,2.0,44.88438027006437,14.374747866293877,4.4884380270064375,7.187373933146938,4.137283908165786,1.2916588917338845,0.4137283908165787,0.6458294458669422,0.0705431781053366,0.01955795677176021,0.007054317810533661,0.009778978385880105,2.3986869949257423,0.7705831789391201,0.23986869949257428,0.38529158946956005
602,0.4,10.0,10.0,2.0,1,10.0,2.0,44.18498030930898,14.262084843734211,4.418498030930898,7.131042421867106,4.143471979904442,1.2935586643779016,0.41434719799044417,0.6467793321889508,0.0706833169540618,0.019588409598053757,0.0070683316954061794,0.009794204799026878,8.646670325723075,2.8397905293046737,0.8646670325723076,1.4198952646523368
602,0.4,10.0,10.0,2.0,2,10.0,2.0000000000000004,42.439381955600346,13.670115533312721,4.243938195560035,6.835057766656359,4.121946839409996,1.2869077675487681,0.4121946839409996,0.643453883774384,0.07070290889663385,0.019583013551428448,0.0070702908896633845,0.009791506775714222,9.778382649268583,3.184700606479878,0.9778382649268582,1.5923503032399386
602,0.4,10.0,10.0,2.0,3,10.0,2.0,31.58042736328292,10.291221630733332,3.1580427363282917,5.145610815366666,4.126622058259896,1.288364928633555,0.41266220582598956,0.6441824643167775,0.07068450860107627,0.019608848736755564,0.007068450860107626,0.009804424368377782,3.4889598376096136,1.0787824033833027,0.34889598376096137,0.5393912016916513
602,0.4,10.0,10.0,5.0,0,10.0,4.999999999999998,27.558612516289333,9.029503131726402,2.755861251628933,1.805900626345281,4.129983986146762,1.2894035482811326,0.4129983986146762,0.2578807096562266,0.0705327846378458,0.019557019160601798,0.007053278463784581,0.003911403832120361,2.3986966251347575,0.7705904918343963,0.23986966251347575,0.1541180983668793
602,0.4,10.0,10.0,5.0,1,10.000000000000002,4.999999999999999,51.29072374994904,16.514002096589483,5.1290723749949025,3.3028004193178973,4.379507029229807,1.3664910870311195,0.43795070292298066,0.27329821740622395,0.07064411240263337,0.019570888063349987,0.007064411240263336,0.003914177612669998,8.737543933234926,2.8669090378282553,0.8737543933234925,0.5733818075656512
602,0.4,10.0,10.0,5.0,2,10.0,4.999999999999998,15.057139442563269,5.223677490813091,1.505713944256327,1.0447354981626185,4.106809449152289,1.2822456171150363,0.4106809449152289,0.25644912342300735,0.07071783475695444,0.019595535443471878,0.007071783475695444,0.003919107088694377,9.567359416922647,3.122449400091763,0.9567359416922647,0.6244898800183528
602,0.4,10.0,10.0,5.0,3,10.0,5.0,28.473940690599616,9.320751783255384,2.8473940690599617,1.8641503566510766,4.114619660458009,1.2846656946914032,0.41146196604580093,0.2569331389382806,0.07055729468324294,0.019573944148741706,0.0070557294683242944,0.003914788829748341,3.4829960235798754,1.0769700106458322,0.3482996023579875,0.21539400212916643
602,0.4,10.0,20.0,2.0,0,20.0,2.0,28.84032646343662,9.493438202115456,1.442016323171831,4.746719101057728,4.119565052374978,1.2861782490902087,0.20597825261874889,0.6430891245451044,0.0705605230688382,0.019553007075480588,0.00352802615344191,0.009776503537740294,2.3986959627554256,0.7705961061960249,0.11993479813777128,0.38529805309801246
602,0.4,10.0,20.0,2.0,1,19.999999999999996,1.9999999999999991,30.491292936085284,10.051094638712135,1.5245646468042644,5.02554731935607,4.124732828180901,1.287787308390457,0.20623664140904507,0.6438936541952288,0.0706712023541014,0.019595134021816164,0.0035335601177050708,0.009797567010908087,8.604929080025585,2.8272893165038386,0.4302464540012793,1.41364465825192
602,0.4,10.0,20.0,2.0,2,20.0,2.0,31.857304541434388,10.331286858131635,1.5928652270717194,5.165643429065818,4.130546275798465,1.2895639264637657,0.20652731378992323,0.6447819632318829,0.07068887397440889,0.019583046803871275,0.0035344436987204443,0.009791523401935637,9.739664680187449,3.173353691497591,0.48698323400937243,1.5866768457487954
602,0.4,10.0,20.0,2.0,3,19.999999999999996,2.0000000000000004,36.75102460997966,11.847884412913062,1.8375512304989832,5.92394220645653,4.137317231098212,1.2916570418393094,0.20686586155491063,0.6458285209196546,0.07071307793529583,0.0196010637973595,0.003535653896764792,0.009800531898679748,3.486833020421585,1.0781508287433623,0.1743416510210793,0.539075414371681
602,0.4,10.0,20.0,5.0,0,20.0,5.0,41.297576986063405,13.271149558262758,2.0648788493031702,2.6542299116525516,4.11914123133106,1.2860560641005991,0.205957061566553,0.25721121282011983,0.07067107821411955,0.019604966174581403,0.0035335539107059777,0.00392099323491628,2.3986699650034042,0.770589040719821,0.11993349825017022,0.1541178081439642
602,0.4,10.0,20.0,5.0,1,19.999999999999996,4.999999999999997,24.0553350904355,8.187903330448526,1.202766754521775,1.637580666089706,4.375938113908631,1.3655919037222612,0.21879690569543156,0.2731183807444524,0.07057674562300967,0.019401013814024495,0.003528837281150484,0.003880202762804901,8.586539590786845,2.8226233013770075,0.42932697953934235,0.5645246602754018
602,0.4,10.0,20.0,5.0,2,19.999999999999996,4.999999999999999,31.4748771755453,7.133217409915314,1.5737438587772652,1.4266434819830631,40.43395510808411,10.278462447857354,2.021697755404206,2.055692489571471,2.988791576490991,0.7524396751149435,0.14943957882454958,0.1504879350229887,19.418630130258205,4.188372634710939,0.9709315065129104,0.837674526942188
602,0.4,10.0,20.0,5.0,3,19.999999999999996,4.999999999999999,20.16596139924432,5.9559467393348005,1.0082980699622162,1.1911893478669604,8.167513011257448,2.5165750786914955,0.40837565056287245,0.5033150157382992,0.04679431345976317,0.016412005047019108,0.0023397156729881587,0.0032824010094038222,3.481276501486184,1.052413276974304,0.17406382507430923,0.21048265539486083
1174,0.02,0.0,5.0,2.0,0,5.000000000000001,2.0000000000000004,0.02665088224624454,0.008993932654908112,0.005330176449248907,0.004496966327454055,0.038978775429611895,0.011317190280537761,0.007795755085922377,0.00565859514026888,0.034431313449561254,0.010202448755907721,0.0068862626899122495,0.00510122437795386,0.023865034958104336,0.007841553135803134,0.004773006991620866,0.003920776567901566
1174,0.02,0.0,5.0,2.0,1,5.0,2.0,0.02659331615417668,0.00898287790760947,0.0053186632308353365,0.004491438953804735,0.03889219149761294,0.01131519908440602,0.007778438299522588,0.00565759954220301,0.034240689526364304,0.010188837750718483,0.006848137905272861,0.0050944188753592416,0.02630269781183686,0.009165063371096651,0.005260539562367372,0.0045825316855483255
1174,0.02,0.0,5.0,2.0,2,5.000000000000001,1.9999999999999996,0.026590372128609933,0.008997378956141642,0.005318074425721985,0.004498689478070822,0.038890276579942866,0.01131315591684635,0.007778055315988572,0.005656577958423176,0.034266138831280414,0.010196092695485432,0.006853227766256082,0.005098046347742717,0.02684043057188902,0.009506435888568539,0.0053680861143778034,0.00475321794428427
1174,0.02,0.0,5.0,2.0,3,5.0,2.0,0.026605271170363293,0.008972417996368451,0.005321054234072658,0.004486208998184226,0.03911175122047937,0.011341277926185665,0.007822350244095874,0.0056706389630928325,0.03443516416210133,0.010206436427216189,0.006887032832420266,0.005103218213608094,0.018526530391167775,0.005686356563479046,0.003705306078233555,0.002843178281739523
1174,0.02,0.0,5.0,5.0,0,5.000000000000002,5.0,0.026365680723862382,0.008969298247408377,0.005273136144772475,0.0017938596494816756,0.03925063421748837,0.011356031574307457,0.00785012684349767,0.0022712063148614915,0.03405401173497023,0.010158572856476053,0.006810802346994044,0.0020317145712952104,0.02358612447503276,0.0078062089663886005,0.0047172248950065505,0.00156124179327772
1174,0.02,0.0,5.0,5.0,1,5.000000000000001,5.0,0.02658091701614748,0.008969881892075414,0.005316183403229495,0.0017939763784150828,0.038914726952422374,0.011317969143452702,0.007782945390484473,0.00226359382869054,0.03435391294277413,0.010201615000745217,0.006870782588554824,0.0020403230001490432,0.026208315369920927,0.009156521914141673,0.005241663073984185,0.0018313043828283345
1174,0.02,0.0,5.0,5.0,2,5.0,5.0,0.026427767096598293,0.00892773221015833,0.005285553419319659,0.001785546442031666,0.03882213672355183,0.011285962923350757,0.007764427344710366,0.0022571925846701516,0.034248809818897545,0.010166148023064269,0.006849761963779509,0.002033229604612854,0.02677158270585779,0.009471413851800444,0.0053543165411715585,0.0018942827703600888
1174,0.02,0.0,5.0,5.0,3,5.0,4.999999999999999,0.026628817151396183,0.008984353123846033,0.005325763430279237,0.001796870624769207,0.03903805003021277,0.011330226344789526,0.007807610006042553,0.0022660452689579054,0.03446658874646721,0.01022262272841698,0.006893317749293441,0.0020445245456833963,0.018552028603985887,0.005689661786779748,0.0037104057207971775,0.0011379323573559497
1174,0.02,0.0,10.0,2.0,0,10.000000000000002,1.9999999999999996,0.026591432371889035,0.008968557928594738,0.002659143237188903,0.00448427896429737,0.03904189610884273,0.011336237666197548,0.0039041896108842726,0.005668118833098775,0.03433628761099295,0.010197181051549303,0.0034336287610992945,0.005098590525774652,0.02383104876011441,0.007851263413813215,0.0023831048760114405,0.0039256317069066085
1174,0.02,0.0,10.0,2.0,1,10.0,1.9999999999999996,0.027401499059396175,0.009119637509292991,0.0027401499059396175,0.0045598187546464965,0.039821680233281934,0.011433355076827264,0.003982168023328193,0.005716677538413633,0.03512918532894804,0.010333446006076908,0.003512918532894804,0.005166723003038455,0.027117182740038433,0.009303143800326836,0.002711718274003843,0.004651571900163419
1174,0.02,0.0,10.0,2.0,2,10.0,2.0,0.02656790113547879,0.008989792565963889,0.002656790113547879,0.004494896282981944,0.03896986124053817,0.011320368501545735,0.0038969861240538166,0.005660184250772867,0.03424260751959361,0.01017536980684049,0.0034242607519593612,0.005087684903420245,0.026888913312583845,0.009506544600423942,0.0026888913312583845,0.004753272300211971
1174,0.02,0.0,10.0,2.0,3,10.000000000000002,1.9999999999999996,0.025983593675373475,0.008868641212075779,0.002598359367537347,0.00443432060603789,0.03826472963303339,0.011193091197196284,0.003826472963303338,0.005596545598598143,0.03383073248218467,0.010102778517385448,0.0033830732482184665,0.005051389258692725,0.017990410157434984,0.005573609823135824,0.001799041015743498,0.0027868049115679122
1174,0.02,0.0,10.0,5.0,0,10.0,5.000000000000001,0.019479070127212957,0.006333996601754094,0.0019479070127212956,0.0012667993203508187,0.03439948808932216,0.010443594792844882,0.003439948808932216,0.002088718958568976,0.020951701553995256,0.0063592337804610965,0.0020951701553995256,0.001271846756092219,0.01857960111275632,0.005622101641389625,0.001857960111275632,0.0011244203282779247
1174,0.02,0.0,10.0,5.0,1,10.0,5.0,0.0267816600671195,0.008992145536170608,0.00267816600671195,0.0017984291072341216,0.03904471381310428,0.011337869136697133,0.003904471381310428,0.0022675738273394267,0.034566588780126556,0.010226565956569091,0.0034566588780126557,0.002045313191313818,0.02646250178305656,0.009173636018653314,0.002646250178305656,0.0018347272037306627
1174,0.02,0.0,10.0,5.0,2,9.999999999999998,5.0,0.1477650556140957,0.013650022143252238,0.014776505561409572,0.0027300044286504475,0.1149023894351697,0.03235949678751062,0.011490238943516973,0.006471899357502124,0.2686758163973931,0.08450654441795083,0.02686758163973931,0.016901308883590167,0.14812792964361818,0.014000871167397108,0.014812792964361821,0.0028001742334794215
1174,0.02,0.0,10.0,5.0,3,10.0,5.0,0.0309009863036736,0.009031467601619343,0.0030900986303673598,0.0018062935203238685,0.04053917011800311,0.011030105185046237,0.0040539170118003105,0.0022060210370092475,0.03918338097161792,0.010619205930207242,0.003918338097161792,0.0021238411860414483,0.022052054298326573,0.005747013437755263,0.0022052054298326573,0.0011494026875510527
1174,0.02,0.0,20.0,2.0,0,20.000000000000004,2.0,0.023803420638838654,0.010514268706866465,0.0011901710319419325,0.0052571343534332324,0.05677174944753742,0.013954788062945072,0.0028385874723768703,0.006977394031472536,0.22804866591253353,0.06592583395688556,0.011402433295626674,0.03296291697844278,0.29924462339548197,0.08011143768300327,0.014962231169774095,0.040055718841501636
1174,0.02,0.0,20.0,2.0,1,19.999999999999996,2.0,0.026902965038903798,0.009078522439143115,0.0013451482519451902,0.004539261219571557,0.03953375247343529,0.011488972249494028,0.001976687623671765,0.005744486124747014,0.03421688853888868,0.010316715681562094,0.0017108444269444342,0.005158357840781047,0.026492204295599918,0.009234386106592607,0.001324610214779996,0.0046171930532963035
1174,0.02,0.0,20.0,2.0,2,19.999999999999996,1.9999999999999996,0.33111080932075887,0.11228744812820633,0.016555540466037945,0.05614372406410318,0.0505196376748361,0.015370098978470375,0.0025259818837418055,0.007685049489235189,0.6466727275878181,0.08708139753654637,0.03233363637939091,0.04354069876827319,0.3296365424748488,0.11149561405219574,0.016481827123742444,0.055747807026097884
1174,0.02,0.0,20.0,2.0,3,20.0,2.0,0.027395917184224714,0.009000649957385335,0.0013697958592112356,0.004500324978692668,0.03916334306256055,0.011334006241769572,0.0019581671531280274,0.005667003120884786,0.03552572177202894,0.01029538234185768,0.001776286088601447,0.00514769117092884,0.019118311528982915,0.005727383369247618,0.0009559155764491458,0.002863691684623809
1174,0.02,0.0,20.0,5.0,0,20.0,5.0,0.026100726024006,0.008967751234132734,0.0013050363012003,0.0017935502468265467,0.0401526880658646,0.011436887324615702,0.00200763440329323,0.0022873774649231405,0.034057345835147405,0.010223734643324899,0.0017028672917573703,0.0020447469286649796,0.02318995024478249,0.0077653496299033295,0.0011594975122391246,0.0015530699259806659
1174,0.02,0.0,20.0,5.0,1,20.0,4.999999999999999,0.026535205349130127,0.00922275220600618,0.0013267602674565063,0.0018445504412012363,0.038266043155299634,0.011964220935570286,0.0019133021577649816,0.0023928441871140576,0.034923781450748585,0.01042490172883801,0.0017461890725374292,0.002084980345767602,0.026208004553728077,0.009444474403443223,0.0013104002276864038,0.001888894880688645
1174,0.02,0.0,20.0,5.0,2,20.000000000000004,5.0,0.027547419458809605,0.009111974154417923,0.00137737097294048,0.0018223948308835846,0.0402518550175557,0.011494048497563483,0.002012592750877785,0.0022988096995126966,0.03531689692308999,0.01033893427339743,0.001765844846154499,0.0020677868546794863,0.027970798489041673,0.009688097888878665,0.0013985399244520833,0.0019376195777757329
1174,0.02,0.0,20.0,5.0,3,20.0,5.0,30.618032699175515,8.424635885148602,1.5309016349587758,1.6849271770297203,21.347111731501634,5.66208242446555,1.0673555865750817,1.13241648489311,30.20044596419384,8.43000145154176,1.510022298209692,1.686000290308352,30.615453396194727,8.427364942800548,1.5307726698097364,1.6854729885601096
1174,0.02,2.0,5.0,2.0,0,5.0,2.0,1.6580113168529167,0.6545876816326316,0.33160226337058335,0.3272938408163158,0.14269490815603564,0.05344695437412927,0.028538981631207126,0.026723477187064634,0.0342854158840329,0.010192871490654606,0.006857083176806581,0.005096435745327303,1.7234435162423822,0.6859914054736097,0.34468870324847645,0.34299570273680485
1174,0.02,2.0,5.0,2.0,1,5.0,1.9999999999999996,1.6579818648544096,0.6545902615372757,0.3315963729708819,0.3272951307686379,0.1426440780374263,0.05344259245094755,0.02852881560748526,0.02672129622547378,0.03440781165561701,0.0102074289537995,0.006881562331123402,0.005103714476899751,1.6586644567975948,0.6557989569806539,0.33173289135951894,0.327899478490327
1174,0.02,2.0,5.0,2.0,2,5.0,2.0,1.6579114166651348,0.6545762977057398,0.331582283333027,0.3272881488528699,0.1425925855642942,0.05344602894346054,0.028518517112858837,0.02672301447173027,0.03431609217736015,0.01019803689507445,0.006863218435472029,0.005099018447537225,1.6581144117518207,0.6548632767052952,0.33162288235036413,0.3274316383526476
1174,0.02,2.0,5.0,2.0,3,5.0,1.9999999999999996,1.6580021818285737,0.654583413651341,0.33160043636571473,0.32729170682567055,0.14258351557722426,0.05343651452657455,0.028516703115444852,0.026718257263287283,0.03435993019836187,0.010196227336635036,0.006871986039672375,0.005098113668317519,1.7439686142319952,0.6985160052111735,0.34879372284639903,0.3492580026055868
1174,0.02,2.0,5.0,5.0,0,5.0,5.0,1.6580178159188963,0.6545915712836162,0.33160356318377926,0.13091831425672323,0.1426411065530463,0.05344868479120652,0.02852822131060926,0.010689736958241304,0.034397244501472905,0.01020796684204943,0.006879448900294581,0.0020415933684098863,1.7235117450751944,0.6859900419208248,0.3447023490150389,0.13719800838416496
1174,0.02,2.0,5.0,5.0,1,5.000000000000002,5.0,1.6579961342867398,0.6545832050287118,0.33159922685734783,0.13091664100574235,0.14262439906138738,0.053444323053550694,0.028524879812277467,0.010688864610710138,0.034377880997289896,0.010210659394012294,0.006875576199457977,0.0020421318788024587,1.6586873846726693,0.6558229984586359,0.33173747693453376,0.13116459969172717
1174,0.02,2.0,5.0,5.0,2,5.0000000000000036,4.999999999999999,1.6579891962383122,0.6545832994066664,0.33159783924766223,0.1309166598813333,0.1426620627661109,0.053449669673354176,0.02853241255322216,0.010689933934670838,0.03427791415749753,0.010191636610599322,0.006855582831499501,0.0020383273221198646,1.6581681758819804,0.6548661947018458,0.3316336351763958,0.1309732389403692
1174,0.02,2.0,5.0,5.0,3,5.0,4.999999999999999,1.6578393634493642,0.6545172154838899,0.33156787268987287,0.13090344309677798,0.1436360176298201,0.05342391707387944,0.02872720352596402,0.010684783414775889,0.03474135158974092,0.010306850851197513,0.006948270317948184,0.002061370170239503,1.7437550468892444,0.6984341440914118,0.34875100937784886,0.13968682881828237
1174,0.02,2.0,10.0,2.0,0,10.000000000000002,1.9999999999999996,1.657966033232642,0.6545716776955541,0.16579660332326418,0.3272858388477771,0.14268378978481983,0.05344584549719057,0.01426837897848198,0.026722922748595293,0.034390188155625154,0.010216349411586972,0.003439018815562515,0.005108174705793487,1.7235095950213946,0.6859905861814232,0.1723509595021394,0.34299529309071164
1174,0.02,2.0,10.0,2.0,1,10.000000000000002,2.0000000000000004,1.6579856881559893,0.6545718119697935,0.1657985688155989,0.3272859059848967,0.14244991248974218,0.05342357326894189,0.014244991248974215,0.02671178663447094,0.033959675398937475,0.010174755847026536,0.003395967539893747,0.005087377923513267,1.6587261733287493,0.6557985051698784,0.1658726173328749,0.3278992525849391
1174,0.02,2.0,10.0,2.0,2,10.000000000000002,2.0,1.6579087412859634,0.6545712926200118,0.1657908741285963,0.3272856463100059,0.14272062710415093,0.053451341395049534,0.01427206271041509,0.026725670697524767,0.034391006977240623,0.010205728131820933,0.0034391006977240617,0.005102864065910467,1.6582011809417883,0.6548662000358192,0.1658201180941788,0.3274331000179096
1174,0.02,2.0,10.0,2.0,3,10.000000000000002,2.0,1.6579376321782966,0.6545810306536405,0.16579376321782963,0.32729051532682024,0.1427067699247803,0.053459032233131025,0.014270676992478026,0.026729516116565512,0.03440207871514055,0.010201659403360807,0.003440207871514054,0.005100829701680403,1.7439787357606635,0.6985134834810457,0.17439787357606631,0.34925674174052285
1174,0.02,2.0,10.0,5.0,0,10.0,5.0,1.657921182395724,0.6545907869155397,0.1657921182395724,0.13091815738310794,0.14261438201052787,0.05345709986027367,0.014261438201052787,0.010691419972054734,0.03431183519435785,0.010190006705610547,0.0034311835194357847,0.0020380013411221095,1.7234380056017526,0.685986837095956,0.17234380056017526,0.1371973674191912
1174,0.02,2.0,10.0,5.0,1,10.0,5.000000000000002,1.65796978188739,0.6545877800991936,0.165796978188739,0.13091755601983868,0.14258739546311427,0.053445464342005054,0.014258739546311428,0.010689092868401006,0.034384191252520596,0.01020488691274861,0.0034384191252520594,0.0020409773825497213,1.6587098867659196,0.6558256069926978,0.16587098867659195,0.1311651213985395
1174,0.02,2.0,10.0,5.0,2,10.0,5.0,1.657967150367433,0.6546047646453701,0.1657967150367433,0.13092095292907402,0.14247266376948445,0.05339198754748567,0.014247266376948444,0.010678397509497135,0.03398146811715777,0.01019368783697217,0.003398146811715777,0.002038737567394434,1.6581021465921544,0.6548688953953801,0.16581021465921544,0.130973779079076
1174,0.02,2.0,10.0,5.0,3,10.000000000000004,5.0,1.6579583555477113,0.6545793519954131,0.16579583555477106,0.13091587039908262,0.14262656383978556,0.05343653803248122,0.01426265638397855,0.010687307606496244,0.03417410345797198,0.010150547673763532,0.0034174103457971965,0.0020301095347527065,1.743947402707879,0.6985074792856389,0.17439474027078783,0.1397014958571278
1174,0.02,2.0,20.0,2.0,0,19.999999999999996,2.0,1.655324918964664,0.6536007546379207,0.08276624594823322,0.32680037731896033,0.1544955243645339,0.05443999379986302,0.007724776218226696,0.02721999689993151,0.05386659032837132,0.012955477625548904,0.0026933295164185667,0.006477738812774452,1.7232311874542539,0.6848837530424499,0.0861615593727127,0.34244187652122493
1174,0.02,2.0,20.0,2.0,1,20.0,1.9999999999999996,1.8395497082366534,0.703021493773384,0.09197748541183268,0.35151074688669204,0.16129395935637084,0.05943121469450382,0.008064697967818541,0.029715607347251916,0.2188075250945098,0.07590709718480759,0.010940376254725489,0.0379535485924038,1.8391600271511959,0.7032841437541133,0.0919580013575598,0.3516420718770567
1174,0.02,2.0,20.0,2.0,2,20.0,1.9999999999999996,1.6579077096399686,0.6546092797693532,0.08289538548199843,0.3273046398846767,0.1426279331217236,0.05347141825531442,0.007131396656086179,0.026735709127657218,0.03431755155595248,0.010197617993111167,0.001715877577797624,0.005098808996555584,1.6581159260228562,0.654870286351608,0.08290579630114281,0.3274351431758041
1174,0.02,2.0,20.0,2.0,3,19.999999999999996,2.0,1.6542342977763462,0.6323963304980889,0.08271171488881733,0.3161981652490444,0.17942765472339273,0.06125821004895149,0.008971382736169637,0.030629105024475745,0.2856318813450945,0.07873187177487037,0.014281594067254726,0.039365935887435186,1.7468933188550007,0.6786286808535277,0.08734466594275005,0.33931434042676384
1174,0.02,2.0,20.0,5.0,0,19.999999999999996,4.999999999999999,1.6546072680481307,0.6544640169269965,0.08273036340240655,0.13089280338539933,0.14097457701853153,0.05343696475685849,0.007048728850926577,0.010687392951371699,0.04786578742754594,0.013509751806381884,0.0023932893713772977,0.002701950361276377,1.7198325976305282,0.6856054332571387,0.08599162988152642,0.13712108665142778
1174,0.02,2.0,20.0,5.0,1,20.000000000000004,4.999999999999999,1.6579427304354872,0.654598999605012,0.08289713652177434,0.13091979992100242,0.14289029815510265,0.05351214752469543,0.007144514907755132,0.010702429504939088,0.033984478730652544,0.01014408021037933,0.001699223936532627,0.0020288160420758664,1.6586590707017896,0.6558218638326434,0.08293295353508946,0.1311643727665287
1174,0.02,2.0,20.0,5.0,2,20.0,5.0,1.658332387122367,0.6547634455020265,0.08291661935611835,0.1309526891004053,0.141877398763916,0.05304690410941537,0.0070938699381958,0.010609380821883074,0.0377185161711666,0.010568895521980879,0.0018859258085583302,0.002113779104396176,1.658450554528781,0.6550422523854618,0.08292252772643906,0.13100845047709236
1174,0.02,2.0,20.0,5.0,3,20.0,4.999999999999999,1.669001932642675,0.652857431411916,0.08345009663213375,0.13057148628238321,0.12643867882240026,0.04913972829772061,0.006321933941120013,0.009827945659544124,0.03002319590269015,0.008333450346076587,0.0015011597951345075,0.0016666900692153177,1.7572286028193476,0.6978144154510725,0.08786143014096738,0.13956288309021453
1174,0.02,5.0,5.0,2.0,0,5.000000000000001,2.0,0.8191251580726651,0.3227414980820543,0.163825031614533,0.16137074904102716,0.0792243561403629,0.02277432166312052,0.015844871228072578,0.01138716083156026,0.03441077248167577,0.0102044386105089,0.006882154496335152,0.00510221930525445,0.7448073643587719,0.30481187652025477,0.14896147287175435,0.15240593826012738
1174,0.02,5.0,5.0,2.0,1,5.000000000000001,2.0,0.8191276946580902,0.3227393507015815,0.16382553893161803,0.16136967535079075,0.07917008584984851,0.022765154444820163,0.0158340171699697,0.011382577222410081,0.03438531093884701,0.010201283669206059,0.0068770621877694005,0.005100641834603029,0.8242425642573229,0.33522841841954765,0.16484851285146454,0.16761420920977382
1174,0.02,5.0,5.0,2.0,2,5.0,1.9999999999999996,0.819116090397749,0.32274392439841326,0.1638232180795498,0.16137196219920666,0.07915242180358768,0.02275098319806176,0.015830484360717538,0.011375491599030882,0.034424376185873455,0.010200085230699733,0.006884875237174691,0.005100042615349867,0.8264658716256864,0.332031332199053,0.1652931743251373,0.16601566609952653
1174,0.02,5.0,5.0,2.0,3,5.000000000000001,2.0,0.8190502672460205,0.3227222135013414,0.16381005344920407,0.1613611067506707,0.07922347583212966,0.022772791633475977,0.015844695166425928,0.011386395816737989,0.0342486421762436,0.010175127195621067,0.006849728435248718,0.0050875635978105335,0.7784097476819165,0.3127544581884097,0.15568194953638329,0.15637722909420484
1174,0.02,5.0,5.0,5.0,0,5.000000000000001,4.999999999999999,0.8190808074351271,0.3227393677386057,0.1638161614870254,0.06454787354772115,0.07917902489137774,0.022766863885870077,0.015835804978275546,0.004553372777174016,0.034368037154829854,0.010203837165972415,0.00687360743096597,0.0020407674331944835,0.7447387760190174,0.30480132841998725,0.14894775520380346,0.06096026568399746
1174,0.02,5.0,5.0,5.0,1,4.999999999999998,4.999999999999999,0.8191564984044515,0.32273914078868676,0.16383129968089036,0.06454782815773737,0.07927265798169739,0.02276895357889897,0.015854531596339483,0.004553790715779794,0.034360642125532116,0.01019851599044612,0.006872128425106426,0.002039703198089224,0.824193083349729,0.3352083829614968,0.16483861666994584,0.06704167659229937
1174,0.02,5.0,5.0,5.0,2,5.0,4.999999999999999,0.819072059785208,0.3227389568263429,0.1638144119570416,0.06454779136526859,0.07909753165048306,0.022739448585582543,0.01581950633009661,0.00454788971711651,0.03461732450082713,0.010176946127731418,0.0069234649001654255,0.002035389225546284,0.8263731248105559,0.33202713437252007,0.16527462496211118,0.06640542687450403
1174,0.02,5.0,5.0,5.0,3,5.0,4.999999999999998,0.8196693846351029,0.32269438007584567,0.16393387692702058,0.06453887601516915,0.08043042599691368,0.022922707272823736,0.016086085199382736,0.004584541454564749,0.0331039567290303,0.010069051662589508,0.00662079134580606,0.0020138103325179025,0.7789279075532565,0.3127072425512963,0.1557855815106513,0.06254144851025928
1174,0.02,5.0,10.0,2.0,0,9.999999999999998,2.0,0.8192349717391066,0.3227409306476015,0.08192349717391068,0.16137046532380075,0.07905167278429366,0.022741121817477603,0.007905167278429368,0.011370560908738801,0.033869860940898056,0.010138084855146378,0.003386986094089806,0.005069042427573189,0.7447420491547575,0.3047884465786728,0.07447420491547577,0.1523942232893364
1174,0.02,5.0,10.0,2.0,1,10.0,2.0,0.8190456259268394,0.32273647307816256,0.08190456259268394,0.16136823653908128,0.07924679078704809,0.022760124737879864,0.007924679078704809,0.011380062368939932,0.03435599969153384,0.010198229764351589,0.0034355999691533844,0.005099114882175794,0.8241092464388459,0.33521312548647375,0.08241092464388458,0.16760656274323688
1174,0.02,5.0,10.0,2.0,2,10.000000000000002,1.9999999999999996,0.8191456618192657,0.3227369506128327,0.08191456618192657,0.16136847530641638,0.0793162005670432,0.0227686127129451,0.007931620056704319,0.011384306356472551,0.03444234999141639,0.010222823844023654,0.0034442349991416384,0.005111411922011828,0.8265010211711837,0.3320323779704492,0.08265010211711836,0.16601618898522463
1174,0.02,5.0,10.0,2.0,3,10.0,1.9999999999999996,0.8190525981458178,0.3227226378313805,0.08190525981458177,0.16136131891569028,0.07914734422048332,0.02276370288172008,0.007914734422048332,0.011381851440860041,0.03429029434671054,0.010193089029038364,0.003429029434671054,0.005096544514519183,0.7783736985154591,0.3127486781882044,0.0778373698515459,0.15637433909410223
1174,0.02,5.0,10.0,5.0,0,10.0,4.999999999999999,0.8193095620484947,0.3228267134724811,0.08193095620484947,0.06456534269449624,0.08230869880119158,0.02329650115223888,0.008230869880119158,0.004659300230447776,0.03318519933027298,0.01004047055344385,0.003318519933027298,0.0020080941106887704,0.7449115547521029,0.30487714831892215,0.07449115547521029,0.06097542966378444
1174,0.02,5.0,10.0,5.0,1,10.0,5.0,0.8191923463884627,0.32273217253995384,0.08191923463884627,0.06454643450799077,0.07885517642794906,0.02276834172332716,0.007885517642794906,0.004553668344665432,0.03450659991822426,0.0102278328167408,0.003450659991822426,0.0020455665633481598,0.8242395955693883,0.33521168744905516,0.08242395955693883,0.06704233748981103
1174,0.02,5.0,10.0,5.0,2,9.999999999999998,5.0,0.8173574008700304,0.32267380019579855,0.08173574008700306,0.06453476003915971,0.08334643570601373,0.023455390387784568,0.008334643570601374,0.004691078077556914,0.03374554410237581,0.010231639307358112,0.003374554410237582,0.0020463278614716225,0.8247468273991696,0.33197091698859693,0.08247468273991697,0.06639418339771938
1174,0.02,5.0,10.0,5.0,3,10.0,4.999999999999998,0.8191335381356646,0.3227418997829609,0.08191335381356646,0.06454837995659221,0.0792665604527817,0.022763363570066274,0.00792665604527817,0.004552672714013256,0.03433263235122578,0.010194855375911215,0.003433263235122578,0.0020389710751822438,0.7783512587389129,0.31274645553345537,0.07783512587389128,0.0625492911066911
1174,0.02,5.0,20.0,2.0,0,20.000000000000004,2.0,0.8192453074162442,0.3228059170326964,0.040962265370812205,0.1614029585163482,0.08002176055029646,0.022840289533378532,0.004001088027514822,0.011420144766689266,0.03123862145382708,0.009488796279456747,0.0015619310726913537,0.004744398139728373,0.7448902882953015,0.3048554490149337,0.03724451441476507,0.15242772450746686
1174,0.02,5.0,20.0,2.0,1,20.0,1.9999999999999996,0.8190739777232859,0.32271797383885115,0.0409536988861643,0.1613589869194256,0.07936358545726681,0.02281197833603584,0.00396817927286334,0.011405989168017923,0.03447074436951161,0.010220600745874041,0.0017235372184755808,0.0051103003729370215,0.8242107235616345,0.3352062430630458,0.04121053617808172,0.16760312153152293
1174,0.02,5.0,20.0,2.0,2,20.0,1.9999999999999996,0.8192917504577777,0.32268048644241937,0.04096458752288888,0.1613402432212097,0.07956189407531347,0.022773918468000306,0.003978094703765674,0.011386959234000155,0.033530190563242405,0.010011694472615141,0.0016765095281621202,0.0050058472363075715,0.8267127095091438,0.3319756899415235,0.04133563547545719,0.16598784497076177
1174,0.02,5.0,20.0,2.0,3,20.0,2.0,0.7988012415016275,0.3163420969769648,0.03994006207508137,0.1581710484884824,0.11568255637096121,0.031026357091456336,0.005784127818548061,0.015513178545728168,0.0772819236693506,0.020766415275837734,0.0038640961834675303,0.010383207637918867,0.7564200621041495,0.306438639911735,0.037821003105207474,0.1532193199558675
1174,0.02,5.0,20.0,5.0,0,20.0,5.0,0.8391201031787252,0.29415506467960606,0.04195600515893626,0.05883101293592121,0.058474650343147194,0.021832933314800053,0.0029237325171573595,0.00436658666296001,0.19160353419013318,0.035557434656647666,0.00958017670950666,0.007111486931329533,0.7732751994833074,0.27555199262709795,0.038663759974165365,0.05511039852541959
1174,0.02,5.0,20.0,5.0,1,19.999999999999996,4.999999999999998,0.8269991191419803,0.33048010202008576,0.041349955957099026,0.06609602040401717,0.1325799142592108,0.03471823374240657,0.006628995712960542,0.006943646748481316,0.053574771611255345,0.01573939237202956,0.0026787385805627675,0.003147878474405913,0.8317730841798763,0.3428757312657313,0.04158865420899382,0.06857514625314629
1174,0.02,5.0,20.0,5.0,2,20.0,4.999999999999998,0.8128322258736839,0.3208389686518073,0.040641611293684196,0.06416779373036148,0.08740168080998797,0.02556202055563128,0.004370084040499399,0.005112404111126258,0.08212300331547227,0.02177479918501438,0.004106150165773614,0.004354959837002878,0.8184645887416391,0.32955947097361565,0.04092322943708195,0.06591189419472315
1174,0.02,5.0,20.0,5.0,3,20.000000000000004,4.999999999999999,7.50758151717277,2.2374371254636913,0.3753790758586384,0.44748742509273837,0.30167538875127914,0.09623705864625554,0.015083769437563954,0.01924741172925111,4.7984559164618865,1.1823492287250525,0.23992279582309428,0.23646984574501057,7.563349802478424,2.2898073164566104,0.37816749012392115,0.45796146329132215
1174,0.02,10.0,5.0,2.0,0,5.0,2.0,1.4303491723981399,0.5304220832263437,0.28606983447962797,0.2652110416131718,0.10664546646500847,0.029142787984415695,0.021329093293001693,0.014571393992207847,0.03431224437247544,0.010198343107708228,0.006862448874495088,0.005099171553854114,1.537923951794033,0.5766959700033427,0.3075847903588066,0.28834798500167136
1174,0.02,10.0,5.0,2.0,1,5.0,1.9999999999999996,1.4304196982009751,0.5304136376899837,0.286083939640195,0.2652068188449919,0.10668230355439012,0.029144914338793324,0.021336460710878025,0.014572457169396666,0.034597207285399265,0.010238946612792104,0.006919441457079853,0.005119473306396053,1.433909313145831,0.5332605117878646,0.28678186262916616,0.26663025589393236
1174,0.02,10.0,5.0,2.0,2,5.0,2.0,1.4303668627048836,0.530421039229056,0.2860733725409767,0.265210519614528,0.10657455192362734,0.0291367589791013,0.02131491038472547,0.01456837948955065,0.03432052529709398,0.010184922190366853,0.006864105059418796,0.005092461095183427,1.4304781601305487,0.5304461455816539,0.28609563202610977,0.26522307279082696
1174,0.02,10.0,5.0,2.0,3,4.999999999999998,2.0,1.4303960010523495,0.5304128673517585,0.28607920021047,0.26520643367587926,0.10653104519051937,0.0291428283014784,0.02130620903810388,0.0145714141507392,0.03444093937725799,0.010209200039524408,0.006888187875451601,0.005104600019762204,1.537058587715263,0.5806143140328084,0.3074117175430527,0.2903071570164042
1174,0.02,10.0,5.0,5.0,0,5.000000000000001,5.0,1.4304512825605755,0.5304001251529288,0.28609025651211506,0.10608002503058575,0.10651865118737713,0.02911059336034418,0.021303730237475425,0.005822118672068836,0.03446435161316065,0.010214093490977516,0.006892870322632129,0.002042818698195503,1.5379882585550104,0.5766848031740094,0.307597651711002,0.11533696063480188
1174,0.02,10.0,5.0,5.0,1,5.0,5.0,1.43041547015916,0.5304084459719945,0.286083094031832,0.1060816891943989,0.10664349246183752,0.02914448998869335,0.021328698492367505,0.00582889799773867,0.03439581998266066,0.010216971393034048,0.006879163996532133,0.0020433942786068095,1.4338403181247659,0.5332603375098287,0.28676806362495316,0.10665206750196574
1174,0.02,10.0,5.0,5.0,2,5.0,4.999999999999998,1.4303736737553856,0.5304060444494779,0.28607473475107714,0.10608120888989563,0.10654197482129092,0.02912803893832645,0.021308394964258185,0.005825607787665292,0.034227622364069794,0.010173112434876156,0.0068455244728139585,0.0020346224869752317,1.4305013067381511,0.530451307164421,0.2861002613476302,0.10609026143288425
1174,0.02,10.0,5.0,5.0,3,5.0,4.999999999999999,1.4302433349049428,0.5303744573845514,0.2860486669809886,0.1060748914769103,0.10722027292871736,0.029201799594817345,0.02144405458574347,0.00584035991896347,0.033599049980692984,0.010053652340224397,0.006719809996138597,0.00201073046804488,1.53701719166329,0.580598323928727,0.307403438332658,0.11611966478574542
1174,0.02,10.0,10.0,2.0,0,10.0,2.0,1.4303768350577102,0.5304086051421331,0.143037683505771,0.26520430257106653,0.10652443286538854,0.02913090626478815,0.010652443286538854,0.014565453132394076,0.034335306918301944,0.010176266980950525,0.0034335306918301944,0.005088133490475263,1.5378500643668693,0.5766871210561173,0.15378500643668694,0.28834356052805865
1174,0.02,10.0,10.0,2.0,1,10.0,1.9999999999999996,1.4304040056703367,0.5304062990890537,0.14304040056703365,0.2652031495445269,0.10652268722944672,0.029123173170731147,0.010652268722944672,0.014561586585365577,0.034382848075750275,0.010222065743337986,0.0034382848075750275,0.005111032871668994,1.4339108712726412,0.5332696619423695,0.14339108712726412,0.2666348309711848
1174,0.02,10.0,10.0,2.0,2,10.0,2.0000000000000004,1.4303883409671503,0.5304109449489297,0.14303883409671503,0.2652054724744648,0.10658696762393473,0.029140601031942215,0.010658696762393473,0.014570300515971104,0.03430979391322557,0.010187327478406427,0.003430979391322557,0.0050936637392032125,1.4304986899221528,0.5304424207632376,0.14304986899221528,0.2652212103816187
1174,0.02,10.0,10.0,2.0,3,9.999999999999998,2.0,1.4304773221345801,0.5304020314494134,0.14304773221345804,0.2652010157247067,0.10673371645094956,0.029134176361092168,0.010673371645094958,0.014567088180546084,0.034358100132429396,0.010197370432033321,0.0034358100132429402,0.005098685216016661,1.5371392875343102,0.5806037755522779,0.15371392875343104,0.29030188777613897
1174,0.02,10.0,10.0,5.0,0,10.0,4.999999999999999,1.430402234584221,0.5304107874866404,0.1430402234584221,0.10608215749732809,0.10653818263324064,0.029120012511228466,0.010653818263324063,0.005824002502245695,0.03443274643716498,0.010206039391450305,0.0034432746437164977,0.002041207878290061,1.5379962350234577,0.5766941036710472,0.15379962350234577,0.11533882073420947
1174,0.02,10.0,10.0,5.0,1,9.999999999999998,4.999999999999999,1.4303545770064918,0.5304162224915299,0.1430354577006492,0.10608324449830599,0.10648541028540985,0.029123396440312938,0.010648541028540986,0.005824679288062589,0.03434550039294308,0.010187122983175218,0.003434550039294309,0.002037424596635044,1.4339070259038935,0.5332595905000247,0.14339070259038939,0.10665191810000496
1174,0.02,10.0,10.0,5.0,2,10.0,4.999999999999998,1.4304510662123435,0.5304256783853445,0.14304510662123435,0.10608513567706894,0.10652417992221214,0.029102899524949183,0.010652417992221214,0.0058205799049898385,0.034402707486761615,0.010204563854981126,0.0034402707486761615,0.002040912770996226,1.4304900023817613,0.5304397728973066,0.14304900023817613,0.10608795457946135
1174,0.02,10.0,10.0,5.0,3,9.999999999999996,4.999999999999999,1.4304610849344557,0.5304172179184201,0.14304610849344562,0.10608344358368405,0.10653364366377491,0.029122811271835542,0.010653364366377495,0.005824562254367109,0.034361216395899334,0.010194464994084987,0.0034361216395899347,0.0020388929988169975,1.5371856498412135,0.5806298611261237,0.1537185649841214,0.11612597222522476
1174,0.02,10.0,20.0,2.0,0,20.0,2.0,1.430403597832181,0.5304075666194412,0.07152017989160905,0.2652037833097206,0.10624391308487788,0.029067691293233708,0.005312195654243894,0.014533845646616854,0.03405209086746737,0.010142437748950251,0.0017026045433733684,0.005071218874475126,1.5379587021574659,0.5766914007817573,0.0768979351078733,0.28834570039087865
1174,0.02,10.0,20.0,2.0,1,19.999999999999996,2.0,1.089503918043152,0.38302720800045176,0.05447519590215761,0.19151360400022588,0.1400204139141118,0.03407935570859677,0.007001020695705591,0.017039677854298385,0.0757648335387486,0.019802182706313103,0.003788241676937431,0.009901091353156552,1.094312794835355,0.38660829448875333,0.05471563974176776,0.19330414724437667
1174,0.02,10.0,20.0,2.0,2,20.000000000000004,2.0,1.4304038113843045,0.5304255852012125,0.07152019056921521,0.26521279260060626,0.10645280106014597,0.029118684798230328,0.005322640053007297,0.014559342399115164,0.03454681608258484,0.01021364297525941,0.0017273408041292419,0.005106821487629705,1.430426532340836,0.5304354837445874,0.07152132661704179,0.2652177418722937
1174,0.02,10.0,20.0,2.0,3,19.999999999999996,1.9999999999999996,11.349911785153004,3.1222316724068624,0.5674955892576503,1.5611158362034316,0.5862214505318537,0.16430511193519393,0.02931107252659269,0.08215255596759698,5.088610461433429,1.1595532023518753,0.2544305230716715,0.5797766011759378,11.41278616254987,3.1041283723262,0.5706393081274935,1.5520641861631004
1174,0.02,10.0,20.0,5.0,0,20.0,5.0,1.4307502787448754,0.5303690108023134,0.07153751393724377,0.10607380216046267,0.10693564082761724,0.02913426523196717,0.005346782041380862,0.005826853046393434,0.034029618492259675,0.010142065832375242,0.0017014809246129838,0.0020284131664750483,1.5382316492636432,0.5767116267688006,0.07691158246318217,0.11534232535376013
1174,0.02,10.0,20.0,5.0,1,20.000000000000004,5.0,1.4304172625490603,0.5304128164044773,0.071520863127453,0.10608256328089546,0.10653980835005102,0.02911595108205212,0.00532699041750255,0.005823190216410424,0.034381485050361114,0.010192870225356927,0.0017190742525180554,0.0020385740450713855,1.433860605261948,0.5332540406236372,0.07169303026309738,0.10665080812472745
1174,0.02,10.0,20.0,5.0,2,20.0,4.999999999999999,1.4303029382746584,0.5305435004828831,0.07151514691373292,0.10610870009657665,0.10673457983921295,0.02914263272627749,0.005336728991960647,0.005828526545255499,0.03485806073413784,0.010215774532566321,0.001742903036706892,0.0020431549065132648,1.4304121872218272,0.5305778259489513,0.07152060936109136,0.10611556518979028
1174,0.02,10.0,20.0,5.0,3,19.999999999999996,5.0,20.876831750399347,5.898015614360256,1.0438415875199676,1.1796031228720512,16.21349749731528,4.275609329386037,0.8106748748657642,0.8551218658772074,20.621520864363198,5.808401219249521,1.03107604321816,1.161680243849904,20.977232462269072,5.978637645216503,1.0488616231134538,1.1957275290433007
1174,0.05,0.0,5.0,2.0,0,5.0,1.9999999999999996,0.02655667313092477,0.008977808437130334,0.005311334626184954,0.004488904218565168,0.03893579167780705,0.0113147486406924,0.00778715833556141,0.005657374320346201,0.029303010382167836,0.01275986364743282,0.005860602076433567,0.006379931823716412,0.02658818532186803,0.00890336105482682,0.0053176370643736055,0.004451680527413411
1174,0.05,0.0,5.0,2.0,1,5.000000000000001,1.9999999999999996,0.026629184374762676,0.008980898841570715,0.0053258368749525345,0.0044904494207853585,0.03894963882597944,0.011316531326076079,0.007789927765195886,0.00565826566303804,0.029361498667753363,0.012776158748657144,0.005872299733550672,0.006388079374328574,0.02596885309401653,0.009290314073333954,0.005193770618803305,0.004645157036666978
1174,0.05,0.0,5.0,2.0,2,5.0,1.9999999999999996,0.026704367956926416,0.008997708596584953,0.005340873591385283,0.004498854298292478,0.03898135268418257,0.01133213767647949,0.007796270536836514,0.005666068838239746,0.0292775193522559,0.012756833195579215,0.00585550387045118,0.006378416597789609,0.030986994254926774,0.010619008519003999,0.006197398850985355,0.005309504259502
1174,0.05,0.0,5.0,2.0,3,5.0,2.0,0.0266136241741119,0.00899087242040648,0.0053227248348223805,0.00449543621020324,0.038911987628694696,0.01132532467709895,0.007782397525738939,0.005662662338549475,0.02927761723265441,0.01275460789757795,0.005855523446530881,0.006377303948788975,0.023802945912073954,0.007795151258084724,0.004760589182414791,0.003897575629042362
1174,0.05,0.0,5.0,5.0,0,5.0,5.0,0.026586540931167205,0.008966440093344467,0.005317308186233441,0.0017932880186688933,0.03895908220321607,0.011325028046138497,0.007791816440643214,0.002265005609227699,0.029212894570515114,0.012731049214366632,0.005842578914103023,0.0025462098428733265,0.026621111548646992,0.008901541103810149,0.005324222309729398,0.0017803082207620297
1174,0.05,0.0,5.0,5.0,1,5.000000000000001,5.0,0.026535989235889477,0.008966542476142474,0.005307197847177894,0.0017933084952284947,0.03890448024059989,0.0112947462730033,0.0077808960481199774,0.00225894925460066,0.02922849826112581,0.01274719555445553,0.005845699652225161,0.002549439110891106,0.02594238736822355,0.00930070770032144,0.005188477473644709,0.001860141540064288
1174,0.05,0.0,5.0,5.0,2,5.0,4.999999999999999,0.026657690098040778,0.00900264861710724,0.005331538019608156,0.0018005297234214483,0.03885010859523485,0.011289712078561522,0.00777002171904697,0.002257942415712305,0.02936636516501422,0.01276168053367421,0.0058732730330028435,0.0025523361067348424,0.030956976249248595,0.010622234684081668,0.006191395249849719,0.002124446936816334
1174,0.05,0.0,5.0,5.0,3,5.0,5.0,0.026259011555624944,0.008953704238763563,0.0052518023111249885,0.0017907408477527125,0.03875849217288291,0.011309804797655679,0.007751698434576582,0.002261960959531136,0.029028264457448525,0.012697312084438493,0.005805652891489705,0.0025394624168876986,0.023464038040828927,0.0077707068622242526,0.004692807608165785,0.0015541413724448506
1174,0.05,0.0,10.0,2.0,0,10.0,2.0,0.02655458317968864,0.009023276871445845,0.0026554583179688638,0.004511638435722922,0.038748875916961904,0.011274465205659839,0.0038748875916961903,0.0056372326028299195,0.0291651606256156,0.012750649201237292,0.00291651606256156,0.006375324600618646,0.026430306622440215,0.00889950645493785,0.0026430306622440215,0.004449753227468925
1174,0.05,0.0,10.0,2.0,1,10.0,2.0,0.026627943317062856,0.008992332359318777,0.0026627943317062857,0.004496166179659388,0.039048522774086464,0.01132972267260295,0.0039048522774086463,0.005664861336301475,0.029335339157074487,0.012770397408730507,0.0029335339157074486,0.0063851987043652535,0.025930851020170908,0.009301920519757374,0.0025930851020170907,0.004650960259878687
1174,0.05,0.0,10.0,2.0,2,10.000000000000002,1.9999999999999996,0.026650259456154745,0.00898682610893755,0.002665025945615474,0.004493413054468776,0.03908460340040779,0.011327202751308805,0.003908460340040778,0.005663601375654403,0.029342380637001376,0.012769567125368706,0.002934238063700137,0.006384783562684355,0.031109709783332624,0.010646700646254885,0.003110970978333262,0.005323350323127443
1174,0.05,0.0,10.0,2.0,3,10.0,1.9999999999999996,0.026453924736755355,0.008953184613943736,0.0026453924736755353,0.004476592306971869,0.03895136990495813,0.01131768260011509,0.003895136990495813,0.005658841300057546,0.0291992017876287,0.012738391031523856,0.00291992017876287,0.00636919551576193,0.0236526069061609,0.007775725548606641,0.00236526069061609,0.0038878627743033213
1174,0.05,0.0,10.0,5.0,0,10.0,4.999999999999999,0.026540278261676528,0.008978164876039415,0.0026540278261676527,0.0017956329752078833,0.039042806766631945,0.011344404688626367,0.0039042806766631947,0.0022688809377252738,0.029282727539902687,0.012792311530444403,0.0029282727539902687,0.002558462306088881,0.026621605964373886,0.008920955533415844,0.0026621605964373884,0.001784191106683169
1174,0.05,0.0,10.0,5.0,1,10.0,4.999999999999999,0.026727381757356478,0.009008351930225629,0.002672738175735648,0.001801670386045126,0.03889262974644194,0.01131204690457685,0.003889262974644194,0.0022624093809153704,0.0293805943788758,0.012751392867957935,0.00293805943788758,0.0025502785735915874,0.026009576382323926,0.009306756722093057,0.0026009576382323924,0.0018613513444186117
1174,0.05,0.0,10.0,5.0,2,10.0,4.999999999999999,0.02653449600928303,0.008966013459601794,0.002653449600928303,0.0017932026919203591,0.03894227181558935,0.011290756878969166,0.0038942271815589347,0.0022581513757938335,0.029194398839858034,0.012721112708761534,0.002919439883985803,0.002544222541752307,0.0308563421172574,0.010594058907078242,0.00308563421172574,0.0021188117814156487
1174,0.05,0.0,10.0,5.0,3,10.000000000000004,5.0,0.02549652740792816,0.009124391902583764,0.0025496527407928155,0.0018248783805167527,0.04670111530350594,0.012800081902699892,0.004670111530350592,0.0025600163805399785,0.029017155985306714,0.013612010541708363,0.0029017155985306704,0.0027224021083416725,0.022808160080638303,0.007899637894116874,0.0022808160080638293,0.0015799275788233747
1174,0.05,0.0,20.0,2.0,0,20.0,2.0,0.6671480655528367,0.11465281068464009,0.033357403277641834,0.057326405342320044,0.1120423447326331,0.030183387994461967,0.005602117236631655,0.015091693997230983,1.569086886336394,0.4329648499986014,0.0784543443168197,0.2164824249993007,0.1629206075359653,0.05232781379680594,0.008146030376798265,0.02616390689840297
1174,0.05,0.0,20.0,2.0,1,20.000000000000004,2.0,0.015467728991775568,0.006602225574619687,0.0007733864495887782,0.0033011127873098433,0.0321870932251891,0.009788094624891877,0.0016093546612594549,0.004894047312445938,0.02290068404220001,0.011734608429189265,0.0011450342021100002,0.005867304214594632,0.016881272916516525,0.007740045082577142,0.0008440636458258261,0.003870022541288571
1174,0.05,0.0,20.0,2.0,2,20.0,2.0,0.025890213346417182,0.008620354283939818,0.0012945106673208592,0.004310177141969909,0.038365220551694015,0.010914476245752225,0.0019182610275847007,0.005457238122876113,0.029020829004670342,0.011980125611963167,0.001451041450233517,0.0059900628059815835,0.03146117964072497,0.010657065580093935,0.0015730589820362486,0.0053285327900469675
1174,0.05,0.0,20.0,2.0,3,20.0,2.0,0.01858234624241347,0.008049949126191336,0.0009291173121206735,0.004024974563095668,0.037361953420920274,0.011100953419165083,0.0018680976710460137,0.0055504767095825415,0.02719569240155025,0.012753613802881078,0.0013597846200775125,0.006376806901440539,0.017080671133296345,0.007286227298621234,0.0008540335566648172,0.003643113649310617
1174,0.05,0.0,20.0,5.0,0,20.0,5.0,0.026874093564236628,0.009005747674003313,0.0013437046782118313,0.0018011495348006627,0.03915185932186912,0.01133738900756783,0.001957592966093456,0.002267477801513566,0.029468500409896802,0.012784859980108915,0.0014734250204948402,0.002556971996021783,0.02698797164576158,0.008977464468508433,0.001349398582288079,0.0017954928937016865
1174,0.05,0.0,20.0,5.0,1,20.000000000000004,5.0,0.03930821085127386,0.011405252841914985,0.0019654105425636927,0.002281050568382997,0.04750064747429448,0.012437749782877488,0.0023750323737147237,0.0024875499565754976,0.03998703420062236,0.013314434634705066,0.0019993517100311176,0.0026628869269410133,0.03772294465022647,0.011000331967731137,0.0018861472325113233,0.0022000663935462274
1174,0.05,0.0,20.0,5.0,2,20.0,4.999999999999999,0.024169825747689742,0.008412955459992296,0.0012084912873844872,0.0016825910919984594,0.03921273944414455,0.011342071259950723,0.0019606369722072275,0.002268414251990145,0.027618641614896498,0.012327004688796007,0.001380932080744825,0.002465400937759202,0.03087076969794988,0.01052162402927956,0.001543538484897494,0.0021043248058559122
1174,0.05,0.0,20.0,5.0,3,20.0,5.0,0.02930023685630235,0.01013150868269981,0.0014650118428151174,0.002026301736539962,0.040858779013477994,0.012798964167941677,0.0020429389506738996,0.0025597928335883355,0.034053205594675166,0.014402909809430665,0.0017026602797337582,0.002880581961886133,0.02674885519639231,0.008772586088852317,0.0013374427598196155,0.0017545172177704633
1174,0.05,2.0,5.0,2.0,0,4.999999999999997,2.0000000000000004,4.095283211775728,1.7993528091890632,0.819056642355146,0.8996764045945314,0.42597121914339503,0.17997359008145872,0.08519424382867904,0.08998679504072934,0.029294126024192912,0.012767216231039151,0.005858825204838585,0.006383608115519574,5.433477413469375,2.3759160683787974,1.0866954826938755,1.1879580341893985
1174,0.05,2.0,5.0,2.0,1,5.0,1.9999999999999996,4.0953058010977115,1.7993643560931265,0.8190611602195423,0.8996821780465635,0.4260716127145849,0.17998630775591318,0.08521432254291697,0.0899931538779566,0.02928783306808295,0.012756269053149019,0.0058575666136165905,0.006378134526574511,5.350046747512983,2.3266826986760734,1.0700093495025966,1.163341349338037
1174,0.05,2.0,5.0,2.0,2,5.0,1.9999999999999996,4.095232445394565,1.7993604958244458,0.819046489078913,0.8996802479122231,0.4260140555375469,0.17998857829098303,0.08520281110750938,0.08999428914549153,0.029278102489467512,0.012766248709830754,0.005855620497893502,0.006383124354915379,4.320812523705092,1.8943440840861312,0.8641625047410184,0.9471720420430658
1174,0.05,2.0,5.0,2.0,3,5.0,1.9999999999999996,4.095287611649124,1.799352618406095,0.8190575223298249,0.8996763092030478,0.4259859041935873,0.17996924764246588,0.08519718083871745,0.08998462382123296,0.029221909447653665,0.012735603099830881,0.005844381889530733,0.006367801549915442,4.088211651914513,1.804626169834056,0.8176423303829026,0.9023130849170282
1174,0.05,2.0,5.0,5.0,0,5.0,4.999999999999999,4.095272994365492,1.7993645545320842,0.8190545988730984,0.35987291090641693,0.42600326843581054,0.17998092741369778,0.0852006536871621,0.035996185482739564,0.02921770080877755,0.01273663148293692,0.00584354016175551,0.0025473262965873844,5.433371901621208,2.3758917625626856,1.0866743803242416,0.4751783525125372
1174,0.05,2.0,5.0,5.0,1,5.000000000000001,5.0,4.095302490479471,1.7993677539095236,0.819060498095894,0.35987355078190475,0.42595734448304917,0.17996972089755428,0.08519146889660982,0.03599394417951086,0.02929557083588651,0.01276542215060987,0.005859114167177301,0.0025530844301219742,5.35003041511673,2.326687131611836,1.0700060830233458,0.4653374263223672
1174,0.05,2.0,5.0,5.0,2,5.0,4.999999999999999,4.095332482593896,1.7993702079870102,0.8190664965187793,0.3598740415974021,0.4255823943044104,0.17992376276549557,0.08511647886088208,0.035984752553099124,0.02944243086187207,0.012768484350152718,0.005888486172374413,0.002553696870030544,4.320799928991845,1.894343137112777,0.8641599857983691,0.37886862742255545
1174,0.05,2.0,5.0,5.0,3,4.999999999999999,4.999999999999999,4.09524852428013,1.7993604230766387,0.8190497048560262,0.3598720846153278,0.4259735341888937,0.1799798308855254,0.08519470683777876,0.03599596617710509,0.029239606629429007,0.012751817612408765,0.005847921325885803,0.0025503635224817535,4.088180050843119,1.8046246901940908,0.8176360101686241,0.3609249380388182
1174,0.05,2.0,10.0,2.0,0,10.0,1.9999999999999996,4.095307595330279,1.7993621190159679,0.4095307595330279,0.8996810595079842,0.42604485544195747,0.17999273856625167,0.04260448554419575,0.08999636928312585,0.029251899711521315,0.012754859100579493,0.0029251899711521317,0.006377429550289748,5.433543024243042,2.3759174324933996,0.5433543024243042,1.1879587162467
1174,0.05,2.0,10.0,2.0,1,10.0,2.0,4.095100126135181,1.7993716375050879,0.4095100126135181,0.8996858187525439,0.42578256125726655,0.17995650090846063,0.04257825612572665,0.08997825045423032,0.02918060313829417,0.01281025681304181,0.002918060313829417,0.006405128406520905,5.3498487192695094,2.3266873801020447,0.534984871926951,1.1633436900510223
1174,0.05,2.0,10.0,2.0,2,10.000000000000002,2.0,4.095132545200012,1.7993596156206066,0.4095132545200011,0.8996798078103033,0.42570627643864495,0.17995650806723187,0.04257062764386449,0.08997825403361594,0.02913563698046202,0.012744059934126799,0.0029135636980462017,0.006372029967063399,4.32057645008519,1.8943413938257527,0.43205764500851895,0.9471706969128764
1174,0.05,2.0,10.0,2.0,3,10.000000000000002,1.9999999999999996,4.095184443292708,1.7993655723238418,0.4095184443292707,0.8996827861619211,0.42581283525261904,0.1799637124034467,0.042581283525261894,0.08998185620172336,0.029182713873133398,0.01274819296247833,0.0029182713873133394,0.006374096481239167,4.08805054314679,1.8046068224709435,0.4088050543146789,0.902303411235472
1174,0.05,2.0,10.0,5.0,0,10.0,5.000000000000002,4.095355118386947,1.7993660816120292,0.4095355118386947,0.3598732163224057,0.42610380162836636,0.17999408509773793,0.042610380162836636,0.035998817019547574,0.02942786032213846,0.012839174030052435,0.002942786032213846,0.002567834806010486,5.4336218905810965,2.375925920489004,0.5433621890581096,0.4751851840978007
1174,0.05,2.0,10.0,5.0,1,10.000000000000004,5.0,4.094983832712985,1.7993687796143023,0.40949838327129834,0.35987375592286047,0.42625854083925496,0.18008645840371776,0.04262585408392548,0.03601729168074355,0.028924213311643385,0.012625884817483937,0.0028924213311643373,0.002525176963496787,5.3498945032368495,2.3267036005302213,0.5349894503236847,0.46534072010604427
1174,0.05,2.0,10.0,5.0,2,10.0,4.999999999999998,4.094761544601637,1.7993938052387717,0.40947615446016367,0.35987876104775446,0.42543215288410413,0.17985386750114424,0.042543215288410416,0.03597077350022886,0.029032862188445516,0.012895870571662957,0.0029032862188445516,0.0025791741143325925,4.320606725921344,1.8943812204874517,0.43206067259213443,0.3788762440974905
1174,0.05,2.0,10.0,5.0,3,10.0,5.0,4.095012567687084,1.7994073081796005,0.40950125676870835,0.3598814616359201,0.4256157558735982,0.1797873254608573,0.04256157558735982,0.03595746509217146,0.02922522200043477,0.01275291599828194,0.002922522200043477,0.002550583199656388,4.0878929953152445,1.804648855406023,0.40878929953152443,0.3609297710812046
1174,0.05,2.0,20.0,2.0,0,20.0,1.9999999999999996,4.095309996355181,1.7994982362389185,0.20476549981775904,0.8997491181194595,0.4261507274660165,0.17992352021752891,0.021307536373300826,0.08996176010876447,0.028958583747077844,0.012494041575081324,0.001447929187353892,0.006247020787540664,5.434083108422654,2.3762108132408923,0.2717041554211327,1.1881054066204464
1174,0.05,2.0,20.0,2.0,1,20.000000000000004,2.0,4.1108781701455595,1.7853889353881793,0.20554390850727794,0.8926944676940897,0.4737970134415409,0.19298435348407864,0.02368985067207704,0.09649217674203932,0.1867862902734555,0.017545360907879223,0.009339314513672774,0.008772680453939611,5.317867086780926,2.2964134765767623,0.26589335433904626,1.1482067382883812
1174,0.05,2.0,20.0,2.0,2,19.999999999999996,1.9999999999999991,5.073799200147888,2.1897953014588554,0.2536899600073944,1.0948976507294281,0.4505672778851583,0.16336962210896278,0.02252836389425792,0.08168481105448143,0.2147507886047141,0.08988545122015228,0.010737539430235707,0.04494272561007616,6.297232475371141,2.7037286439202,0.3148616237685571,1.3518643219601008
1174,0.05,2.0,20.0,2.0,3,20.0,2.0,5.887458575798892,1.9655832562354902,0.2943729287899446,0.9827916281177451,0.7198488498671703,0.2790768261900925,0.03599244249335852,0.13953841309504625,1.544527987018416,0.17278542423120358,0.07722639935092081,0.08639271211560179,6.0127724045960536,1.9550909366397458,0.3006386202298027,0.9775454683198729
1174,0.05,2.0,20.0,5.0,0,20.000000000000004,5.000000000000001,4.092881861734334,1.7991299430494065,0.20464409308671666,0.35982598860988124,0.4209000610494112,0.17921900037883504,0.021045003052470555,0.035843800075767,0.03181777543866812,0.013705157377670746,0.0015908887719334058,0.0027410314755341486,5.429341561222496,2.375204178340272,0.27146707806112474,0.47504083566805433
1174,0.05,2.0,20.0,5.0,1,20.0,4.999999999999999,29.7634446467955,9.473301885336227,1.488172232339775,1.8946603770672457,26.855506541413533,7.993343741289455,1.3427753270706766,1.5986687482578912,26.43329034683338,7.91045099224837,1.321664517341669,1.5820901984496742,30.317019355754343,9.763497037090687,1.5158509677877172,1.9526994074181379
1174,0.05,2.0,20.0,5.0,2,20.0,5.0,4.095181967129007,1.7993870030492214,0.20475909835645037,0.3598774006098443,0.4265337635357414,0.18002275739783577,0.02132668817678707,0.03600455147956715,0.029177472814156256,0.012605341338466405,0.0014588736407078128,0.002521068267693281,4.320712449440471,1.8943536299574766,0.21603562247202354,0.3788707259914953
1174,0.05,2.0,20.0,5.0,3,20.0,5.0,14.093172213137708,1.9335595219300903,0.7046586106568854,0.38671190438601805,5.703974690952397,0.6648361498061963,0.28519873454761985,0.13296722996123927,11.715782019482912,1.4758258745655652,0.5857891009741456,0.29516517491311306,14.40774082590326,1.9293344809315178,0.7203870412951631,0.38586689618630354
1174,0.05,5.0,5.0,2.0,0,5.0,1.9999999999999996,5.238102685783729,2.825478783830869,1.0476205371567457,1.4127393919154347,0.25328025930999826,0.12747643463996752,0.05065605186199965,0.06373821731998378,0.029225478140933358,0.012734557756865009,0.005845095628186672,0.006367278878432506,6.017223744701685,3.4532267144017514,1.203444748940337,1.7266133572008762
1174,0.05,5.0,5.0,2.0,1,5.0,2.0,5.248221708647285,2.83151705057419,1.049644341729457,1.415758525287095,0.2534102853284132,0.12750304223380027,0.05068205706568264,0.06375152111690013,0.029324467168642808,0.012765387110524459,0.005864893433728561,0.0063826935552622295,6.095167351399045,3.5697761392201754,1.219033470279809,1.7848880696100877
1174,0.05,5.0,5.0,2.0,2,4.999999999999999,1.9999999999999996,5.263543657453211,2.840667448854576,1.0527087314906425,1.4203337244272882,0.25344114761775965,0.12751628837829523,0.05068822952355194,0.06375814418914763,0.029316253850533543,0.012760688984819928,0.00586325077010671,0.006380344492409966,5.500109919427783,2.997829036128303,1.1000219838855567,1.4989145180641517
1174,0.05,5.0,5.0,2.0,3,5.0,1.9999999999999996,5.240530844461752,2.826927352940547,1.0481061688923503,1.4134636764702737,0.2533336350029635,0.12748951394809718,0.0506667270005927,0.0637447569740486,0.029280495949300222,0.012745387303308627,0.005856099189860044,0.006372693651654315,5.286856759022893,2.85905887979013,1.0573713518045786,1.4295294398950653
1174,0.05,5.0,5.0,5.0,0,5.0,5.0,5.238987671941516,2.826004090168963,1.047797534388303,0.5652008180337926,0.25341165491797196,0.12750908345457865,0.05068233098359439,0.02550181669091573,0.02922715645517734,0.012747776959289647,0.005845431291035468,0.002549555391857929,6.014213097985116,3.451379558785413,1.2028426195970232,0.6902759117570826
1174,0.05,5.0,5.0,5.0,1,5.000000000000002,4.999999999999998,5.225549436073003,2.8179462702536435,1.0451098872146,0.5635892540507289,0.2532969687709096,0.1274681104219108,0.05065939375418191,0.025493622084382172,0.029214097582929244,0.012744107712448067,0.005842819516585847,0.002548821542489614,6.045298692088282,3.5383607067524507,1.2090597384176558,0.7076721413504904
1174,0.05,5.0,5.0,5.0,2,5.0,5.0,5.211998335476005,2.8098590107055026,1.042399667095201,0.5619718021411005,0.25305591811175737,0.1274234007022294,0.05061118362235147,0.02548468014044588,0.028938103502218482,0.012610275540465257,0.005787620700443696,0.0025220551080930515,5.424979946832206,2.951760032862686,1.0849959893664411,0.5903520065725372
1174,0.05,5.0,5.0,5.0,3,5.0,5.0,5.292222258832693,2.8577566351066226,1.0584444517665386,0.5715513270213245,0.2532387866170705,0.12738872614116153,0.0506477573234141,0.025477745228232308,0.029172402275366,0.012723982957119486,0.0058344804550732,0.002544796591423897,5.345631014656261,2.8942557894119862,1.0691262029312523,0.5788511578823973
1174,0.05,5.0,10.0,2.0,0,10.0,1.9999999999999996,5.238075648745882,2.8254762220848177,0.5238075648745882,1.412738111042409,0.25328081452386947,0.12748181027762331,0.025328081452386946,0.06374090513881167,0.029284115592659053,0.01275141770021998,0.0029284115592659054,0.006375708850109992,6.016130435269569,3.4525588426748626,0.6016130435269569,1.7262794213374317
1174,0.05,5.0,10.0,2.0,1,10.0,1.9999999999999996,5.2357188718376975,2.824048290098526,0.5235718871837698,1.4120241450492632,0.2533412009883109,0.1274928937366493,0.02533412009883109,0.06374644686832466,0.029232513815108146,0.012754940767481768,0.0029232513815108147,0.006377470383740886,6.068929698576856,3.553254395608224,0.6068929698576856,1.7766271978041124
1174,0.05,5.0,10.0,2.0,2,9.999999999999998,2.0,5.22440652362026,2.817246760905668,0.5224406523620261,1.408623380452834,0.2532940356713536,0.12746668364085867,0.025329403567135367,0.06373334182042933,0.02937019881797126,0.01276374084856323,0.0029370198817971266,0.006381870424281615,5.4474361983838255,2.9655494332964523,0.5447436198383826,1.4827747166482261
1174,0.05,5.0,10.0,2.0,3,10.0,2.0,5.226734278688989,2.8186404735321133,0.5226734278688989,1.4093202367660567,0.2534207667653773,0.1275066082405361,0.025342076676537727,0.06375330412026806,0.02930282859142691,0.012754401883996083,0.002930282859142691,0.006377200941998042,5.272383465528629,2.850343164924606,0.5272383465528628,1.425171582462303
1174,0.05,5.0,10.0,5.0,0,10.000000000000002,5.0,5.14849683120578,2.7717191780228143,0.514849683120578,0.5543438356045629,0.25339150177820824,0.12737948326272774,0.02533915017782082,0.02547589665254555,0.029016158194548742,0.01273841629230139,0.0029016158194548735,0.002547683258460278,5.845992922498197,3.349092389887231,0.5845992922498195,0.6698184779774462
1174,0.05,5.0,10.0,5.0,1,10.000000000000002,5.000000000000001,5.196258767987664,2.8004600186372826,0.5196258767987663,0.5600920037274564,0.2531484862692224,0.12746753991410165,0.025314848626922234,0.025493507982820324,0.029363788144106652,0.012733881084577854,0.0029363788144106647,0.0025467762169155703,5.969378001168179,3.4906805869263877,0.5969378001168179,0.6981361173852774
1174,0.05,5.0,10.0,5.0,2,9.999999999999998,4.999999999999999,5.220362793293121,2.8148592850240757,0.5220362793293122,0.5629718570048152,0.2533344317160535,0.12747088080051458,0.025333443171605356,0.02549417616010292,0.02926028866961722,0.012749255875114838,0.0029260288669617227,0.002549851175022968,5.4396799177050905,2.9608164353409774,0.5439679917705091,0.5921632870681955
1174,0.05,5.0,10.0,5.0,3,10.0,4.999999999999999,5.22093968032174,2.8151884035825523,0.522093968032174,0.5630376807165106,0.2533283140485832,0.127470559184667,0.02533283140485832,0.0254941118369334,0.02942347553340306,0.012858220341339153,0.002942347553340306,0.002571644068267831,5.265964148282992,2.8464839354215736,0.5265964148282992,0.5692967870843149
1174,0.05,5.0,20.0,2.0,0,20.0,1.9999999999999996,5.342732126868355,2.888553042515121,0.26713660634341774,1.4442765212575608,0.2535075303635488,0.12705096633173743,0.012675376518177439,0.06352548316586873,0.0295073813276351,0.01196270806970026,0.001475369066381755,0.005981354034850132,6.110602530204215,3.51069090261256,0.3055301265102107,1.7553454513062805
1174,0.05,5.0,20.0,2.0,1,20.000000000000004,2.0,6.409317466622283,3.4037358777090576,0.3204658733311141,1.7018679388545288,0.22039972145802186,0.12806442321538064,0.01101998607290109,0.06403221160769032,0.07994961852964333,0.021806082739547494,0.003997480926482166,0.010903041369773747,7.512059830677725,4.302236105819875,0.37560299153388615,2.1511180529099376
1174,0.05,5.0,20.0,2.0,2,20.0,2.0,5.227839061876497,2.8193346960972514,0.26139195309382485,1.4096673480486257,0.25342388210781963,0.12751244761836542,0.012671194105390981,0.06375622380918271,0.02938081438044384,0.012762662586474878,0.001469040719022192,0.006381331293237439,5.445689891464763,2.964531207133851,0.27228449457323817,1.4822656035669255
1174,0.05,5.0,20.0,2.0,3,20.000000000000004,2.0,5.228220279236156,2.819490980875959,0.26141101396180777,1.4097454904379796,0.25347051570192963,0.12750853711403345,0.012673525785096479,0.06375426855701673,0.029422269604770644,0.012733400091235409,0.001471113480238532,0.006366700045617704,5.273665495358947,2.8511062087631367,0.2636832747679473,1.4255531043815683
1174,0.05,5.0,20.0,5.0,0,20.0,5.000000000000001,5.2725646650953015,2.846143970810886,0.2636282332547651,0.5692287941621771,0.2533669912071396,0.127417115622898,0.012668349560356982,0.025483423124579598,0.02936729597145291,0.012788733441676834,0.0014683647985726455,0.002557746688335366,6.043800942541318,3.4694896923772447,0.3021900471270659,0.6938979384754488
1174,0.05,5.0,20.0,5.0,1,20.0,5.0,5.3912910578973054,2.916777666800844,0.26956455289486525,0.5833555333601688,0.25146824006925733,0.1270707507531219,0.012573412003462866,0.02541415015062438,0.03210921244152981,0.014499724000176063,0.0016054606220764905,0.0028999448000352123,6.189159657543847,3.626547957496924,0.30945798287719234,0.7253095914993848
1174,0.05,5.0,20.0,5.0,2,20.000000000000007,5.0,5.629094266639642,3.0671845265507156,0.281454713331982,0.6134369053101432,0.2750682266623098,0.132855370863826,0.013753411333115485,0.0265710741727652,0.06490279559473071,0.016629902663011606,0.003245139779736534,0.0033259805326023213,5.876771556220769,3.2440437842821437,0.29383857781103834,0.6488087568564287
1174,0.05,5.0,20.0,5.0,3,20.0,5.0,5.6755682030323,3.081312986738973,0.283778410151615,0.6162625973477945,0.2625478951638043,0.12789164052002308,0.013127394758190214,0.025578328104004615,0.0346166867450352,0.014950066903272512,0.00173083433725176,0.0029900133806545024,5.734720675700686,3.1223552235263936,0.2867360337850343,0.6244710447052787
1174,0.05,10.0,5.0,2.0,0,5.000000000000002,2.0,4.06582318028853,2.1716299227928673,0.8131646360577057,1.0858149613964336,0.21059167793081285,0.10311385393899866,0.042118335586162556,0.05155692696949933,0.029212104307587163,0.012740274639174836,0.00584242086151743,0.006370137319587418,4.559095208462789,2.5970439710256796,0.9118190416925576,1.2985219855128398
1174,0.05,10.0,5.0,2.0,1,5.0,1.9999999999999991,4.065422873728701,2.1714294928400597,0.8130845747457401,1.0857147464200303,0.21053263502609762,0.10311779921506896,0.042106527005219524,0.0515588996075345,0.029199009240928313,0.012739099900396234,0.005839801848185663,0.006369549950198119,4.569435158203825,2.6472716335378443,0.9138870316407649,1.3236358167689228
1174,0.05,10.0,5.0,2.0,2,4.999999999999999,1.9999999999999996,4.071243958716717,2.174729696242341,0.8142487917433435,1.0873648481211706,0.2106208468762259,0.10313677702571987,0.042124169375245185,0.05156838851285995,0.029303217586577508,0.01275650758465014,0.0058606435173155025,0.006378253792325071,4.22058281015803,2.2707423798136075,0.8441165620316061,1.135371189906804
1174,0.05,10.0,5.0,2.0,3,5.0,1.9999999999999996,4.065014501773485,2.1711875997647687,0.8130029003546969,1.0855937998823846,0.21057066087566084,0.10311699063863751,0.04211413217513217,0.05155849531931877,0.029286546789867515,0.01274773115278108,0.005857309357973503,0.0063738655763905415,4.095266991598001,2.192191668924747,0.8190533983196001,1.0960958344623737
1174,0.05,10.0,5.0,5.0,0,4.999999999999998,5.0,4.0713603548330015,2.1747963951773057,0.8142720709666006,0.43495927903546117,0.21057697852247023,0.10312673837357604,0.04211539570449406,0.02062534767471521,0.029266369955497078,0.012750371693230535,0.005853273991099418,0.002550074338646107,4.579050854272114,2.609031459130473,0.9158101708544232,0.5218062918260946
1174,0.05,10.0,5.0,5.0,1,5.0,4.999999999999999,4.072049699896835,2.175158270911261,0.8144099399793671,0.4350316541822523,0.2106696390947507,0.10311325356206655,0.04213392781895014,0.02062265071241331,0.029365818489017686,0.012810650761069364,0.005873163697803537,0.002562130152213873,4.603884775592367,2.6692514768660867,0.9207769551184735,0.5338502953732174
1174,0.05,10.0,5.0,5.0,2,5.0,5.000000000000001,4.075468317639977,2.1771085395009546,0.8150936635279955,0.43542170790019086,0.2106584774644436,0.10308823375219564,0.04213169549288872,0.020617646750439124,0.029432692392252376,0.012765353785902123,0.005886538478450476,0.002553070757180424,4.226013442577125,2.2739063160871744,0.845202688515425,0.4547812632174348
1174,0.05,10.0,5.0,5.0,3,5.0,4.999999999999998,4.060527174659675,2.168617234023156,0.812105434931935,0.4337234468046314,0.21051976640012596,0.10312137733507992,0.04210395328002519,0.020624275467015993,0.02940088236355653,0.012767760466567258,0.005880176472711306,0.0025535520933134526,4.090533155048882,2.1894946346966666,0.8181066310097764,0.43789892693933347
1174,0.05,10.0,10.0,2.0,0,10.0,2.0,4.063558609548711,2.1703244893526574,0.4063558609548711,1.0851622446763287,0.21074351828233553,0.10314541324042165,0.021074351828233553,0.05157270662021082,0.029432083569653537,0.012775355224728053,0.0029432083569653537,0.006387677612364026,4.5481757663989155,2.5904393607491234,0.45481757663989153,1.2952196803745617
1174,0.05,10.0,10.0,2.0,1,9.999999999999998,1.9999999999999991,4.066559418969297,2.1720415702777545,0.40665594189692983,1.0860207851388777,0.21074557477603997,0.10314633959163423,0.021074557477604002,0.051573169795817136,0.02950968920082653,0.012728207728551733,0.0029509689200826537,0.006364103864275869,4.576991059274113,2.652050819237213,0.4576991059274114,1.3260254096186073
1174,0.05,10.0,10.0,2.0,2,10.0,1.9999999999999996,4.066689730424048,2.1722659924563756,0.4066689730424048,1.086132996228188,0.2100863036417567,0.10307256773451522,0.02100863036417567,0.05153628386725762,0.02867374944375779,0.012663376667422978,0.0028673749443757788,0.006331688333711491,4.212799264015319,2.266393027282024,0.42127992640153195,1.1331965136410123
1174,0.05,10.0,10.0,2.0,3,10.0,2.0,4.064270624975229,2.1707148405884387,0.4064270624975229,1.0853574202942193,0.210538644757334,0.10308192926634284,0.0210538644757334,0.05154096463317142,0.0294955950404373,0.012830817797126096,0.00294955950404373,0.006415408898563048,4.094497230774012,2.1916997822207054,0.4094497230774012,1.0958498911103527
1174,0.05,10.0,10.0,5.0,0,10.0,4.999999999999999,4.06870555691173,2.1732894719483173,0.406870555691173,0.43465789438966357,0.21058553580564013,0.10311568094750301,0.021058553580564014,0.020623136189500606,0.029312092744086648,0.012752566692939178,0.002931209274408665,0.002550513338587836,4.569325022084316,2.603165745693766,0.45693250220843157,0.5206331491387532
1174,0.05,10.0,10.0,5.0,1,10.0,5.000000000000001,4.073725366818925,2.176078518955458,0.4073725366818925,0.43521570379109153,0.21068019138714608,0.10304116833507473,0.02106801913871461,0.020608233667014943,0.029296264855131364,0.01278670489200126,0.0029296264855131365,0.002557340978400252,4.6017965726316925,2.667812837784012,0.46017965726316923,0.5335625675568023
1174,0.05,10.0,10.0,5.0,2,10.000000000000002,5.0,4.0884889743759105,2.1843181395637186,0.40884889743759095,0.4368636279127437,0.21112503135545316,0.10317143964219967,0.021112503135545312,0.020634287928439934,0.029639550239193072,0.012781017735139535,0.0029639550239193065,0.002556203547027907,4.242045657554536,2.283063447987062,0.42420456575545357,0.4566126895974124
1174,0.05,10.0,10.0,5.0,3,10.0,5.0,4.061151893031302,2.168955988631127,0.4061151893031302,0.43379119772622543,0.2106352519237227,0.10309406293729277,0.02106352519237227,0.020618812587458554,0.029501446071709365,0.012827097140876475,0.0029501446071709364,0.002565419428175295,4.091161825659976,2.1898297307668706,0.40911618256599763,0.43796594615337414
1174,0.05,10.0,20.0,2.0,0,20.0,2.0,4.236731094170111,2.26764201984611,0.21183655470850554,1.133821009923055,0.23814931903690617,0.1085894774833457,0.011907465951845308,0.05429473874167285,0.16274549535395183,0.02065086490983501,0.008137274767697591,0.010325432454917505,4.6956460368216,2.672341257200035,0.23478230184108,1.3361706286000175
1174,0.05,10.0,20.0,2.0,1,20.0,2.0,4.0809845701700835,2.180215276961389,0.20404922850850418,1.0901076384806945,0.21153360220335984,0.10323878447908755,0.010576680110167993,0.051619392239543774,0.029597783630168337,0.012660038608544016,0.0014798891815084169,0.006330019304272008,4.5819625608273284,2.6552667217195483,0.22909812804136642,1.3276333608597741
1174,0.05,10.0,20.0,2.0,2,20.000000000000004,2.0,4.086656126136967,2.183437260459484,0.20433280630684833,1.091718630229742,0.21065470980582096,0.10306569324762642,0.010532735490291047,0.05153284662381321,0.02904423003713998,0.012681725066228312,0.0014522115018569988,0.006340862533114156,4.240345140039905,2.2821968986668306,0.2120172570019952,1.1410984493334153
1174,0.05,10.0,20.0,2.0,3,19.999999999999996,1.9999999999999996,4.06777947075381,2.1727398546559056,0.20338897353769053,1.086369927327953,0.21063106821389227,0.10313014282538717,0.010531553410694615,0.0515650714126936,0.02935985837622104,0.012768962577221423,0.0014679929188110522,0.0063844812886107135,4.098283023804409,2.193881578959528,0.20491415119022047,1.0969407894797643
1174,0.05,10.0,20.0,5.0,0,20.0,5.0,7.3618198984787755,3.1308688331021237,0.36809099492393876,0.6261737666204248,4.112934437218183,1.222874405525707,0.20564672186090913,0.24457488110514142,3.1020268416737773,0.7218657061428955,0.15510134208368886,0.14437314122857908,5.845378409826916,3.0737785985409247,0.2922689204913458,0.614755719708185
1174,0.05,10.0,20.0,5.0,1,20.000000000000004,4.999999999999999,4.064429597733103,2.170571481858476,0.2032214798866551,0.4341142963716953,0.20993547572764307,0.10299693454171858,0.010496773786382151,0.02059938690834372,0.029797211043592467,0.012970730854963412,0.0014898605521796232,0.002594146170992683,4.557273259332125,2.6391964436164903,0.2278636629666062,0.5278392887232981
1174,0.05,10.0,20.0,5.0,2,20.0,5.0,4.102371976125756,2.1924732226160906,0.2051185988062878,0.4384946445232181,0.21060807326940978,0.10308193286369957,0.01053040366347049,0.020616386572739915,0.02914205002705811,0.012709211964258518,0.0014571025013529054,0.0025418423928517037,4.267445018218427,2.2980717995054527,0.21337225091092135,0.45961435990109056
1174,0.05,10.0,20.0,5.0,3,20.0,5.0,3.023320914318096,1.8140303346135678,0.1511660457159048,0.36280606692271355,1.6425842299850404,0.5452178674857022,0.08212921149925202,0.10904357349714044,8.343100280616666,2.6674043461397368,0.41715501403083327,0.5334808692279474,3.140419260228939,1.8895795038911463,0.15702096301144694,0.37791590077822923
1174,0.1,0.0,5.0,2.0,0,5.000000000000001,2.0,0.02657929809633539,0.008994997300858149,0.005315859619267077,0.004497498650429074,0.03903558718426539,0.01134258862058197,0.007807117436853077,0.005671294310290985,0.027646059449300233,0.00821847696029022,0.005529211889860046,0.00410923848014511,0.009715413943675859,0.004023048299382302,0.0019430827887351714,0.002011524149691151
1174,0.1,0.0,5.0,2.0,1,5.000000000000001,2.0,0.026615887064496815,0.00897478335391127,0.005323177412899362,0.004487391676955635,0.03906433382995971,0.011334451215527019,0.007812866765991942,0.005667225607763509,0.02783492731159694,0.00826277409060718,0.005566985462319388,0.00413138704530359,0.03158974949349463,0.010516449949120031,0.006317949898698924,0.005258224974560016
1174,0.1,0.0,5.0,2.0,2,5.0,1.9999999999999996,0.02649211995493341,0.00896099041957307,0.0052984239909866825,0.0044804952097865355,0.03891612727001972,0.011317972025288945,0.007783225454003943,0.0056589860126444735,0.027708790514375213,0.00823939511869406,0.005541758102875043,0.004119697559347031,0.029370312381445638,0.00831922196329611,0.005874062476289127,0.004159610981648056
1174,0.1,0.0,5.0,2.0,3,5.0,1.9999999999999996,0.026663264511193285,0.008994969688942409,0.005332652902238657,0.004497484844471205,0.03900088452291637,0.01132830652379698,0.0078001769045832735,0.005664153261898491,0.02772919947105902,0.008239371424296246,0.005545839894211804,0.004119685712148124,0.017788256375426158,0.0070760667797931396,0.0035576512750852317,0.0035380333898965706
1174,0.1,0.0,5.0,5.0,0,5.0,5.0,0.026650101335696397,0.00900461197994267,0.005330020267139279,0.001800922395988534,0.0391712336226373,0.011351808193055913,0.00783424672452746,0.0022703616386111824,0.027953907036545607,0.008298137242968316,0.005590781407309122,0.0016596274485936632,0.00986304620091454,0.004042747745803052,0.001972609240182908,0.0008085495491606104
1174,0.1,0.0,5.0,5.0,1,5.0,4.999999999999999,0.026509402083150124,0.008969916547551138,0.005301880416630025,0.0017939833095102279,0.03892836710069267,0.011316159905828325,0.007785673420138533,0.0022632319811656653,0.027626329677017215,0.00822352776549745,0.005525265935403443,0.0016447055530994902,0.03147304320391888,0.010530360391057548,0.006294608640783776,0.00210607207821151
1174,0.1,0.0,5.0,5.0,2,5.0,4.999999999999998,0.02658978959577116,0.0089750340273436,0.005317957919154232,0.0017950068054687206,0.038965152801463336,0.011319346010821598,0.0077930305602926676,0.0022638692021643204,0.027805747221562177,0.008254384022326481,0.005561149444312435,0.0016508768044652968,0.029404930254335323,0.008301103858348249,0.005880986050867064,0.0016602207716696505
1174,0.1,0.0,5.0,5.0,3,5.0,5.0,0.02684321750468455,0.009005590002619215,0.00536864350093691,0.001801118000523843,0.039236598192216844,0.011365221395151948,0.00784731963844337,0.0022730442790303896,0.028149722045224358,0.008353132331041244,0.005629944409044871,0.0016706264662082488,0.017964966370165873,0.007114501666406752,0.0035929932740331747,0.0014229003332813504
1174,0.1,0.0,10.0,2.0,0,10.0,1.9999999999999996,0.026548425365769304,0.008974202091110134,0.0026548425365769306,0.004487101045555068,0.03891127180058334,0.011312915263027707,0.003891127180058334,0.005656457631513854,0.02767960136200575,0.008220111576197713,0.002767960136200575,0.0041100557880988575,0.009586539153468566,0.0040051306542622424,0.0009586539153468565,0.0020025653271311217
1174,0.1,0.0,10.0,2.0,1,10.0,1.9999999999999996,0.02674029921641185,0.009006456524568628,0.002674029921641185,0.004503228262284315,0.03917904254687625,0.011364597988755071,0.003917904254687625,0.005682298994377537,0.0280028946885112,0.008291402758941963,0.00280028946885112,0.004145701379470982,0.03162077479096905,0.01053337991026032,0.003162077479096905,0.0052666899551301605
1174,0.1,0.0,10.0,2.0,2,10.000000000000004,1.9999999999999996,0.026557036762082677,0.008980229814575805,0.0026557036762082666,0.004490114907287904,0.038918437329895174,0.011306622674203574,0.003891843732989516,0.005653311337101788,0.027712112804998815,0.008215259881175888,0.0027712112804998807,0.004107629940587945,0.029387801492043137,0.008330872435381624,0.0029387801492043127,0.004165436217690813
1174,0.1,0.0,10.0,2.0,3,10.000000000000002,2.0,0.02658983593155415,0.008987089898804842,0.0026589835931554143,0.004493544949402421,0.038940728164641614,0.011321774950068083,0.0038940728164641608,0.0056608874750340415,0.02762769596208793,0.008215994291372373,0.0027627695962087924,0.004107997145686187,0.017780510953317317,0.007054370153136114,0.0017780510953317313,0.003527185076568057
1174,0.1,0.0,10.0,5.0,0,10.000000000000002,4.999999999999999,0.02995860317203291,0.00924158590698655,0.0029958603172032905,0.0018483171813973103,0.04275062795128855,0.012276431267189853,0.004275062795128854,0.002455286253437971,0.03642804208557429,0.010614758853160626,0.0036428042085574286,0.0021229517706321255,0.011840521231568585,0.004279013957569792,0.0011840521231568583,0.0008558027915139585
1174,0.1,0.0,10.0,5.0,1,10.000000000000004,4.999999999999999,0.026705442987982157,0.00898397277225885,0.002670544298798215,0.0017967945544517703,0.03906205977307006,0.01134279377638648,0.0039062059773070047,0.0022685587552772964,0.0278050823248107,0.00823833356446717,0.0027805082324810692,0.0016476667128934343,0.031659960980942335,0.010550689868758883,0.0031659960980942323,0.002110137973751777
1174,0.1,0.0,10.0,5.0,2,10.0,4.999999999999999,0.014982231820249842,0.007040785576199327,0.0014982231820249842,0.0014081571152398656,0.024286646802924226,0.007707965807506564,0.0024286646802924227,0.0015415931615013131,0.014067083120957433,0.004530607551514382,0.0014067083120957433,0.0009061215103028765,0.028347859122608624,0.010088026837348097,0.0028347859122608626,0.00201760536746962
1174,0.1,0.0,10.0,5.0,3,9.999999999999996,5.0,0.02608400611696094,0.00892364275057403,0.002608400611696095,0.001784728550114806,0.0388194909150261,0.01127776245530161,0.0038819490915026115,0.0022555524910603223,0.02799583195540412,0.008372287490546632,0.002799583195540413,0.0016744574981093264,0.01781462828085556,0.007117783403089066,0.0017814628280855567,0.0014235566806178133
1174,0.1,0.0,20.0,2.0,0,20.000000000000004,2.0,0.02593195323747778,0.008758582946482352,0.0012965976618738888,0.004379291473241176,0.03816236225056094,0.011126910755638746,0.0019081181125280467,0.005563455377819373,0.027372408132414594,0.008187457947014311,0.0013686204066207294,0.004093728973507156,0.010395521328892572,0.003839790412586747,0.0005197760664446286,0.0019198952062933735
1174,0.1,0.0,20.0,2.0,1,20.0,1.9999999999999996,0.023826203139866744,0.00862873107648573,0.0011913101569933373,0.004314365538242866,0.04029027197944648,0.011558611406737748,0.002014513598972324,0.005779305703368875,0.023462922170647986,0.007020019468402888,0.0011731461085323993,0.003510009734201445,0.030597675109292746,0.010964508474074604,0.0015298837554646374,0.005482254237037303
1174,0.1,0.0,20.0,2.0,2,20.0,2.0,0.027311752181639712,0.009172179063431698,0.0013655876090819855,0.004586089531715849,0.03994360276052723,0.0114303143979057,0.0019971801380263615,0.00571515719895285,0.02949321800720289,0.008773723488570688,0.0014746609003601445,0.004386861744285344,0.03144730753193533,0.008763033285121576,0.0015723653765967664,0.004381516642560788
1174,0.1,0.0,20.0,2.0,3,20.0,1.9999999999999996,0.028155923932996107,0.009261034393081033,0.0014077961966498054,0.004630517196540517,0.04079801141325535,0.011668409523239404,0.0020399005706627673,0.005834204761619703,0.031048342138807188,0.009091986328348177,0.0015524171069403593,0.004545993164174089,0.018184939421767497,0.007101267385143626,0.0009092469710883748,0.003550633692571814
1174,0.1,0.0,20.0,5.0,0,20.000000000000007,4.999999999999999,0.029552185443864624,0.009661875392200968,0.0014776092721932306,0.001932375078440194,0.0400812768702623,0.0115049533460218,0.0020040638435131143,0.0023009906692043605,0.030900001341511007,0.009105020106559709,0.0015450000670755497,0.0018210040213119422,0.011846247842710857,0.0045867907709089915,0.0005923123921355426,0.0009173581541817985
1174,0.1,0.0,20.0,5.0,1,20.0,5.0,0.03504904322294198,0.00398203313541425,0.001752452161147099,0.0007964066270828501,0.0493810800266233,0.013188933263762187,0.0024690540013311653,0.0026377866527524376,0.03769289518926816,0.00975999658248158,0.001884644759463408,0.001951999316496316,0.05902545996108435,0.014058791787563234,0.002951272998054218,0.002811758357512647
1174,0.1,0.0,20.0,5.0,2,19.999999999999996,5.0,0.026524543436107762,0.008914910629711639,0.0013262271718053884,0.0017829821259423278,0.03514556551429864,0.010693166509906033,0.0017572782757149324,0.0021386333019812066,0.027552189280259355,0.008131287888940098,0.001377609464012968,0.0016262575777880196,0.02938495959641707,0.00825002116995172,0.0014692479798208537,0.001650004233990344
1174,0.1,0.0,20.0,5.0,3,20.0,5.000000000000001,0.01988289031587654,0.009385990113247826,0.0009941445157938271,0.001877198022649565,0.047385162991573006,0.014157368038776742,0.00236925814957865,0.002831473607755348,0.03253799741735303,0.01090035188463978,0.0016268998708676517,0.002180070376927956,0.02929841106978419,0.012586019569534755,0.0014649205534892095,0.0025172039139069505
1174,0.1,2.0,5.0,2.0,0,5.0,1.9999999999999996,5.279370245853278,2.0668313168985204,1.0558740491706557,1.0334156584492604,0.907781522634107,0.4158942079373496,0.18155630452682142,0.20794710396867486,0.027715881412622535,0.008220017543310044,0.005543176282524507,0.004110008771655023,5.4171770649797,2.3901048235182447,1.08343541299594,1.1950524117591226
1174,0.1,2.0,5.0,2.0,1,5.0,1.9999999999999996,5.279398502618479,2.066836664917883,1.0558797005236957,1.0334183324589417,0.9076922168654954,0.4158643172199036,0.18153844337309907,0.20793215860995184,0.027701079312913386,0.008241204216532417,0.005540215862582677,0.0041206021082662095,7.209607727209918,2.959421433217496,1.4419215454419836,1.4797107166087482
1174,0.1,2.0,5.0,2.0,2,4.999999999999999,2.0,5.279410022185635,2.066842328608437,1.055882004437127,1.0334211643042186,0.9077622615810198,0.41587612050768175,0.18155245231620398,0.20793806025384087,0.02769283341591348,0.008240548034886408,0.005538566683182697,0.004120274017443204,2.7499166999511515,0.8308820719561253,0.5499833399902304,0.41544103597806264
1174,0.1,2.0,5.0,2.0,3,5.0,2.0,5.279257178988225,2.066821707085676,1.0558514357976452,1.033410853542838,0.907695545949623,0.4158924352388458,0.1815391091899246,0.2079462176194229,0.027866397546708003,0.008256809932879004,0.005573279509341601,0.004128404966439502,5.359988148966756,2.310459625849659,1.0719976297933511,1.1552298129248295
1174,0.1,2.0,5.0,5.0,0,5.0,5.0,5.2794258623427694,2.066850205243423,1.0558851724685538,0.41337004104868463,0.9077005286792066,0.415883228925448,0.1815401057358413,0.0831766457850896,0.02767642463307327,0.008212718862781132,0.005535284926614654,0.0016425437725562265,5.417297227623462,2.3901127722355002,1.0834594455246924,0.47802255444710007
1174,0.1,2.0,5.0,5.0,1,5.000000000000001,5.0,5.280068684892547,2.0668801125083545,1.0560137369785092,0.4133760225016709,0.9061789387489403,0.4157466597555258,0.18123578774978802,0.08314933195110516,0.027394348591947833,0.008117673077350717,0.005478869718389566,0.0016235346154701434,7.210663929125888,2.9594675299360667,1.4421327858251773,0.5918935059872134
1174,0.1,2.0,5.0,5.0,2,5.0,5.0,5.279493766951111,2.0668419005200094,1.0558987533902222,0.4133683801040019,0.907746792863601,0.4158768992508347,0.1815493585727202,0.08317537985016694,0.027659645907086163,0.008224202904612553,0.0055319291814172325,0.0016448405809225107,2.7499223983473082,0.8308717984241463,0.5499844796694616,0.16617435968482924
1174,0.1,2.0,5.0,5.0,3,5.000000000000001,5.0,5.279294763059801,2.066834040503645,1.0558589526119602,0.413366808100729,0.907787127019139,0.4158885881314191,0.18155742540382777,0.08317771762628381,0.027637494273251413,0.008226159814448263,0.005527498854650282,0.0016452319628896526,5.359899385435365,2.310455328814737,1.0719798770870728,0.4620910657629474
1174,0.1,2.0,10.0,2.0,0,10.0,2.0000000000000004,5.279407891527029,2.0668336821490163,0.5279407891527029,1.033416841074508,0.907681612018488,0.4158599207279711,0.0907681612018488,0.2079299603639855,0.027656314031648886,0.008214415448774388,0.002765631403164889,0.004107207724387193,5.417236135494887,2.39009209909982,0.5417236135494887,1.1950460495499098
1174,0.1,2.0,10.0,2.0,1,10.0,2.0000000000000004,5.27483712399503,2.066529550344512,0.527483712399503,1.0332647751722557,0.9086768045338212,0.41596933666604974,0.09086768045338212,0.2079846683330248,0.028072633322164933,0.008355345802161905,0.0028072633322164934,0.0041776729010809515,7.201461488769177,2.9590451245976674,0.7201461488769177,1.4795225622988335
1174,0.1,2.0,10.0,2.0,2,10.0,2.0,5.279351118632697,2.066838627243187,0.5279351118632697,1.0334193136215934,0.9076680562845142,0.4158740638265943,0.09076680562845142,0.20793703191329715,0.027841535859088634,0.008264502840799007,0.0027841535859088632,0.004132251420399503,2.7498829348240856,0.8308802973443994,0.27498829348240855,0.4154401486721997
1174,0.1,2.0,10.0,2.0,3,10.0,2.0,5.279955908711879,2.066863587361184,0.527995590871188,1.033431793680592,0.9077983957742823,0.41587542508989545,0.09077983957742823,0.20793771254494772,0.02779391290994515,0.008247365822868792,0.002779391290994515,0.004123682911434396,5.360552287958157,2.310457603962804,0.5360552287958157,1.155228801981402
1174,0.1,2.0,10.0,5.0,0,10.0,5.000000000000001,5.27932695015842,2.066850662336952,0.527932695015842,0.41337013246739035,0.9077650529080555,0.4158896887133205,0.09077650529080555,0.08317793774266409,0.027714929581735673,0.008223879746789531,0.0027714929581735674,0.0016447759493579059,5.417207677289056,2.3901229549908196,0.5417207677289056,0.47802459099816386
1174,0.1,2.0,10.0,5.0,1,10.0,5.0,5.276748960020068,2.066660371563492,0.5276748960020068,0.4133320743126984,0.9068500337272942,0.4157761232640699,0.09068500337272942,0.08315522465281397,0.028814362197957254,0.008530787352229915,0.0028814362197957253,0.001706157470445983,7.2041772534514985,2.959167980308447,0.7204177253451498,0.5918335960616894
1174,0.1,2.0,10.0,5.0,2,10.0,5.0,5.278062194273772,2.066717619279465,0.5278062194273773,0.413343523855893,0.9071265131682614,0.41589820743147216,0.09071265131682614,0.08317964148629443,0.027143661067972658,0.008089592756750863,0.0027143661067972657,0.0016179185513501726,2.749234184362741,0.8309595674987398,0.2749234184362741,0.16619191349974796
1174,0.1,2.0,10.0,5.0,3,10.0,4.999999999999999,5.287961804763098,2.067328905951492,0.5287961804763098,0.4134657811902985,0.9042078461729508,0.4137928843127917,0.09042078461729508,0.08275857686255836,0.026821323577815432,0.008046156452988618,0.0026821323577815434,0.0016092312905977239,5.365145152668009,2.3102798918676326,0.5365145152668009,0.4620559783735266
1174,0.1,2.0,20.0,2.0,0,20.0,2.0,5.083033780789975,2.0644766466815283,0.25415168903949875,1.0322383233407642,0.9244881223783669,0.41860709433971477,0.04622440611891834,0.20930354716985738,0.03175016744802103,0.008217033331807866,0.0015875083724010517,0.004108516665903933,5.419344342402883,2.5012144404826366,0.27096721712014415,1.2506072202413183
1174,0.1,2.0,20.0,2.0,1,20.0,1.9999999999999996,5.291107235021179,2.06739549394957,0.2645553617510589,1.0336977469747852,0.9121992988466491,0.41525558269054474,0.04560996494233245,0.20762779134527243,0.03151406114907874,0.009187832708052675,0.001575703057453937,0.004593916354026339,7.229318898556976,2.9600604158423836,0.3614659449278488,1.480030207921192
1174,0.1,2.0,20.0,2.0,2,20.000000000000007,2.0,7.048106825647841,2.036136147706372,0.3524053412823919,1.018068073853186,5.041836028422252,1.0571912577525249,0.25209180142111254,0.5285956288762624,1.0555169377085911,0.15321631083317563,0.052775846885429537,0.07660815541658782,5.634973616647717,1.0363465768404536,0.28174868083238575,0.5181732884202268
1174,0.1,2.0,20.0,2.0,3,20.0,1.9999999999999996,5.277318064895198,2.066619346117556,0.2638659032447599,1.0333096730587783,0.9060024767080728,0.41582067753384666,0.04530012383540364,0.20791033876692339,0.025983372146260574,0.007730582624864871,0.0012991686073130287,0.0038652913124324366,5.358631581039972,2.310294820915436,0.2679315790519986,1.1551474104577182
1174,0.1,2.0,20.0,5.0,0,20.000000000000004,5.0,5.594323768966608,2.0521199853492194,0.27971618844833035,0.4104239970698439,1.359148977872544,0.5163865811381712,0.06795744889362719,0.10327731622763422,0.08678783299427373,0.02172692134597105,0.004339391649713685,0.00434538426919421,5.6664784563026185,2.289024529358405,0.28332392281513086,0.457804905871681
1174,0.1,2.0,20.0,5.0,1,19.999999999999996,4.999999999999999,5.364754318508457,2.0746810628815386,0.2682377159254229,0.4149362125763078,1.0985549809755413,0.4811819490142373,0.05492774904877707,0.09623638980284747,0.034764812381783465,0.007729293368835293,0.0017382406190891736,0.0015458586737670589,7.372521775476185,2.9234577661517207,0.3686260887738093,0.5846915532303443
1174,0.1,2.0,20.0,5.0,2,20.000000000000004,4.999999999999999,4.809615420714615,1.6603597878456744,0.2404807710357307,0.33207195756913493,0.8234869265983068,0.2743705228365643,0.04117434632991533,0.05487410456731288,0.11732764061848143,0.01969433686337331,0.0058663820309240704,0.003938867372674662,3.3117568388969243,0.8876336708808833,0.1655878419448462,0.1775267341761767
1174,0.1,2.0,20.0,5.0,3,19.999999999999996,4.999999999999998,5.279365462834423,2.0668348376370806,0.26396827314172117,0.41336696752741625,0.9077652673631222,0.41589410759647294,0.04538826336815612,0.08317882151929462,0.02769173450494419,0.00821827792432748,0.0013845867252472097,0.0016436555848654967,5.359945795021057,2.310452194700323,0.26799728975105286,0.4620904389400648
1174,0.1,5.0,5.0,2.0,0,5.0,1.9999999999999996,2.3339178904024545,1.5296746738022098,0.46678357808049087,0.7648373369011051,0.2913785665890306,0.17114849780027555,0.05827571331780612,0.08557424890013779,0.02767005107807869,0.008213112777995787,0.005534010215615738,0.004106556388997895,4.072275854283234,2.3780813178619917,0.8144551708566468,1.189040658930996
1174,0.1,5.0,5.0,2.0,1,4.999999999999999,1.9999999999999996,2.327699386843179,1.5260830266400263,0.46553987736863583,0.7630415133200134,0.29144023805179053,0.1711569883710493,0.058288047610358114,0.08557849418552467,0.027741775058314606,0.008243964778157135,0.005548355011662922,0.004121982389078569,6.127739760970931,3.6067850983170904,1.2255479521941863,1.8033925491585456
1174,0.1,5.0,5.0,2.0,2,4.999999999999999,2.0000000000000004,2.383059802227955,1.5581073576307316,0.47661196044559107,0.7790536788153656,0.291512972486718,0.17117436478598982,0.0583025944973436,0.0855871823929949,0.02780482248992937,0.008246505664991789,0.0055609644979858755,0.004123252832495893,0.927406887805547,0.3117364968476273,0.18548137756110944,0.1558682484238136
1174,0.1,5.0,5.0,2.0,3,4.999999999999998,2.0,2.490539604788085,1.6206863966236855,0.4981079209576172,0.8103431983118428,0.29132747873593384,0.17115737789031646,0.05826549574718679,0.08557868894515823,0.027887515770501144,0.00826246847407082,0.005577503154100231,0.00413123423703541,3.5469238440379507,2.1376552939433053,0.7093847688075904,1.0688276469716527
1174,0.1,5.0,5.0,5.0,0,5.0,4.999999999999998,2.3206555290291173,1.522030229408224,0.46413110580582345,0.3044060458816449,0.29142870125802756,0.17115727776244874,0.05828574025160551,0.03423145555248976,0.027584106444895878,0.008183128553252273,0.0055168212889791755,0.0016366257106504552,3.8418946411678707,2.262074409351522,0.7683789282335741,0.4524148818703046
1174,0.1,5.0,5.0,5.0,1,5.000000000000001,5.0,2.6348156506796188,1.7045248864387785,0.5269631301359237,0.3409049772877557,0.2911857926802534,0.1711434220843866,0.05823715853605067,0.03422868441687732,0.02794906894489898,0.008303064506887668,0.005589813788979795,0.0016606129013775335,15.508560108762103,8.42704381355582,3.10171202175242,1.6854087627111638
1174,0.1,5.0,5.0,5.0,2,5.0,5.0,3.4501217825958914,2.149787100027938,0.6900243565191783,0.42995742000558757,0.29041019983082705,0.17182816021347166,0.058082039966165414,0.034365632042694334,0.02054861622448381,0.006267289677967291,0.004109723244896762,0.0012534579355934583,0.931312781854762,0.3172666473696668,0.1862625563709524,0.06345332947393337
1174,0.1,5.0,5.0,5.0,3,5.0,5.0,2.269911062078311,1.492762376523494,0.45398221241566217,0.2985524753046988,0.29121574791051325,0.17111805125473764,0.05824314958210265,0.03422361025094753,0.027287885203877038,0.008086872398803875,0.005457577040775407,0.0016173744797607751,2.7834362312087477,1.729498665108602,0.5566872462417496,0.3458997330217204
1174,0.1,5.0,10.0,2.0,0,9.999999999999998,2.0000000000000004,2.3115034295097923,1.5166827612975764,0.23115034295097928,0.758341380648788,0.2924097389740755,0.1712984402475862,0.029240973897407558,0.08564922012379309,0.02733258061026647,0.00817310651034426,0.002733258061026648,0.004086553255172129,3.9494755136201065,2.316211245515033,0.3949475513620107,1.1581056227575164
1174,0.1,5.0,10.0,2.0,1,10.0,2.0,2.468989443871207,1.6081416179316428,0.2468989443871207,0.8040708089658214,0.2912729498272212,0.17114065963480052,0.029127294982722117,0.08557032981740026,0.027822719314132428,0.008271485670629016,0.0027822719314132428,0.004135742835314508,11.592769360473147,6.4197356257431,1.1592769360473147,3.20986781287155
1174,0.1,5.0,10.0,2.0,2,10.0,2.0,2.315775474455838,1.519224654649151,0.23157754744558381,0.7596123273245755,0.29155171010155473,0.17116466400443398,0.029155171010155474,0.08558233200221699,0.027807223986445445,0.00826326044796077,0.0027807223986445447,0.004131630223980385,0.9274212267327075,0.31170794962483434,0.09274212267327075,0.15585397481241717
1174,0.1,5.0,10.0,2.0,3,10.0,1.9999999999999996,2.3725145636651397,1.5520907471896723,0.23725145636651396,0.7760453735948364,0.292017127859621,0.17119829199853676,0.0292017127859621,0.08559914599926839,0.02858531848233536,0.008486093861355935,0.002858531848233536,0.004243046930677968,3.0183434219701755,1.8592405925984754,0.30183434219701755,0.9296202962992379
1174,0.1,5.0,10.0,5.0,0,10.000000000000002,5.000000000000001,2.30342683972464,1.5121214813599446,0.23034268397246396,0.30242429627198886,0.2914021342420309,0.1711334541660757,0.029140213424203084,0.03422669083321513,0.027928874072683046,0.008275382495277817,0.002792887407268304,0.001655076499055563,3.6653240682918784,2.1727133346363487,0.36653240682918775,0.43454266692726967
1174,0.1,5.0,10.0,5.0,1,10.0,5.0,2.279948772758379,1.499203065712383,0.22799487727583792,0.29984061314247656,0.28052269592490864,0.1695977926752114,0.028052269592490863,0.033919558535042284,0.028017930360605795,0.007867839375471348,0.0028017930360605793,0.0015735678750942697,6.358017208910666,3.726721074990461,0.6358017208910666,0.7453442149980922
1174,0.1,5.0,10.0,5.0,2,10.0,5.0,2.3053342367617233,1.5132040217116842,0.23053342367617233,0.30264080434233687,0.2911460768318886,0.17111563318198963,0.02911460768318886,0.03422312663639793,0.027710396454978987,0.008211077497734448,0.0027710396454978985,0.0016422154995468896,0.9273902467590687,0.3116554115159029,0.09273902467590686,0.06233108230318059
1174,0.1,5.0,10.0,5.0,3,9.999999999999998,5.0,3.6628329565262994,2.2631192042350703,0.36628329565263,0.45262384084701407,0.28846433806463084,0.17098259548941214,0.02884643380646309,0.034196519097882426,0.02802867352370651,0.008291004976336053,0.0028028673523706514,0.0016582009952672105,6.147037991727629,3.448136959812192,0.614703799172763,0.6896273919624384
1174,0.1,5.0,20.0,2.0,0,20.000000000000004,2.0,1.8881126764392104,1.2668779715077156,0.0944056338219605,0.6334389857538578,0.28726349767819426,0.1698094009082935,0.01436317488390971,0.08490470045414675,0.03316320052333687,0.01110695284581313,0.0016581600261668433,0.005553476422906565,2.325493080171766,1.4749283736569667,0.11627465400858827,0.7374641868284834
1174,0.1,5.0,20.0,2.0,1,19.999999999999996,1.9999999999999996,4.653992824569576,2.791656370777589,0.23269964122847883,1.3958281853887948,0.29066733730997,0.17399351224090864,0.014533366865498503,0.08699675612045434,0.02856424494134667,0.008368110011223076,0.0014282122470673337,0.004184055005611539,18.238353054211164,9.825528764457562,0.9119176527105584,4.912764382228782
1174,0.1,5.0,20.0,2.0,2,20.000000000000004,2.0,2.4090641871440814,1.5731394753478818,0.12045320935720405,0.7865697376739409,0.29245536604050393,0.1713990359388551,0.014622768302025194,0.08569951796942755,0.030059783220072626,0.008905023659196949,0.0015029891610036311,0.004452511829598474,0.9270893247222035,0.3112748420438344,0.04635446623611017,0.1556374210219172
1174,0.1,5.0,20.0,2.0,3,20.000000000000004,1.9999999999999996,5.030599992546281,2.8772301720888778,0.25152999962731404,1.438615086044439,0.23445599015485571,0.1588644937490348,0.011722799507742784,0.07943224687451741,0.028945427740150815,0.007110989143011793,0.0014472713870075406,0.0035554945715058975,6.597716923189727,3.4656164194143573,0.3298858461594863,1.732808209707179
1174,0.1,5.0,20.0,5.0,0,20.0,5.0,2.467377932676946,1.6071838755102332,0.12336889663384729,0.32143677510204666,0.2912424683084471,0.17111287360939254,0.014562123415422354,0.03422257472187851,0.02733399012128306,0.008137554654869919,0.001366699506064153,0.0016275109309739836,5.267988540341922,2.975018606139805,0.2633994270170961,0.595003721227961
1174,0.1,5.0,20.0,5.0,1,19.999999999999996,5.0,2.4056882365078356,1.5712318476937186,0.1202844118253918,0.31424636953874374,0.29159825677752144,0.1711024949489238,0.014579912838876075,0.034220498989784756,0.027583526564150484,0.008202685931641125,0.0013791763282075245,0.001640537186328225,8.265356285013317,4.713895303350899,0.4132678142506659,0.9427790606701798
1174,0.1,5.0,20.0,5.0,2,20.0,5.0,5.212958822044995,3.079688822185937,0.26064794110224976,0.6159377644371874,0.6531391160454071,0.3118533928303599,0.032656955802270356,0.06237067856607198,0.016902658944088825,0.0058064884524955986,0.0008451329472044413,0.0011612976904991196,0.9393180043536856,0.32363887256647456,0.04696590021768428,0.06472777451329491
1174,0.1,5.0,20.0,5.0,3,20.0,4.999999999999999,21.73625531856083,6.703590847751073,1.0868127659280415,1.3407181695502148,17.429119481578873,4.631997861238184,0.8714559740789436,0.9263995722476369,10.573209210120039,2.0539589434747856,0.5286604605060019,0.4107917886949572,19.37378901093955,6.143057104047081,0.9686894505469775,1.2286114208094163
1174,0.1,10.0,5.0,2.0,0,5.0,1.9999999999999996,1.974482484183589,0.9085609845978264,0.3948964968367178,0.4542804922989133,0.1157692677488541,0.06938926399404148,0.02315385354977082,0.03469463199702075,0.02770303354920645,0.008237238856443396,0.00554060670984129,0.004118619428221699,2.360994719644365,1.2326569534675287,0.47219894392887296,0.6163284767337645
1174,0.1,10.0,5.0,2.0,1,5.0,1.9999999999999996,1.9760740519812288,0.9094787473357273,0.39521481039624573,0.45473937366786377,0.11589645813977947,0.06940012444094912,0.023179291627955893,0.034700062220474566,0.027708706741671116,0.008222692338033593,0.005541741348334224,0.004111346169016797,4.2426681205595695,2.043483111468023,0.8485336241119139,1.0217415557340117
1174,0.1,10.0,5.0,2.0,2,5.000000000000001,1.9999999999999996,1.97584670355164,0.9093768836568904,0.39516934071032794,0.4546884418284453,0.11576368107186097,0.06938853110906724,0.02315273621437219,0.03469426555453363,0.027831951008772164,0.008269083142080278,0.005566390201754432,0.00413454157104014,0.5295951921490233,0.14580207001253148,0.10591903842980464,0.07290103500626575
1174,0.1,10.0,5.0,2.0,3,4.999999999999998,2.0,1.972574973866353,0.907753968712319,0.39451499477327073,0.4538769843561595,0.1158700589090637,0.06939861203183656,0.023174011781812748,0.03469930601591828,0.02781752747655953,0.00823011010729019,0.005563505495311908,0.004115055053645095,2.1054150602203965,1.0717382884558453,0.42108301204407944,0.5358691442279226
1174,0.1,10.0,5.0,5.0,0,4.999999999999999,5.0,2.0360777268098342,0.9405706971385375,0.4072155453619669,0.1881141394277075,0.11564497455141312,0.06940462481984816,0.023128994910282627,0.013880924963969633,0.028028808469094182,0.008308827370320813,0.005605761693818837,0.0016617654740641627,2.768859623036425,1.4311053734529111,0.5537719246072851,0.2862210746905822
1174,0.1,10.0,5.0,5.0,1,5.0,4.999999999999998,2.0490107031200333,0.9477865831150257,0.40980214062400666,0.1895573166230052,0.1156648301352481,0.06934104442502056,0.02313296602704962,0.013868208885004119,0.0274824807301658,0.00817603028267699,0.0054964961460331595,0.0016352060565353987,5.745983014303071,2.811106201762854,1.1491966028606142,0.562221240352571
1174,0.1,10.0,5.0,5.0,2,5.0,5.0,1.9427293005568795,0.8950570510195098,0.38854586011137593,0.17901141020390196,0.11512904856166939,0.06934605052356813,0.023025809712333877,0.013869210104713625,0.027934956420782264,0.008284842085680599,0.005586991284156453,0.0016569684171361197,0.5224051690894959,0.1421564501590432,0.10448103381789917,0.028431290031808644
1174,0.1,10.0,5.0,5.0,3,5.000000000000001,4.999999999999998,1.9397135791644253,0.8901701771252221,0.387942715832885,0.17803403542504448,0.11571663826683407,0.06937669085759078,0.02314332765336681,0.013875338171518162,0.027646942176041047,0.008219016706465288,0.0055293884352082085,0.0016438033412930582,2.0117644057773414,1.0246913040198649,0.4023528811554682,0.20493826080397304
1174,0.1,10.0,10.0,2.0,0,10.000000000000002,2.0,1.99953859284369,0.9210800613462305,0.19995385928436896,0.4605400306731153,0.11573810274867861,0.06938764608577752,0.01157381027486786,0.03469382304288876,0.027775694921091,0.008230305893681893,0.0027775694921090993,0.004115152946840946,2.473284118046416,1.2870287297813365,0.24732841180464155,0.6435143648906683
1174,0.1,10.0,10.0,2.0,1,10.0,2.0,1.9438736789834457,0.8928725726387419,0.19438736789834457,0.44643628631937093,0.11573967081322531,0.06937201021594774,0.011573967081322531,0.03468600510797387,0.02783498320604334,0.008271263699731848,0.002783498320604334,0.004135631849865924,3.4939809938621136,1.6639331779040019,0.34939809938621136,0.8319665889520009
1174,0.1,10.0,10.0,2.0,2,10.0,2.0,1.9093655329065518,0.8752331679080222,0.19093655329065518,0.4376165839540111,0.1154489360119577,0.06936170104655652,0.01154489360119577,0.03468085052327826,0.02759266201172414,0.008195734945764616,0.002759266201172414,0.004097867472882308,0.5297967777017536,0.14818634170774447,0.05297967777017536,0.07409317085387224
1174,0.1,10.0,10.0,2.0,3,10.0,2.0,1.9622255927004484,0.9027737035939204,0.19622255927004484,0.4513868517969602,0.11592543300341682,0.06938158050345823,0.011592543300341682,0.034690790251729116,0.027438402378421163,0.008190819259491583,0.0027438402378421162,0.0040954096297457915,2.079135177237093,1.0591256954882435,0.2079135177237093,0.5295628477441218
1174,0.1,10.0,10.0,5.0,0,10.0,5.0,1.079516999624156,0.619246571918763,0.1079516999624156,0.1238493143837526,0.10881222401457584,0.07058676920691415,0.010881222401457584,0.014117353841382829,0.03823461714955196,0.010144258578067514,0.003823461714955196,0.002028851715613503,1.9052857376610284,0.9857402939082058,0.19052857376610283,0.19714805878164116
1174,0.1,10.0,10.0,5.0,1,10.0,5.0,2.1291079522756555,0.9876696783100406,0.21291079522756556,0.1975339356620081,0.11612723195783207,0.06924824755080568,0.011612723195783207,0.013849649510161136,0.027471791321653245,0.00814705369822388,0.0027471791321653245,0.001629410739644776,6.372074919068462,3.128845539856805,0.6372074919068462,0.625769107971361
1174,0.1,10.0,10.0,5.0,2,10.000000000000004,4.999999999999998,1.9739126173856296,0.908260323742385,0.1973912617385629,0.18165206474847706,0.11582376207106682,0.06937882426856959,0.011582376207106677,0.013875764853713923,0.02783233071363252,0.008263763224591974,0.0027832330713632512,0.0016527526449183953,0.5300134696903501,0.1461336485371922,0.053001346969034996,0.02922672970743845
1174,0.1,10.0,10.0,5.0,3,9.999999999999996,4.999999999999998,1.9924529345583526,0.9180643371347424,0.19924529345583533,0.18361286742694855,0.11588917750325216,0.06939730684786773,0.01158891775032522,0.01387946136957355,0.027710845015550524,0.00824708066508547,0.002771084501555053,0.0016494161330170946,2.164337443567214,1.1009649762044023,0.21643374435672147,0.22019299524088054
1174,0.1,10.0,20.0,2.0,0,20.0,1.9999999999999996,1.8789435930564942,0.9040587676977162,0.0939471796528247,0.4520293838488582,0.10818679095016186,0.06834855839122729,0.005409339547508093,0.03417427919561365,0.023148562083971556,0.006898446276591921,0.0011574281041985778,0.0034492231382959614,2.6694748375169404,1.4007363937197501,0.133473741875847,0.7003681968598752
1174,0.1,10.0,20.0,2.0,1,20.000000000000007,1.9999999999999996,17.79056559326409,2.8618777059050067,0.8895282796632042,1.4309388529525036,6.835283900804464,1.2925232632775259,0.3417641950402231,0.646261631638763,0.18597232926287935,0.03737614359259296,0.009298616463143963,0.018688071796296484,27.71251971371991,5.160156192018451,1.385625985685995,2.5800780960092258
1174,0.1,10.0,20.0,2.0,2,20.000000000000004,1.9999999999999996,4.394321384580044,2.211450377960805,0.21971606922900216,1.1057251889804027,0.24073974966683212,0.11003232797410378,0.012036987483341604,0.055016163987051905,0.03380708387149741,0.007769164969665662,0.0016903541935748701,0.003884582484832832,0.6496274090603021,0.27263874256444015,0.0324813704530151,0.1363193712822201
1174,0.1,10.0,20.0,2.0,3,20.0,2.0,1.2799525140408525,0.7046478605030837,0.06399762570204262,0.35232393025154185,0.1007339777424165,0.06651471621041419,0.005036698887120826,0.033257358105207094,0.03857479409712484,0.01019567186520404,0.001928739704856242,0.00509783593260202,1.6158888620515812,0.9178673919369573,0.08079444310257906,0.45893369596847866
1174,0.1,10.0,20.0,5.0,0,19.999999999999996,5.0,4.258368677757972,1.4133327442590389,0.21291843388789866,0.28266654885180775,1.1494868798425537,0.35289073338344346,0.0574743439921277,0.07057814667668869,0.32983042904803556,0.09574389597791653,0.01649152145240178,0.019148779195583308,11.929417100290063,3.8535809711921383,0.5964708550145033,0.7707161942384276
1174,0.1,10.0,20.0,5.0,1,20.000000000000004,5.0,2.1690194578292923,0.9701211607812905,0.10845097289146459,0.1940242321562581,0.11570693816348897,0.06933242049759847,0.005785346908174447,0.013866484099519693,0.027053909468309042,0.008062474646928126,0.001352695473415452,0.0016124949293856252,4.939954211655194,2.316247813677152,0.24699771058275966,0.4632495627354304
1174,0.1,10.0,20.0,5.0,2,19.999999999999996,4.999999999999999,3.901226004979992,1.1532218817331843,0.19506130024899962,0.2306443763466369,0.1218648716700301,0.06936627517482159,0.006093243583501506,0.01387325503496432,0.030414237102570796,0.008890780485500857,0.0015207118551285401,0.0017781560971001718,1.7305677278354146,0.2460318451199043,0.08652838639177074,0.04920636902398087
1174,0.1,10.0,20.0,5.0,3,20.0,4.999999999999999,12.7208378979834,1.609656281742463,0.63604189489917,0.3219312563484926,9.961053275925547,2.1824066363673404,0.49805266379627733,0.43648132727346817,0.2656933424682928,0.07982126980715426,0.01328466712341464,0.015964253961430856,13.45248485846548,2.9015962615666284,0.672624242923274,0.5803192523133258
1174,0.2,0.0,5.0,2.0,0,5.0,2.0,0.026533696004571,0.008966820045550238,0.0053067392009142,0.004483410022775119,0.03885944461688438,0.011297153363643045,0.007771888923376875,0.005648576681821523,0.018612919520938045,0.011583833392685022,0.003722583904187609,0.005791916696342511,0.018439492430656703,0.007252698948981047,0.0036878984861313407,0.0036263494744905233
1174,0.2,0.0,5.0,2.0,1,5.0,2.0,0.02657133785336979,0.008979017047387107,0.005314267570673958,0.0044895085236935535,0.0389996324930119,0.011325596459529526,0.00779992649860238,0.005662798229764763,0.01860341708871448,0.01158103454752743,0.003720683417742896,0.005790517273763715,0.030427814336857734,0.01712959372680918,0.006085562867371547,0.00856479686340459
1174,0.2,0.0,5.0,2.0,2,4.999999999999998,2.0,0.026449010697636464,0.00896022174228119,0.005289802139527295,0.004480110871140595,0.03894512310144202,0.011319191775514463,0.007789024620288407,0.005659595887757231,0.018592766483502065,0.011566952707995345,0.003718553296700414,0.005783476353997672,0.04237673988343902,0.023020079875334973,0.008475347976687806,0.011510039937667487
1174,0.2,0.0,5.0,2.0,3,4.999999999999998,2.0,0.026579676526495635,0.008978365162024531,0.005315935305299129,0.004489182581012266,0.03896068615034265,0.011318860222275212,0.007792137230068533,0.005659430111137606,0.018633806755501164,0.01158891929407324,0.0037267613511002343,0.00579445964703662,0.06000573590100127,0.02118720771032662,0.012001147180200258,0.01059360385516331
1174,0.2,0.0,5.0,5.0,0,5.000000000000001,5.0,0.026483856040262547,0.008972606375985114,0.005296771208052509,0.0017945212751970228,0.03871231896847031,0.01129022765324618,0.007742463793694062,0.0022580455306492357,0.01864027791226641,0.011602874433769188,0.003728055582453281,0.0023205748867538376,0.018280935375110656,0.00724782078274195,0.0036561870750221304,0.00144956415654839
1174,0.2,0.0,5.0,5.0,1,5.000000000000001,5.0,0.026348012661914725,0.008958350209523631,0.005269602532382944,0.0017916700419047262,0.03868502872912907,0.011289025114990059,0.007737005745825813,0.002257805022998012,0.01845112654396652,0.011478348968393294,0.003690225308793303,0.0022956697936786586,0.030341750683262,0.017054625224700384,0.006068350136652399,0.003410925044940077
1174,0.2,0.0,5.0,5.0,2,5.0,4.999999999999999,0.026563775717242877,0.008992545458678138,0.005312755143448576,0.001798509091735628,0.03888314305861514,0.01132434661936134,0.007776628611723029,0.0022648693238722685,0.018653630220786838,0.011598522052455635,0.0037307260441573676,0.0023197044104911273,0.04233923693946732,0.02302222296833508,0.008467847387893464,0.004604444593667017
1174,0.2,0.0,5.0,5.0,3,5.0,4.999999999999998,0.026639995264793877,0.00899634229824368,0.005327999052958775,0.0017992684596487367,0.03898292049466214,0.011333179677717922,0.007796584098932429,0.0022666359355435852,0.01858751623712553,0.011561909256243003,0.003717503247425106,0.002312381851248601,0.06004962324192811,0.021181264147482216,0.012009924648385623,0.004236252829496445
1174,0.2,0.0,10.0,2.0,0,9.999999999999998,1.9999999999999996,0.026583818622892497,0.00897349141738293,0.00265838186228925,0.004486745708691466,0.03892536480137937,0.011321532983347992,0.0038925364801379375,0.005660766491673997,0.018584026170326708,0.011561124763903008,0.0018584026170326712,0.005780562381951505,0.018423961271322856,0.007234530945717279,0.0018423961271322859,0.0036172654728586404
1174,0.2,0.0,10.0,2.0,1,10.0,1.9999999999999996,0.025964368521625928,0.00899059765447187,0.002596436852162593,0.004495298827235936,0.03952866384384439,0.011501215996768933,0.0039528663843844385,0.005750607998384468,0.019065945193357275,0.011871490401526762,0.0019065945193357276,0.0059357452007633826,0.030452107191031346,0.01699277808913795,0.0030452107191031347,0.008496389044568977
1174,0.2,0.0,10.0,2.0,2,10.0,1.9999999999999996,0.026531119284244214,0.008968275548461333,0.002653111928424421,0.0044841377742306674,0.03895582716062223,0.011305316878330965,0.003895582716062223,0.005652658439165483,0.01861219101984827,0.011572814206503764,0.001861219101984827,0.005786407103251883,0.04234585443247008,0.02302237760613228,0.0042345854432470085,0.011511188803066142
1174,0.2,0.0,10.0,2.0,3,10.000000000000002,2.0,0.026446201526368864,0.00895795105780798,0.002644620152636886,0.00447897552890399,0.03881707832042126,0.011301277081037632,0.003881707832042125,0.005650638540518816,0.018612114860118826,0.011567001602908474,0.0018612114860118822,0.005783500801454237,0.05998059074655194,0.02117808184427283,0.005998059074655193,0.010589040922136415
1174,0.2,0.0,10.0,5.0,0,10.0,5.000000000000001,0.026342193330780812,0.00897440116179473,0.0026342193330780813,0.0017948802323589457,0.03876299011985975,0.011310936338571078,0.0038762990119859753,0.002262187267714215,0.018458510642374526,0.0114751961879724,0.0018458510642374525,0.0022950392375944797,0.018129489189239626,0.00723389474187936,0.0018129489189239625,0.0014467789483758719
1174,0.2,0.0,10.0,5.0,1,9.999999999999998,4.999999999999999,0.026513076370884743,0.008686507273563604,0.0026513076370884747,0.001737301454712721,0.040551054052855896,0.011184487598351982,0.0040551054052855905,0.002236897519670397,0.01469163102870296,0.009090051636531024,0.0014691631028702964,0.001818010327306205,0.03203095212274333,0.01841124974470657,0.0032030952122743335,0.0036822499489413143
1174,0.2,0.0,10.0,5.0,2,10.0,5.0,0.02665415063294436,0.008994827416842733,0.002665415063294436,0.0017989654833685466,0.03904785621332805,0.01132671126000778,0.0039047856213328047,0.002265342252001556,0.01859728702618736,0.011575781308955917,0.001859728702618736,0.0023151562617911834,0.04231693197012677,0.023009634334443647,0.004231693197012677,0.004601926866888729
1174,0.2,0.0,10.0,5.0,3,10.0,5.0,0.02363878953542928,0.008613953841669707,0.002363878953542928,0.0017227907683339413,0.0402711393162802,0.011610084432379151,0.00402711393162802,0.0023220168864758303,0.018706391144201456,0.011416090513802234,0.0018706391144201456,0.002283218102760447,0.05737826992339014,0.020900257830730195,0.005737826992339014,0.004180051566146039
1174,0.2,0.0,20.0,2.0,0,20.000000000000004,2.0,0.026535034991762334,0.00897138340127063,0.0013267517495881165,0.004485691700635315,0.03899620648809035,0.011320346795791364,0.0019498103244045173,0.005660173397895682,0.01856109577186129,0.01153722840307978,0.0009280547885930643,0.00576861420153989,0.018470883491278723,0.007243184008526292,0.000923544174563936,0.003621592004263146
1174,0.2,0.0,20.0,2.0,1,20.0,2.0,1.215592132545482,0.13640064322925446,0.060779606627274094,0.06820032161462723,0.03265952784070063,0.010172618341235402,0.0016329763920350313,0.005086309170617701,7.7870504911992136,2.4234029004083184,0.38935252455996067,1.2117014502041592,22.315077083025113,6.064974449655385,1.1157538541512557,3.0324872248276926
1174,0.2,0.0,20.0,2.0,2,20.0,2.0,2.0186128146389053,0.4008308002827017,0.10093064073194527,0.20041540014135084,0.3810195580247385,0.10311348297867172,0.019050977901236926,0.05155674148933586,3.6416570843929055,1.1864780698284831,0.18208285421964526,0.5932390349142416,2.5835145891565996,0.8338378078026919,0.12917572945782999,0.41691890390134595
1174,0.2,0.0,20.0,2.0,3,20.0,2.0,0.026340344150927408,0.008990545707303748,0.0013170172075463705,0.004495272853651874,0.038862597061839775,0.011328456622103451,0.0019431298530919888,0.0056642283110517255,0.018006043559525037,0.011228286024732427,0.0009003021779762519,0.005614143012366213,0.06077963252260428,0.021374391685686153,0.003038981626130214,0.010687195842843077
1174,0.2,0.0,20.0,5.0,0,20.0,5.0,0.026828823225778814,0.00900208620357208,0.0013414411612889406,0.0018004172407144162,0.03926608672148349,0.01134984929746253,0.0019633043360741745,0.002269969859492506,0.018738149133080136,0.011645565713508525,0.0009369074566540068,0.002329113142701705,0.01885431182293762,0.0072663144835456855,0.000942715591146881,0.0014532628967091372
1174,0.2,0.0,20.0,5.0,1,20.0,5.0,0.10349030209789682,0.03810043798809157,0.005174515104894841,0.0076200875976183136,0.16065981643768468,0.04637468038196582,0.008032990821884235,0.009274936076393164,4.267304491610469,1.4914374341247447,0.21336522458052345,0.29828748682494893,6.914577387616031,2.1378999424278344,0.34572886938080155,0.4275799884855669
1174,0.2,0.0,20.0,5.0,2,20.000000000000007,5.0,2.7362812612910377,0.8581713436545457,0.13681406306455182,0.17163426873090915,0.5449183914402717,0.18449131938475416,0.027245919572013572,0.03689826387695083,16.127059901573517,5.783897589575162,0.8063529950786755,1.1567795179150324,19.984614859950018,6.7533803825639405,0.9992307429975005,1.350676076512788
1174,0.2,0.0,20.0,5.0,3,20.0,5.0,0.026561420848684982,0.008971520990567935,0.0013280710424342492,0.001794304198113587,0.03902786322119252,0.011338696674859101,0.001951393161059626,0.00226773933497182,0.018633674889600178,0.011597813627021305,0.0009316837444800089,0.002319562725404261,0.060051480064118666,0.02120062020788565,0.0030025740032059334,0.00424012404157713
1174,0.2,2.0,5.0,2.0,0,5.0,2.0,4.65019416958477,3.0175379103181004,0.9300388339169541,1.5087689551590502,1.385785362075956,0.7774344666751632,0.27715707241519116,0.3887172333375816,0.018607047784314882,0.011575526106775862,0.0037214095568629765,0.005787763053387931,4.563311863391251,3.5174667471979313,0.9126623726782501,1.7587333735989656
1174,0.2,2.0,5.0,2.0,1,4.999999999999998,2.0,4.650142439773447,3.017549156587212,0.9300284879546897,1.508774578293606,1.386725287700234,0.7778981792615766,0.2773450575400469,0.3889490896307883,0.018567981751010775,0.011558083040531,0.0037135963502021563,0.0057790415202655,3.451723082351424,1.9319963842275096,0.6903446164702851,0.9659981921137548
1174,0.2,2.0,5.0,2.0,2,5.000000000000001,1.9999999999999996,4.650250782345767,3.017499592154179,0.9300501564691531,1.50874979607709,1.3879600533080723,0.7785632775309855,0.27759201066161443,0.3892816387654929,0.018663526787755187,0.011598399281997556,0.0037327053575510367,0.005799199640998779,1.984301079724085,1.2088011032072246,0.3968602159448169,0.6044005516036124
1174,0.2,2.0,5.0,2.0,3,5.0,2.0,4.650217347917952,3.0175311093239823,0.9300434695835904,1.5087655546619911,1.3886383130793787,0.7789145261524053,0.2777276626158757,0.38945726307620265,0.018600942260227404,0.011574644719545384,0.003720188452045481,0.005787322359772692,5.7913558136591705,3.919529520146442,1.158271162731834,1.959764760073221
1174,0.2,2.0,5.0,5.0,0,5.000000000000001,5.0,4.650058767289829,3.0175617380156607,0.9300117534579656,0.6035123476031321,1.6504708016662428,0.912079584446391,0.3300941603332485,0.18241591688927822,0.018712900336053318,0.011657220741379457,0.003742580067210663,0.0023314441482758914,4.563296535973026,3.517523628797783,0.9126593071946051,0.7035047257595566
1174,0.2,2.0,5.0,5.0,1,5.0,5.0,4.6501960587797395,3.01752854244941,0.930039211755948,0.6035057084898819,1.3861949126021027,0.7776334798390552,0.27723898252042056,0.15552669596781105,0.018673115019332054,0.01163446853997036,0.003734623003866411,0.0023268937079940722,3.4516509255200845,1.9319588597925146,0.6903301851040169,0.38639177195850294
1174,0.2,2.0,5.0,5.0,2,5.0,5.0,4.650320768693768,3.0174247126802123,0.9300641537387536,0.6034849425360425,1.3827345843445413,0.7758562107077519,0.27654691686890825,0.15517124214155037,0.018637332289113403,0.011580761780274363,0.0037274664578226804,0.0023161523560548724,1.9843123518896093,1.2088057866934176,0.3968624703779219,0.24176115733868353
1174,0.2,2.0,5.0,5.0,3,5.0,5.0,4.650268909523557,3.0174860070864002,0.9300537819047114,0.60349720141728,1.3932203376220786,0.7812339103021393,0.27864406752441573,0.15624678206042786,0.018576739537870472,0.011546511065052214,0.0037153479075740944,0.0023093022130104427,5.791320016530444,3.9194920095796912,1.158264003306089,0.7838984019159383
1174,0.2,2.0,10.0,2.0,0,10.0,1.9999999999999996,4.649944964038082,3.017505684052469,0.4649944964038082,1.508752842026235,1.4084991228792625,0.7891054060839874,0.14084991228792626,0.3945527030419938,0.018522393345450198,0.011514183879646034,0.0018522393345450198,0.005757091939823018,4.563155037964543,3.518304369182757,0.45631550379645425,1.759152184591379
1174,0.2,2.0,10.0,2.0,1,10.0,2.0,4.6501489903410524,3.0175558379229654,0.46501489903410526,1.5087779189614827,1.3933741967137476,0.7813441916805685,0.13933741967137475,0.39067209584028423,0.01863272644612844,0.011588768447207154,0.0018632726446128438,0.005794384223603577,3.451672761202263,1.9319861774764722,0.3451672761202263,0.9659930887382361
1174,0.2,2.0,10.0,2.0,2,9.999999999999998,2.0,4.6501997953917416,3.0175352409651657,0.46501997953917423,1.5087676204825828,1.3891702708922753,0.7791909454741629,0.13891702708922754,0.38959547273708145,0.018562898769849723,0.011551701707717908,0.0018562898769849726,0.005775850853858954,1.9843046677679752,1.2088035156354444,0.19843046677679754,0.6044017578177222
1174,0.2,2.0,10.0,2.0,3,10.000000000000002,1.9999999999999996,4.650180647539161,3.017514227261018,0.465018064753916,1.5087571136305093,1.3831122890750835,0.7760629912851281,0.13831122890750833,0.3880314956425642,0.018607699866401598,0.011574084617334918,0.0018607699866401595,0.00578704230866746,5.791322197604058,3.9194997087819834,0.5791322197604056,1.9597498543909921
1174,0.2,2.0,10.0,5.0,0,9.999999999999998,5.0,4.650162298325208,3.017551695366475,0.4650162298325209,0.603510339073295,1.4046226928842847,0.7871579570086282,0.14046226928842848,0.15743159140172563,0.01872065549215493,0.01164590540720376,0.0018720655492154934,0.002329181081440752,4.563339954286936,3.5174831780684137,0.45633399542869363,0.7034966356136827
1174,0.2,2.0,10.0,5.0,1,10.0,5.0,4.650082392314533,3.017557580841357,0.4650082392314533,0.6035115161682714,1.4685455068641602,0.8199245939000822,0.146854550686416,0.16398491878001645,0.018609358855933525,0.011582137475085411,0.0018609358855933525,0.0023164274950170823,3.451718153541916,1.9320034149386776,0.3451718153541916,0.3864006829877355
1174,0.2,2.0,10.0,5.0,2,10.0,4.999999999999998,4.650172746701857,3.017658519398998,0.4650172746701857,0.6035317038797998,2.0594877921828716,1.118535852740495,0.20594877921828716,0.22370717054809908,0.018848651381835144,0.011779377976685329,0.0018848651381835144,0.0023558755953370664,1.9838364595698263,1.2085726727042296,0.19838364595698263,0.24171453454084602
1174,0.2,2.0,10.0,5.0,3,10.0,5.0,4.649945442389978,3.0175864531591015,0.4649945442389978,0.6035172906318202,1.8078632921083488,0.9913758909935323,0.18078632921083487,0.19827517819870646,0.018559512281641922,0.01157344153325085,0.0018559512281641922,0.00231468830665017,5.791395748511861,3.9195529952960726,0.5791395748511861,0.7839105990592146
1174,0.2,2.0,20.0,2.0,0,19.999999999999996,1.9999999999999991,4.661112848222116,3.0232202586376244,0.23305564241110582,1.511610129318813,4.872887648702617,2.5535775692603937,0.24364438243513092,1.2767887846301975,0.22880350823261827,0.07127133518895652,0.011440175411630915,0.035635667594478275,4.567326039569471,3.534818701598615,0.22836630197847357,1.7674093507993085
1174,0.2,2.0,20.0,2.0,1,20.0,2.0,4.649945755394367,3.017583717661559,0.23249728776971837,1.5087918588307796,1.739193931537401,0.9567836158103528,0.08695969657687005,0.4783918079051764,0.01872374666850253,0.011732620675607834,0.0009361873334251265,0.005866310337803917,3.451566433637467,1.9319012666526059,0.17257832168187334,0.9659506333263029
1174,0.2,2.0,20.0,2.0,2,20.0,2.0,4.65130194494736,3.017269246164983,0.23256509724736799,1.5086346230824914,1.8261085008102316,1.0019521647829435,0.09130542504051158,0.5009760823914717,0.019056174496618995,0.012013361888500631,0.0009528087248309497,0.0060066809442503154,1.9840332970037833,1.2086740197276893,0.09920166485018916,0.6043370098638446
1174,0.2,2.0,20.0,2.0,3,20.0,2.0,9.217490672466203,4.514718452395463,0.46087453362331016,2.2573592261977313,14.493751851805376,6.134327383416333,0.7246875925902688,3.0671636917081666,5.003099302078637,1.7457250695586815,0.25015496510393187,0.8728625347793407,23.848582123056172,8.629367597214458,1.1924291061528085,4.314683798607229
1174,0.2,2.0,20.0,5.0,0,20.0,4.999999999999999,4.650701487622473,3.014888839461027,0.23253507438112364,0.6029777678922055,2.756175645106167,1.4494633622797777,0.13780878225530835,0.28989267245595557,0.021399433013000107,0.013268052943254973,0.0010699716506500053,0.002653610588650995,4.562403346845466,3.510596123800604,0.2281201673422733,0.7021192247601209
1174,0.2,2.0,20.0,5.0,1,20.0,4.999999999999999,4.646826143791695,3.016596339904415,0.23234130718958473,0.6033192679808831,2.256922549953709,1.22501820103346,0.11284612749768545,0.24500364020669205,0.017863750802210244,0.01125069045320589,0.0008931875401105122,0.0022501380906411786,3.476713966726736,1.9954089386868763,0.1738356983363368,0.39908178773737535
1174,0.2,2.0,20.0,5.0,2,20.000000000000004,4.999999999999998,4.235338988904183,2.9398810301418856,0.2117669494452091,0.5879762060283773,5.405769457441124,3.231942905910166,0.27028847287205615,0.6463885811820335,8.104575227920778,1.9060587692564657,0.4052287613960388,0.38121175385129324,7.098438949668675,1.7114805323111772,0.3549219474834337,0.34229610646223557
1174,0.2,2.0,20.0,5.0,3,20.0,5.0,5.135615995800752,2.3255692941027366,0.2567807997900376,0.46511385882054734,9.592011019239223,4.70910145649218,0.47960055096196114,0.9418202912984359,20.130206376149996,7.168384906709002,1.0065103188074997,1.4336769813418004,19.42971853258362,6.651972747040027,0.9714859266291811,1.3303945494080054
1174,0.2,5.0,5.0,2.0,0,5.000000000000001,1.9999999999999996,5.081039671171223,3.218497778802518,1.0162079342342445,1.6092488894012595,0.3352011613172649,0.16585012855371625,0.06704023226345297,0.08292506427685814,0.018654212517894828,0.01159825912773324,0.003730842503578965,0.005799129563866621,4.971240599283821,4.0697454605395516,0.994248119856764,2.034872730269776
1174,0.2,5.0,5.0,2.0,1,5.0,1.9999999999999996,5.1310405126835334,3.2461493981403495,1.0262081025367067,1.6230746990701752,0.33510444904684955,0.16584049142816276,0.0670208898093699,0.0829202457140814,0.018656164537724652,0.01160222203065225,0.0037312329075449304,0.005801111015326126,2.140279235241903,1.2070410712049737,0.42805584704838057,0.603520535602487
1174,0.2,5.0,5.0,2.0,2,5.0,1.9999999999999996,5.311341667963402,3.3468598593907433,1.0622683335926804,1.673429929695372,0.33514585943610187,0.1658425111211971,0.06702917188722038,0.08292125556059857,0.018611549204356793,0.011581702945248684,0.0037223098408713587,0.005790851472624343,1.7315945577883065,0.9900080287381832,0.3463189115576613,0.4950040143690917
1174,0.2,5.0,5.0,2.0,3,5.000000000000001,1.9999999999999996,5.07577992792476,3.2144539239628673,1.015155985584952,1.607226961981434,0.3351705388149998,0.1658443564710762,0.06703410776299995,0.08292217823553812,0.018590189180247463,0.0115549125252233,0.0037180378360494918,0.0057774562626116506,8.864682100003687,5.627333268617624,1.7729364200007371,2.8136666343088126
1174,0.2,5.0,5.0,5.0,0,5.0,5.0,4.463529028677456,2.8699100953640295,0.8927058057354913,0.5739820190728059,0.33522103335065573,0.16586629029230404,0.06704420667013114,0.03317325805846081,0.018500324963797877,0.011518206911466934,0.0037000649927595754,0.002303641382293387,4.212937294922296,3.333399083045732,0.8425874589844591,0.6666798166091464
1174,0.2,5.0,5.0,5.0,1,5.000000000000001,5.0,5.499291584500066,3.452913746696199,1.099858316900013,0.6905827493392398,0.33519205792180795,0.16585382187460923,0.06703841158436158,0.03317076437492185,0.018464554645203874,0.011476795128713262,0.003692910929040774,0.0022953590257426522,2.1474784527564816,1.2110786752707585,0.42949569055129627,0.2422157350541517
1174,0.2,5.0,5.0,5.0,2,5.000000000000001,5.0,5.013093824605346,3.181191075386165,1.0026187649210692,0.636238215077233,0.33516578010872344,0.1658370072469725,0.06703315602174467,0.0331674014493945,0.018647890399622356,0.011594626125595631,0.0037295780799244706,0.0023189252251191264,1.7314864213059549,0.9899456547723284,0.3462972842611909,0.1979891309544657
1174,0.2,5.0,5.0,5.0,3,5.0,5.0,5.872548315663317,3.658321846957004,1.1745096631326635,0.7316643693914008,0.33519571648564994,0.16585474387187066,0.06703914329712998,0.03317094877437413,0.01860318271880323,0.011571490384894264,0.003720636543760646,0.0023142980769788528,11.732062262591198,7.462734789137533,2.3464124525182397,1.4925469578275066
1174,0.2,5.0,10.0,2.0,0,10.0,2.0,5.3824707076354175,3.387566894657282,0.5382470707635417,1.693783447328641,0.33517593750616953,0.16583873192966272,0.033517593750616956,0.08291936596483136,0.018556560841272163,0.011563271860584933,0.0018556560841272163,0.005781635930292467,5.73592823992901,4.989273797706199,0.573592823992901,2.4946368988530994
1174,0.2,5.0,10.0,2.0,1,9.999999999999998,2.0,5.188084023304261,3.2831907113099987,0.5188084023304261,1.6415953556549994,0.33526892639386136,0.16585658041032986,0.033526892639386144,0.08292829020516493,0.018636773636937012,0.011547003797896572,0.0018636773636937017,0.005773501898948286,2.152943830850496,1.2140971785494505,0.21529438308504964,0.6070485892747253
1174,0.2,5.0,10.0,2.0,2,10.0,1.9999999999999996,4.740115928566728,3.0268233086089373,0.47401159285667277,1.5134116543044691,0.33516723756462363,0.16584656407857126,0.03351672375646236,0.08292328203928565,0.018582646171867966,0.011568311165097942,0.0018582646171867966,0.005784155582548972,1.731349851599512,0.9898633987781087,0.1731349851599512,0.49493169938905446
1174,0.2,5.0,10.0,2.0,3,10.0,2.0,5.636708410626713,3.5445916718743673,0.5636708410626713,1.7722958359371837,0.3353240967744635,0.16589457254140735,0.03353240967744635,0.08294728627070368,0.018508790490509304,0.011418743226750207,0.0018508790490509304,0.005709371613375104,11.597352597282493,7.384513045540547,1.1597352597282493,3.6922565227702737
1174,0.2,5.0,10.0,5.0,0,10.0,5.0,15.004593416874494,9.079879908938388,1.5004593416874494,1.8159759817876775,10.628685166990302,5.3374439714461515,1.0628685166990302,1.0674887942892304,0.02115226287081237,0.00716605701480738,0.0021152262870812373,0.001433211402961476,9.097196405260963,11.54603327133401,0.9097196405260963,2.309206654266802
1174,0.2,5.0,10.0,5.0,1,10.0,4.999999999999999,5.151941840643804,3.2565772272440143,0.5151941840643804,0.6513154454488029,0.3351834388961822,0.16585467734033169,0.03351834388961822,0.03317093546806634,0.018669014972378644,0.011621582500262765,0.0018669014972378644,0.0023243165000525535,2.1418489195809505,1.20791826953939,0.21418489195809504,0.24158365390787803
1174,0.2,5.0,10.0,5.0,2,10.0,5.0,5.8416986467261145,3.640167585049441,0.5841698646726114,0.7280335170098882,0.3351295085432162,0.16584048626395137,0.03351295085432162,0.033168097252790275,0.018579929490485023,0.011566696008650228,0.0018579929490485023,0.0023133392017300456,1.731826154135039,0.9901272521953423,0.1731826154135039,0.19802545043906844
1174,0.2,5.0,10.0,5.0,3,10.0,4.999999999999999,4.972370639519788,3.157624448343901,0.4972370639519788,0.6315248896687803,0.3351619811796192,0.16584062534943694,0.03351619811796192,0.033168125069887394,0.018579623279516965,0.01157323714331734,0.0018579623279516965,0.0023146474286634684,8.667710876190547,5.503285860141699,0.8667710876190547,1.10065717202834
1174,0.2,5.0,20.0,2.0,0,20.000000000000007,2.0,5.174865443455744,3.2724675703539376,0.2587432721727871,1.6362337851769688,0.33516972822632973,0.1658382545816053,0.01675848641131648,0.08291912729080265,0.0185723986358201,0.011531240596689928,0.0009286199317910046,0.005765620298344964,5.1509142437645465,4.378643132932783,0.25754571218822725,2.1893215664663916
1174,0.2,5.0,20.0,2.0,1,20.0,1.9999999999999996,4.816562432895083,3.1250603383198268,0.24082812164475415,1.5625301691599138,0.37511266348695466,0.16469514799272536,0.01875563317434773,0.0823475739963627,0.3060431192956158,0.09334720085931995,0.01530215596478079,0.046673600429659984,9.06225897414483,2.602386558978484,0.4531129487072415,1.3011932794892422
1174,0.2,5.0,20.0,2.0,2,20.0,1.9999999999999996,5.483786166197941,3.4299698736131563,0.2741893083098971,1.7149849368065786,0.3351717011747381,0.16580485353198288,0.016758585058736904,0.08290242676599145,0.01893028633478297,0.011762480868033791,0.0009465143167391484,0.005881240434016897,1.733388285185201,0.990973435737938,0.08666941425926004,0.4954867178689691
1174,0.2,5.0,20.0,2.0,3,20.0,2.0,7.092725972700962,4.275502905817748,0.3546362986350481,2.137751452908874,0.477693382084535,0.18221645661249733,0.02388466910422675,0.09110822830624866,0.060811358978329295,0.024018091245857815,0.0030405679489164646,0.012009045622928908,11.750602569158929,7.477961665815229,0.5875301284579464,3.7389808329076146
1174,0.2,5.0,20.0,5.0,0,20.0,5.0,9.40007568797128,5.716211737178166,0.47000378439856394,1.1432423474356332,0.335552483479338,0.16641328884774056,0.0167776241739669,0.03328265776954811,0.019014710323517404,0.012039829164798559,0.0009507355161758702,0.002407965832959712,10.540116721883061,10.956185265030886,0.5270058360941531,2.1912370530061773
1174,0.2,5.0,20.0,5.0,1,19.999999999999993,4.999999999999998,14.984682945606872,7.154724836257704,0.7492341472803439,1.4309449672515413,13.954999807876892,5.151385520655226,0.6977499903938448,1.0302771041310455,6.0425463389284975,1.597914491811884,0.302127316946425,0.3195828983623769,15.790494253623809,4.2213003385072785,0.7895247126811907,0.844260067701456
1174,0.2,5.0,20.0,5.0,2,19.999999999999996,4.999999999999999,10.686557220207273,7.838133198028029,0.5343278610103638,1.567626639605606,9.583884034615426,5.96874565751799,0.47919420173077143,1.1937491315035982,0.3103336888793751,0.11131425135027699,0.015516684443968759,0.022262850270055402,2.295085526090621,1.2558570084038974,0.11475427630453107,0.2511714016807795
1174,0.2,5.0,20.0,5.0,3,20.000000000000004,5.000000000000002,5.147436048517783,3.249720950115234,0.2573718024258891,0.6499441900230466,0.3345094674320513,0.1658292734051008,0.016725473371602562,0.03316585468102015,0.018571496969686956,0.011723003648806561,0.0009285748484843476,0.0023446007297613113,9.065161950302937,5.74432507836586,0.45325809751514673,1.1488650156731717
1174,0.2,10.0,5.0,2.0,0,5.000000000000001,1.9999999999999996,4.823731770085047,2.888589458099413,0.9647463540170091,1.4442947290497068,0.24589403589318412,0.15103034898513223,0.04917880717863682,0.07551517449256613,0.018601329044046443,0.011575324056747825,0.003720265808809288,0.005787662028373913,7.1996974286463,4.331904641608707,1.4399394857292598,2.165952320804354
1174,0.2,10.0,5.0,2.0,1,5.000000000000001,2.0,4.854645440965438,2.9046214948933873,0.9709290881930874,1.4523107474466936,0.24589287775167049,0.15103081681839003,0.049178575550334086,0.07551540840919502,0.018574957789668504,0.011564076120922799,0.0037149915579337,0.0057820380604613995,3.9923363314148017,1.725739945212573,0.7984672662829602,0.8628699726062865
1174,0.2,10.0,5.0,2.0,2,5.0,2.0,4.886899827590688,2.9219283893187313,0.9773799655181377,1.4609641946593657,0.24594463110376072,0.1510285519374738,0.04918892622075215,0.0755142759687369,0.01862280984652486,0.011583179520381057,0.003724561969304972,0.005791589760190528,0.9718497474032171,0.3829372408914498,0.1943699494806434,0.1914686204457249
1174,0.2,10.0,5.0,2.0,3,5.0,1.9999999999999996,4.866873855371602,2.910801655267748,0.9733747710743204,1.4554008276338741,0.24590680416619348,0.15102348339241287,0.049181360833238694,0.07551174169620645,0.018571821791008126,0.011553821506380867,0.003714364358201625,0.005776910753190434,7.258093379582094,3.4306611860234826,1.451618675916419,1.7153305930117417
1174,0.2,10.0,5.0,5.0,0,5.0,5.0,4.889865633619061,2.921295303993748,0.9779731267238121,0.5842590607987497,0.2459280266263588,0.15103279669248132,0.04918560532527176,0.030206559338496263,0.018617867367408312,0.011581891592748883,0.0037235734734816623,0.002316378318549777,7.866717858329058,4.82504191629209,1.5733435716658115,0.965008383258418
1174,0.2,10.0,5.0,5.0,1,5.0,5.000000000000001,4.766886620748132,2.8520625000751836,0.9533773241496265,0.5704125000150366,0.24588628369985355,0.15101714240466466,0.04917725673997071,0.030203428480932926,0.01859375835422835,0.011590199187238704,0.00371875167084567,0.0023180398374477405,3.990110334844061,1.7248019824249257,0.7980220669688122,0.34496039648498505
1174,0.2,10.0,5.0,5.0,2,5.000000000000001,5.0,4.837331567434568,2.893511689909992,0.9674663134869134,0.5787023379819984,0.24589706624850785,0.15103978864950818,0.04917941324970156,0.030207957729901636,0.018587398171103792,0.011567243756019486,0.0037174796342207576,0.0023134487512038973,0.9718165531356603,0.38295325107738465,0.19436331062713202,0.07659065021547692
1174,0.2,10.0,5.0,5.0,3,4.999999999999999,4.999999999999999,4.8419781807662154,2.895499893662286,0.9683956361532433,0.5790999787324573,0.2459275641783676,0.1510292342091611,0.04918551283567353,0.030205846841832223,0.018636160300896928,0.011596128911853548,0.0037272320601793862,0.00231922578237071,7.171529417814347,3.389859421156932,1.4343058835628697,0.6779718842313865
1174,0.2,10.0,10.0,2.0,0,9.999999999999998,2.0,4.93782279085897,2.9440774742035005,0.4937822790858971,1.4720387371017503,0.24593918746975552,0.15105083306701753,0.024593918746975557,0.07552541653350876,0.018595218878621426,0.011568390245545363,0.001859521887862143,0.0057841951227726816,7.987462066081791,4.907416544076331,0.7987462066081793,2.4537082720381655
1174,0.2,10.0,10.0,2.0,1,10.0,1.9999999999999996,4.865173354813517,2.912880996025262,0.4865173354813517,1.4564404980126313,0.24592205489284236,0.15102711659063475,0.024592205489284237,0.07551355829531739,0.018584441592317053,0.011578556113408864,0.0018584441592317054,0.005789278056704433,3.992926561142883,1.7259802399303752,0.3992926561142883,0.8629901199651878
1174,0.2,10.0,10.0,2.0,2,10.0,2.0,4.848339089314191,2.9018428790211046,0.4848339089314191,1.4509214395105523,0.24587853737736082,0.15102290220681333,0.02458785373773608,0.07551145110340667,0.018648958610289253,0.01157699859942732,0.0018648958610289253,0.00578849929971366,0.9718547718057634,0.38293291374215715,0.09718547718057634,0.19146645687107858
1174,0.2,10.0,10.0,2.0,3,9.999999999999996,2.0000000000000004,4.768510342588314,2.8662051333062335,0.4768510342588316,1.4331025666531165,0.24596101211362026,0.15104459139465085,0.024596101211362034,0.07552229569732541,0.01853507132300298,0.011535661330348262,0.0018535071323002984,0.00576783066517413,7.1679804184681135,3.3685034512421845,0.7167980418468116,1.6842517256210918
1174,0.2,10.0,10.0,5.0,0,10.000000000000004,5.0,5.028510187354578,3.0146424685327733,0.5028510187354576,0.6029284937065547,0.24589292522401432,0.15102927305582012,0.024589292522401423,0.030205854611164023,0.018556337961723107,0.01154133744371401,0.00185563379617231,0.002308267488742802,8.696019365358724,5.442490829137182,0.8696019365358721,1.0884981658274364
1174,0.2,10.0,10.0,5.0,1,10.0,5.0,4.824598837679257,2.917882421552485,0.48245988376792565,0.583576484310497,0.2460215937272348,0.1510289988791702,0.024602159372723482,0.03020579977583404,0.018156575085350794,0.011527576314854574,0.0018156575085350793,0.0023055152629709147,4.0061256859180645,1.7308813257610058,0.40061256859180644,0.3461762651522012
1174,0.2,10.0,10.0,5.0,2,10.000000000000002,4.999999999999999,4.7102669338498435,2.9810018124845157,0.47102669338498426,0.5962003624969032,0.1928135237646975,0.12529204115113526,0.019281352376469746,0.025058408230227057,0.0591069401528556,0.01930396451033038,0.005910694015285559,0.0038607929020660764,0.8920288973411282,0.3801939364313811,0.0892028897341128,0.07603878728627624
1174,0.2,10.0,10.0,5.0,3,10.000000000000002,5.0,4.771762390215335,2.862352718882907,0.47717623902153344,0.5724705437765814,0.24596016785957875,0.151005320166194,0.02459601678595787,0.0302010640332388,0.018612271080200592,0.011602119633111417,0.0018612271080200588,0.0023204239266222835,7.189567905031846,3.3671712375976113,0.7189567905031845,0.6734342475195223
1174,0.2,10.0,20.0,2.0,0,19.999999999999996,1.9999999999999996,43.28474503675113,10.966852448807014,2.164237251837557,5.483426224403508,15.39678269735419,4.152294909927755,0.7698391348677096,2.076147454963878,2.359791569294188,0.6595215504497679,0.11798957846470944,0.329760775224884,40.36464862795712,11.39727929882889,2.0182324313978564,5.698639649414446
1174,0.2,10.0,20.0,2.0,1,19.999999999999996,1.9999999999999996,7.756430068031633,3.3427609133433656,0.3878215034015817,1.6713804566716832,0.21556356296029439,0.14436353613182437,0.010778178148014721,0.0721817680659122,0.03371303620972837,0.011180197280888073,0.0016856518104864187,0.005590098640444037,4.486966242586041,1.981635248811403,0.2243483121293021,0.9908176244057018
1174,0.2,10.0,20.0,2.0,2,20.0,2.0,4.7348621717673005,2.836217280599083,0.23674310858836503,1.4181086402995415,0.2459531454523556,0.15104435879598543,0.01229765727261778,0.07552217939799272,0.018769000557736774,0.011659856420402251,0.0009384500278868387,0.0058299282102011254,0.9718222034817211,0.3829244949878128,0.04859111017408606,0.1914622474939064
1174,0.2,10.0,20.0,2.0,3,19.999999999999996,2.0,11.299484769906577,4.838967675959181,0.564974238495329,2.4194838379795907,0.35725101634042333,0.13464436478488567,0.01786255081702117,0.06732218239244284,0.465140155881752,0.04439821711496306,0.023257007794087604,0.02219910855748153,15.937142084131548,5.3848071583771295,0.7968571042065775,2.6924035791885648
1174,0.2,10.0,20.0,5.0,0,20.0,4.999999999999998,5.4037098477667564,3.064799795940677,0.27018549238833783,0.6129599591881356,0.4622114223048826,0.21421832134592148,0.02311057111524413,0.04284366426918431,0.057303616765766355,0.026594636125584756,0.002865180838288318,0.005318927225116953,8.526212640180397,5.038591158455007,0.42631063200901986,1.0077182316910016
1174,0.2,10.0,20.0,5.0,1,20.0,4.999999999999999,4.856060143826326,2.915346500023104,0.2428030071913163,0.5830693000046209,0.2459291859103471,0.15101899416186504,0.012296459295517355,0.030203798832373015,0.01854563095157599,0.011521446912572808,0.0009272815475787994,0.0023042893825145623,3.9933176751418884,1.726148018323512,0.19966588375709443,0.34522960366470246
1174,0.2,10.0,20.0,5.0,2,19.999999999999996,5.0,5.421410756743002,2.991505000891875,0.2710705378371502,0.5983010001783751,0.24593008234126457,0.15129753806438567,0.01229650411706323,0.030259507612877136,0.02006882642805854,0.012462631626209343,0.0010034413214029272,0.0024925263252418687,0.9683480350170117,0.3832889164556423,0.048417401750850596,0.07665778329112846
1174,0.2,10.0,20.0,5.0,3,19.999999999999996,4.999999999999999,4.970880825866672,2.9249491038338333,0.24854404129333366,0.5849898207667668,3.879441828907447,1.1897862482197994,0.1939720914453724,0.23795724964395992,14.31347223625341,5.119704335108797,0.7156736118126706,1.0239408670217596,14.82082549859159,5.680394198813879,0.7410412749295796,1.136078839762776
1174,0.4,0.0,5.0,2.0,0,5.0,2.0,0.026550785151623332,0.00897127739038957,0.005310157030324667,0.004485638695194785,0.039016239293363925,0.011321958138693116,0.007803247858672785,0.005660979069346558,0.021693342926352326,0.013422383859231769,0.004338668585270465,0.006711191929615884,0.052563477032305024,0.02446270003144004,0.010512695406461004,0.01223135001572002
1174,0.4,0.0,5.0,2.0,1,4.999999999999999,2.0,0.026541830748558527,0.008965237143474641,0.005308366149711706,0.0044826185717373205,0.03901381803711576,0.011326041777562215,0.007802763607423153,0.005663020888781107,0.021743690209803674,0.013461163141884171,0.004348738041960736,0.0067305815709420855,0.038414167644876346,0.019774595275189186,0.007682833528975271,0.009887297637594593
1174,0.4,0.0,5.0,2.0,2,5.000000000000001,1.9999999999999996,0.026709003521032105,0.008996798749549529,0.0053418007042064205,0.004498399374774765,0.03910465956167179,0.011329634102678794,0.007820931912334357,0.005664817051339398,0.02174007644917717,0.01345860611705791,0.004348015289835434,0.006729303058528957,0.06509926273937154,0.03975314664338732,0.013019852547874305,0.019876573321693663
1174,0.4,0.0,5.0,2.0,3,4.999999999999999,1.9999999999999996,0.026588279311637143,0.008998708912772043,0.005317655862327429,0.004499354456386022,0.03891142956087005,0.011309509249685518,0.007782285912174012,0.00565475462484276,0.02172508524422053,0.013420545486861715,0.004345017048844107,0.006710272743430859,0.042858953001761,0.024022813100253684,0.008571790600352201,0.012011406550126846
1174,0.4,0.0,5.0,5.0,0,5.0,4.999999999999997,0.026296787383209647,0.00894557831707251,0.005259357476641929,0.001789115663414503,0.03869867791026921,0.011287968952017823,0.007739735582053842,0.002257593790403566,0.02185037323916713,0.01339516771837585,0.004370074647833426,0.0026790335436751712,0.05253617617809057,0.024485543315711226,0.010507235235618114,0.0048971086631422476
1174,0.4,0.0,5.0,5.0,1,4.999999999999999,4.999999999999999,0.026728968078251737,0.008975569912030839,0.005345793615650348,0.001795113982406168,0.03911451173582835,0.011337116601666716,0.00782290234716567,0.002267423320333344,0.021700726107265377,0.013424911160064603,0.0043401452214530765,0.0026849822320129213,0.0385074990575683,0.019813278091900605,0.007701499811513661,0.003962655618380122
1174,0.4,0.0,5.0,5.0,2,5.0,4.999999999999999,0.0267341978660224,0.009010170265347714,0.00534683957320448,0.001802034053069543,0.03903458354148799,0.011328439728151616,0.007806916708297598,0.0022656879456303238,0.021673603628358372,0.013459214380047298,0.004334720725671674,0.00269184287600946,0.06498035749507867,0.0396792028881776,0.012996071499015735,0.00793584057763552
1174,0.4,0.0,5.0,5.0,3,4.999999999999999,5.0,0.02656017197456823,0.008978189850521115,0.005312034394913646,0.001795637970104223,0.0389221070605421,0.01130646715006422,0.007784421412108421,0.002261293430012844,0.02170776481339468,0.013436301629650106,0.004341552962678937,0.002687260325930021,0.04283924117678024,0.02401624040136855,0.00856784823535605,0.00480324808027371
1174,0.4,0.0,10.0,2.0,0,10.000000000000002,2.0000000000000004,0.026659997508223798,0.008997738711125547,0.002665999750822379,0.004498869355562773,0.03907821283542889,0.011319220721467472,0.003907821283542888,0.005659610360733735,0.0216988049209436,0.01345717860490769,0.00216988049209436,0.006728589302453843,0.052508474431389875,0.02445728940950059,0.005250847443138987,0.012228644704750291
1174,0.4,0.0,10.0,2.0,1,10.0,2.0,0.026570391151262033,0.008967525439689294,0.002657039115126203,0.004483762719844647,0.03896494346117605,0.011324414490616854,0.003896494346117605,0.005662207245308427,0.021686650640361252,0.01341257944979808,0.002168665064036125,0.00670628972489904,0.03837029640340824,0.01977681961860194,0.0038370296403408242,0.00988840980930097
1174,0.4,0.0,10.0,2.0,2,10.000000000000002,1.9999999999999996,0.026477439741482804,0.008974438287033528,0.00264774397414828,0.004487219143516765,0.03880610455608807,0.011309028875310902,0.0038806104556088064,0.005654514437655452,0.021784612288995774,0.013380894638804252,0.002178461228899577,0.0066904473194021276,0.06493097058113535,0.03966899783774881,0.006493097058113534,0.01983449891887441
1174,0.4,0.0,10.0,2.0,3,10.0,1.9999999999999996,0.026681917801291474,0.008989319828081953,0.0026681917801291474,0.004494659914040977,0.03898473490364077,0.011320731603704292,0.0038984734903640774,0.005660365801852147,0.021704747195707225,0.013454646505435158,0.0021704747195707224,0.006727323252717581,0.04284683819222249,0.024006046303174523,0.004284683819222249,0.012003023151587265
1174,0.4,0.0,10.0,5.0,0,10.0,5.000000000000002,0.02926507361633414,0.009608388740786069,0.002926507361633414,0.001921677748157213,0.042995790024207343,0.012098388628376165,0.004299579002420734,0.002419677725675232,0.020815802917349333,0.013809224901977066,0.0020815802917349335,0.0027618449803954123,0.05097434829173715,0.024212349573951436,0.0050974348291737154,0.0048424699147902855
1174,0.4,0.0,10.0,5.0,1,9.999999999999998,5.0,0.026741743551099446,0.008997145447764266,0.002674174355109945,0.0017994290895528534,0.03906552573808329,0.011325858379306905,0.00390655257380833,0.002265171675861381,0.021732881465406726,0.013439865873415696,0.002173288146540673,0.0026879731746831392,0.03829033035869405,0.01977014519456399,0.003829033035869406,0.003954029038912798
1174,0.4,0.0,10.0,5.0,2,10.0,5.0,0.026783106868532875,0.009012788212260316,0.0026783106868532875,0.001802557642452063,0.03911398577452669,0.011341172079489962,0.003911398577452669,0.0022682344158979923,0.021640596383808,0.013508042033904735,0.0021640596383808,0.002701608406780947,0.06468192926280325,0.03954022331887222,0.006468192926280325,0.007908044663774445
1174,0.4,0.0,10.0,5.0,3,10.000000000000002,5.0,0.026580743746115097,0.008995880381049256,0.002658074374611509,0.0017991760762098511,0.03801883890552387,0.01123812896849072,0.0038018838905523864,0.002247625793698144,0.021673558207298688,0.013470749946899067,0.0021673558207298683,0.002694149989379813,0.04257939138775954,0.02379941530790754,0.004257939138775953,0.0047598830615815085
1174,0.4,0.0,20.0,2.0,0,19.999999999999996,1.9999999999999996,0.02656814238606922,0.008985995642884017,0.0013284071193034612,0.004492997821442009,0.03898326227761124,0.011313652776886672,0.0019491631138805622,0.005656826388443337,0.021773335208696183,0.013456039164681102,0.0010886667604348094,0.0067280195823405525,0.0526237627034537,0.02445956653111575,0.0026311881351726856,0.012229783265557879
1174,0.4,0.0,20.0,2.0,1,20.0,1.9999999999999996,0.028414948496683124,0.009287330056961267,0.0014207474248341561,0.0046436650284806345,0.04201032915896433,0.011844081329889067,0.0021005164579482164,0.005922040664944535,0.02237769378222882,0.013271171108686284,0.001118884689111441,0.006635585554343144,0.03907362915749183,0.01981786747448012,0.0019536814578745916,0.009908933737240062
1174,0.4,0.0,20.0,2.0,2,20.0,2.0,2.42470414352635,0.3375713113839474,0.1212352071763175,0.1687856556919737,0.23213305620472455,0.06677348447467744,0.011606652810236227,0.03338674223733872,24.238642856998652,8.773340851497206,1.2119321428499326,4.386670425748603,30.37495054924247,7.867507721073325,1.5187475274621236,3.9337538605366626
1174,0.4,0.0,20.0,2.0,3,20.0,1.9999999999999996,0.026717356929124213,0.008978244855872767,0.0013358678464562106,0.004489122427936384,0.03906249238906064,0.011330155648597651,0.0019531246194530321,0.005665077824298826,0.02168685678097817,0.013516495189550564,0.0010843428390489083,0.006758247594775284,0.04287873310588786,0.02407936949821212,0.0021439366552943933,0.012039684749106064
1174,0.4,0.0,20.0,5.0,0,20.000000000000004,4.999999999999998,0.026587400810659467,0.008971205813957524,0.001329370040532973,0.0017942411627915056,0.039101546771577296,0.011288656077363348,0.0019550773385788645,0.0022577312154726703,0.02183339705237256,0.013364309151485794,0.0010916698526186278,0.00267286183029716,0.05352013016280577,0.025858590700267615,0.002676006508140288,0.005171718140053525
1174,0.4,0.0,20.0,5.0,1,19.999999999999993,5.0,0.022442024769086355,0.006840266994698678,0.001122101238454318,0.0013680533989397356,0.04086122609884323,0.01146926625654019,0.0020430613049421623,0.002293853251308038,0.06513465022493982,0.029764035881304326,0.0032567325112469923,0.005952807176260865,0.04608276680001971,0.022730818699273018,0.002304138340000986,0.0045461637398546036
1174,0.4,0.0,20.0,5.0,2,20.0,4.999999999999999,4.058015680837367,0.5503543847468142,0.20290078404186834,0.11007087694936286,1.1944142993638764,0.3114737674587986,0.059720714968193825,0.06229475349175974,23.30946839446845,9.03066667135933,1.1654734197234224,1.8061333342718664,23.57023918819429,4.122287396393316,1.1785119594097144,0.8244574792786634
1174,0.4,0.0,20.0,5.0,3,20.000000000000004,4.999999999999999,0.02266960951856933,0.008331284578444618,0.0011334804759284662,0.0016662569156889238,0.03344354057966753,0.010590427897797738,0.0016721770289833762,0.002118085579559548,0.02305043058669066,0.013287188245200296,0.001152521529334533,0.0026574376490400595,0.04319299610183382,0.023962321819726122,0.0021596498050916904,0.004792464363945225
1174,0.4,2.0,5.0,2.0,0,5.0,1.9999999999999996,9.664940212629736,5.003665194127363,1.9329880425259471,2.501832597063682,10.745670247877161,5.287472811437658,2.1491340495754323,2.6437364057188293,0.021728075005838295,0.013456776734001117,0.004345615001167659,0.00672838836700056,4.255924663678189,3.6550090356890745,0.8511849327356378,1.8275045178445377
1174,0.4,2.0,5.0,2.0,1,5.0,2.0000000000000004,9.664869064474514,5.003650257355623,1.9329738128949028,2.5018251286778113,10.74258190197434,5.286954090079492,2.148516380394868,2.6434770450397456,0.021725645239561487,0.013468185319126379,0.004345129047912297,0.006734092659563188,3.14302623590666,2.9108024406651896,0.6286052471813319,1.4554012203325946
1174,0.4,2.0,5.0,2.0,2,5.0,2.0,9.664978115122098,5.003670911348122,1.9329956230244196,2.501835455674061,10.746658523064061,5.287633163115047,2.149331704612812,2.6438165815575236,0.02172874920946616,0.013439736858652707,0.004345749841893232,0.0067198684293263535,7.308587798482748,4.31103392831516,1.4617175596965495,2.15551696415758
1174,0.4,2.0,5.0,2.0,3,5.0,2.0,9.66486809150646,5.003652070011494,1.932973618301292,2.501826035005747,10.745730021116215,5.28747738228115,2.149146004223243,2.643738691140575,0.02173007099319382,0.013456288209026477,0.004346014198638764,0.0067281441045132385,4.492681104300961,3.807530048810352,0.8985362208601921,1.903765024405176
1174,0.4,2.0,5.0,5.0,0,5.0,4.999999999999999,9.664906680158976,5.003660323469272,1.9329813360317953,1.0007320646938545,10.749136606244463,5.287953482158063,2.1498273212488925,1.0575906964316126,0.021732116303968183,0.013401960059880714,0.004346423260793637,0.0026803920119761434,4.255821668116445,3.6550047112753714,0.851164333623289,0.7310009422550744
1174,0.4,2.0,5.0,5.0,1,5.0,5.0,9.664947682946648,5.0036650832763225,1.9329895365893297,1.0007330166552646,10.746100331555164,5.287544397550264,2.149220066311033,1.057508879510053,0.021690594083856197,0.013428705202997958,0.004338118816771239,0.0026857410405995916,3.1429541633633757,2.9108022790637875,0.6285908326726751,0.5821604558127575
1174,0.4,2.0,5.0,5.0,2,5.000000000000001,5.0,9.664946603958121,5.003642836012282,1.932989320791624,1.0007285672024564,10.720332022022884,5.2830919917207835,2.1440664044045765,1.0566183983441566,0.021803043673732755,0.013496708639376992,0.00436060873474655,0.0026993417278753985,7.309462073566843,4.310956847026905,1.4618924147133683,0.8621913694053809
1174,0.4,2.0,5.0,5.0,3,4.999999999999998,4.999999999999998,9.664951614564792,5.003661349103886,1.932990322912959,1.0007322698207777,10.747225247306723,5.287523189486187,2.1494450494613453,1.0575046378972377,0.021583797971679686,0.013599553495896043,0.004316759594335939,0.0027199106991792096,4.492668407800039,3.8075132326826235,0.8985336815600081,0.761502646536525
1174,0.4,2.0,10.0,2.0,0,10.0,1.9999999999999996,9.664895226810376,5.003666501099568,0.9664895226810376,2.5018332505497844,10.748500192047516,5.287964962786568,1.0748500192047516,2.6439824813932846,0.02144929739904668,0.013658652952365466,0.002144929739904668,0.006829326476182735,4.256379026946927,3.655076812574561,0.4256379026946927,1.827538406287281
1174,0.4,2.0,10.0,2.0,1,9.999999999999998,1.9999999999999996,9.664962490859734,5.003672861089289,0.9664962490859736,2.5018364305446448,10.748300099813779,5.287842607240833,1.0748300099813781,2.643921303620417,0.021840259603871162,0.013441202496366308,0.0021840259603871167,0.006720601248183156,3.142857205612495,2.910777669600846,0.31428572056124954,1.4553888348004231
1174,0.4,2.0,10.0,2.0,2,10.0,2.0,9.664948563178362,5.003663691433798,0.9664948563178362,2.501831845716899,10.74681509130599,5.287651554615685,1.074681509130599,2.6438257773078426,0.021712980988161722,0.013455707244159072,0.002171298098816172,0.006727853622079536,7.308791751370462,4.3110193927801275,0.7308791751370463,2.1555096963900637
1174,0.4,2.0,10.0,2.0,3,10.0,1.9999999999999996,9.664948039647806,5.0036674883537575,0.9664948039647806,2.501833744176879,10.746911021473963,5.287672383146375,1.0746911021473964,2.643836191573188,0.021739478696350734,0.013458201901451009,0.0021739478696350734,0.006729100950725506,4.492688377051931,3.8075173931823185,0.4492688377051931,1.9037586965911597
1174,0.4,2.0,10.0,5.0,0,10.0,5.0,9.675452952792378,5.005527375109694,0.9675452952792378,1.0011054750219388,10.744972867856575,5.285216574172543,1.0744972867856575,1.0570433148345086,0.12906653466866175,0.011595257234399836,0.012906653466866175,0.002319051446879967,4.176414575546472,3.646707756644892,0.4176414575546472,0.7293415513289785
1174,0.4,2.0,10.0,5.0,1,10.0,5.0,9.664748049973584,5.003718211413473,0.9664748049973584,1.0007436422826945,10.787598108436454,5.295445809283006,1.0787598108436454,1.0590891618566012,0.020831582007442014,0.014064426188072372,0.0020831582007442015,0.0028128852376144743,3.1424102995188328,2.9114362573758568,0.3142410299518833,0.5822872514751714
1174,0.4,2.0,10.0,5.0,2,10.0,5.000000000000002,9.664870065033911,5.003504759498385,0.9664870065033911,1.0007009518996766,10.646773223214709,5.269388596761116,1.064677322321471,1.0538777193522229,0.022303688925366976,0.013313677858932775,0.0022303688925366977,0.002662735571786554,7.312863655055207,4.310866325442021,0.7312863655055206,0.8621732650884039
1174,0.4,2.0,10.0,5.0,3,10.0,5.0,9.664924133845966,5.003655704612273,0.9664924133845967,1.0007311409224546,10.747510347299373,5.287715843871726,1.0747510347299374,1.057543168774345,0.021682144934695096,0.013487834907367621,0.0021682144934695095,0.002697566981473524,4.492745348985991,3.8075270363618103,0.44927453489859914,0.761505407272362
1174,0.4,2.0,20.0,2.0,0,20.0,1.9999999999999991,9.664891240883266,5.003658846812859,0.48324456204416333,2.5018294234064307,10.746302859093412,5.287560134151424,0.5373151429546705,2.6437800670757134,0.021828065306589477,0.013413701728057023,0.0010914032653294738,0.006706850864028514,4.255964785566818,3.6550089179240923,0.2127982392783409,1.827504458962047
1174,0.4,2.0,20.0,2.0,1,20.0,1.9999999999999996,9.664673772055492,5.0013636561767445,0.4832336886027746,2.5006818280883727,11.368688734232581,5.452120943724869,0.5684344367116291,2.726060471862435,0.029445293038641032,0.014887521947489865,0.0014722646519320516,0.007443760973744934,3.151242663347213,2.9125832547303325,0.15756213316736065,1.4562916273651665
1174,0.4,2.0,20.0,2.0,2,20.0,1.9999999999999996,9.670012203962434,5.003945432999419,0.48350061019812174,2.50197271649971,10.75039781466847,5.279188575891797,0.5375198907334235,2.639594287945899,0.02657376633094769,0.015081726765303997,0.0013286883165473846,0.0075408633826520004,15.841838544415895,4.699901196876236,0.7920919272207947,2.3499505984381184
1174,0.4,2.0,20.0,2.0,3,19.999999999999996,2.0,9.664000296436347,5.004281259394641,0.48320001482181746,2.5021406296973203,10.787370800754031,5.295395799712124,0.5393685400377016,2.647697899856062,0.06167427088586434,0.02841619704743113,0.0030837135442932173,0.014208098523715565,4.248251875478111,3.8235947204394454,0.2124125937739056,1.9117973602197227
1174,0.4,2.0,20.0,5.0,0,20.000000000000004,5.0,11.124626783390626,5.3338151833693574,0.5562313391695313,1.0667630366738714,14.738837589533524,6.498625244767198,0.7369418794766761,1.2997250489534395,0.4961253953954648,0.13975132947747765,0.024806269769773237,0.02795026589549553,14.43735287998478,5.882227141735273,0.7218676439992389,1.1764454283470545
1174,0.4,2.0,20.0,5.0,1,20.000000000000004,5.0,9.672120079348494,5.004103876676005,0.4836060039674246,1.000820775335201,10.646175183726553,5.2474623233670235,0.5323087591863276,1.0494924646734047,0.034208878935863586,0.014383812525740586,0.001710443946793179,0.002876762505148117,3.383207125401216,2.9131251858926195,0.1691603562700608,0.5826250371785239
1174,0.4,2.0,20.0,5.0,2,20.0,4.999999999999999,9.743220088487062,5.007356825589969,0.4871610044243531,1.001471365117994,10.851282720080052,5.2343160918477185,0.5425641360040026,1.0468632183695439,0.3039675072766035,0.1462079595204593,0.015198375363830174,0.029241591904091868,28.287512797683505,7.1955701969530255,1.4143756398841751,1.4391140393906054
1174,0.4,2.0,20.0,5.0,3,20.0,4.999999999999999,13.00946646774415,6.879253619409639,0.6504733233872075,1.3758507238819282,16.20490444120956,7.334519835983909,0.810245222060478,1.466903967196782,21.088591552196753,7.985891982271247,1.0544295776098376,1.5971783964542496,24.769657664736968,8.646279530618516,1.2384828832368484,1.7292559061237036
1174,0.4,5.0,5.0,2.0,0,5.0,1.9999999999999996,26.52687088027684,7.81063852084816,5.305374176055368,3.905319260424081,4.017603533557947,1.5887888762452405,0.8035207067115895,0.7943944381226204,0.021691268661431395,0.013405568488174983,0.004338253732286279,0.006702784244087493,13.22607806657082,7.079841326933845,2.6452156133141638,3.5399206634669236
1174,0.4,5.0,5.0,2.0,1,4.999999999999999,1.9999999999999996,33.6463552186951,8.610850937833309,6.729271043739021,4.305425468916655,3.983594296113774,1.5734869430370781,0.796718859222755,0.7867434715185393,0.021763811466427144,0.013459743696027131,0.004352762293285429,0.0067298718480135675,6.864660933463353,4.013750336395339,1.3729321866926707,2.00687516819767
1174,0.4,5.0,5.0,2.0,2,5.0,2.0,32.052551712641325,8.719037928435094,6.410510342528265,4.359518964217547,4.278329855255877,1.6911796649459265,0.8556659710511754,0.8455898324729633,0.021702024977107544,0.01344787468179706,0.004340404995421509,0.00672393734089853,13.7893008751246,8.57306550914685,2.75786017502492,4.286532754573425
1174,0.4,5.0,5.0,2.0,3,5.0,1.9999999999999996,36.45967758321697,9.288410056213035,7.291935516643394,4.644205028106518,8.642907260390695,3.2475296241621523,1.728581452078139,1.6237648120810766,0.02171693557982629,0.013440332453329991,0.004343387115965258,0.006720166226664997,14.08963676070581,8.178409192314144,2.817927352141162,4.089204596157073
1174,0.4,5.0,5.0,5.0,0,4.999999999999999,5.0,37.25553839493266,8.418610916302343,7.451107678986532,1.6837221832604687,21.37699573567332,5.205819464619484,4.275399147134665,1.0411638929238969,0.021924194180210594,0.013372241952612713,0.0043848388360421195,0.0026744483905225425,13.97451650870786,7.971474450849579,2.7949033017415723,1.5942948901699157
1174,0.4,5.0,5.0,5.0,1,5.000000000000001,4.999999999999999,36.416819513275264,9.622382144533129,7.283363902655052,1.924476428906626,37.85066797901037,9.95332961376454,7.570133595802072,1.9906659227529082,0.0217495929225989,0.013369543324901171,0.004349918584519779,0.0026739086649802345,10.253066132934432,7.553704763203848,2.050613226586886,1.51074095264077
1174,0.4,5.0,5.0,5.0,2,4.999999999999998,5.0,37.94931190707339,8.933310163305253,7.58986238141468,1.7866620326610505,41.87920708506252,9.152356934596543,8.375841417012506,1.8304713869193088,0.021502575503706548,0.013583958606372827,0.0043005151007413115,0.0027167917212745653,12.80443829598737,8.748827094282879,2.560887659197475,1.7497654188565757
1174,0.4,5.0,5.0,5.0,3,5.000000000000001,4.999999999999999,23.914228630607017,7.142488206212017,4.782845726121402,1.4284976412424037,3.8429857510544614,1.5189897821792686,0.7685971502108921,0.3037979564358538,0.021749839588270477,0.013462592239385942,0.004349967917654095,0.002692518447877189,12.710786270731521,6.616513562291137,2.542157254146304,1.3233027124582275
1174,0.4,5.0,10.0,2.0,0,10.000000000000002,2.0,32.730407127885975,8.784719659590024,3.273040712788597,4.392359829795012,4.13903041145717,1.6363122221606692,0.4139030411457169,0.8181561110803346,0.021745512861073662,0.013436883986954732,0.002174551286107366,0.006718441993477366,13.6824348932041,7.736696211466187,1.3682434893204098,3.8683481057330935
1174,0.4,5.0,10.0,2.0,1,10.0,2.0,32.48954351842532,8.818052441835205,3.2489543518425323,4.409026220917602,8.009028286008434,3.0923154182105095,0.8009028286008434,1.5461577091052547,0.02169144514648164,0.013435331267247429,0.002169144514648164,0.0067176656336237145,6.645232048161084,3.9521772711979257,0.6645232048161084,1.9760886355989629
1174,0.4,5.0,10.0,2.0,2,10.000000000000002,1.9999999999999996,34.587560254737795,8.250001802716461,3.458756025473779,4.125000901358232,6.088898558220991,2.2270817534412344,0.608889855822099,1.1135408767206174,0.021879456329915063,0.013390397991796841,0.0021879456329915057,0.006695198995898422,13.957006245371588,8.51065769954639,1.3957006245371586,4.255328849773196
1174,0.4,5.0,10.0,2.0,3,10.0,2.0,36.00675297200941,9.050092036086005,3.600675297200941,4.525046018043002,4.238012362829092,1.6712200098883592,0.4238012362829092,0.8356100049441796,0.021774755573884096,0.013450682468947182,0.0021774755573884096,0.006725341234473591,14.113746979564288,8.399760942799219,1.4113746979564288,4.199880471399609
1174,0.4,5.0,10.0,5.0,0,10.0,5.0,27.663023764579595,7.308199025804636,2.7663023764579595,1.4616398051609272,3.8012175343307204,1.499846697685467,0.38012175343307203,0.29996933953709337,0.02175282429380884,0.013474050497734178,0.002175282429380884,0.002694810099546836,12.759740805375618,6.4879753988494375,1.2759740805375617,1.2975950797698874
1174,0.4,5.0,10.0,5.0,1,9.999999999999998,5.0,24.30639992098439,7.563829093524733,2.4306399920984396,1.5127658187049466,4.311995085973708,1.7093980510671203,0.43119950859737083,0.34187961021342406,0.021659441473014882,0.013476787351251683,0.0021659441473014887,0.0026953574702503367,6.219665517644588,3.702200388981851,0.6219665517644589,0.7404400777963702
1174,0.4,5.0,10.0,5.0,2,10.0,5.0,36.90735374057535,9.556656030329744,3.6907353740575353,1.9113312060659489,38.725374175175865,9.818029799213827,3.8725374175175866,1.9636059598427653,0.022261470326598892,0.013224213947910336,0.002226147032659889,0.002644842789582067,13.292550684391871,8.826943664007228,1.329255068439187,1.7653887328014455
1174,0.4,5.0,10.0,5.0,3,10.0,5.0,24.994909130330818,7.91237022700118,2.499490913033082,1.582474045400236,13.302839911614813,5.23007670650095,1.3302839911614812,1.04601534130019,0.02103755080230548,0.013970018201735802,0.002103755080230548,0.0027940036403471605,13.902118274770029,7.649464967515583,1.3902118274770028,1.5298929935031167
1174,0.4,5.0,20.0,2.0,0,20.000000000000007,2.0,20.613840492496674,6.847581171252334,1.0306920246248334,3.423790585626167,4.396160751429098,1.743499008367315,0.2198080375714548,0.8717495041836575,0.021601351165067728,0.01353092698242985,0.001080067558253386,0.006765463491214925,11.035969441775073,5.765979014598627,0.5517984720887534,2.8829895072993135
1174,0.4,5.0,20.0,2.0,1,19.999999999999996,2.0,32.870754987505755,10.949555783391697,1.643537749375288,5.474777891695848,28.9009511049473,9.643762854693529,1.4450475552473652,4.8218814273467645,32.019011448244214,10.095947498782598,1.600950572412211,5.047973749391299,45.46699062359364,12.063467404090918,2.2733495311796825,6.031733702045459
1174,0.4,5.0,20.0,2.0,2,20.0,2.0,13.490930243819005,6.6304673709473665,0.6745465121909502,3.3152336854736832,9.37415885213562,5.2601487282056985,0.468707942606781,2.6300743641028492,0.0441132958379029,0.011128432648795598,0.002205664791895145,0.005564216324397799,18.06233888499032,6.865838969754742,0.903116944249516,3.432919484877371
1174,0.4,5.0,20.0,2.0,3,20.0,2.0,15.345985248919598,6.734674103669746,0.7672992624459799,3.367337051834873,8.84552713868952,4.358673074179981,0.442276356934476,2.1793365370899904,0.020889617764798463,0.014089787618340507,0.0010444808882399232,0.007044893809170253,11.51200876737832,6.294116970411271,0.5756004383689161,3.1470584852056356
1174,0.4,5.0,20.0,5.0,0,20.0,4.999999999999999,37.41170723852574,8.611747961417864,1.870585361926287,1.722349592283573,26.180694810005107,8.77372166432541,1.3090347405002554,1.7547443328650825,1.489718037670904,0.506897557157602,0.0744859018835452,0.10137951143152041,34.80443420587698,5.332897138478656,1.740221710293849,1.0665794276957314
1174,0.4,5.0,20.0,5.0,1,19.999999999999996,4.999999999999999,15.192202819086505,8.279181792449215,0.7596101409543254,1.6558363584898432,11.650062656852379,6.637809596443504,0.582503132842619,1.3275619192887012,26.172656663281554,9.280416131738741,1.308632833164078,1.8560832263477487,31.33559398136674,10.445080783833518,1.5667796990683371,2.089016156766704
1174,0.4,5.0,20.0,5.0,2,20.0,4.999999999999998,23.597044043813085,7.589179050366257,1.1798522021906543,1.5178358100732519,4.934695964559533,1.9578517662025416,0.24673479822797667,0.3915703532405085,0.021618218337499374,0.013446669090365966,0.0010809109168749688,0.002689333818073194,19.08777838316259,7.361977681197976,0.9543889191581295,1.4723955362395957
1174,0.4,5.0,20.0,5.0,3,20.0,5.0,30.77851902419476,8.434113875009725,1.538925951209738,1.686822775001945,31.11004784034081,9.744295642466223,1.5555023920170403,1.9488591284932446,11.368984236364069,3.6438294250318615,0.5684492118182034,0.7287658850063723,17.4107083038935,10.192148404206183,0.870535415194675,2.0384296808412365
1174,0.4,10.0,5.0,2.0,0,5.0,1.9999999999999996,28.571273992075273,7.971861651140361,5.7142547984150545,3.9859308255701813,1.5638990131152728,0.49928480613827303,0.31277980262305455,0.24964240306913657,0.021707361989573664,0.013417418762603547,0.004341472397914733,0.006708709381301775,7.448677512216555,5.490750013752957,1.489735502443311,2.745375006876479
1174,0.4,10.0,5.0,2.0,1,5.000000000000001,1.9999999999999996,22.81764684526814,6.677260247084982,4.563529369053627,3.338630123542492,1.5590515053751697,0.4977276907093785,0.3118103010750339,0.2488638453546893,0.021705613333776685,0.013468721049710827,0.004341122666755336,0.006734360524855415,2.237850444985421,1.6171946733336835,0.4475700889970841,0.808597336666842
1174,0.4,10.0,5.0,2.0,2,5.0,2.0,21.249849726042974,5.2457321904073595,4.249969945208595,2.6228660952036797,1.5534781842484828,0.4959144818869796,0.3106956368496966,0.2479572409434898,0.021726016553209927,0.013441752170819622,0.004345203310641985,0.006720876085409811,14.910308556974552,6.2290033435590075,2.9820617113949104,3.1145016717795038
1174,0.4,10.0,5.0,2.0,3,5.0,2.0,31.226544057725174,6.904295067209205,6.245308811545035,3.4521475336046024,1.5585168760318306,0.49744300022704435,0.31170337520636615,0.24872150011352218,0.021763571988390483,0.013432798397381025,0.004352714397678097,0.0067163991986905125,9.995329094586165,5.293017073580392,1.999065818917233,2.646508536790196
1174,0.4,10.0,5.0,5.0,0,5.0,4.999999999999999,28.25655162319041,10.25652722698457,5.651310324638082,2.051305445396914,2.062790332980178,0.7097931490626213,0.41255806659603567,0.14195862981252427,0.021784593872176898,0.013394843694325404,0.00435691877443538,0.0026789687388650814,7.404723899670246,8.258117560654664,1.4809447799340492,1.6516235121309333
1174,0.4,10.0,5.0,5.0,1,5.000000000000001,5.0,30.93186382902448,7.437833708604965,6.186372765804895,1.487566741720993,1.563727886006838,0.49911458168352246,0.31274557720136753,0.0998229163367045,0.02170417415211468,0.013433131437278064,0.004340834830422935,0.002686626287455613,2.4973155795252473,1.6716104985633058,0.4994631159050494,0.33432209971266114
1174,0.4,10.0,5.0,5.0,2,5.000000000000001,4.999999999999999,21.256057562279793,4.789053375395402,4.251211512455958,0.9578106750790806,1.5532809624739903,0.49584394913235197,0.310656192494798,0.09916878982647041,0.02170177752172079,0.013419496625080768,0.004340355504344157,0.002683899325016154,13.184799396595835,5.02515327352836,2.6369598793191664,1.0050306547056722
1174,0.4,10.0,5.0,5.0,3,5.0,5.000000000000001,25.58181018679593,4.461046541215708,5.1163620373591865,0.8922093082431415,1.722517102749771,0.5330283465946458,0.3445034205499542,0.10660566931892915,0.02172258224110417,0.013396877050980596,0.004344516448220833,0.0026793754101961187,8.49964867926069,3.594442870031238,1.699929735852138,0.7188885740062475
1174,0.4,10.0,10.0,2.0,0,10.0,2.0,42.291320334294355,8.235763178971299,4.229132033429435,4.117881589485649,11.812495938515013,2.4463363406436454,1.1812495938515013,1.2231681703218227,0.021058562408111967,0.013916185387108225,0.0021058562408111966,0.0069580926935541125,11.621456636604787,7.21788636682297,1.1621456636604788,3.608943183411485
1174,0.4,10.0,10.0,2.0,1,10.0,2.0,12.827537348591017,4.4329668195603045,1.2827537348591016,2.2164834097801522,1.5553974171563227,0.49657198431245037,0.15553974171563228,0.24828599215622518,0.022012972646556776,0.013520852730872229,0.0022012972646556776,0.0067604263654361145,2.0137871013117707,1.5807060221321807,0.20137871013117709,0.7903530110660903
1174,0.4,10.0,10.0,2.0,2,10.0,1.9999999999999996,24.332672479921904,8.683447920976722,2.43326724799219,4.341723960488362,1.9663097857523064,0.6665734687452319,0.19663097857523065,0.333286734372616,0.021824916758783883,0.013362890648670356,0.0021824916758783884,0.00668144532433518,18.994840903390326,13.417067016962243,1.8994840903390326,6.708533508481123
1174,0.4,10.0,10.0,2.0,3,10.000000000000002,1.9999999999999996,33.78638565966024,9.464750316995312,3.3786385659660234,4.732375158497657,1.9843827031437522,0.6420466798294309,0.1984382703143752,0.3210233399147155,0.021649686160861145,0.013471252613247796,0.002164968616086114,0.0067356263066239,8.667750067322835,7.3712794179430094,0.8667750067322834,3.6856397089715056
1174,0.4,10.0,10.0,5.0,0,10.0,4.999999999999999,52.69641864913745,13.215088028820254,5.269641864913745,2.6430176057640513,59.49397545374518,13.664674108185457,5.949397545374518,2.732934821637092,0.05722507869876706,0.03204263887566368,0.005722507869876705,0.006408527775132737,18.589865461328813,16.72008778223922,1.8589865461328814,3.3440175564478443
1174,0.4,10.0,10.0,5.0,1,10.0,5.0,20.16543761590724,6.111986495014329,2.0165437615907242,1.2223972990028658,1.5580878269329763,0.49741882050328556,0.15580878269329762,0.09948376410065711,0.02184280739991024,0.013427471736072893,0.002184280739991024,0.0026854943472145788,2.192103613508193,1.6165860106238787,0.2192103613508193,0.32331720212477577
1174,0.4,10.0,10.0,5.0,2,9.999999999999996,5.0,30.95766197255598,9.987030502254322,3.0957661972555988,1.9974061004508645,1.7196408801919676,0.5554513506369284,0.17196408801919683,0.11109027012738568,0.021737542540913084,0.013436527421085443,0.002173754254091309,0.0026873054842170884,21.06051754852204,15.703863988445098,2.1060517548522046,3.14077279768902
1174,0.4,10.0,10.0,5.0,3,10.000000000000004,5.0,28.060589475859956,4.752402507612237,2.8060589475859947,0.9504805015224473,1.825140266518548,0.5535274606795627,0.18251402665185473,0.11070549213591255,0.021576515969786055,0.013490454478582608,0.0021576515969786046,0.0026980908957165216,8.075899454114364,3.2678101955136927,0.807589945411436,0.6535620391027386
1174,0.4,10.0,20.0,2.0,0,19.999999999999996,1.9999999999999996,32.7807879600508,11.389767014224724,1.6390393980025404,5.694883507112363,27.48360256206263,8.523885235819577,1.3741801281031316,4.2619426179097895,0.02846832836735869,0.01340132242626552,0.0014234164183679347,0.0067006612131327616,15.658090499646265,11.92645074740527,0.7829045249823134,5.9632253737026355
1174,0.4,10.0,20.0,2.0,1,20.0,2.0,13.230880178159019,3.2037659278573067,0.661544008907951,1.6018829639286534,4.19596550631331,0.9508699469401093,0.20979827531566547,0.47543497347005464,0.077927154100389,0.016785358372573146,0.00389635770501945,0.008392679186286573,5.379125064723445,1.8956245447225755,0.2689562532361723,0.9478122723612877
1174,0.4,10.0,20.0,2.0,2,20.000000000000007,2.0,39.58580083452189,11.075482196784222,1.979290041726094,5.537741098392111,25.358591255377025,6.409250050156572,1.2679295627688507,3.204625025078286,0.01720552592548837,0.01308502042245111,0.0008602762962744182,0.006542510211225555,55.54653256758858,16.268844887974335,2.777326628379428,8.134422443987168
1174,0.4,10.0,20.0,2.0,3,20.000000000000004,1.9999999999999996,21.011097408370507,6.64099718954849,1.0505548704185252,3.320498594774246,1.5555176083781954,0.4966209688209912,0.07777588041890976,0.24831048441049566,0.021766512403292654,0.013455989624702056,0.0010883256201646326,0.0067279948123510295,6.962434898690821,5.433365979611322,0.348121744934541,2.7166829898056615
1174,0.4,10.0,20.0,5.0,0,20.0,5.0,32.38850247362486,6.216406738037156,1.6194251236812431,1.2432813476074311,1.7993908679645851,0.5579468137979655,0.08996954339822925,0.11158936275959311,0.021807837223141547,0.013457460059101832,0.0010903918611570773,0.0026914920118203665,8.170667173763617,4.316742660019701,0.40853335868818086,0.8633485320039401
1174,0.4,10.0,20.0,5.0,1,20.000000000000004,5.0,21.14220148390874,5.894114212900385,1.0571100741954367,1.178822842580077,1.5536896523104409,0.49597251802861947,0.07768448261552204,0.09919450360572389,0.021741416730902737,0.013413905510139587,0.0010870708365451366,0.0026827811020279173,2.2113271618738892,1.6032149067207748,0.11056635809369444,0.320642981344155
1174,0.4,10.0,20.0,5.0,2,20.000000000000004,4.999999999999998,27.432878872202753,3.2147263399775765,1.3716439436101375,0.6429452679955155,5.682024727793974,0.9803166819429899,0.28410123638969864,0.19606333638859805,0.021194075069259577,0.013309092184535612,0.0010597037534629786,0.0026618184369071236,19.58685336731838,5.100670515038736,0.9793426683659188,1.0201341030077475
1174,0.4,10.0,20.0,5.0,3,20.000000000000007,5.0,52.667935429892125,17.57804367176215,2.6333967714946054,3.51560873435243,48.7263242017318,16.2194250208807,2.436316210086589,3.24388500417614,44.7454376707612,13.427050135569193,2.237271883538059,2.6854100271138384,61.80370677499316,19.86442668312298,3.0901853387496567,3.9728853366245955
1747,0.02,0.0,5.0,2.0,0,5.0,2.0000000000000004,0.008329044823045676,0.009583987018407332,0.0016658089646091351,0.004791993509203665,0.01327415026324862,0.010268616277330384,0.002654830052649724,0.005134308138665191,0.008512827897617077,0.01021193534675106,0.0017025655795234154,0.005105967673375529,0.01032535357673241,0.009806083395866012,0.002065070715346482,0.004903041697933005
1747,0.02,0.0,5.0,2.0,1,5.0,2.0000000000000004,0.00832061184058633,0.00958348584719654,0.001664122368117266,0.004791742923598269,0.013273498420391232,0.010274920002669503,0.0026546996840782463,0.005137460001334751,0.008551870923959254,0.010229396411408595,0.0017103741847918508,0.0051146982057042965,0.009285967903552907,0.00924113476060817,0.0018571935807105814,0.004620567380304084
1747,0.02,0.0,5.0,2.0,2,5.000000000000003,2.0000000000000004,0.008292195589237496,0.009586752511704448,0.0016584391178474983,0.004793376255852223,0.013325718156766439,0.01027964836012518,0.0026651436313532865,0.005139824180062589,0.008542738946119312,0.010227488457278324,0.0017085477892238615,0.005113744228639161,0.008155074185678844,0.008549251752780944,0.001631014837135768,0.004274625876390471
1747,0.02,0.0,5.0,2.0,3,4.999999999999999,1.9999999999999996,0.008313014015257076,0.009581315648948643,0.0016626028030514155,0.004790657824474322,0.013286929431176946,0.010276077860854322,0.0026573858862353897,0.005138038930427162,0.008520966814396002,0.010215392991640078,0.0017041933628792005,0.00510769649582004,0.008997216917723573,0.009062525913677734,0.0017994433835447148,0.004531262956838868
1747,0.02,0.0,5.0,5.0,0,5.0,4.999999999999999,0.008321621356003494,0.009596619396723498,0.0016643242712006986,0.0019193238793447,0.013263849617780798,0.010273297562101566,0.0026527699235561596,0.0020546595124203136,0.008555914203573996,0.010226910770461218,0.001711182840714799,0.002045382154092244,0.010312188396869941,0.009813052202521776,0.0020624376793739884,0.0019626104405043557
1747,0.02,0.0,5.0,5.0,1,5.0,4.999999999999999,0.008334442154344621,0.009591340618787084,0.0016668884308689244,0.0019182681237574172,0.013286714465462248,0.01026684860134547,0.00265734289309245,0.0020533697202690946,0.008512798569253665,0.010229479170821693,0.001702559713850733,0.002045895834164339,0.009298104137275328,0.009221333652410301,0.0018596208274550656,0.0018442667304820605
1747,0.02,0.0,5.0,5.0,2,4.999999999999999,4.999999999999998,0.008295407443253437,0.009579610980223332,0.0016590814886506876,0.001915922196044667,0.013317154660924767,0.010274354062547052,0.002663430932184954,0.002054870812509411,0.008510333245798233,0.010221281992023878,0.0017020666491596467,0.0020442563984047766,0.008157344820636939,0.008550574373189125,0.001631468964127388,0.0017101148746378257
1747,0.02,0.0,5.0,5.0,3,5.000000000000001,5.0,0.008258223815334108,0.009568332251682318,0.0016516447630668212,0.0019136664503364635,0.013263152584217786,0.010260587247203702,0.0026526305168435567,0.0020521174494407403,0.008488364970468546,0.010203773335120066,0.001697672994093709,0.0020407546670240134,0.008912164113736331,0.009026838451734529,0.001782432822747266,0.0018053676903469057
1747,0.02,0.0,10.0,2.0,0,10.000000000000004,2.0,0.008337801937752683,0.00945042821807109,0.0008337801937752681,0.004725214109035545,0.013242692103006253,0.010241500059543036,0.0013242692103006249,0.005120750029771518,0.00849033869911481,0.010091815279729579,0.0008490338699114806,0.005045907639864789,0.010288953247934099,0.009776367087372641,0.0010288953247934096,0.004888183543686321
1747,0.02,0.0,10.0,2.0,1,10.0,2.0000000000000004,0.008296503325488608,0.009582839684908376,0.0008296503325488609,0.004791419842454187,0.013310403311453065,0.010282735742111127,0.0013310403311453064,0.005141367871055563,0.008536039291280568,0.01022600818647766,0.0008536039291280568,0.005113004093238829,0.009289056032963582,0.00922285420734056,0.0009289056032963582,0.004611427103670279
1747,0.02,0.0,10.0,2.0,2,9.999999999999998,2.0,0.008348758996256502,0.009592581406098566,0.0008348758996256503,0.004796290703049283,0.013272997086503476,0.010276656818513086,0.001327299708650348,0.005138328409256543,0.008541971177292239,0.010233510001438807,0.0008541971177292241,0.0051167550007194034,0.008154928978394312,0.008557280877254454,0.0008154928978394314,0.004278640438627227
1747,0.02,0.0,10.0,2.0,3,9.999999999999995,2.0,0.00805249787327634,0.009279484373065125,0.0008052497873276345,0.0046397421865325625,0.013392010757828669,0.010367573991705981,0.0013392010757828675,0.0051837869958529905,0.008163527572712683,0.00991113127179563,0.0008163527572712687,0.004955565635897815,0.008442740675131642,0.008679380025574836,0.0008442740675131647,0.004339690012787418
1747,0.02,0.0,10.0,5.0,0,10.000000000000002,4.999999999999999,0.04305536889436795,0.021179900107497675,0.004305536889436795,0.004235980021499536,0.04313093599273006,0.02454115223070182,0.004313093599273005,0.004908230446140365,0.04370834797247996,0.022189998220965842,0.004370834797247996,0.004437999644193169,0.043335794437105474,0.02124406889110096,0.004333579443710546,0.004248813778220192
1747,0.02,0.0,10.0,5.0,1,10.0,5.0,0.00846347339096335,0.009666630742098854,0.0008463473390963349,0.0019333261484197708,0.013454929008981854,0.010373548153170336,0.0013454929008981855,0.002074709630634067,0.008673687903838007,0.010309351613276748,0.0008673687903838007,0.00206187032265535,0.009438580853554222,0.009319553471616919,0.0009438580853554223,0.0018639106943233838
1747,0.02,0.0,10.0,5.0,2,10.0,4.999999999999998,0.029575675957934998,0.011973098111900888,0.0029575675957935,0.0023946196223801784,0.031094786229115542,0.014279236930982549,0.003109478622911554,0.002855847386196511,0.02956819601531325,0.012151330173433995,0.002956819601531325,0.0024302660346868,0.03066388080612418,0.011615891710953244,0.003066388080612418,0.0023231783421906495
1747,0.02,0.0,10.0,5.0,3,10.0,5.000000000000001,0.008303326591428822,0.009601368862032413,0.0008303326591428822,0.0019202737724064822,0.013328385608805943,0.010278020504429065,0.0013328385608805944,0.0020556041008858127,0.008541017721530883,0.010244182009205302,0.0008541017721530883,0.00204883640184106,0.008962975371378691,0.009053168941021318,0.0008962975371378691,0.0018106337882042634
1747,0.02,0.0,20.0,2.0,0,20.0,2.0,0.015101920107579027,0.008647044900543807,0.0007550960053789513,0.004323522450271904,0.031975669393203905,0.016361305498608168,0.0015987834696601952,0.008180652749304084,0.014451486723404119,0.009086235852561405,0.000722574336170206,0.0045431179262807025,0.01670720220866115,0.018362300694614593,0.0008353601104330576,0.009181150347307297
1747,0.02,0.0,20.0,2.0,1,20.0,2.0,12.523644196697806,4.80775556399997,0.6261822098348903,2.403877781999985,12.125582260179975,4.319065224883311,0.6062791130089987,2.1595326124416556,12.567462102820627,4.805731666832904,0.6283731051410314,2.402865833416452,12.479559251019305,4.753980232223296,0.6239779625509653,2.376990116111648
1747,0.02,0.0,20.0,2.0,2,20.0,2.0,0.05305532813316617,0.0249875255071724,0.0026527664066583086,0.0124937627535862,0.02834202618256995,0.01356675652841053,0.0014171013091284976,0.006783378264205265,0.05665140242268138,0.025898593415319776,0.002832570121134069,0.012949296707659888,0.05408633072482044,0.026025790964035744,0.002704316536241022,0.013012895482017872
1747,0.02,0.0,20.0,2.0,3,20.0,1.9999999999999996,0.011774294675650668,0.011210903173581324,0.0005887147337825334,0.005605451586790663,0.01520379036807149,0.011001586711912642,0.0007601895184035745,0.005500793355956322,0.012197045171097976,0.011886452448924988,0.0006098522585548988,0.005943226224462496,0.013079559670833994,0.01103272870682286,0.0006539779835416997,0.0055163643534114305
1747,0.02,0.0,20.0,5.0,0,20.0,4.999999999999999,0.009072517659464914,0.011584146168296193,0.00045362588297324566,0.002316829233659239,0.014893639221350272,0.012666916534090428,0.0007446819610675136,0.0025333833068180863,0.009347687146964623,0.012231305378058256,0.00046738435734823113,0.002446261075611652,0.010153271886488204,0.01172105095225998,0.0005076635943244102,0.0023442101904519964
1747,0.02,0.0,20.0,5.0,1,20.0,5.0,18.119876459964956,6.980706321640544,0.9059938229982478,1.3961412643281088,14.77626345625942,5.402615192007817,0.738813172812971,1.0805230384015634,18.285145529585275,7.07366680879082,0.9142572764792638,1.414733361758164,18.191685398845006,6.994043100384582,0.9095842699422503,1.3988086200769163
1747,0.02,0.0,20.0,5.0,2,20.000000000000004,5.0,0.008234862653871392,0.009551993078262749,0.0004117431326935695,0.0019103986156525498,0.013194284432970311,0.010231090086508009,0.0006597142216485155,0.002046218017301602,0.008450899741568336,0.010186935129822314,0.00042254498707841674,0.0020373870259644627,0.008064956495606953,0.008510079695759464,0.00040324782478034756,0.0017020159391518928
1747,0.02,0.0,20.0,5.0,3,20.000000000000004,5.0,0.008333497935300286,0.009583365629217298,0.0004166748967650142,0.0019166731258434596,0.013292513363602432,0.010273858063667426,0.0006646256681801214,0.002054771612733485,0.008553668439232285,0.010212723644251244,0.00042768342196161413,0.0020425447288502487,0.008928072946182319,0.009046916376222429,0.00044640364730911587,0.0018093832752444858
1747,0.02,2.0,5.0,2.0,0,5.0,2.0,0.04606520434444722,0.030252494469145845,0.009213040868889443,0.015126247234572923,0.02316930897975584,0.015984765301681244,0.004633861795951167,0.007992382650840622,0.00848822598201979,0.010207823191513352,0.001697645196403958,0.005103911595756676,0.046389898859882,0.02963985931027398,0.0092779797719764,0.01481992965513699
1747,0.02,2.0,5.0,2.0,1,5.0,2.0000000000000004,0.04606196798361639,0.03025806590083853,0.009212393596723278,0.015129032950419261,0.02316599759225285,0.015969996021124328,0.00463319951845057,0.007984998010562162,0.008514089409957376,0.010197953517774774,0.0017028178819914752,0.005098976758887386,0.04896554364938507,0.030526985223498403,0.009793108729877013,0.015263492611749198
1747,0.02,2.0,5.0,2.0,2,5.0,2.0000000000000004,0.045998178982509075,0.030268759817926656,0.009199635796501815,0.015134379908963325,0.023154454494288122,0.015980871721539905,0.004630890898857624,0.00799043586076995,0.008533485508281561,0.010235065865174945,0.0017066971016563123,0.005117532932587472,0.05393720999575969,0.03589157646811365,0.010787441999151938,0.017945788234056823
1747,0.02,2.0,5.0,2.0,3,5.000000000000001,2.0,0.04593948334909429,0.03026938027163997,0.009187896669818856,0.015134690135819985,0.02310316215829564,0.015993174749906917,0.004620632431659127,0.007996587374953458,0.008595602419951068,0.010270624851865353,0.0017191204839902133,0.005135312425932677,0.046252513396954145,0.030109141638202868,0.009250502679390827,0.015054570819101434
1747,0.02,2.0,5.0,5.0,0,5.000000000000001,5.0,0.045979477579410816,0.03026830916580694,0.00919589551588216,0.006053661833161388,0.023105445046172568,0.015983435383853092,0.0046210890092345126,0.0031966870767706186,0.008538109724267917,0.01023442150323758,0.001707621944853583,0.002046884300647516,0.04634351087154266,0.02963462513546995,0.009268702174308531,0.00592692502709399
1747,0.02,2.0,5.0,5.0,1,4.999999999999999,4.999999999999999,0.046000965874788365,0.030259940025043935,0.009200193174957674,0.006051988005008788,0.023168985204625982,0.015983130138940416,0.0046337970409251975,0.003196626027788084,0.008548865885556445,0.010221006283086077,0.0017097731771112893,0.0020442012566172156,0.048937095515392125,0.03053575482828203,0.009787419103078426,0.006107150965656408
1747,0.02,2.0,5.0,5.0,2,5.0,4.999999999999999,0.04597698233191048,0.030261240698129972,0.009195396466382096,0.006052248139625995,0.02316684586561928,0.015986889650124656,0.0046333691731238556,0.003197377930024932,0.008525156757624417,0.010229943273401862,0.0017050313515248835,0.0020459886546803727,0.053952575399661765,0.035886710911385414,0.010790515079932353,0.007177342182277084
1747,0.02,2.0,5.0,5.0,3,5.0,5.000000000000001,0.04594488384102567,0.030265168285649926,0.009188976768205135,0.006053033657129984,0.023122533109869683,0.015977493786977576,0.004624506621973936,0.0031954987573955145,0.008496153755963748,0.01022390480716188,0.0016992307511927494,0.0020447809614323755,0.04637898277403263,0.03009488544955983,0.009275796554806526,0.006018977089911965
1747,0.02,2.0,10.0,2.0,0,10.0,1.9999999999999996,0.046035586033570684,0.030272346425862285,0.004603558603357068,0.015136173212931146,0.023212265514045274,0.016037456317892104,0.0023212265514045275,0.008018728158946054,0.008607428370943243,0.010280652964934621,0.0008607428370943244,0.0051403264824673115,0.04645775514271796,0.029666879795614817,0.004645775514271796,0.014833439897807412
1747,0.02,2.0,10.0,2.0,1,10.0,2.0000000000000004,0.045899434672257336,0.03026092567682256,0.004589943467225734,0.015130462838411277,0.023204565343828615,0.01599180615566877,0.0023204565343828616,0.007995903077834383,0.008585716816493477,0.010258082057372777,0.0008585716816493477,0.0051290410286863874,0.04891859720366701,0.03053351293253216,0.0048918597203667005,0.015266756466266077
1747,0.02,2.0,10.0,2.0,2,9.999999999999998,2.0,0.04592160492148216,0.0302308902129447,0.004592160492148217,0.01511544510647235,0.02311669777041019,0.01597063040819726,0.0023116697770410193,0.00798531520409863,0.00852381525832965,0.010207695602698377,0.0008523815258329651,0.005103847801349188,0.05382791391206895,0.03585816343639309,0.005382791391206896,0.017929081718196543
1747,0.02,2.0,10.0,2.0,3,10.000000000000002,1.9999999999999987,0.04540274256526816,0.03034552208288277,0.004540274256526815,0.015172761041441395,0.022999378364060574,0.01616777197535655,0.002299937836406057,0.00808388598767828,0.009258995006402305,0.010758210723713767,0.0009258995006402303,0.005379105361856887,0.045845392539177236,0.03018817804302613,0.004584539253917723,0.015094089021513076
1747,0.02,2.0,10.0,5.0,0,9.999999999999998,4.999999999999998,0.05901076897616767,0.021981401852506455,0.005901076897616768,0.004396280370501293,0.06323395316776258,0.017662859362860286,0.006323395316776259,0.0035325718725720584,0.04787145947104936,0.01302528627085334,0.004787145947104937,0.002605057254170669,0.04746824330384543,0.023643013965482584,0.004746824330384544,0.004728602793096518
1747,0.02,2.0,10.0,5.0,1,9.999999999999998,5.0,0.045983695022222874,0.030257499844287446,0.004598369502222289,0.006051499968857489,0.023206854615070546,0.015974316308569523,0.002320685461507055,0.0031948632617139045,0.008490784002416027,0.010201601675250164,0.0008490784002416028,0.002040320335050033,0.048957074706682646,0.03051695008751595,0.004895707470668266,0.00610339001750319
1747,0.02,2.0,10.0,5.0,2,10.0,5.000000000000002,0.04600241718082631,0.03026103035027791,0.004600241718082631,0.0060522060700555795,0.023113428198199264,0.015971095652212063,0.0023113428198199264,0.0031942191304424115,0.008489944145177727,0.010190569522446779,0.0008489944145177727,0.002038113904489355,0.0539019615923886,0.035889071598875937,0.00539019615923886,0.007177814319775185
1747,0.02,2.0,10.0,5.0,3,9.999999999999998,4.999999999999998,0.04603825629365801,0.03024750492754213,0.004603825629365801,0.0060495009855084285,0.023293047206199815,0.015974553927266082,0.002329304720619982,0.0031949107854532177,0.008573127366340534,0.0102083055658406,0.0008573127366340536,0.0020416611131681204,0.04640850813947282,0.03009809632563985,0.004640850813947283,0.006019619265127972
1747,0.02,2.0,20.0,2.0,0,20.000000000000004,2.0,0.307084636943213,0.15036797488879203,0.015354231847160647,0.07518398744439601,0.147352033057809,0.057523474540651494,0.007367601652890449,0.028761737270325747,0.2894726255144386,0.13219946155228357,0.014473631275721927,0.06609973077614179,0.2753448604412526,0.13668675461766303,0.013767243022062628,0.06834337730883151
1747,0.02,2.0,20.0,2.0,1,19.999999999999996,1.9999999999999996,0.049813107861952345,0.0298810582206756,0.002490655393097618,0.014940529110337804,0.026840593723517884,0.01699704931224476,0.0013420296861758943,0.008498524656122382,0.01114844991957854,0.010352542462278957,0.0005574224959789271,0.00517627123113948,0.052411723324324554,0.03016481893621534,0.002620586166216228,0.015082409468107674
1747,0.02,2.0,20.0,2.0,2,19.999999999999996,1.9999999999999991,0.2048351338842586,0.09736938257263678,0.010241756694212933,0.04868469128631841,0.07638843023532668,0.03498214302898731,0.003819421511766335,0.017491071514493663,0.20026158007435327,0.08415977952072569,0.010013079003717664,0.042079889760362865,0.21335895140204703,0.10519917099265626,0.010667947570102353,0.05259958549632815
1747,0.02,2.0,20.0,2.0,3,19.999999999999993,2.0,0.4148119178676413,0.14625639333261864,0.020740595893382074,0.07312819666630932,0.9818271849675363,0.05375786125513846,0.049091359248376834,0.02687893062756923,0.5059011254400342,0.15151569306519494,0.02529505627200172,0.07575784653259747,0.5383497091597432,0.18060506620011904,0.02691748545798717,0.09030253310005952
1747,0.02,2.0,20.0,5.0,0,20.0,5.0,0.18252292425899938,0.08101749972411083,0.009126146212949968,0.016203499944822168,0.22635467261249131,0.08252226757473614,0.011317733630624566,0.01650445351494723,0.158872721925723,0.07074352664456354,0.00794363609628615,0.014148705328912709,0.18350295515382706,0.08053124252199415,0.009175147757691352,0.01610624850439883
1747,0.02,2.0,20.0,5.0,1,19.999999999999993,4.999999999999998,0.04491486596594401,0.03034687031409593,0.0022457432982972013,0.006069374062819188,0.022782743655641244,0.016238753575367297,0.0011391371827820626,0.0032477507150734607,0.010045018767146474,0.011172880417329492,0.0005022509383573239,0.002234576083465899,0.04787903937694886,0.03062489105413183,0.0023939519688474437,0.006124978210826368
1747,0.02,2.0,20.0,5.0,2,20.000000000000004,4.999999999999999,4.504731634639012,0.7532597920426882,0.22523658173195057,0.15065195840853768,6.888722746867648,0.857528374375741,0.34443613734338235,0.17150567487514823,4.68094345954348,0.7592861467961753,0.23404717297717395,0.1518572293592351,4.655826023986932,0.7426771921298493,0.23279130119934655,0.1485354384259699
1747,0.02,2.0,20.0,5.0,3,19.999999999999993,4.999999999999998,0.04894051066154783,0.030667045777726856,0.0024470255330773924,0.006133409155545374,0.028894446472169526,0.015719105653765227,0.0014447223236084769,0.0031438211307530466,0.00802548591058128,0.00936667322436336,0.00040127429552906413,0.0018733346448726728,0.04963856587970354,0.0304249181518496,0.0024819282939851778,0.0060849836303699225
1747,0.02,5.0,5.0,2.0,0,4.999999999999999,1.9999999999999996,0.05062041561801308,0.02715863178473623,0.010124083123602618,0.013579315892368118,0.016239171971467407,0.010699305363795451,0.0032478343942934818,0.0053496526818977265,0.008523023937839347,0.010225856323893195,0.0017046047875678698,0.005112928161946599,0.05073928783052963,0.026204646709394843,0.010147857566105927,0.013102323354697425
1747,0.02,5.0,5.0,2.0,1,4.999999999999999,2.0,0.05067441509198157,0.02715906527581211,0.010134883018396315,0.013579532637906054,0.016148176406221234,0.010697455679960001,0.0032296352812442473,0.005348727839980001,0.008524159112820744,0.010224020314960452,0.0017048318225641491,0.005112010157480226,0.05371955083807833,0.027815181269335777,0.010743910167615667,0.013907590634667889
1747,0.02,5.0,5.0,2.0,2,4.999999999999998,2.0000000000000004,0.05072261839684766,0.02716364528457967,0.010144523679369535,0.013581822642289831,0.016182993033442564,0.010690681908654364,0.003236598606688514,0.005345340954327181,0.008491386413696055,0.010187832634636447,0.0016982772827392116,0.0050939163173182225,0.06024802436907413,0.035250125359818266,0.01204960487381483,0.01762506267990913
1747,0.02,5.0,5.0,2.0,3,5.0,1.9999999999999991,0.05065147444027487,0.027175889192929917,0.010130294888054973,0.013587944596464964,0.016150846189196443,0.010699164348230553,0.003230169237839289,0.005349582174115279,0.008543900397231925,0.010223517513264828,0.0017087800794463848,0.0051117587566324165,0.051437739824711545,0.027669699255673922,0.01028754796494231,0.013834849627836968
1747,0.02,5.0,5.0,5.0,0,4.999999999999999,5.0,0.05059333454949923,0.0271568405156717,0.010118666909899847,0.00543136810313434,0.01615897521321983,0.010694524573334025,0.0032317950426439665,0.002138904914666805,0.008514844887843327,0.010218203278440044,0.0017029689775686658,0.002043640655688009,0.05073969555132992,0.026215670870199725,0.010147939110265985,0.005243134174039945
1747,0.02,5.0,5.0,5.0,1,4.999999999999998,4.999999999999999,0.05071055895423304,0.02714941990999044,0.010142111790846613,0.0054298839819980895,0.016221081712116267,0.010700157988965694,0.0032442163424232545,0.0021400315977931393,0.008534540376144614,0.010238466181878486,0.0017069080752289234,0.0020476932363756974,0.05372337673066981,0.027807753507726633,0.010744675346133966,0.005561550701545327
1747,0.02,5.0,5.0,5.0,2,4.999999999999999,4.999999999999999,0.0501968769733761,0.027126551725591593,0.010039375394675223,0.005425310345118319,0.016316116696794548,0.011117766218941586,0.0032632233393589103,0.0022235532437883177,0.008893928309891113,0.010499877780123058,0.001778785661978223,0.002099975556024612,0.059901125385934305,0.03521087420753321,0.011980225077186863,0.007042174841506643
1747,0.02,5.0,5.0,5.0,3,5.0,4.999999999999999,0.05065285276221625,0.027170448883223595,0.01013057055244325,0.00543408977664472,0.016208134650492347,0.01070025182524477,0.0032416269300984692,0.0021400503650489543,0.008513722209067988,0.010217348825510519,0.0017027444418135976,0.002043469765102104,0.051491790345270766,0.027667146624919748,0.010298358069054154,0.005533429324983951
1747,0.02,5.0,10.0,2.0,0,9.999999999999998,2.0000000000000004,0.05060914556802509,0.027155581734624075,0.00506091455680251,0.013577790867312034,0.0160614521543233,0.010774012474601411,0.0016061452154323304,0.005387006237300705,0.008622218566697653,0.010291691655702331,0.0008622218566697654,0.005145845827851165,0.05072720640223666,0.026205579695779205,0.005072720640223667,0.013102789847889599
1747,0.02,5.0,10.0,2.0,1,10.0,2.0,0.05060885797493747,0.02717101513057006,0.0050608857974937475,0.01358550756528503,0.016171583093016435,0.010772534286816874,0.0016171583093016434,0.005386267143408437,0.008601241817911573,0.010310021504488455,0.0008601241817911573,0.005155010752244228,0.053754922916401236,0.027810549598957908,0.0053754922916401235,0.013905274799478954
1747,0.02,5.0,10.0,2.0,2,9.999999999999998,2.0000000000000004,0.050763961630696436,0.02699916772005687,0.005076396163069644,0.013499583860028431,0.016589073973933756,0.011153639791189215,0.0016589073973933758,0.0055768198955946065,0.009564918186921694,0.01069718776079195,0.0009564918186921696,0.0053485938803959744,0.06034879670606309,0.035045730648492944,0.00603487967060631,0.01752286532424647
1747,0.02,5.0,10.0,2.0,3,9.999999999999998,2.0,0.04993405905489078,0.027086947194909734,0.004993405905489079,0.013543473597454867,0.01610048983753468,0.010521699493895656,0.0016100489837534682,0.005260849746947828,0.008778914240942178,0.010311925373327029,0.000877891424094218,0.005155962686663514,0.050713395768146534,0.027600587273125147,0.005071339576814654,0.013800293636562573
1747,0.02,5.0,10.0,5.0,0,10.0,5.0,0.05104731428796733,0.0270901212501822,0.005104731428796733,0.00541802425003644,0.016412335170935235,0.011197541524858226,0.0016412335170935236,0.0022395083049716455,0.008744202919496992,0.010206393499442377,0.0008744202919496992,0.0020412786998884754,0.051039437442582866,0.02613914032153337,0.005103943744258287,0.005227828064306674
1747,0.02,5.0,10.0,5.0,1,9.999999999999998,5.0,0.05071589104409505,0.02717028534829387,0.005071589104409506,0.0054340570696587735,0.01619448320613561,0.010691486136624791,0.0016194483206135614,0.0021382972273249583,0.008486998129891475,0.010182900023501132,0.0008486998129891476,0.0020365800047002264,0.05379961908259507,0.027815003175336674,0.005379961908259508,0.005563000635067335
1747,0.02,5.0,10.0,5.0,2,10.0,5.0,0.04996815050273895,0.027076091303439857,0.004996815050273895,0.0054152182606879715,0.013901545327847811,0.009902815266104918,0.0013901545327847811,0.0019805630532209835,0.010379558280547273,0.011824126011272355,0.0010379558280547273,0.002364825202254471,0.05964957588189971,0.03506867782199233,0.005964957588189971,0.007013735564398466
1747,0.02,5.0,10.0,5.0,3,10.000000000000002,5.0,0.05091202853839324,0.027165138993915462,0.0050912028538393226,0.005433027798783093,0.016312646987071893,0.010709410807245974,0.001631264698707189,0.0021418821614491946,0.008369181472242186,0.010047666970536039,0.0008369181472242185,0.002009533394107208,0.05166725288623726,0.02765731453927364,0.005166725288623725,0.005531462907854728
1747,0.02,5.0,20.0,2.0,0,20.000000000000004,2.0000000000000004,0.04976875614428354,0.02714081550881726,0.0024884378072141766,0.013570407754408627,0.016227455373681206,0.010875861706120482,0.0008113727686840602,0.00543793085306024,0.009536846193820779,0.011006894225237976,0.00047684230969103887,0.005503447112618987,0.049719319865416986,0.026197578607233245,0.002485965993270849,0.01309878930361662
1747,0.02,5.0,20.0,2.0,1,20.0,1.9999999999999991,0.3296763729342375,0.15814463312094929,0.016483818646711876,0.07907231656047468,0.07074420561002745,0.03488268937058527,0.0035372102805013724,0.017441344685292643,0.31546781450556594,0.13473884399972635,0.015773390725278297,0.0673694219998632,0.3245100865682376,0.15712966922011656,0.01622550432841188,0.07856483461005832
1747,0.02,5.0,20.0,2.0,2,20.0,2.0,0.5937941351633212,0.24192822569445976,0.02968970675816606,0.12096411284722988,1.270739923436349,0.492940774551166,0.06353699617181745,0.246470387275583,0.6099868860342892,0.25919789130087817,0.03049934430171446,0.12959894565043908,0.7417973228195244,0.31682142444247585,0.037089866140976216,0.15841071222123793
1747,0.02,5.0,20.0,2.0,3,20.0,1.9999999999999996,0.046350641840690245,0.028011687933046786,0.002317532092034512,0.014005843966523396,0.02139228939062433,0.010552008725027406,0.0010696144695312164,0.005276004362513704,0.009152576114166856,0.011839133829301962,0.0004576288057083428,0.005919566914650983,0.04736599235205723,0.028537216559094306,0.0023682996176028616,0.014268608279547157
1747,0.02,5.0,20.0,5.0,0,19.999999999999993,4.999999999999998,0.19965649934201044,0.101105716926809,0.009982824967100526,0.02022114338536181,0.3383410528595506,0.12094338323078402,0.016917052642977534,0.02418867664615681,0.169674108764797,0.07309479687083159,0.008483705438239853,0.014618959374166324,0.15671763939292604,0.07976506905770281,0.007835881969646305,0.015953013811540566
1747,0.02,5.0,20.0,5.0,1,20.000000000000004,5.0,0.027898319432154983,0.03208820932751607,0.001394915971607749,0.006417641865503214,0.03429553883428495,0.023061402678157265,0.001714776941714247,0.004612280535631453,0.06140746213035154,0.02344721955762605,0.0030703731065175764,0.00468944391152521,0.01422872974174506,0.028588052618220873,0.0007114364870872529,0.005717610523644175
1747,0.02,5.0,20.0,5.0,2,20.000000000000004,5.0,0.05077489807553637,0.02709256363166727,0.002538744903776818,0.005418512726333454,0.015695601472789228,0.010396349240372828,0.0007847800736394613,0.0020792698480745658,0.00835506531922361,0.009859523084182201,0.0004177532659611804,0.0019719046168364405,0.06041715355928174,0.03514993767477628,0.0030208576779640864,0.007029987534955257
1747,0.02,5.0,20.0,5.0,3,20.0,5.0,2.5928426780536364,1.1000408262997299,0.1296421339026818,0.220008165259946,3.290404436064338,1.2463203848410558,0.1645202218032169,0.24926407696821115,2.589634067739208,1.1140161615303976,0.12948170338696038,0.2228032323060795,2.6532665546453393,1.1338430930480212,0.13266332773226697,0.22676861860960423
1747,0.02,10.0,5.0,2.0,0,4.999999999999999,2.0,0.07361394359066405,0.044045315824454076,0.014722788718132812,0.022022657912227038,0.013437469309967554,0.011366462204399387,0.0026874938619935113,0.0056832311021996935,0.008488662965221536,0.01021418069759046,0.0016977325930443074,0.00510709034879523,0.07432292374231818,0.0452747867161479,0.014864584748463638,0.02263739335807395
1747,0.02,10.0,5.0,2.0,1,4.999999999999999,2.0000000000000004,0.07365356577140776,0.04404814372801612,0.014730713154281556,0.022024071864008055,0.013437157425693494,0.011374367227866018,0.0026874314851386993,0.005687183613933008,0.008540664943816242,0.010228562110549974,0.0017081329887632488,0.005114281055274986,0.0758391160529863,0.04551024959020024,0.015167823210597262,0.022755124795100116
1747,0.02,10.0,5.0,2.0,2,5.0,2.0000000000000004,0.07369985693442341,0.04404963378890575,0.014739971386884682,0.022024816894452872,0.013438003342559696,0.011378504527218145,0.0026876006685119394,0.005689252263609072,0.008530180606996262,0.010215656199034988,0.0017060361213992524,0.005107828099517493,0.07940929980059967,0.04988221898701556,0.015881859960119933,0.024941109493507772
1747,0.02,10.0,5.0,2.0,3,5.0,2.0000000000000004,0.07366696454861131,0.04405256318163889,0.014733392909722262,0.02202628159081944,0.013440141625993659,0.011374795850681609,0.002688028325198732,0.005687397925340803,0.008527268022035508,0.010236052352725731,0.0017054536044071016,0.005118026176362865,0.07806508880570734,0.048325032859994566,0.015613017761141467,0.024162516429997276
1747,0.02,10.0,5.0,5.0,0,5.000000000000002,5.000000000000001,0.07361044158054555,0.044045060471120674,0.014722088316109105,0.008809012094224133,0.013454746249545048,0.01138268439052529,0.0026909492499090086,0.0022765368781050574,0.008542820301718724,0.01022622752640221,0.0017085640603437442,0.0020452455052804414,0.07424512800991168,0.045282391177501595,0.01484902560198233,0.009056478235500317
1747,0.02,10.0,5.0,5.0,1,5.0,4.999999999999999,0.0736231001337718,0.0440418691182156,0.01472462002675436,0.008808373823643122,0.013439650918126263,0.01137499321266346,0.002687930183625253,0.0022749986425326923,0.008498032589448354,0.010217296641778999,0.0016996065178896708,0.0020434593283558,0.07588649383186909,0.04550888120398782,0.015177298766373817,0.009101776240797567
1747,0.02,10.0,5.0,5.0,2,5.0,4.999999999999999,0.07372427622003787,0.0440620138814133,0.014744855244007574,0.008812402776282662,0.013438625420921904,0.011386729679770006,0.002687725084184381,0.0022773459359540014,0.008572647132796207,0.010254630447165597,0.0017145294265592415,0.0020509260894331196,0.07946847752303937,0.049908204133307627,0.015893695504607876,0.009981640826661527
1747,0.02,10.0,5.0,5.0,3,5.0,4.999999999999999,0.0736833313518721,0.04404306449300822,0.014736666270374421,0.008808612898601645,0.013429725341042122,0.011380900549658764,0.0026859450682084245,0.0022761801099317534,0.008509218625161132,0.010234244984042769,0.0017018437250322263,0.002046848996808554,0.07811681199973826,0.048303727638527916,0.015623362399947651,0.009660745527705584
1747,0.02,10.0,10.0,2.0,0,10.0,2.0000000000000004,0.07366627353200728,0.04404534690862669,0.007366627353200728,0.02202267345431334,0.013430433784964514,0.011375030841901284,0.0013430433784964513,0.005687515420950641,0.008532675844824643,0.01022019529684709,0.0008532675844824643,0.005110097648423544,0.07423073485221462,0.04530161668459186,0.0074230734852214625,0.022650808342295926
1747,0.02,10.0,10.0,2.0,1,10.0,2.0,0.07382863085022139,0.044114699274555295,0.0073828630850221386,0.022057349637277648,0.013626477413767706,0.011479176775137113,0.0013626477413767706,0.005739588387568557,0.008723757345883104,0.010344824534802259,0.0008723757345883104,0.005172412267401129,0.07605127865578241,0.0455908845028164,0.007605127865578242,0.0227954422514082
1747,0.02,10.0,10.0,2.0,2,10.000000000000002,2.0,0.07378810434471117,0.04411065748025661,0.007378810434471116,0.022055328740128305,0.013572750703207365,0.011443122699131182,0.0013572750703207362,0.005721561349565591,0.008673879619884224,0.010340489752752905,0.0008673879619884223,0.005170244876376452,0.07956955489849146,0.049942162199374134,0.007956955489849146,0.024971081099687067
1747,0.02,10.0,10.0,2.0,3,10.000000000000002,1.9999999999999996,0.07382808954589332,0.04406009046645439,0.007382808954589331,0.0220300452332272,0.013486518815818003,0.011400387423722885,0.0013486518815818,0.005700193711861443,0.008565473376669679,0.010292699767278255,0.0008565473376669677,0.005146349883639129,0.0782146232805124,0.048345941794238075,0.007821462328051238,0.024172970897119044
1747,0.02,10.0,10.0,5.0,0,10.0,5.0,0.07365525523100797,0.044292926609485965,0.0073655255231007966,0.008858585321897193,0.013967311699587221,0.011817839195267767,0.001396731169958722,0.0023635678390535536,0.00903602850503571,0.01036440462684911,0.0009036028505035709,0.002072880925369822,0.07438842847879422,0.045510063398062246,0.007438842847879422,0.00910201267961245
1747,0.02,10.0,10.0,5.0,1,10.0,4.999999999999998,0.07349133954519262,0.04400864217551594,0.007349133954519261,0.008801728435103191,0.013282742782273529,0.011310171838783054,0.001328274278227353,0.0022620343677566116,0.008468116052514175,0.010162476651939697,0.0008468116052514175,0.00203249533038794,0.07574913573178274,0.04549070809813665,0.007574913573178274,0.009098141619627333
1747,0.02,10.0,10.0,5.0,2,10.0,4.999999999999998,0.07364281232345916,0.0440485512717223,0.007364281232345916,0.008809710254344464,0.01341381217412043,0.01136606138335337,0.001341381217412043,0.002273212276670675,0.008557008098009659,0.010237245056482916,0.0008557008098009659,0.002047449011296584,0.07932512848646374,0.04989589918107163,0.007932512848646375,0.00997917983621433
1747,0.02,10.0,10.0,5.0,3,10.0,5.000000000000001,0.07364407703122973,0.04404754848911202,0.007364407703122973,0.008809509697822402,0.013457064643004647,0.011388708281079515,0.0013457064643004647,0.0022777416562159026,0.00856781587337561,0.010221237386714996,0.0008567815873375609,0.002044247477342999,0.0780010086463908,0.04831926832384786,0.00780010086463908,0.00966385366476957
1747,0.02,10.0,20.0,2.0,0,20.000000000000004,2.0000000000000004,0.07349380358052679,0.044023763404757645,0.003674690179026339,0.02201188170237882,0.01346374548425433,0.011369324746960579,0.0006731872742127163,0.005684662373480288,0.008551460209274867,0.01018653430730486,0.00042757301046374326,0.005093267153652429,0.07412733647305117,0.04529008833080946,0.0037063668236525576,0.022645044165404728
1747,0.02,10.0,20.0,2.0,1,20.0,2.0,0.07357869438663758,0.04401972301566827,0.0036789347193318792,0.022009861507834134,0.013337462219052333,0.011337763456310705,0.0006668731109526167,0.005668881728155353,0.008498568484407996,0.010192460332771696,0.0004249284242203998,0.005096230166385848,0.07579834934930864,0.045506553570011994,0.003789917467465432,0.022753276785005997
1747,0.02,10.0,20.0,2.0,2,20.0,1.9999999999999996,0.08776099500167805,0.04335178962002879,0.004388049750083903,0.021675894810014397,0.016088962176323388,0.012334642233859359,0.0008044481088161694,0.006167321116929681,0.01256655546572347,0.012444418520826133,0.0006283277732861735,0.006222209260413068,0.09738082695763507,0.04901514653227908,0.004869041347881754,0.024507573266139546
1747,0.02,10.0,20.0,2.0,3,19.999999999999996,2.0000000000000004,0.08209212258158813,0.04948873301391298,0.004104606129079407,0.024744366506956484,0.5870085439931662,0.06526069173615934,0.029350427199658313,0.03263034586807966,0.13667419233624817,0.03508585404172297,0.00683370961681241,0.017542927020861483,0.12476155382080159,0.06919276671744078,0.006238077691040081,0.03459638335872038
1747,0.02,10.0,20.0,5.0,0,20.000000000000004,5.000000000000001,10.622826653631241,2.485268796298181,0.5311413326815619,0.49705375925963613,7.657680496229738,2.748395377509659,0.38288402481148687,0.5496790755019317,10.036604420438865,2.568590332118905,0.5018302210219432,0.5137180664237809,11.911888772461829,2.8049843375443992,0.5955944386230914,0.5609968675088798
1747,0.02,10.0,20.0,5.0,1,19.999999999999996,4.999999999999998,0.09977996344512595,0.03370050927470785,0.004988998172256298,0.0067401018549415725,0.7706017885650726,0.039509424318815066,0.03853008942825364,0.007901884863763016,0.06009694605808291,0.025969481301995362,0.003004847302904146,0.005193896260399075,0.1430764786473236,0.03655559555544509,0.007153823932366181,0.00731111911108902
1747,0.02,10.0,20.0,5.0,2,20.0,5.0,0.1469164476666031,0.04382384032610558,0.007345822383330156,0.008764768065221116,0.039804771804317234,0.01786375766198766,0.0019902385902158615,0.003572751532397532,0.08966331853901106,0.030457128608582316,0.0044831659269505535,0.006091425721716464,0.12948016032397372,0.04130143433178024,0.006474008016198686,0.008260286866356048
1747,0.02,10.0,20.0,5.0,3,20.0,4.999999999999999,1.0037763899825056,0.22161997890289814,0.05018881949912528,0.044323995780579634,2.65947918013224,0.3003646305071803,0.132973959006612,0.060072926101436074,0.8357590199002314,0.22630718214307213,0.04178795099501157,0.04526143642861444,1.0636725139742225,0.24134351587023797,0.05318362569871112,0.048268703174047606
1747,0.05,0.0,5.0,2.0,0,5.0,2.0000000000000004,0.008266387562165396,0.009577207174959412,0.0016532775124330791,0.004788603587479705,0.013278716492361241,0.010269918657575228,0.002655743298472248,0.005134959328787613,0.009885985881845942,0.009755299467089943,0.0019771971763691883,0.004877649733544971,0.013533335899407199,0.014287942098489529,0.00270666717988144,0.007143971049244763
1747,0.05,0.0,5.0,2.0,1,4.999999999999999,1.9999999999999996,0.008337707398587052,0.009595298574485246,0.0016675414797174108,0.004797649287242624,0.013277697240119696,0.010279405054664938,0.0026555394480239397,0.00513970252733247,0.009927216416564716,0.009777487326795646,0.0019854432833129433,0.004888743663397824,0.008255581512002787,0.010065665909811054,0.0016511163024005577,0.005032832954905528
1747,0.05,0.0,5.0,2.0,2,5.0,2.0,0.0083131151396959,0.009589126450593734,0.00166262302793918,0.004794563225296867,0.013273748391701628,0.010258493366408335,0.0026547496783403254,0.005129246683204167,0.009892536995210371,0.009767154254800991,0.001978507399042074,0.004883577127400496,0.00663049776897519,0.005215692988058339,0.001326099553795038,0.0026078464940291696
1747,0.05,0.0,5.0,2.0,3,5.0,2.0,0.008346899492838254,0.00959027549887081,0.0016693798985676508,0.004795137749435405,0.013301415886457514,0.010265479056581936,0.002660283177291503,0.005132739528290968,0.009918727947713854,0.009765977902918718,0.001983745589542771,0.004882988951459359,0.007727043970158744,0.009470000789334704,0.0015454087940317488,0.004735000394667352
1747,0.05,0.0,5.0,5.0,0,5.000000000000001,5.0,0.008289530658110233,0.009581709437142797,0.0016579061316220462,0.0019163418874285592,0.013252817748819128,0.010259458565930343,0.002650563549763825,0.0020518917131860685,0.009904368486774435,0.009761365785155218,0.0019808736973548867,0.0019522731570310436,0.013494485559629546,0.014283640325587226,0.0026988971119259087,0.002856728065117445
1747,0.05,0.0,5.0,5.0,1,5.0,5.0,0.008302905406208143,0.009594751175771953,0.0016605810812416286,0.0019189502351543905,0.013311740766510488,0.010278157233862226,0.0026623481533020977,0.002055631446772445,0.009894108336314161,0.009772338133890413,0.001978821667262832,0.0019544676267780827,0.008265213974778186,0.010064751532422806,0.001653042794955637,0.002012950306484561
1747,0.05,0.0,5.0,5.0,2,5.000000000000001,5.000000000000001,0.008376953796264436,0.009621346175796026,0.0016753907592528868,0.001924269235159205,0.013330737114208272,0.01028763989959263,0.002666147422841654,0.0020575279799185256,0.009973372013238117,0.009797702630838078,0.001994674402647623,0.001959540526167615,0.0066016911764082,0.005222022157170032,0.0013203382352816398,0.0010444044314340062
1747,0.05,0.0,5.0,5.0,3,5.0,5.000000000000002,0.008337419215842868,0.009590595823849543,0.0016674838431685736,0.0019181191647699078,0.013325954399642036,0.010277782352822739,0.002665190879928407,0.002055556470564547,0.009953096134753195,0.009775992211207733,0.0019906192269506387,0.001955198442241546,0.0077309935499348574,0.009454000546480925,0.0015461987099869715,0.0018908001092961845
1747,0.05,0.0,10.0,2.0,0,10.0,2.0,0.008393699331425447,0.009545075811190778,0.0008393699331425448,0.004772537905595389,0.013653695425936774,0.010438951870711971,0.0013653695425936774,0.005219475935355986,0.010017246875633769,0.009739701839400414,0.001001724687563377,0.004869850919700207,0.013938999965390648,0.014326535029054323,0.001393899996539065,0.007163267514527161
1747,0.05,0.0,10.0,2.0,1,9.999999999999998,2.0,0.008354921671951733,0.009634616791594348,0.0008354921671951735,0.004817308395797174,0.013296983532904389,0.01024611839562768,0.001329698353290439,0.00512305919781384,0.010008439069188935,0.009828613126723645,0.0010008439069188937,0.004914306563361823,0.008283761673185919,0.01011267982083244,0.0008283761673185921,0.00505633991041622
1747,0.05,0.0,10.0,2.0,2,10.0,2.0,0.008138684676531237,0.009461817125862734,0.0008138684676531237,0.004730908562931367,0.013084152768435744,0.010178923382981446,0.0013084152768435744,0.005089461691490723,0.009730564585210053,0.009659293257623512,0.0009730564585210053,0.004829646628811756,0.007376763257436024,0.005021189717039236,0.0007376763257436024,0.002510594858519618
1747,0.05,0.0,10.0,2.0,3,9.999999999999998,1.9999999999999996,0.008390795547031135,0.00970742558313154,0.0008390795547031137,0.004853712791565771,0.013226831173792359,0.01028216337851443,0.0013226831173792362,0.005141081689257216,0.010005775667959531,0.009864639047821602,0.0010005775667959534,0.004932319523910802,0.0077382378143421825,0.009576711035067638,0.0007738237814342184,0.00478835551753382
1747,0.05,0.0,10.0,5.0,0,10.0,5.0,0.0082823639980675,0.009599263928998831,0.00082823639980675,0.0019198527857997663,0.013279740838617571,0.01027114922053125,0.0013279740838617572,0.00205422984410625,0.009929680761000117,0.009779192399465822,0.0009929680761000116,0.0019558384798931644,0.013561530078243832,0.014297412269810668,0.0013561530078243832,0.0028594824539621335
1747,0.05,0.0,10.0,5.0,1,10.0,5.0,0.008351097107264619,0.009449897265350057,0.000835109710726462,0.0018899794530700114,0.014010616320375466,0.010494521783850467,0.0014010616320375465,0.0020989043567700935,0.009913820376454495,0.00962809653380619,0.0009913820376454495,0.0019256193067612379,0.008361846611900425,0.009941917962958404,0.0008361846611900425,0.001988383592591681
1747,0.05,0.0,10.0,5.0,2,9.999999999999998,5.000000000000001,0.008104504355866866,0.011556236495515865,0.0008104504355866867,0.0023112472991031726,0.017246173454107665,0.0054214908544955465,0.0017246173454107667,0.0010842981708991091,0.010056071869845005,0.011508387455484258,0.0010056071869845007,0.0023016774910968514,0.007360518097011665,0.0067112784598516535,0.0007360518097011666,0.0013422556919703305
1747,0.05,0.0,10.0,5.0,3,9.999999999999996,4.999999999999999,0.008257959459189616,0.009555384543986807,0.0008257959459189619,0.0019110769087973619,0.013172621990494857,0.010201936339690616,0.0013172621990494861,0.0020403872679381234,0.009814896130072519,0.009716127707064056,0.0009814896130072523,0.0019432255414128115,0.007621880660997606,0.009425367242219582,0.0007621880660997609,0.0018850734484439167
1747,0.05,0.0,20.0,2.0,0,20.000000000000004,2.0000000000000004,0.008416392863966884,0.009556243355750083,0.00042081964319834415,0.004778121677875041,0.013331074390597452,0.010250117862431312,0.0006665537195298725,0.005125058931215655,0.010024157475653165,0.009737901144688418,0.0005012078737826581,0.004868950572344208,0.014150640735866873,0.014394711866621345,0.0007075320367933435,0.007197355933310671
1747,0.05,0.0,20.0,2.0,1,20.0,1.9999999999999996,0.030820591349484495,0.014926895756988289,0.0015410295674742247,0.007463447878494146,0.030375987101435284,0.02067395695374069,0.0015187993550717642,0.010336978476870347,0.03990636383989573,0.019777010248356153,0.0019953181919947867,0.009888505124178078,0.03102083968053515,0.01698853756558923,0.0015510419840267576,0.008494268782794617
1747,0.05,0.0,20.0,2.0,2,20.0,2.0000000000000004,0.30645637943453397,0.13302973529242237,0.015322818971726698,0.06651486764621117,0.09091229766208654,0.03228097314332118,0.004545614883104327,0.016140486571660586,0.2801424749676024,0.12416501310135968,0.014007123748380122,0.062082506550679824,0.15375395907268924,0.06870101334093305,0.007687697953634462,0.03435050667046652
1747,0.05,0.0,20.0,2.0,3,20.0,1.9999999999999996,0.07348063413912968,0.024517939482372776,0.003674031706956484,0.012258969741186392,0.11063103593616364,0.06006906595259739,0.005531551796808182,0.0300345329762987,0.08931401542029485,0.024476328717321135,0.004465700771014743,0.012238164358660571,0.07846441171674295,0.02436325145025221,0.003923220585837148,0.012181625725126108
1747,0.05,0.0,20.0,5.0,0,20.0,4.999999999999998,0.012502000725295398,0.009031638128523487,0.0006251000362647699,0.001806327625704698,0.02811178270414707,0.01125692804766952,0.0014055891352073534,0.002251385609533905,0.013626169668055393,0.008989618061933378,0.0006813084834027697,0.0017979236123866762,0.014152042268033837,0.007547812675755036,0.0007076021134016918,0.0015095625351510078
1747,0.05,0.0,20.0,5.0,1,20.0,4.999999999999999,0.008487434503082647,0.009390913574562034,0.00042437172515413237,0.0018781827149124072,0.015144733138800685,0.011331317205600032,0.0007572366569400343,0.002266263441120007,0.012137670608378321,0.01104406195103952,0.000606883530418916,0.0022088123902079047,0.009458727970605648,0.011678822960820238,0.0004729363985302824,0.002335764592164048
1747,0.05,0.0,20.0,5.0,2,20.0,4.999999999999998,20.21880235765431,6.831071848238594,1.0109401178827155,1.3662143696477191,15.638918962949882,5.128684540077583,0.7819459481474941,1.025736908015517,20.395675716105913,6.961417389764469,1.0197837858052956,1.3922834779528943,19.87987879053273,6.780813286008308,0.9939939395266364,1.356162657201662
1747,0.05,0.0,20.0,5.0,3,20.0,4.999999999999999,7.884684484395797,0.15810257936315789,0.3942342242197899,0.03162051587263158,8.158638929066088,1.105592422930454,0.4079319464533044,0.22111848458609082,7.911787448087766,0.13276296916444738,0.3955893724043883,0.026552593832889482,8.200327326675586,0.24389071795191708,0.4100163663337793,0.048778143590383426
1747,0.05,2.0,5.0,2.0,0,5.0,2.0,0.9690933935593729,0.7757214279578712,0.19381867871187458,0.3878607139789356,0.15607654361788878,0.12922142572786674,0.031215308723577757,0.06461071286393337,0.009883634589651594,0.009758411518474397,0.001976726917930319,0.0048792057592371985,1.049835382515315,0.8456565624366047,0.209967076503063,0.42282828121830235
1747,0.05,2.0,5.0,2.0,1,5.0,2.0000000000000004,0.9690914966368214,0.775726617900984,0.19381829932736427,0.38786330895049187,0.15603594899737205,0.12920390419491642,0.03120718979947441,0.0646019520974582,0.009923598904109007,0.009763954446182032,0.0019847197808218016,0.004881977223091015,1.2038222810056625,0.9642328520936633,0.2407644562011325,0.4821164260468315
1747,0.05,2.0,5.0,2.0,2,4.999999999999999,2.0,0.9690779394863337,0.7757228791517683,0.19381558789726677,0.38786143957588415,0.1560645579287863,0.12919294897034175,0.031212911585757265,0.06459647448517088,0.009905537054976338,0.009758138726347376,0.001981107410995268,0.004879069363173688,1.0803346931885462,0.8417389754739322,0.2160669386377093,0.4208694877369661
1747,0.05,2.0,5.0,2.0,3,5.0,1.9999999999999996,0.9690825024052024,0.7757369267292807,0.1938165004810405,0.3878684633646405,0.15608668330529757,0.12923961706252363,0.031217336661059514,0.06461980853126183,0.009912747226659515,0.009757897196260221,0.001982549445331903,0.0048789485981301116,0.9851149812028615,0.7902737465321004,0.1970229962405723,0.3951368732660503
1747,0.05,2.0,5.0,5.0,0,5.0,4.999999999999999,0.969008454381783,0.7757299759498592,0.1938016908763566,0.15514599518997185,0.15599857145158857,0.12921663375903086,0.031199714290317714,0.025843326751806176,0.009986383193207334,0.009804563873087731,0.0019972766386414666,0.0019609127746175467,1.0497716474456282,0.8456524075481274,0.20995432948912565,0.1691304815096255
1747,0.05,2.0,5.0,5.0,1,4.999999999999999,5.0,0.9690995314392157,0.775747626824035,0.19381990628784318,0.155149525364807,0.15607837040104844,0.12924052582936102,0.031215674080209692,0.025848105165872205,0.009912304005450907,0.009783197974307154,0.0019824608010901817,0.001956639594861431,1.2038167106251316,0.964212840993436,0.24076334212502637,0.1928425681986872
1747,0.05,2.0,5.0,5.0,2,5.000000000000001,5.0,0.9691285483734003,0.7757446248091443,0.19382570967468005,0.15514892496182886,0.15613465003884847,0.12925976692670152,0.031226930007769688,0.025851953385340305,0.009889497796462926,0.009734625086595183,0.001977899559292585,0.0019469250173190366,1.0803636744707363,0.8417477755776889,0.21607273489414722,0.16834955511553779
1747,0.05,2.0,5.0,5.0,3,4.999999999999999,4.999999999999999,0.9691202230225769,0.7757065156143731,0.1938240446045154,0.15514130312287464,0.15564757528993603,0.12900005402278847,0.031129515057987212,0.0258000108045577,0.00985064167379916,0.009796466367841853,0.0019701283347598325,0.001959293273568371,0.9851564817278614,0.7902566971073796,0.19703129634557232,0.15805133942147595
1747,0.05,2.0,10.0,2.0,0,10.0,2.0,0.9690658361316155,0.7757259480575003,0.09690658361316154,0.38786297402875014,0.15594213396245651,0.1291495872742612,0.015594213396245652,0.0645747936371306,0.00998025732149271,0.009785230924817697,0.000998025732149271,0.0048926154624088485,1.049824220738906,0.8456261989460668,0.1049824220738906,0.4228130994730334
1747,0.05,2.0,10.0,2.0,1,10.0,2.0,0.9691686921649015,0.7757601373342105,0.09691686921649015,0.3878800686671052,0.15627298859752883,0.12930725049397726,0.015627298859752885,0.06465362524698863,0.009796268378227287,0.009688679098587075,0.0009796268378227287,0.004844339549293537,1.2038938769099794,0.9642823366120478,0.12038938769099794,0.4821411683060239
1747,0.05,2.0,10.0,2.0,2,10.0,2.0,0.9691135629910004,0.7757412800560476,0.09691135629910004,0.3878706400280238,0.1561182808331165,0.12926068238975919,0.015611828083311649,0.06463034119487959,0.009902694653222764,0.009783308040620302,0.0009902694653222764,0.004891654020310151,1.0803843887083504,0.8417736329101712,0.10803843887083504,0.4208868164550856
1747,0.05,2.0,10.0,2.0,3,10.0,2.0000000000000004,0.9690045618852925,0.7756860952176241,0.09690045618852924,0.38784304760881194,0.15620099128814724,0.1292631454752974,0.015620099128814725,0.06463157273764869,0.010006427363223309,0.009854602050353467,0.001000642736322331,0.0049273010251767325,0.9850595963555573,0.7902538067329764,0.09850595963555572,0.3951269033664881
1747,0.05,2.0,10.0,5.0,0,9.999999999999998,4.999999999999999,0.9692110760135489,0.7757768972848189,0.09692110760135492,0.1551553794569638,0.15614775002463666,0.12928970245819213,0.015614775002463669,0.02585794049163843,0.009815501316395777,0.009650741691748154,0.0009815501316395778,0.0019301483383496313,1.0499476080611947,0.845701159200515,0.10499476080611948,0.16914023184010304
1747,0.05,2.0,10.0,5.0,1,9.999999999999998,5.000000000000001,0.9689372177147052,0.7756749430160984,0.09689372177147054,0.15513498860321964,0.1560855120120048,0.12924157833060282,0.015608551201200482,0.025848315666120558,0.010014307366487682,0.009864703493750486,0.0010014307366487684,0.0019729406987500967,1.2037302840226498,0.9642231006977696,0.120373028402265,0.1928446201395539
1747,0.05,2.0,10.0,5.0,2,9.999999999999998,4.999999999999999,0.9685333449426459,0.7758174793200687,0.0968533344942646,0.15516349586401376,0.15364010909181405,0.1286132568217093,0.015364010909181408,0.025722651364341865,0.011162484531293995,0.009734340259269277,0.0011162484531293997,0.0019468680518538559,1.0770469329765697,0.8410151263488185,0.10770469329765699,0.16820302526976372
1747,0.05,2.0,10.0,5.0,3,10.0,4.999999999999999,0.9656888656302846,0.7768859884250497,0.09656888656302845,0.15537719768501,0.194361816953932,0.1007910340040638,0.0194361816953932,0.020158206800812765,0.025409376740776927,0.012902014929567928,0.0025409376740776926,0.002580402985913586,0.9827685715142198,0.7911270721443335,0.09827685715142198,0.15822541442886673
1747,0.05,2.0,20.0,2.0,0,20.0,2.0,0.9628213219950671,0.7729265563667476,0.048141066099753355,0.3864632781833738,0.190367765228896,0.10344404016250246,0.0095183882614448,0.05172202008125123,0.024989308689248674,0.016058814473632527,0.0012494654344624336,0.008029407236816263,1.0560195185507122,0.83956071291109,0.05280097592753561,0.419780356455545
1747,0.05,2.0,20.0,2.0,1,20.000000000000004,1.9999999999999996,0.9650620673068692,0.7749483094228088,0.04825310336534345,0.3874741547114045,0.152111461799568,0.12781736554710108,0.007605573089978399,0.06390868277355055,0.01324364950515714,0.011536173436718231,0.0006621824752578569,0.0057680867183591165,1.1994876752559855,0.9635895976781902,0.05997438376279927,0.4817947988390952
1747,0.05,2.0,20.0,2.0,2,20.0,2.0,1.0456363790149488,0.8567987285007787,0.05228181895074744,0.4283993642503893,1.1604001874832728,0.2925952419211469,0.05802000937416364,0.14629762096057344,0.09758301841392583,0.017306673353910406,0.004879150920696291,0.008653336676955203,1.542980965937839,1.1074721617940437,0.07714904829689195,0.5537360808970219
1747,0.05,2.0,20.0,2.0,3,20.0,2.0000000000000004,0.9810737769392747,0.7808072854535335,0.04905368884696373,0.39040364272676664,0.12785374304161976,0.11556051219248407,0.006392687152080988,0.05778025609624202,0.02225266737655139,0.010471250570105796,0.0011126333688275696,0.005235625285052897,0.9969757874420846,0.7946874711709515,0.04984878937210423,0.39734373558547564
1747,0.05,2.0,20.0,5.0,0,20.0,5.0,0.9689133201732005,0.7756311520222354,0.04844566600866003,0.1551262304044471,0.1562741344606402,0.12931208480132142,0.00781370672303201,0.025862416960264284,0.009953581897018372,0.010043937299967042,0.0004976790948509186,0.0020087874599934085,1.04963976666089,0.8455076941809696,0.0524819883330445,0.16910153883619392
1747,0.05,2.0,20.0,5.0,1,20.0,5.0,10.517035396500635,3.216373178259063,0.5258517698250318,0.6432746356518126,13.92219074760846,4.762436371769633,0.6961095373804229,0.9524872743539265,11.640759405135176,3.6739872814634085,0.5820379702567589,0.7347974562926817,11.5184973721193,2.9723204015680853,0.575924868605965,0.5944640803136171
1747,0.05,2.0,20.0,5.0,2,20.0,4.999999999999999,0.9654563273712576,0.7789611381260653,0.048272816368562885,0.15579222762521308,0.15995011993008001,0.13520642893192614,0.007997505996504001,0.027041285786385233,0.026395663503658004,0.01066978867182226,0.0013197831751829002,0.0021339577343644526,1.0768590471578905,0.8450584646880901,0.053842952357894526,0.16901169293761806
1747,0.05,2.0,20.0,5.0,3,19.999999999999996,4.999999999999999,7.598543467698747,4.190450686044386,0.3799271733849374,0.8380901372088774,13.298108903489956,4.882958467561971,0.6649054451744979,0.9765916935123944,8.77729217816664,4.364945503342825,0.43886460890833207,0.8729891006685652,7.789840810801693,4.350256974862281,0.38949204054008474,0.8700513949724563
1747,0.05,5.0,5.0,2.0,0,5.000000000000001,2.0,0.9537865033600563,0.7571549802285844,0.19075730067201124,0.3785774901142922,0.09226447270765968,0.06808377821428298,0.01845289454153193,0.03404188910714149,0.009928190407574321,0.009764533782546332,0.001985638081514864,0.004882266891273166,1.0796002301555159,0.8627704061811333,0.21592004603110312,0.43138520309056666
1747,0.05,5.0,5.0,2.0,1,5.0,2.000000000000001,0.9537734995208172,0.7571340604530431,0.19075469990416344,0.3785670302265214,0.09224235597926303,0.06807178383553981,0.018448471195852606,0.034035891917769893,0.009910634153462109,0.009764274303688139,0.001982126830692422,0.004882137151844068,1.1699590840591616,0.92879319946513,0.23399181681183231,0.46439659973256475
1747,0.05,5.0,5.0,2.0,2,4.999999999999999,2.0000000000000004,0.9537155870443909,0.7571130116026794,0.1907431174088782,0.3785565058013396,0.09223659734488203,0.06806853625266654,0.01844731946897641,0.03403426812633326,0.00987268478099313,0.009733876579123519,0.001974536956198626,0.004866938289561759,1.0793857626326953,0.8363316300784119,0.21587715252653908,0.41816581503920586
1747,0.05,5.0,5.0,2.0,3,5.0,2.0,0.9537951188006504,0.7571603063323251,0.19075902376013007,0.37858015316616256,0.09224893572821104,0.06806084834286061,0.01844978714564221,0.034030424171430304,0.00994020992414027,0.009768110506121686,0.001988041984828054,0.004884055253060843,0.9698376160006046,0.7705415775519319,0.19396752320012092,0.38527078877596593
1747,0.05,5.0,5.0,5.0,0,4.999999999999999,4.999999999999999,0.9538625579967106,0.757160799355802,0.19077251159934216,0.15143215987116043,0.09250263935769566,0.06817028477027824,0.018500527871539135,0.01363405695405565,0.009979061571668396,0.0097784553943348,0.0019958123143336793,0.00195569107886696,1.079668692360179,0.8627883062463918,0.21593373847203584,0.1725576612492784
1747,0.05,5.0,5.0,5.0,1,4.999999999999999,4.999999999999998,0.9537574387249261,0.7571154048652674,0.19075148774498527,0.15142308097305354,0.09233790516336081,0.06806490091223667,0.018467581032672164,0.013612980182447339,0.009933132062829404,0.009745755350502894,0.001986626412565881,0.0019491510701005795,1.1699647776517743,0.9287675927266237,0.2339929555303549,0.1857535185453248
1747,0.05,5.0,5.0,5.0,2,5.000000000000001,4.999999999999999,0.9537606995657174,0.7571429151142596,0.19075213991314344,0.15142858302285195,0.09233369994177786,0.06811435511250337,0.018466739988355567,0.013622871022500677,0.009932246347054816,0.009759853981954624,0.0019864492694109627,0.0019519707963909251,1.0793567872443421,0.8362987000472276,0.2158713574488684,0.16725974000944555
1747,0.05,5.0,5.0,5.0,3,5.0,4.999999999999998,0.9537725719076815,0.7571364681199325,0.1907545143815363,0.15142729362398655,0.09225333711253773,0.06807268851466272,0.018450667422507547,0.013614537702932548,0.009895480722114932,0.009754225242231723,0.0019790961444229862,0.0019508450484463451,0.9698281153221271,0.7705416327947963,0.1939656230644254,0.1541083265589593
1747,0.05,5.0,10.0,2.0,0,10.0,1.9999999999999996,0.9557243557275585,0.7580082552183559,0.09557243557275585,0.37900412760917807,0.09468149705787572,0.06928567705548276,0.009468149705787573,0.03464283852774139,0.011400332027552775,0.010715061061457963,0.0011400332027552776,0.005357530530728983,1.0815969644896681,0.863718854614678,0.10815969644896681,0.4318594273073391
1747,0.05,5.0,10.0,2.0,1,10.0,2.0000000000000004,0.9540526687344856,0.7572851921241273,0.09540526687344855,0.3786425960620635,0.0919618646319997,0.06799588089988784,0.00919618646319997,0.03399794044994391,0.010066020201588633,0.009915590035296037,0.0010066020201588634,0.004957795017648018,1.1702166697575767,0.9289104967454066,0.11702166697575767,0.4644552483727032
1747,0.05,5.0,10.0,2.0,2,10.0,1.9999999999999996,0.9538366396907157,0.7571791516456433,0.09538366396907158,0.37858957582282177,0.09214876451400383,0.06802801301282357,0.009214876451400383,0.034014006506411794,0.009979277939069043,0.009824302843973391,0.0009979277939069042,0.0049121514219866965,1.079407458130265,0.8363336853327099,0.10794074581302651,0.41816684266635507
1747,0.05,5.0,10.0,2.0,3,10.0,2.0,0.9539782952692683,0.757233069500441,0.09539782952692683,0.3786165347502205,0.0925371446517998,0.0682118910694081,0.00925371446517998,0.03410594553470405,0.010092663106638177,0.009892870002071867,0.0010092663106638178,0.004946435001035933,0.9700629463059007,0.7706591541907943,0.09700629463059007,0.38532957709539717
1747,0.05,5.0,10.0,5.0,0,9.999999999999998,4.999999999999999,0.9538212708427289,0.7571580074974138,0.0953821270842729,0.1514316014994828,0.09223185024573444,0.06805884472874456,0.009223185024573446,0.013611768945748915,0.009937805361024664,0.00980212197957343,0.0009937805361024666,0.001960424395914686,1.0796193887691863,0.862802898744768,0.10796193887691864,0.17256057974895364
1747,0.05,5.0,10.0,5.0,1,10.000000000000002,5.0,0.9536821507174655,0.7571215010219655,0.09536821507174653,0.1514243002043931,0.09188178054971256,0.06791559077632595,0.009188178054971255,0.01358311815526519,0.009854647981540246,0.009741903478179997,0.0009854647981540243,0.0019483806956359993,1.1698864935018103,0.9287446860083185,0.11698864935018101,0.1857489372016637
1747,0.05,5.0,10.0,5.0,2,10.000000000000005,5.000000000000002,0.9538851248458619,0.7572010977731518,0.09538851248458613,0.1514402195546303,0.09235655750932555,0.06812307763589792,0.00923565575093255,0.01362461552717958,0.009980214334674947,0.009817925942137587,0.000998021433467494,0.0019635851884275165,1.079418368726253,0.8363223747986829,0.10794183687262525,0.1672644749597365
1747,0.05,5.0,10.0,5.0,3,10.0,4.999999999999999,0.9524599021442511,0.7564876220149789,0.09524599021442512,0.1512975244029958,0.09059790936548387,0.06711867629386355,0.009059790936548387,0.013423735258772712,0.00939988071344584,0.009214399090282583,0.000939988071344584,0.001842879818056517,0.9684891036656949,0.7698715597652065,0.09684891036656948,0.15397431195304132
1747,0.05,5.0,20.0,2.0,0,19.999999999999996,1.9999999999999996,0.9717333592594313,0.7493157537239525,0.04858666796297157,0.3746578768619763,0.21929597383916813,0.12055764177260009,0.010964798691958409,0.06027882088630006,0.05894410997710255,0.012442933494566077,0.0029472054988551283,0.00622146674728304,1.147113766390214,0.8689881321912155,0.05735568831951071,0.43449406609560787
1747,0.05,5.0,20.0,2.0,1,20.000000000000004,2.0,1.9345581762570883,0.7494022877451444,0.0967279088128544,0.3747011438725722,4.558708927968914,1.9481487335173162,0.22793544639844568,0.9740743667586581,1.4282778141574264,0.3657184612192803,0.07141389070787131,0.18285923060964016,2.258785168774046,0.934961091470396,0.11293925843870227,0.467480545735198
1747,0.05,5.0,20.0,2.0,2,19.999999999999996,1.9999999999999996,6.698600807785065,3.014349377964396,0.33493004038925334,1.5071746889821984,4.494658235407732,1.7429822345325094,0.22473291177038662,0.8714911172662549,6.202138853931044,2.607740010882835,0.31010694269655226,1.3038700054414176,4.342889646736965,2.0090710960676565,0.21714448233684827,1.0045355480338285
1747,0.05,5.0,20.0,2.0,3,20.0,2.0,0.9537517474636631,0.7571190985901438,0.047687587373183155,0.3785595492950719,0.09227588962514166,0.06808106310316425,0.004613794481257083,0.034040531551582126,0.00989598032213774,0.009754563923622027,0.0004947990161068871,0.0048772819618110134,0.9698281523519162,0.7705394896474135,0.04849140761759581,0.38526974482370674
1747,0.05,5.0,20.0,5.0,0,19.999999999999993,4.999999999999997,0.9539152650662446,0.7572163742391662,0.04769576325331225,0.15144327484783332,0.09287125161197492,0.06835095109351068,0.004643562580598747,0.013670190218702144,0.009934612556947683,0.009510817352909262,0.0004967306278473843,0.0019021634705818533,1.0797130819826117,0.8628423475795524,0.05398565409913061,0.17256846951591057
1747,0.05,5.0,20.0,5.0,1,20.000000000000007,4.999999999999999,17.981298165734962,7.090379494105436,0.8990649082867478,1.4180758988210875,16.089901219975985,5.901988586031996,0.804495060998799,1.1803977172063993,17.684758786253887,6.847231302287415,0.884237939312694,1.3694462604574833,19.505004312301853,8.236350772254164,0.9752502156150923,1.6472701544508332
1747,0.05,5.0,20.0,5.0,2,20.0,5.000000000000001,0.9537372321727693,0.757213896777334,0.04768686160863846,0.15144277935546677,0.0923709578453528,0.068194802043079,0.004618547892267641,0.013638960408615798,0.00978834929646905,0.009817270195056632,0.0004894174648234525,0.001963454039011326,1.0791274577388532,0.836355176451714,0.05395637288694266,0.16727103529034276
1747,0.05,5.0,20.0,5.0,3,19.999999999999993,4.999999999999999,15.222060098516943,6.081226393378257,0.7611030049258474,1.2162452786756517,13.495571550132238,4.896380585505836,0.6747785775066122,0.9792761171011675,14.952076057331904,5.893082118483324,0.7476038028665954,1.178616423696665,15.476987750157688,6.227574561873876,0.7738493875078847,1.2455149123747755
1747,0.05,10.0,5.0,2.0,0,4.999999999999999,1.9999999999999996,0.47446184552202203,0.35704094764131766,0.09489236910440442,0.17852047382065886,0.05333277712421057,0.03637346415396467,0.010666555424842116,0.018186732076982338,0.00995517179464558,0.00977753163256112,0.0019910343589291165,0.004888765816280561,0.5748030190897851,0.42807857477630773,0.11496060381795704,0.21403928738815392
1747,0.05,10.0,5.0,2.0,1,5.0,1.9999999999999996,0.4743649648585787,0.35699325261235837,0.09487299297171574,0.1784966263061792,0.05328271444989782,0.03634025956497251,0.010656542889979564,0.01817012978248626,0.009894368256988315,0.009740247824974324,0.001978873651397663,0.004870123912487163,0.505071984546335,0.3909551413259969,0.10101439690926699,0.1954775706629985
1747,0.05,10.0,5.0,2.0,2,4.999999999999999,2.0,0.4744014832842111,0.35701590391656357,0.09488029665684224,0.17850795195828179,0.05332112357283957,0.03636644983090201,0.010664224714567917,0.018183224915451004,0.00990278121103734,0.00977046311920423,0.001980556242207468,0.004885231559602115,0.5831440798162901,0.41794757968346685,0.11662881596325804,0.20897378984173343
1747,0.05,10.0,5.0,2.0,3,5.0,2.0000000000000004,0.4744311580201444,0.35701190102735214,0.09488623160402888,0.17850595051367604,0.05332625883928133,0.03636098148959514,0.010665251767856267,0.018180490744797568,0.00993303867184829,0.009757295005917824,0.001986607734369658,0.004878647502958911,0.4795806070257518,0.3639811983843272,0.09591612140515035,0.18199059919216357
1747,0.05,10.0,5.0,5.0,0,4.999999999999998,5.000000000000001,0.4744455720588981,0.3570283783654782,0.09488911441177965,0.07140567567309562,0.05331755004521229,0.03635891578325335,0.010663510009042462,0.0072717831566506685,0.009933203294443114,0.009768063269422676,0.0019866406588886234,0.0019536126538845346,0.5747848733017368,0.4280521808100892,0.11495697466034739,0.08561043616201783
1747,0.05,10.0,5.0,5.0,1,5.0,5.0,0.4744206855346828,0.3570263192617078,0.09488413710693656,0.07140526385234156,0.05333740708997681,0.036381609254128526,0.010667481417995362,0.0072763218508257056,0.009934845967646802,0.009772569972257212,0.0019869691935293604,0.0019545139944514424,0.5051541007807702,0.3910055781975048,0.10103082015615403,0.07820111563950097
1747,0.05,10.0,5.0,5.0,2,5.0,4.999999999999999,0.47444672104510555,0.3570289252210632,0.0948893442090211,0.07140578504421266,0.05332094551146979,0.036359735320109624,0.010664189102293959,0.007271947064021926,0.009931286435597474,0.00978262655411199,0.001986257287119495,0.0019565253108223984,0.5831429336211994,0.4179433999276382,0.11662858672423988,0.08358867998552764
1747,0.05,10.0,5.0,5.0,3,4.999999999999999,4.999999999999998,0.4745413666526465,0.3570625076255494,0.09490827333052931,0.0714125015251099,0.053388984977692934,0.036395134597179295,0.010677796995538589,0.007279026919435862,0.009982932717683843,0.0098229885017886,0.001996586543536769,0.001964597700357721,0.4796484859331098,0.3640017091757081,0.09592969718662198,0.07280034183514165
1747,0.05,10.0,10.0,2.0,0,9.999999999999998,1.9999999999999996,0.4747885606918941,0.3571843129969524,0.04747885606918942,0.17859215649847623,0.05351483806199861,0.036461626025486193,0.005351483806199862,0.0182308130127431,0.010146068625194892,0.009919713872216568,0.0010146068625194894,0.004959856936108285,0.5751006128621898,0.42821470283720064,0.057510061286218994,0.21410735141860038
1747,0.05,10.0,10.0,2.0,1,9.999999999999998,2.0,0.47347323736335434,0.35666004811712687,0.04734732373633544,0.17833002405856344,0.05216140372400722,0.035634894760685515,0.005216140372400722,0.017817447380342757,0.009259382925742207,0.00930994340691434,0.0009259382925742209,0.00465497170345717,0.5041279166162425,0.39064181899002814,0.050412791661624254,0.19532090949501407
1747,0.05,10.0,10.0,2.0,2,10.0,2.0,0.47439969425126477,0.35698921881644885,0.047439969425126474,0.17849460940822443,0.053362101110640624,0.03635427798152585,0.0053362101110640625,0.018177138990762925,0.009930037179463495,0.00975531802264179,0.0009930037179463496,0.004877659011320895,0.5831650512520877,0.4179535905579868,0.05831650512520877,0.2089767952789934
1747,0.05,10.0,10.0,2.0,3,10.000000000000004,2.0000000000000004,0.4744269625485364,0.3570295622684477,0.047442696254853624,0.1785147811342238,0.05336902785883085,0.03639061087557804,0.005336902785883084,0.018195305437789015,0.00991635845988885,0.009764220232567802,0.0009916358459888847,0.0048821101162839,0.4795821140557237,0.36398579687258403,0.047958211405572354,0.181992898436292
1747,0.05,10.0,10.0,5.0,0,10.000000000000002,4.999999999999999,0.47395291849556914,0.3567250182368736,0.0473952918495569,0.07134500364737473,0.05265023862477168,0.035817501101325554,0.0052650238624771676,0.007163500220265112,0.010160663372288985,0.009565755676908065,0.0010160663372288984,0.0019131511353816133,0.5743993337286146,0.4276880910277916,0.057439933372861456,0.08553761820555833
1747,0.05,10.0,10.0,5.0,1,10.0,4.999999999999999,0.47446445076031174,0.3570376865076304,0.04744644507603117,0.07140753730152609,0.05352673323570433,0.03649771934453479,0.005352673323570433,0.007299543868906959,0.009931826829759372,0.009751209514593627,0.000993182682975937,0.0019502419029187256,0.5051924417958739,0.3910220955590312,0.050519244179587385,0.07820441911180626
1747,0.05,10.0,10.0,5.0,2,10.0,4.999999999999999,0.47365140911964637,0.35679368194665007,0.047365140911964636,0.07135873638933003,0.0532404164970394,0.03635392711920722,0.00532404164970394,0.0072707854238414455,0.009459978318001761,0.009419493562938594,0.0009459978318001761,0.0018838987125877193,0.5832195377010564,0.4179890523197128,0.05832195377010564,0.08359781046394257
1747,0.05,10.0,10.0,5.0,3,10.000000000000002,5.0,0.5506441032454011,0.37735144285278543,0.055064410324540104,0.07547028857055708,0.11729899764251477,0.05615694352976031,0.011729899764251475,0.011231388705952063,0.14532037155607325,0.06710212850632344,0.014532037155607322,0.013420425701264688,0.5568004182855557,0.3838609407885167,0.055680041828555564,0.07677218815770334
1747,0.05,10.0,20.0,2.0,0,20.0,1.9999999999999996,0.23202106168077918,0.14796367059760143,0.01160105308403896,0.07398183529880073,0.14976662853442646,0.06787534937824241,0.007488331426721323,0.03393767468912121,0.14632132834878447,0.08437981420942822,0.007316066417439223,0.04218990710471412,0.3691715759434907,0.12572875327631158,0.018458578797174535,0.0628643766381558
1747,0.05,10.0,20.0,2.0,1,20.0,2.0,0.5139777247879129,0.3544676900085168,0.025698886239395646,0.1772338450042584,0.09837432884983313,0.017462096853206002,0.004918716442491656,0.008731048426603001,0.09118244121624942,0.013063380304844883,0.004559122060812471,0.006531690152422442,0.5466204197316429,0.38314690948692354,0.027331020986582143,0.19157345474346177
1747,0.05,10.0,20.0,2.0,2,19.999999999999996,2.0000000000000004,0.474540747067152,0.3571531847233194,0.023727037353357603,0.17857659236165968,0.053341900621097796,0.03640031207639004,0.0026670950310548904,0.018200156038195015,0.009845279055745096,0.009811217623767785,0.0004922639527872549,0.004905608811883891,0.5833160036968776,0.4181169802888316,0.029165800184843885,0.20905849014441574
1747,0.05,10.0,20.0,2.0,3,19.999999999999996,2.0,0.46071128327466737,0.3528052416471794,0.023035564163733372,0.1764026208235897,0.04697673729406124,0.032962907116726094,0.002348836864703062,0.016481453558363047,0.013882714279257483,0.007590543903905918,0.0006941357139628743,0.003795271951952959,0.46564848464490066,0.35948239205342314,0.02328242423224504,0.17974119602671157
1747,0.05,10.0,20.0,5.0,0,20.0,5.0,16.06081736713412,6.37714320597846,0.8030408683567061,1.275428641195692,17.839443251062736,6.4973319552432915,0.8919721625531368,1.2994663910486584,16.24041357046124,6.41170321834542,0.8120206785230619,1.282340643669084,16.02388480477481,6.315472390778286,0.8011942402387404,1.2630944781556572
1747,0.05,10.0,20.0,5.0,1,20.0,5.0,4.450810695273102,2.023808453768507,0.2225405347636551,0.4047616907537014,5.711103466119169,2.197432030177813,0.2855551733059584,0.43948640603556266,4.163390716222456,1.7890874597322217,0.2081695358111228,0.35781749194644435,5.19615239599445,2.496211691236397,0.2598076197997225,0.4992423382472794
1747,0.05,10.0,20.0,5.0,2,20.0,5.000000000000001,17.828779980751964,7.795630425996001,0.8914389990375982,1.5591260851992,15.937664100092913,6.299289377700852,0.7968832050046457,1.2598578755401701,18.293764709425588,8.298743685843744,0.9146882354712794,1.6597487371687485,10.74078986727163,3.9759013946364092,0.5370394933635815,0.7951802789272817
1747,0.05,10.0,20.0,5.0,3,20.0,5.0,10.023395104298583,0.9876068782423404,0.5011697552149291,0.19752137564846808,11.841546863778271,1.5944058828772034,0.5920773431889136,0.3188811765754407,9.709651346620644,0.6920164042860155,0.48548256733103223,0.1384032808572031,10.470823060695347,0.9895483979866632,0.5235411530347673,0.19790967959733263
1747,0.1,0.0,5.0,2.0,0,5.0,1.9999999999999996,0.008334249306030564,0.009606758288032357,0.0016668498612061127,0.004803379144016179,0.013289082569003444,0.010287903096181255,0.002657816513800689,0.005143951548090628,0.011190764776567335,0.009764177883137333,0.002238152955313467,0.004882088941568667,0.00863104809619194,0.00971848286286604,0.001726209619238388,0.004859241431433021
1747,0.1,0.0,5.0,2.0,1,5.0,2.0000000000000004,0.008283063042436478,0.009575064317565725,0.0016566126084872957,0.004787532158782862,0.013275975987077991,0.010280373895569432,0.002655195197415598,0.005140186947784715,0.011165076054454732,0.009750452944265086,0.0022330152108909463,0.004875226472132542,0.009759807696524542,0.009430248301736516,0.0019519615393049083,0.004715124150868257
1747,0.1,0.0,5.0,2.0,2,5.0,2.0,0.008354884623583712,0.009610113943798192,0.0016709769247167424,0.004805056971899096,0.01334361265473402,0.010304175321630532,0.002668722530946804,0.005152087660815266,0.011265679377607633,0.00979653485831382,0.0022531358755215267,0.00489826742915691,0.00671044069327762,0.010577289373903393,0.001342088138655524,0.005288644686951696
1747,0.1,0.0,5.0,2.0,3,5.000000000000001,1.9999999999999996,0.00829493425421908,0.009584855554800825,0.0016589868508438156,0.004792427777400413,0.013339803190785744,0.01028679126277833,0.0026679606381571483,0.005143395631389166,0.011169678378898986,0.00975381072158171,0.0022339356757797965,0.0048769053607908555,0.008551620259898461,0.011248067876616493,0.001710324051979692,0.005624033938308248
1747,0.1,0.0,5.0,5.0,0,5.000000000000001,4.999999999999999,0.00824968254728581,0.009563558701948426,0.0016499365094571616,0.0019127117403896856,0.013300097134028513,0.0102632353951127,0.002660019426805702,0.0020526470790225406,0.011126923936660671,0.009731273799898185,0.002225384787332134,0.0019462547599796373,0.008580905431220247,0.009670701983384563,0.001716181086244049,0.001934140396676913
1747,0.1,0.0,5.0,5.0,1,5.000000000000001,5.000000000000002,0.008297612527864083,0.00964634755003615,0.0016595225055728163,0.0019292695100072293,0.013012711203167018,0.010207240386881379,0.002602542240633403,0.002041448077376275,0.011218599918598282,0.009824816781215235,0.002243719983719656,0.0019649633562430465,0.009913810424387355,0.009529383711226474,0.001982762084877471,0.0019058767422452942
1747,0.1,0.0,5.0,5.0,2,5.0,5.0,0.008287412975887557,0.00956369625869813,0.0016574825951775115,0.0019127392517396262,0.01326583902728363,0.010244947097814759,0.002653167805456726,0.002048989419562952,0.011124416697253456,0.00972236394208331,0.002224883339450691,0.001944472788416662,0.006685144793821143,0.010558080546609916,0.0013370289587642287,0.002111616109321983
1747,0.1,0.0,5.0,5.0,3,5.0,5.0,0.008317555619262207,0.009599002207830635,0.0016635111238524412,0.0019198004415661271,0.013302265954097546,0.010281430686078445,0.002660453190819509,0.002056286137215689,0.011167701294026021,0.009768063400118088,0.0022335402588052043,0.0019536126800236177,0.008558323502341609,0.011258388960418649,0.0017116647004683217,0.00225167779208373
1747,0.1,0.0,10.0,2.0,0,10.0,2.0,0.00828107398690313,0.00957534663122593,0.000828107398690313,0.004787673315612965,0.013290645219651362,0.010273861924403093,0.001329064521965136,0.005136930962201546,0.011150096144193843,0.009747110828911132,0.0011150096144193842,0.004873555414455566,0.008568801665625335,0.009679082185910915,0.0008568801665625335,0.004839541092955458
1747,0.1,0.0,10.0,2.0,1,10.0,2.0,0.008279972013198083,0.00952496279882896,0.0008279972013198083,0.00476248139941448,0.01333186734610235,0.010340197171877697,0.0013331867346102351,0.005170098585938848,0.011146292027464965,0.009716189808450118,0.0011146292027464965,0.004858094904225059,0.00964458548816722,0.009296279237668613,0.0009644585488167221,0.004648139618834307
1747,0.1,0.0,10.0,2.0,2,10.000000000000004,2.0,0.008331720247126395,0.009575649735353572,0.0008331720247126391,0.004787824867676786,0.01363213898551252,0.010520352703968689,0.0013632138985512517,0.0052601763519843445,0.0112379815892836,0.009787998685701361,0.0011237981589283597,0.004893999342850681,0.006533617521995994,0.010417476206888295,0.0006533617521995992,0.005208738103444147
1747,0.1,0.0,10.0,2.0,3,10.000000000000002,2.0,0.008642055456506105,0.009896185016563593,0.0008642055456506104,0.004948092508281796,0.01284758171748114,0.00982709192473923,0.0012847581717481138,0.004913545962369615,0.011785100841424643,0.010163714519657268,0.001178510084142464,0.005081857259828634,0.008511474093426168,0.011460252179695039,0.0008511474093426166,0.0057301260898475195
1747,0.1,0.0,10.0,5.0,0,10.0,5.0,0.008323581035479172,0.0096718960974902,0.0008323581035479172,0.00193437921949804,0.01330135643546142,0.010370155339256323,0.001330135643546142,0.0020740310678512646,0.011270961446389612,0.009840493000870105,0.0011270961446389611,0.001968098600174021,0.008653240872533982,0.009752954958185848,0.0008653240872533982,0.0019505909916371696
1747,0.1,0.0,10.0,5.0,1,10.000000000000004,5.0,0.008333533578377489,0.007719925418299989,0.0008333533578377486,0.0015439850836599979,0.014212945963303268,0.010538988911355062,0.0014212945963303263,0.0021077977822710125,0.010318450956604575,0.007947918500742283,0.0010318450956604572,0.0015895837001484565,0.009506068751701596,0.00931723722008629,0.0009506068751701593,0.0018634474440172581
1747,0.1,0.0,10.0,5.0,2,10.0,5.0,0.008251803951777131,0.009577979209049577,0.0008251803951777132,0.0019155958418099154,0.013317717325432939,0.01028141102010521,0.0013317717325432939,0.002056282204021042,0.011155043536816506,0.009755514471364394,0.0011155043536816506,0.0019511028942728788,0.006724918212662103,0.010556034756685775,0.0006724918212662103,0.002111206951337155
1747,0.1,0.0,10.0,5.0,3,10.0,5.000000000000001,0.008841969467660152,0.009813472191474939,0.0008841969467660152,0.001962694438294987,0.013765756521242218,0.011161719418459577,0.001376575652124222,0.0022323438836919147,0.012116643102065928,0.01039168142043985,0.001211664310206593,0.0020783362840879694,0.008767358552697717,0.011207400846302631,0.0008767358552697717,0.002241480169260526
1747,0.1,0.0,20.0,2.0,0,20.0,2.0000000000000004,12.848140985694881,4.987665511590111,0.642407049284744,2.4938327557950553,9.838957186265995,3.546391252555839,0.49194785931329976,1.7731956262779192,13.37264887734682,5.296578906836736,0.668632443867341,2.6482894534183674,9.01289325302887,3.5401524610087294,0.45064466265144354,1.7700762305043642
1747,0.1,0.0,20.0,2.0,1,20.0,2.0,0.008656699867641773,0.009150347502343864,0.00043283499338208866,0.004575173751171932,0.013756218914306258,0.009942094004666103,0.0006878109457153129,0.004971047002333051,0.010989067208061368,0.00945389259501985,0.0005494533604030684,0.004726946297509925,0.009123008244778812,0.009102914519784564,0.0004561504122389406,0.004551457259892282
1747,0.1,0.0,20.0,2.0,2,19.999999999999996,1.9999999999999996,0.00497155890771226,0.009145399983720678,0.00024857794538561304,0.00457269999186034,0.009718368027161979,0.009067278323596295,0.00048591840135809905,0.0045336391617981486,0.008048505502361266,0.008601305558425185,0.0004024252751180634,0.004300652779212593,0.007065412830725916,0.010821089031988496,0.00035327064153629586,0.005410544515994249
1747,0.1,0.0,20.0,2.0,3,20.0,1.9999999999999996,0.007861790452581478,0.009101025914450445,0.0003930895226290739,0.004550512957225223,0.013020101995147684,0.009976247811659945,0.0006510050997573842,0.004988123905829973,0.010352527629714068,0.00919271188430273,0.0005176263814857034,0.0045963559421513655,0.00888897257926916,0.011080918402817419,0.00044444862896345804,0.00554045920140871
1747,0.1,0.0,20.0,5.0,0,19.999999999999993,4.999999999999999,18.66267419159551,6.6536706592658446,0.9331337095797758,1.3307341318531691,18.34509947502426,6.303108465343351,0.9172549737512133,1.2606216930686704,20.240210606434623,6.746305584341939,1.0120105303217315,1.349261116868388,23.670205075142352,8.32711811112744,1.183510253757118,1.6654236222254883
1747,0.1,0.0,20.0,5.0,1,19.999999999999996,4.999999999999998,13.423244042642061,5.250208728926712,0.6711622021321032,1.0500417457853426,15.424390537964333,5.373468192859127,0.7712195268982168,1.0746936385718258,15.718897946503311,5.580160553427569,0.7859448973251657,1.1160321106855142,14.283794735189518,5.266648285100895,0.7141897367594761,1.0533296570201793
1747,0.1,0.0,20.0,5.0,2,20.0,5.0,2.4075848997035116,1.319165017384143,0.12037924498517558,0.2638330034768286,0.10526458520947131,0.035574707263358464,0.005263229260473566,0.007114941452671693,2.839347588999652,1.4819334152792158,0.14196737944998258,0.29638668305584315,0.282799536095623,0.14963001760959357,0.014139976804781152,0.029926003521918716
1747,0.1,0.0,20.0,5.0,3,20.0,4.999999999999998,5.691921065339244,1.1286233249350972,0.2845960532669622,0.2257246649870195,6.238032675080469,2.014718913289745,0.31190163375402347,0.4029437826579491,6.001960466740972,1.295752816172905,0.3000980233370486,0.2591505632345811,5.740545983877785,0.6964474487292309,0.28702729919388925,0.13928948974584623
1747,0.1,2.0,5.0,2.0,0,5.0,2.0000000000000004,1.7121777626140948,1.4158454639199562,0.342435552522819,0.707922731959978,0.36328575022089166,0.30383413040046153,0.07265715004417833,0.15191706520023074,0.011307372570019339,0.009837978314597654,0.0022614745140038675,0.004918989157298826,1.7844715541510237,1.4392104760050757,0.35689431083020473,0.7196052380025377
1747,0.1,2.0,5.0,2.0,1,5.0,2.0,1.7122092843118635,1.4158491386411054,0.3424418568623727,0.7079245693205527,0.36343256545506264,0.3039063069022928,0.07268651309101253,0.1519531534511464,0.011167050875430618,0.009754449490148599,0.0022334101750861235,0.0048772247450742994,1.8251734057367746,1.4678922696908798,0.36503468114735493,0.7339461348454399
1747,0.1,2.0,5.0,2.0,2,5.000000000000001,1.9999999999999991,1.7122011545943496,1.415868799656568,0.3424402309188699,0.7079343998282843,0.3633941312665614,0.3038785012462534,0.07267882625331226,0.15193925062312674,0.01125072332545003,0.00979810757378536,0.0022501446650900056,0.0048990537868926825,1.7746971049148472,1.4376518291896545,0.3549394209829694,0.7188259145948276
1747,0.1,2.0,5.0,2.0,3,4.999999999999999,1.9999999999999996,1.7122070794386743,1.4158607832195387,0.3424414158877349,0.7079303916097694,0.3633908995069782,0.3038794226235123,0.07267817990139566,0.15193971131175618,0.01120192230130681,0.009759209094231771,0.0022403844602613627,0.0048796045471158865,1.8948174155474107,1.535091151595789,0.3789634831094822,0.7675455757978947
1747,0.1,2.0,5.0,5.0,0,5.0,4.999999999999997,1.7121542115616202,1.4158298931789373,0.342430842312324,0.28316597863578763,0.3633146902639787,0.303854848679333,0.07266293805279575,0.06077096973586663,0.011314382061123595,0.009826817940932861,0.0022628764122247192,0.001965363588186573,1.784430328355369,1.4391791321229057,0.35688606567107384,0.2878358264245813
1747,0.1,2.0,5.0,5.0,1,5.0,5.0,1.7120459026424768,1.4157953141127184,0.34240918052849534,0.28315906282254366,0.36327485901341194,0.30386166974561796,0.07265497180268239,0.06077233394912359,0.011418662279810927,0.009900943284352268,0.0022837324559621857,0.0019801886568704538,1.8251336264326985,1.467873275006485,0.3650267252865397,0.293574655001297
1747,0.1,2.0,5.0,5.0,2,5.0,4.999999999999999,1.7122182311306207,1.4158736953681386,0.3424436462261241,0.2831747390736278,0.3633789477097359,0.303874822469522,0.07267578954194717,0.06077496449390442,0.011184445665563291,0.009765881541577853,0.002236889133112658,0.001953176308315571,1.774706017965801,1.4376477468120668,0.35494120359316017,0.28752954936241343
1747,0.1,2.0,5.0,5.0,3,5.0,4.999999999999999,1.712671050146931,1.4158581484680233,0.3425342100293862,0.2831716296936047,0.36285959155589487,0.30362832973495757,0.07257191831117897,0.060725665946991525,0.01089709213874434,0.00938386466977357,0.002179418427748868,0.0018767729339547144,1.895171721869249,1.535178845608981,0.3790343443738498,0.30703576912179625
1747,0.1,2.0,10.0,2.0,0,10.0,2.0000000000000004,1.712114730811092,1.4158155278474371,0.1712114730811092,0.7079077639237185,0.3632477519003939,0.30379816373199187,0.03632477519003939,0.1518990818659959,0.011442863763510586,0.009941676117706922,0.0011442863763510586,0.00497083805885346,1.7844278162536826,1.4391710964510425,0.17844278162536825,0.7195855482255211
1747,0.1,2.0,10.0,2.0,1,9.999999999999998,1.9999999999999996,1.7121931751946309,1.4158665406220514,0.17121931751946312,0.7079332703110258,0.3633105300319012,0.30384966159785426,0.03633105300319013,0.15192483079892716,0.011286450027046929,0.0098111681834655,0.0011286450027046932,0.004905584091732751,1.8251634430479664,1.467891030473867,0.18251634430479668,0.7339455152369336
1747,0.1,2.0,10.0,2.0,2,10.000000000000002,2.0,1.712205595892034,1.4158697286106459,0.17122055958920337,0.7079348643053229,0.36338779850887726,0.30387403222391307,0.036338779850887716,0.15193701611195654,0.011150825139525013,0.009748805253409421,0.001115082513952501,0.004874402626704711,1.7747219717695826,1.4376694300166604,0.17747219717695822,0.7188347150083302
1747,0.1,2.0,10.0,2.0,3,10.000000000000002,2.0,1.71220684163963,1.415870939920358,0.171220684163963,0.707935469960179,0.3633738444345568,0.30387128994178597,0.03633738444345567,0.15193564497089299,0.011169317144771642,0.009761765353510778,0.001116931714477164,0.004880882676755389,1.8947786301708631,1.5350837201844185,0.18947786301708627,0.7675418600922093
1747,0.1,2.0,10.0,5.0,0,10.0,5.0,1.7121930724753158,1.4158672566258208,0.1712193072475316,0.28317345132516414,0.36335990455044254,0.3038738341346988,0.03633599045504425,0.06077476682693976,0.011179984033825183,0.0097740792846213,0.0011179984033825182,0.0019548158569242602,1.7844818204342037,1.4392099457657743,0.17844818204342036,0.28784198915315484
1747,0.1,2.0,10.0,5.0,1,10.0,5.0,1.7086286199941394,1.4147410775493652,0.17086286199941395,0.28294821550987304,0.3674508018083495,0.3077172680082178,0.03674508018083495,0.06154345360164356,0.012679931173818725,0.01091419988251118,0.0012679931173818725,0.002182839976502236,1.8271322088900381,1.4681059813900295,0.18271322088900382,0.29362119627800587
1747,0.1,2.0,10.0,5.0,2,10.000000000000002,4.999999999999999,1.7121936459215576,1.415852041972974,0.17121936459215573,0.2831704083945949,0.36339252072842515,0.3038980905070857,0.036339252072842505,0.06077961810141715,0.011183879965071765,0.009761925060838788,0.0011183879965071762,0.001952385012167758,1.774701214925033,1.4376593583871449,0.17747012149250327,0.28753187167742905
1747,0.1,2.0,10.0,5.0,3,10.000000000000002,5.0,1.7122186364582939,1.415874609853488,0.17122186364582936,0.2831749219706976,0.3633769419766797,0.30386753294559665,0.03633769419766796,0.06077350658911933,0.01117239230520409,0.00976424569218282,0.0011172392305204087,0.0019528491384365639,1.8947934585203237,1.5351039751894264,0.18947934585203233,0.30702079503788526
1747,0.1,2.0,20.0,2.0,0,20.000000000000007,2.0,1.4010694349547894,0.8731784388185431,0.07005347174773945,0.43658921940927153,5.83986841422669,1.8829955604975819,0.29199342071133444,0.9414977802487909,3.1519685901642425,1.391621814881096,0.15759842950821207,0.695810907440548,1.84998146639971,1.473397363518489,0.09249907331998547,0.7366986817592445
1747,0.1,2.0,20.0,2.0,1,20.000000000000004,2.0,1.7118820850516279,1.4157014896818925,0.08559410425258138,0.7078507448409462,0.36290027528558805,0.30360796831401005,0.018145013764279398,0.15180398415700502,0.01211930777511713,0.01034205111154675,0.0006059653887558564,0.005171025555773375,1.8249634768344138,1.4677889818825571,0.09124817384172068,0.7338944909412786
1747,0.1,2.0,20.0,2.0,2,20.0,2.0,1.718529440371255,1.4182487013225102,0.08592647201856275,0.7091243506612551,0.3851030226543434,0.31309358213267985,0.01925515113271717,0.15654679106633992,0.007922520008907724,0.009634814372396905,0.0003961260004453862,0.004817407186198453,1.772055538810729,1.4365645965566778,0.08860277694053645,0.7182822982783389
1747,0.1,2.0,20.0,2.0,3,20.0,2.0,1.8187040701871833,1.452601355096001,0.09093520350935916,0.7263006775480005,0.3901490394815648,0.3433342890901263,0.01950745197407824,0.17166714454506316,0.16192574204740895,0.04486820160111611,0.008096287102370448,0.022434100800558056,1.994672364684539,1.6413457125979405,0.09973361823422695,0.8206728562989702
1747,0.1,2.0,20.0,5.0,0,19.999999999999993,4.999999999999999,18.94236166677759,7.467871792002399,0.9471180833388798,1.4935743584004801,20.03322388751968,7.432716375231895,1.0016611943759843,1.4865432750463794,19.84490437499169,7.055170210067612,0.9922452187495848,1.4110340420135226,22.714368962435138,8.762738224698714,1.1357184481217573,1.752547644939743
1747,0.1,2.0,20.0,5.0,1,20.000000000000004,5.0,7.03342213288944,2.2452614697825326,0.35167110664447193,0.44905229395650653,8.184057896888541,1.0454323236880991,0.409202894844427,0.20908646473761983,7.253214620300872,0.6444114005299075,0.36266073101504354,0.12888228010598152,2.052991855838621,1.8188329466520996,0.10264959279193102,0.36376658933041994
1747,0.1,2.0,20.0,5.0,2,20.0,5.0,9.405374368343605,3.535221061713249,0.4702687184171802,0.7070442123426498,7.218559342866322,3.4820707467877017,0.3609279671433161,0.6964141493575403,9.277555604228368,3.1401414066316042,0.4638777802114184,0.6280282813263208,4.633114421920727,2.404433111365007,0.23165572109603633,0.4808866222730014
1747,0.1,2.0,20.0,5.0,3,20.0,4.999999999999998,1.6838556095684645,1.4135932518966239,0.08419278047842323,0.28271865037932487,0.28019081349216657,0.2692567368500727,0.014009540674608328,0.053851347370014555,0.10912700647649853,0.04542627628404404,0.0054563503238249265,0.00908525525680881,1.893697193425216,1.53929372674274,0.09468485967126081,0.3078587453485481
1747,0.1,5.0,5.0,2.0,0,5.0,2.0,0.7958611737667791,0.7359725277716277,0.15917223475335582,0.36798626388581385,0.07114833000689383,0.07585496021358533,0.014229666001378765,0.037927480106792665,0.01116302145236435,0.009745334358489897,0.0022326042904728697,0.0048726671792449485,0.8352229901507531,0.76531782874271,0.16704459803015062,0.382658914371355
1747,0.1,5.0,5.0,2.0,1,5.000000000000001,1.9999999999999996,0.7957422939808669,0.7358815210428378,0.15914845879617337,0.36794076052141894,0.07121083639210035,0.07587307109674822,0.014242167278420068,0.03793653554837412,0.011143241991107401,0.009736855709362884,0.00222864839822148,0.004868427854681443,0.8988430886047117,0.7873008810735374,0.17976861772094233,0.3936504405367688
1747,0.1,5.0,5.0,2.0,2,5.0,2.0000000000000004,0.7957668959787083,0.7358816751480187,0.15915337919574166,0.3679408375740093,0.07116638246564748,0.07585395652286087,0.014233276493129495,0.037926978261430426,0.011192107929789617,0.009770484756579885,0.0022384215859579232,0.004885242378289942,0.839806324898648,0.7721966825425535,0.1679612649797296,0.3860983412712766
1747,0.1,5.0,5.0,2.0,3,5.0,1.9999999999999996,0.795813322625587,0.735965738464758,0.1591626645251174,0.36798286923237905,0.0711520387362359,0.07584629759134534,0.014230407747247181,0.03792314879567268,0.01119990838734392,0.009754553176157999,0.002239981677468784,0.004877276588079,0.9958413558967686,0.8929824016621172,0.1991682711793537,0.4464912008310587
1747,0.1,5.0,5.0,5.0,0,5.0,4.999999999999999,0.7957559732796265,0.7358966935933161,0.1591511946559253,0.14717933871866326,0.07120452266072023,0.07586994237012185,0.014240904532144046,0.015173988474024371,0.011164863140387744,0.009751570866880053,0.002232972628077549,0.001950314173376011,0.8350560136150434,0.7652196247587967,0.16701120272300868,0.15304392495175936
1747,0.1,5.0,5.0,5.0,1,5.0,5.0,0.7957206131704602,0.7358129610003349,0.15914412263409203,0.14716259220006697,0.07118847738219322,0.07586916845109065,0.014237695476438644,0.01517383369021813,0.011104592391053643,0.009716970048568278,0.0022209184782107285,0.0019433940097136556,0.8986185897642561,0.7871437999816374,0.17972371795285122,0.1574287599963275
1747,0.1,5.0,5.0,5.0,2,4.999999999999999,4.999999999999999,0.7957866673673527,0.7359088195507841,0.15915733347347058,0.14718176391015686,0.07116303912632684,0.0758564412867575,0.01423260782526537,0.015171288257351503,0.011167042855167567,0.009755731350693474,0.002233408571033514,0.0019511462701386952,0.839861273464443,0.7722153676332174,0.16797225469288862,0.15444307352664352
1747,0.1,5.0,5.0,5.0,3,5.0,4.999999999999998,0.7959541037964407,0.7360354905578284,0.15919082075928814,0.1472070981115657,0.07114091395255195,0.07585050890240855,0.01422818279051039,0.015170101780481716,0.01119397175821909,0.00977072649816758,0.002238794351643818,0.001954145299633517,0.9960571315510891,0.8931088279311992,0.19921142631021782,0.1786217655862399
1747,0.1,5.0,10.0,2.0,0,10.0,2.0000000000000004,0.794544331443297,0.7355422459880638,0.07945443314432969,0.36777112299403186,0.06972029304467518,0.07595568596170525,0.006972029304467518,0.03797784298085262,0.012253350881134615,0.010288249540286851,0.0012253350881134615,0.005144124770143425,0.8340297457460218,0.7649616140885349,0.08340297457460219,0.38248080704426735
1747,0.1,5.0,10.0,2.0,1,9.999999999999998,2.0,0.7960486831959933,0.7361267921526546,0.07960486831959934,0.3680633960763273,0.0711827374475605,0.07586179164166801,0.007118273744756051,0.037930895820834004,0.011103247700687649,0.009718656193987223,0.001110324770068765,0.0048593280969936115,0.8991158344764844,0.7875543537913215,0.08991158344764845,0.3937771768956608
1747,0.1,5.0,10.0,2.0,2,10.000000000000002,1.9999999999999996,0.7959721904140261,0.7360458915654138,0.0795972190414026,0.36802294578270695,0.07111840254023138,0.0758408194573846,0.007111840254023137,0.03792040972869231,0.011169337533343046,0.00975847066036555,0.0011169337533343045,0.004879235330182776,0.8401355969520908,0.772419994938389,0.08401355969520907,0.3862099974691946
1747,0.1,5.0,10.0,2.0,3,10.0,2.0,0.7956135086627486,0.735799592296383,0.07956135086627486,0.3678997961481915,0.07107715706918422,0.07583896470815503,0.007107715706918422,0.037919482354077515,0.011142220354697262,0.009731979082919782,0.0011142220354697263,0.004865989541459891,0.9943718986328551,0.891908862366545,0.09943718986328551,0.4459544311832725
1747,0.1,5.0,10.0,5.0,0,9.999999999999998,4.999999999999999,0.795083522943766,0.734992885120048,0.07950835229437662,0.14699857702400962,0.07847147099284603,0.07597210755331346,0.007847147099284604,0.015194421510662696,0.011179720712238226,0.010435061911997109,0.0011179720712238227,0.002087012382399422,0.8336746102426168,0.7653426448495301,0.0833674610242617,0.15306852896990605
1747,0.1,5.0,10.0,5.0,1,9.999999999999998,4.999999999999998,0.7933108727267614,0.7340782927736554,0.07933108727267615,0.14681565855473114,0.07113072923182345,0.07584885018850128,0.007113072923182346,0.015169770037700262,0.011525190738618202,0.009972857846163264,0.0011525190738618204,0.0019945715692326537,0.8944752598847815,0.7840640527673757,0.08944752598847816,0.15681281055347518
1747,0.1,5.0,10.0,5.0,2,10.000000000000002,4.999999999999998,0.7944817510532247,0.7352502662084774,0.07944817510532245,0.14705005324169554,0.07024314294809827,0.07625576582023605,0.007024314294809826,0.015251153164047215,0.011838135291747744,0.010201407988019396,0.0011838135291747742,0.00204028159760388,0.839681928446592,0.7721061204259636,0.08396819284465919,0.15442122408519277
1747,0.1,5.0,10.0,5.0,3,9.999999999999998,5.0,0.7959711852549854,0.736072295355692,0.07959711852549856,0.1472144590711384,0.07097664361018288,0.07580434687574361,0.007097664361018289,0.015160869375148722,0.01128927140438391,0.009825002799457196,0.0011289271404383912,0.0019650005598914394,0.996232415681713,0.8932138336345337,0.09962324156817132,0.17864276672690674
1747,0.1,5.0,20.0,2.0,0,20.0,2.0000000000000004,1.0700525628988637,1.068780579629172,0.053502628144943186,0.5343902898145859,2.208599975393549,1.0376907043512744,0.11042999876967745,0.5188453521756371,0.12581798560910862,0.04641692327125121,0.0062908992804554306,0.0232084616356256,0.9003085987238435,0.8260367353518482,0.045015429936192175,0.413018367675924
1747,0.1,5.0,20.0,2.0,1,20.0,2.0,6.728909229370842,3.2538309590981354,0.3364454614685421,1.6269154795490677,5.009898253525709,2.0037612667051388,0.25049491267628543,1.0018806333525694,6.076244949065739,2.5363850277085827,0.30381224745328694,1.2681925138542913,3.3361914316397194,1.8549910684198327,0.16680957158198598,0.9274955342099164
1747,0.1,5.0,20.0,2.0,2,20.000000000000004,2.0,0.7961618108879328,0.7361681289793488,0.039808090544396636,0.3680840644896744,0.07124548692999247,0.07587838771006619,0.0035622743464996227,0.037939193855033096,0.011203729831995171,0.009769644036534226,0.0005601864915997585,0.004884822018267113,0.8403515922863946,0.7725682391388943,0.04201757961431972,0.38628411956944714
1747,0.1,5.0,20.0,2.0,3,19.999999999999996,2.0,0.834952444926386,0.764364983676952,0.0417476222463193,0.382182491838476,0.22220311996038003,0.12303345209069289,0.011110155998019004,0.06151672604534644,0.1263506628765177,0.02768588538076181,0.006317533143825885,0.013842942690380906,1.0688104614508789,0.9644956668778726,0.053440523072543954,0.4822478334389363
1747,0.1,5.0,20.0,5.0,0,20.0,5.0,0.8022873638385514,0.7413978012249116,0.04011436819192757,0.14827956024498232,0.07120643090635641,0.0759033088598338,0.0035603215453178204,0.015180661771966761,0.01087217030632647,0.00949989649198597,0.0005436085153163235,0.001899979298397194,0.843821169511774,0.7723655990322199,0.0421910584755887,0.154473119806444
1747,0.1,5.0,20.0,5.0,1,19.999999999999996,4.999999999999999,0.870219033645195,0.7919372131259147,0.04351095168225976,0.15838744262518298,0.18761974259171507,0.126245854070778,0.009380987129585756,0.025249170814155605,0.09676690877765425,0.028053323279726653,0.004838345438882713,0.0056106646559453315,0.9018411998243745,0.7922278654347008,0.045092059991218736,0.15844557308694018
1747,0.1,5.0,20.0,5.0,2,19.999999999999996,5.0,4.327412257697093,1.297278466928405,0.21637061288485468,0.259455693385681,6.083829323087775,2.0361184938274044,0.3041914661543888,0.40722369876548087,5.1961884106803815,2.0154816051326128,0.2598094205340191,0.40309632102652254,1.2926886816581618,0.9563855135883848,0.0646344340829081,0.19127710271767695
1747,0.1,5.0,20.0,5.0,3,20.0,5.0,19.93715294080574,6.813482610081932,0.9968576470402869,1.3626965220163865,19.927150638345903,7.2678629737912415,0.9963575319172951,1.4535725947582483,21.053312694294945,8.173033036750768,1.0526656347147472,1.6346066073501535,23.825544010195408,10.025054538338859,1.1912772005097705,2.0050109076677716
1747,0.1,10.0,5.0,2.0,0,5.000000000000001,2.0000000000000004,0.5805701044916645,0.5090306647567427,0.11611402089833288,0.2545153323783713,0.07691191192023049,0.0716221658163278,0.015382382384046095,0.03581108290816389,0.011156976689582876,0.00974817611790946,0.0022313953379165747,0.0048740880589547295,0.6007789228089216,0.5274657848649393,0.1201557845617843,0.2637328924324696
1747,0.1,10.0,5.0,2.0,1,4.999999999999999,2.0,0.580596629336754,0.5090386394472476,0.11611932586735083,0.2545193197236238,0.07687778047585463,0.07160271043406252,0.015375556095170929,0.03580135521703126,0.01117637581657407,0.009752536890856343,0.0022352751633148145,0.004876268445428171,0.6324701436267285,0.536560738550508,0.1264940287253457,0.268280369275254
1747,0.1,10.0,5.0,2.0,2,5.0,2.0000000000000004,0.5805577078748193,0.5090331528574876,0.11611154157496387,0.25451657642874376,0.07689113343761869,0.07163174285135897,0.015378226687523738,0.03581587142567948,0.011171346943419338,0.009745854444251778,0.0022342693886838677,0.004872927222125888,0.5974939553293086,0.5284607113818349,0.11949879106586173,0.2642303556909174
1747,0.1,10.0,5.0,2.0,3,4.999999999999999,1.9999999999999996,0.5805503524993367,0.5090180790703653,0.11611007049986737,0.2545090395351827,0.07685139893495703,0.07160930095497829,0.015370279786991408,0.03580465047748915,0.011129243011342575,0.00973260274260139,0.0022258486022685153,0.004866301371300696,0.6934876113583833,0.6174146900899585,0.1386975222716767,0.3087073450449793
1747,0.1,10.0,5.0,5.0,0,5.0,5.0,0.5805202413169344,0.5090215589818209,0.11610404826338687,0.10180431179636418,0.07689480615939812,0.07162809350396176,0.015378961231879623,0.014325618700792353,0.011100337234403939,0.009726827849818041,0.0022200674468807876,0.0019453655699636081,0.6007178807599439,0.5274541378497453,0.12014357615198878,0.10549082756994906
1747,0.1,10.0,5.0,5.0,1,4.999999999999999,4.999999999999999,0.5805970081482251,0.5090326616016094,0.11611940162964504,0.1018065323203219,0.07690796961326762,0.07162477694505578,0.015381593922653527,0.014324955389011159,0.011187824436641163,0.00976464472376583,0.002237564887328233,0.0019529289447531664,0.6324628477918258,0.5365643966801142,0.1264925695583652,0.10731287933602286
1747,0.1,10.0,5.0,5.0,2,5.000000000000001,5.0,0.580638696967222,0.5090589122308092,0.11612773939344438,0.10181178244616185,0.0768725895579243,0.07160686426289574,0.015374517911584857,0.014321372852579149,0.011145483251243142,0.009734348687867298,0.002229096650248628,0.0019468697375734597,0.5975574144022819,0.5285011665931504,0.11951148288045636,0.10570023331863007
1747,0.1,10.0,5.0,5.0,3,5.0,4.999999999999998,0.580586189958711,0.5090252516863535,0.1161172379917422,0.10180505033727073,0.07692936559462762,0.07162950912622087,0.015385873118925525,0.01432590182524418,0.011193779606952798,0.00975745940072929,0.0022387559213905596,0.0019514918801458586,0.6933989072444025,0.6173570588092954,0.1386797814488805,0.12347141176185912
1747,0.1,10.0,10.0,2.0,0,10.0,1.9999999999999996,0.5848327465643567,0.5100905362890981,0.05848327465643567,0.2550452681445491,0.07784687230393295,0.07188591628451363,0.007784687230393295,0.03594295814225682,0.016368805787708912,0.01269219406085805,0.0016368805787708913,0.006346097030429027,0.6032571406679714,0.5281027244841524,0.06032571406679714,0.26405136224207626
1747,0.1,10.0,10.0,2.0,1,10.0,1.9999999999999996,0.5806187179533032,0.5091640400226048,0.05806187179533032,0.2545820200113025,0.07737860552909154,0.07165839022263851,0.007737860552909153,0.03582919511131926,0.011625815710379656,0.009829182623224672,0.0011625815710379656,0.004914591311612337,0.63230428630538,0.5365769206435632,0.063230428630538,0.26828846032178166
1747,0.1,10.0,10.0,2.0,2,9.999999999999998,2.0,0.5805478068259445,0.509026985817145,0.05805478068259446,0.2545134929085725,0.07691816347653313,0.07160415058524829,0.007691816347653315,0.03580207529262414,0.01114997408524433,0.00974583167491575,0.0011149974085244332,0.004872915837457875,0.5974794562619696,0.5284712802413568,0.05974794562619697,0.2642356401206784
1747,0.1,10.0,10.0,2.0,3,10.0,1.9999999999999991,0.5805662696401772,0.5090170571474233,0.05805662696401772,0.25450852857371176,0.07686568690801908,0.07162034284545167,0.007686568690801908,0.03581017142272585,0.011128813783363152,0.009735366692864738,0.0011128813783363152,0.004867683346432371,0.6934480726723756,0.617386292682654,0.06934480726723756,0.3086931463413271
1747,0.1,10.0,10.0,5.0,0,10.0,5.0,0.5805903710989023,0.5090431100759278,0.05805903710989023,0.10180862201518556,0.07698982750446376,0.0716601249768449,0.007698982750446376,0.01433202499536898,0.011206852487139958,0.009770034972042515,0.0011206852487139957,0.001954006994408503,0.6007650375613532,0.5274735779013913,0.060076503756135324,0.10549471558027826
1747,0.1,10.0,10.0,5.0,1,10.0,4.999999999999998,0.5805888225448661,0.5089999421107017,0.05805888225448661,0.10179998842214037,0.07690501285157894,0.07160693584204891,0.0076905012851578945,0.014321387168409788,0.011174994356265663,0.00978425532256647,0.0011174994356265664,0.0019568510645132948,0.6324102816220687,0.5365135131656602,0.06324102816220686,0.10730270263313207
1747,0.1,10.0,10.0,5.0,2,9.999999999999998,4.999999999999998,0.5804883764352544,0.5090111877661306,0.058048837643525454,0.10180223755322616,0.07677665272814414,0.07158792779732055,0.007677665272814415,0.014317585559464116,0.011049100821582253,0.009701283785388877,0.0011049100821582255,0.0019402567570777761,0.5974956203006525,0.5284714236352813,0.05974956203006526,0.1056942847270563
1747,0.1,10.0,10.0,5.0,3,9.999999999999998,4.999999999999999,0.5806367344897406,0.5090707414653292,0.05806367344897407,0.10181414829306586,0.0769517919968967,0.07165499921078859,0.007695179199689671,0.01433099984215772,0.011194186054406096,0.009766965413313424,0.0011194186054406098,0.001953393082662685,0.6937555460857541,0.6175843190276964,0.06937555460857542,0.1235168638055393
1747,0.1,10.0,20.0,2.0,0,20.0,2.0,5.786321965832208,2.689064491698858,0.2893160982916104,1.344532245849429,7.2476681397089715,2.8059549801348234,0.3623834069854486,1.4029774900674117,6.371091210292031,2.6000400661485643,0.3185545605146015,1.3000200330742822,7.160407961891632,3.1050839325072643,0.35802039809458164,1.5525419662536322
1747,0.1,10.0,20.0,2.0,1,20.0,2.0000000000000004,0.580437212169699,0.509012147590971,0.02902186060848495,0.25450607379548545,0.07675950577748095,0.07159936539376593,0.0038379752888740475,0.03579968269688296,0.010978542810235317,0.009603037184204837,0.0005489271405117659,0.004801518592102418,0.6323561306966456,0.5365427810325918,0.03161780653483228,0.26827139051629584
1747,0.1,10.0,20.0,2.0,2,19.999999999999996,1.9999999999999996,0.5319018877680782,0.4886628953784263,0.026595094388403916,0.2443314476892132,0.06875240481352893,0.061744338635639655,0.003437620240676447,0.030872169317819834,0.1161656377218545,0.021292748350745523,0.0058082818860927254,0.010646374175372763,0.5982953983938281,0.5269157630427718,0.029914769919691407,0.26345788152138594
1747,0.1,10.0,20.0,2.0,3,20.0,1.9999999999999996,12.35461234354051,4.50948304531,0.6177306171770255,2.2547415226550003,12.700725691436999,4.523239560953991,0.6350362845718499,2.261619780476996,12.415756884884617,4.987034572855552,0.6207878442442308,2.4935172864277764,11.394706467541127,3.9207126232181295,0.5697353233770563,1.9603563116090652
1747,0.1,10.0,20.0,5.0,0,20.0,4.999999999999999,0.5807877918838404,0.509115259381085,0.02903938959419202,0.10182305187621703,0.0769406417550158,0.07162929753969971,0.0038470320877507904,0.014325859507939945,0.011178679589390015,0.00976156611073048,0.0005589339794695007,0.0019523132221460962,0.6010205277952279,0.5275563681470168,0.03005102638976139,0.10551127362940338
1747,0.1,10.0,20.0,5.0,1,20.0,5.000000000000001,0.595020394916128,0.4955366337195688,0.0297510197458064,0.09910732674391375,0.31209935435726416,0.08734161830552917,0.015604967717863207,0.01746832366110583,0.17048384874083736,0.08499415247897188,0.008524192437041868,0.016998830495794374,0.6158690077369683,0.5378245937281637,0.030793450386848414,0.10756491874563272
1747,0.1,10.0,20.0,5.0,2,20.0,4.999999999999999,11.139718196543665,4.309130174604158,0.5569859098271832,0.8618260349208319,18.658467464451316,7.050802020090967,0.9329233732225658,1.4101604040181936,11.378441809871735,4.163653737684904,0.5689220904935868,0.8327307475369811,2.261579030137531,1.3271936854287623,0.11307895150687655,0.2654387370857525
1747,0.1,10.0,20.0,5.0,3,20.0,5.0,1.9710259704513042,1.2524666829556799,0.09855129852256521,0.250493336591136,2.704447454350703,0.364494344753642,0.13522237271753515,0.0728988689507284,0.8706138324568232,0.2676209557269345,0.043530691622841164,0.0535241911453869,2.993685160904771,1.6176780339514658,0.14968425804523855,0.32353560679029314
1747,0.2,0.0,5.0,2.0,0,5.0,1.9999999999999996,0.00829197367182672,0.009560314845857095,0.001658394734365344,0.004780157422928548,0.013267302152713368,0.01025906569576642,0.0026534604305426734,0.005129532847883211,0.01268513898457086,0.011242006566288527,0.0025370277969141717,0.005621003283144264,0.014648072315035832,0.006753607918685964,0.0029296144630071666,0.003376803959342983
1747,0.2,0.0,5.0,2.0,1,5.000000000000002,1.9999999999999996,0.008292590896689263,0.009560084933728643,0.0016585181793378522,0.004780042466864322,0.013271867343833683,0.010253447974154405,0.0026543734687667357,0.0051267239870772035,0.012718914921700472,0.011251910888722572,0.0025437829843400935,0.005625955444361287,0.013773690421152271,0.014169152863814762,0.0027547380842304534,0.007084576431907383
1747,0.2,0.0,5.0,2.0,2,5.000000000000001,2.0,0.008326968499357842,0.009589330927553352,0.001665393699871568,0.004794665463776676,0.013333463946966224,0.010286846835083222,0.0026666927893932444,0.005143423417541611,0.012757269717874328,0.011283093887391881,0.002551453943574865,0.005641546943695941,0.01226815154530986,0.013521744192515957,0.0024536303090619714,0.006760872096257978
1747,0.2,0.0,5.0,2.0,3,5.0,1.9999999999999991,0.008325825456327655,0.009586554781697518,0.0016651650912655309,0.004793277390848761,0.01331240728443168,0.01027359636475033,0.002662481456886336,0.005136798182375168,0.012779463730268491,0.011284569834374737,0.002555892746053698,0.005642284917187371,0.0045834076418129095,0.004298398422645978,0.0009166815283625819,0.00214919921132299
1747,0.2,0.0,5.0,5.0,0,5.0,4.999999999999999,0.008316594236766103,0.009597067384625596,0.0016633188473532206,0.0019194134769251196,0.013264356775216077,0.010276562155110337,0.0026528713550432155,0.002055312431022068,0.01277715783340227,0.011284733033419725,0.002555431566680454,0.0022569466066839454,0.014608398639938739,0.006752396753225369,0.0029216797279877477,0.001350479350645074
1747,0.2,0.0,5.0,5.0,1,5.0,4.999999999999999,0.008345238152436133,0.009596760695759411,0.0016690476304872266,0.0019193521391518825,0.013311024848999833,0.010292021888948092,0.0026622049697999665,0.002058404377789619,0.012752529392514868,0.011271395398317289,0.0025505058785029737,0.002254279079663458,0.013715907526555856,0.01414377593535543,0.0027431815053111713,0.0028287551870710866
1747,0.2,0.0,5.0,5.0,2,5.0,5.0,0.008290407865995924,0.009594470689557023,0.0016580815731991848,0.0019188941379114047,0.01330082424300481,0.010274778591296328,0.002660164848600962,0.0020549557182592657,0.012754168913220773,0.011270701133015898,0.0025508337826441545,0.0022541402266031798,0.012309527001597743,0.013530176283595876,0.0024619054003195487,0.0027060352567191753
1747,0.2,0.0,5.0,5.0,3,4.999999999999999,5.0,0.00821247817426614,0.009488879971053398,0.0016424956348532283,0.0018977759942106795,0.01319959655752096,0.01015946170956089,0.0026399193115041924,0.0020318923419121782,0.01240769133092626,0.01110658027678744,0.0024815382661852524,0.0022213160553574878,0.004847239947524359,0.004321694147617665,0.0009694479895048719,0.000864338829523533
1747,0.2,0.0,10.0,2.0,0,10.0,2.0,0.008335247627175793,0.009590978228837272,0.0008335247627175793,0.004795489114418636,0.01334163470211246,0.010304362369791702,0.001334163470211246,0.005152181184895851,0.012768376699653795,0.011280175423573865,0.0012768376699653795,0.005640087711786933,0.014636495264510113,0.0067770526902519055,0.0014636495264510113,0.0033885263451259528
1747,0.2,0.0,10.0,2.0,1,9.999999999999998,2.0,0.008408197497887836,0.00971864432834084,0.0008408197497887837,0.00485932216417042,0.013145376476770616,0.010380332344198875,0.001314537647677062,0.0051901661720994375,0.013033727264551749,0.011474941551547048,0.001303372726455175,0.005737470775773524,0.013667845493575892,0.014165409995831244,0.0013667845493575894,0.007082704997915622
1747,0.2,0.0,10.0,2.0,2,10.0,1.9999999999999996,0.009062197700712064,0.009590451946479435,0.0009062197700712064,0.004795225973239718,0.013986760831539201,0.01076797438182147,0.0013986760831539201,0.005383987190910736,0.01310550752750196,0.011329714299266316,0.001310550752750196,0.005664857149633159,0.013022725670090246,0.013798887383959057,0.0013022725670090245,0.00689944369197953
1747,0.2,0.0,10.0,2.0,3,10.0,2.0,0.008307753178987323,0.009541724240780773,0.0008307753178987323,0.004770862120390387,0.013324551606400345,0.010276932177341052,0.0013324551606400344,0.005138466088670526,0.012644119782957845,0.011217569402305578,0.0012644119782957844,0.005608784701152789,0.004577897534261294,0.004281599141841938,0.00045778975342612943,0.002140799570920969
1747,0.2,0.0,10.0,5.0,0,10.0,5.0,0.024650282210355624,0.009106640574917934,0.0024650282210355624,0.0018213281149835868,0.027865166523159093,0.016663342676554466,0.0027865166523159094,0.0033326685353108933,0.017513388495008962,0.008304871954183118,0.0017513388495008961,0.0016609743908366237,0.016055542677077473,0.008816042771093222,0.0016055542677077474,0.0017632085542186443
1747,0.2,0.0,10.0,5.0,1,9.999999999999998,5.0,0.00843384060626326,0.009605955952408042,0.0008433840606263261,0.0019211911904816084,0.013478583118071088,0.010340958792711914,0.0013478583118071092,0.002068191758542383,0.012804465460798796,0.011295736714428793,0.0012804465460798799,0.0022591473428857584,0.013603809947991617,0.014121341647848942,0.001360380994799162,0.0028242683295697886
1747,0.2,0.0,10.0,5.0,2,10.0,5.000000000000001,0.008179883610882474,0.00945029671306913,0.0008179883610882474,0.0018900593426138257,0.013809844694307774,0.010598841769053293,0.0013809844694307775,0.002119768353810658,0.01240209398383078,0.011101254208759952,0.001240209398383078,0.0022202508417519897,0.012170908274580653,0.013462031283994121,0.0012170908274580653,0.0026924062567988236
1747,0.2,0.0,10.0,5.0,3,9.999999999999998,5.0,0.008826143874742794,0.009795360622810787,0.0008826143874742795,0.0019590721245621575,0.013653722799182243,0.010373804073949182,0.0013653722799182246,0.0020747608147898364,0.013425946658489578,0.011638395811680092,0.0013425946658489581,0.0023276791623360184,0.004709926859019455,0.004256949726091452,0.0004709926859019456,0.0008513899452182904
1747,0.2,0.0,20.0,2.0,0,20.0,2.0,0.18527086230852569,0.07426559701041524,0.009263543115426284,0.03713279850520762,0.9452424194856035,0.3908224734511852,0.047262120974280175,0.1954112367255926,0.7456928692124927,0.18791998368911697,0.037284643460624635,0.09395999184455849,0.23179703581179295,0.09239193295132399,0.011589851790589648,0.046195966475661994
1747,0.2,0.0,20.0,2.0,1,20.000000000000004,2.0,21.233313577021683,8.139637012743686,1.0616656788510839,4.069818506371843,15.850856996228954,5.718520552603852,0.7925428498114475,2.859260276301926,21.337460049577363,8.164376775503097,1.066873002478868,4.082188387751549,15.317065206725426,5.524034482298239,0.7658532603362711,2.7620172411491195
1747,0.2,0.0,20.0,2.0,2,20.0,2.0,0.13468473403160386,0.06179914663790402,0.006734236701580193,0.03089957331895201,0.27453871279929803,0.1263442959336908,0.013726935639964901,0.0631721479668454,0.1925786169865437,0.09548117537863177,0.009628930849327184,0.04774058768931588,0.019244346003686397,0.010271208813684554,0.0009622173001843199,0.005135604406842277
1747,0.2,0.0,20.0,2.0,3,20.0,1.9999999999999996,0.008332844202899327,0.009601341006160946,0.0004166422101449663,0.004800670503080474,0.013283097055492788,0.010211245860942986,0.0006641548527746394,0.005105622930471494,0.012793484856425587,0.01129810586616235,0.0006396742428212794,0.005649052933081176,0.004505060826219369,0.004286959348199892,0.00022525304131096845,0.0021434796740999462
1747,0.2,0.0,20.0,5.0,0,20.000000000000004,5.0,0.008329220025679122,0.009607358884611459,0.00041646100128395604,0.0019214717769222918,0.013296716872438026,0.010298050593313502,0.0006648358436219012,0.0020596101186627002,0.012821375783531172,0.01130564765009372,0.0006410687891765585,0.002261129530018744,0.014737426359353566,0.006772343931915706,0.0007368713179676782,0.0013544687863831413
1747,0.2,0.0,20.0,5.0,1,20.0,5.0,0.14131595611956246,0.03674338985345596,0.007065797805978123,0.007348677970691192,0.08082933333565082,0.015268823644475885,0.004041466666782541,0.003053764728895177,0.1438025829637066,0.062461062508026785,0.00719012914818533,0.012492212501605357,0.03019824180370978,0.03191372088960309,0.001509912090185489,0.006382744177920618
1747,0.2,0.0,20.0,5.0,2,19.999999999999993,4.999999999999999,0.1276367133583775,0.03463787961366359,0.006381835667918878,0.006927575922732719,0.21497644620900022,0.092799369918139,0.010748822310450015,0.018559873983627805,0.07079066202161334,0.018141187655694783,0.0035395331010806682,0.0036282375311389573,0.05350013916406209,0.029544215295316787,0.0026750069582031056,0.005908843059063359
1747,0.2,0.0,20.0,5.0,3,19.999999999999993,5.0,0.008632449669398785,0.009783654129940702,0.0004316224834699394,0.00195673082598814,0.014120500361208611,0.010886177335887329,0.0007060250180604309,0.0021772354671774656,0.013864862578784855,0.011754226004396595,0.000693243128939243,0.002350845200879319,0.0040165565939724295,0.004184353399136873,0.00020082782969862154,0.0008368706798273746
1747,0.2,2.0,5.0,2.0,0,5.0,2.0,2.2386061188196433,2.220208856897453,0.44772122376392864,1.1101044284487265,0.5387161429257915,0.583945020018598,0.10774322858515831,0.291972510009299,0.012851562590400012,0.011328577300643714,0.0025703125180800025,0.005664288650321857,3.1036061056493875,2.5631761344153765,0.6207212211298775,1.2815880672076883
1747,0.2,2.0,5.0,2.0,1,5.0,1.9999999999999996,2.238595893129454,2.2201804864792933,0.44771917862589083,1.110090243239647,0.5383417827308863,0.5835636497425201,0.10766835654617726,0.2917818248712601,0.012743140063961053,0.011265294402658728,0.0025486280127922107,0.005632647201329365,1.5769222738625093,1.4959289905995026,0.3153844547725019,0.7479644952997514
1747,0.2,2.0,5.0,2.0,2,5.0,2.0,2.238606976531994,2.2201586492954792,0.44772139530639876,1.1100793246477396,0.5383426420258286,0.5835419225439519,0.10766852840516572,0.29177096127197594,0.012764312926450342,0.011285910083061582,0.0025528625852900685,0.005642955041530791,1.6341819446758175,1.5516787542572286,0.3268363889351635,0.7758393771286143
1747,0.2,2.0,5.0,2.0,3,5.0,1.9999999999999996,2.238599629111588,2.220184499293258,0.44771992582231757,1.1100922496466292,0.53831352896467,0.5835695191004503,0.107662705792934,0.2917847595502252,0.012828576652670919,0.01130178326794851,0.002565715330534184,0.005650891633974256,2.935089332692545,2.6791232146021784,0.5870178665385091,1.3395616073010894
1747,0.2,2.0,5.0,5.0,0,5.0,5.0,2.2385153944091036,2.220061459727802,0.4477030788818207,0.44401229194556036,0.5382961691322904,0.583515265485292,0.10765923382645808,0.11670305309705839,0.012779693204835832,0.01129262951202106,0.0025559386409671663,0.002258525902404212,3.1034581709907045,2.562913094965491,0.6206916341981409,0.5125826189930982
1747,0.2,2.0,5.0,5.0,1,5.0,4.999999999999998,2.238659298573016,2.2202213706617417,0.44773185971460316,0.4440442741323485,0.5386304263632068,0.5838469191943317,0.10772608527264135,0.11676938383886638,0.012841373197997179,0.01132742328747553,0.0025682746395994356,0.0022654846574951064,1.5768976089509714,1.4959124745670842,0.3153795217901943,0.299182494913417
1747,0.2,2.0,5.0,5.0,2,5.0,5.0,2.238433262408181,2.219932467352207,0.4476866524816362,0.44398649347044145,0.5382728853795904,0.5834935128181146,0.10765457707591808,0.11669870256362291,0.012655353668985495,0.011220790385016263,0.002531070733797099,0.0022441580770032527,1.6341450439545688,1.5516449419346063,0.32682900879091376,0.31032898838692125
1747,0.2,2.0,5.0,5.0,3,5.0,4.999999999999999,2.238628193413585,2.2202134803809463,0.447725638682717,0.44404269607618935,0.5386650721209781,0.5838881770881146,0.10773301442419563,0.11677763541762294,0.012760007808764889,0.011285663232713444,0.002552001561752978,0.002257132646542689,2.9352273959038135,2.6792930519298648,0.5870454791807627,0.535858610385973
1747,0.2,2.0,10.0,2.0,0,10.0,1.9999999999999996,2.23870788894871,2.220335531155874,0.223870788894871,1.1101677655779372,0.5405335068491837,0.5857374790365469,0.054053350684918365,0.2928687395182735,0.01233684662686417,0.011069679991538333,0.0012336846626864171,0.005534839995769167,3.103705684383511,2.5632995254945916,0.3103705684383511,1.281649762747296
1747,0.2,2.0,10.0,2.0,1,10.0,2.0,2.238615493078497,2.220214016764031,0.22386154930784968,1.1101070083820155,0.5387437779708911,0.5839799130153025,0.05387437779708911,0.29198995650765125,0.012887119087232361,0.011334370712002663,0.001288711908723236,0.005667185356001332,1.5768222573780641,1.4958815673212134,0.1576822257378064,0.7479407836606067
1747,0.2,2.0,10.0,2.0,2,9.999999999999996,2.0,2.2385972820850895,2.2201652019663194,0.22385972820850902,1.1100826009831597,0.5382880098594592,0.583520162324845,0.053828800985945946,0.2917600811624225,0.012731843168460192,0.011269618412600525,0.0012731843168460196,0.005634809206300263,1.6341757622293895,1.5516797387750276,0.163417576222939,0.7758398693875138
1747,0.2,2.0,10.0,2.0,3,10.0,1.9999999999999996,2.2385865567972143,2.2201497761894555,0.22385865567972144,1.110074888094728,0.5382952354298499,0.5835191770867332,0.053829523542984994,0.29175958854336664,0.012743316865855702,0.011268812390755013,0.0012743316865855702,0.005634406195377507,2.934930639166802,2.678969070859894,0.29349306391668023,1.3394845354299472
1747,0.2,2.0,10.0,5.0,0,9.999999999999996,4.999999999999998,2.2399443980685043,2.2225267836567895,0.22399443980685052,0.44450535673135805,0.5665563704827888,0.6088795878333034,0.0566556370482789,0.12177591756666073,0.014245761364836778,0.012869449349361798,0.0014245761364836784,0.0025738898698723606,3.1094801590807055,2.570599784647559,0.31094801590807064,0.514119956929512
1747,0.2,2.0,10.0,5.0,1,10.0,5.0,2.2415742909258025,2.2235672496619014,0.22415742909258024,0.44471344993238027,0.5890868460185349,0.6349768173076233,0.05890868460185349,0.12699536346152468,0.008287967928486325,0.009581806741979088,0.0008287967928486325,0.0019163613483958175,1.5788351418612063,1.4968125406361947,0.15788351418612062,0.29936250812723897
1747,0.2,2.0,10.0,5.0,2,10.000000000000002,5.0,2.238566605030869,2.2200559891512293,0.22385666050308686,0.44401119783024584,0.5393727294949802,0.584485615324427,0.05393727294949801,0.1168971230648854,0.01296475949587853,0.011434064858825338,0.0012964759495878529,0.0022868129717650678,1.6339179637083898,1.5515726887916839,0.16339179637083895,0.3103145377583368
1747,0.2,2.0,10.0,5.0,3,10.0,5.0,2.238497201574711,2.2200967010041315,0.2238497201574711,0.4440193402008263,0.5386385390116923,0.5837624903027527,0.05386385390116923,0.11675249806055055,0.013189825575373543,0.011484080062969231,0.0013189825575373542,0.0022968160125938462,2.934617313022164,2.6785659025807127,0.2934617313022164,0.5357131805161426
1747,0.2,2.0,20.0,2.0,0,20.0,2.0,2.241583106098875,2.2307659041435746,0.11207915530494375,1.1153829520717873,0.9172296426769758,1.0696546814311545,0.04586148213384879,0.5348273407155772,0.008271148330026306,0.008578195916268539,0.00041355741650131526,0.004289097958134269,3.1018396387033538,2.5697315806228196,0.15509198193516768,1.2848657903114098
1747,0.2,2.0,20.0,2.0,1,20.0,1.9999999999999991,10.389231572498101,4.06647903201823,0.519461578624905,2.033239516009116,11.476305402699536,4.138338059351798,0.5738152701349768,2.0691690296759,12.250084501460488,4.4389976023788105,0.6125042250730244,2.219498801189406,7.040953299833946,2.7165550456057983,0.3520476649916973,1.3582775228028998
1747,0.2,2.0,20.0,2.0,2,20.0,1.9999999999999996,19.276137390656643,7.5256251679133666,0.9638068695328321,3.762812583956684,17.607907594373952,6.873956609152506,0.8803953797186976,3.436978304576254,18.404437428188047,6.7576661913194425,0.9202218714094024,3.378833095659722,12.93584157028146,5.142446621447449,0.6467920785140729,2.571223310723725
1747,0.2,2.0,20.0,2.0,3,19.999999999999996,2.0000000000000004,2.254600197217483,2.2467654156162786,0.11273000986087418,1.123382707808139,0.9565572808655053,0.9600098609357138,0.04782786404327527,0.4800049304678568,0.08414652534413422,0.027694492995185883,0.0042073262672067116,0.013847246497592938,2.9087235995044938,2.683577117372288,0.1454361799752247,1.3417885586861438
1747,0.2,2.0,20.0,5.0,0,20.0,4.999999999999997,19.242862765054195,7.502695660799682,0.9621431382527097,1.500539132159937,19.404984872505167,7.2076738250698,0.9702492436252583,1.4415347650139607,18.641285606220368,6.998703622537522,0.9320642803110184,1.399740724507505,29.33331116315443,10.246771998907217,1.4666655581577215,2.0493543997814445
1747,0.2,2.0,20.0,5.0,1,19.999999999999996,5.0,2.2472508495543906,2.2440123643410783,0.11236254247771955,0.4488024728682157,0.7860321073685806,0.8998779701345997,0.03930160536842904,0.17997559402691993,0.03939915852754296,0.021442299819484183,0.001969957926377148,0.004288459963896837,1.5838140249645325,1.5035562270199978,0.07919070124822664,0.30071124540399957
1747,0.2,2.0,20.0,5.0,2,20.0,4.999999999999999,15.800637916595692,6.323435561268386,0.7900318958297846,1.2646871122536776,15.686162002027324,6.177929082462585,0.7843081001013662,1.2355858164925173,14.608590732325887,5.394285662552961,0.7304295366162943,1.0788571325105925,10.107819557912737,4.164878437756169,0.5053909778956369,0.832975687551234
1747,0.2,2.0,20.0,5.0,3,20.0,5.0,2.2386359691233655,2.2209618532957727,0.11193179845616827,0.4441923706591545,0.5715569319191643,0.6113283982512295,0.028577846595958217,0.1222656796502459,0.013455955070374125,0.011511407718374451,0.0006727977535187062,0.0023022815436748905,2.936331427140504,2.6803080306962452,0.1468165713570252,0.536061606139249
1747,0.2,5.0,5.0,2.0,0,5.000000000000001,2.000000000000001,3.4330684622505676,2.7308681352641475,0.6866136924501134,1.365434067632073,0.3097363379768168,0.24557019160124569,0.061947267595363356,0.12278509580062279,0.012776824279252044,0.011281823296777908,0.0025553648558504084,0.005640911648388951,3.295777501350161,2.4715314249536666,0.6591555002700321,1.2357657124768329
1747,0.2,5.0,5.0,2.0,1,5.0,2.0000000000000004,3.1748196919901814,2.5163677737366905,0.6349639383980363,1.258183886868345,0.3097157552763214,0.24557576261084507,0.06194315105526428,0.12278788130542251,0.012754637940792615,0.01127490061917882,0.002550927588158523,0.005637450309589409,1.7344514113497298,1.3736277358501643,0.34689028226994595,0.686813867925082
1747,0.2,5.0,5.0,2.0,2,5.0,2.0,3.2601664007196947,2.587433526044755,0.6520332801439389,1.2937167630223776,0.30973658234355456,0.2455691828572016,0.06194731646871091,0.1227845914286008,0.01276493721163191,0.011280432724663936,0.002552987442326382,0.005640216362331968,1.9015717461131119,1.4923368797535217,0.38031434922262236,0.7461684398767608
1747,0.2,5.0,5.0,2.0,3,5.000000000000001,2.0,3.1510778236208243,2.4965793778192342,0.6302155647241647,1.2482896889096171,0.309704020328344,0.24555304562167574,0.061940804065668785,0.12277652281083787,0.012768232840648836,0.01128368749929896,0.002553646568129767,0.00564184374964948,3.2889913255648024,2.6851013110326822,0.6577982651129604,1.3425506555163411
1747,0.2,5.0,5.0,5.0,0,5.0,5.0,3.3392598051195024,2.653122779244909,0.6678519610239004,0.5306245558489817,0.3097629680065581,0.24557325157693574,0.061952593601311626,0.04911465031538715,0.012806741714871525,0.011300869588837104,0.002561348342974305,0.002260173917767421,3.1645261240552527,2.3642347949568965,0.6329052248110505,0.4728469589913793
1747,0.2,5.0,5.0,5.0,1,4.999999999999999,4.999999999999998,3.1251818122117956,2.474922377902198,0.6250363624423593,0.49498447558043973,0.30977026589414747,0.24558313511243232,0.0619540531788295,0.04911662702248648,0.01283914351779627,0.01131090440432026,0.0025678287035592546,0.0022621808808640526,1.7320772173121095,1.3717567377481725,0.346415443462422,0.2743513475496346
1747,0.2,5.0,5.0,5.0,2,4.999999999999999,4.999999999999998,3.3963792153084533,2.7003475252471225,0.6792758430616908,0.5400695050494247,0.30973830438971395,0.24556147038645243,0.0619476608779428,0.0491122940772905,0.012766319793973966,0.011279876939443014,0.0025532639587947936,0.0022559753878886035,1.9030522207238496,1.4935395461913756,0.38061044414476997,0.2987079092382752
1747,0.2,5.0,5.0,5.0,3,5.0,5.0,3.0709531913426846,2.4293081352496064,0.6141906382685369,0.4858616270499213,0.3097132680819117,0.24554655331996897,0.061942653616382334,0.049109310663993794,0.012737017066810125,0.011271027239103311,0.002547403413362025,0.002254205447820662,3.179387877946487,2.591962207220514,0.6358775755892974,0.5183924414441028
1747,0.2,5.0,10.0,2.0,0,9.999999999999998,1.9999999999999991,3.2522637435007793,2.580916795978381,0.325226374350078,1.2904583979891913,0.3097321475389766,0.2455637587378664,0.030973214753897665,0.12278187936893326,0.01279236832981883,0.011292774102509591,0.0012792368329818833,0.005646387051254798,3.0103133546525944,2.234297134129854,0.3010313354652595,1.1171485670649275
1747,0.2,5.0,10.0,2.0,1,10.0,2.0000000000000004,3.1568103580209192,2.5013153276970677,0.31568103580209195,1.2506576638485336,0.3103779728550748,0.24563912907336422,0.031037797285507478,0.12281956453668208,0.012470144130810696,0.011096964209993053,0.0012470144130810696,0.005548482104996526,1.7380514482380374,1.3764007713739714,0.17380514482380374,0.6882003856869856
1747,0.2,5.0,10.0,2.0,2,10.000000000000002,2.0,3.2295257736148217,2.562000883978123,0.32295257736148214,1.2810004419890615,0.3097443086061735,0.24557840180889284,0.030974430860617345,0.12278920090444642,0.012766975624233382,0.011283365656350526,0.001276697562423338,0.005641682828175263,1.9002028720347306,1.491287267096894,0.19002028720347303,0.745643633548447
1747,0.2,5.0,10.0,2.0,3,10.000000000000002,2.0,3.313890652349522,2.632027934570836,0.33138906523495215,1.316013967285418,0.3108687527621011,0.24611278620925042,0.031086875276210103,0.12305639310462521,0.014137475787498346,0.01194698650105398,0.0014137475787498344,0.00597349325052699,3.4690940898822125,2.836647229029672,0.3469094089882212,1.418323614514836
1747,0.2,5.0,10.0,5.0,0,10.0,4.999999999999999,3.0263584574454123,2.3918108848957953,0.3026358457445412,0.47836217697915917,0.3097628893433066,0.24551790844399066,0.03097628893433066,0.04910358168879814,0.012707059574305068,0.011244389983892057,0.0012707059574305068,0.002248877996778412,2.7249989666369405,1.9938590359609014,0.27249989666369406,0.39877180719218036
1747,0.2,5.0,10.0,5.0,1,9.999999999999996,4.999999999999999,7.309456037599345,5.7933493167172525,0.7309456037599348,1.1586698633434507,10.896933183439497,9.180011253145896,1.0896933183439501,1.8360022506291795,0.01900871126805247,0.007545546248265502,0.0019008711268052477,0.0015091092496531007,1.9151685775905938,1.5259288100061914,0.19151685775905944,0.3051857620012383
1747,0.2,5.0,10.0,5.0,2,10.0,5.0,3.183995449146156,2.5240922016850496,0.31839954491461564,0.50481844033701,0.30976611787453445,0.2455686593980477,0.030976611787453444,0.04911373187960954,0.012805775605700459,0.011301876804143516,0.0012805775605700459,0.002260375360828703,1.9016453329674292,1.4923910196945835,0.19016453329674293,0.2984782039389167
1747,0.2,5.0,10.0,5.0,3,10.000000000000002,4.999999999999999,3.0790248110199396,2.435954531673536,0.3079024811019939,0.4871909063347073,0.310459517944307,0.2456675937023724,0.031045951794430694,0.04913351874047449,0.012632777731990459,0.011105416709511158,0.0012632777731990457,0.0022210833419022322,3.1539055938677376,2.5699658012084527,0.3153905593867737,0.5139931602416906
1747,0.2,5.0,20.0,2.0,0,20.0,1.9999999999999996,2.792687844019369,2.1927979512312157,0.13963439220096846,1.096398975615608,0.3097260592889685,0.2455233243712068,0.015486302964448426,0.12276166218560343,0.013327158915563691,0.011574479248080985,0.0006663579457781845,0.005787239624040493,2.4146974584523395,1.7926911125468596,0.12073487292261698,0.89634555627343
1747,0.2,5.0,20.0,2.0,1,20.0,2.0,2.8714333177751605,2.2560496044146565,0.14357166588875803,1.1280248022073283,0.3023707813315728,0.24836360265692137,0.01511853906657864,0.12418180132846068,0.01148246825549331,0.006590319606559864,0.0005741234127746655,0.003295159803279932,1.744873011836596,1.377493324234249,0.0872436505918298,0.6887466621171245
1747,0.2,5.0,20.0,2.0,2,20.0,2.0000000000000004,4.4252650721706575,4.140674334963567,0.22126325360853288,2.070337167481783,7.503883489664053,10.091929130165434,0.3751941744832027,5.045964565082716,0.8429338354622247,0.1076285947023475,0.042146691773111235,0.05381429735117373,1.691943161177069,1.9460895147477382,0.08459715805885346,0.9730447573738689
1747,0.2,5.0,20.0,2.0,3,20.0,1.9999999999999996,19.29988471742784,8.67969616815636,0.964994235871392,4.339848084078181,12.739160430667711,5.13292290308253,0.6369580215333855,2.5664614515412656,16.57550245580449,6.615337211527515,0.8287751227902245,3.3076686057637583,14.780768077161778,6.703676208483774,0.7390384038580888,3.351838104241888
1747,0.2,5.0,20.0,5.0,0,20.000000000000004,5.000000000000001,7.066485555616502,5.799189012731699,0.35332427778082504,1.1598378025463396,4.73035353950002,9.11353936125634,0.23651767697500095,1.8227078722512677,1.6990168196573145,0.66809719910854,0.08495084098286572,0.13361943982170799,9.873170497462134,4.14335717231695,0.4936585248731066,0.8286714344633899
1747,0.2,5.0,20.0,5.0,1,19.999999999999993,4.999999999999998,3.077645406789942,2.4347375932664668,0.15388227033949717,0.48694751865329355,0.310452401894637,0.2458881319371744,0.015522620094731857,0.0491776263874349,0.0135443144777654,0.01144641999546681,0.0006772157238882703,0.0022892839990933628,1.7264340515826475,1.366655459382454,0.08632170257913241,0.2733310918764909
1747,0.2,5.0,20.0,5.0,2,20.000000000000007,4.999999999999999,3.3691318498107288,2.6777717177895686,0.16845659249053638,0.5355543435579138,0.3087774349091006,0.24477754702927568,0.015438871745455024,0.04895550940585514,0.014648724738240032,0.01217275491763861,0.0007324362369120013,0.0024345509835277225,1.9064311606122042,1.496221405835931,0.09532155803061018,0.29924428116718627
1747,0.2,5.0,20.0,5.0,3,20.0,4.999999999999999,3.647920226749799,2.8175562512949996,0.18239601133748995,0.5635112502590001,0.4222544126622084,0.33141381433528366,0.02111272063311042,0.06628276286705674,0.16776320279577153,0.06585052247132948,0.008388160139788577,0.0131701044942659,6.469354052764786,3.8423799383362987,0.3234677026382393,0.7684759876672599
1747,0.2,10.0,5.0,2.0,0,5.000000000000001,2.0,1.5063216518634968,1.239556212089953,0.3012643303726993,0.6197781060449765,0.10616581485848287,0.10399442951972698,0.02123316297169657,0.05199721475986349,0.012733139658073857,0.011266988599505938,0.002546627931614771,0.005633494299752969,3.4419188545668358,1.9247699137466179,0.688383770913367,0.9623849568733089
1747,0.2,10.0,5.0,2.0,1,5.000000000000001,2.0,1.505159660394693,1.2384689729618799,0.3010319320789386,0.6192344864809399,0.10615070017604217,0.10398941456866223,0.02123014003520843,0.051994707284331115,0.01279165003751523,0.011297675556979515,0.0025583300075030456,0.005648837778489757,0.7810177564781351,0.7859810345389372,0.156203551295627,0.3929905172694686
1747,0.2,10.0,5.0,2.0,2,5.0,2.0000000000000004,1.5030187292081039,1.2371790892350611,0.30060374584162075,0.6185895446175305,0.10619527713256989,0.10400698697650093,0.021239055426513977,0.05200349348825045,0.01282936469496474,0.011324233637229394,0.002565872938992948,0.005662116818614696,0.86286474056172,0.8556954935895964,0.172572948112344,0.4278477467947981
1747,0.2,10.0,5.0,2.0,3,4.999999999999998,2.0,1.5060420075902587,1.239755127476888,0.30120840151805184,0.619877563738444,0.10620852992206614,0.10402187022110657,0.021241705984413235,0.05201093511055328,0.012748105631916888,0.011272457025872543,0.0025496211263833783,0.005636228512936272,3.176263850165048,2.018927490644668,0.6352527700330098,1.009463745322334
1747,0.2,10.0,5.0,5.0,0,4.999999999999998,4.999999999999998,1.5020876253093827,1.235517027730356,0.30041752506187663,0.2471034055460713,0.10615933789691599,0.10399350884171835,0.021231867579383206,0.020798701768343676,0.012749676975637178,0.011274648343775829,0.0025499353951274365,0.0022549296687551664,3.4195927348949997,1.9102767712109814,0.6839185469790002,0.3820553542421964
1747,0.2,10.0,5.0,5.0,1,5.000000000000001,4.999999999999999,1.5071848746780687,1.243711038425042,0.30143697493561367,0.24874220768500846,0.10653584367621949,0.10407453029599058,0.021307168735243895,0.02081490605919812,0.01266694380822599,0.011241442397674216,0.0025333887616451976,0.0022482884795348435,0.7830694096701951,0.7876892891327689,0.156613881934039,0.1575378578265538
1747,0.2,10.0,5.0,5.0,2,4.999999999999999,4.999999999999999,1.5017937848505722,1.2356582032351682,0.3003587569701145,0.2471316406470337,0.10613331558290284,0.10398225663792665,0.02122666311658057,0.020796451327585334,0.012808435869683598,0.011304202297962324,0.00256168717393672,0.0022608404595924653,0.8625783385962046,0.8554205661762599,0.17251566771924096,0.17108411323525202
1747,0.2,10.0,5.0,5.0,3,4.999999999999999,4.999999999999998,1.4973828396504432,1.2339482685857899,0.2994765679300887,0.24678965371715805,0.10676787595551725,0.10428048601703678,0.021353575191103452,0.020856097203407364,0.012929363635720966,0.011371606590534336,0.0025858727271441937,0.002274321318106868,3.13723364124115,1.9946064542975293,0.6274467282482301,0.398921290859506
1747,0.2,10.0,10.0,2.0,0,10.000000000000002,1.9999999999999991,1.5089340112222098,1.2420320383447736,0.15089340112222097,0.621016019172387,0.10602297772562107,0.1039629508861088,0.010602297772562105,0.05198147544305442,0.013071160994388693,0.011425514458567116,0.0013071160994388691,0.005712757229283561,3.4491844356213,1.9286219936919202,0.34491844356213,0.9643109968459606
1747,0.2,10.0,10.0,2.0,1,10.0,2.0,1.5015162750977156,1.2342716820121706,0.15015162750977157,0.6171358410060853,0.10591401508033038,0.10392296036331719,0.010591401508033038,0.051961480181658595,0.013083105007751438,0.011433951207556897,0.0013083105007751438,0.005716975603778448,0.780338048215286,0.7854152329879328,0.0780338048215286,0.3927076164939664
1747,0.2,10.0,10.0,2.0,2,10.0,2.0,1.5839518597448428,1.3001616863557468,0.15839518597448426,0.6500808431778734,0.10536559575851963,0.10385521778845973,0.010536559575851962,0.051927608894229864,0.01250457942204967,0.011104534204179057,0.001250457942204967,0.005552267102089528,0.8636764064136964,0.8564303415044432,0.08636764064136963,0.4282151707522216
1747,0.2,10.0,10.0,2.0,3,10.000000000000002,2.0,1.5100306173463354,1.2446916862259245,0.15100306173463351,0.6223458431129623,0.10630200095167698,0.10404975465091594,0.010630200095167696,0.05202487732545797,0.012471842861500314,0.011127102201030213,0.0012471842861500311,0.005563551100515107,3.191929218984198,2.032184366662071,0.31919292189841975,1.0160921833310355
1747,0.2,10.0,10.0,5.0,0,10.0,4.999999999999999,2.0105293059255223,1.681175100395074,0.20105293059255222,0.33623502007901485,0.0653093348471284,0.09335476740624128,0.00653093348471284,0.01867095348124826,0.010448721963058445,0.008765437006856959,0.0010448721963058445,0.001753087401371392,9.548046827557895,3.9776929459854546,0.9548046827557896,0.7955385891970911
1747,0.2,10.0,10.0,5.0,1,10.000000000000002,4.999999999999999,1.5349002673802883,1.2749489930477347,0.1534900267380288,0.25498979860954696,0.11721545915131859,0.10944468282975167,0.011721545915131857,0.02188893656595034,0.016386447063984986,0.012357273133530381,0.0016386447063984984,0.002471454626706077,0.796966884008164,0.8005749431881836,0.07969668840081638,0.16011498863763673
1747,0.2,10.0,10.0,5.0,2,10.0,5.0,1.5381026788725636,1.2685104756530394,0.15381026788725635,0.2537020951306079,0.1283426257403511,0.11135908818817247,0.01283426257403511,0.022271817637634493,0.021156595383368167,0.014976795604808295,0.0021156595383368167,0.002995359120961659,0.8584762297014525,0.853684527309655,0.08584762297014525,0.17073690546193102
1747,0.2,10.0,10.0,5.0,3,10.0,4.999999999999997,1.5135358225664366,1.2474839634181076,0.15135358225664367,0.24949679268362165,0.10613768228512467,0.10398493570045893,0.010613768228512467,0.020796987140091795,0.012785843648083134,0.01128504534171069,0.0012785843648083135,0.002257009068342139,3.2557710940532085,2.0777320814492892,0.32557710940532086,0.41554641628985806
1747,0.2,10.0,20.0,2.0,0,20.0,2.0,1.6079963097442624,1.321514636192466,0.08039981548721312,0.660757318096233,0.12566418924014755,0.1013716132537466,0.006283209462007377,0.0506858066268733,0.021404281327803074,0.0072609327651399925,0.0010702140663901537,0.0036304663825699962,4.862982198415238,2.3718582941607926,0.24314910992076189,1.1859291470803963
1747,0.2,10.0,20.0,2.0,1,20.0,2.0,1.7856437274562376,1.5762377009553004,0.08928218637281188,0.7881188504776502,1.3127332222038337,0.6026783410444727,0.06563666111019169,0.30133917052223635,0.12061840908668875,0.01834078095127398,0.006030920454334438,0.00917039047563699,0.8026966184002517,0.8169220894800957,0.04013483092001259,0.40846104474004785
1747,0.2,10.0,20.0,2.0,2,19.99999999999999,2.0,4.99420078415414,2.534060942046447,0.24971003920770712,1.2670304710232234,5.684066400271148,2.174229980104774,0.2842033200135576,1.087114990052387,3.1399435858629294,1.3356143535531528,0.15699717929314655,0.6678071767765764,5.194609150723605,2.355605370122086,0.2597304575361804,1.177802685061043
1747,0.2,10.0,20.0,2.0,3,20.0,1.9999999999999996,1.4960666900385267,1.2240650790309402,0.07480333450192633,0.6120325395154702,0.10622559624214689,0.10402141509900416,0.005311279812107344,0.05201070754950209,0.013153599692920485,0.011467497118825797,0.0006576799846460242,0.005733748559412899,3.062685230697801,1.928682160316626,0.15313426153489004,0.9643410801583132
1747,0.2,10.0,20.0,5.0,0,20.0,5.0,8.215896220264975,3.0134413281517634,0.4107948110132488,0.6026882656303527,8.530397034957476,3.102634587361168,0.42651985174787377,0.6205269174722335,5.4179745951118,1.7874606928788714,0.27089872975559,0.3574921385757743,20.900941450230125,9.510014366126173,1.0450470725115062,1.9020028732252345
1747,0.2,10.0,20.0,5.0,1,19.999999999999996,4.999999999999998,1.526595508543641,1.2551746159650774,0.07632977542718206,0.25103492319301557,0.10680316670582765,0.10416359067885272,0.005340158335291383,0.02083271813577055,0.013344049273512747,0.01159055789239383,0.0006672024636756375,0.002318111578478767,0.7828639053055871,0.7877332366642005,0.03914319526527937,0.15754664733284016
1747,0.2,10.0,20.0,5.0,2,20.0,4.999999999999998,15.77727478315644,12.131104717884154,0.7888637391578219,2.4262209435768316,10.623453363860918,6.821010247126949,0.5311726681930459,1.3642020494253904,3.7056367807029758,1.4857316275488042,0.18528183903514878,0.29714632550976094,11.861987857648423,10.2749787693631,0.5930993928824211,2.0549957538726207
1747,0.2,10.0,20.0,5.0,3,20.0,4.999999999999999,1.272565901744711,1.2937775605597928,0.06362829508723555,0.2587555121119586,2.590824367794197,0.479370132470449,0.12954121838970983,0.09587402649408983,0.2672476347163549,0.09139849051355085,0.013362381735817743,0.018279698102710174,6.6271317161381305,2.938310439269922,0.3313565858069065,0.5876620878539845
1747,0.4,0.0,5.0,2.0,0,5.000000000000002,2.0,0.00832312107076826,0.009594931643494077,0.0016646242141536514,0.004797465821747038,0.01334149328073545,0.010295822108049054,0.002668298656147089,0.005147911054024527,0.02125043646247645,0.018074919918106905,0.004250087292495289,0.009037459959053452,0.017784534104206516,0.009428327915351541,0.003556906820841302,0.004714163957675771
1747,0.4,0.0,5.0,2.0,1,5.0,2.0,0.008291581308373288,0.009577843501564971,0.0016583162616746576,0.0047889217507824855,0.013297875870023882,0.010271940516734348,0.0026595751740047763,0.005135970258367174,0.021225360184774004,0.01807180168039374,0.004245072036954801,0.00903590084019687,0.025390611018373484,0.012391072696732522,0.005078122203674697,0.006195536348366261
1747,0.4,0.0,5.0,2.0,2,5.0,2.0000000000000004,0.008309932877743948,0.009577336929607334,0.0016619865755487895,0.004788668464803666,0.01333745068960768,0.010276770787579074,0.002667490137921536,0.005138385393789536,0.021225769475018186,0.018053545035693445,0.004245153895003637,0.009026772517846721,0.030833877298723774,0.01405523382491612,0.006166775459744755,0.007027616912458058
1747,0.4,0.0,5.0,2.0,3,5.000000000000002,2.0000000000000004,0.00829112710727984,0.009584498273007896,0.0016582254214559675,0.004792249136503947,0.0132720710118338,0.010273854490301229,0.002654414202366759,0.005136927245150614,0.02120841535319089,0.0180593219555681,0.004241683070638176,0.009029660977784048,0.011589640346067893,0.012217630934494439,0.002317928069213578,0.0061088154672472176
1747,0.4,0.0,5.0,5.0,0,5.0,4.999999999999999,0.008085556857124662,0.009484293007130043,0.0016171113714249323,0.0018968586014260088,0.01308382842289724,0.010140355535007554,0.002616765684579448,0.002028071107001511,0.020906483594763905,0.01789736621082232,0.004181296718952781,0.0035794732421644644,0.01776668800435653,0.009437650782934268,0.0035533376008713064,0.001887530156586854
1747,0.4,0.0,5.0,5.0,1,5.000000000000001,5.0,0.008319602229602267,0.009593149035103126,0.001663920445920453,0.001918629807020625,0.013290906653850054,0.010266375008936629,0.0026581813307700103,0.0020532750017873257,0.021262128151782817,0.018081517838943264,0.004252425630356563,0.003616303567788653,0.02541969343895011,0.012411694711797743,0.005083938687790021,0.0024823389423595486
1747,0.4,0.0,5.0,5.0,2,4.999999999999998,4.999999999999999,0.008430183113881435,0.009669065802633263,0.0016860366227762875,0.0019338131605266529,0.01332388074186772,0.010309454735465082,0.002664776148373545,0.0020618909470930167,0.021609869296377943,0.018284737125541965,0.004321973859275591,0.0036569474251083936,0.030541156901373157,0.013937566103604719,0.006108231380274633,0.0027875132207209443
1747,0.4,0.0,5.0,5.0,3,5.0,4.999999999999998,0.008285379818179561,0.00959053481669665,0.0016570759636359122,0.0019181069633393308,0.013292068099561872,0.010269812482357131,0.002658413619912374,0.002053962496471427,0.021251700238085494,0.018076689249540083,0.004250340047617099,0.003615337849908018,0.011617135938525968,0.012230182283551227,0.0023234271877051937,0.0024460364567102464
1747,0.4,0.0,10.0,2.0,0,10.0,2.0,0.008347498450103265,0.009581174652855783,0.0008347498450103265,0.0047905873264278915,0.013282933668142356,0.010270931834427587,0.0013282933668142356,0.005135465917213793,0.021164472245999884,0.018031137021177906,0.0021164472245999884,0.009015568510588953,0.017715325912528206,0.009405998384860935,0.0017715325912528207,0.004702999192430468
1747,0.4,0.0,10.0,2.0,1,10.0,1.9999999999999996,0.008291996896113728,0.00954141582661874,0.0008291996896113728,0.004770707913309371,0.013297176989940629,0.010250147044232126,0.001329717698994063,0.005125073522116064,0.021077991651785987,0.0179855923424294,0.0021077991651785987,0.008992796171214701,0.025439749419531667,0.012408238765562133,0.0025439749419531666,0.006204119382781068
1747,0.4,0.0,10.0,2.0,2,10.0,2.0000000000000004,0.008368935198382724,0.009719342891335305,0.0008368935198382725,0.0048596714456676515,0.0132038670115759,0.010312000577340781,0.0013203867011575899,0.00515600028867039,0.021577924107211384,0.018250645812479416,0.0021577924107211385,0.009125322906239706,0.03075431336967391,0.014023540079102986,0.003075431336967391,0.007011770039551491
1747,0.4,0.0,10.0,2.0,3,9.999999999999998,2.0000000000000004,0.008270504503637142,0.009570536310585555,0.0008270504503637144,0.0047852681552927765,0.013263935017039557,0.010133652526684175,0.0013263935017039559,0.005066826263342087,0.021193179275097063,0.017902045677728934,0.0021193179275097065,0.008951022838864465,0.011385211575434689,0.01207726967743957,0.0011385211575434691,0.006038634838719783
1747,0.4,0.0,10.0,5.0,0,10.0,5.0,0.00832692048319011,0.009593968755017317,0.0008326920483190109,0.0019187937510034634,0.013296111630926985,0.010269522741344935,0.0013296111630926985,0.002053904548268987,0.021183889948453775,0.018070465379344612,0.0021183889948453776,0.0036140930758689223,0.01768451979656299,0.009374857846353949,0.0017684519796562989,0.0018749715692707898
1747,0.4,0.0,10.0,5.0,1,10.0,5.0,0.008347895469217484,0.009542154626603995,0.0008347895469217484,0.001908430925320799,0.013363247757125473,0.01013347333276975,0.0013363247757125474,0.00202669466655395,0.02094604793595503,0.018040360713050548,0.002094604793595503,0.0036080721426101094,0.026018310548034274,0.01265470807007289,0.002601831054803427,0.002530941614014578
1747,0.4,0.0,10.0,5.0,2,10.000000000000004,5.0,0.00818600749253954,0.009603952567280413,0.0008186007492539538,0.0019207905134560825,0.013162915699419827,0.010256143602796463,0.001316291569941982,0.0020512287205592923,0.021317588350731817,0.018104417272539208,0.002131758835073181,0.0036208834545078416,0.031057847754865694,0.014142435224181064,0.003105784775486568,0.002828487044836213
1747,0.4,0.0,10.0,5.0,3,10.0,4.999999999999999,0.008355417640756922,0.009675894406599508,0.0008355417640756922,0.0019351788813199021,0.013413389022511692,0.010372269149259499,0.0013413389022511693,0.0020744538298519003,0.02173087977150479,0.018174990771233274,0.0021730879771504788,0.0036349981542466553,0.011706286931740712,0.012360163986736923,0.0011706286931740713,0.002472032797347385
1747,0.4,0.0,20.0,2.0,0,20.000000000000004,2.0000000000000004,0.15308662270542014,0.05331183067179423,0.007654331135271006,0.026655915335897108,0.0540853881576124,0.027142406214607142,0.0027042694078806195,0.013571203107303568,0.42425902489766176,0.1485650357432033,0.021212951244883083,0.07428251787160163,0.1891940621730284,0.07579615413697803,0.009459703108651418,0.03789807706848901
1747,0.4,0.0,20.0,2.0,1,20.000000000000004,1.9999999999999996,0.04431156924548329,0.01262964113347745,0.002215578462274164,0.006314820566738727,0.04515174712995335,0.016574826710883048,0.002257587356497667,0.008287413355441526,0.028927892701430872,0.014640933470560658,0.0014463946350715432,0.007320466735280331,0.13222289618414554,0.047047136993800635,0.006611144809207276,0.023523568496900325
1747,0.4,0.0,20.0,2.0,2,20.0,2.0,0.015924599761212566,0.009659159680612742,0.0007962299880606283,0.004829579840306371,0.015132286623844575,0.011533258425875704,0.0007566143311922288,0.005766629212937852,0.13394944698542552,0.022430052740253476,0.006697472349271276,0.011215026370126738,0.039593103652871754,0.017073039198063873,0.0019796551826435876,0.008536519599031936
1747,0.4,0.0,20.0,2.0,3,20.0,2.0,0.012859454499713046,0.012411639207199008,0.0006429727249856524,0.006205819603599504,0.015444344341762945,0.010044299700870523,0.0007722172170881472,0.005022149850435261,0.023012054992109277,0.0199328253805667,0.0011506027496054638,0.00996641269028335,0.012489353686338005,0.012896485817569416,0.0006244676843169003,0.006448242908784708
1747,0.4,0.0,20.0,5.0,0,20.0,5.0,10.188915734603494,3.7681760193242253,0.5094457867301747,0.7536352038648451,11.205726440735676,3.876992397913075,0.5602863220367837,0.775398479582615,10.692754715093413,3.6373410795940417,0.5346377357546707,0.7274682159188084,9.809111065592775,3.8775040639406844,0.49045555327963875,0.7755008127881369
1747,0.4,0.0,20.0,5.0,1,20.0,5.0,0.009132527359558136,0.010158684653390686,0.00045662636797790684,0.002031736930678137,0.014257641833535903,0.010968293422107632,0.0007128820916767951,0.0021936586844215266,0.02256810861831479,0.018662185632335695,0.0011284054309157396,0.003732437126467139,0.025711419077209956,0.012511532720514189,0.0012855709538604977,0.0025023065441028376
1747,0.4,0.0,20.0,5.0,2,20.0,4.999999999999998,7.640972956501491,0.7487084670766039,0.3820486478250745,0.14974169341532084,8.811879357992437,1.178124781564866,0.44059396789962185,0.2356249563129733,16.007569899802284,2.46141230281102,0.8003784949901143,0.49228246056220415,0.2534633938580224,0.053031442062159685,0.01267316969290112,0.010606288412431941
1747,0.4,0.0,20.0,5.0,3,20.000000000000004,5.000000000000001,0.1090114768863193,0.09808047426462363,0.005450573844315965,0.01961609485292472,0.4142838537079321,0.20158677437194536,0.0207141926853966,0.04031735487438907,1.422951442863765,0.7966754181318344,0.07114757214318825,0.15933508362636686,0.14047181034144773,0.06699567751129126,0.0070235905170723855,0.01339913550225825
1747,0.4,2.0,5.0,2.0,0,5.0,1.9999999999999996,4.815756377924076,3.6320518924839105,0.9631512755848153,1.8160259462419557,4.6258950642793115,3.8714718507511825,0.9251790128558623,1.9357359253755917,0.021166528205845848,0.01804766072891351,0.0042333056411691695,0.009023830364456756,5.9475363061668745,3.364751517491611,1.1895072612333748,1.682375758745806
1747,0.4,2.0,5.0,2.0,1,4.999999999999998,2.0000000000000004,4.815813484640905,3.6320410705070345,0.9631626969281812,1.8160205352535168,4.6259165288435335,3.871483255134853,0.925183305768707,1.935741627567426,0.02111941372624386,0.01801654789300886,0.004223882745248773,0.009008273946504428,7.193411821393854,3.4573471389857144,1.4386823642787712,1.7286735694928568
1747,0.4,2.0,5.0,2.0,2,4.999999999999999,2.0,4.815741143160445,3.6320455775977574,0.9631482286320893,1.8160227887988787,4.6258647813068565,3.87146147990609,0.9251729562613714,1.935730739953045,0.02119712817918937,0.018063905847069496,0.004239425635837875,0.009031952923534748,5.763411920339876,3.386960683538671,1.1526823840679754,1.6934803417693356
1747,0.4,2.0,5.0,2.0,3,5.0,2.0,4.815733141562629,3.6320517525987515,0.9631466283125258,1.8160258762993757,4.625873391922217,3.8714770238887377,0.9251746783844433,1.9357385119443689,0.02122610219581137,0.01807051964998232,0.004245220439162274,0.00903525982499116,0.6799905645082616,0.746629175463355,0.1359981129016523,0.3733145877316775
1747,0.4,2.0,5.0,5.0,0,5.0,5.0,4.8157674897949185,3.6320527417711794,0.9631534979589838,0.7264105483542359,4.62609079747648,3.8713782571109894,0.925218159495296,0.7742756514221979,0.021338026687261757,0.018136107583293863,0.0042676053374523515,0.0036272215166587725,5.947429525769846,3.364749946798709,1.1894859051539692,0.6729499893597418
1747,0.4,2.0,5.0,5.0,1,5.000000000000001,5.0,4.815776544902952,3.6320414811879025,0.9631553089805902,0.7264082962375805,4.625904814497737,3.8714568037648305,0.9251809628995472,0.7742913607529661,0.02123379663487713,0.018095218498009855,0.004246759326975425,0.003619043699601971,7.193405531388325,3.4573594481119674,1.4386811062776648,0.6914718896223935
1747,0.4,2.0,5.0,5.0,2,5.000000000000001,4.999999999999999,4.815782396890675,3.632044507002054,0.9631564793781349,0.7264089014004109,4.626264357777012,3.871333245702362,0.9252528715554024,0.7742666491404725,0.021434954330684562,0.018202546231783537,0.004286990866136911,0.003640509246356708,5.763340954091747,3.387001070015094,1.1526681908183491,0.6774002140030189
1747,0.4,2.0,5.0,5.0,3,4.999999999999998,4.999999999999998,4.81579060785577,3.63205037525571,0.9631581215711543,0.7264100750511423,4.625848738233198,3.8714651682206824,0.9251697476466398,0.7742930336441367,0.021154055272928535,0.018028498220058888,0.0042308110545857085,0.0036056996440117788,0.6800865085498674,0.7466196782731915,0.13601730170997353,0.14932393565463836
1747,0.4,2.0,10.0,2.0,0,10.0,2.0,4.815775669704606,3.6320450969672686,0.4815775669704606,1.8160225484836343,4.625998134861297,3.8714246008172912,0.4625998134861297,1.9357123004086456,0.021675913280024633,0.01828755790117235,0.0021675913280024633,0.009143778950586176,5.947421936312743,3.3647385142615565,0.5947421936312743,1.6823692571307782
1747,0.4,2.0,10.0,2.0,1,10.000000000000002,2.0,4.815791917643857,3.6320404997778626,0.4815791917643856,1.8160202498889313,4.625895317184806,3.871466497664558,0.46258953171848055,1.935733248832279,0.020928541962917418,0.017900345369036966,0.0020928541962917414,0.008950172684518483,7.19332877252077,3.457347260486716,0.7193328772520768,1.728673630243358
1747,0.4,2.0,10.0,2.0,2,10.000000000000002,2.0,4.815838738516755,3.632051010922423,0.4815838738516754,1.8160255054612116,4.626366019375382,3.8712741158482387,0.46263660193753814,1.9356370579241193,0.01968008422722382,0.017239245734500343,0.0019680084227223817,0.008619622867250171,5.763369642470427,3.387055589756707,0.5763369642470426,1.6935277948783536
1747,0.4,2.0,10.0,2.0,3,10.000000000000002,2.0,4.815605069208605,3.632010170137124,0.4815605069208604,1.816005085068562,4.626460092097457,3.8712251988996966,0.4626460092097456,1.9356125994498483,0.02091007473525035,0.01763153298684358,0.002091007473525035,0.00881576649342179,0.679885305000282,0.7466626996032492,0.06798853050002819,0.3733313498016246
1747,0.4,2.0,10.0,5.0,0,9.999999999999998,4.999999999999999,4.815739894368102,3.632047242437799,0.4815739894368103,0.72640944848756,4.6262917632169955,3.8712809350725874,0.46262917632169964,0.7742561870145176,0.020393032120343133,0.017457734005165502,0.002039303212034314,0.0034915468010331013,5.947446528224673,3.364750600954028,0.5947446528224675,0.6729501201908057
1747,0.4,2.0,10.0,5.0,1,9.999999999999998,4.999999999999998,4.815741608726833,3.632054205374963,0.48157416087268345,0.7264108410749929,4.625873051564693,3.87145954311356,0.4625873051564694,0.7742919086227122,0.021307150226075933,0.01812065420258819,0.002130715022607594,0.003624130840517639,7.1933847163027576,3.4573559699524217,0.7193384716302759,0.6914711939904846
1747,0.4,2.0,10.0,5.0,2,10.000000000000002,5.000000000000002,4.817527622261767,3.632289409656193,0.4817527622261766,0.7264578819312384,4.630806518601081,3.869570827515873,0.463080651860108,0.7739141655031744,0.039225536685344606,0.010743563655161164,0.00392255366853446,0.0021487127310322322,5.764544407560832,3.3863699858275482,0.5764544407560831,0.6772739971655094
1747,0.4,2.0,10.0,5.0,3,10.0,5.0,4.815827957205763,3.6320480253541456,0.48158279572057633,0.7264096050708291,4.626097130467254,3.8713952936262928,0.4626097130467254,0.7742790587252586,0.020549298897016816,0.017747670257627354,0.0020549298897016817,0.0035495340515254705,0.6805614137923849,0.7467926363340619,0.06805614137923849,0.14935852726681237
1747,0.4,2.0,20.0,2.0,0,20.0,2.0000000000000004,4.907698131372325,3.6573469712553432,0.24538490656861628,1.8286734856276712,4.923539430874787,3.7942765070126487,0.24617697154373935,1.897138253506324,1.5802890518110375,0.6064441398872317,0.07901445259055187,0.3032220699436158,5.939547537426699,3.3627738743272984,0.29697737687133496,1.6813869371636487
1747,0.4,2.0,20.0,2.0,1,20.0,1.9999999999999996,6.811939639054607,3.6033899261411304,0.34059698195273036,1.8016949630705656,8.674391120974564,4.239986452936256,0.4337195560487282,2.1199932264681283,5.3384275168726685,1.2986825277632046,0.2669213758436334,0.6493412638816024,7.2969891544621355,3.473959455165393,0.3648494577231068,1.736979727582697
1747,0.4,2.0,20.0,2.0,2,20.0,2.0000000000000004,4.81582902763081,3.632033944339132,0.2407914513815405,1.8160169721695656,4.623785025013263,3.871849226908332,0.23118925125066317,1.9359246134541657,0.021036475021840483,0.017990486824768132,0.0010518237510920242,0.008995243412384064,5.761123826217731,3.3887714493390795,0.28805619131088656,1.6943857246695393
1747,0.4,2.0,20.0,2.0,3,20.0,1.9999999999999996,4.81592400103265,3.6320914163031044,0.24079620005163252,1.8160457081515526,4.631110269786733,3.869586215713974,0.23155551348933665,1.9347931078569875,0.04307916482739825,0.02215138625978268,0.0021539582413699124,0.011075693129891342,0.4831453397890197,0.620486383543625,0.024157266989450983,0.31024319177181253
1747,0.4,2.0,20.0,5.0,0,19.999999999999996,5.000000000000001,15.752299659596389,8.194351230382566,0.7876149829798196,1.6388702460765128,18.439113736516575,8.497591097336938,0.9219556868258288,1.6995182194673875,20.032582598151006,4.686904197224866,1.0016291299075504,0.9373808394449731,16.351619978034964,7.869149808373967,0.8175809989017484,1.573829961674793
1747,0.4,2.0,20.0,5.0,1,20.0,5.0,5.633241965109036,3.7613854855706714,0.2816620982554518,0.7522770971141343,6.508931272920764,4.283575579946612,0.3254465636460382,0.8567151159893225,2.1345308076007496,1.0111808211721989,0.10672654038003748,0.20223616423443977,7.5091377714814564,3.57192202621602,0.37545688857407283,0.714384405243204
1747,0.4,2.0,20.0,5.0,2,20.0,5.0,4.855973160799919,3.6459600711480618,0.24279865803999595,0.7291920142296123,5.26464392547642,3.8747988377420124,0.263232196273821,0.7749597675484025,0.2814264180963576,0.1439473750861762,0.01407132090481788,0.02878947501723524,7.592013607519112,3.6868003166739443,0.3796006803759556,0.7373600633347889
1747,0.4,2.0,20.0,5.0,3,19.999999999999993,4.999999999999999,5.66966033240272,4.012102640190589,0.2834830166201361,0.8024205280381179,6.109147264146939,4.1899961292944825,0.30545736320734707,0.8379992258588966,3.886070226117989,3.271176051509594,0.1943035113058995,0.6542352103019189,9.049818694521415,5.287084974277494,0.4524909347260709,1.057416994855499
1747,0.4,5.0,5.0,2.0,0,5.0,1.9999999999999996,9.491811369084127,10.247067214332615,1.8983622738168253,5.1235336071663085,10.986884170773878,11.756048698776107,2.1973768341547757,5.878024349388054,0.02129531197468217,0.018110762884229,0.0042590623949364335,0.009055381442114502,10.719843956941666,11.470588594843099,2.143968791388333,5.73529429742155
1747,0.4,5.0,5.0,2.0,1,5.0,1.9999999999999996,9.15524229973457,10.058073898164267,1.8310484599469141,5.029036949082134,10.030783197023961,11.398706914813085,2.006156639404792,5.699353457406543,0.02121662019702974,0.018075551646659443,0.004243324039405948,0.009037775823329723,14.009932018060017,12.1067513314444,2.8019864036120032,6.053375665722202
1747,0.4,5.0,5.0,2.0,2,4.999999999999999,1.9999999999999996,9.435958894726658,10.220358353345393,1.887191778945332,5.110179176672697,10.91776708651751,11.742388389028264,2.1835534173035023,5.871194194514133,0.02126982550230196,0.01809446651613638,0.004253965100460393,0.009047233258068192,13.876824364876924,12.106698396567454,2.7753648729753855,6.053349198283729
1747,0.4,5.0,5.0,2.0,3,5.0,2.0,9.536938288062435,10.263974585662181,1.907387657612487,5.131987292831091,11.005883540030274,11.761434388794562,2.201176708006055,5.880717194397281,0.021263697439890136,0.018059473741565538,0.004252739487978027,0.009029736870782769,1.7229061715512415,2.272756382650583,0.3445812343102483,1.1363781913252915
1747,0.4,5.0,5.0,5.0,0,5.0,5.0,7.923567296445179,8.93559656763917,1.5847134592890357,1.787119313527834,5.736949060714259,7.397175775719506,1.1473898121428516,1.4794351551439013,0.021225262316616072,0.018063615174843905,0.004245052463323214,0.003612723034968781,10.491550286184392,11.436711039269445,2.0983100572368785,2.287342207853889
1747,0.4,5.0,5.0,5.0,1,5.0,4.999999999999999,9.15068470307679,10.048576436901131,1.830136940615358,2.0097152873802266,10.421097214162474,11.577513100233558,2.0842194428324947,2.315502620046712,0.021386258843384368,0.01813406104842513,0.004277251768676873,0.0036268122096850264,14.02859551069635,12.103157997103256,2.8057191021392702,2.4206315994206515
1747,0.4,5.0,5.0,5.0,2,5.0,5.000000000000002,9.141924380740054,10.031204318409822,1.8283848761480108,2.0062408636819637,9.267970442443922,10.896564748650153,1.8535940884887843,2.1793129497300296,0.021182793227646712,0.01807180996586985,0.004236558645529342,0.003614361993173969,13.741068190821776,12.07263132294705,2.7482136381643554,2.414526264589409
1747,0.4,5.0,5.0,5.0,3,5.0,5.000000000000001,9.473035087360945,10.230164161617578,1.894607017472189,2.0460328323235153,10.961860058663117,11.750335388204862,2.1923720117326235,2.350067077640972,0.021191740845361507,0.018071129990106596,0.004238348169072302,0.0036142259980213184,1.6989746664764735,2.25298053132818,0.3397949332952947,0.45059610626563595
1747,0.4,5.0,10.0,2.0,0,10.0,1.9999999999999996,9.520817132102861,10.254804152591785,0.9520817132102861,5.127402076295893,10.976112172994853,11.74968885146352,1.0976112172994852,5.8748444257317605,0.021272944991694007,0.01813881032508389,0.0021272944991694008,0.009069405162541946,10.712952732592855,11.470370957006763,1.0712952732592855,5.735185478503382
1747,0.4,5.0,10.0,2.0,1,10.0,2.0000000000000004,8.598651785162831,9.559135036126724,0.8598651785162831,4.779567518063361,8.867462755747498,10.575935826612604,0.8867462755747498,5.287967913306301,0.02115725386673836,0.018033709625097226,0.002115725386673836,0.009016854812548611,14.042461963744033,12.117479320402893,1.4042461963744033,6.058739660201445
1747,0.4,5.0,10.0,2.0,2,10.0,1.9999999999999996,8.109339017063032,9.070623966493663,0.8109339017063032,4.5353119832468325,8.022797152747682,9.80064835261007,0.8022797152747682,4.900324176305036,0.02120619773484722,0.018070161187805835,0.0021206197734847223,0.009035080593902919,14.446232724391047,12.31456901666161,1.4446232724391046,6.1572845083308065
1747,0.4,5.0,10.0,2.0,3,10.0,1.9999999999999991,9.894466021836717,10.404044605645026,0.9894466021836716,5.202022302822516,11.168202963954986,11.787517175487439,1.1168202963954985,5.893758587743722,0.02340489216252126,0.019234754662159938,0.002340489216252126,0.009617377331079972,1.9509235672075442,2.4653256985722356,0.19509235672075442,1.2326628492861182
1747,0.4,5.0,10.0,5.0,0,9.999999999999996,5.0,8.70471873577625,9.919474583354553,0.8704718735776253,1.9838949166709106,9.656839562061855,11.435060817736879,0.9656839562061857,2.287012163547376,0.020874873508452033,0.017302349393997198,0.002087487350845204,0.0034604698787994393,10.503068543301488,11.455858883163119,1.0503068543301493,2.291171776632624
1747,0.4,5.0,10.0,5.0,1,9.999999999999998,5.0,9.460580741935527,10.233124080598264,0.9460580741935528,2.0466248161196527,10.91413314379961,11.741317210772205,1.0914133143799611,2.3482634421544413,0.021199551397505723,0.018053007361869752,0.002119955139750573,0.0036106014723739505,14.032481123066892,12.10677472661038,1.4032481123066896,2.421354945322076
1747,0.4,5.0,10.0,5.0,2,10.0,5.0,9.376282102280708,10.180064705292502,0.9376282102280709,2.0360129410585004,10.886407106163754,11.730596819103098,1.0886407106163754,2.3461193638206197,0.02108713874462403,0.018008063466398366,0.002108713874462403,0.003601612693279673,13.967778064996724,12.136578017266753,1.3967778064996723,2.4273156034533505
1747,0.4,5.0,10.0,5.0,3,9.999999999999998,4.999999999999999,7.88239738363547,8.764776422696974,0.7882397383635471,1.752955284539395,9.297527594392406,10.83590259423843,0.9297527594392407,2.1671805188476863,0.02034536878092897,0.017400612601700272,0.0020345368780928974,0.003480122520340055,1.503959846651692,2.088872639411139,0.1503959846651692,0.41777452788222785
1747,0.4,5.0,20.0,2.0,0,20.0,1.9999999999999996,7.005216448798013,8.428251245024493,0.35026082243990064,4.214125622512247,14.164260980054035,12.433534066730177,0.7082130490027018,6.21676703336509,12.336262865409747,1.510360647464592,0.6168131432704873,0.7551803237322963,11.056260475704144,11.481096766589124,0.5528130237852072,5.740548383294563
1747,0.4,5.0,20.0,2.0,1,19.999999999999996,2.0,8.768330203407693,9.884167635815006,0.43841651017038474,4.942083817907503,9.474626042376332,11.284384837225709,0.4737313021188167,5.642192418612854,0.02084688385612941,0.01787863649577619,0.0010423441928064706,0.008939318247888095,13.882124859024708,12.117114079278677,0.6941062429512356,6.0585570396393384
1747,0.4,5.0,20.0,2.0,2,20.000000000000004,2.0,9.841626581866256,10.710757427629758,0.4920813290933127,5.355378713814879,12.0484509044662,11.514027997665595,0.60242254522331,5.7570139988327975,4.68331196740149,1.9758228976040206,0.23416559837007447,0.9879114488020103,13.565999519468727,11.912113696587593,0.6782999759734363,5.956056848293796
1747,0.4,5.0,20.0,2.0,3,20.0,2.0,11.47990731152612,10.618705845097184,0.5739953655763059,5.309352922548592,13.203488185399172,11.819773826357464,0.6601744092699586,5.909886913178732,0.024543006831103237,0.020900916764217316,0.001227150341555162,0.010450458382108658,2.410641141667892,3.143998037485145,0.12053205708339461,1.5719990187425725
1747,0.4,5.0,20.0,5.0,0,20.0,5.0,9.421449859138535,10.222005725303168,0.47107249295692677,2.0444011450606334,10.94885322238552,11.75641489578086,0.547442661119276,2.351282979156172,0.020667469968402456,0.017748821538775883,0.0010333734984201229,0.0035497643077551768,10.711318224523756,11.470352091561873,0.5355659112261878,2.2940704183123746
1747,0.4,5.0,20.0,5.0,1,20.0,4.999999999999999,10.196615417969573,7.669613172190248,0.5098307708984786,1.5339226344380499,13.177674607887354,11.20367841685064,0.6588837303943678,2.2407356833701284,5.634464385828505,2.513844651274273,0.28172321929142524,0.5027689302548547,13.26712439292332,11.85573683807895,0.663356219646166,2.3711473676157904
1747,0.4,5.0,20.0,5.0,2,19.999999999999996,5.000000000000001,13.655005814157747,10.867702953449012,0.6827502907078874,2.173540590689802,13.878550784320522,11.79962250965056,0.6939275392160262,2.3599245019301116,0.15906282540416786,0.04070088721104326,0.007953141270208394,0.00814017744220865,14.002802522367691,11.982177950822662,0.7001401261183847,2.396435590164532
1747,0.4,5.0,20.0,5.0,3,19.999999999999996,4.999999999999999,17.888609689505156,12.970520332150409,0.894430484475258,2.594104066430082,16.686394193203125,13.420952169804442,0.8343197096601563,2.684190433960889,17.356662343747956,7.242499647920231,0.867833117187398,1.4484999295840464,13.956341187717731,5.1462903158340545,0.6978170593858867,1.0292580631668111
1747,0.4,10.0,5.0,2.0,0,5.0,2.0,6.5041517600119265,6.093886010293682,1.3008303520023854,3.046943005146841,1.2643452399430102,1.3816419590012967,0.25286904798860205,0.6908209795006484,0.021132854622776497,0.018003437047538533,0.004226570924555299,0.009001718523769266,16.740705255838314,10.806487897583283,3.348141051167663,5.4032439487916415
1747,0.4,10.0,5.0,2.0,1,4.999999999999999,2.0000000000000004,6.068870248969293,5.727466057941582,1.2137740497938587,2.8637330289707905,1.1947458538733682,1.3254161389704942,0.23894917077467367,0.662708069485247,0.021218091927301192,0.018065773288840497,0.0042436183854602395,0.009032886644420247,27.824684839874312,12.28723242252885,5.564936967974863,6.1436162112644235
1747,0.4,10.0,5.0,2.0,2,5.0,2.0,8.76585803958429,8.07265349447113,1.7531716079168578,4.036326747235565,3.136094205183205,3.2859707185567673,0.627218841036641,1.6429853592783836,0.021172118202489723,0.01804103577530229,0.004234423640497945,0.009020517887651146,26.1463287292665,13.197564757686266,5.2292657458533,6.598782378843133
1747,0.4,10.0,5.0,2.0,3,5.000000000000001,2.0,6.223673117498889,5.89033166506558,1.2447346234997776,2.94516583253279,1.2338449615398888,1.3732916341610797,0.24676899230797772,0.6866458170805398,0.021194743926370375,0.018068175637178958,0.004238948785274074,0.009034087818589479,1.1833592175772336,1.6328972542054645,0.23667184351544668,0.8164486271027322
1747,0.4,10.0,5.0,5.0,0,5.0,5.000000000000001,6.573784825765372,6.128287839310247,1.3147569651530744,1.2256575678620492,1.2679512147029661,1.3804050153412275,0.25359024294059324,0.27608100306824546,0.021170044125003035,0.018036188696655995,0.004234008825000607,0.0036072377393311984,16.414631447569718,10.617851734943798,3.2829262895139437,2.1235703469887595
1747,0.4,10.0,5.0,5.0,1,4.999999999999999,5.0,7.3815529042405315,6.8674820435634345,1.4763105808481065,1.3734964087126869,1.4757196223820859,1.6098311689689908,0.29514392447641724,0.3219662337937982,0.021248887957548503,0.018066502955832463,0.004249777591509701,0.0036133005911664928,32.75204790384666,15.037109767462228,6.550409580769333,3.007421953492446
1747,0.4,10.0,5.0,5.0,2,4.999999999999998,5.000000000000002,5.254005397666734,5.066930646937578,1.0508010795333471,1.0133861293875153,1.1573920527867272,1.2986441379558855,0.23147841055734553,0.259728827591177,0.021237777616000646,0.01808753923274583,0.004247555523200131,0.0036175078465491644,17.337367697862867,9.186936221832635,3.4674735395725746,1.8373872443665265
1747,0.4,10.0,5.0,5.0,3,4.999999999999997,4.999999999999998,7.353482991362469,6.8397117601798305,1.4706965982724947,1.3679423520359666,1.5807577121019012,1.7169290462615807,0.3161515424203804,0.34338580925231627,0.02126463246642978,0.018083841962247004,0.004252926493285958,0.003616768392449402,1.1833651486911383,1.632881248945305,0.2366730297382278,0.32657624978906113
1747,0.4,10.0,10.0,2.0,0,9.999999999999998,1.9999999999999996,5.284365359384932,5.0486616077620114,0.5284365359384933,2.524330803881006,1.287221895942503,1.4040714839074844,0.12872218959425033,0.7020357419537423,0.021516264543123834,0.01818442951717582,0.002151626454312384,0.009092214758587912,14.219568171751865,8.085689558954464,1.4219568171751868,4.042844779477233
1747,0.4,10.0,10.0,2.0,1,10.000000000000002,1.9999999999999996,5.858925643288661,5.59322834768781,0.5858925643288659,2.7966141738439054,1.3628031423115257,1.5647197131503872,0.13628031423115256,0.7823598565751938,0.021043221070749855,0.017962362859393472,0.002104322107074985,0.008981181429696738,27.74330256349559,12.016603257372397,2.7743302563495584,6.0083016286862
1747,0.4,10.0,10.0,2.0,2,10.000000000000002,2.0,8.415264177631862,7.7665703603351215,0.841526417763186,3.8832851801675607,4.007374616997831,4.163541984653583,0.400737461699783,2.0817709923267915,0.02094012275339712,0.017943372316426766,0.0020940122753397117,0.008971686158213383,25.864463748499425,12.521585662059815,2.586446374849942,6.2607928310299075
1747,0.4,10.0,10.0,2.0,3,10.0,2.0,4.032512865448211,4.184042912904587,0.4032512865448211,2.0920214564522936,1.353338403041054,1.7244045945502735,0.1353338403041054,0.8622022972751368,0.021479400854999255,0.018010035458623775,0.0021479400854999254,0.009005017729311888,1.185086792657119,1.6341202132185981,0.11850867926571189,0.8170601066092991
1747,0.4,10.0,10.0,5.0,0,10.0,5.0,5.96849177281016,5.680434498146588,0.596849177281016,1.1360868996293176,1.6222724537588997,1.8194450704632712,0.16222724537588998,0.36388901409265423,0.02140030480783632,0.018111649394256666,0.002140030480783632,0.0036223298788513334,15.67132042031831,8.859263658236245,1.5671320420318309,1.771852731647249
1747,0.4,10.0,10.0,5.0,1,10.0,5.0,12.104973224428882,10.322655110689583,1.210497322442888,2.0645310221379165,7.469857965829392,7.220192092221565,0.7469857965829392,1.4440384184443131,0.014194587115413233,0.01340280235152456,0.0014194587115413232,0.002680560470304912,36.436841229567534,14.472391613132283,3.6436841229567536,2.8944783226264565
1747,0.4,10.0,10.0,5.0,2,10.0,4.999999999999999,7.230257009486892,6.68461850539991,0.7230257009486892,1.3369237010799822,1.3854067877421326,1.4850765454573776,0.13854067877421325,0.29701530909147555,0.021320647565322245,0.01812039280751773,0.0021320647565322244,0.0036240785615035465,22.76988331974947,11.455230286239127,2.2769883319749473,2.2910460572478257
1747,0.4,10.0,10.0,5.0,3,9.999999999999998,4.999999999999999,6.58312007080528,6.231285941289092,0.6583120070805281,1.2462571882578186,2.1958928736909087,2.5323118565923943,0.21958928736909092,0.5064623713184789,0.02091310462850392,0.017920332514678085,0.0020913104628503924,0.0035840665029356175,1.1838108617386667,1.6331629531213072,0.1183810861738667,0.3266325906242615
1747,0.4,10.0,20.0,2.0,0,20.0,2.0,15.841287790397212,2.698624059456763,0.7920643895198606,1.3493120297283816,8.476047696562908,3.7139118202394625,0.4238023848281454,1.8569559101197313,10.13300884236233,2.672186560793863,0.5066504421181165,1.3360932803969314,4.453874489450387,4.668155070271161,0.22269372447251934,2.3340775351355805
1747,0.4,10.0,20.0,2.0,1,20.0,1.9999999999999996,24.32234347977801,17.351218767783365,1.2161171739889005,8.675609383891684,20.561381571477867,15.181174902507873,1.0280690785738933,7.590587451253938,0.037211196448366485,0.0070616248262500465,0.0018605598224183243,0.003530812413125024,37.879781035903584,17.29278505813797,1.8939890517951792,8.646392529068986
1747,0.4,10.0,20.0,2.0,2,20.000000000000004,1.9999999999999996,24.106423061062912,11.12530103516771,1.2053211530531454,5.562650517583856,18.219910302023855,8.926250986051443,0.9109955151011926,4.463125493025722,7.880024495460654,1.7013331649851253,0.3940012247730327,0.8506665824925629,41.207051375466335,10.946813769253104,2.0603525687733164,5.473406884626553
1747,0.4,10.0,20.0,2.0,3,19.999999999999996,2.0,20.698924299841895,6.183305441956968,1.034946214992095,3.091652720978484,18.43804421177333,7.1588708153858835,0.9219022105886667,3.5794354076929418,20.41994886470539,7.388309096171416,1.0209974432352698,3.694154548085708,17.674394515465135,5.97932595321015,0.8837197257732569,2.989662976605075
1747,0.4,10.0,20.0,5.0,0,19.999999999999996,4.999999999999998,9.107702361185359,8.342536399648388,0.455385118059268,1.6685072799296783,2.857849639912762,2.938380206160149,0.14289248199563814,0.58767604123203,0.02115695270639843,0.01804988670583246,0.0010578476353199217,0.0036099773411664934,22.287410301597003,16.365393829461063,1.1143705150798504,3.2730787658922136
1747,0.4,10.0,20.0,5.0,1,20.0,5.000000000000001,23.546629944149778,18.37280690169995,1.1773314972074889,3.674561380339989,17.868295440567405,16.615698547591133,0.8934147720283703,3.3231397095182262,2.27613159432118,0.5082793878163946,0.11380657971605901,0.1016558775632789,30.55926355541968,13.81534991945057,1.527963177770984,2.7630699838901136
1747,0.4,10.0,20.0,5.0,2,20.0,5.0,8.865411790358628,8.994156708700064,0.4432705895179314,1.7988313417400128,17.02773092355947,10.537786825892956,0.8513865461779735,2.1075573651785913,25.52165358642211,5.52376359334068,1.2760826793211055,1.104752718668136,29.9717549258731,12.264843033083391,1.498587746293655,2.452968606616678
1747,0.4,10.0,20.0,5.0,3,19.999999999999996,5.0,21.28773566651215,14.633155881491726,1.0643867833256078,2.9266311762983452,15.389674083606392,14.967139353421079,0.7694837041803197,2.993427870684216,17.241721727446805,5.923461916731664,0.8620860863723404,1.1846923833463328,15.725609420385187,6.877058639286799,0.7862804710192595,1.3754117278573599
