frame,stem,n_valid,n_removed,removed_frac,depth_med_masked,n_null,n_dmatch,overlap_med,lam_all,logdet_all,lam_gt,logdet_gt,lam_null_med,lam_null_q05,logdet_null_med,logdet_null_q05,lam_ctrl,logdet_ctrl,lam_dmatch_med,lam_dmatch_q05
1,1548266530.54122,260551,3419,0.0131221910489693,3.063999891281128,32,32,0.0,1756137.0913884905,101.33661280312641,1743874.1607614134,101.23679643141082,1743212.569619689,1717140.7651151447,101.28728017466761,101.22851629090007,1748136.6935967102,101.28564582890603,1750536.795674545,1714416.7537918533
2,1548266530.57459,261947,4466,0.017049250420886668,3.1489999294281006,32,32,0.0003499348958333333,1827746.5613983565,101.65191843397062,1804823.848836758,101.51367193978965,1812826.372865751,1760313.6777739697,101.57424542272561,101.51758983125362,1799490.4540739153,101.57972664474823,1810113.21758252,1768568.1246709311
3,1548266530.60794,259790,5964,0.02295700373378498,3.0920000076293945,32,32,0.0005240885416666666,1799719.8156138558,102.01202883461272,1779942.7789300403,101.8179926844513,1788443.071169037,1705686.5593929165,101.91181589645241,101.82167126505826,1757124.4392365636,101.87949043625686,1785592.145760083,1745298.5939670575
4,1548266530.64131,260975,6010,0.023029025768751796,3.23799991607666,32,32,0.00072265625,1794888.2903835317,101.743011793911,1772660.8373385465,101.58077905270017,1766038.293449704,1722729.2917380254,101.63443767203039,101.54655486672902,1750342.2087433655,101.63098262245578,1779921.4359488562,1743714.4818076596
5,1548266530.67466,262979,6520,0.02479285418227311,3.0920000076293945,32,32,0.000703125,1721027.2386780386,100.92495597790477,1699326.8798768506,100.76850176860441,1700496.401364957,1595563.9505104823,100.82087575822382,100.67459797478044,1699538.2573132394,100.83523940550751,1700958.0965455123,1665709.1101034961
6,1548266530.74138,260652,6200,0.023786504611512667,3.3329999446868896,32,32,0.00043131510416666665,1619986.7637023071,101.84839627131002,1593592.6697534646,101.65169889489405,1595300.3276292216,1542730.9783738335,101.74876076783764,101.6737755786557,1608594.778282579,101.7868991958958,1596055.5682540028,1560032.9070675115
7,1548266530.77475,259431,1598,0.006159633968184219,3.365000009536743,32,32,0.0,1784755.1394386855,102.44875806747241,1771717.0853080063,102.37328336873628,1780123.918820431,1753881.955220184,102.42507483602611,102.39081962075565,1780250.948170654,102.42977824782497,1779921.0359552237,1764995.977574464
8,1548266530.80811,261395,4714,0.018034009831863654,3.0369999408721924,32,32,2.9296875e-05,1808708.2217641356,101.60775885844716,1782513.8845922472,101.4717334753133,1790388.4304964833,1620565.9246339612,101.52331691110592,101.31933254789323,1803878.6001459542,101.55788177028853,1798869.2427356895,1759528.7663226663
9,1548266530.84148,260011,3560,0.013691728426874248,3.1489999294281006,32,32,0.0,1995980.6339851618,102.7585241290239,1972984.1802457934,102.64145353870778,1983458.6057386324,1947213.687649,102.7013826463558,102.6140614501092,1989481.409021008,102.67687770841798,1981429.713174755,1929499.5438582709
10,1548266530.87485,258401,1527,0.005909419855186319,3.4679999351501465,32,32,0.0,2028437.1598515613,102.93050251928892,2020256.8285234992,102.87562836400174,2019265.247685716,2009853.821009688,102.89918983878091,102.87464647786156,2016097.6052609803,102.89298274102603,2020141.1095110828,1992518.5751779382
11,1548266530.90822,260230,616,0.0023671367636321715,3.3989999294281006,32,32,0.0,1932555.813832218,102.45137811442805,1931475.814792275,102.4376198116438,1931222.149824701,1926208.1898354797,102.4439528681105,102.42989123112191,1931253.8612818574,102.4338243612669,1931755.796802471,1926421.418392634
16,1548266531.10844,260118,1017,0.003909764030170923,3.4679999351501465,32,32,0.0,1702847.2505313384,102.09469410101813,1689746.7990726877,102.0374361119705,1700266.84133371,1686882.9034970845,102.0741776500137,102.05157963418712,1698869.6348505667,102.07137410386636,1698431.8368999446,1678717.5537291947
20,1548266531.27527,262143,2402,0.009162937785864966,3.134500026702881,32,32,0.0,1663153.1012958093,102.04293743771322,1647801.440833094,101.93578273942748,1653163.8801870875,1608453.1738789983,102.00574407447778,101.9589897063017,1660740.1082236893,102.02608635016477,1655936.6538227801,1630587.7066592956
21,1548266531.30863,260953,2063,0.007905638180055413,3.2079999446868896,32,32,0.0,1752860.1310330497,101.84572467724783,1748298.1871842006,101.79255297724575,1743865.9690758474,1720866.1838954499,101.80847614454406,101.75682570575627,1744404.214596119,101.81422706944039,1746388.074610354,1730998.0227732735
22,1548266531.34198,263016,4742,0.01802932141010433,3.1489999294281006,32,32,0.0004947916666666666,1504193.0454545496,101.2438125889092,1493568.899692144,101.10812328564242,1491767.5767199155,1477507.7708411356,101.16340418072622,101.10533527378308,1498982.1088715214,101.20853605732154,1494299.4059185232,1480798.4167569974
23,1548266531.37534,263468,5105,0.0193761671246603,3.009999990463257,32,32,0.0007194010416666667,1404939.9671877439,100.83898227152106,1386249.62074721,100.67337243259162,1394111.543687479,1384593.8914968255,100.75754687117994,100.68595167144075,1387030.135600888,100.70022109023301,1395290.9948331919,1386307.182008982
24,1548266531.44208,264110,51975,0.1967930029154519,1.6799999475479126,32,32,0.1181884765625,1467774.1286974906,100.98198970774354,347471.18588767684,96.5828827454902,911080.8437882364,616583.5705983123,98.97577070247061,98.09160843651885,1069798.6311237537,99.54597505700741,912179.7484988075,433666.19635762216
25,1548266531.47545,263348,53721,0.2039924358643316,1.6799999475479126,32,32,0.08999837239583333,1501031.635904373,101.20334873271743,358922.4225254391,96.94522759292593,1013964.2366759196,688373.0801717932,99.60608963643202,98.48168500939083,1066740.6859856641,99.7567669526415,787909.1649037497,556879.3488666064
26,1548266531.50882,263433,52995,0.20117069615424035,1.6799999475479126,32,32,0.100400390625,1584844.946696539,101.31904043420585,418637.95501811994,97.38116187074705,1054911.5437597064,661258.7614851341,99.63093765924812,98.2875212025586,998298.0237000462,99.37122634470302,958918.7776546717,720248.5902350913
27,1548266531.54220,263381,52681,0.20001822454922716,1.6799999475479126,32,32,0.10347493489583334,1718883.0676180045,101.71905097644182,480880.10608828266,97.84522733535603,1170100.9767657928,791219.1578984399,99.96004304641957,98.55990899243628,1022096.3734467794,99.50477696793286,1108659.1316420278,603987.7844150965
28,1548266531.57557,262527,52795,0.20110312463099034,1.6799999475479126,32,32,0.10555989583333333,1638053.603943362,101.6045721047987,465219.5694288632,97.8612715865242,1144436.2692963118,756476.3592808186,99.95482897421121,98.73385824142983,1236267.108585311,100.33871159117982,1094745.0041536782,593970.4388858972
29,1548266531.64230,261827,51833,0.19796659626394528,1.6799999475479126,32,32,0.08864095052083333,2192446.5457838746,102.33000210309736,1205359.8460573154,99.73321973697678,1671678.246200319,1420399.3573274836,100.95634152627508,100.16962881975903,1600924.0268954376,100.7323353757196,1587137.561670395,1457291.5899680618
30,1548266531.67567,260532,54349,0.20860777179002962,1.6799999475479126,32,32,0.095302734375,2511724.421482932,102.61970654316534,1409386.2236836886,99.8876840506039,1876974.6700767404,1617788.091672072,101.19304378672788,100.23151881076457,1755466.2400160308,100.6181256803461,1979739.4157442902,1660702.130256764
31,1548266531.70904,260451,51827,0.19898944523154066,1.6799999475479126,32,32,0.10837076822916666,2795305.0963070206,102.9211043844785,1763900.3912016007,100.63558572821447,2181542.3399181077,2029981.8659607477,101.60371474615447,101.25962592865514,2375615.305523851,101.9280408502735,2170352.8676898913,1918023.8073162588
32,1548266531.74239,261428,52510,0.20085836253193995,1.6799999475479126,32,32,0.10662109375,2996360.816171657,102.97794865906275,1982289.2721519277,100.8608499452299,2385077.236320158,2231943.013271508,101.67797460494899,101.19598026253642,2391853.305341501,101.49826716494456,2416456.023747083,2264881.4871286727
33,1548266531.77576,259876,53692,0.20660622758546385,1.6959999799728394,32,32,0.09728515625,3547932.526319968,103.58688473941484,2312646.11639553,101.28925499985104,2827050.4514674293,2613559.3446632656,102.17815012542607,101.83304371857984,3054120.902398789,102.56520378364641,2886798.688445658,2628806.5899760043
34,1548266531.80913,258964,57541,0.22219690767828734,1.6319999694824219,32,32,0.120380859375,3876356.490600818,103.67095237584564,508669.9122514319,98.88103822521059,2626495.7690354288,1157928.8773583912,101.90946887638506,100.21926969811551,2821409.4474611236,101.87363858476297,2322742.0963060246,957178.3650073559
35,1548266531.87584,257549,63102,0.24500968747694613,1.6089999675750732,32,32,0.10989583333333333,4365275.910892627,103.87365856202358,373015.9900780655,98.48314944348013,2858443.0431472687,1387714.5288404005,102.21114077802403,100.55459939749917,3356690.071713501,102.2392670397083,2573646.334187966,1360661.9687715014
36,1548266531.90919,257129,65224,0.2536625584823182,1.6089999675750732,32,32,0.11479329427083333,4701768.54772263,104.0633436010573,372754.61904182984,98.20579099834725,2916068.4220921434,1846718.7271057374,102.1364860886909,100.93891236212461,1960718.3162345353,101.41037727620608,2532756.0631286222,1180188.8175566206
37,1548266531.94256,256458,63796,0.24875808124527213,1.6009999513626099,32,32,0.13013346354166666,4823676.3040267695,104.13256559503348,394708.36391830613,98.35759777027965,2663902.5110504217,1920851.6002171647,102.00122101581745,101.0594410196552,3278795.8709851797,102.15054684204935,2658528.3336248607,1773880.5474931684
38,1548266531.97590,257139,66572,0.25889499453602915,1.6160000562667847,32,32,0.13722493489583332,4767303.022039505,104.13233189638581,320272.85499558196,97.79661730014081,2370324.1410066662,1980138.5961855606,101.72579853011553,101.22014642314252,2274245.4750065305,101.69195686639242,2348962.680113418,1570084.1096683817
39,1548266532.00927,257706,60844,0.23609849984090397,1.6009999513626099,32,32,0.12614583333333335,4460225.3912192015,103.74634348381966,346724.37367668614,97.90093740414977,2325160.9206787646,1900836.6946046988,101.51900104486901,101.10344912176465,2880887.800161261,101.91582551174204,2245395.380859072,1788848.1366435075
40,1548266532.04264,258881,59273,0.2289584789922783,1.593999981880188,32,32,0.11080078125000001,4570209.027442198,103.98184124422252,396017.11325166334,98.24296590272726,2731072.779042244,2029674.5529102033,101.81355715111245,101.35889125161647,2755763.9344709725,102.11462541738811,2352796.1894341055,1792845.0617517699
41,1548266532.10938,258490,58473,0.22620991140856514,1.6009999513626099,32,32,0.1078515625,4060289.682763274,103.00140200837727,301611.462290195,96.81384660050242,2426329.6284525334,1626351.4135693852,101.0923416932094,100.07115180509508,1966632.3444020653,100.70629945474316,2020175.0246030376,1331257.905427693
42,1548266532.14277,259368,54791,0.21124811079238764,1.6089999675750732,32,32,0.11166829427083333,3972698.166457939,102.67645992479717,840465.2086638137,98.93932280398745,2240805.2441235865,1467625.5787200122,100.92295747556705,99.91185272167252,1964342.0144725395,100.62719082866232,1941016.0625820062,1409026.5508272417
43,1548266532.17614,258066,56655,0.21953686266303968,1.6239999532699585,32,32,0.11913085937500001,4116392.254801574,102.91144250480009,713202.4056667349,98.60013811202555,1597503.4071530837,1307787.6260247673,100.3538819352641,99.73278242783016,1095259.6229848478,99.34397074796051,1626901.8732571746,1374549.2012199603
44,1548266532.20949,256853,55939,0.21778604882948613,1.6239999532699585,32,32,0.12560872395833333,4203717.099552175,103.26173287337957,753868.4375276454,98.61894484483756,1679723.6579517573,1317749.7281664675,100.36985742173842,99.66529160530582,1639303.3492827397,100.3045096740317,1600976.6007607821,1447120.3884934864
45,1548266532.24286,258222,54331,0.21040422582119261,1.6160000562667847,32,32,0.10361328125,3966772.2881804374,102.88768438102875,821094.0344767751,98.41071281544384,2825740.7277307417,1314176.9067386147,101.25481515215075,99.39709069729821,3334519.8422595775,101.90361221835903,1520489.375541001,1278610.2147711765
46,1548266532.27623,257485,56332,0.21877779288113872,1.6160000562667847,32,32,0.12006184895833333,3987735.256249361,102.9549371144416,307339.4400929546,96.36217494819519,2483517.265251601,898362.6951838684,100.94988280249657,99.10508342582003,2169244.7315837573,100.74794701769335,1784419.6101548,844536.187538636
47,1548266532.34294,257930,52839,0.20485790718411973,1.6160000562667847,32,32,0.09921875,2953707.453359521,102.10181154766033,356654.2479811843,96.69379318054206,1889907.296345356,976774.2712413426,100.43812802289987,99.1685509088481,2083693.8707181201,100.53657125848946,1331422.6389380489,746319.6341032601
48,1548266532.37630,257870,58240,0.22585023461434056,1.6160000562667847,32,32,0.133271484375,3746295.7978721326,102.77533870884041,255989.86681076445,95.9832560773616,1802311.2249800693,922854.2556425852,100.3939067765846,99.1902019219394,1299526.4435887868,99.73988438148014,1682362.2177321366,877090.2249749856
49,1548266532.40967,258060,61038,0.2365263892118112,1.6160000562667847,32,32,0.14602213541666667,4217273.884964513,103.13084823434495,195494.1971780194,95.67399406650227,2147486.810324519,867108.6448475436,100.70270838200545,98.99693754316922,2316135.883472956,101.00230275387018,1966808.1159345587,896255.566285244
50,1548266532.44304,257747,58193,0.2257756637322646,1.6009999513626099,32,32,0.12210286458333333,4248635.918232937,103.08165107527398,280313.4597005823,96.38140076285922,2096885.9043158835,1362151.6814774675,100.73396765932605,99.91465297245193,1988364.9872528366,100.50041807557534,1708326.6662802175,1150774.4763905995
51,1548266532.47642,258110,57407,0.22241292472201774,1.593999981880188,32,32,0.09632161458333333,4051420.26729383,102.81735747120304,327732.4650472291,96.22888113751381,2884375.9453296894,2084588.0378771173,101.32075150712195,100.2896517060464,3079650.9026492676,101.48147060494597,2578575.726841043,1189700.5017913159
52,1548266532.50978,260162,60474,0.23244747503478602,1.593999981880188,32,32,0.1128466796875,4355709.958106967,103.43182567044073,333388.14959296683,96.58666813021293,3206353.7706226343,2077539.5558335967,101.96222959603719,100.47388455090955,2896742.785227324,101.76168979963101,2937429.5688283006,1434126.8731059828
53,1548266532.57652,255773,61807,0.24164786744496097,1.5789999961853027,32,32,0.08662109374999999,3917520.80060948,103.2378385103761,293340.7061114875,96.68155485773337,2831928.8320714217,1809069.1919941704,101.79022629170936,100.58452088509331,2608465.370177065,101.35100788429065,2510442.8278657673,1343250.7919514428
54,1548266532.60989,258319,62053,0.2402184895420004,1.5720000267028809,32,32,0.14096516927083333,3611680.576763611,102.99365556776266,260484.5957097412,96.49914427474857,2118388.377798008,1142836.4295850645,101.07417110274056,99.4858259835957,2357742.7001619563,101.33981747307527,2322272.6079527102,1823154.229897374
55,1548266532.64325,259784,61444,0.23651957010439442,1.5640000104904175,32,32,0.08690592447916667,3578030.646580294,102.83306584340954,256729.4742692593,96.32228545373594,2605640.0180914635,1040882.5275088748,101.4242147611001,99.29214477437372,2595168.2146355314,101.39239416174846,1968582.9609495942,1098386.9282816488
56,1548266532.67663,259215,61580,0.2375634126111529,1.5640000104904175,32,32,0.15462402343749998,3216634.8730593766,102.61042620077326,405462.1031265158,97.32499798234822,1689874.7149581737,798383.3769399043,100.42729502041419,98.79410346709126,2128672.8539257227,100.96365613469357,1619834.1236320143,625857.7023114364
57,1548266532.71000,260129,61159,0.23511027221109526,1.5640000104904175,32,32,0.121396484375,2845602.61305571,101.89142441977445,211597.2757762063,95.6598819766848,1774195.372366068,810039.470236044,100.140349845289,98.44044790789589,1934973.3072298386,100.40794199542341,1285453.9116628307,635067.838115993
58,1548266532.77673,261300,58576,0.22417145044010717,1.5720000267028809,32,32,0.12751790364583332,2301966.3079495765,101.0034393261424,212109.01377073207,95.12069662799333,1373791.7299176382,796990.1679379783,99.05363573580321,97.94754998939112,975764.2300038,98.10308959743864,1179708.5957463167,616128.0680098453
59,1548266532.81011,261666,64404,0.2461305633899704,1.5859999656677246,32,32,0.19281412760416666,2482156.2253962033,101.49534385012542,199086.3890893141,94.93479350161275,847768.4894420671,548653.6571040844,98.06991897425966,97.22326639921576,779929.9230009954,97.94220232809289,797894.9405659232,402628.5799925164
60,1548266532.84348,259825,3277,0.012612335225632638,2.7669999599456787,32,32,8.626302083333333e-05,2368764.1002560155,101.53357762022355,2234317.859993364,101.30084294911958,2348136.2758397697,2287098.510518411,101.47224385341568,101.39534485473114,2361031.899242337,101.52326019172227,2353858.1473905416,2274565.7116430793
61,1548266532.87685,260613,56802,0.2179553590956706,1.5570000410079956,32,32,0.11941569010416667,2238610.2495804713,101.18958956449657,260687.33627156154,95.78063918578513,1286052.240515964,728265.5294438588,99.1085602901976,98.11029426344723,1760878.9170695476,100.0125090615231,1039333.3833710053,637164.8835636064
62,1548266532.91022,261293,3573,0.013674304325029757,2.74399995803833,32,32,0.00011067708333333334,2318562.0185227143,101.49838754535368,2239436.7371420474,101.23690736628635,2294043.055131037,2230740.969590681,101.4322664046791,101.34137962930646,2278742.8101043957,101.43788978079127,2300020.4198842226,2255754.4418327096
63,1548266532.94358,260139,4364,0.0167756468657141,2.618000030517578,32,32,0.0,2133144.134330499,100.93572461248114,2099999.120112267,100.69463397287481,2118200.2589021,2094451.8998531364,100.86904252009602,100.79663947185495,2103289.6275363467,100.85367949755954,2117843.802376073,2056536.534399711
64,1548266533.01031,261250,7535,0.028842105263157895,2.7230000495910645,32,32,0.0008610026041666667,2294753.5671415324,101.43345572641947,2249624.3473890927,101.10891076490216,2259929.5872663492,2199517.9545765882,101.29324503850773,101.18837208911125,2293468.0094867516,101.39494403921755,2256996.1060363203,2172832.4828724572
65,1548266533.04366,261485,12532,0.047926267281105994,2.618000030517578,32,32,0.0014290364583333334,2112229.55197498,100.97217002391449,2026618.6801364748,100.51904266970965,2063735.7583144219,1958226.991096326,100.72191244391763,100.61011741007717,2031237.8753724347,100.805570433474,2079021.8853079546,1963676.0564511088
66,1548266533.07702,263116,13118,0.049856337128870915,2.5789999961853027,32,32,0.002794596354166667,2167450.0681539904,100.98626928468344,2038313.8404328122,100.38658387722398,2091517.053429266,2044317.292950422,100.74991284211623,100.54140754065538,2091341.4607179968,100.65762737814423,2113837.666911697,2051299.544520286
67,1548266533.11039,261933,64013,0.24438692337353446,1.5570000410079956,32,32,0.18572591145833334,2130948.0662333136,100.87121313615874,205705.86511184642,94.30510294105807,657527.9993081142,414709.5365568402,96.8796020767858,95.76089466777645,456430.55101363215,96.54456753482268,546236.1977150409,390616.6322505548
68,1548266533.17712,262356,64874,0.24727469545198127,1.5499999523162842,32,32,0.1932763671875,2055985.0609439018,101.06626990409585,205194.41549910186,94.39695064965231,613552.2205435121,338825.91192310775,97.11808876728826,95.47936965616425,756016.4834018472,97.26143418101981,607538.2016925546,377087.4733607846
69,1548266533.21049,262897,64246,0.24437707543258386,1.5290000438690186,32,32,0.19502441406249998,2177044.1837598206,101.3008378539912,220163.28463491693,94.56615249628234,669291.5399765264,436251.4609726502,97.30324243886972,96.16338783927515,543402.7171806621,96.4200637091534,681528.6803331589,226225.34363789987
70,1548266533.27723,262085,12421,0.04739302134803594,2.559999942779541,32,32,0.0,2151572.431349568,101.58262997425918,2010601.2489460472,101.0467460139284,2115127.836731988,1993210.5262548446,101.35250616945703,101.1540861601242,2133059.056537894,101.3436080712068,2133283.8409011364,2035606.3222503792
71,1548266533.31059,263195,11618,0.0441421759531906,2.5789999961853027,32,32,0.0009195963541666667,1873346.6996402473,101.07443909868343,1773030.900497812,100.5388712671252,1841867.9489253839,1779978.2232064945,100.84287733325803,100.71335053264907,1826171.5336225657,100.81868200302219,1838268.0926659731,1784723.5925673677
72,1548266533.34396,263706,13600,0.0515725846207519,2.5789999961853027,32,32,0.0020605468750000003,1768693.0277990047,100.8260271653472,1639695.9960799753,100.20135428913576,1722182.3390159714,1647316.0128030558,100.56128475955299,100.42058831142401,1670418.9716183501,100.53375028075178,1722089.5233185051,1647812.1290032845
73,1548266533.37733,264875,14604,0.05513544124587069,2.5980000495910645,32,32,0.0017024739583333332,1657808.7116895062,100.47070756589375,1549715.9585480073,99.84040339737504,1600436.7474100962,1513413.2052287613,100.19786845459765,100.03027733937934,1597987.266038828,100.04528494136656,1596110.102924355,1544520.323530927
74,1548266533.41070,264949,13110,0.049481220914213676,2.559999942779541,32,32,0.0007779947916666666,1750294.5542219516,100.77337080655954,1639111.309754424,100.20921363112556,1722951.6075993062,1628728.0221514937,100.58162946101959,100.3765786706578,1649432.5479228208,100.47342239888842,1687976.568204177,1644115.026641668
75,1548266533.44407,265739,13134,0.04942443525414034,2.559999942779541,32,32,0.0007763671875,1475774.6233910278,99.85910609930205,1381388.1777142938,99.28918885719779,1447085.3111805047,1384547.048453897,99.61986960575672,99.48994874111504,1463587.7925186052,99.79394320104575,1450555.5434232685,1392361.4463204914
76,1548266533.51081,265177,13421,0.05061147837105028,2.5789999961853027,32,32,0.0017366536458333333,1494578.7408921851,100.13010223499667,1402065.4122609366,99.5392467994774,1454809.2057885947,1390996.8755415417,99.8393350690009,99.72680379015783,1454257.6341965164,99.86680274110833,1461083.068461282,1415546.6864470418
77,1548266533.54417,267002,14855,0.05563628736863394,2.5789999961853027,32,32,0.0014957682291666667,1271681.2616835246,99.18391494132686,1192392.5244956997,98.59889617551161,1235165.576883203,1162626.613495819,98.91695649999701,98.69992909038915,1263673.5873959102,99.11445384497054,1245542.99208528,1191560.153522419
78,1548266533.57750,266420,15462,0.058036183469709485,2.5980000495910645,32,32,0.003916015625,1094847.8187509715,98.84753519729131,1022506.7094001198,98.20192031141123,1061839.1581698172,1019341.88663536,98.54683193318304,98.39193364066492,1052554.4451812522,98.45305958703565,1062495.8196796875,1024934.7601729714
79,1548266533.61085,265979,14748,0.055447986495174434,2.5789999961853027,32,32,0.0050195312500000006,1449371.8327350335,100.08664376288877,1342230.0692957195,99.42188738306771,1387383.7297034208,1336706.0144332047,99.71701732354558,99.6257433865028,1315474.772893412,99.6444386730087,1407453.056295901,1342734.141784587
80,1548266533.64422,265934,14879,0.05594997254957997,2.559999942779541,32,32,0.000322265625,1316734.220865309,99.48658658493825,1224180.343725631,98.83678022794598,1293187.135411209,1192732.9355241167,99.21549771063314,99.04066411425666,1257411.4705048336,99.12481406455399,1301610.537035877,1237673.6742272524
81,1548266533.71095,263887,16039,0.060779803476488044,2.5789999961853027,32,32,0.0024641927083333334,1410537.3234095303,100.40188320133868,1314945.4297729093,99.73202234926421,1361309.4547414333,1315687.4117897307,100.04518968321534,99.92189319964166,1357750.190822994,100.03934767264249,1362233.305086217,1312902.4679401652
82,1548266533.74432,264462,15307,0.05787977100679871,2.5409998893737793,32,32,0.000341796875,1342509.9355174426,100.50979491205399,1251684.2646597535,99.94880842280176,1308714.0552450032,1271016.5533129966,100.21699797622838,100.09272747905312,1311793.993319964,100.18048329605293,1311251.1408782564,1235972.5348973284
83,1548266533.77769,263729,16397,0.062173670699847194,2.5789999961853027,32,32,0.0007389322916666666,1332071.8372748706,100.4459938083983,1250355.600290134,99.88596813106268,1276114.981752991,1237889.9082305476,100.11809135987087,99.876161006564,1303281.6351447003,100.30760903127803,1269112.3766590657,1194618.6997854088
84,1548266533.81106,264446,20342,0.07692307692307693,2.5789999961853027,32,32,0.007727864583333334,1441014.8274324914,100.63501179529771,1307243.8737610658,99.80830163693969,1343322.9842993156,1300656.8804666,100.12278044733789,99.96105196090328,1311388.5688857012,100.12718598221117,1362798.2785621595,1290644.664805653
85,1548266533.84444,264255,18832,0.07126449830655995,2.559999942779541,32,32,0.0032698567708333336,1277354.1226564667,100.04971208251526,1184721.0201759445,99.39348054812825,1237627.0602226863,1194637.8569897406,99.71625288313359,99.57011448773507,1257229.2194403054,99.87227452848585,1238401.9014879698,1196143.8147758853
86,1548266533.87781,264565,20767,0.0784948878347476,2.559999942779541,32,32,0.0021679687499999998,1296970.874384993,99.93161760284957,1182613.4618499682,99.06254721044454,1200352.6551259868,1151349.797785266,99.42157954590726,99.204241269448,1177405.4212166292,99.38437307599114,1195105.9841357407,1142213.9256054796
87,1548266533.94457,265196,21971,0.08284815758910391,2.5409998893737793,32,32,0.010096028645833333,1262934.1947944888,99.07942373197434,1166626.8765787089,98.17041064623558,1204056.7772599696,1170067.2467212088,98.59092824182929,98.29159391117592,1188216.981850173,98.54787619247448,1202010.7796475356,1163984.4877993779
88,1548266533.97794,266123,22118,0.08311194447680208,2.5220000743865967,32,32,0.011569010416666668,1245680.7532676812,99.19303963821034,1151119.783439102,98.37250084205347,1195148.321191398,1169125.545562856,98.7948776055884,98.6351774241744,1230618.7256752849,99.09910791916569,1206411.7226749808,1170485.495852286
89,1548266534.01130,265461,26687,0.1005307747654081,2.5409998893737793,32,32,0.007415364583333334,1253268.1700422927,99.21646393201283,1112466.2956946641,98.1335804206709,1150593.2077763702,1013622.7913449124,98.52769239157777,98.1439670445445,1094859.8110315334,98.60503836352743,1089709.272622121,944461.4984243768
90,1548266534.04467,266977,24621,0.09222142731396338,2.5220000743865967,32,32,0.0040071614583333335,1183309.4225853274,98.89795525977667,1087636.6650711566,98.05205504485727,1139558.308333579,1081214.8216453707,98.51515324790991,98.24801189835681,1112872.589928638,98.31300749188043,1124210.5762428443,1093431.4193693725
91,1548266534.07803,265242,29273,0.11036336628437426,2.5409998893737793,32,32,0.010182291666666666,1149812.4333328928,98.80981584831399,1016725.1592376202,97.73535606975997,1032604.3541487146,886826.5271785584,98.20345952704022,97.65078719474072,1046290.6606020692,98.23133241810497,1002565.9976670803,879286.0386490249
92,1548266534.11140,263911,19460,0.07373697951203247,2.5409998893737793,32,32,0.0006038411458333334,1447063.6303411517,100.27579234051412,1350413.3453185812,99.59641701084693,1401678.3586354707,1094704.4730684042,100.03333359888228,99.32096558972721,1399171.8318138148,100.05089038332417,1402134.655191642,1157748.512897815
93,1548266534.17815,265612,21095,0.07942035751396774,2.5220000743865967,32,32,0.008683268229166666,1150452.2786811707,99.19933569495237,1072089.4655018616,98.41091152017593,1061343.3233053219,897893.5395748352,98.7518012665594,98.33969347614806,1099809.1641949879,98.93899408023444,1102301.9901685298,969428.8347142582
94,1548266534.21146,264836,16087,0.06074325242791766,2.503000020980835,32,32,0.0,1177856.9923540787,99.55812330414386,1103743.1972732916,98.93957694046556,1134976.504460277,1057983.2742461048,99.26242938127257,99.03325553318697,1164554.7153200745,99.42916467544929,1131698.3342862707,1061889.2114197211
95,1548266534.24482,265506,2058,0.007751237260174911,2.8350000381469727,32,32,0.0,1109531.872516195,99.2261152965647,1101084.899545183,99.1311578751798,1105745.8090601375,1098745.1575786038,99.20088386853362,99.16745105522293,1108456.227092241,99.21490136457072,1103031.080219817,1093076.1495334245
96,1548266534.27819,266064,2025,0.007610950748692044,2.8350000381469727,32,32,0.0,1104585.9391476251,98.98690702064836,1096223.8031709376,98.8973597014807,1102056.4331287816,1096720.5490096118,98.96714762423771,98.92574478441955,1098006.7450916704,98.9232935314561,1100379.4454451618,1093614.6118047936
97,1548266534.31155,265740,13159,0.04951832618348762,2.503000020980835,32,32,4.557291666666666e-05,1125408.7976583648,99.26398460754584,1057780.2900164998,98.81522448775584,1086468.4219840916,1021648.221349882,99.06955725972881,98.81175721018359,1046929.2645640362,98.90566845411703,1109254.152574163,1059956.1412720126
98,1548266534.34492,267200,14024,0.05248502994011976,2.503000020980835,32,32,0.0018457031250000001,1204437.251019833,99.40959429468192,1132706.0159547094,98.95149650760678,1163291.1391213415,1107411.697276176,99.1527090689431,99.01617524877345,1158972.016206706,99.16062079926652,1168269.8660577973,1101825.2204607197
99,1548266534.41166,266848,4211,0.015780519246912098,2.882999897003174,32,32,0.00150390625,1291338.869168029,99.8723186520792,1267155.2172743136,99.70587369772237,1276772.7409584378,1261488.9037718538,99.77701905763288,99.73593956410173,1278735.8291565336,99.7958484978147,1276902.6620812244,1260177.3219171846
100,1548266534.44503,266630,3399,0.012748002850391928,2.882999897003174,32,32,0.0,1352738.7576687192,99.89215616814727,1333417.5149177208,99.76843784368856,1343675.716987095,1301068.6753194411,99.83548461231607,99.73896223288573,1349430.466234853,99.86368314451536,1340733.2235254808,1311665.4436225547
101,1548266534.47840,264912,13737,0.05185495560789998,2.5409998893737793,32,32,0.019347330729166667,1353065.278364394,100.32020504299062,1282360.1441608584,99.84590957154694,1297258.4505963167,1250642.2496606675,100.04712534280296,99.90313493300992,1310617.4782360303,100.06242267074792,1298395.0514592389,1247144.25176101
102,1548266534.51177,265058,11666,0.044013008473617096,2.5220000743865967,32,32,0.0011295572916666667,1407840.443251643,100.46683573967309,1345832.1007102977,100.05990055602777,1344364.962129055,1289303.5431378738,100.17303968423059,100.08707899112328,1348507.3479885508,100.2409388189749,1350292.4604580048,1267891.1780120332
103,1548266534.54514,264977,12038,0.045430358106552646,2.5409998893737793,32,32,0.0025374348958333336,1371907.0518684792,100.37379640125496,1315770.2995381944,99.92361662194806,1317341.9497693756,1226933.068262211,100.12485328690171,99.93860998525564,1349150.2153795739,100.12459194207989,1335852.146216955,1264642.620658576
104,1548266534.57851,265401,1505,0.005670664390865144,2.882999897003174,32,32,0.0,1342189.3371312132,100.06709131557423,1326229.2956921032,99.94730277582896,1335898.4780433867,1321122.6774473418,100.03796799508547,99.99604602073553,1330960.1263267943,100.03952140835366,1337872.9887601933,1324598.1070868846
105,1548266534.64525,265646,3123,0.011756247035528486,2.933000087738037,32,32,0.0,1557433.8465449417,100.35782518394701,1541591.5049991736,100.23776428379433,1544612.7705708575,1517946.4235209853,100.31127884736512,100.23008274244724,1483374.9927552098,100.20168995342566,1541770.6129605786,1513574.5723298762
106,1548266534.67862,265038,89892,0.3391664591492541,2.3489999771118164,32,32,0.20151855468750002,1505061.545518797,99.74551426415462,1051877.4982998997,97.78865805361858,1266190.2787937243,1147650.307050274,98.33580164584957,98.12487394758008,1261855.7169187656,98.37919533982713,1282933.1656554085,1128152.9778166628
107,1548266534.71198,265466,13240,0.04987456020733352,2.5409998893737793,32,32,0.0145458984375,1632674.6029250154,100.1016385793592,1224421.0844017807,99.26066807324818,1517039.9319700077,1281750.6449063946,99.66258847075335,99.35845895656033,1590161.880413962,99.7106718978477,1495625.2739727185,1320980.2982907912
108,1548266534.74533,266767,85060,0.3188550307946635,2.365000009536743,32,32,0.21143717447916666,1788659.9541173112,100.27961578206396,1139186.9946364032,98.09221041850464,1435532.7697967212,1180323.9761487192,98.79380359161487,98.13697720405652,1257873.4682814763,98.50622732945433,1397233.4572863043,1235570.0991261012
109,1548266534.77870,265690,13431,0.050551394482291394,2.559999942779541,32,32,0.0090087890625,2023450.2043868185,100.5129718264714,1403406.747428836,99.60013056250344,1868156.3053641315,1472354.3355088532,100.12317040346387,99.68898542074935,1902685.1041979275,100.15321035888843,1865868.5082018892,1530426.1579968755
110,1548266534.84546,265414,13266,0.04998229181580474,2.5789999961853027,32,32,0.0065315755208333335,2248078.9466688763,101.32850264787992,1846109.3819992773,100.57703227593856,2194560.792231247,1979976.44111803,101.05648755730547,100.78629200834003,2155313.6393658197,101.12111657866099,2198410.496765583,1999563.8743067798
111,1548266534.87883,264457,9952,0.037631826724193344,2.450000047683716,32,32,0.0007307942708333333,2252674.720876767,101.52211757895087,1930480.6410291465,100.95334045202618,2184176.6660326133,2009660.1346558295,101.29221404442058,101.1197974132506,2130675.52527491,101.28108660129956,2187051.5219211318,2047810.8214942962
112,1548266534.91220,265936,15759,0.059258618615005115,2.5789999961853027,32,32,0.014127604166666665,2163898.8033573176,101.28391026932536,1847835.4576320508,100.47255142562003,2065121.3142932937,1947695.8527795959,100.86450916856725,100.65237340159831,2139234.61380943,101.05573963598926,2095055.828858702,1839552.742586644
113,1548266534.94555,264209,20418,0.07727972930520913,2.559999942779541,32,32,0.013644205729166668,2198020.093489506,101.08376465549752,2096688.0190563416,100.2688789039049,2124511.6162320543,2001022.9099362814,100.53871111168223,100.33737814360403,2116391.9244254213,100.42279054416623,2124368.3947102,2006598.9134641415
114,1548266534.97892,262128,20286,0.07738967222120491,2.484999895095825,32,32,0.008308919270833333,2935281.6810481125,102.6073381618376,2757350.458458334,101.8226657536368,2763506.5107820304,2541142.5242038434,102.02863005619139,101.83605835384958,2782871.722726487,102.1097491626931,2796958.6618031804,2592104.298125038
115,1548266535.01229,263727,85643,0.32474111486499296,1.3980000019073486,32,32,0.2516682942708333,2845730.7563826516,102.33499390070003,138224.62395061017,92.98011233167078,566409.2567018586,229578.58506528757,96.27202606779804,93.82575172849322,556706.7328795937,96.1399320942841,763465.6719066998,379255.8193242169
116,1548266535.07903,260701,27734,0.10638240743226915,2.3980000019073486,32,32,0.0288623046875,2939822.1000218615,102.36696791039839,2708108.9330188534,101.18563393130671,2658419.090037426,2365447.0983009045,101.34293426134943,101.21242936405714,2776303.0818316597,101.58765171586285,2684626.4262884352,2232715.5575110223
117,1548266535.11241,259954,68232,0.26247720750594333,1.3650000095367432,32,32,0.19168131510416667,3136321.680122126,102.9418563309559,370429.4113001977,96.86417781395221,1275062.8743211906,883446.6649822638,99.09992869589047,98.49404292661737,1525394.21029514,99.70806627435493,1313625.3513783133,657018.9807448995
118,1548266535.14578,261776,78280,0.29903428885764927,1.3919999599456787,32,32,0.2139404296875,2663388.820992337,101.59424127192221,159721.69109289267,93.15480671725695,938290.5444441806,541339.449334025,97.4248482897761,95.98607546681531,851108.7129278956,96.54335306975122,929670.3023091645,476153.3096555087
119,1548266535.17914,262192,62203,0.237242173674254,1.38100004196167,32,32,0.13325032552083332,2870980.852376422,101.5553282490433,486638.78337533394,96.64861349700833,1728493.8743338264,921234.5828450543,98.92685149812009,97.92623479377653,1866691.56658945,99.08202139988153,1893859.8734249151,1244338.1552654142
120,1548266535.21251,261214,30058,0.11507040204583216,2.4149999618530273,32,32,0.030735677083333336,3185294.5861438857,102.34362714498059,2585491.8202445456,100.88734784158032,2860317.1789255613,2780714.093624842,101.48712960390056,101.14826445648623,2920791.1187374466,101.52108081667063,2869673.8388494616,2704988.2821088005
121,1548266535.24588,261620,80189,0.30650944117422213,1.5160000324249268,32,32,0.21953776041666667,3447335.2526063453,102.58493150137937,214730.05372363923,94.5895512059305,940295.4906467046,578454.9149123279,97.94084509734677,96.89120446048307,860290.2844610496,97.65664652105679,915982.5627347433,504602.87272427557
122,1548266535.31259,261577,18948,0.07243756140639276,2.431999921798706,32,32,0.040091145833333335,3067272.965908867,101.81881239283122,2679774.4993219245,100.84062725460922,2773879.0442531654,2716233.1120110336,101.04593751733412,100.95924127693883,2783068.526672825,101.07351344597215,2761454.094631793,2699904.497573845
123,1548266535.34594,257174,5377,0.020908023361615093,0.9919999837875366,32,6,0.0015462239583333335,4108176.3742977465,103.28691785907404,3620921.710297874,102.88753272705782,4004973.0337196346,3699187.3847230016,103.13100748980546,102.96747188812168,4038503.3030758044,103.13778150915576,3745064.332039662,nan
124,1548266535.37931,261371,50875,0.1946466899541265,1.4769999980926514,32,32,0.13136881510416665,3341968.0757900337,102.19397582228856,498784.43377234857,97.1413111845852,1300194.9020005602,864889.719461726,99.44382853206267,98.8396493300155,983524.2862628679,99.46649502234754,1421961.5731257582,918690.3225900913
125,1548266535.41267,260083,18452,0.07094658243714506,2.484999895095825,32,32,0.014632161458333334,2696982.4202117217,101.38537500027134,2543571.856824684,100.68463830801699,2561783.1787326513,2371835.9938195394,100.87759077794647,100.7671980868333,2363223.7952497057,100.8804987164937,2559859.5826088497,2360747.5190451695
126,1548266535.44600,259746,47386,0.18243206825129166,1.4769999980926514,32,32,0.12526204427083334,2951533.1086631734,102.48254405837403,468535.3160920123,97.3865426747681,1135937.9486516502,785049.1811452281,99.98520809719193,98.83515093001925,1260547.5627182801,100.21405841113699,1143363.0093488852,729723.9169053709
127,1548266535.47937,260508,61395,0.23567414436408862,1.593999981880188,32,32,0.11841471354166666,2800482.1748610665,101.87477484160156,245856.43509339,95.3676025718718,1388231.4136848547,712646.639964091,99.30235310870616,98.070503966994,1909655.5021838641,100.11188594802232,755432.7953077886,474534.0368411653
128,1548266535.54610,262062,52562,0.20057085727804871,1.5360000133514404,32,32,0.08173014322916666,2900425.44993486,101.66331039035994,405738.7778186986,97.43710114999912,1818483.147299503,1152591.9015758063,99.91236974171983,99.13659182470914,2125784.020291447,100.25205128441002,1845451.168834491,777888.8363489383
129,1548266535.57947,261126,49909,0.19112995258993742,1.5160000324249268,32,32,0.10243815104166668,2863903.278771355,101.39737613576163,404984.0741791587,97.23259516276775,1456740.0560308015,1105406.2286188111,99.37962990332093,98.90104257128267,1673966.2544186292,99.81293650653319,1390834.394211215,996972.0037964655
130,1548266535.61284,261859,54833,0.20939895134404393,1.5720000267028809,32,32,0.10078287760416667,2889932.615798122,101.25877729861026,374103.5649922575,96.68985087312691,1495944.726436133,870607.6256215465,99.24586283468344,98.23311397452223,2063333.8810864522,99.86833135048914,1212854.1804835768,862683.1717011796
131,1548266535.64621,259981,52055,0.20022617037398888,1.5570000410079956,32,32,0.09931803385416667,3052406.085499896,101.85131171721468,439953.30309417605,97.69529664805317,1548773.6804002349,919069.3767014223,99.78500438958892,99.17121093303201,1729745.9950418964,99.96590528252676,1555707.274471884,1065767.3180537687
132,1548266535.67959,258114,50532,0.1957739603431042,1.5570000410079956,32,32,0.06935709635416666,4073014.4220216153,103.27656787032967,536861.8642045885,98.69762828745367,2464256.7530719405,1586839.1200175213,101.39231392655049,100.64188308294786,1963473.6184622713,100.87930433870372,1953811.3365933052,1327931.692098235
133,1548266535.74633,258753,49835,0.1925968008100389,1.5640000104904175,32,32,0.07008138020833334,3362562.6072304347,102.07512468436597,434814.31396508514,97.69095732232013,2097939.9351032376,1248500.7028950418,100.32789517381637,99.48534013035788,1295769.9127665192,99.30650706723193,1620208.4854235975,915248.6731437712
134,1548266535.77969,257963,14941,0.057919158949151624,2.5220000743865967,32,32,0.01171875,3583192.7190596503,102.59937616532365,3487350.798408436,101.98779566537782,3496832.443434803,3395479.010886054,102.17821291664416,102.03747525331131,3510362.181711823,102.23076957898726,3494495.121535005,3429106.099785193
135,1548266535.81306,257685,16383,0.0635776238430642,2.5220000743865967,32,32,0.012574869791666667,3717798.7673842693,102.69337551369578,3542322.699966926,101.91262718139583,3601803.506098153,3521650.2039746437,102.18412071597976,101.97164749620504,3572890.8902213457,102.00717442210313,3581127.4991656565,3484759.766852212
136,1548266535.84642,258846,14421,0.05571266312788299,2.5980000495910645,32,32,0.009033203125,3524610.261136635,102.23242561428775,3428573.974995954,101.753712860682,3444773.990032803,3419110.9405276617,101.90883406994632,101.81306381356828,3432935.484752605,101.91906451695084,3444915.7421548534,3419148.5905307727
137,1548266535.87979,257054,12247,0.047643685762524604,2.559999942779541,32,32,0.0014501953124999999,3599278.0656137774,102.47279748055024,3518012.1433586064,102.03470753061377,3539924.0944602233,3508290.6794980355,102.16164173371368,102.098762886395,3573091.7578987386,102.26978102372809,3544156.7014581645,3521218.4153915294
138,1548266535.91315,255910,1866,0.0072916259622523545,3.009999990463257,32,32,0.0,3941768.2114536855,103.3496233365573,3913577.076759365,103.24078347612391,3924725.750785725,3882558.1240557837,103.31133855661389,103.27456618491277,3934009.764858282,103.31956699734211,3924429.963802536,3859947.2757410607
139,1548266535.97984,259251,4489,0.01731526590061369,3.4679999351501465,32,32,0.00014973958333333332,3224707.1928752083,102.2874185314536,3192943.3875998864,102.14238672999926,3167067.488351072,3014140.9225541716,102.17184902145303,102.10350910147348,3208537.7030443437,102.17699840690798,3194790.5450966777,3072417.003708947
140,1548266536.01321,257816,5430,0.021061532255562107,3.4679999351501465,32,32,0.0008121744791666667,3209374.3554225545,102.7786750873483,3175360.1917818342,102.59218965003305,3138819.8834487656,3038162.1979607535,102.63709403689172,102.58850299840181,3184671.0876803515,102.68604420473879,3146082.5378096187,3076384.2241253504
141,1548266536.04658,258135,14361,0.05563368005113603,2.5789999961853027,32,32,0.010735677083333332,3616560.8386164284,103.43462626012669,3360827.743270182,102.78646967730784,3570079.4851450417,3486061.1651917947,103.1038421327078,102.98703633656544,3580133.03508854,102.98935697413177,3543277.866204868,3474583.5633662185
142,1548266536.07995,257973,5001,0.019385749671477246,3.503000020980835,32,32,0.0004524739583333333,3579832.426823875,103.1598147546566,3544585.6938358587,103.0004444597711,3482275.8361135554,3395199.8078787588,103.01852847698595,102.93520049961157,3491303.4502768144,103.04685790990371,3495231.588837025,3404999.6944076093
143,1548266536.11332,258822,4223,0.01631623277773914,3.177999973297119,32,32,0.00017415364583333334,3738175.0081705647,103.56381953219385,3707426.8889480373,103.42843970630105,3688324.859894565,3528371.8717341116,103.45648631380595,103.37046639912664,3698120.1607167087,103.46822675755624,3699598.7936673025,3497362.2251940444
144,1548266536.14669,257907,11873,0.04603597420775706,2.559999942779541,32,32,0.00556640625,3841583.7652857886,103.68698988432872,3785955.886395299,103.19753184065209,3785546.634166448,3690195.885703811,103.42188286778233,103.33179542591809,3755129.0402565575,103.4093698525993,3784609.8378514876,3712905.961854776
145,1548266536.21342,259355,3733,0.014393399009080219,2.9079999923706055,32,32,4.8828124999999996e-05,3755144.155338088,103.60325916063431,3339568.694037823,103.30524815732,3715401.955389739,3570133.422067542,103.52640362281373,103.4453686121561,3666487.937344397,103.49264505456787,3727643.555275283,3645083.628947256
146,1548266536.24679,258513,2882,0.01114837551689857,2.6589999198913574,32,32,0.0,4440643.443815919,104.53617547896593,4052321.7597598857,104.32123046708364,4406045.402344528,4300484.132138296,104.47862038688018,104.44554577432407,4340820.364353701,104.44706927381179,4403968.804177067,4134178.82058414
147,1548266536.28016,256953,4583,0.0178359466517223,3.009999990463257,32,32,0.0003597005208333333,4509359.983598634,104.5982920099172,4093647.949926343,104.35474790483586,4408163.763915825,4253782.939598556,104.47537137227692,104.42382999700757,4457220.769727363,104.46969957141096,4434717.178837403,4276910.450578059
148,1548266536.31353,256872,1005,0.003912454452022798,3.009999990463257,32,32,0.0,4891790.559192388,104.89800615407853,4885469.564020509,104.8716098033176,4887006.89399312,4835749.805226688,104.88583809740643,104.85719409802024,4871305.090720266,104.8812807198297,4886443.937914614,4867160.622646001
149,1548266536.34690,257799,2333,0.009049685995678803,1.593999981880188,32,32,0.0,4596697.947711151,104.41276835111304,4260284.816736985,104.25214552870204,4557407.297745584,4501990.928268136,104.35583785395337,104.28658615019165,4578892.532095103,104.37708494757841,4558155.52146391,4435906.565532198
152,1548266536.48033,257802,892,0.003460019705044957,3.0369999408721924,32,32,0.0,5619246.4815837275,105.13802124698049,5606455.6284447685,105.09868411800115,5605467.942651234,5562537.6475425735,105.12397384148016,105.07890482598704,5611321.138476195,105.1221983179958,5611909.318160927,5549717.7996096555
153,1548266536.51370,258222,1719,0.0066570625275925365,3.063999891281128,32,32,0.0,5493982.154256568,105.03386412218084,5452847.404133506,104.96315973597677,5478157.330924625,5412334.606165409,105.00543367970573,104.9713460608167,5491795.635267875,105.02055036096957,5479846.173868155,5391366.04825583
154,1548266536.54707,257697,700,0.002716368448216316,3.365000009536743,32,32,0.0,5565405.262828601,105.09841974103333,5553514.239793243,105.08151393592748,5557602.766813451,5520681.468579541,105.0840403462193,105.06520823771683,5553914.595432055,105.08101223013769,5561671.079511743,5550359.559499073
155,1548266536.58043,257817,1295,0.005022942629849854,3.614000082015991,32,32,0.0,5688735.439246519,105.07274304993115,5674457.329543585,105.0444977526218,5680929.900859909,5653030.200448903,105.05720184351587,104.99517036671173,5684063.553205945,105.06677677408955,5679628.813700666,5651736.914142211
156,1548266536.61380,256970,2935,0.011421566719850566,1.5230000019073486,32,31,0.0,5700355.024810802,105.06778059741956,5099304.1864747945,104.81211676830117,5674480.435552661,5537085.234449913,105.02495248394101,104.96602724093317,5671329.042481455,105.04851750591904,5425379.715076166,5109128.057990359
157,1548266536.68054,258195,2855,0.01105753403435388,1.5360000133514404,32,32,0.0,5471089.024159524,104.56401932980356,4984317.707230011,104.37059778938797,5433891.079816207,5077544.78448534,104.50646442831788,104.39077971981601,5210406.9793200465,104.39477169004323,5393898.851568805,5126379.9638722995
158,1548266536.71392,259222,1709,0.0065928046230644,3.23799991607666,32,32,0.0,5730011.285076408,104.52622003580701,5683298.569874151,104.461053506588,5710301.597565854,5660743.54399644,104.49314583414228,104.46297989225299,5719197.960474875,104.482676775662,5717448.248058333,5670935.963906401
159,1548266536.74730,255085,3840,0.015053805594213694,2.197999954223633,32,32,0.0,6992676.069111723,105.62508463289821,6648787.871183193,105.41856014913753,6882152.300993543,6752258.047851127,105.53237861097423,105.47097123697188,6918677.352341453,105.55086909921609,6863305.963215357,6723939.139111889
160,1548266536.78066,256107,3237,0.012639248439128958,2.2119998931884766,32,32,0.0,6846151.736470717,105.4361949709676,6608504.983641993,105.25086076853118,6799338.193518053,6680439.62847699,105.38507487560241,105.29609219500905,6802958.964310005,105.40127368507345,6828758.34735902,6651905.367789526
161,1548266536.81403,257700,12009,0.04660069848661234,2.4670000076293945,32,32,0.006292317708333333,6064972.65187156,104.94574811948766,5653950.229519941,104.51149889192544,5913349.319585007,5726758.217578105,104.69177788371962,104.5610361232404,6033625.488165404,104.8480620339958,5837575.783231417,5675439.672670724
162,1548266536.88077,257677,96311,0.3737663819432856,1.4700000286102295,32,32,0.29296549479166667,5457565.109238489,104.64823795893369,339459.11661205586,97.78600632877216,1546115.3782945457,664231.6781989089,100.2472975448797,98.63020661613598,1546379.754980322,100.13089228816881,1600264.179561361,643445.4733707282
163,1548266536.91414,257493,92306,0.3584796479904308,1.4329999685287476,32,32,0.2829052734375,4877885.483153055,104.19941623106733,344612.46954537474,97.72401235091894,1494569.6315660372,1009034.7383594011,100.19292560677096,99.51474510200617,1713112.348951521,100.69492322776094,1542321.772788189,797201.7994594701
164,1548266536.94751,259192,74615,0.2878753973888083,1.3980000019073486,32,32,0.164033203125,4362256.025768521,103.35174132600089,455586.50258759665,97.49836885583484,2183672.3464936335,1326705.2812781746,100.72138256765331,99.421478209462,2592267.128765507,101.10734382735669,1635629.9977175146,1197600.0114937425
165,1548266536.98088,259148,77980,0.30090913300507816,1.4210000038146973,32,32,0.15916178385416666,4984582.808068034,103.92896342842224,371054.85723950615,96.09410399298737,2311785.339659241,412936.91952972935,100.89379860477432,96.34012649713183,2399827.6750936275,101.02667353302331,1945657.2569536224,1220332.7936876018
166,1548266537.01424,259922,78149,0.3006632759058487,1.4329999685287476,32,32,0.20231770833333335,4521816.135754551,103.58093112316843,270640.08700331516,95.76528147114436,1874238.2588321152,777106.5825628182,100.4573272331719,97.7276288412907,2154919.757824182,100.6916778856293,1969982.7296955613,1236716.6827555748
167,1548266537.04758,260029,72229,0.2777728637959612,1.4270000457763672,32,32,0.1835498046875,4588995.4962200895,103.72122175899105,304470.5987808366,95.93593333843484,1918270.2585850933,1097858.0525926,100.66984865596612,98.99340180910522,2223818.87287153,100.9886590048438,1784059.2208789943,1310547.075041632
168,1548266537.11429,260629,70718,0.27133588357396915,1.4390000104904175,32,32,0.18857584635416666,4164634.2950032903,103.40022222670031,290582.8818248949,96.23285227051187,1592052.415635413,1063816.410033619,100.32775016679402,98.85052619132927,1765130.998336903,100.52890518302979,1512657.3341424784,1111616.8524610088
169,1548266537.14766,257782,56343,0.21856840275892034,1.3980000019073486,32,32,0.11432779947916667,4543994.084924323,104.10551312829699,847099.432407437,99.93059473438214,2724955.496327754,1739696.6095538877,101.99380876569415,101.17630845815286,2753336.435084795,102.2242146830333,2783329.6236277083,1971019.0676177898
170,1548266537.18101,258473,14233,0.05506571285975711,2.2260000705718994,32,32,0.0011539713541666666,4346841.590580623,103.87276696944869,3871586.4707036098,103.22754599692067,4208539.187292345,3951295.871138025,103.55759360084659,103.37389538589134,4210430.596380589,103.65620813529095,4214783.494667154,3979410.1706216373
171,1548266537.21438,257488,21842,0.08482725408562729,1.6959999799728394,32,21,0.007454427083333333,4247733.387562372,103.9525249136769,3596400.710459643,102.81500998542086,3944377.022828006,3709073.871224022,103.41741917610196,103.12574134747389,4089692.806799529,103.6610860658625,3766219.5640498493,3594614.1739245607
172,1548266537.24775,255290,14758,0.05780876650084218,1.6469999551773071,32,32,0.0,4294192.532208981,104.0766652080806,3780524.4888038957,103.33854233787717,4014564.3279360356,3608004.0417326544,103.68817582283063,103.40802715743324,4092367.9165842286,103.77824546482128,3896392.065325016,3658654.683359399
173,1548266537.28113,256839,14193,0.05526029925361803,1.6549999713897705,32,32,0.0,4163516.3258749405,103.92076971342573,3671332.2910983223,103.16742461319656,3918027.0847678008,3628799.91355188,103.55420635011895,103.41901569023995,3949157.569111865,103.60682695631999,3839880.932345115,3559414.202750975
174,1548266537.34788,257067,37234,0.14484161716595284,1.3279999494552612,32,32,0.0090234375,4085011.5659317025,103.89658997608046,1355229.0262547338,101.2947348066598,3521943.8043172127,2247237.7059722384,103.03436862986851,102.16282559246885,3054732.5834600823,102.59226696167806,2646466.7962030857,1973873.0834688337
176,1548266537.41463,257593,48302,0.18751285943329205,1.3650000095367432,32,32,0.020740559895833337,3576781.184237075,103.66969583495434,693181.638187247,99.65935549591276,3201794.6731364653,1701428.3775541373,102.79954511878975,101.40483538259141,1921866.2396335406,101.52232274062986,1815296.545232282,1421679.370204341
177,1548266537.44800,257855,48670,0.18874949099299995,1.3650000095367432,32,32,0.12595214843750002,3451542.292372625,103.58299039519932,638527.3740461343,99.25714521459015,1751656.54145922,1170236.7992806165,101.37703707900619,100.59868924232417,1686773.1504993294,101.35717581350626,1666299.2322338847,1259241.299167121
178,1548266537.48136,258479,21871,0.0846142239795109,1.7389999628067017,32,32,0.005445963541666666,3183782.96574153,103.27124927576537,2503130.013921411,102.0369168257368,2877800.4931581775,2757877.4713308555,102.63650572105031,102.107553324687,2987461.4118048535,102.57841474949352,2943608.492893124,2779299.0573181063
179,1548266537.51473,259900,9824,0.03779915352058484,2.5789999961853027,32,32,0.0012353515625000001,3132762.244222548,102.92513738005972,2881213.8933855915,102.43405772361251,3061619.4735781057,2907929.4393390026,102.77353982727915,102.62734788494764,3077699.192437119,102.78253739956119,3103091.6036942084,2950195.4755422785
180,1548266537.58147,263271,10573,0.04016013917218379,2.618000030517578,32,32,0.0018994140624999998,3028752.9693791745,102.27160454489618,2835083.5825810265,101.81526776437588,2931957.4956999156,2803978.0530576794,102.033013509521,101.87871981519146,2963160.9989138846,102.07706235972705,2959451.713965838,2791207.0513865543
181,1548266537.61483,264615,56795,0.2146325794078189,1.4889999628067017,32,32,0.15582194010416667,2634971.066102835,101.23826932565382,295746.9615287474,95.25308522466244,1076191.8022771208,800390.0280826448,97.98926084006123,97.18441968798466,1242106.7923698116,98.62753692941342,1046603.9709996487,556555.8595167451
182,1548266537.64817,266833,56462,0.21160051417928066,1.4889999628067017,32,32,0.15064127604166666,2241283.4769249125,100.63620354108876,260625.6613049407,94.87605298641733,928075.2963717628,601831.1007139961,97.57981944547953,96.62216622051044,941907.666347877,97.80365144626421,905184.306403171,633835.9302691551
183,1548266537.68157,265132,52102,0.196513434817374,1.4769999980926514,32,32,0.11333170572916668,2830505.4939683476,101.8278541194548,389130.37589009386,96.720254859479,1435850.6219595661,864611.8235067882,99.18786445632777,98.29238342590317,1218151.9619389714,98.79309129343866,1405647.0966796638,962340.4734782974
184,1548266537.71493,264174,49352,0.18681626503743745,1.4700000286102295,32,32,0.10735677083333334,2621344.4688350623,101.53040354852136,322502.47756308404,96.23199144203889,1213177.349357609,796423.022684721,98.76712005727896,97.83692182640192,1171290.7141285539,98.74585280597276,1265616.5917709325,811058.9439713057
185,1548266537.74828,267999,51870,0.19354549830409815,1.4830000400543213,32,32,0.1083349609375,2065041.6029726816,100.05030281678182,285452.04302340123,94.71348783404908,983253.7979405285,762222.5788257051,97.55357074335173,96.94709998506374,1002810.5597890024,97.75991071740836,977007.0747153407,824370.8421354246
186,1548266537.81501,255958,45263,0.17683760616976224,1.4889999628067017,32,32,0.09619954427083333,3546315.6676442246,102.82299282879183,615660.770607129,98.44780614044247,1960419.4915453214,1346305.9505175909,100.62124587427357,99.91500895334455,2051386.316662128,100.92883086636384,1945906.2175301327,1427146.57076074
187,1548266537.84838,258953,47884,0.18491386467814622,1.503000020980835,32,32,0.10148274739583334,2301754.304925399,100.7180071066066,564271.530595527,96.68047233311384,1243760.9662497959,913031.8034785807,98.62686766572241,97.6308936903313,1199076.3885433483,98.59978952647481,1199170.5315359673,875727.5117281971
188,1548266537.88175,257152,50334,0.1957363738178198,1.4769999980926514,32,32,0.12072102864583334,3375452.612927743,102.50002209469267,507959.54242632934,97.74676157219044,1914773.5209344921,1084288.7476928437,100.42007719970779,99.14316616271988,1465638.7625170553,99.9083813336898,1775269.990431698,1029422.9174880726
189,1548266537.91512,252193,41843,0.16591657976232488,1.496000051498413,32,32,0.08043619791666667,3644474.7460116087,103.56088673375814,1196092.3009654516,100.53288202415447,2355819.299540801,1980893.083233922,102.21049080640941,101.62168923503224,2285307.9222057317,102.1904732775373,2302996.975085323,1934539.563786366
190,1548266537.94849,252570,66863,0.26473056974304154,1.6160000562667847,32,32,0.1152978515625,4100678.869358153,103.61731294495436,955929.1588789467,99.83208487144708,2484693.0367642757,1850938.6595252268,101.50367168985284,100.9212357346875,2261947.411282524,101.27043453717287,1834023.6636633773,1457383.62095895
191,1548266538.01523,250857,1511,0.006023351949517056,3.8589999675750732,32,32,0.0,4199888.804827511,104.3912965559448,4161974.3527353643,104.32058658500249,4171661.4935685415,4112050.926192342,104.34720880742086,104.3238619988218,4123503.61557553,104.36275102441736,4176873.036418041,4146656.5377638335
194,1548266538.11533,247780,50786,0.20496408103963193,1.4700000286102295,32,32,0.09719075520833334,4898215.149433075,105.2192241749231,944541.9340180726,100.65366133600689,3036091.553026535,2549559.129909044,103.61652227152568,102.63554528694908,2708554.0869817697,102.85381757486022,2862301.1503238967,1994691.4734228556
195,1548266538.14868,250939,53198,0.21199574398559012,1.4830000400543213,32,32,0.10306315104166666,2761159.5438154573,102.612484883355,398750.46468034113,97.2511756094026,1646882.563282086,1371639.073355367,100.82798180541397,100.10153854808549,1541482.4790399852,100.61108504157141,1576742.7724313375,1088554.5967888187
196,1548266538.18205,252282,57938,0.22965570274534053,1.4889999628067017,32,32,0.134521484375,3230778.1909388746,102.87840439217536,536734.0447845263,97.80468882578475,1623183.3643946054,934070.9312441037,100.56645863878651,99.20687646412071,1780593.985235523,100.78905535313604,1406634.190148381,969350.903816839
197,1548266538.24878,249561,12289,0.04924246977692828,1.4210000038146973,32,32,0.021883138020833335,3426734.850925084,102.69372733645912,3024558.3559489013,102.13788151846333,3192491.2037006635,3097679.414698779,102.28454394129163,102.18027456799125,3262014.309579934,102.43113692329922,3172761.687385752,3086179.0772299506
198,1548266538.28214,242870,10779,0.04438176802404579,1.4390000104904175,32,6,0.0,5239688.987919019,104.89190927394475,4708558.749836268,104.49123516787954,4996656.540309755,4621848.543638684,104.54582861256992,104.26687533004076,5056067.4194481755,104.58344377129991,4936898.896046726,nan
199,1548266538.31551,238538,6740,0.02825545615373651,1.4520000219345093,32,32,0.0,4506898.966564148,104.67053451920954,4136287.406465507,104.42747609825416,4402011.413784087,4049267.2476382516,104.48629301195723,104.36784987008456,4452683.353658482,104.51227685571321,4071934.9727719626,3576379.6259248117
200,1548266538.34888,240867,5909,0.024532210722099747,1.4830000400543213,32,32,0.0,4151120.3164130044,104.08739279612524,3836519.491855668,103.87180160332434,4031931.370224705,3725919.376041558,103.93105926354386,103.79217730565455,3877031.067046107,103.91782215042329,3880971.8970380686,3511029.313420904
201,1548266538.38225,241070,6086,0.025245779234247315,1.5230000019073486,32,3,0.0,3725138.704732434,104.03738306158724,3349568.615229577,103.77420837351826,3651975.0181634706,3529493.924985595,103.93016549734509,103.82505858378295,3711611.826286413,104.01319776730648,3584368.513380601,nan
202,1548266538.41563,239622,3118,0.013012160819958101,1.5360000133514404,32,19,0.0,4440074.879230786,104.28649752304554,4148616.3069318556,104.11131591554692,4426564.349178348,4174804.9015989327,104.24498518244386,104.10237063274258,4303123.924169022,104.19701556682699,4169206.1658574766,4101550.882164743
203,1548266538.48237,239248,3772,0.015766067009964555,1.8830000162124634,32,32,0.0,3804820.564664494,104.13425013004799,3628231.0540840067,103.97155430530434,3792897.777031227,3703395.4345815172,104.08371388464377,104.01420371258187,3803418.0386660676,104.1212715359346,3728900.021162035,3646118.7500339877
204,1548266538.51574,239122,41696,0.17437124145833507,1.4889999628067017,32,32,0.034869791666666664,3602747.89008682,103.86706653128883,818576.9562697752,100.32469577235557,2550436.963808758,1571448.9066282702,102.51042785643388,101.66226778560366,2958428.09331626,102.81898434463038,1976637.915351593,1528503.4819121088
205,1548266538.54911,241736,42085,0.17409488036535725,1.4889999628067017,32,32,0.03454264322916667,2995850.1330138897,103.24675032167684,742909.7362003847,99.77776382925607,2153278.991914993,1435312.9359251414,101.75614417147834,101.27293304465668,2400762.774656534,101.99326119053909,1874262.6814159486,1367570.1431594791
206,1548266538.58248,239540,41211,0.1720422476413125,1.4830000400543213,32,32,0.033945312500000005,3130648.537256052,103.4000356195929,824381.7776725776,100.15924477486051,2377278.7152605737,1664136.2566788837,102.16066707429847,101.62745591375165,2123288.5088309143,102.00214056927834,1776417.217719537,1528486.8394673802
207,1548266538.61584,239136,40370,0.16881607118961595,1.4830000400543213,32,32,0.025188802083333333,2710379.717796962,102.57400454789801,710883.1113061742,99.33855728842178,1949411.9660664457,1385419.4908239788,101.3315703794657,100.77669218492743,2243061.911274283,101.42711565161713,1597588.7930518049,1235253.6717609314
208,1548266538.64920,240301,65498,0.27256648952771734,1.5859999656677246,32,18,0.12363118489583333,2228844.6802183096,102.10406527381565,276231.9649647084,97.13356009644171,1245857.418439015,707102.6400169535,99.72729229255059,98.81251335632867,1334795.3792823073,99.9180219821052,736910.6629405273,542322.7714031221
209,1548266538.71593,238143,24372,0.1023418702208337,2.5409998893737793,32,32,0.04796549479166667,2582992.710669213,102.4185017223481,2167370.9479307616,101.60264155386098,2301720.007353563,2185172.117744579,101.84820597516875,101.64531141100068,2235032.628361165,101.69412248140019,2312809.544638204,2217936.486589839
210,1548266538.74929,238465,26493,0.11109806470551234,2.5409998893737793,32,32,0.03806803385416667,2519872.3577426905,102.14613807856406,2128944.590569857,101.33655643308404,2188570.352203938,2116772.8221881166,101.40997982836556,101.29729759563705,2217076.84214638,101.45528854365863,2190811.733385276,2108397.7830759534
211,1548266538.78265,238870,26241,0.10985473269979487,2.559999942779541,32,32,0.04244466145833334,2364613.321746525,102.02505787981238,1998289.3339295427,101.23987380962622,2100022.037558465,2006958.865389775,101.44127864293097,101.24221453300126,2189132.1236503604,101.48574832639292,2091562.5836741128,2009231.660149962
212,1548266538.81602,239123,27671,0.11571868870832167,2.559999942779541,32,32,0.04870279947916667,2148586.098268688,101.56317656596448,1853478.6479894388,100.8218271603429,1957253.4488694768,1868947.897249015,100.94418029320134,100.85706612539235,1893688.9085142203,100.89466057345446,1982887.3832252177,1863549.3352070472
213,1548266538.84937,241973,10613,0.043860265401511736,2.74399995803833,32,32,0.0,2178331.749471991,101.77291219075498,2045001.3792002047,101.47758620982572,2087896.4346628918,1935082.6451163937,101.52618918120424,101.3718802765163,2116227.060279285,101.56718157743106,2109001.0496895453,1976319.8554795876
214,1548266538.91611,239879,26100,0.10880485578145649,2.5409998893737793,32,32,0.04158528645833333,2577304.664775767,102.49258019972966,2185124.9604189866,101.69973872718602,2326084.3989294884,2232870.9006153718,101.86283131526127,101.75801743982137,2249576.913946799,101.83803576453371,2293229.905287203,2198590.2603236195
215,1548266538.94948,239545,29951,0.12503287482518943,2.559999942779541,32,32,0.04575520833333334,2482842.507499489,102.29681933780756,2120428.0344552016,101.49712598223363,2179800.1418905156,2086011.7783602725,101.5190647098442,101.43188106719148,2175404.842423037,101.49798489473058,2170958.372606309,2095337.5882951887
216,1548266538.98285,241988,2278,0.009413689935038102,3.0369999408721924,32,32,0.0,2302573.0211881236,101.87702829785586,2288243.766064753,101.80552681652262,2294571.3517900114,2254885.4881005464,101.84275088070285,101.77751759636823,2243392.5298352814,101.78081565086678,2292374.267518388,2258025.979043146
217,1548266539.01622,239611,28262,0.11794950983051697,2.5409998893737793,32,32,0.03264485677083333,2543086.4420503653,102.5864015675678,2004824.3590075863,101.497988938604,2257120.780818388,2061367.5141139273,101.79013137445833,101.58992990624762,2348583.6133973883,101.832226035504,2176823.474376307,2052746.7063179917
218,1548266539.04959,240405,5207,0.021659283292776773,2.812000036239624,32,32,0.0005078125,2555563.470850506,102.51576839156454,2446899.3802377405,102.25599967620586,2499375.735118823,2443371.4675290533,102.39104668789935,102.29693062331054,2530334.675948799,102.39961639112269,2503301.2290727864,2445677.4370134044
219,1548266539.08296,240153,4537,0.018892122938293506,2.680000066757202,32,32,0.0018815104166666667,2539058.533405949,102.24609757168503,2443475.4607546087,102.03581497612501,2463307.5173922693,2430952.0647968575,102.08460238743142,102.0191329348116,2490153.122655357,102.07107378362139,2471103.741418639,2439459.0885810195
220,1548266539.14970,241927,1083,0.00447655697793136,2.316999912261963,32,32,0.0,2351852.2598894713,102.42580540996636,2306732.5461425898,102.37426329171464,2350757.693828692,2320003.4653416006,102.40917100736212,102.37107445295318,2348575.696023603,102.41790211485161,2350503.2432514187,2333602.7503862926
221,1548266539.18306,241140,8661,0.0359168947499378,3.0369999408721924,32,32,0.002184244791666667,2260223.238615092,102.25605170146052,2147415.2643695674,102.00156442309942,2145892.315691499,2069131.9282082685,101.99729785274849,101.89067909535859,2136270.312842799,102.01572462068617,2154776.812519069,2106827.784344828
222,1548266539.21643,243356,3622,0.01488354509442956,2.052999973297119,32,7,0.0,2203303.9984397264,102.13700769684694,2092578.63316909,101.94918939719955,2183526.385999866,2134441.008192806,102.09158079675194,101.99456887701692,2183570.7522600316,102.09640597319067,2126342.4431970734,nan
223,1548266539.24980,243640,4571,0.018761287144967987,2.065000057220459,32,12,0.0,2310316.983522338,102.24140418762308,2185612.208675719,102.0279066045666,2274911.9911081186,2103982.80486704,102.1619473638635,101.98904349021454,2302998.3803757126,102.211190924257,2137604.1755011603,1977921.111017236
224,1548266539.28318,244493,3526,0.014421680784316934,2.052999973297119,32,23,0.0,2099317.219651597,101.93531286038149,1953444.9400385548,101.72030945351403,2070547.3750507268,1931354.6465375647,101.85808843911254,101.66581737397397,1978652.0172965482,101.77684912945274,2037121.4561861488,1930473.7320056553
225,1548266539.31654,244468,3868,0.01582211168741921,2.065000057220459,32,19,0.0,2125559.4195907786,102.20623322959466,1980934.3223497164,101.95437642306396,2101145.867108536,2015048.0416034115,102.13939218938248,101.98254428260017,2120198.8879242153,102.18997940462009,1984873.2482595446,1864220.929756799
226,1548266539.38327,248259,5873,0.023656745576192604,2.184000015258789,32,0,4.8828125e-05,1814286.6774343753,101.36684015485392,1653994.4263472185,101.04502839178764,1770164.1850091023,1711848.7030843413,101.23674319724489,101.13001048963075,1752962.153274445,101.20015370450038,nan,nan
227,1548266539.41664,250032,7270,0.02907627823638574,1.9259999990463257,32,32,0.0,1783279.936708328,101.0730894053848,1606322.7005768155,100.72038965340315,1708725.6201235908,1598704.2205993498,100.83338855362877,100.70634757977072,1670266.4126157549,100.74532362823668,1631746.2254627463,1572379.0794951874
228,1548266539.45000,253324,5837,0.0230416383761507,2.5220000743865967,32,24,0.0011311848958333332,1550761.7304656163,100.46831574838414,1483251.8473950918,100.18292281906878,1506386.3153456459,1474030.4812519653,100.30735482495764,100.24013947427572,1480762.8020185474,100.27444413442566,1497456.8530654348,1481595.8319748072
229,1548266539.48337,254002,28013,0.11028653317690412,1.8940000534057617,32,32,0.04572428385416667,1878052.6399937056,101.46687647802717,724474.7850239944,99.27378228737517,1369304.507719166,1010986.7625006668,100.37973894589257,99.85257172609758,1057440.2777874242,99.91806729656817,1191272.1637829456,1045815.6049146174
230,1548266539.51674,253615,5984,0.023594818918439366,2.4149999618530273,32,29,0.001005859375,1700078.8739621616,101.17814883840154,1604608.6094230677,100.81420027832294,1674222.0663063517,1637468.3640360422,101.08892752524397,100.9318027503227,1660729.2614711085,101.0245986579883,1640159.9963106595,1619314.424192399
231,1548266539.55011,259372,4641,0.017893219005906576,2.2260000705718994,32,3,2.7669270833333332e-05,1193429.3289534976,99.66701049999851,1094214.3446402051,99.36865572431407,1163797.5970118158,1132555.6249247724,99.56460434134723,99.46187015406468,1153109.3822706335,99.47424722733936,1123823.869919956,nan
232,1548266539.61684,262957,6303,0.023969698467810326,2.9839999675750732,32,20,0.004586588541666667,1527989.7928267021,100.7052740538839,1426398.6499290427,100.43445412667322,1463278.5415935474,1443300.6998248026,100.52702510614637,100.41450833606777,1444008.8987809324,100.42919621558255,1448464.7138937665,1438042.329313801
233,1548266539.65021,264609,6494,0.024541871213753123,2.431999921798706,32,32,6.34765625e-05,1303562.0907968082,100.06058077230733,1205641.8333326124,99.66802715504501,1270351.5554779638,1232858.6568711118,99.89938811235388,99.74691199530002,1294535.2270658421,99.98840499848401,1261813.8989703557,1229638.629905757
235,1548266539.71695,266099,6894,0.02590765091187866,2.431999921798706,32,32,0.0,1645086.9361439552,101.16395800209014,1533799.5665331816,100.81598732989056,1612729.5562442234,1590410.523743336,101.06119951205447,100.94653283372207,1616749.3803283516,101.0655620165205,1594161.0574836107,1527411.0709900544
236,1548266539.75032,264865,18045,0.06812904687293526,2.240999937057495,32,32,0.0015999348958333332,1739244.5565766513,101.02442334688075,1310672.315924509,100.09690313293105,1614782.907693299,1519944.6101156464,100.64658667699086,100.47543195121956,1557237.9021458244,100.6262993438383,1524269.8847543458,1417067.2048534316
237,1548266539.78368,265946,20295,0.07631248448933242,2.3010001182556152,32,32,0.005455729166666667,1625122.825837699,100.5342371507578,1192997.3253467528,99.40638952846763,1483810.351089797,1377391.8536001225,100.05305736249979,99.90700932763045,1533475.1051817867,100.15313038380722,1398984.1711341161,1242487.4505100502
238,1548266539.85040,265573,23889,0.08995266838119839,2.38100004196167,32,32,0.008860677083333334,1781048.8230935372,100.58994989443113,1277906.964632522,99.30517805597626,1608781.593265573,1513562.5375470894,100.0783422959943,99.82084558342666,1594397.6549508644,100.06552712589387,1550598.3785687461,1465428.6623294149
239,1548266539.88374,265715,21634,0.08141806070413789,2.2860000133514404,32,32,0.0025634765625,1679457.8382055506,100.38597628080817,1240582.8138011857,99.09086178315786,1544354.5543205729,1369030.0653870208,99.86681714372855,99.52741925179487,1545415.2164810114,99.8868057679655,1377261.4524678588,1336013.8698463591
240,1548266539.91711,265782,10791,0.040600943630494164,2.484999895095825,32,32,0.0017578125,1877086.1739857844,100.78055481534366,1607687.527142425,100.1532996164888,1785945.6620867732,1711850.3669931975,100.53504734030027,100.31656796990727,1755580.491319315,100.41466507906529,1732110.5211087596,1679036.523709256
241,1548266539.95049,264834,9067,0.0342365406254484,1.8830000162124634,32,0,0.0006184895833333333,2155441.5828722105,101.5200110729873,1827569.6905356876,100.8752671477703,2076247.202889356,1931737.5472113749,101.32149504520243,101.10293094686872,2005475.1578627024,101.22276875081707,nan,nan
242,1548266539.98383,263142,5405,0.020540240630534085,1.687999963760376,32,5,0.0,2185503.659285114,101.48434157158235,1839858.170442148,101.05803777427911,2163938.5637165746,1981832.1959701364,101.39713594019736,101.20999669884318,2073776.845386391,101.25791259709305,2066900.2980539517,nan
243,1548266540.05056,265770,858,0.003228355344847048,2.9579999446868896,32,32,0.0,2199871.3261417453,101.36678005338335,2194743.790513986,101.28995109627473,2197797.4728231197,2172375.5217147353,101.3528881191785,101.31061067504302,2199122.090637809,101.35018872978875,2199214.7621038556,2186323.7864841362
244,1548266540.08393,263393,32604,0.12378461082868565,2.0160000324249268,32,32,0.020646158854166666,2447581.2846949324,102.49582341072093,1296770.6277307565,100.85117303496031,2031321.639205465,1678606.5137617185,101.68241926221913,101.3335725447158,2107983.0515784663,101.47880084262653,1621806.4825706093,1493435.652370733
245,1548266540.11730,262205,34421,0.13127514730840373,2.0160000324249268,32,32,0.044513346354166664,2540188.8558163545,102.29370485387304,1194598.1837869203,100.34499268246721,1949330.9660544787,1605639.4943098288,101.35612464448445,100.91488130289709,2170585.4670460992,101.43620232224586,1706524.923015849,1488917.2747176918
246,1548266540.15067,264308,35076,0.13270880941931384,2.0160000324249268,32,32,0.036715494791666664,2373105.354129517,102.0390875282867,1138738.7809066116,99.96452944196442,1916011.2729177657,1353080.300067338,101.16446371945804,100.3883791414223,2134470.008033076,101.39426856314329,1585237.7725616628,1317454.8174195439
247,1548266540.18404,262187,37071,0.14139144961420666,2.0160000324249268,32,32,0.05415364583333333,2520667.494663875,102.58947285647997,1404919.2026127642,100.65098528547674,1935631.1483492258,1740878.096876269,101.54056307345338,101.21932559669342,1915250.4064212937,101.435068830548,1826107.1346006028,1658690.1794173738
248,1548266540.21741,261744,47804,0.18263646922183507,2.005000114440918,32,32,0.0803564453125,2528299.5166446697,102.63299800723651,357263.90290552785,98.39161880484643,1780545.4693776725,1242619.0161060547,101.15099651853332,100.17160881993699,2317450.022541856,101.6954405059633,1486767.6101416347,996146.347046963
249,1548266540.28415,260384,4655,0.017877442546393018,3.947999954223633,32,32,0.0005354817708333333,2517934.6446730075,102.84533792811811,2486725.1830350715,102.7023727652078,2464880.2311635674,2405369.367258713,102.73079506864917,102.6748543367848,2428680.0357000185,102.6956517591423,2462992.1856476963,2361531.413241175
250,1548266540.31752,258845,1850,0.007147134385443026,3.2690000534057617,32,32,0.0,2499617.7289801994,102.96896885167858,2484675.0008346657,102.87575487041674,2480811.1344402,2443531.077489966,102.91864098025582,102.85840737119177,2488224.6743935836,102.94490263287261,2486957.4849637737,2432651.445768294
251,1548266540.35089,257996,9074,0.03517108792384378,1.4040000438690186,32,15,0.0,2583841.505203431,103.10127835509698,2061948.377805918,102.52238996899786,2493642.319716499,2251312.8536867076,102.87742824928387,102.69062848338282,2546263.8489233525,102.8703715457275,2252504.6950671882,2198526.8297859775
252,1548266540.38426,256659,7836,0.030530782088296144,1.3869999647140503,32,10,0.0,2697833.4618778853,103.17753491953091,2198536.5018008887,102.69665293020508,2600398.723213857,2410416.5173391043,102.9941802970938,102.85549197817714,2544566.9524671575,102.9971333063971,2387111.3127184166,2339324.2428860534
253,1548266540.41763,256958,7458,0.02902419850714903,1.3700000047683716,32,6,0.0,2623988.0397937614,103.0629921576101,2099648.693297244,102.58390893554909,2537365.777158126,2331580.26182853,102.84400406850858,102.72834219484233,2619889.685301411,103.00801690871911,2323300.6862966665,nan
254,1548266540.45098,259055,7296,0.028163903418193047,1.3650000095367432,32,4,0.0,2610856.6520942743,103.09617997878004,2103048.1548020924,102.66043065788458,2510768.6481224336,2372545.8713122965,102.91263160436952,102.74727503985457,2608078.813472545,103.05798420967776,2321680.6841575806,nan
255,1548266540.51771,257920,7129,0.027640353598014887,1.3539999723434448,32,7,0.0,2634644.5450054687,103.00009264861197,2099000.342926056,102.57359576541032,2545811.960508148,2343638.3624223876,102.80749680264412,102.65669941386959,2633760.109272479,102.95600827520866,2346950.61962864,nan
256,1548266540.55108,259550,7764,0.029913311500674243,1.3539999723434448,32,21,0.00041666666666666664,2722460.2363257897,102.90659791599406,2074383.4238801862,102.33445245061552,2647217.28681895,2398233.4301009374,102.69343006864175,102.55467686010286,2647781.8654710324,102.64887406333379,2382362.4013564484,2306227.662242849
257,1548266540.58444,258898,6695,0.025859604940941992,1.343000054359436,32,3,0.0,2862190.840687074,103.17957965617683,2222092.2502535675,102.73103203225656,2816274.5924579576,2622515.9762124866,103.02253485842061,102.93165031533053,2861943.682875666,103.17158622370266,2554311.343339519,nan
258,1548266540.61781,258668,6777,0.02619960721851949,1.343000054359436,32,4,0.0,2779375.907635398,102.8848341367807,2071065.0947765736,102.35206342626225,2743961.0307715237,2564884.902840917,102.72863962530506,102.5619586710394,2550419.820358805,102.59872255524593,2505231.108302676,nan
259,1548266540.65118,260551,6896,0.02646698726928701,1.343000054359436,32,7,0.0,2591253.9805178093,102.08274923780112,1771881.6957850961,101.32877577500254,2540992.37695771,2275039.388868347,101.94907908331032,101.76646391848857,2475091.0605718233,101.90489492025067,2156965.2673020675,nan
260,1548266540.68455,262064,8414,0.032106660968313085,1.3539999723434448,32,5,0.0,2726153.8973905733,102.49622018519968,2012997.8180999449,101.76314388995522,2644824.9178143395,2394012.194339314,102.32481260647918,102.08183628634072,2587742.877582039,102.25490791137368,2357992.3124871496,nan
261,1548266540.75127,260081,13921,0.05352563239913719,2.2709999084472656,32,32,0.007373046875,3183140.147603995,103.14419783223198,2246808.012930633,102.14240562141384,2861942.154947633,2468686.5300967386,102.68574869551495,102.40103242717055,3130483.714005624,103.00988099989331,2688775.2716821316,2473044.064459829
262,1548266540.78464,260691,14594,0.05598198633631387,2.38100004196167,32,32,0.011114908854166668,3222213.4475064524,103.13690298923035,2220593.599115157,101.9805563015965,2700721.7734709647,2593281.4139444507,102.56493565185737,102.37632773331677,3199222.871203674,103.03075376870582,2653281.939335658,2537669.934150368
263,1548266540.81801,261856,29786,0.11374954173286081,2.38100004196167,32,32,0.0414697265625,3221781.041817593,102.36518225734577,1659142.210169234,100.17730419765158,2352312.44820259,2019715.1230810634,101.2124810547245,100.65761437186869,2860502.924931561,101.84047498851223,2181404.0734929014,1909235.6433745013
264,1548266540.85138,263281,33830,0.12849389055799698,2.3329999446868896,32,32,0.06453776041666667,3533270.205745813,102.83040183390602,1627073.070268606,100.48404419428778,2171717.1210821383,1866371.3502118092,101.38340786374954,101.01301554468456,2063931.93073209,101.34909885221755,2016212.8561901646,1716194.4210582227
265,1548266540.91811,264546,64077,0.24221496450522784,1.8830000162124634,32,32,0.10746419270833332,3307990.589407941,102.51874100157421,276958.10389499355,96.85113955520197,1561817.0341247611,866646.6209839281,100.00837919318516,98.72064209740977,1771541.2325502203,100.46644249607206,1171799.0563866897,785426.0697739469
266,1548266540.98485,263493,62982,0.2390272227345698,1.8630000352859497,32,32,0.11311035156249999,3353064.5248131873,102.25420155648409,444618.898259047,97.8745911643872,1790475.1349581324,808348.2030080264,100.0193042219748,98.74576085294409,1503672.1690387626,99.68790427684905,1435874.4232059862,1141950.6617449645
267,1548266541.01820,264198,52136,0.19733684585046063,1.7760000228881836,32,32,0.11512044270833333,3468937.509787043,102.78923793523043,310926.85556547577,97.52444423978145,1700714.8897086661,1084248.5611444965,100.7043943892034,99.73376770770331,1428067.6954494147,100.38204400283203,1705738.115403969,1079915.365267903
268,1548266541.05156,265836,65870,0.2477843482447825,1.843000054359436,32,32,0.1235009765625,2535022.7062042966,101.51901270123714,284778.52228018915,96.90157842405893,1376499.8668858113,621703.143849283,99.32845281716527,97.99351971047079,1985535.9788573731,99.94291137006303,774714.7787967831,441087.3198221139
269,1548266541.08492,265366,62802,0.23666181801737976,1.8229999542236328,32,32,0.175400390625,2755481.73804708,101.97461184699024,316779.4905938748,97.35465328169123,850044.5565958091,598115.1255010654,98.73664904675651,98.12195611716108,527728.7226126053,97.9897401379447,810922.6080579429,472025.90302418184
270,1548266541.11829,266864,64872,0.24309011331614605,1.812999963760376,32,32,0.0661767578125,2778381.512564131,101.89232613511382,318083.89554332424,97.06272595922351,2216794.5903188107,861477.6090550097,100.49499343706472,98.66619866149998,1239051.0772763272,99.11324210290361,911435.1628591963,545749.8157405114
271,1548266541.15164,266596,11808,0.044291737310387255,1.1050000190734863,32,15,0.0023453776041666664,2179628.277367086,101.05820982986054,1496150.4409503334,99.99308268859362,1946423.8512560984,1727633.4762826336,100.68347185199622,100.32970287368865,1894336.968692424,100.531157401251,1725073.292501547,1665148.2103021527
272,1548266541.21837,265830,113390,0.42655080314486704,2.065000057220459,32,32,0.35427734375,2720324.5340044284,101.96516544187295,405011.07357972855,95.00931406651421,1155822.0885759164,493775.9140283148,97.52220627199179,95.25069126577031,1111173.6828071692,97.19472399821163,1119942.5617701435,639043.0060820964
273,1548266541.25174,264932,12204,0.04606465055183972,0.9509999752044678,32,18,6.510416666666667e-06,2585429.6640895144,101.93267159423729,1706785.4079645902,100.79443534702399,2405827.812018043,1986156.5954610603,101.57812313760515,101.06353904197724,1866396.181516663,101.00861938954564,2000815.1638929062,1838913.3521344229
274,1548266541.28509,262739,9298,0.03538873178325258,0.925000011920929,32,16,0.0,2873419.31203237,102.605943349914,2461900.9137814376,102.0329127219348,2691283.6229324564,2464373.7391345296,102.28083105003927,102.07065484057249,2754970.404759574,102.39039606697082,2553905.150053561,2461264.919329301
275,1548266541.31847,264270,125075,0.4732848980209634,2.115999937057495,32,32,0.38887369791666665,2258801.0567508386,101.78096177187953,150583.4192517482,93.1210162516627,759159.3555401132,373683.5074946945,96.41552827516918,94.71986213363725,858156.8147752087,96.59079647074924,728619.9786777709,520325.10179933795
276,1548266541.35184,261543,2188,0.008365737182795945,2.882999897003174,32,32,0.0,2038142.1136713536,101.64018045179219,1951895.0374495788,101.43244719049247,2018524.1582729563,1986024.5294868397,101.58781690879397,101.53027651736441,1941942.7944827417,101.44116628754128,2014886.903525416,1957320.5102048481
277,1548266541.38520,260371,1395,0.005357739533204542,2.9579999446868896,32,32,0.0,2300080.8133690343,102.30014680250201,2292858.1058641784,102.26554690942797,2291485.078119095,2269342.954502308,102.27901421891916,102.2467656179088,2278242.7566733123,102.25633574482731,2286302.691655174,2267695.575632369
278,1548266541.45194,256820,145364,0.5660151078576435,2.197999954223633,32,32,0.45574055989583334,1996274.5199376123,102.1160078989305,171008.0745552102,93.32161751812723,546216.2056339814,235109.1791339063,95.99394476055514,93.71742185229954,605662.4115888602,96.04762929804977,521303.7047937317,183116.70036514563
279,1548266541.48531,256586,146606,0.5713717817807674,2.197999954223633,32,32,0.46655110677083333,2041343.9067904968,102.24842488917496,186174.7042433488,93.53041680146431,513935.0855851773,199905.45005658836,96.04558928025338,93.7194487399232,239733.33752004872,94.40905992836798,510839.0833904054,185752.40901083258
280,1548266541.51868,256693,1297,0.005052728356441352,3.009999990463257,32,32,0.0,1604852.704416866,101.22540044947796,1598729.5034104346,101.19992689337028,1600700.8639354333,1585465.8346375702,101.20737841366508,101.17125804073041,1599324.3783537515,101.2008994672278,1603043.7332027277,1593729.626299279
281,1548266541.55205,254700,1958,0.007687475461327051,2.618000030517578,32,32,0.0,1734514.0757132599,101.88221942281582,1717153.0835234078,101.83043750513669,1721970.7222862765,1688141.4363442396,101.84238979700893,101.75572692508631,1733160.183987456,101.86402754457708,1729621.7250151858,1699276.9960110653
282,1548266541.58540,255564,138353,0.5413634158175643,2.2260000705718994,32,32,0.4364339192708333,1510440.3713904354,101.38985677117888,157237.5132157516,93.71363741804117,421693.9817736129,179018.97205765636,95.99839379800673,94.15194757757001,293735.997887289,95.28847415528949,459007.2256007497,196607.9488754665
283,1548266541.61877,256526,49744,0.1939140671900704,1.5570000410079956,32,32,0.027509765624999998,1305852.435516792,101.0615307901526,608918.4771604853,97.83790481752393,960661.194766952,825635.2744417501,99.83173440012642,98.67750839608807,1134863.3723792227,100.3741164934486,872241.2145132158,645300.5630963261
284,1548266541.68550,257180,38251,0.14873240531923165,1.5290000438690186,32,32,0.046708984375,1365970.7803559857,101.64093161040736,708828.3325151274,98.87082889397593,1061339.821151476,937670.1188707219,100.59211291321128,99.48937765011176,966169.1098265374,99.74099630305106,965281.9370711086,712127.8652464921
285,1548266541.71887,254204,34972,0.13757454642727887,1.5230000019073486,32,32,0.07558430989583334,1857016.207502995,102.71627045244998,967767.4255195396,100.27558101479886,1356961.5265303394,1282426.2609742335,101.12969500708051,100.94363852791082,1289142.2852430532,100.90879752842173,1316295.0300553618,1241874.0106867289
286,1548266541.75224,257843,33786,0.1310332256450631,1.5160000324249268,32,32,0.0016943359374999999,1420551.788129592,101.59438864174183,759469.2894011145,98.98090763465639,1242854.8861613392,1067408.565357706,100.97684830036098,99.75066934290597,1304469.7883036325,101.12202019029695,1044618.0919644651,839944.393154205
287,1548266541.78560,256389,1468,0.005725674658429184,3.2079999446868896,32,32,0.0,1204494.659627974,100.7678838602748,1179936.3886171477,100.6906826968051,1195674.5878303726,1182642.3906489317,100.74132294752962,100.68132803140206,1200360.7702489463,100.75630634656656,1197437.256389846,1189988.5058668384
288,1548266541.81897,254198,28144,0.11071684277610366,1.496000051498413,32,20,0.0,1613130.707607136,101.90601148611532,869915.8625082546,99.74683427173159,1387072.1431202758,1161500.098156845,101.25347332762556,100.60461633425207,1161674.7661778913,100.83430464935874,1131425.7937756816,1058128.9063576353
289,1548266541.85234,257504,27998,0.10872840810239841,1.4889999628067017,32,32,0.0034993489583333335,1256383.693121844,100.92650957579586,679518.110177373,98.45903656205861,1035850.8365379664,890421.0844368329,100.098623439542,99.19883705041886,927891.421668393,99.29838769638914,857037.5471882245,759770.2794283767
290,1548266541.91908,252830,1613,0.006379780880433492,3.009999990463257,32,32,0.0,1614124.580311341,102.06440428980972,1580820.0929815115,101.9833463152278,1605763.7511678492,1585796.9648292235,102.03634475907015,101.99672955565752,1610527.0205943543,102.04497946151358,1604553.3301588397,1592388.1683038205
291,1548266541.95245,254242,910,0.003579266997584978,3.299999952316284,32,32,0.0,1666445.744429246,101.917252366535,1658622.278481225,101.88415359463882,1664432.3428681418,1648369.9559082738,101.9082215844804,101.84852852670244,1666182.1826145926,101.91476491122535,1662419.1982998725,1651846.6561443731
292,1548266541.98582,256951,23096,0.08988484185700775,1.4270000457763672,32,32,0.019464518229166665,1460068.4900378855,101.29770081911639,784586.6622220016,99.02678823321973,1138716.5021085339,996999.7902767424,100.13517936996864,99.48301852154093,1100214.2088771032,100.17298760178225,1030743.6295603453,882279.8619577375
293,1548266542.01919,256574,2818,0.0109831861373327,3.009999990463257,32,32,1.6276041666666666e-05,1386182.5062644954,101.16956044059728,1361891.0128524366,101.07169011880487,1361300.7756528347,1340381.6699813558,101.09095704388905,101.01915688424343,1359370.9389457772,101.06537642540826,1365827.9711765118,1347235.063958856
294,1548266542.05256,256004,2301,0.00898814081029984,2.9579999446868896,32,32,0.0,1435801.8520644389,101.14954970250812,1407418.183837454,101.06094006655825,1422313.4054224296,1400030.549702751,101.10382685530578,101.05614645824802,1425484.3103792304,101.11503756435822,1419558.1858132905,1393173.2096743097
295,1548266542.11929,260029,19160,0.07368408908237158,1.3760000467300415,32,21,0.0037337239583333333,1100899.511148588,99.74590899478329,625408.7859788339,97.78945549157723,946715.9077181972,826233.9134272935,99.13743673710721,98.35447475127101,985014.9126806123,99.27961957518605,816938.1657664016,697349.1789260999
296,1548266542.15266,257113,2009,0.007813685033428882,3.0920000076293945,32,32,0.0,1441242.1442046477,100.93452233068379,1434851.1159664406,100.8899944567464,1431991.1119676167,1413512.539483132,100.89697071162874,100.85163823769754,1424901.0443079136,100.86887797337862,1428492.485740481,1411454.7576089932
297,1548266542.18602,257133,13415,0.052171444349811184,1.3589999675750732,32,32,0.015642903645833334,1494294.8584831408,101.17906258497172,853372.3330649829,99.14017001697101,1108914.1635356615,926139.4648927262,100.05193469992872,99.49438010612388,1181726.7700591998,100.25798746702408,949997.645125067,897996.6438298433
298,1548266542.21939,258985,12113,0.04677104851632334,1.3539999723434448,32,32,0.020216471354166668,1414820.0713308298,100.60330899911946,926237.204942599,99.20675938934707,1085974.0167510062,954635.3092121705,99.72400247807545,99.27588730125215,1108621.690980536,99.79309904460732,978906.8781221113,944220.0299638136
299,1548266542.25275,258771,7714,0.029810141012710078,1.3070000410079956,32,26,0.0005794270833333334,1426996.8664180462,100.6192841038509,1000098.8272996544,99.42754188924519,1331291.9079728322,1126355.6103268324,100.29108897455957,99.81897027913661,1350674.1726084023,100.3249479963424,1135849.8238933492,1066356.490355089
300,1548266542.28612,258355,10998,0.04256933289466045,1.3489999771118164,32,17,0.0013460286458333334,1340715.4512188532,101.0388895696889,885162.614423345,99.12734721164531,1242822.8484340585,1050508.102505218,100.6052412374627,100.02940447899596,1314528.0014743332,100.86117068612256,955526.7788054737,899014.9081303284
301,1548266542.35284,257404,3190,0.012392969806219017,2.933000087738037,32,32,3.2552083333333335e-06,1576147.8023148067,101.42422408980818,1564462.5535684347,101.36358922458152,1551361.0056196223,1516298.0372142156,101.34868728995885,101.29701154603904,1518613.38018733,101.24826695800726,1562256.429276971,1508908.2289778413
302,1548266542.38621,257742,2283,0.008857694904206532,2.8589999675750732,32,32,0.0,1642778.4763928363,101.9614155651642,1607553.2554117267,101.87833536180625,1626751.2867661496,1606200.578084928,101.9023266097906,101.86912632075688,1639022.3348727357,101.91550882200275,1626306.3045664192,1595769.1114500787
303,1548266542.41958,258656,7248,0.028021774093777062,2.503000020980835,32,32,0.0016162109375,1507916.3768473233,101.61019381203765,1449054.0511444034,101.43597530545036,1455688.1080057244,1411004.245085682,101.40828476770052,101.26755961085249,1458412.9707672682,101.4271292345581,1470402.8204718395,1349212.9925751374
304,1548266542.45294,259196,3149,0.012149107239309249,2.933000087738037,32,32,0.0,1439510.4169825683,101.09395779158751,1418142.1476772144,100.999044755586,1420530.0043836124,1379363.8628749077,101.02233119652723,100.96388337679095,1421336.235567755,101.03279013622392,1422027.2539038672,1393676.965798124
306,1548266542.51966,258914,3273,0.012641263122117769,2.933000087738037,32,32,0.0,1485855.013018029,101.5575621075821,1457179.7015212672,101.46306068219317,1473691.6526682053,1441596.6998897812,101.50334507944908,101.4402070143357,1481764.8697690777,101.52570931987428,1468637.378732666,1452442.4208140264
307,1548266542.58640,258114,1059,0.004102838280759664,3.1489999294281006,32,32,0.0,1613536.9998020374,102.11130038607963,1608681.454816409,102.09343492257952,1609123.9938228033,1600871.5252732602,102.09107595910005,102.0720771155474,1610640.2765822012,102.09537357167959,1609266.483901018,1592620.1885523149
308,1548266542.61977,261324,5475,0.020951003352160536,2.618000030517578,32,32,0.00015950520833333333,1423874.741485621,101.16427960786436,1361510.5669655649,100.7705869650417,1402600.0961730862,1358008.8856238239,101.06484900083795,100.76925641279024,1395782.723014505,101.01939012751049,1404443.2466592316,1360897.5078668254
309,1548266542.65313,258827,2747,0.01061326677665004,2.7230000495910645,32,32,0.0,1662243.6732475208,101.9224213691251,1634796.4621861323,101.8226461521796,1632084.2570284607,1581836.79785923,101.83886932622534,101.79071279173486,1649146.1123716263,101.83315373474527,1644222.9827616194,1614796.2682272624
310,1548266542.68650,259357,3120,0.012029750498347837,3.1489999294281006,32,32,3.90625e-05,1671828.9991463667,101.85909087322831,1663583.7340326007,101.78864406718537,1660503.3064740344,1636045.8014209773,101.79375034454722,101.73350128136066,1662432.002296525,101.78371571051561,1658312.2843082296,1642278.62936138
311,1548266542.71987,259726,1500,0.005775317064906863,1.2269999980926514,10,1,0.0,1863191.0845189164,102.11630931872821,1523691.2942625212,101.41093772838379,1842957.4681964826,1779054.1973193057,102.03761574381906,101.86623606639115,1842375.5101556252,102.0435009714181,1680242.82738249,nan
313,1548266542.81997,261561,3899,0.01490665657341882,1.3220000267028809,32,2,0.0,1817536.722341779,102.16054558129652,1324859.0517476245,101.26132665757748,1789117.9466478908,1695404.1375216695,102.05101500971847,101.84700570920933,1739078.6792585156,101.95170322132284,1463901.1302671446,nan
314,1548266542.85334,261046,5767,0.02209189185047846,1.5089999437332153,32,32,0.0140625,1911387.2181363315,102.35265059993372,1383823.6986747512,101.48755856732123,1579071.9463552698,1397436.1493276048,101.76809569317705,101.51031390838385,1472617.5543779945,101.6235905990404,1554949.4257250335,1385938.3874489805
315,1548266542.88669,259692,6405,0.02466383254008595,1.5230000019073486,32,3,0.0,1901402.7484209314,102.24490052609781,1413975.586320318,101.51648619086089,1859731.794739938,1723213.413165228,102.10272623514913,101.95903050845502,1881885.395970044,102.15891500575255,1618693.8640036755,nan
316,1548266542.92006,261960,7136,0.027240800122156055,1.5360000133514404,32,2,0.0,1520225.057180113,101.12852768150151,1158943.7123682832,100.07833883607549,1483444.868374412,1361463.8856970356,100.98214990125817,100.67862900479163,1421457.2821743735,100.97321068251892,1360971.5890134638,nan
317,1548266542.95342,260143,3420,0.013146615515312732,1.3539999723434448,32,3,0.0,1712300.6190249443,101.74145296174818,1333586.3005318067,101.16954320409624,1701955.1287765238,1513790.5062751335,101.65697511907133,101.39839824942744,1711685.6068759772,101.73362817787958,1433103.8256441695,nan
318,1548266542.98680,259609,3821,0.014718287886783586,1.3760000467300415,32,5,0.0,1880931.9691272865,102.11167596704172,1447544.2354194338,101.54063291979237,1858320.6212201852,1752882.5050159732,102.02977854748153,101.91175094146658,1871416.5708206794,102.07454789476952,1584030.877947426,nan
319,1548266543.05353,262345,4223,0.01609712401608569,1.3980000019073486,32,1,0.0,1562463.626712479,101.08409235112791,1082058.174606115,100.17513145612222,1547747.8246031532,1444245.2664128286,101.01207597182668,100.7886049996803,1561951.3746779654,101.07347686220446,1283298.2337486225,nan
321,1548266543.12028,261824,2499,0.009544579564898558,3.2079999446868896,32,32,0.0,1525554.661674196,100.92595026077363,1509141.7136295072,100.84812981154244,1513836.7507331977,1448056.1180695368,100.8626327575358,100.76227242263224,1520356.514180439,100.89859535743537,1511401.6381957913,1453239.6841651136
323,1548266543.18698,261389,803,0.0030720497036983195,2.7230000495910645,32,32,0.0,1876926.6972200177,101.59901191619923,1874322.792562751,101.58623503098958,1875440.7251410265,1857543.0312382365,101.58405740072794,101.5635809790405,1875850.5902954044,101.59005918350924,1874156.1724886126,1858743.2441362136
324,1548266543.25372,261761,9145,0.03493644966209634,1.4450000524520874,32,4,0.0018961588541666667,1749692.2825272786,101.2643282736517,1012630.0886121766,100.21514703434688,1618422.8959454237,1255593.0443074761,100.94590942632809,100.49741951561509,1743976.9512262654,101.1826316462158,1138311.8859882844,nan
325,1548266543.28709,262229,6448,0.024589194940300273,1.4329999685287476,32,2,0.0,1476770.3280012447,100.72785702742527,920685.4146244939,99.763787358354,1452056.7422771815,1254243.5829722208,100.577564112325,100.29450105865817,1395341.9282209713,100.46773073178397,1134587.934552093,nan
326,1548266543.32043,261440,3100,0.011857405140758875,3.503000020980835,32,32,0.0,1646579.273847929,101.09012531894312,1633688.5770872005,101.01422576893353,1632802.5123193916,1602255.7795197736,101.0339663371459,100.98240668637843,1628300.7572563495,101.02303541161658,1625306.5324738747,1596642.8642914004
327,1548266543.35378,261365,8006,0.030631492357431178,1.4390000104904175,32,8,0.00016927083333333334,1795359.9729849177,101.34850162310634,1181335.0580249373,100.47348909020408,1733697.5051155528,1469136.9168461338,101.15147026109668,100.84010996996123,1784719.19102973,101.30450540513996,1365959.7404247615,1339520.8142285987
328,1548266543.38715,261443,552,0.0021113588812857868,3.433000087738037,32,32,0.0,1445164.4754413944,100.81131722484363,1443298.9784329992,100.79592877285101,1443807.7724058921,1430978.8733208454,100.80532946313065,100.7847974116398,1444781.8638304358,100.80231476394817,1444282.8454545042,1437676.4998401809
329,1548266543.42052,260656,3842,0.014739733595236634,2.680000066757202,32,32,0.0,1955416.1777215225,101.81443333643483,1501275.9649103845,101.04832366535642,1911653.770278073,1850785.7381751374,101.68395247411175,101.6232829718795,1885519.6166981831,101.66503157773718,1903004.1200715955,1818785.8850506325
330,1548266543.48725,258763,7853,0.030348233711929448,0.9620000123977661,32,12,0.0,2434106.4766780026,102.5659824157412,1813750.7687264085,101.57608654992129,2250717.3012608057,1902794.5775962658,102.26848294954874,101.60830023256635,2017571.5145317453,101.88633835841586,1943705.5681402353,1892480.324937623
331,1548266543.52062,258495,13010,0.050329793613029264,0.984000027179718,32,16,0.0009798177083333334,2071189.2771815048,101.45996321922587,1414146.8576240933,100.34255678805157,1766414.2419810467,1530600.5547838055,100.73017543455943,100.29386148594477,1617013.4883657345,100.6565735817563,1538906.2199189998,1457800.730999956
332,1548266543.55399,259184,15291,0.058996697326995494,0.9869999885559082,32,16,0.006931966145833333,2049427.6040767105,101.35206446879258,1473323.9402295547,100.31107998723095,1637865.3770402572,1478719.7906918707,100.44748168173557,100.3208274449145,1514650.7697727615,100.47238078383721,1555919.6640766938,1486981.9172098027
333,1548266543.58736,259631,17494,0.06738024349942803,0.9950000047683716,32,27,0.009462890625,2120941.1432458493,101.63382282400978,1397276.2191059717,100.34395014603814,1707405.1668135535,1504343.1415811665,100.89935564647021,100.4227912691649,1647211.35220771,100.92460449507054,1661791.0855638862,1482861.260333046
334,1548266543.62072,258961,17964,0.06936951896231479,1.0160000324249268,32,20,0.0,2613931.9241350135,102.0734913808756,1556872.307942088,100.34242145706341,2291781.630759027,1986536.5882007268,101.29536467671029,100.77881401551524,1990614.8853095882,100.51507560409144,1940248.2231260703,1721318.9121444381
335,1548266543.65410,261039,17524,0.06713173127387095,1.0379999876022339,32,32,0.004127604166666667,2363484.475708279,101.47682704257507,1364887.3328982147,99.70619715511856,2006800.8862457136,1737480.257803561,100.65782598293595,99.87349440646499,1738291.3554605413,99.74246462504155,1793279.0043394607,1541865.7347778275
336,1548266543.72085,259751,15479,0.05959168588378871,1.093999981880188,32,17,0.0,2584282.5845386838,102.36018322815254,1249321.5521060254,100.08047572969531,2493207.4397141323,2205196.799221284,102.0854652611647,101.68111625813975,2572797.6502441214,102.15110980414872,1939964.8260172345,1680837.248844418
337,1548266543.75422,257241,16166,0.06284379239701292,1.1080000400543213,32,24,0.012762044270833333,2546823.7126077916,102.23385073288199,1345373.4101736795,100.39565464730934,2117863.2491703015,1877555.5370265935,101.48035293158254,101.10345810387206,1776742.9263033278,100.99096125614025,1927209.896506825,1770447.9037372533
338,1548266543.78758,258616,14634,0.05658582608964643,1.093999981880188,32,32,0.0014420572916666666,2441286.0932875583,102.3111487750592,1218838.015821422,100.12981507261368,2374281.5294375513,1660196.0917233855,102.02311176275145,101.04685091721785,1967995.152253798,101.36561112854736,1719829.117930615,1520919.670381028
339,1548266543.82095,254731,13266,0.05207846708881134,1.0670000314712524,32,28,0.009571940104166666,3262585.1475619073,103.03386894398692,1758731.6189849584,101.26315482522901,2755228.5197383664,2462452.8970137346,102.3709285236415,102.06334824822684,3228789.661400083,102.94104343607754,2564791.6167786075,2123821.9244425152
340,1548266543.85432,251706,15440,0.06134140624379236,1.062999963760376,32,24,0.00455078125,3065854.599440946,103.0353626378523,1903130.85287239,101.64127546094852,2539912.8203103943,2197694.9917976535,102.31494468781692,101.85459339051216,2558711.676478149,102.34978133285908,2298851.571518928,2180399.8250053823
341,1548266543.88766,253543,32626,0.12868034219047655,1.4579999446868896,32,32,0.0047802734375,1916587.3643572687,101.42877039760586,1148994.2104514348,99.35911164232823,1419712.9776350465,1162096.2166968489,100.34946107585651,99.46317685338786,1293014.255453535,100.07419854688774,1247761.9790148255,1159543.3978480515
342,1548266543.95438,250866,930,0.003707158403291,3.5390000343322754,32,32,0.0,1925447.4191247832,101.73908676497607,1877004.2724764205,101.6620889168945,1921159.095420782,1908936.8479741244,101.7206202344811,101.69523429521112,1918727.6725823197,101.72062270024244,1920753.9712283276,1894350.7967247039
343,1548266543.98775,250903,2734,0.010896641331510583,2.7890000343322754,32,32,0.0,1761899.8055341037,101.35923176300388,1749973.9257887502,101.29414755932709,1749942.3479453125,1699625.0938836043,101.30769721232872,101.23917947318938,1756184.0089944701,101.33770300033572,1750779.1559541605,1697067.5750411751
344,1548266544.02112,250820,3015,0.012020572522127421,2.812000036239624,32,32,0.0,1730043.412551993,100.99368536657612,1721568.47251672,100.92880784638278,1713929.4465291258,1654987.490495233,100.92415403012507,100.8727224032579,1721918.4611694184,100.92599249782515,1711640.6089023408,1672738.002970933
346,1548266544.08786,248649,5417,0.0217857300853814,2.933000087738037,32,32,0.00044270833333333337,1695458.1406808558,100.94589169902672,1484527.9822418245,100.49961446569924,1639200.6407118875,1570782.6000185777,100.80783316231152,100.65272149189072,1667369.1977135024,100.82529400044868,1644450.7887486094,1560951.3275494163
347,1548266544.15461,246906,3654,0.014799154334038054,2.9079999923706055,32,32,0.0002766927083333333,2090180.3554634247,102.0496680075751,1883243.8936756134,101.62614406455396,2048553.1044683622,1969345.095682782,101.94289041829654,101.82015015686973,2047117.0422934552,101.96740215970735,2042040.4760332685,2000287.3267532783
348,1548266544.18799,247073,2307,0.009337321358464908,1.4450000524520874,32,32,0.0,2130393.7434932855,102.24094051317132,2029065.5560200748,101.99147555255709,2092122.0472294965,2046052.1134197295,102.17013668558768,102.05439495744724,2101894.0557327736,102.1806829795956,2091984.4357255867,2039871.1121865106
349,1548266544.22135,246209,1938,0.007871361323103543,3.2690000534057617,32,32,0.0,1973386.8515499476,102.1389793842394,1832349.6270555703,101.86680149461677,1961781.406415021,1933586.4945824847,102.09972835401956,102.06013746195137,1953551.614915229,102.08984647742344,1957471.2974463813,1911638.7605256133
350,1548266544.25473,245335,1362,0.005551592720158151,1.3700000047683716,32,30,0.0,1934957.0562582207,102.08869091950947,1790549.8462606878,101.82496022039967,1919118.432342859,1856650.4551358565,102.05051570789959,101.9409483877053,1911092.187707441,102.04460110689246,1916141.8808803794,1902991.8928314524
351,1548266544.28810,245432,2305,0.009391603376902768,2.933000087738037,32,32,0.0,2416954.948316341,103.1153676931866,2252714.8688784605,102.8258861060996,2389497.8539718958,2345319.245335566,103.04883512921718,102.97230847241055,2389140.8551179445,103.02813586868677,2395264.7734911535,2355548.040239939
352,1548266544.32147,247961,1903,0.007674593988570783,1.5230000019073486,32,32,0.0,1634813.3106161547,101.18953137867018,1533753.1539642958,100.93859748864688,1622188.8654173468,1589973.7747675274,101.14684481548719,101.06272168431873,1623839.3550134315,101.15315002985878,1623401.7049595213,1605430.30606802
353,1548266544.38821,246019,1085,0.004410228478288263,3.503000020980835,32,32,0.0,2455499.62812474,103.07613671298148,2431125.3544665533,103.03561942357625,2448879.1147931213,2429773.886388282,103.05289019398737,103.01906109153765,2416433.076215838,103.02274709376343,2447250.5621154355,2431803.339866055
354,1548266544.42158,244772,621,0.0025370548918994,3.23799991607666,32,32,0.0,2618797.5676998287,103.35924702728119,2610444.1621315605,103.33225938405828,2616311.3707504785,2603061.165718082,103.3481449695079,103.33425017850458,2618693.393948625,103.35806109817004,2616520.272043378,2602910.215997605
355,1548266544.45495,244996,607,0.0024775914708811573,3.8589999675750732,32,32,0.0,2474108.809199007,103.2189925735531,2459650.841827429,103.19580506307615,2471624.141224969,2458991.8983925153,103.20780236301835,103.18390346165003,2470204.621880226,103.2124956115845,2471384.4784137276,2454702.774552188
356,1548266544.48830,243682,1696,0.006959890348897334,3.23799991607666,32,32,0.0,2547428.2667301623,103.29722070784308,2507735.388385074,103.20833516716382,2527455.209493867,2508894.873921187,103.24958314086408,103.20214424386906,2542160.9001560886,103.26899100439617,2527224.8614121126,2502342.819265892
357,1548266544.52163,244866,540,0.0022052877900566024,1.5570000410079956,32,32,0.0,2381770.1972300718,103.15336745555746,2375588.2301044394,103.09572643194664,2380030.4163084337,2367565.924597461,103.1414458908686,103.1249256970501,2378275.7721817885,103.14049671487568,2380335.6565350816,2356808.242053231
358,1548266544.55500,246589,1629,0.006606134093572706,3.5390000343322754,32,32,0.0,1920468.7654869473,102.27807122519731,1880704.0279432305,102.15645546590252,1910680.1094988072,1894544.5381473468,102.24652843078852,102.20540551233938,1912243.320325865,102.24235813117454,1914270.2951397584,1894016.1448577698
359,1548266544.62172,247168,1111,0.0044949184360435004,1.5499999523162842,32,32,0.0,2298000.9350873083,102.81911481177659,2256103.0409341077,102.66780242383784,2291940.7221308285,2272280.9379099277,102.80101651826968,102.76491689486635,2287323.425351735,102.79825786920742,2293431.5931159025,2254972.181302719
360,1548266544.65508,250067,1385,0.00553851567779835,1.5570000410079956,32,32,0.0,1779640.2879873966,101.77187532147515,1757869.76387863,101.61804431068022,1772641.2148374468,1755288.5469182914,101.74844131365904,101.71089643278505,1765241.4642858633,101.71464269154336,1771752.7027688893,1744596.4360019804
361,1548266544.68845,250078,1051,0.004202688761106535,1.3070000410079956,32,32,0.0,1883466.9424533595,101.94245143703655,1855971.7827465378,101.7931715134215,1876290.49034916,1852753.1267669671,101.91583158049166,101.8735894149331,1875899.145261955,101.92154293488449,1870368.7170264628,1849727.8221201657
362,1548266544.72182,250483,1875,0.007485537940698571,1.5640000104904175,32,32,0.0,2138412.203376898,102.45244995047526,2064231.527555949,102.29720210432218,2120824.909315169,2090226.6652179565,102.40370171565613,102.34345325998441,2127647.6232381454,102.43130716555925,2121317.228079194,2099361.9300093814
363,1548266544.75519,250198,3060,0.012230313591635424,2.8589999675750732,32,32,0.0,2157384.6797888945,102.37336355111034,2098121.141640959,102.19898370569838,2111673.7653564885,2081366.4495000832,102.2733316377317,102.19038992186984,2107738.006241663,102.26714914640124,2127223.8608594676,2101640.04787849
364,1548266544.78856,250384,2197,0.008774522333695444,2.680000066757202,32,32,0.0,2111566.229235694,102.36362565153564,2063992.8337527483,102.20719120638111,2094406.4006297165,2051713.6140330192,102.3083007946014,102.24980237367458,2058689.618505865,102.25675562635875,2094242.2272809902,2057504.6547530363
365,1548266544.85530,251766,2756,0.010946672704018811,3.119999885559082,32,32,1.6276041666666668e-06,2038208.188902702,102.24665518472428,1974248.2950160017,102.06842300786658,2018177.2276907954,1989917.850211138,102.19201020203718,102.1409365892274,1997601.3047616798,102.15734148764719,2017987.5678231227,1988756.259783755
366,1548266544.88867,253886,2086,0.008216286049644328,3.3989999294281006,32,32,0.0,2234307.1226445236,102.89288491978418,2150697.4545703395,102.71945591112515,2222414.1236378285,2196539.3158468935,102.85725835611811,102.79481605442734,2220989.4652105453,102.8359413255923,2217000.0238604005,2183152.7773997285
367,1548266544.92204,252934,511,0.0020202898779918873,3.177999973297119,32,32,0.0,2238762.851112803,102.935328725424,2237381.6123979143,102.91151499377314,2237009.9491464626,2224946.4315277734,102.931132909415,102.89603662948558,2238724.102202277,102.93521894553712,2237159.0503564267,2228042.023368747
368,1548266544.95541,255831,521,0.002036500658637929,3.2079999446868896,32,32,0.0,1787071.6528566326,101.9994903034482,1781434.2616199658,101.97802371333778,1784064.7183843344,1769171.0965617097,101.9912607016613,101.96683217098656,1785990.9776154838,101.9967658522254,1786019.2572538052,1779493.884135218
369,1548266544.98876,256113,2997,0.011701865973222756,3.177999973297119,32,32,1.6276041666666666e-05,1864948.1021785317,102.26850775291658,1768330.8154957248,102.00741656945499,1840590.8495327476,1810528.9602898732,102.19745794504172,102.11599963360152,1837321.9113771466,102.1890773515027,1840856.2099276793,1811756.541699986
370,1548266545.02213,255460,2332,0.009128630705394191,3.5759999752044678,32,32,0.0,2112440.6583998087,102.93135873646963,2076896.7324992474,102.8584808261183,2098696.5085808453,2067940.7099173348,102.88189611432736,102.83426716763239,2066910.4857883016,102.83821745902588,2083349.6021290987,2055956.9474871866
371,1548266545.08886,254067,5089,0.020030149527486843,3.23799991607666,32,32,0.00052734375,2276785.0858981386,103.3003785658784,2159958.410773484,103.03559006427585,2226112.1504764296,2177103.4867372042,103.18036530986095,103.11614332327451,2163873.121124125,103.13885032980093,2222950.2735544415,2175523.718008798
372,1548266545.12224,254502,777,0.003053021194332461,2.8589999675750732,32,32,0.0,1912296.9940659967,102.53638439578994,1904302.1415568308,102.50459823561802,1907943.7747102804,1873741.820473634,102.52436556301816,102.47417400152801,1911065.418354831,102.53191697606799,1910980.4909808561,1895730.818238254
373,1548266545.15560,253527,1380,0.005443207232365783,3.009999990463257,32,32,0.0,2252737.1980680027,103.3041541790173,2227967.06463023,103.24023560072204,2242526.006212744,2224550.1371754035,103.27009974091776,103.249160043022,2240670.1486225245,103.28042554137075,2238206.3027831996,2230378.0431438372
374,1548266545.18895,251601,1832,0.007281370105842186,2.6589999198913574,32,32,0.0,2553265.1266399454,103.71531100443909,2477424.7724495768,103.5560175601811,2539732.5420220457,2521838.5804397794,103.67235710147523,103.64906887093396,2540491.1183898333,103.69448866623387,2540927.1743051484,2518896.3342903177
375,1548266545.22232,252352,5381,0.02132338955110322,1.9589999914169312,32,32,0.0003352864583333333,2422837.2468041694,103.39686802661919,2177205.123545523,102.90792534859938,2310053.92276781,2201415.946745037,103.22429639565215,103.05628171628047,2329228.759971272,103.22946801989274,2315399.857199423,2210556.6823137407
377,1548266545.32243,250066,3931,0.015719849959610663,1.2970000505447388,32,11,0.0,2881090.175379386,104.0204254796013,2776639.7586716916,103.85525242222253,2833296.002498716,2657759.131361949,103.92255878288427,103.8088858684731,2877095.6062147496,103.994375742391,2846210.464397637,2656531.7058877517
378,1548266545.35581,252922,3891,0.015384189592048141,1.2450000047683716,32,2,0.0,2924253.86774377,103.95765345910917,2797589.6741327825,103.74655376623289,2885121.667755981,2719831.5327177877,103.87125797014889,103.67105574716703,2853210.9173277677,103.83613694540236,2717266.8917244244,nan
379,1548266545.38918,252709,3993,0.015800782718462737,1.2100000381469727,32,8,0.0,2663817.8559040334,103.58442794952464,2512424.454238282,103.34274369083383,2588173.474432797,2400953.045648013,103.42740906645884,103.31546865056178,2620905.016626726,103.4936208940818,2466412.084238529,2356683.5069223116
380,1548266545.42255,253207,3083,0.012175808725667142,1.1729999780654907,32,0,0.0,2869895.936047619,104.0651532667045,2705478.721276418,103.8071822866035,2853936.6519476306,2741619.0320977066,104.01036541323182,103.85543440893174,2854577.1752162464,103.99019639024219,nan,nan
381,1548266545.45592,251642,816,0.003242701933699462,3.1489999294281006,32,32,0.0,2869492.560400071,103.91749746223347,2861589.9521683212,103.89076998166881,2862348.5082441326,2846713.2794515006,103.90051779289041,103.87978419198376,2839363.201241128,103.88397259589351,2863038.9036645805,2845465.5455801105
385,1548266545.62276,253970,1032,0.004063472063629563,3.119999885559082,32,32,0.0,2437519.4944401267,103.30898390219618,2425462.3366495944,103.27471770463873,2433537.488913093,2411895.9945730204,103.28837313557244,103.2635758518352,2436343.046398492,103.3033250503359,2431781.599365016,2391581.337077257
386,1548266545.65613,255796,3444,0.013463854008663153,3.2690000534057617,32,32,0.00029459635416666664,2216670.2394871498,103.0141069525306,2136098.4402045854,102.85797598527499,2184563.96806112,2154859.2334301197,102.9411551484774,102.91385902068978,2172115.4366313983,102.93067001817514,2192960.2182111805,2137656.9383174437
387,1548266545.68950,254554,1524,0.005986941866951609,3.815999984741211,32,32,0.0,2304039.1855029385,103.1475339574942,2211517.4129086346,103.01554670416974,2289155.0099340854,2253940.1657408937,103.10675564341437,103.04266133026157,2286967.490852504,103.11371540551436,2287428.4310125634,2255001.3396856557
388,1548266545.75623,257364,589,0.002288587370416997,3.299999952316284,32,32,0.0,2066324.8409612956,102.65887695360382,2020790.853244589,102.54049507440985,2062441.619167249,2051510.9680994467,102.6487973405449,102.62418402122098,2065622.3452393843,102.65182472891753,2060362.55128615,2040617.4534290035
389,1548266545.78960,255521,2592,0.01014398033821095,1.3980000019073486,32,19,0.0,2022479.556601292,102.72182375865327,1810353.776897899,102.37431866981879,2007731.0788417647,1966542.7954993087,102.66613100659389,102.59430033983368,2019479.1128274538,102.71186730162104,1997616.3307318576,1924605.3607334932
390,1548266545.82297,256746,4323,0.016837652777453204,1.4579999446868896,32,32,0.0,1997208.5104640026,102.38856752737445,1767085.5430724826,102.07414587242806,1962955.9442397428,1891272.2711952962,102.3012875335607,102.20953685249194,1958385.718366848,102.28959251133847,1956308.0866531045,1897628.5736322852
391,1548266545.85633,257843,3577,0.013872783050150673,1.4149999618530273,32,32,0.0,1853026.2827395522,102.00860724663491,1593528.901220124,101.63304645048228,1804530.0026845466,1733296.1693578141,101.90897866362789,101.78173830014225,1815461.4546998015,101.86342485817009,1819095.485575838,1700738.36223183
392,1548266545.88970,255362,2198,0.008607388726592054,3.299999952316284,32,32,2.9296875e-05,2302739.4786073077,102.78278188042894,2286661.4084306606,102.72154331058334,2280997.8543160227,2248889.9129975736,102.72390367732848,102.68051089797194,2200796.4045948414,102.64481535302684,2292499.2960634977,2256011.9119529827
393,1548266545.92307,254337,2158,0.008484805592579924,3.2690000534057617,32,32,0.0,2588419.1398826507,103.08555026966658,2418824.7155932807,102.86590580444629,2573189.459984212,2542879.149438222,103.04613220110477,102.9830597703439,2556524.955965797,103.00705082946251,2572241.9864465413,2546695.3070091642
395,1548266546.02318,254341,37069,0.14574527897586312,1.5570000410079956,32,32,0.000322265625,2344369.1914268606,103.10054018175032,1113610.4055628558,100.92366809075222,1973944.6152131772,1456005.3089516056,102.29299458315444,101.42595890669817,2004994.7561408647,102.35447746312306,1483801.3895400665,1430684.806308849
396,1548266546.05655,254149,2897,0.011398825098662595,3.7320001125335693,32,32,0.00021647135416666668,2354842.703871375,102.84663830137116,2312641.6401637145,102.74258917522928,2325947.9639755487,2297543.227643928,102.77939555276978,102.73190628379524,2332961.240087091,102.7987171274141,2329218.8576432597,2299507.7024263325
397,1548266546.08992,256779,2206,0.008591045217872177,3.063999891281128,32,32,0.00012858072916666665,1977548.3793001939,101.92780799577729,1945041.0238269148,101.85976414380175,1956572.4294716124,1938684.5620450953,101.87653017911853,101.83939628393594,1937682.9204252986,101.86344887918284,1956947.4621482207,1944728.9286304095
398,1548266546.12329,256888,5795,0.022558469060446576,3.2690000534057617,32,32,0.0003971354166666667,1987387.9387194947,101.6493808486708,1923640.708038856,101.47200650736787,1941285.825905475,1904371.7725529233,101.5085285375117,101.45318225794706,1923004.8156518098,101.5255097584704,1933739.7216448446,1900362.8507425655
399,1548266546.18998,256461,1076,0.004195569696757012,3.119999885559082,32,32,0.0,1765929.8205183842,100.9524232232933,1747843.171002663,100.90541300474554,1760783.5917798844,1746371.7518484753,100.93486172030288,100.91256961501426,1760296.4668390248,100.93965241425616,1763016.9114292548,1745353.104722742
