frame,stem,n_valid,n_removed,removed_frac,depth_med_masked,n_null,n_dmatch,overlap_med,lam_all,logdet_all,lam_gt,logdet_gt,lam_null_med,lam_null_q05,logdet_null_med,logdet_null_q05,lam_ctrl,logdet_ctrl,lam_dmatch_med,lam_dmatch_q05
0,1548265919.49424,268439,1698,0.006325459415360659,3.119999885559082,32,32,0.0,1599829.764062477,102.01123436573764,1590755.9649058937,101.97635406055376,1593514.7823202168,1568061.8384873986,101.9825961235585,101.89783291799138,1581753.798045587,101.90921882378412,1595410.7358165025,1589601.0371086886
2,1548265919.56097,264696,14785,0.055856529754888626,2.559999942779541,32,32,0.0088671875,2286034.8727798713,103.96520190244209,2084471.3754578228,103.34943473439161,2182341.8222047077,2151295.024687288,103.60014967497045,103.49541689925174,2134630.476385889,103.43808554388613,2178158.8735158807,2158704.7558485107
3,1548265919.62736,268150,3762,0.01402946112250606,2.618000030517578,32,32,0.00016276041666666666,1480913.4296694696,100.6826465070207,1468749.1660125349,100.51894109822994,1473577.9684239104,1459023.2300855147,100.59825509641195,100.55193455603357,1470463.8423976447,100.60615265830849,1472157.4682165072,1458381.9237909343
4,1548265919.66073,266891,6881,0.02578206084131724,2.7009999752044678,32,32,0.00111328125,1743340.762581953,102.10273188201671,1625164.3138436764,101.69771926988938,1708818.2690838738,1688922.3028853685,101.9629145423729,101.8944635505716,1726075.9510711834,102.02296712989124,1707043.0463721426,1682502.623043403
5,1548265919.72746,266490,7600,0.028518893767120718,2.680000066757202,32,32,0.0005110677083333333,1914255.8202905052,102.94977773448942,1839642.2728170604,102.62739540875953,1888859.7524812738,1861126.2428813,102.81633883121575,102.73927248026143,1880661.3039816052,102.79859699593004,1884094.4924594564,1864024.447657284
6,1548265919.76081,269270,14382,0.05341107438630371,2.5789999961853027,32,32,0.0134375,1293543.696554861,100.77685087904501,1243221.8014790704,100.36771453478661,1253248.1471488376,1235726.5292750385,100.50420090221571,100.37711459497235,1246580.649695538,100.4156869475369,1253930.0373909841,1237429.441936823
7,1548265919.79418,266974,5089,0.019061781297055144,2.7009999752044678,32,32,0.0017692057291666665,1801905.0245811988,102.63678400923061,1746350.8849210904,102.39175492847436,1774783.5534174992,1753414.7776295277,102.53417958574731,102.47027912562412,1767662.3470722623,102.48004451160324,1773575.5975895873,1748488.4035367426
8,1548265919.86091,269216,14451,0.053678087483656246,2.5789999961853027,32,32,0.00529296875,1253655.1153742054,100.50994972435285,1206776.0928018943,100.04764697730317,1210516.5752799981,1179457.297820887,100.25127304187909,100.06611125209548,1214141.2527753122,100.26543972322992,1215750.870807179,1195705.6618326185
9,1548265919.89429,266285,15642,0.058741573877612335,2.5789999961853027,32,32,0.013398437499999999,1829097.907523334,103.27490347491637,1715317.717963571,102.74103181770484,1754252.1629843926,1737825.1831682285,102.95556560150828,102.80833259547533,1770632.0148989207,103.06862131778387,1757534.6231869333,1733744.4101603094
10,1548265919.96103,266100,3917,0.014720030063885758,2.7669999599456787,32,32,6.022135416666667e-05,1812063.4109382522,103.22401618941505,1790085.3775843666,103.07189964418892,1794609.7298566634,1784373.6664894556,103.16206673943975,103.08761892118959,1792207.3083146324,103.17773630673365,1795490.971634109,1787608.09269312
11,1548265919.99440,265332,7688,0.028975019974974748,2.628499984741211,32,32,0.0003955078125,1902772.5875233638,103.45432369499865,1848200.724968756,103.07527553295563,1884713.8035575938,1867545.367307124,103.3328950147723,103.21266417747609,1888555.5296853178,103.35553965896243,1877607.0427651992,1862344.9590575807
12,1548265920.06113,266444,3588,0.013466244314002191,2.9079999923706055,32,32,0.00013346354166666666,1635677.330961695,102.87425585802386,1611464.6901234798,102.75263721269658,1611653.5678106528,1594324.0052097456,102.8047827841077,102.7687351660831,1619474.3065946684,102.78864531582481,1614203.2247400463,1601120.911085716
13,1548265920.09450,264162,8031,0.03040179889613192,2.5980000495910645,32,32,0.00027018229166666667,1836643.715303806,103.37316590254504,1777345.9909006793,103.03368302348099,1814455.5096453468,1789400.803974769,103.23681205544963,103.15490975808626,1805829.835507921,103.20854990857778,1805550.3947931181,1778863.2939233186
14,1548265920.12787,265815,3502,0.013174576303067924,2.812000036239624,32,32,4.557291666666666e-05,1586479.2592026666,102.73531919522432,1564081.5247248425,102.60512047158747,1571506.6015726207,1562426.6931640855,102.67447535220833,102.64256456615622,1580136.8479164154,102.68107910201934,1574196.9747163043,1560213.219896731
15,1548265920.19461,265274,3960,0.01492796127777317,3.119999885559082,32,32,0.0004524739583333333,1715232.4434446497,103.00934668184988,1677798.776340551,102.86862411102624,1686462.8561541126,1669106.078542559,102.91040254175239,102.86022812070229,1678934.5349539178,102.92105449181699,1685994.3851027414,1672293.5782541072
16,1548265920.22798,266136,4751,0.017851775032314304,3.0369999408721924,32,32,0.0005387369791666667,1532659.4595827763,102.54863936044762,1503121.062840713,102.37420005453447,1507096.1273242366,1492744.440395598,102.45173736498671,102.39368097984361,1513146.0509754745,102.45740546322544,1507841.2360648625,1490722.71473482
17,1548265920.29469,266679,4574,0.017151706733563574,3.0920000076293945,32,32,0.0007763671874999999,1373418.9537937152,102.08566256650548,1338369.641301232,101.9133664756965,1351115.1562454985,1341344.0454674142,101.98354968360411,101.91216677206084,1357887.5531859356,101.98918190540873,1354116.6847056358,1344882.267969681
18,1548265920.32806,266153,4886,0.018357861831352643,3.0920000076293945,32,32,0.0006412760416666667,1476627.178840265,102.1665085884265,1444826.1617838298,102.0065608217388,1449105.562310515,1435606.2652362832,102.06433739716724,102.01993926643893,1450243.8444045363,102.00651762006562,1451474.5929236002,1427675.6068227824
19,1548265920.36147,265487,3189,0.01201188758771616,3.0369999408721924,32,32,6.022135416666667e-05,1551110.5968641832,102.50780859732073,1531490.4814852152,102.39045807853859,1534932.6318882613,1525229.787320893,102.44307062965981,102.397265557589,1538674.124530441,102.43745886797522,1535733.1534874607,1525088.5776579857
20,1548265920.42821,267522,5462,0.020417012432622363,2.8589999675750732,32,32,0.0005647786458333334,1383530.1653226083,102.08939877463268,1355905.8100157494,101.90331947456015,1345765.0057124784,1316298.4409085498,101.95956400773701,101.81211091973609,1345064.5808426251,101.97236813911101,1351355.9417477096,1336048.4081852355
21,1548265920.46158,265651,2884,0.010856349119709695,2.882999897003174,32,32,1.7903645833333333e-05,1543807.1509359677,102.40749448297882,1522439.6172639641,102.28456574565664,1529754.1388851602,1518867.4761611323,102.35745018334939,102.25397880126087,1526569.691287485,102.36066202415347,1528633.905150883,1513697.431567493
22,1548265920.52832,266288,2531,0.009504746740371326,2.8589999675750732,32,32,0.0,1503518.542021652,102.25645576986764,1471476.9168264072,102.15079379249588,1482867.185777227,1448886.2948393354,102.18692504979691,102.13015982084148,1487604.7215687432,102.19204900960641,1481824.0260768123,1457250.216004194
23,1548265920.56169,265947,3346,0.012581454199520958,3.3329999446868896,32,32,0.0,1635439.709341874,102.98401413572304,1623956.1328070837,102.88333521329443,1628071.3836220084,1608150.7668083152,102.94093428890645,102.86803291464548,1569729.8279582732,102.86620634931012,1628721.055074288,1614683.6231860719
24,1548265920.62842,267487,931,0.0034805429796588246,3.063999891281128,32,32,0.0,1282290.5607086902,101.90799482726024,1280011.6892653168,101.88366058868021,1280363.704774239,1266560.7512750747,101.89541016215966,101.85975634886374,1278974.7263803578,101.89999986232142,1280637.9159106193,1269685.0926956204
25,1548265920.66177,264663,2787,0.010530372587025764,2.7669999599456787,32,32,0.0,1594894.1446726157,102.93246988785383,1581010.2677646237,102.82836459976076,1581097.2262532166,1556469.2722989705,102.86592281511997,102.81009612658879,1565049.0043293657,102.83209755302718,1580606.0433265436,1560146.774602889
26,1548265920.69512,265652,1664,0.006263833887943626,2.812000036239624,32,32,0.0,1305200.0078204665,101.76721246870288,1297032.641404664,101.67930488530214,1301359.3788865928,1294148.011890553,101.73542141951273,101.71407877629755,1299708.5083826631,101.73372855993426,1303069.9969436247,1295691.6929909
27,1548265920.76185,265592,1539,0.005794602247055634,2.9579999446868896,32,32,0.0,1463947.0426441827,102.54125236855421,1433226.3353442503,102.44479208007573,1457062.0336247787,1440332.3010859878,102.50752523847977,102.47821839090429,1461427.899858085,102.52908047313443,1460233.5304202088,1431588.723258978
28,1548265920.79522,263632,4511,0.01711097287127511,2.812000036239624,32,32,0.0,1567042.2283019945,102.86657752890699,1550005.8257307743,102.71584915627308,1547816.6595037235,1521741.6576545457,102.79304608146936,102.73156128670509,1543361.012780536,102.76754421581037,1549360.0532334803,1528767.2200948803
32,1548265920.99542,262331,6662,0.025395397417766103,2.9839999675750732,32,32,0.0,1524777.17038078,102.69521041550871,1482506.4041369748,102.41453615367871,1479956.5891452942,1323602.2745273346,102.56831239636611,102.41906679860665,1490020.1823665856,102.56532079342311,1490078.8694027173,1381406.050568971
33,1548265921.02879,261879,984,0.003757460506569828,3.009999990463257,32,32,0.0,1492591.3229096232,102.32701026732798,1482920.9267312703,102.27457797598555,1488071.5628384245,1445889.4099972711,102.30995290072784,102.24940436349507,1491203.9365424972,102.31214324345305,1488913.6711699245,1465967.9658665475
34,1548265921.09553,263346,4289,0.016286558368078498,2.812000036239624,32,32,0.0,1391066.8802642396,102.11963523992395,1351358.442196454,101.9510245515811,1369758.2016584678,1331327.2737476327,102.03675392928272,101.96302005039531,1376244.9054514472,102.07523070706208,1377133.6624126001,1335456.4157972473
36,1548265921.19562,262850,7906,0.030077991249762223,3.3329999446868896,32,32,0.0005517578125,1199079.591686488,100.50501656475566,1183096.7508185983,100.34236379417226,1165482.4494154302,1077154.4202766675,100.38108756165246,100.19625704350845,1168765.4167413628,100.3477777727033,1169867.8908045145,1068558.699878043
37,1548265921.22899,260232,5140,0.019751606259030403,2.882999897003174,32,32,0.0006022135416666667,1216233.7815604478,101.01125329291719,1197738.0447449281,100.83690948178149,1202404.2601113152,1174837.3245587044,100.92491090619517,100.85835632353628,1185343.2526595017,100.91317735003896,1200754.9867084764,1185824.161157605
38,1548265921.26235,261034,5791,0.022184849483209083,2.882999897003174,32,32,0.000341796875,1137023.8506582456,100.0961178711117,1119919.6079932116,99.94110103817891,1126776.0335939548,1106096.5532257436,100.02258979547233,99.95182336525347,1113170.8295065954,99.9648043896245,1126971.7654878744,1111817.5651557245
39,1548265921.32910,260158,4752,0.01826582307674567,2.8589999675750732,32,32,0.0002766927083333333,1207110.4130473742,100.72662552361646,1190625.4148109234,100.57603437857395,1192527.988852535,1171541.1302658191,100.63978956715845,100.58935300753694,1190178.9307706747,100.60219054234636,1189877.002683003,1175819.1457264416
40,1548265921.36251,260263,5514,0.02118626158923858,2.8589999675750732,32,32,0.0003271484375,1145156.2228649778,99.81962638816256,1124309.460962421,99.6326025031686,1135117.2643941212,1118923.4395018597,99.7326895430848,99.68268594013284,1140574.2223375135,99.78101767310926,1131375.8404589084,1113485.5756075578
41,1548265921.42925,260632,7811,0.02996945885386292,2.5980000495910645,32,32,0.0029378255208333333,1223421.105733635,100.31232119787033,1200864.0851472458,100.11400322741962,1202289.1101920942,1164356.4321406223,100.12100408218697,100.06622912165288,1208385.8222655258,100.10373886735236,1197183.9846284254,1067972.4070918115
42,1548265921.46262,260065,17630,0.06779074462153692,3.0369999408721924,32,32,0.013748372395833333,1208471.853354025,100.2885327101256,1166472.8800102258,99.83864495629653,1166629.981299203,1155879.0365596698,99.97910417988649,99.72418055809891,1155246.101813227,99.95006158963463,1161197.3949452047,1143944.394624685
43,1548265921.49599,261353,15356,0.05875578240923196,2.882999897003174,32,32,0.006170247395833333,1130462.200623715,100.1660464113196,1096422.932485556,99.7752265869195,1097255.855326543,1067386.5642360956,99.80357511935065,99.71669749613412,1069704.9783652516,99.87770228412177,1091294.2105749913,1060900.3457839768
44,1548265921.56273,260186,12234,0.04702020861998724,2.882999897003174,32,32,0.006184895833333334,1196776.6460386787,100.69130306468752,1163490.6765593758,100.36684775691968,1153938.7747615648,1108567.0531339096,100.35263462722688,100.26076955641236,1170683.2015431337,100.44349322171317,1154786.349812136,1133771.111322069
45,1548265921.59610,259584,11527,0.04440566444773176,2.812000036239624,32,32,0.005107421875,1183476.3117894325,100.72113458715395,1147556.288376901,100.35155556605787,1149857.6309273452,1072735.2435760165,100.36600931434579,100.27693890742877,1082504.0226928988,100.26738202027525,1145227.4424474302,1087885.1442950144
46,1548265921.66284,258740,6849,0.026470588235294117,2.7669999599456787,32,32,0.0013916015625,1172482.426925124,100.94244778815126,1141051.019875692,100.68076883488646,1145369.6505662827,1127358.4150712308,100.72750245345566,100.66065675708343,1162583.5327386938,100.80861761549505,1142838.4031841746,1113842.97713678
47,1548265921.69621,258945,9161,0.03537816910927031,2.5980000495910645,32,32,0.003868815104166667,1222586.0933877018,100.72536344062158,1177157.4582528276,100.28027004242612,1179967.3538977816,1132770.4607671427,100.36089947784208,100.28589726910974,1187248.9063300507,100.35591122174348,1181780.7484669755,1151624.9261889108
48,1548265921.76295,259462,7727,0.029780854229135675,2.5980000495910645,32,32,0.0010026041666666668,1130639.6932220252,100.69764864912815,1101534.9916497103,100.29383812215863,1091231.9165418695,1043224.8467032404,100.48980262721366,100.36370709338628,1029995.7736153586,100.40308077562185,1086634.3837479874,1029981.328010956
49,1548265921.79631,259618,8889,0.034238766187244335,2.6389999389648438,32,32,0.0034326171874999997,1087854.0513576262,99.87565208213948,1038200.0875859959,99.39682957823985,1056690.982016529,1022974.3345979563,99.56200446413641,99.48484836654768,1052998.4327312838,99.58678604554414,1056195.3170127333,1026051.5373848884
50,1548265921.82968,261859,12047,0.046005674809725845,2.7009999752044678,32,32,0.0059635416666666665,1162844.3616769589,100.13043486959099,1101601.156464245,99.49717949556685,1109133.2912398386,1082969.4728607163,99.73834484048203,99.63991921807892,1100812.1312905778,99.74620675667974,1117302.826757993,1083488.9708844046
51,1548265921.89638,262579,8952,0.03409259689464885,2.812000036239624,32,32,0.0032991536458333334,1145408.661027988,99.72822325582797,1092545.3545753341,99.20511223468225,1108398.73031715,1072345.4181034376,99.45460088535982,99.33292834637177,1106860.65952551,99.54759053168198,1108561.3884830168,1094367.585526366
52,1548265921.92974,262732,13950,0.05309593045384651,2.812000036239624,32,32,0.011144205729166667,1170502.0640335074,99.82345121155733,1102193.7067408152,99.152694411853,1120018.168195782,1095016.6845263944,99.35466026048371,99.20824122207169,1108066.42584404,99.26543210170014,1124980.860980823,1109993.8343167289
53,1548265921.99648,261753,10693,0.040851489763250086,3.23799991607666,32,32,0.0047802734375,1332712.1944437912,100.17626566927974,1302897.4829053273,99.63584144715804,1307424.6395303032,1291681.9986761496,99.94418925684286,99.79288335474362,1305742.4629153311,99.8248121977134,1306168.6070380318,1271567.126352013
54,1548265922.02985,262852,6175,0.0234923074581894,2.5789999961853027,32,32,0.0001708984375,1302121.5743995502,100.18877782298046,1280900.5248007528,99.77531820448164,1275108.8862985563,1202568.2223611611,100.01265395915698,99.90528066551843,1278864.596699975,100.00152541459474,1276907.2609451103,1199885.8677695969
55,1548265922.09659,263456,8565,0.032510172476618485,3.5390000343322754,32,32,0.0024104817708333333,1263651.0936734737,99.59636351450094,1249321.9046426453,99.37648426981845,1255970.681046148,1249095.0455333225,99.47560462502892,99.33326518197693,1259561.0227154593,99.48719712574876,1256607.2622217871,1248626.6860589357
56,1548265922.12995,263210,6760,0.02568291478287299,3.433000087738037,32,32,0.0006640625,1301385.3031070903,99.93278312373425,1288866.4368615092,99.74112497220118,1288193.9448228278,1262221.8784185161,99.82323334533405,99.75956872254085,1289061.064334965,99.83175766363671,1287551.5987351844,1256403.5263851653
57,1548265922.16332,262126,9114,0.034769538313635426,2.5980000495910645,32,32,0.00010904947916666666,1393396.9577706205,100.0161052403083,1369415.0900803409,99.7612410220917,1357082.5279080076,1331750.2806805046,99.81436774928959,99.68963212339419,1363844.0655822866,99.79353734006435,1359984.3644769615,1348032.6674759937
58,1548265922.23006,263010,9332,0.03548154062583172,3.5759999752044678,32,32,0.0005859375000000001,1370709.5605479928,100.1221604204218,1360949.313218935,99.95028642633397,1361533.3335498057,1349901.056535747,100.05489919446651,99.94731910943774,1365600.5487492513,100.0139251973478,1362476.4936924472,1349356.0374086103
59,1548265922.26343,263011,2709,0.010299949431772816,3.5390000343322754,32,32,4.8828125e-06,1381179.1393519314,100.02815135017813,1373216.9021389484,99.92707818800812,1375530.5142173443,1367895.6602062013,99.99090892567179,99.9424259324698,1378034.9598573386,100.01779976907476,1377106.185645172,1365786.4023590419
60,1548265922.36355,261645,6388,0.024414760457872307,3.633500099182129,32,32,0.0006168619791666667,1614113.5135733844,100.69690843181178,1603110.190144557,100.54388665665341,1603219.001302951,1590986.1593208092,100.6264039492468,100.54271264622501,1606225.6426787206,100.6478534624685,1603873.088918906,1582560.4082636551
61,1548265922.39692,261230,6252,0.023932932664701603,3.614000082015991,32,32,0.0004752604166666667,1569196.7896534626,100.58426957924479,1541821.8694600556,100.38602637237773,1558350.7285629853,1535347.0176687962,100.51018767426058,100.42888790915029,1548584.6480904543,100.46119871292356,1554982.9724799176,1524657.9082483214
62,1548265922.43029,260418,2619,0.010056908508628436,2.7230000495910645,32,32,0.0,1736802.9380864562,101.01137564836363,1710748.282146873,100.89680240903431,1723838.4069413315,1707505.0262269047,100.95437678125562,100.91960476010209,1725099.0761511088,100.99004639844726,1723523.1369925034,1699226.210456548
63,1548265922.49703,262115,10557,0.04027621463861282,3.119999885559082,32,32,0.0006803385416666667,1768421.343158982,100.36409293002725,1748504.5356453268,100.08813804298684,1724425.0596400509,1694653.371665371,100.17345154822962,100.0857298352323,1718033.9719247692,100.10794818930012,1728791.0026850959,1695189.1052931314
64,1548265922.53040,261289,7711,0.029511383946511333,2.7009999752044678,32,32,0.0019970703125,2375686.658839388,101.4097007962748,2292675.079185766,101.03684813257135,2314597.843889529,2276956.728366717,101.23859317928921,101.09228021586716,2299877.5093799774,101.1013381500027,2314900.070006515,2269722.689084229
65,1548265922.59714,262522,11837,0.04508955439925035,2.9079999923706055,32,32,0.0015787760416666667,1871698.3903504023,100.46768121251216,1840988.9505582603,100.0929750989162,1800211.161155126,1724250.775864785,100.18517411839315,100.00231594290635,1829324.4689257662,100.27399214652581,1831567.5092702839,1741519.232935391
66,1548265922.63051,262549,17016,0.06481075913448538,3.299999952316284,32,32,0.011922200520833332,1779958.9625563684,100.42919750744927,1717928.9826107966,99.86592285070589,1751115.6157419665,1733233.0388494623,100.05449420119204,99.96822882492245,1751766.7122422212,100.05121999090014,1745514.1230806548,1709966.328094889
67,1548265922.69725,263454,11115,0.04218952834270878,3.3329999446868896,32,32,0.0008789062499999999,1830067.1994349216,99.91858037938997,1794814.8399271695,99.52969691661433,1786841.6640717331,1730477.328302038,99.68942985888438,99.56818401228787,1805471.547168169,99.68209703643552,1779180.1275479645,1717504.7362332512
68,1548265922.73062,262233,10715,0.04086060869532057,3.2690000534057617,32,32,0.0008902994791666666,1994658.8994456045,100.80836942387582,1971504.546252527,100.44601919118541,1963732.9566709464,1918543.6336234242,100.65411971654206,100.59148271911555,1908528.0296813217,100.62902290537151,1965376.6327442043,1930975.753469572
69,1548265922.76399,263295,7564,0.028728232590820184,2.6389999389648438,32,32,0.000107421875,1693310.4439058246,100.5512390913378,1668043.3937729222,100.0905448108456,1670484.804167187,1607638.5065260762,100.36674490869709,100.22629741457247,1591202.8000976702,100.23903821189202,1669085.2379267865,1609401.0534086789
70,1548265922.83073,263093,8481,0.032235749335786205,3.3329999446868896,32,32,0.0004801432291666667,1962536.5442200003,100.54284543069477,1931735.9131406439,100.20476831197483,1926597.761472273,1869255.533634615,100.34950644658065,100.23240803734599,1932200.362205495,100.44223944611565,1935006.9660020536,1879335.8468616153
71,1548265922.86410,263469,10129,0.038444750615821977,3.503000020980835,32,32,0.0014697265625,1814033.9682421216,100.32957051068655,1749634.669400481,99.87242784041324,1780066.1137786326,1722305.8707718272,100.168333145969,99.99853967314672,1801874.963538831,100.24571939062074,1766776.931436791,1735090.9013434148
72,1548265922.93084,264177,7844,0.029692213932325677,3.503000020980835,32,32,0.0,2018667.822113691,100.24639583067069,2001957.6279558386,100.0045957454742,2008872.5575538564,1973468.2124308394,100.18262364924999,100.07793843990473,2015887.8764400103,100.17954369188016,2002829.3733746419,1979002.347070533
73,1548265922.96421,264086,3054,0.011564414622509334,3.691999912261963,32,32,0.0,1910448.3873727103,100.22583025512708,1899652.7974032497,100.12333328835122,1899531.7531874184,1841682.895834744,100.18726844367771,100.11338367135107,1891870.5832437763,100.14448018431891,1903666.5525951956,1855759.4123654817
74,1548265922.99756,264435,79797,0.30176413863520335,2.3329999446868896,32,32,0.22281575520833333,1756598.7641753254,100.1109406447584,177117.53484969557,93.78122964771372,587403.876895985,484343.42702607525,96.26944916368528,95.81106764433734,545149.6226852054,96.02512278519322,610173.5565348212,444712.3379639533
75,1548265923.06430,264959,2435,0.009190101109983055,3.947999954223633,32,32,0.0002734375,1513407.9618697518,99.37563886347664,1494301.247595239,99.29226029503853,1497443.5693325754,1361923.562585007,99.30406952967286,99.08112015715797,1484570.3770579544,99.2839600553766,1497239.9639882888,1355645.9567826812
76,1548265923.09767,265722,7591,0.028567450192306245,3.614000082015991,32,32,0.0006331380208333333,1582687.3230613717,99.2083547594329,1559105.8172870362,99.09516412288153,1572671.9619859993,1505391.4852322831,99.16057220745812,99.01210002533652,1556109.167704522,99.10426420808953,1575742.1585270842,1523929.5154731644
77,1548265923.16440,266556,9479,0.035561007818244575,3.6530001163482666,32,32,0.006236979166666667,1543855.4800039905,99.18354788466465,1518010.8813936715,99.04642898871579,1514126.7321871477,1447519.3777368225,99.05205405249497,98.89247879675685,1394989.897192937,98.77838120775084,1493404.1875651334,1417099.4490985284
78,1548265923.19777,267260,4457,0.01667664446606301,3.691999912261963,32,32,0.0009065755208333333,1651840.6743232834,99.57591152328644,1620897.1199270652,99.40381332503252,1623944.6624129442,1547588.3391495035,99.46993918537459,99.34555262975171,1623894.8120773206,99.47483082646059,1626001.59919651,1565019.42596158
79,1548265923.26450,267420,10789,0.04034477600777803,3.503000020980835,32,32,0.0006087239583333333,1698261.674986542,99.57698726741495,1667860.443034689,99.40159015011234,1663456.348607625,1625365.2002922057,99.42103809962359,99.31300320048425,1651989.3586500844,99.37910071113551,1666466.0070729724,1643171.2182487848
80,1548265923.29785,267731,31606,0.11805132763856259,2.618000030517578,32,32,0.0453076171875,1797337.1679157123,99.90097792250666,1684827.2486874964,99.07982235669687,1703490.8668535599,1643338.8934801728,99.40630548967178,99.18440798410008,1715082.1801182595,99.35261698240858,1699945.768919761,1640224.5269693104
81,1548265923.33123,268084,13758,0.05131973560525805,3.5390000343322754,32,32,0.010100911458333334,1680501.7218338167,100.00406423425186,1625995.4322095038,99.75105008479153,1637993.0195271987,1576064.5386980008,99.78211456827052,99.64893098095905,1637798.3399891919,99.78457335718758,1632529.6307430035,1579862.4266228816
82,1548265923.39797,267656,37252,0.13917864721881817,2.5980000495910645,32,32,0.05743489583333333,1570684.2389272165,100.07664010826849,1417724.914519232,98.83184299468991,1471996.3930614,1379452.9512641889,99.37263590928603,98.9643393885583,1465900.098212979,99.18266319159535,1466272.449068035,1383969.643389708
83,1548265923.43134,268111,34610,0.12908832535778092,2.5789999961853027,32,32,0.05328776041666666,1598969.5700267742,100.20910978036562,1444258.017442589,99.00432298428095,1508219.7235638308,1452234.953002827,99.50588427694456,99.09330305783884,1473119.6491650501,99.46913980061925,1516978.7358409674,1457327.432390981
84,1548265923.49807,267821,17781,0.06639135840729442,3.0920000076293945,32,32,0.005735677083333333,1356592.9015256495,99.82823958311644,1249042.4854636793,99.32884908319762,1259914.7700311395,1068030.8134491078,99.43684215671882,99.13359657735043,1092439.1471035131,99.12467088695192,1260844.551202448,1024774.5712412554
85,1548265923.53144,267111,34939,0.1308032990030362,2.6389999389648438,32,32,0.050821940104166664,1242524.7885524773,99.84117002298234,1083684.523104431,98.60846586711767,1161092.089898015,1081803.837567181,99.12395672910124,98.63222088343053,1177573.7146258787,99.10560150032217,1146221.1084073442,1082361.9072183836
86,1548265923.56481,267033,28519,0.10679953413997521,2.5980000495910645,32,32,0.018841145833333333,1257037.9960238752,99.90186775707505,1196917.135167908,99.06417487565903,1191334.137653899,1103143.398882523,99.56979040431716,99.13577510850588,1229537.1473402267,99.59484594378289,1180829.7760668434,1106017.7707126692
87,1548265923.63154,265284,15233,0.057421480375748256,3.23799991607666,32,32,0.0023600260416666665,1298555.0162114503,99.97969035901248,1248792.839244753,99.68154296928857,1259494.8621980583,1216034.1593915503,99.75976572681742,99.60401576509042,1248862.498129506,99.72488559566594,1247732.2930613526,1208267.5748990898
88,1548265923.66490,264571,83729,0.31647081501751895,2.450000047683716,32,32,0.23477376302083333,1296865.7482794195,100.19290947263387,171073.2071292296,93.44805750864919,563274.1128405122,363726.46132197324,96.0716441999337,95.07062793320266,472148.69466896064,95.54479326456863,491739.3262714653,234803.02760212997
89,1548265923.73164,262698,22852,0.08698962306526886,2.6389999389648438,32,32,0.024977213541666668,1304674.064996602,100.04091010975108,1251625.6334224592,99.10617183672854,1267578.8230462964,1183300.138832051,99.5016370788068,99.21110267972762,1293675.7302739094,99.76951862833457,1247137.3698335318,1170848.2999377348
90,1548265923.76500,262303,19629,0.07483330346965152,2.6389999389648438,32,32,0.0242578125,1307392.0448564668,100.22553109852129,1263013.1134986966,99.32111196905623,1280591.5289812097,1153255.0649541449,99.62251339274181,99.36160753482815,1198762.3174432996,99.94571908308605,1245874.479341097,1136714.2909078586
91,1548265923.83175,262081,6416,0.02448098107073767,2.9079999923706055,32,32,0.0,1292615.6544500755,100.3588606839006,1271251.2216819332,100.15690000284329,1249152.820531242,1215852.0602136198,100.16505593181024,100.06396935906673,1220703.4814120508,100.1146937006942,1257967.9033938232,1227859.4704946731
92,1548265923.86512,262472,74310,0.283115913316468,2.484999895095825,32,32,0.20056477864583333,1319314.891841279,100.38025884591687,294278.62391904264,94.85894093947039,571498.272562423,371140.07417645823,96.68665438190523,95.5911501149265,518923.1232513096,97.02518487539753,528936.3505677519,371556.5131907058
93,1548265923.89849,262127,22063,0.08416912412685454,2.559999942779541,32,32,0.05570475260416667,1475112.730774418,100.88622076811879,1387790.9569180221,99.91954726736736,1404401.1001213174,1387541.6488618862,100.09795303737792,99.92402604230348,1414060.5656454237,100.22176482967885,1403836.2296208113,1386435.4331334224
94,1548265923.96523,261784,33351,0.12739892430400634,1.7940000295639038,32,32,0.029519856770833332,1552298.4829296505,101.22174693913084,259568.53789883948,96.49972261174536,1174693.2204303513,691672.2813094603,100.00470201278793,98.98473041393984,922332.5689639242,99.30670821634612,674165.0196188297,394356.47865758475
95,1548265923.99859,261107,41053,0.1572267308038467,1.8830000162124634,32,32,0.052802734375,1551405.6617695957,101.31334012488597,252492.83552246488,96.03404000920116,910435.1148530067,523968.56762223993,99.45118385104544,98.08260891655442,1456398.7629452841,101.0276693381195,632840.438542278,474440.6214080022
96,1548265924.06533,261047,38859,0.14885825157921753,1.843000054359436,32,32,0.03958984375,1688076.6551331857,101.3309238533981,258283.87909161078,96.14493515176544,1046485.5734449716,518294.2793170728,99.6371955217216,97.98504367553986,1602438.554840653,101.10423036504133,722331.4675822072,315327.1651638216
97,1548265924.09867,260921,33924,0.1300163651066798,1.7569999694824219,32,32,0.094111328125,1790025.480086338,101.71560970758324,296736.1909077052,97.2978953756678,756061.6974360852,467183.6027437615,99.4868429009008,97.99939758931538,671091.6548791259,99.34905596845738,709834.6741203389,360960.1313281536
98,1548265924.16541,261087,43313,0.1658948932731235,1.8630000352859497,32,21,0.0141064453125,1726783.5111345097,101.56790462607236,265194.4890632535,96.44926653230183,1484430.0583881554,859517.3514330081,100.43642331335934,99.34738567890477,1004480.0739852882,99.61683828548058,686178.4936758028,494980.6691859955
99,1548265924.19878,261616,52888,0.20215888936456486,2.065000057220459,32,32,0.1033203125,1776020.0480815887,101.79479633777565,198203.01960748938,95.67502057494414,578139.2355017394,482249.9328498242,98.59176885885469,98.23160146202397,521239.09757134184,98.44906968661816,561015.0138765704,499530.8321042166
100,1548265924.23215,262193,49790,0.18989828103725118,1.9589999914169312,32,32,0.0816259765625,1849184.1629166515,101.78700963107286,192510.5961005235,95.51003465526804,1121133.5482340143,610375.190761997,99.83131358904906,98.56644856046901,612876.5608876372,98.36662720973294,638967.4674512886,522949.0168175586
101,1548265924.29889,263745,14741,0.055891106940415936,2.7890000343322754,32,32,0.008274739583333333,1925862.6723193333,102.08966165849318,1903909.7522105372,101.60822500589111,1907274.624785842,1897123.4580815232,101.89550200693395,101.7087774543596,1898773.1425142784,101.62547126591235,1904426.945760488,1895151.358025121
102,1548265924.33225,264873,4680,0.017668845069146344,3.365000009536743,32,32,0.001259765625,1973321.2095234117,102.28316272218967,1956495.1947923822,102.14938868509975,1945328.862984127,1917417.3195778308,102.14797148998696,102.059568235399,1950221.293643447,102.17145705101039,1949633.3239943928,1881256.3180052403
103,1548265924.39901,265943,26987,0.10147663221066168,2.431999921798706,32,32,0.0675,1800982.197817137,102.07689148141867,1684613.4607425656,100.83967940606539,1713841.3992639713,1673893.7211815056,101.18891728528669,101.01312447707774,1731270.9645738087,101.13975619531641,1714150.0245655775,1673886.9731796721
104,1548265924.43237,266039,1950,0.007329752404722616,3.0369999408721924,32,32,0.0,1714361.8936747492,101.97183806269686,1708385.012510946,101.89231601895193,1710250.7016278352,1705142.4183797108,101.93734183912123,101.90658602059045,1710695.0172496904,101.9239589109298,1709830.051286471,1704611.724028786
105,1548265924.46575,265816,3417,0.012854756673789387,3.0369999408721924,32,32,0.0002978515625,1680757.4274124668,101.701806358731,1670582.3657697402,101.57595587132515,1664195.733213257,1655006.8159262629,101.59041539377712,101.556403233635,1652954.885692215,101.56630206583675,1663160.748126059,1653985.2519115456
106,1548265924.53249,266222,3052,0.011464116414120547,3.0920000076293945,32,32,0.0,1504439.7911324408,101.46429576446785,1497629.8243053218,101.38333476394246,1497246.4898804626,1488824.1715669993,101.3925599029789,101.35926001336091,1502058.1207029512,101.44528061206415,1494013.1011403485,1486674.0615172132
107,1548265924.56586,265928,4381,0.01647438404380133,2.882999897003174,32,32,0.00024088541666666667,1461471.4012195994,101.16232692359057,1451817.8280600896,101.02252376944332,1456169.0113603892,1441708.7110683112,101.09153167012119,101.00311318878697,1454139.7892039742,101.07655571001483,1452292.308321078,1433366.592442457
108,1548265924.63261,265975,7840,0.029476454553999436,2.6389999389648438,32,32,0.004318033854166667,1348271.3400843919,100.7548488878161,1311587.7243325168,100.28603538908943,1320751.9191031032,1309700.9084846433,100.48395300340182,100.3494158548803,1326688.4530495103,100.51902256921656,1328032.4465001507,1308641.6032668334
109,1548265924.66596,266654,6743,0.025287451153929812,3.0369999408721924,32,32,0.0009635416666666666,1218311.474374763,100.37365940661772,1191069.111173369,100.06709588173793,1204976.5793669657,1190778.6527993893,100.21980735186264,100.14973771149623,1212752.8128696827,100.29124800920255,1200603.5077679902,1191341.2453346471
110,1548265924.73270,266889,9281,0.034774756546729166,3.009999990463257,32,32,0.0034863281250000003,1225946.8946602524,100.4676726539797,1193515.3229285215,100.07778880450334,1204408.7810214688,1192139.0193320636,100.27876691321234,100.12862535152384,1204889.2799006426,100.1983084633647,1207759.874405397,1193762.3403008254
111,1548265924.76605,266582,7669,0.028767883803107488,2.9079999923706055,32,32,0.00291015625,1192160.9894436132,100.41110193545006,1161450.5139609852,100.04020475140555,1177227.1071148543,1161035.0511552617,100.2278286767236,100.06817450018949,1177399.3716329462,100.26108241639557,1177094.8804711262,1160422.1462402577
112,1548265924.79942,266699,12366,0.04636687801604056,2.7230000495910645,32,32,0.013121744791666667,1177923.5712408463,100.25393652252306,1134458.0345941933,99.83653035447827,1137006.5458173503,1065768.876680877,99.88240595451529,99.78075743566876,1152428.7526192784,100.01877332030787,1138298.9570143102,1061845.634655558
113,1548265924.86614,267425,47366,0.17711881836028792,2.503000020980835,32,32,0.027180989583333336,1124953.6973892327,100.31356216728145,975191.8357832467,98.21782409864984,904552.8408117472,738851.0556323854,99.2399536964619,98.46993394213818,954661.1726367803,99.22184396761244,900957.8954943968,761215.3560214813
114,1548265924.89951,268466,12824,0.04776768752840211,2.618000030517578,32,32,0.0017594401041666667,1005824.1532375915,99.47518121726223,948490.4903778103,98.85009553642718,941380.069703759,886055.3582179665,99.17404176777796,98.9997022628243,915025.4770393104,99.18215000824516,935495.7639467856,895461.3078586103
115,1548265924.96626,268055,10798,0.040282777788140496,2.7890000343322754,32,32,0.000869140625,1162094.9489875755,100.08432168766043,1107667.1438748925,99.52415038598745,1109959.016856647,1025400.7504978414,99.83148809784063,99.72264349811614,1073445.79517238,99.84158778872964,1119743.9502840368,1051020.7784616998
116,1548265924.99963,267983,8083,0.030162361045290187,2.7009999752044678,32,32,0.0,1106751.8734371495,99.80768149457279,1066966.2018395646,99.38781782324463,1078111.5898351166,1061699.761223342,99.65494965756591,99.54885554724221,1075487.636261091,99.66724647344286,1079576.7542518366,981848.9455712758
117,1548265925.03300,268256,8131,0.030310598830967435,2.74399995803833,32,32,0.0016471354166666668,1107313.4595787425,99.76287383090587,1071922.5479569705,99.33671518699151,1085687.3995217206,1069362.67969521,99.60695684576376,99.4473832645385,1092680.7494843917,99.7072832041396,1086604.7214655355,1040953.9791433894
118,1548265925.09974,268050,7078,0.026405521357955604,2.7669999599456787,32,32,0.0001171875,1126668.733303372,99.77432022158276,1101638.705914204,99.47638923704974,1102901.595104623,1060293.0316819844,99.6359852568048,99.50440539645832,1114074.353109654,99.71739696219115,1105659.5303269008,1025198.6143889624
119,1548265925.13311,267888,10194,0.038053216269485754,2.7230000495910645,32,32,0.0010725911458333332,1176998.6300457814,99.94357810787606,1123855.7262180003,99.49430311109913,1124169.3997178595,1088142.4398276892,99.72399588335773,99.54601692835345,1051238.0540270298,99.6080585557132,1137430.4094143282,1076769.8763865873
120,1548265925.19984,266453,8347,0.0313263502381283,2.6589999198913574,32,32,0.0010758463541666666,1212890.2405400397,100.41953885294923,1173988.5346750044,99.96352050331717,1179495.1746309698,1142205.9605887493,100.23948602946015,100.08672582228962,1192308.5060733636,100.3107367946039,1188664.2370190367,1149249.3379432592
121,1548265925.23321,266786,15326,0.05744679256032925,2.5980000495910645,32,32,0.0047509765625,1166558.5476949932,100.357817610522,1095091.1656449456,99.51055044906758,1137545.0910254274,1112730.2060798192,100.09240574485646,99.85828277841355,1146778.7653900539,100.23108586320805,1149410.2699309457,1120294.618473887
122,1548265925.29993,265609,16193,0.06096555463105542,2.5980000495910645,32,32,0.006839192708333334,1243566.1761808845,101.04548332852298,1157548.0528244788,100.26824672003372,1217726.267773557,1187296.9295116619,100.867045429237,100.48405349933726,1206842.0481960531,100.59072268058944,1219033.6571763642,1178364.2836224965
123,1548265925.33330,265197,49575,0.18693650380660415,1.6319999694824219,32,32,0.0804150390625,1342583.7039192484,101.2455611416045,231028.46500679405,96.3181610219917,794236.1712041172,487843.57208064105,99.09701505277312,97.98646753178667,591981.3951679445,98.5609612043802,623482.9763373137,454990.47122084134
124,1548265925.36664,265685,18024,0.06783973502455916,2.6389999389648438,32,32,0.009065755208333333,1290734.6098509927,101.23281065261214,1200282.143785277,100.42353285347319,1259829.792495781,1220930.9226520322,101.08178017609356,100.69043824226343,1260962.4041637965,101.12201854308051,1260054.468147474,1234147.1244165786
125,1548265925.43338,265113,17994,0.06787294474431657,2.5980000495910645,32,32,0.004560546875,1414056.68222082,101.71018608054828,1278952.0566615772,100.52589129651314,1379201.122737672,1315536.7418148948,101.51261400394054,100.9999819513483,1380860.430392258,101.54600286055489,1368717.7493644068,1317646.3937439702
126,1548265925.46675,264197,16347,0.06187428320533541,2.5789999961853027,32,32,0.004200846354166667,1506833.0617911872,101.95617311975667,1391730.056619534,100.93723423279013,1472677.7410499821,1430710.1218120032,101.70880341915432,101.34525992350326,1418431.830215168,101.55716800486411,1471628.282002532,1426901.7249851383
127,1548265925.53349,265156,48243,0.18194195115328335,1.593999981880188,32,32,0.09345377604166666,1503901.8665547292,101.62498018134994,203228.8666496595,95.88971632216646,951158.7187107808,446905.12522136985,99.78763386067223,97.68719439573309,942967.5457094205,99.833453616247,650897.8674561393,430511.85749703465
128,1548265925.56686,265143,13280,0.05008617991046341,2.6389999389648438,32,32,0.004324544270833333,1444422.2496743428,101.3613108393982,1365848.159684041,100.61926244881164,1414691.6105623674,1395758.3786686177,101.14632024212582,100.8535304990859,1436117.966391229,101.32544857950491,1421163.2064873485,1404609.9759467011
129,1548265925.60023,265855,14043,0.052822027044817664,2.6389999389648438,32,32,0.004055989583333333,1456114.6775801093,101.30504671073842,1392023.210455237,100.67743301553038,1420129.057474176,1406337.161279899,101.13328138819341,100.89220960291453,1422931.6908363907,101.10394216548701,1415875.0958842519,1404168.223753617
130,1548265925.66698,266544,9071,0.03403190467615103,2.6389999389648438,32,32,0.002744140625,1420501.2554965275,100.8904068115638,1382417.3749675592,100.50497621566284,1404067.4293077711,1375280.353098752,100.76819727839977,100.6097803274092,1398289.9450180419,100.8016757179777,1405627.4603571505,1384833.6469443974
131,1548265925.70035,266047,38112,0.14325288388893692,2.5220000743865967,32,32,0.07750813802083334,1464127.4863437046,101.4359281362292,1340727.9398482617,100.5445559427945,1353179.45547629,1320360.2386018485,100.78888023802662,100.69789755047532,1329045.5720872516,100.81046219419372,1356709.7876393218,1323359.9753973978
132,1548265925.76709,264679,12741,0.04813755530283853,2.74399995803833,32,32,0.004309895833333333,1651330.8362547595,101.75449381291378,1603695.3748844927,101.31311489713316,1614482.4374689704,1541845.69093402,101.4944207723274,101.29335133244071,1565852.6650511327,101.37388852383371,1608920.2978638744,1539572.6406698416
133,1548265925.80046,264952,21630,0.08163742866632447,2.5980000495910645,32,32,0.014542643229166666,1660546.3967593648,101.92532600264482,1562259.6993996263,101.15401267227473,1548984.4415834835,1492058.3284042345,101.39510450925668,101.26293855742823,1563733.5456970383,101.55345224794274,1559024.924884669,1483264.152288394
134,1548265925.86720,264665,12132,0.0458390795911813,2.680000066757202,32,32,0.004969075520833333,1699189.8519714745,102.15677308555695,1652748.005158538,101.69627104520994,1656169.5344073805,1625607.246258296,101.9457280637256,101.77192173181089,1683034.9269368823,101.96198246462639,1657935.8253354197,1624070.0232491733
135,1548265925.90058,264304,17337,0.06559492100006054,2.9079999923706055,32,32,0.014404296875,1617676.4926050997,102.07630438802674,1552504.4642930229,101.53050566049444,1552786.913330476,1512767.9746264962,101.65561968605131,101.51462173542777,1541173.290849416,101.60120106006818,1560608.3401686295,1502445.6591340017
136,1548265925.93395,263766,46119,0.17484816086986193,1.5720000267028809,32,32,0.10958170572916667,1595283.138425114,102.12315587900751,326903.5465750163,97.81265011172712,777199.4892738248,581383.8744527604,99.8053979439612,98.8794464699022,808341.2701274023,99.86620407319828,778393.0022215971,652058.8451088768
137,1548265926.00069,264386,42715,0.16156301770895584,1.5640000104904175,32,32,0.08900716145833333,1488009.4787068847,101.90284806954182,347081.63473000884,97.6969425856397,845038.3477736418,689000.6155232529,100.01360928161371,99.53224737994339,1114759.069569353,100.51335365492456,820150.7920046134,723031.8043157347
138,1548265926.03406,264417,46687,0.17656580325773305,1.6160000562667847,32,32,0.10984374999999999,1430572.901077432,101.77072923070591,323763.16402801167,97.37619507825413,737898.2890986337,561151.8441877998,99.58170841885931,98.57279376825232,835439.9214418753,99.70080538224136,709716.4707854909,502105.2591714481
139,1548265926.10081,264285,36893,0.13959551242030385,1.5499999523162842,32,32,0.0670458984375,1531293.4723266645,102.04170911568855,432901.35531009734,98.36237041955653,969358.7452048304,789189.1206505462,100.34655661765345,100.01410809321452,430127.66365904314,98.32251639006165,845315.9826570819,654270.8390903333
140,1548265926.13418,264426,39802,0.1505222633175255,1.5859999656677246,32,32,0.08093098958333333,1596561.0027317486,102.1146744544753,501068.4070895971,98.74258478427058,886974.9828064259,707922.3614720628,100.0886816163392,99.63120533203141,835917.9537900046,99.76964433610524,842697.869596917,699959.6127954768
141,1548265926.20092,262166,34342,0.13099334009749547,1.5720000267028809,32,32,0.0,1566956.747954498,102.36324004556306,452528.2107196716,98.96612504525419,1456959.6034814825,840980.9691849073,101.72919821852372,100.60435295852089,1495782.2819744835,101.76073777391865,867500.3098066396,618102.4229835317
142,1548265926.23429,262970,35147,0.13365402897668935,1.5789999961853027,32,32,0.026904296875,1721430.8650105465,102.53721166017726,453367.1496857106,98.80324957584212,1282752.46565837,785688.7328674401,101.13418729416229,100.17927725439188,1057621.414332773,100.91925701766947,967662.0929924191,770708.6713679124
143,1548265926.26765,262654,1397,0.0053187844083851755,2.7230000495910645,32,32,0.0,1840900.2383221793,102.62420159890834,1838448.775475838,102.57917493490197,1832255.8098559175,1806811.5068896431,102.58945047974916,102.54443920929079,1839408.3499685351,102.6044559021791,1836875.6719757947,1812513.9864271285
144,1548265926.33437,261954,32164,0.12278491643571009,1.5859999656677246,32,31,0.0,1690045.9347385538,102.47882017619577,499082.66370360943,99.12034873554664,1589569.922620947,809220.8696883539,101.88078154540877,100.49833898637387,1602014.7284768557,101.9935790232035,899685.3989860134,726076.0465175163
145,1548265926.36774,260999,52070,0.1995026800868969,1.8329999446868896,32,24,0.0002620442708333333,1715254.1128481627,102.64410601673758,399185.3806232245,98.49245694028096,1573328.3519515712,726128.1086464763,101.79479777574893,100.0870875572267,1520718.3039652137,101.4865762037997,746437.2790450973,425544.2097759806
146,1548265926.43445,262476,54490,0.20759993294625032,1.9259999990463257,32,32,0.11183756510416666,1684371.3610851264,102.34598997392857,353684.61980327585,97.82146522434286,1148054.5794299832,593059.7132386289,100.44718966060022,99.53904101471974,1083356.0969347076,100.41181594524107,804470.3283332859,604199.5207457091
147,1548265926.46782,261262,3878,0.014843337339528901,3.009999990463257,32,32,8.626302083333333e-05,1667416.1072952193,102.44205925036196,1639710.8381761143,102.25967015926739,1638464.391487611,1563074.6885483665,102.34208062473077,102.27694407426819,1631807.6209247254,102.36436119000093,1638819.8275890187,1582379.9739344458
148,1548265926.50118,259971,3186,0.012255213081459085,2.8589999675750732,32,32,0.0,1734663.7259967888,102.5383289735887,1717097.492032306,102.41957051825452,1711719.3281549267,1653899.6076106536,102.45713989975454,102.3555100994103,1711868.384191067,102.46576854374736,1715485.8578596013,1658017.1050953842
149,1548265926.56792,260874,1103,0.0042280947890552525,2.9079999923706055,32,32,0.0,1820307.167992511,102.51735061053037,1799049.4269757492,102.36184088753237,1815834.6593741472,1789450.4425358635,102.50297183091917,102.44935854000181,1742601.9027008663,102.39810847316328,1816446.4637170825,1780502.2401739897
150,1548265926.60129,260598,8920,0.0342289656866131,3.815999984741211,32,32,0.0027734375,1900182.8131086016,102.74705675045533,1866476.4626205505,102.54424844660997,1871279.0407390832,1855425.8662390749,102.5921131447255,102.43692746042589,1870244.577635918,102.63319523451838,1871253.9216676406,1855340.0743881727
151,1548265926.66803,259260,2527,0.009746972151508139,2.9079999923706055,32,32,0.0,1862355.8423476203,102.82465760240254,1841700.980727511,102.69190871347814,1852726.247025919,1831118.907460183,102.76879544641307,102.70309658374435,1853942.87061859,102.77854928772295,1854851.1025041318,1793033.4516494356
152,1548265926.70140,259504,15181,0.058500061656082375,3.691999912261963,32,32,0.009278971354166665,1923688.3886158438,103.10742034373682,1883716.127130301,102.90697509040581,1862576.412781541,1813591.0567114998,102.8588774378377,102.7109336259779,1831639.7328648278,102.87072457928052,1863638.1238106391,1816183.2493364497
153,1548265926.76816,258181,21128,0.08183406215019695,3.6530001163482666,32,32,0.013763020833333334,1950878.941484915,103.39121150321995,1858918.5567623465,102.88180018694985,1854768.546081254,1827635.3823915739,102.945814913259,102.85880102822658,1887819.6750340771,103.00221110939324,1859558.499741714,1834956.8918565433
154,1548265926.80153,258413,7225,0.027959119703730075,2.9839999675750732,32,32,0.0011165364583333333,1933119.7298027806,103.28593691989049,1906179.8642627704,103.0141511632311,1901829.6896430897,1814561.2703544882,103.12652560281434,103.07492372890054,1894587.7989552778,103.07296340716569,1897200.5718312322,1837107.5086074837
155,1548265926.83490,256594,33748,0.13152295065356165,1.6469999551773071,32,32,0.054060872395833334,1949010.2698150326,103.50675983400471,773801.473891072,100.84741406488243,1604436.7287173164,982294.2398421493,102.3017391407501,101.51628123415898,1730567.7573262576,102.29698546147229,1270752.2767379112,1034843.6893302287
156,1548265926.90164,256014,8668,0.03385752341668815,2.8350000381469727,32,32,0.0012320963541666667,2055446.966393557,103.51975276246759,2007859.9788149786,103.17490867704493,2017332.4864013172,1975489.1973310842,103.34302563233263,103.24019336437065,1866788.899207792,103.26293751459113,2020882.192723135,1973808.0503826395
157,1548265926.93501,256006,8143,0.03180784825355656,2.8350000381469727,32,32,0.0004833984375,2045764.8313266376,103.62632395632858,1982581.8871195244,103.25082502304161,2005023.965230635,1977195.633346668,103.44045500285048,103.33012127499535,1997930.9061874652,103.43222777081513,2010840.9253042894,1974422.8471261926
158,1548265927.00177,254760,8255,0.032403046004082274,2.8589999675750732,32,32,0.0015494791666666667,2035906.8252512962,103.54038800209779,1831004.548639328,102.99117958930464,1982483.667624394,1939424.4807338743,103.3555234570241,103.28659328828704,2004040.8735366643,103.38573130178185,1983099.2086899034,1949777.1945093025
159,1548265927.03515,256091,5302,0.020703578024998927,2.812000036239624,32,32,0.0,2011418.1117180956,103.6980792195788,1986291.7679300061,103.4535596615488,1992054.8612557612,1968974.0248317998,103.60570025971808,103.54117270903103,2008852.2522419957,103.64898581981929,1989386.546259308,1975719.660430457
160,1548265927.06851,254898,111611,0.4378653422153175,2.240999937057495,32,32,0.3475260416666667,2135185.215114065,103.62134341983369,321970.8848421421,96.86441332791193,721844.0930447195,321292.24469444685,99.0537766653199,96.845938334098,736850.8133948996,99.19826235285659,711557.0832306987,371333.6625429474
161,1548265927.13523,256032,1805,0.007049900012498438,2.680000066757202,32,32,0.0,2484293.311721672,103.9678262899392,2473809.5332089425,103.90108556910738,2478995.2831245176,2471783.1703195586,103.93948592820843,103.91574584864784,2481345.798933004,103.95474124638872,2478219.3896761364,2452245.7289069593
162,1548265927.16860,253743,4074,0.016055615327319375,2.6694998741149902,32,32,0.00019856770833333334,2611623.504567275,104.32137369672945,2576923.2430939823,104.12770228069272,2588873.392573595,2519516.988893734,104.22120296524078,104.15061530461028,2472820.525266542,104.19551855603653,2577337.622373648,2471437.426429473
163,1548265927.23534,254937,3918,0.015368502806575743,2.38100004196167,32,32,0.0,2745563.764817589,104.19084585396914,2715488.941916703,103.97959178095569,2693548.4011089643,2525451.860247286,104.09773658339405,103.91846762839742,2742021.8524074582,104.15951111718215,2732500.24245241,2707429.994888071
164,1548265927.26871,253783,1198,0.004720568359582793,2.6589999198913574,32,32,0.0,2622577.359976089,104.51051747091097,2611253.1148108984,104.46306254880005,2617068.9632727904,2611156.012556796,104.47843134857376,104.46375429528673,2616376.8308028094,104.4820565056246,2617309.753761824,2613764.0959917977
165,1548265927.33547,254717,5168,0.02028918368228269,2.559999942779541,32,32,0.00020670572916666667,2381547.575700791,103.70936971219638,2347555.7620218596,103.480896550681,2359949.383326453,2337596.674689594,103.57926821718675,103.49563886015152,2355613.293276739,103.52115479603887,2358948.4894461744,2339631.2246220037
166,1548265927.36886,255701,7507,0.029358508570557017,2.431999921798706,32,32,0.0007373046875,2357794.3656794555,103.64412131941461,2306570.311619653,103.27129214616174,2342081.305765407,2313059.8926360197,103.48180783423366,103.41810584140454,2334077.74374635,103.47627494501234,2340809.325741303,2320159.74752004
167,1548265927.40223,256062,6576,0.02568128031492373,2.7890000343322754,32,32,0.0003580729166666667,2244779.343204944,103.9528214040291,2193784.276550798,103.63856751039135,2209870.6147483313,2196514.798537082,103.76557741876968,103.68462918609295,2225037.336629087,103.84090218164484,2211322.018425674,2201615.545586935
168,1548265927.46897,255047,7476,0.02931224440985387,3.99399995803833,32,32,0.0018098958333333335,2518331.940782231,104.13082212371565,2472201.5158716487,103.85637440387444,2464732.6291189874,2443347.1487164088,103.94280141129128,103.7501721656795,2472633.1754880142,103.88398413823197,2459174.742886355,2437173.5590349296
169,1548265927.50233,254330,8617,0.033881177997090395,3.947999954223633,32,32,0.0023844401041666664,2579070.861847522,104.026532642307,2511117.2287621656,103.63530711779197,2511211.787442896,2498235.04613634,103.77309493897451,103.67854022342134,2514312.2794894837,103.76456910286453,2511286.611301301,2489448.974313612
170,1548265927.56907,254907,11639,0.04565978964877387,4.040999889373779,32,32,0.0029020182291666667,2646977.899019169,104.57790376271285,2549410.5952387056,104.12748771707871,2569944.475101278,2546395.7547389497,104.27051664280096,104.14457776871568,2582682.4032395757,104.19081745758928,2568050.8896047305,2541424.433349361
171,1548265927.60242,256061,13918,0.05435423590472583,4.040999889373779,32,32,0.0030192057291666668,2481651.732228383,104.42558764032384,2364951.187774759,103.90273057598662,2414336.8903878946,2369125.2764015687,104.07195873491703,103.84576182101675,2362721.5770563805,103.89162051595068,2397612.697492482,2369594.2037748694
172,1548265927.63579,255845,6445,0.02519103363364537,4.040999889373779,32,32,0.0002620442708333333,2471770.9528885297,104.36241623246673,2441156.203156919,104.18178755482205,2445049.1963833836,2414799.9065553527,104.23198249859018,104.14575908161949,2435920.7143700775,104.23981842126845,2443566.592900386,2408890.926454087
173,1548265927.70251,257263,18042,0.07013056677407944,4.040999889373779,32,32,0.004265950520833333,2476420.072808758,104.34123936533547,2352871.006153158,103.75214652469333,2386303.213243438,2325575.6941280956,103.97825935796622,103.75721222115769,2419275.12895925,104.14344768805555,2384320.4912642604,2316231.2558941273
174,1548265927.73588,256572,8668,0.03378388912274138,3.99399995803833,32,32,0.0009879557291666667,2466260.5495827394,104.46275867983816,2406783.214611502,104.11743060410043,2427696.708576929,2395954.7179182167,104.27349690984292,104.14795725367554,2422444.5359596815,104.2515511388848,2425772.3839643765,2397660.6522605415
175,1548265927.80262,257778,13944,0.05409305681633033,4.089000225067139,32,32,0.0012630208333333332,2458915.9349900307,104.31193845099008,2360543.6416899897,103.82449448246129,2396305.5043945955,2349232.2236680896,104.10356778730042,103.81872011964123,2394561.1756754625,104.12708342182886,2390440.5385240726,2340506.489152094
176,1548265927.83597,257561,11695,0.045406719184969774,4.040999889373779,32,32,0.0036800130208333335,2361582.537485656,104.28059843787062,2302622.8540515923,103.87485130947327,2308161.354592145,2260568.2754965993,104.02158729559864,103.79874259378107,2321631.7959258566,104.1259317088936,2315101.441322266,2280318.335892199
177,1548265927.90271,258027,11911,0.04616183577687606,4.089000225067139,32,32,0.0011637369791666667,2283419.672778125,103.95938899908998,2228300.5561195794,103.66385360095038,2228654.5337686827,2206301.1137047918,103.7336592911893,103.61086353633468,2226376.7601016597,103.67371050983651,2226350.7345666355,2203081.2388808373
178,1548265927.93610,256555,7578,0.029537526066535442,4.089000225067139,32,32,0.0015299479166666667,2533682.9976432994,104.79782733273765,2464494.0397443445,104.46734421322861,2494825.703428871,2465621.6109386226,104.6336373495449,104.49556318530442,2499301.3430595645,104.64969337148274,2480181.0868858974,2435563.0268130535
179,1548265927.96947,257061,7502,0.029183734599958766,4.138999938964844,32,32,0.000751953125,2473197.74493259,104.45222216810359,2411498.745487618,104.1431218744682,2417876.842918749,2358093.2260239795,104.29970371696251,104.20007508047,2429129.5885714344,104.29056508587202,2426866.213323773,2385534.257027484
180,1548265928.03621,255259,4521,0.017711422515954384,3.23799991607666,32,32,0.0002620442708333333,2454582.576917549,104.69644590403195,2330187.1221210943,104.40433954062381,2418021.129838392,2366098.0458034906,104.58076309306253,104.49069665920165,2420267.7806493244,104.60398032710788,2426960.6436554696,2377715.321821795
181,1548265928.06954,255907,2440,0.009534713782741386,4.138999938964844,32,32,0.0,2501410.8339692415,104.5117271363368,2484810.024118944,104.43809500946115,2487289.004650907,2455656.9822799764,104.47322761055406,104.41103827378878,2487525.7427051263,104.46476212402621,2485968.3753954135,2437893.3801365118
182,1548265928.13631,254998,2139,0.008388301084714389,3.299999952316284,32,32,0.00019368489583333333,2551934.1222702167,104.86463788285533,2487778.004823824,104.7265817146874,2513808.7020839127,2379301.6050469475,104.79833259521436,104.69168348820169,2399966.7164200307,104.72465832591533,2523279.8451787243,2450597.225891436
183,1548265928.16965,254804,2026,0.00795120955714981,3.8589999675750732,32,32,0.0,2616926.763696879,105.04677881555587,2608473.2441436476,104.97204464954451,2606700.0862389705,2595042.8918445525,105.00317137196602,104.95848017236878,2611978.250266725,105.02749010041845,2608901.9401994166,2592522.6901238356
185,1548265928.26974,255369,1036,0.004056874561908454,1.9700000286102295,32,32,0.0,2483700.61012251,104.80441172276059,2416578.908605123,104.7257783749777,2473049.4626993053,2448806.0978336777,104.7760129975326,104.73707730384109,2460454.756478454,104.741056322076,2476185.4267938677,2433034.7846075837
186,1548265928.30311,254857,1750,0.006866595777239785,2.870999813079834,32,32,0.0,2463713.9031310896,104.61638548364562,2404289.4180076555,104.49474535664098,2454658.9221359054,2435808.6239098236,104.58371333943154,104.55460063269288,2460726.319297024,104.61041678954649,2453840.1719909552,2430864.9466124456
187,1548265928.36985,256849,11173,0.04350026669366048,2.503000020980835,32,32,0.007916666666666667,2339146.046773255,104.25809924828054,2232947.624752635,103.70605138698615,2286900.54706796,2249452.9757252876,103.97717036682587,103.86102265689851,2280528.6271888553,103.96479903994418,2289916.928999899,2245262.7780353883
188,1548265928.40322,256721,10677,0.04158989720357898,3.23799991607666,32,32,0.0017692057291666665,2319535.7613997916,104.31583223728887,2165205.5644997037,103.80016126405896,2249537.640310552,2205206.0450408533,104.0154718265285,103.90099249405398,2283323.0519982753,104.1340701454979,2235889.038043475,2161696.171035252
189,1548265928.46997,257448,41157,0.15986529318541998,2.431999921798706,32,32,0.101220703125,2376823.40732841,104.50178642164181,2103474.860398346,102.7515006483685,2166948.8164336802,2116554.383930753,103.04017136674301,102.90033130823095,2172037.7555237073,103.17936770514014,2161603.614367,2128346.834213015
190,1548265928.50334,256838,42191,0.1642708633457666,2.450000047683716,32,32,0.10281412760416667,2306015.2512347423,104.33549214976898,2025962.61898183,102.60023596119234,2083915.1461160611,2056073.5878475108,102.87841513369966,102.75837153980476,2090221.8746092245,102.86165087259593,2093026.0382062872,2061557.7479610955
191,1548265928.53671,257469,42941,0.16678124356718674,2.450000047683716,32,32,0.09684733072916667,2331496.8247617525,103.84571943226086,2044287.0560519495,102.10932165194944,2174209.1859236145,2072623.5886146869,102.77523132881956,102.26667841036605,2134083.1203643833,102.51023975974704,2180015.329214919,2066811.1058005209
192,1548265928.60345,257829,11394,0.04419208079773804,4.190000057220459,32,32,0.006173502604166666,2248813.74303742,103.77743592694938,2157250.5576908677,103.33465956129041,2168642.4347608024,2135886.587401332,103.48241318861895,103.34422842762653,2232173.7699307366,103.70288692616106,2178784.9962779535,2143401.0118700657
193,1548265928.63682,259610,12498,0.048141442933631214,4.190000057220459,32,32,0.009368489583333334,2095963.4768871823,103.09951311969822,2021557.900847818,102.68210123243196,1982061.0431691282,1833785.5291480725,102.74544508078222,102.64131233531253,2039065.5934803982,102.78693912098717,1996829.4806371909,1830005.7842109806
194,1548265928.70356,262282,10420,0.03972823144554335,4.348999977111816,32,32,0.0035628255208333334,2095928.986247697,103.18847824026481,2031876.1435254463,102.80920500383746,2046797.1382145162,1997421.2976870893,102.99138972692887,102.76898232519956,2065950.1217031323,103.07710960695663,2044193.83148982,1991848.5383120333
195,1548265928.73692,261603,10841,0.041440656261587216,4.241000175476074,32,32,0.007434895833333333,2041212.4086444045,103.22103425897522,1966816.9171239294,102.80109062540903,1950913.4708651952,1912509.8378455197,102.89137395494038,102.67352915763169,1922564.875689986,102.67723231617629,1948519.1432718877,1916511.4311001142
196,1548265928.80365,263373,4033,0.015312883249232077,4.4629998207092285,32,32,0.00011881510416666667,2118368.8291684836,102.91661294790568,2087205.589123638,102.74428186753852,2103281.797350095,2065894.940308041,102.84613420546637,102.74857340365628,2113564.6587723116,102.8590875470179,2105880.9289735043,2073911.5148395859
197,1548265928.83701,263173,3989,0.015157329969259765,4.241000175476074,32,32,0.00029296875,2098707.3480626284,103.095752184323,2066030.0887155454,102.93652640990871,2074812.5274516144,2037593.499122434,103.01010002586781,102.87010021564194,2095354.1337774931,103.07479809464527,2084923.3149991492,2063200.642564982
198,1548265928.87038,263200,9707,0.036880699088145896,4.644999980926514,32,32,0.0035270182291666664,2060477.7877361334,102.91407499331609,2010027.3295613858,102.68074799398026,2000977.8891454558,1968271.8708576332,102.76380837441164,102.55267215705726,1986026.5778732593,102.53096094708275,1996332.087379241,1970434.9931868883
199,1548265928.93712,263274,4516,0.017153231994044227,4.4629998207092285,32,32,0.000361328125,1984536.336627861,103.16663464196203,1915560.5215499043,102.90986128682883,1947341.3377891353,1932655.6865182659,103.01945661393889,102.96091853216413,1942863.4866121016,102.97637194481116,1938349.650465526,1908193.660094888
200,1548265928.97049,263240,7320,0.02780732411487616,2.6389999389648438,32,32,0.0023095703125,2190758.0101059186,103.81983958984584,2005240.8683078922,103.22638623195226,2095334.1639373158,2054712.828210026,103.53262627094244,103.37422873936353,2136930.9412317225,103.57210371281364,2104691.3503273455,2061872.1193049063
201,1548265929.03724,262200,5847,0.022299771167048055,2.5980000495910645,32,32,0.002216796875,2383861.818239763,104.20721664265233,2194919.466174338,103.67418460886788,2323934.9232476475,2266775.2707279245,103.94414988237546,103.8206200146484,2313810.866412037,103.89479897488556,2344602.349728965,2265989.8915123893
202,1548265929.07062,263606,90732,0.3441955038959659,2.3010001182556152,32,32,0.26037434895833333,2120965.3363128453,103.5825245252988,467761.0286247651,98.11922538494325,1096375.228330385,725510.4347837404,100.1693985936061,99.14674473033834,1020043.5523505283,99.99446096475569,1054658.700013009,582062.2370554702
203,1548265929.10399,263583,89224,0.3385043800245084,2.2709999084472656,32,32,0.27357096354166666,2015115.5601001922,103.26297299918302,434387.35745140054,97.76838201895029,802642.9371631464,526243.686765223,99.55996859085536,98.26937236206159,824678.2819995541,99.91234917083432,799982.4097004089,525457.2747197195
204,1548265929.17073,265951,93627,0.35204605359633917,2.2709999084472656,32,32,0.2822770182291667,1903095.069539629,102.71099770497656,411790.02694192494,97.27143622562062,787038.7709903843,559229.1859861189,98.91382063043763,97.8038053745197,733131.3391542162,98.3731815633809,683601.4635879592,497112.9066813685
205,1548265929.20409,265326,100466,0.3786511687508951,2.316999912261963,32,32,0.3071110026041667,1868688.261027347,102.73994373824283,411726.5837448402,97.24857361336615,697753.408674753,501001.0952213083,98.51665081435594,97.62993868005393,775814.2559675722,98.85200869272413,675893.445161714,464558.18909143494
206,1548265929.27083,262248,93633,0.35703990116225864,2.2860000133514404,32,32,0.28522135416666666,1964137.996506849,103.67389258609543,473460.66394828516,98.17087823405237,934172.7612272438,527178.163288682,99.9486486624827,98.55330767233498,673634.2359168727,99.32710942845601,951327.287220295,654239.7071827361
207,1548265929.30420,264763,95304,0.3599596620373693,2.2860000133514404,32,32,0.2868408203125,1685963.6556627357,102.37797197381732,430378.22127513203,97.26463585786732,775924.3789815182,454750.93072205066,98.6535858468974,97.51096327232716,531494.4804498187,97.92378056389504,732367.373422538,543281.046877571
208,1548265929.37095,261427,91688,0.35072123384348214,2.3010001182556152,32,32,0.2757340494791667,2052284.5078619192,103.93014635570202,525515.688772193,98.20575572444469,986299.7241342085,631980.1732102527,99.97296727496764,98.80927732474355,818554.5619531466,99.51696282510464,938400.0866711539,556230.562915883
209,1548265929.40431,261770,3794,0.014493639454482943,2.5789999961853027,32,32,0.0003304036458333334,2070945.6448071648,104.03797475500501,2020855.024020041,103.81962407274455,2028404.503665063,1984697.5829501762,103.89187596352586,103.79607445508661,2040061.508261018,103.8813471389437,2033296.6003795308,1993455.31339089
210,1548265929.43768,261068,88628,0.3394824336954357,2.3010001182556152,32,32,0.25294108072916666,2124614.139952613,104.0654979926573,565022.9456738834,98.58539540219411,1076533.194665989,754025.3381161246,100.43844618894715,99.49286961425724,1113135.7453851104,100.53283148614013,1081028.741600491,912060.2668324701
211,1548265929.50441,260516,3497,0.013423359793640314,3.009999990463257,32,32,0.0,2131075.990370239,103.96606894257305,2095857.181740228,103.79509925174364,2110239.740984785,2078618.6512346144,103.89292367150718,103.81353450298346,2114668.8795239762,103.9305521805105,2106861.4435135415,2079386.3768145351
212,1548265929.53778,260933,91710,0.35146953432490335,2.2860000133514404,32,32,0.252744140625,2235869.327590111,104.18488278127042,593056.6695285215,98.68047230343484,1128231.0690807723,958432.1954458118,100.58338870737037,100.01166283407878,1080264.862082016,100.25626145737418,1085942.6502634338,889503.0003425211
213,1548265929.60452,260384,93230,0.35804811355536437,2.2860000133514404,32,32,0.2701285807291667,2217514.936307992,104.11752092258128,618715.5535713811,98.74179500068934,1047959.3427452343,830180.8863848723,100.25199456106955,99.71296268957708,1135892.652422688,100.33616982411759,1093069.6464509568,953416.2866497263
214,1548265929.63789,260420,93927,0.36067506335918903,2.2860000133514404,32,32,0.2781526692708334,2271212.245401243,104.26164822887422,637436.494389422,98.84428575565684,1154651.4118720572,934681.2887105743,100.63814875707004,99.69037927436426,1226337.3309415914,100.67955555638288,1164106.228015214,964341.1243953351
215,1548265929.67126,258519,5128,0.019836066207899614,2.882999897003174,32,32,0.0007307942708333333,2233714.679899273,104.22640268007035,2168444.738973183,103.94979485320152,2187651.5965321437,2130968.3241883614,104.08381316712797,103.94861628335363,2172557.0567784826,104.06830864529866,2204489.132861194,2137152.040981641
216,1548265929.73799,261692,103799,0.39664567506840104,2.2709999084472656,32,32,0.3060172526041667,2123935.390086257,103.63492023041235,563413.4724742325,98.0319038464242,970527.7743441137,796566.7398502949,99.63153134167655,98.73086461767501,978058.6859709226,99.56019921326295,976047.8935048897,850052.8894349758
217,1548265929.77136,261326,104268,0.3989958901907962,2.25600004196167,32,32,0.30394368489583334,2345655.1024646508,104.30818832147992,609952.6621134186,98.47295029544097,1059119.774455849,723709.7487049992,100.19136363846098,98.82730730683437,955697.6596185198,99.71785818936692,1060605.5126094115,770096.4537673556
218,1548265929.83809,260699,107384,0.4119079858380738,2.240999937057495,32,32,0.32710937500000004,2057424.0161852478,103.40138759051337,544028.1231326904,98.09090281451896,913893.2214752417,675944.8678202244,99.42037314966097,98.42360704860609,742757.4427747657,98.51940417568602,899013.5901422664,550781.181236819
219,1548265929.90483,259985,110059,0.4233282689385926,2.2260000705718994,32,32,0.3338704427083333,2307096.7051848047,104.15141590295548,584816.9293141452,98.58569632811906,948834.0871992841,689019.8142176158,99.87184208945239,98.80314265450913,1080395.2532478084,100.41712713147695,985299.1742167088,849858.976321113
220,1548265929.97154,259466,113236,0.43641941526057365,2.2119998931884766,32,32,0.3439306640625,2519005.629437294,104.54781163695155,637076.5858560227,98.93462705537937,1043351.5980692882,686733.9375332932,100.15963183997985,99.06115597034062,840779.131510266,99.42526612313502,1100232.0237580342,969209.8484408444
221,1548265930.00491,261583,116600,0.4457476212139168,2.197999954223633,32,32,0.34789713541666667,2361878.855896781,104.11499426065842,584277.2062569241,98.64199599619263,996519.6810393176,739385.5427944015,99.76407430559625,99.17337787468703,1073789.3625092953,99.75818951836621,995819.0082250442,766698.3459375134
222,1548265930.03828,260977,121159,0.4642516390333248,2.197999954223633,32,32,0.35278157552083333,2320256.631509327,103.90673012984146,491170.236059036,97.98906212342166,878547.7468983781,698631.8831555519,99.14268822809608,98.58212690084737,803107.896695696,98.84479750781742,909691.1764798501,753427.6705286796
223,1548265930.10502,262122,124348,0.47438978796133097,2.1700000762939453,32,32,0.3732503255208333,2404569.101431899,104.25127471853438,467197.0602474903,98.02490530403756,884257.0781213064,662891.0331713507,99.21993879806496,98.5031825134629,480032.8906808383,97.94507777125969,855410.6724755277,548356.991722181
224,1548265930.13838,261491,126980,0.4855998868029875,2.184000015258789,32,32,0.38445963541666667,2212329.956481023,103.77677937234186,443648.49506562884,97.50391011713876,798406.320492823,574718.6964059322,98.85339451013569,98.17354523578183,1000970.7110217093,99.69377343383896,773601.4393491544,650725.1037574095
225,1548265930.20511,259216,5972,0.023038701314733658,2.128999948501587,32,32,0.0033251953125000002,2570757.340400566,104.66132173386211,2467930.2227381524,104.30815630661434,2485265.469571323,2396103.9921357036,104.3903507785092,104.31416542944433,2485142.3543096674,104.45560377976332,2473075.838854218,2374938.063356825
226,1548265930.23848,261049,121941,0.4671191998437075,2.1559998989105225,32,32,0.37009114583333336,2490013.279325452,104.29257265190988,455475.4890824773,97.5051790090069,909791.7494266492,560703.790358313,99.0291205129594,97.84905997226166,881973.02440191,98.92000652616267,919111.0237739866,443845.15929727664
227,1548265930.30522,262775,121445,0.4621634478165731,2.1559998989105225,32,32,0.37695963541666666,2178226.0777720357,103.73617311243459,468088.2173210222,97.68389282115291,835000.7226846202,505000.64576080226,99.07865168755538,97.95440757760089,647687.0651202855,98.66193321314009,917782.5863267165,531397.9500993504
228,1548265930.33859,263188,5547,0.02107618888399167,2.365000009536743,32,32,3.743489583333333e-05,2117287.823570719,103.5083854280135,2034570.8244473205,103.21672591876491,2075440.8752855547,1997335.0959909544,103.32740426678687,103.23874755512615,2068550.5693006888,103.31895284029478,2071562.534954123,1997155.0719943787
229,1548265930.37196,264772,120267,0.45422854380372546,2.1429998874664307,32,32,0.33316406249999997,1953882.59836355,102.87752328301352,372738.6786367536,96.71076407796369,724255.631004509,621705.9644796333,98.10459751814932,97.58524454275403,706516.6836352706,97.48505034845064,735245.224920778,497640.1083971391
230,1548265930.43870,264329,114496,0.433157163988817,2.128999948501587,32,32,0.3478955078125,2018429.6552868986,103.27489835288425,547543.0785757594,97.7056213523627,932729.3495216146,609308.5175913953,99.16629622495066,97.95146352913878,917922.608435229,99.19855970659978,944047.4313729113,710197.3044816303
231,1548265930.47206,263883,11884,0.045035110257197315,2.431999921798706,32,32,0.010091145833333332,1851957.286039016,102.87851869728853,1706239.0503622575,102.32445344167436,1696381.9308731256,1622764.177646357,102.4360998051183,102.37640650841016,1598523.9338452914,102.38898952290792,1704193.0103493156,1621554.7747222171
232,1548265930.53879,265480,19624,0.07391893927979509,2.25600004196167,32,32,0.020999348958333334,1926744.8453688915,102.96618168676744,1476509.8402027297,101.74781343075452,1637667.8537722852,1567442.0397609598,102.11781035482777,101.97361745742,1599738.977263071,101.98619702554765,1637649.820624161,1567602.362752355
233,1548265930.57216,263550,18640,0.07072661734016315,2.2860000133514404,32,32,0.020040690104166668,1918315.8770831954,103.36504589981644,1462536.3233547457,102.23104154799921,1647865.5239382745,1551218.875635291,102.56130312214131,102.42978433527816,1732170.3830708284,102.37845410600349,1649870.515621299,1570809.4071783351
234,1548265930.60553,262369,19917,0.0759121695017323,2.2119998931884766,32,32,0.017734375,2211152.020371568,104.54566255409536,1702459.423545464,103.1559565333276,1891023.192800894,1793844.808433284,103.76376966702716,103.50361409541105,1879815.5113820652,103.73961461114793,1879049.2791896826,1779152.8454899609
235,1548265930.67230,263557,21069,0.07994096153773188,2.2119998931884766,32,32,0.030209960937500002,1934175.5769671195,103.20468006594118,1476749.8848910313,101.87858323180852,1647452.4899921075,1577601.9230080694,102.30460827926879,102.16104137155611,1694899.744830235,102.28449173104346,1654471.7575174551,1529847.4071613196
236,1548265930.70567,263505,23729,0.0900514221741523,2.2119998931884766,32,32,0.04584309895833333,2219931.330966819,104.15469922743141,1699302.7772268567,102.78074716566101,1846159.5070163377,1753960.8830824643,103.08880608665766,102.97441142737584,1867437.2707821375,103.1430725798642,1890565.5024978158,1713617.0797858052
237,1548265930.77241,262490,16583,0.06317574002819155,1.5570000410079956,32,32,0.038564453125,2042216.5083933426,103.32646330174232,1566999.5710718501,101.96095684606911,1637387.1464329632,1574293.0030096832,102.23026914846096,101.96132951351265,1631384.9714790753,102.20078059809508,1631778.7547594528,1572405.4320523501
238,1548265930.80578,264848,26981,0.1018735274572585,2.078000068664551,32,32,0.0515185546875,1969825.6269734278,102.97201552107488,1419070.8536238095,101.34132878658502,1579768.8378005926,1501870.0407720825,101.72627266886414,101.58130599582122,1483800.4935791865,101.48907251060557,1582094.5611878296,1493452.193019404
239,1548265930.87252,261984,17035,0.06502305484304385,1.4329999685287476,32,32,0.04636067708333333,2256299.891696035,103.77438602077268,1699181.220127471,102.38857316681072,1821696.9859334687,1720678.8364566914,102.70750372724606,102.44170846632178,1872285.0741743436,102.76127932636695,1813311.486774032,1723604.6022515548
240,1548265930.90586,265200,33065,0.12467948717948718,1.9259999990463257,32,32,0.09050455729166668,1882759.888763849,102.31335447401055,1283640.3723033378,100.52676077711396,1410840.4402275325,1316427.8988403962,100.9068459032818,100.59666650096933,1401550.8014794926,100.99443282226505,1398521.3728733873,1323979.148694722
241,1548265930.93922,264172,36060,0.1365019759853429,1.8630000352859497,32,32,0.09694335937500001,1945262.1209764683,102.55199763135023,1262963.678543296,100.49209870734693,1447878.5746320826,1288891.079466306,101.11184264631197,100.60353031701014,1378628.219532526,100.97596575991453,1410604.2100636372,1300809.0568249281
242,1548265931.00597,265327,40147,0.15131140064901047,1.6469999551773071,32,32,0.10612955729166668,1858286.0506114818,101.88217396289578,1153886.9600973537,99.63294643690489,1361845.049991022,1210849.355491452,100.24503442940546,99.82470961147929,1229640.07006225,100.03699375988363,1390727.0653415434,1199283.2471627942
243,1548265931.03933,265530,43750,0.16476481000263624,1.593999981880188,32,32,0.11856282552083333,1990347.6718400274,102.27738096231859,1229282.9855748413,99.93275855144081,1392522.283717631,1267957.5053727925,100.40567952494041,100.06315811460227,1484398.2276144875,100.56586239855383,1377895.905339626,1267989.9674890526
244,1548265931.10607,267592,43682,0.16324105354420163,1.496000051498413,32,32,0.12802083333333333,1827488.8770609759,101.66120677141457,1146305.6926685004,99.15573036528704,1262050.7753514748,1172373.0764860439,99.62062192113308,99.3048491907208,1442031.1638853804,100.06825316730253,1340710.103546192,1223128.60160376
245,1548265931.13944,267806,33703,0.12584856201877478,1.4329999685287476,32,32,0.09830240885416666,1808999.2576185793,101.79528366489623,1166378.471406422,99.55120974137523,1282669.0858503473,1218741.9442317495,99.95292385060263,99.67542901542711,1421490.3970320374,100.15911312301594,1312971.123824447,1198533.9937642112
246,1548265931.17281,268283,45739,0.17048788033531756,1.4700000286102295,32,32,0.10365071614583334,1868083.5111053113,102.16175395391991,1206164.8512199344,99.63065993279353,1412031.9698975645,1326589.644109976,100.29369877019508,100.1135979934141,1416477.324297893,100.61540053898409,1411202.2803438546,1330621.703161423
247,1548265931.23955,268776,3836,0.01427210762865732,1.9359999895095825,32,32,0.0,1765312.5761802117,101.68521863420196,1717228.5501702426,101.50592563875749,1741863.9263721162,1698227.3228285043,101.61275997955376,101.52763722373366,1747280.98540568,101.61685416767035,1718568.5417892206,1692485.446866345
248,1548265931.27291,269116,6178,0.02295664323191486,2.25600004196167,32,32,0.00014485677083333332,1694237.032963582,101.27076601261962,1645962.2494396814,100.9506260518707,1656446.0803621847,1619052.742236595,101.13288769752666,101.03272786153069,1660803.2130690194,101.12984013398328,1662784.155956272,1636190.2307954591
250,1548265931.37303,269797,3309,0.012264776850743337,1.5570000410079956,32,32,0.0,1822850.368137451,101.53257922802476,1777110.5878895107,101.34922143602758,1801515.511390003,1773800.838248122,101.4644653797936,101.40265123123125,1781554.200102919,101.46465662968309,1803850.6889096247,1784581.1532439548
252,1548265931.47314,269620,3085,0.011442029523032415,1.5570000410079956,32,32,0.0,1964157.5356986336,101.80560585507358,1921951.5955758193,101.66661867462844,1947326.1446012198,1910054.3042421285,101.74175002525598,101.67481358548415,1953024.2414620111,101.77193715669053,1938798.4852166097,1898881.849513811
253,1548265931.50650,268085,6083,0.02269056455974784,1.8229999542236328,32,32,0.0,2493123.1353300954,103.14923340485213,2429545.191183437,102.9104213019065,2408354.4860179042,2346490.722057983,102.96442004063687,102.92430174954029,2465445.928082728,102.99221434259832,2427060.112780171,2348989.5493031256
254,1548265931.57324,269274,3489,0.012957062323135543,1.5859999656677246,32,32,0.0,2103221.6163231796,102.26026665646641,2061442.7515414292,102.11561757282081,2084193.8275543773,2057821.3525013023,102.19095880062096,102.13195997949367,2091252.9963995947,102.1848609325101,2079717.0138806624,2044290.7413848261
255,1548265931.60662,267983,3107,0.01159401902359478,1.8830000162124634,32,32,0.0,2536725.2345140767,103.33847027194359,2528900.7536908207,103.23929494224129,2515437.661289694,2466738.5553314355,103.27518097823375,103.17725417440838,2511370.366306192,103.21768206633072,2517177.547918015,2453931.017977927
256,1548265931.67331,268071,175742,0.6555800515535063,1.6799999475479126,32,32,0.5435400390625,2093117.1865965845,102.67754300012601,117158.7815554109,90.5865419294608,443819.0461038611,225717.65179228337,94.17454421054272,92.23611666777622,438241.165052993,94.10076550973581,415983.3165792246,213975.50780718875
257,1548265931.70668,266009,2848,0.010706404670518666,1.8630000352859497,32,32,0.0,2614427.321196065,103.96440147295198,2602020.7953762533,103.85510159802466,2603380.1564703635,2534398.584585763,103.91309908279402,103.83346506659576,2600282.766292387,103.88207785389747,2594106.78512121,2545365.106777931
258,1548265931.74005,267998,3582,0.01336577138635363,1.8530000448226929,32,32,0.0,2308289.1705138893,103.17838842673856,2294519.7350306218,103.04341257505098,2283900.0195491263,2225578.9660540903,103.09619334637092,103.02076738259017,2261397.552781573,103.0052306424996,2279921.8407973545,2236075.2991986237
259,1548265931.80679,265252,3411,0.01285946948562122,1.8530000448226929,32,32,0.0,3139075.19103884,104.87841178771552,3095630.196215817,104.72384129057436,3098106.552550747,3029175.9680470424,104.79155385334255,104.69919389622687,3058053.1179699413,104.76994397969605,3102850.50693815,3000134.718355441
260,1548265931.84019,266841,1848,0.0069254724723711875,1.7660000324249268,32,32,0.0,2545950.294622932,103.76450777368186,2514212.71665425,103.65794415541507,2529449.1045917403,2508082.7366786427,103.7083957765441,103.67622971362582,2532740.2234237026,103.71884976288487,2526901.0013797935,2509390.2417200045
261,1548265931.90693,265525,7306,0.027515299877600978,1.7660000324249268,32,32,0.004615885416666667,2688355.6496338965,104.34223316624431,2575369.8336261124,103.82874558288277,2582243.6724949675,2561920.2896917528,104.00678032577575,103.88926807119088,2576033.7566731386,104.01160088185469,2592902.853272883,2555843.332406717
263,1548265932.00704,262357,3818,0.014552689655698153,1.8229999542236328,32,32,0.0,3115265.2550446517,105.26088904227932,3084603.9785581427,105.01807526943166,3083603.0849413513,2990061.1584560005,105.18089210147673,105.08737393307443,3034255.0383243742,105.16099923745821,3083952.254555366,3022084.5595870777
264,1548265932.04040,265076,1256,0.004738263743228357,1.6710000038146973,32,32,0.0,2783411.236642355,104.37911911782712,2755229.931792004,104.25767407284468,2763143.139466605,2747368.7557966574,104.33324126808702,104.2994081519535,2736877.086280369,104.26925645125196,2754831.3806790095,2722051.767779284
265,1548265932.07377,266480,1391,0.005219903932752927,1.6959999799728394,32,32,0.0,2195374.0367728546,103.1576795426965,2165382.6628846116,103.00270640911205,2188489.432816703,2156632.9511819384,103.13108179615182,103.07055781597064,2185854.0437948713,103.12729335790237,2184313.346950488,2154255.8130987664
266,1548265932.14051,265943,1623,0.006102811504720937,1.496000051498413,32,32,0.0,2489595.301321232,103.7699821731379,2467721.648057675,103.68005442594617,2479022.570047346,2452420.046538478,103.73569001915016,103.69185150728661,2469129.5138128567,103.72513982760455,2475297.101709023,2456973.45624333
267,1548265932.17388,265180,924,0.003484425673127687,1.6089999675750732,32,32,0.0,2347759.748105936,103.51368221514905,2338595.974015534,103.39220437913694,2343914.6656193137,2305590.5822497304,103.50082071613551,103.43536815524527,2345504.361626259,103.50384938141787,2342179.841039411,2325359.5136420927
268,1548265932.24060,266436,3490,0.013098830488372442,1.812999963760376,32,32,0.0,2245585.8289610487,103.23080176034203,2174955.7329561436,102.9201980406502,2231107.467391452,2195062.2310370463,103.11895743193823,102.98478386898192,2214497.4989089193,103.0277966918114,2216775.536414789,2184085.267039142
269,1548265932.27393,265807,1398,0.005259455168599774,1.7130000591278076,32,32,0.0,2296021.00156657,103.30684171517568,2282486.8849958894,103.14895193631669,2289153.481843404,2267723.452989051,103.28452641995429,103.24338360147995,2291345.430257116,103.27961879742129,2288321.105849229,2264334.4161340175
270,1548265932.34067,266475,1551,0.005820433436532508,1.7760000228881836,32,32,0.0,2158654.166539833,102.87115338361144,2144677.1389676994,102.73902584067899,2149382.2823936273,2139470.95304707,102.82063198639798,102.79534317210242,2146041.6148494664,102.83078266796154,2148560.6412190753,2136213.8889895156
271,1548265932.37407,268171,125766,0.46897688415227595,1.6799999475479126,32,32,0.2863948567708333,1904910.5451157244,102.17563574843783,125920.01425157567,91.52048982665272,469960.25141360145,315406.28678548103,95.5769220616521,94.48068007201095,446570.1741993681,94.9908797844065,499058.78737602674,334720.05052784854
272,1548265932.40743,263643,116831,0.4431409140390604,1.6710000038146973,32,32,0.2610758463541667,2371663.4176090867,103.53963835276329,178273.63889375076,93.6367868375529,671625.733159171,384628.97209404263,97.7862416490454,96.08255973618253,579589.3586285493,97.00895837703165,704934.6347357137,542272.5839801439
273,1548265932.47417,269252,118973,0.44186487008453046,1.687999963760376,32,32,0.250048828125,1528375.5639606828,101.10376912968613,115770.04330679768,91.35529245117186,431586.2268301933,275327.7477357262,95.81916566320453,94.17125860820002,450529.7732936871,95.92419422851736,453541.6844890943,288098.45330209745
274,1548265932.50752,264029,110252,0.4175753421025721,1.6629999876022339,32,32,0.24709960937500003,2247441.4094531746,103.26582587104693,174550.3960377949,93.5324464017288,741370.5669219893,401848.0866946332,98.21986542964409,96.18798252881682,544442.0329889496,96.30843445105968,707705.9422784455,442475.8753546985
275,1548265932.57428,269136,114264,0.4245585874799358,1.687999963760376,32,32,0.24417643229166666,1577953.8702375402,101.18462184114725,121309.20645137042,91.59433426676966,435053.3516980898,334734.79675880616,96.1365296139119,94.4734827438293,417057.04197296576,96.13760265027628,470229.2970822565,356377.0747117603
276,1548265932.60762,267658,106290,0.39711123896913225,1.6710000038146973,32,32,0.2171533203125,1953416.2750008977,102.5043453589462,147554.08171922408,92.95293548771848,616267.341657296,513484.6725207008,97.54154138124608,96.4174987940425,617746.2410042514,97.60427793977365,573507.1816665978,438571.5427756514
277,1548265932.64099,264740,105519,0.3985759613205409,1.6799999475479126,32,32,0.20963704427083335,2111324.385303381,103.05054883323045,172238.6343961378,93.37181539459861,635397.7031668355,486742.38275881717,97.91786309023365,96.64122892648423,575019.1684412813,98.25064044458492,668310.6297277154,556574.7239044437
278,1548265932.70772,267162,101994,0.3817683652615267,1.6799999475479126,32,32,0.21484212239583333,1781273.4006532617,101.9661591488821,142031.88835664248,92.59012993512911,516558.30722875556,377566.38903188205,97.18287381654892,95.67695256538461,540927.0909201554,97.70980813977553,555342.796011489,350747.1073545423
279,1548265932.74109,264156,94932,0.35937854903920413,1.6710000038146973,32,32,0.17238932291666667,1910653.6647370032,102.62907475844092,168068.00935147176,93.38858435324408,688740.7057609137,554009.3817899656,98.23481737509609,97.2576024424082,813534.6738316343,98.3056723882747,672888.4768814534,512192.8489273409
280,1548265932.80784,268351,94229,0.35114085656472305,1.6799999475479126,32,32,0.17664225260416666,1628215.2057047866,101.15460255672646,134582.35003625433,92.4088752837306,478519.4730028145,366657.40684811585,96.79338914246281,95.03426850292709,509442.6098224605,97.0306569187097,489904.4827892098,368008.15254981647
281,1548265932.84121,266650,91292,0.3423663978998687,1.6799999475479126,32,32,0.16701334635416668,1663408.9693157335,101.56036080738116,149934.14138163236,92.66700980734836,522635.6065055118,449232.75940797606,97.30411435864673,95.73664781076583,571864.1925954474,96.9614795006344,537468.6376391619,413104.54595357575
282,1548265932.90794,269469,84916,0.31512344648178453,1.6799999475479126,32,32,0.1305029296875,1085237.806603043,99.22517966646186,118976.81291585884,91.56796380267706,335500.1873299556,223304.28013891177,95.42134175678748,93.85317468418023,324795.2377295004,95.34403430865933,326431.0257885652,242564.5272969999
283,1548265932.94131,267107,55897,0.20926819589153411,1.6319999694824219,32,32,0.08438964843749999,1304068.157538088,100.88617580157344,201496.73303339738,95.49430068616688,673288.6786492255,504009.00828671106,98.49747271290192,97.61783845697695,580680.6237777414,97.96332504221621,732765.0089919148,558087.4334980735
284,1548265932.97468,268719,72600,0.27017069875967087,1.6629999876022339,32,32,0.114287109375,1115152.3831215822,99.61702137688471,144771.87784571905,92.69287423059828,525267.3395846945,321410.70574939763,97.01816391118025,95.05887675216935,415603.8417157474,95.79769720154036,465744.4919870491,353999.2708895079
285,1548265933.04144,267465,69821,0.2610472398257716,1.6629999876022339,32,32,0.09388997395833333,1212431.180142182,100.72854453545774,168608.55598963625,93.45254326045054,639459.1734983232,418073.44450838683,98.17799140212986,96.88285621222377,711457.465199576,98.3490254621766,573564.7502259349,395992.05791890534
286,1548265933.07482,267598,67420,0.2519450818018072,1.6629999876022339,32,32,0.07877604166666666,1255226.309193808,100.86960451300594,200249.76875759786,94.17766183961743,665870.7342647571,474974.2374485494,98.5696630062544,97.36112789818193,845778.197654507,99.07315805044999,639536.69316175,434680.8179645007
287,1548265933.14155,268439,53223,0.19826850792917572,1.6390000581741333,32,32,0.06238118489583333,1179359.3911922714,100.52137589383486,201034.40580542295,95.33901205616164,676959.911057962,537290.1938578172,98.68728469762334,97.72431522168836,536115.8842604202,97.83968526377882,772883.8506172511,535569.060435152
288,1548265933.17492,267482,62243,0.23269977045184348,1.6629999876022339,32,32,0.06864583333333332,1270946.9172558575,101.06423618304257,218140.17243336857,94.70246926616596,779210.7428299114,492746.53271221445,99.25829481584753,97.65950483229105,992001.4430562381,99.4708002749641,736817.4935089195,487865.9140508319
289,1548265933.20829,267977,52149,0.19460252185821916,1.6390000581741333,32,32,0.036967773437500004,1194943.7948718453,100.61695966893312,224371.9312378748,95.68494433382648,799597.8786360335,532368.0213162184,99.3272693569883,97.87630165716085,789691.279739916,99.33255103155362,776961.3480848626,591461.7405693887
291,1548265933.30837,268837,58701,0.2183516405851873,1.6629999876022339,32,32,0.049860026041666665,1097138.1599397038,100.19071710240166,202889.80892800356,94.16528239115317,696112.5306540214,466512.51409684226,98.65846465102578,97.20001139681054,532239.5492760005,97.26425656792095,638400.9083198718,419235.7635086876
294,1548265933.47519,268522,51330,0.1911575215438586,1.6549999713897705,32,32,0.034902343749999995,1126304.0046038474,100.53748159567084,212339.14753507514,95.11413249601503,846027.6859983337,616056.9518050782,99.49899688471356,98.32192287053161,952387.4787097125,99.60177533017261,804994.4820387298,527614.14160655
295,1548265933.50856,267431,50232,0.18783162759739896,1.6549999713897705,32,32,0.034029947916666664,1100800.2559352405,100.51751371271534,224978.81306796992,95.25247919601782,902159.21268949,580063.6187015022,99.55545288496407,98.2457712377704,576428.6737864494,98.6720232173063,876080.9902383174,582088.5445495569
296,1548265933.54193,269717,52663,0.1952528020109967,1.6629999876022339,32,32,0.021730143229166665,864226.3161910771,99.18324929466348,181860.8526920061,93.95733133587927,738634.5025419111,379396.1728191025,98.2345732415466,96.38386520308504,396996.4483285751,96.6716500213114,532807.730786863,368111.6074578276
297,1548265933.60868,265919,50822,0.19111834806839675,1.6629999876022339,32,32,0.020081380208333333,1005963.001477643,100.43568275607774,206048.5219288752,94.75969281499661,816516.0316087233,431328.26119399397,99.45760453071094,97.46990413105915,580188.0714218565,98.7019729767281,644948.781707942,387581.69659424096
298,1548265933.64205,269630,49043,0.18188999740384973,1.6629999876022339,32,32,0.032919921875,767901.2787934758,98.85813988687931,165272.80484098868,93.47794874938103,566665.990133042,386326.7857325677,97.78571221219283,96.6067549599334,685006.830718697,98.3275575195699,549231.8299839343,335986.8806881347
299,1548265933.70879,270090,46512,0.17220926357880706,1.6469999551773071,32,32,0.0099755859375,633473.3155146377,98.01425935576617,151456.2136499388,92.8505859577435,565245.2321800896,309954.329493578,97.2050826130702,95.5039155604439,603971.9766883245,97.21899311319838,412395.7043040737,289278.2459353003
300,1548265933.74216,269925,45325,0.1679170139853663,1.6469999551773071,32,32,0.020008138020833333,556329.9913480531,97.54118017876684,137791.77895724712,92.42668457965098,445257.64042581164,270996.09319257364,96.61801812992356,95.30853234102256,465265.2576973208,96.67560156453578,391952.7229571763,269735.12949675764
301,1548265933.77553,269919,43417,0.16085195929149115,1.6390000581741333,32,32,0.019921875,532746.946881646,97.35872712492146,139905.84206980088,92.41541653181423,436421.46332171,290787.33443721774,96.48966200375119,94.82277208072483,437371.1711333573,96.43353428645179,360611.2699471104,234291.72009676095
302,1548265933.84227,269873,39842,0.14763240487192122,1.6239999532699585,32,32,0.023512369791666668,531468.6168091635,97.54071525600617,152017.24164287685,92.83398505583108,378209.80472677015,254808.31571195222,96.4500832992417,95.01538711778123,484551.77213406214,96.82479439791241,393953.9025415965,267530.74774987635
303,1548265933.87564,270197,42794,0.15838073701780553,1.6390000581741333,32,32,0.013448893229166667,462996.13394091494,97.09709533941009,126116.21167082801,92.18668174712353,386591.50224704976,260029.43512618545,96.32994550706849,95.2809272061534,289273.2256310327,95.76913037046887,289013.68182964536,198187.3153415972
304,1548265933.94237,270381,35073,0.12971695496355143,1.6160000562667847,32,32,0.0114208984375,491255.2888248882,97.33073771120095,152111.88389922812,92.83023447093771,418961.7466732691,312570.87172735186,96.69000310134004,95.92235250402204,469471.8910796587,96.90568782138004,379565.3856247784,225603.6798883019
305,1548265933.97574,269703,36692,0.1360459468378179,1.6390000581741333,32,32,0.006944986979166666,501627.54917344416,97.73159363091774,170072.667635106,93.27052957239624,469308.44715602865,276792.72143225226,97.02229923742073,95.66692638150315,488272.6999338191,97.27662343244693,353384.13611764985,247808.35895041446
306,1548265934.04247,270444,17980,0.06648326455754242,1.5230000019073486,32,32,0.0,412209.2392967123,96.76049230060495,175617.2079741181,94.02257695307617,400678.3805025661,323143.38403821463,96.40486391222687,95.86094583083792,399871.45384847256,96.37644185150464,378945.4744478045,262600.1098672023
307,1548265934.07584,270497,32736,0.12102167491691221,1.6390000581741333,32,32,0.0,358955.63821328734,96.24768915373494,144720.20160585325,92.12888090021232,342613.92454807943,252396.14473815163,95.67678641426886,94.96325095798339,307839.76836494275,95.74351603830708,349131.4864122039,256693.10024057815
308,1548265934.10921,270575,16433,0.06073362284024762,1.5230000019073486,32,32,0.0,369688.29036504804,96.25972080726916,177252.0103976117,93.67936150572814,365469.24896429304,297605.1571357301,95.99310326024676,95.5065371598544,361952.0712895296,95.95383874750851,360896.3089028347,274607.56769641634
309,1548265934.17595,270595,25898,0.09570760730981726,1.6469999551773071,32,32,0.0,324988.66527106136,95.95443047907565,155909.1001897842,92.26636230614383,314368.6387181388,216064.53627753543,95.51534204355006,94.36465306994079,247378.36538913858,95.28514688284784,316467.1063739204,244460.62928042354
310,1548265934.20932,270804,13542,0.05000664687375371,1.5290000438690186,32,32,0.0,302265.1025604493,95.79929958682848,192022.46592722117,93.71462375800812,297933.6362691055,237384.70366715084,95.61145070433885,94.99513616006331,300681.41888925637,95.70495415233259,294835.7302580429,250345.36063729794
311,1548265934.27606,271014,17337,0.0639708649737652,1.6319999694824219,32,32,0.0,251055.28013440143,94.92136776990928,175704.11831943667,92.63724385763518,243406.16147210042,208934.92962788107,94.67239420526776,94.3375117355527,198996.04498674066,94.20938961709294,246155.4816648311,192360.2701416521
312,1548265934.30943,270685,16339,0.06036167500969762,1.6390000581741333,32,32,0.00020345052083333332,301572.80809759686,95.60773873383249,211529.0577728639,93.40733846903919,295339.89439412276,225329.59592004394,95.31322874472863,94.74876266691854,256266.95596080905,95.11891549526095,295850.12607207126,246068.8431754233
313,1548265934.37617,270957,15124,0.055816974649114066,1.6629999876022339,32,32,0.0,280318.7960982696,95.21970492870597,213426.68309669464,93.23583596312712,275150.12060701934,238869.0815223374,95.01005483625266,94.73259668741164,278477.9919281826,95.14015338745511,275360.94728056144,225991.36167464184
314,1548265934.40954,271002,14070,0.05191843602630239,1.6710000038146973,32,32,0.0,279935.3635479735,95.06552232099912,211844.6064385049,93.06816856633809,274361.59833017323,228515.5936425403,94.88749410208538,94.10284395871471,277550.4493205066,94.98444480645816,275248.4017644782,247620.8924408794
315,1548265934.44292,270578,13263,0.04901728891484156,1.6710000038146973,32,32,0.0,342759.25274562323,96.00608375551849,247119.0972594464,94.03970072211524,337102.2994643155,323766.87863736134,95.82271611019468,95.68858322277768,340624.16413636185,95.84919882031954,336899.57462965633,324853.69992800534
316,1548265934.50966,271100,11852,0.04371818517152342,1.687999963760376,32,32,0.0,258068.27052878457,94.51829707763463,209653.37829719772,92.83953418022219,254472.23874670314,230651.79767586192,94.35744346289077,93.9158541296593,255594.71288604438,94.4550148976989,254835.84434968204,252579.177635104
317,1548265934.54304,270851,10385,0.038342114299005726,1.7050000429153442,32,32,0.0,302375.93974305736,95.10581715915053,227642.3002869736,93.3015329994405,297445.7921353845,271913.5965228832,94.94924207777171,94.61846176768495,294422.06852242525,94.95105136547123,298769.90148317633,249477.08708180042
318,1548265934.60978,270996,9356,0.034524494826491905,1.7309999465942383,32,32,0.0,289177.0170367209,94.83073065736018,236473.44407149014,93.46014200215537,285627.3571467889,267359.99030273844,94.70047589820447,94.55866209567621,279482.07495874824,94.53964482667894,286328.64305578277,273712.15879914956
319,1548265934.64315,270892,7672,0.028321249796967058,1.7760000228881836,32,32,0.0,311283.18523599685,94.99073530764109,239329.5730144038,93.52294629731449,308392.28417554754,290762.44825564255,94.87553489233403,94.70700794455693,308649.10850542894,94.9523700844865,308600.4089836001,293441.9704326314
321,1548265934.74326,270964,2596,0.0095806084941173,1.5499999523162842,32,32,0.0,272460.4621208396,93.95256538806788,222239.25548495975,93.26315675434691,266339.53813936375,235461.4036041601,93.86186994127021,93.39008476824613,228194.9459605601,93.30641364954235,266117.28038268775,225660.1019935103
322,1548265934.77663,271005,4529,0.016711868784708768,1.8329999446868896,32,32,0.0,262560.5025878191,94.40011524937617,249165.22338239328,93.88245401629985,261191.06520044862,253996.9191122636,94.36659124811342,94.12596180848449,262206.0147822159,94.38468179304708,261428.83340005935,253964.23671107876
323,1548265934.84340,271015,4146,0.015298046233603306,1.8530000448226929,32,32,0.0,262569.9861534434,94.69238074533477,254119.16436675354,94.22977212231628,259429.1923253527,255602.77804979775,94.61598356216933,94.26134062649305,261414.91095416844,94.65172955376681,258965.28066600405,250973.43591282988
324,1548265934.87677,270907,1164,0.004296677457577692,2.680000066757202,32,32,0.0,261612.50996305086,94.8485684248174,258746.0308580768,94.77210590221523,261308.98705495143,259132.55676462618,94.8422796451338,94.80395184778833,261054.3878325392,94.8404794942036,261381.41107515013,258201.47002614962
325,1548265934.94351,270532,1667,0.006161932784291692,2.8589999675750732,32,32,0.0,286115.7566036688,95.1071145692161,283104.04558977636,94.99751738306654,285798.7324690552,284219.58861354075,95.09970865542674,95.05535421038944,285571.27013959887,95.08633788739601,285692.86304645584,284097.5030310475
326,1548265934.97686,270049,2695,0.009979670356120556,1.9040000438690186,32,32,0.0,306410.3493444204,95.89184764571479,294877.6517550017,95.602489742023,300808.5875301986,297326.0480819962,95.78437270995619,95.51193259003759,297969.4302807216,95.76996528724403,301430.7889542306,296856.88645439286
327,1548265935.01022,269871,2458,0.009108055330139215,1.9470000267028809,32,32,0.0,469158.0781553024,97.47934708769895,460769.4173345574,97.28038257446266,462134.91044921475,451980.9899049157,97.34614401121995,97.20733943327896,461755.0908931011,97.1803654348032,462830.3761519562,455115.0241042428
328,1548265935.07694,270522,1809,0.0066870716614545215,2.812000036239624,32,32,0.0,307345.6329044594,95.45812779446257,304713.5026414628,95.39274751009526,306868.10124201013,302272.43849562,95.44270410818899,95.38584882851876,307227.2751765907,95.43654796277812,307022.9463222214,302142.28690238233
329,1548265935.11031,270047,1476,0.005465715227349313,2.9839999675750732,32,32,0.0,477542.6321475811,98.23043263688486,468900.97066043457,98.11591555964777,476719.73554549186,470003.2009879929,98.2083569302941,98.14714753677393,477417.9852865974,98.22602416939841,476443.45149097696,471777.5881940522
330,1548265935.17704,270364,1018,0.0037652941959728367,2.882999897003174,32,32,0.0,349648.7334396791,96.37978917439999,347904.02525632177,96.33314315013286,349454.7520542711,348822.371240484,96.37324803390356,96.3525617299203,348662.87824221863,96.3687524990532,349225.12986503437,345478.9362683991
333,1548265935.31054,269928,573,0.002122788299101983,3.0920000076293945,32,32,0.0,565746.0100002208,98.96387343104584,562193.0017459807,98.91001926141874,565490.1724460336,563813.6296313544,98.95893103062173,98.93908982698946,563820.0010439615,98.95542431892024,565340.2542836543,559610.2753351853
335,1548265935.41065,270377,693,0.0025630878366133215,3.0920000076293945,32,32,0.0,590862.0959288605,99.24898013274299,588294.7709686772,99.21844913087665,590511.0144255981,584335.249035693,99.24530042776098,99.20107676704593,590538.1836697944,99.22583182091824,590379.151849552,583887.8394044372
336,1548265935.44402,270373,1109,0.004101740928273164,3.0920000076293945,32,32,0.0,525084.2733980211,98.46506241886853,521217.7126341292,98.41408535860184,524496.3002108097,522626.84531615826,98.45568284503184,98.42041487122712,524211.8766315163,98.44513970630597,524443.9151562573,521059.29736011795
338,1548265935.54412,270606,599,0.002213550327782828,2.933000087738037,32,32,0.0,371435.78191033914,96.79230746350112,369638.9861566508,96.76534685840923,371265.38349902997,370287.89085120545,96.78485251768801,96.75404225914833,371083.77951487614,96.78884413045046,371325.8212094485,368665.2799761384
339,1548265935.57748,270469,875,0.003235121215370338,3.009999990463257,32,32,0.0,470994.0495446429,98.42851172664994,470484.53385305934,98.41626695399886,470695.17038708314,466357.1226191966,98.42363420169286,98.3770724674659,470557.95925981185,98.39814980403443,470673.281903248,466250.2012324441
340,1548265935.64419,270519,1329,0.004912778769698247,2.9079999923706055,32,32,0.0,380599.23132587585,96.89062949208446,376148.0871284389,96.83259631151832,380037.4416883129,376251.9076265163,96.88543464641037,96.81782133600072,378732.9386205496,96.81825028619224,380010.7032989176,376882.5941154587
341,1548265935.67759,270302,2855,0.010562259990677095,2.9839999675750732,32,32,0.0,462532.8470176864,98.29447976778627,453528.5612070143,98.19620449584959,460920.4927149513,455193.9428056571,98.26006676973608,98.19730981778856,462072.6783786224,98.28983601571474,459933.97860197176,451939.3370859493
342,1548265935.74430,269836,1691,0.006266769445144458,3.2079999446868896,32,32,0.0,427474.12040915055,97.67079033129113,421770.08787839336,97.53489149887396,426900.1023679541,422330.3915493094,97.65635502547542,97.59162021269668,419998.3198780493,97.5958159363253,424989.1223458353,418347.43768649554
343,1548265935.77767,270226,4079,0.015094772523739388,2.9839999675750732,32,32,0.0,355194.13912181323,97.05531184858413,344569.2069324133,96.91621484530219,352962.9363153911,342563.6287853123,97.01296525918383,96.90151258436926,353731.9148145448,97.03493339626317,352412.7157040988,347681.3525882613
344,1548265935.81104,269967,2317,0.008582530457426279,3.063999891281128,32,32,0.0,439188.56538952695,98.25654187297164,432259.3889592985,98.14927404050123,437243.7937631511,431794.00569209974,98.22490286766791,98.17556744044785,437456.61791759054,98.22136958045407,435917.1830423791,431249.27560864174
345,1548265935.87777,270265,3730,0.013801269124747932,2.7890000343322754,32,32,0.0,354468.0095979409,96.9018564192434,347290.2513581988,96.78791969574186,353095.22759096645,345415.61336451216,96.87683614626252,96.76097795025969,351051.10209316656,96.83451874642442,352464.5077441635,345666.8613947424
346,1548265935.91113,269736,4777,0.01770990894800842,2.9839999675750732,32,32,0.0,366089.28248178755,97.49252719950024,356114.43974435865,97.32712449295022,363060.7956504226,353706.03664490033,97.4452126217202,97.34467027528154,365652.77670041507,97.47678746099149,361499.8186919645,355078.70042119134
347,1548265935.97788,269619,4739,0.017576654464262532,2.6389999389648438,32,32,0.0,330598.62416083075,96.27575404414185,297843.72199345165,95.76254319168676,329237.8016671764,322351.4367189566,96.23685241317285,96.13278826608988,330254.15942876233,96.26701454402924,329497.10821919364,323226.52743211837
348,1548265936.01125,268626,7330,0.02728700870355066,2.680000066757202,32,32,0.0008544921875,283144.85921617807,95.86266913058373,264506.32468379015,95.60344025763209,278903.8381714289,272019.92092327063,95.8008104974754,95.66214334650026,279885.667556839,95.78617738606408,279503.0228598204,269600.1165412761
349,1548265936.07799,266825,3584,0.013432024735313408,2.7230000495910645,32,32,0.0,336057.71452855406,96.29766072663875,315224.8300043097,96.0711874481043,334119.0990820806,324000.1567740775,96.27494909187088,96.13221552039933,334641.3482345209,96.27231862284984,334007.91189369204,326652.8294932697
350,1548265936.11136,266593,6262,0.02348898883316516,2.7230000495910645,32,32,0.0,307907.48778549716,96.06264175536737,287352.52348656143,95.69984887151466,305396.1756370617,298983.8949325504,96.01974833601172,95.88758259341249,303956.9568433688,96.00139429077842,305895.9553607914,298285.83593598014
351,1548265936.14473,266252,6456,0.024247705181557323,2.6589999198913574,32,32,0.0,394234.33430459694,97.24674317866217,355779.6766260957,96.81712202180668,389415.00534112996,369656.40580848075,97.17633051262376,96.95831986896118,392303.77099891077,97.22746384697072,389813.4413105595,370162.1395384535
352,1548265936.21146,265001,6901,0.02604141116448617,2.7890000343322754,32,32,0.0,395526.1019283552,97.25936303402769,353624.06170093885,96.84980560253719,389593.96549788455,370957.6376359014,97.19223280799235,96.98787281573077,390146.8763291829,96.97995544555856,386139.29816726333,373984.8193290223
353,1548265936.24484,264153,6940,0.026272652591490538,2.882999897003174,32,32,6.184895833333334e-05,522414.9628688501,98.32719147374777,469861.98869366775,97.79781612544606,511795.20478921756,491787.5799742908,98.22402945118668,98.01308472093457,512382.6601610695,98.16918347446241,510376.05147788784,493619.5603063854
354,1548265936.31157,266065,8188,0.030774434818559373,2.503000020980835,32,32,0.0009977213541666667,368393.7693157246,96.35179881270014,316588.8249520972,95.54833824070084,351148.42449952126,334488.20453277155,96.09136201187258,95.80368190591474,360837.5874427015,96.25177281351417,348028.556832319,336474.09660527675
355,1548265936.34490,265207,9865,0.037197359044067464,2.5220000743865967,32,32,6.184895833333334e-05,495824.5263196452,97.94278049942716,415431.22776505904,97.0607282364158,474021.1012023343,452905.98221576697,97.67271244814725,97.44492222172939,457682.58879041224,97.51096380776691,460249.38505073043,434850.4854693503
356,1548265936.41168,266140,11819,0.0444089576914406,2.5409998893737793,32,32,0.00019205729166666666,375754.1932984455,96.22833040154883,313163.24196831154,95.30180563206211,365443.61481569125,345131.69146458467,96.09301371171895,95.76461758620437,374187.04428153235,96.15798812502364,370065.4170195252,349603.81931363785
357,1548265936.44505,266470,13490,0.0506248358164146,2.5409998893737793,32,32,0.02028157552083333,472205.2917001135,97.34500225521978,393098.9475642238,96.46981055360583,417285.32969319494,400878.00295612734,96.70537374139604,96.54960856633167,418790.4796633068,96.70458113299304,412677.74058239104,404961.3427713873
358,1548265936.47841,266242,12097,0.045436107000398136,2.4670000076293945,32,32,0.00042154947916666664,400960.31238128274,96.39787612622072,337180.25758403033,95.48395974170022,392780.4093080795,359785.67138316226,96.27599622283287,95.7873592819454,388954.37806287705,96.15563512852712,394898.7457928966,363979.54063280276
359,1548265936.54516,266992,2779,0.010408551567088153,2.9579999446868896,32,32,0.0,388670.89520765556,96.16278723877625,384136.4301355355,96.0186424538959,386974.37880555703,380823.62607756857,96.1364335844045,96.04991826187869,385742.11757164635,96.13490126875593,387184.94587915106,384762.0302839041
360,1548265936.57853,266361,13756,0.05164419716099579,2.431999921798706,32,32,2.2786458333333334e-05,398310.3266632553,95.96573397196984,336350.5911686132,95.07111993585917,392458.95531587367,365420.19357974106,95.82323320489314,95.42775805936873,392688.0756138502,95.90571731307101,391654.8655084986,366664.6228716345
361,1548265936.64527,268092,21511,0.08023738119749936,2.5980000495910645,32,32,0.0019352213541666665,305432.7655396499,94.49473367354531,253186.5324380911,93.42117239090626,294366.54655762424,264755.12705254636,94.18402542160251,93.75167666909847,282996.6949311469,94.03093113589611,296559.00142495974,264733.13424148946
362,1548265936.67863,267709,20199,0.07545132961536594,2.484999895095825,32,32,0.0001611328125,306384.85878482787,94.38165308693205,249984.68270834067,93.28461151251507,293692.2771710275,264396.7914575206,94.0846824200826,93.59453945907195,256214.89230987016,93.58493162740211,300164.3253670292,273282.79594898294
363,1548265936.71200,267672,22964,0.08579156579694551,2.5409998893737793,32,32,0.0019189453124999999,303210.04809276166,94.16426500557222,247321.78845516784,93.09771022388686,292412.2663705305,254055.52629950194,93.87289268546661,93.29048670717945,268541.8036926272,93.60431965042203,277740.7492307245,256046.28200650326
364,1548265936.77873,267984,22803,0.0850909009493104,2.4670000076293945,32,32,0.0021256510416666667,312580.82617104583,94.31283682801576,251351.06070712785,93.17320378777497,291099.3765850706,267422.76993473776,93.8596284379109,93.54179221129799,307909.7357933694,94.11022239113373,297296.4354467789,265369.92446874623
365,1548265936.81210,267478,29290,0.10950433306664473,2.559999942779541,32,32,0.010841471354166667,328417.3029715437,94.65833002539873,253806.71929372652,93.34783160626948,284442.92755620717,264252.46121750266,93.98043498861068,93.6052518471672,305302.195411433,94.14287742725469,294075.2349072334,270643.8572913514
366,1548265936.87885,267708,29260,0.10929819056584039,2.4670000076293945,32,32,0.005476888020833333,366376.37789075245,95.50711630832693,271597.47797145427,93.89397068835785,355018.37101457524,308111.8645256374,95.15663641372697,94.6206527657304,352366.29852889985,95.12367659008851,320126.06644562795,291089.5988035063
367,1548265936.91221,267394,24269,0.09076119883019065,2.4149999618530273,32,32,0.0035970052083333336,371093.69572306366,95.71417787487258,292019.3389777684,94.27555534402008,344083.4507755394,320371.2897112331,95.19535778887087,94.95689661911732,350683.53279687266,95.4502863111311,357583.6725174399,311450.05008330476
368,1548265936.97896,265975,1463,0.005500516965880252,2.6589999198913574,32,32,0.0,489515.81054387044,97.20152775477379,475232.882306404,96.96350944408434,487691.69844480127,479369.3908956264,97.17923216763596,97.12239676885531,483119.3791900181,97.14021012446855,487753.5737056066,484463.94362821477
369,1548265937.01233,267156,2442,0.009140726766383686,2.882999897003174,32,32,0.0,426309.72563728,96.51400196827423,415044.25349191297,96.2771486046701,424593.5277179991,419642.3561693336,96.48805381867139,96.43863751493072,423340.15417479695,96.48617930146744,425219.93917688273,422392.1264989843
370,1548265937.04570,266734,21824,0.08181934061649433,2.38100004196167,32,32,0.003642578125,463857.47080572747,96.93687363036797,355304.42836613505,95.47539592097289,414803.69278955593,396339.76017271087,96.32915999359501,96.14882892622457,401755.2615736501,96.26603508306923,451878.41123775154,395646.0859419837
375,1548265937.27926,266652,772,0.002895159233757857,3.23799991607666,32,32,0.0,518979.7314499002,97.6460132091548,516857.48488201725,97.58919603297433,518273.12390916026,510746.4584805155,97.63723570129886,97.60270736390535,517063.0179486333,97.63487684143433,517827.8031582972,512591.04618812556
380,1548265937.57955,266509,2629,0.009864582434364317,3.299999952316284,32,32,0.0,489037.81333267916,97.05552307927287,479062.36091001576,96.92239208797591,486520.5323738825,481292.5615690634,97.02698634420764,96.96079676674512,488640.02701265505,97.04159030586175,485663.09160946414,480429.1231733564
381,1548265937.61292,265784,1041,0.00391671432441381,3.009999990463257,32,32,0.0,517147.2913820162,97.39842870855135,514842.73828901775,97.35539718343759,516516.9312308534,513013.544475952,97.38559173009308,97.34854548086176,517046.67823991744,97.39587806617276,516881.8619402377,513471.4693403055
382,1548265937.64628,265806,3386,0.012738613876285712,3.2690000534057617,32,32,0.0,530954.3610752571,97.55318214987594,521038.2859611158,97.41215136101464,528823.302638565,521432.1670308346,97.52061481253179,97.45211647307069,529395.4639279491,97.53957394046962,526812.9378415667,518817.9078545278
384,1548265937.74638,266412,3693,0.013861988198729787,3.2690000534057617,32,32,0.0,519914.6732495542,97.48664323514788,512440.05956168467,97.35412039044772,516123.9499989011,506094.02767083974,97.43695740068998,97.35732421060538,512745.03024135093,97.43684027898054,516579.49012172944,508878.5930113322
385,1548265937.81311,266133,1243,0.004670597032310912,3.1489999294281006,32,32,0.0,523642.94350792136,97.62484078242356,520921.87888179667,97.56285612532889,522682.95361907466,517790.11870039726,97.61084441614743,97.56682528775997,522089.8345124966,97.59027156850068,522029.4192075735,515035.3972147868
388,1548265937.94658,265755,1653,0.00622001467517074,3.119999885559082,32,32,0.0,508786.3409279752,97.34617367098478,500334.90358965815,97.21289064328134,506610.207393509,501449.60490547866,97.3188520353379,97.28246251939505,508255.745244623,97.33995475503973,506364.47462771647,501043.04429127456
389,1548265937.97995,266161,21834,0.08203305518088676,2.431999921798706,32,32,0.00016764322916666666,466123.9513303084,96.67709143784585,358857.94632963435,95.25734952839795,451151.1255228468,397563.16847582004,96.35288598460023,95.97089460770304,454513.8543464047,96.58050959764125,454074.2343180571,395370.5860780327
390,1548265938.04669,266668,25220,0.09457452712736436,2.450000047683716,32,32,0.00587890625,489607.67052395124,96.9738524231334,365434.89226338046,95.40925339974665,445393.4556725442,402142.0821285998,96.36839176114334,96.01860968002914,480074.1690283696,96.71180300176795,478962.1454308906,414784.13896744885
391,1548265938.08006,267745,24878,0.09291676782012737,2.450000047683716,32,32,0.0034130859375,461139.53619732807,96.40324670885666,355116.9606578983,94.93203537135824,422983.3293664219,389918.58937037294,95.81560311471395,95.63794021802212,457655.23880397406,96.28413590463455,446000.0875729407,380434.99793695007
392,1548265938.14681,266746,2809,0.010530617141400434,3.009999990463257,32,32,0.0,502453.28051995346,96.93180285232576,491805.6046523664,96.79459713632824,500375.2529006503,493981.5540816898,96.90194007433107,96.8582975837414,499264.6921457791,96.83907633657793,501062.0634285036,491593.34807550325
393,1548265938.18017,266719,26641,0.0998841477360068,2.450000047683716,32,32,0.0049365234375,538089.7622864088,97.37436660560365,402937.0981682272,95.77692816643332,478470.9489133308,448166.81788947264,96.72809046201039,96.39923644322337,530972.2946494628,97.22286105783515,507983.61621755734,444147.1944202037
394,1548265938.21354,266106,26491,0.09955055504197576,2.431999921798706,32,32,0.0064046223958333336,512141.1137034887,97.37775693753521,389738.0942051938,95.87565534373834,477682.18101227237,438162.0217401766,96.81452087487098,96.5115321992589,451045.39199596137,96.79677407644753,492996.2238103268,441143.1279577571
395,1548265938.28028,265691,1125,0.004234242033038379,3.3989999294281006,32,32,0.0,559205.1037815111,97.87007906786579,556186.8495002569,97.7947448400626,558114.8831072696,552395.7278074758,97.84809208391961,97.8063571287959,558336.1450585478,97.85415858195205,558205.6627887314,554213.86539405
396,1548265938.31364,266251,1237,0.004645991939936376,3.2079999446868896,32,32,0.0,570897.9816620613,97.91432918971196,560477.1672801975,97.7849098759857,568969.2962484899,565847.0861833425,97.89904128202171,97.86870564231815,568220.2692736322,97.89462652409628,570053.6875251475,566847.4135282263
