frame,stem,n_valid,n_removed,removed_frac,depth_med_masked,n_null,n_dmatch,overlap_med,lam_all,logdet_all,lam_gt,logdet_gt,lam_null_med,lam_null_q05,logdet_null_med,logdet_null_q05,lam_ctrl,logdet_ctrl,lam_dmatch_med,lam_dmatch_q05
3,1548266187.36786,267331,5630,0.0210600341898246,2.3489999771118164,32,32,0.0020491536458333336,1971984.138525319,100.45299543227377,1929624.4959114823,100.10908450880751,1954376.6734230618,1934104.1327889385,100.32033989684192,100.20962903009408,1944680.2666274186,100.36064650261612,1951548.9292285196,1923328.0078275905
4,1548266187.43460,266149,3366,0.012647051087924433,3.2690000534057617,32,32,0.0,1882828.5716837607,100.6144313085056,1868513.7846790245,100.55966201672709,1860065.8831053153,1743051.305033207,100.53538374748383,100.43229381845202,1874376.9367823221,100.60146104814166,1862189.0945278914,1845699.7196486844
5,1548266187.50133,265803,9351,0.03518018983984379,3.0369999408721924,32,32,0.0042903645833333335,2159687.1825562827,101.6761820846593,2103416.0561564043,101.2509816649417,2094208.4903639602,2033661.0277613145,101.44338017198172,101.30469774161011,2037347.4845139708,101.25714384043053,2084857.8710194342,2025611.561726539
6,1548266187.60142,265981,7188,0.027024486711456835,2.4670000076293945,32,32,0.0007291666666666667,1794103.5337313905,101.11602447449292,1735862.720950385,100.69780973337423,1767239.1112311413,1725353.7579080816,101.00756522695096,100.82048521850061,1784165.8225771019,101.05806775774994,1765718.7599391588,1744289.2984896703
7,1548266187.66815,265669,9775,0.03679390519782135,2.4149999618530273,32,32,0.0033219401041666664,1825084.9092867638,101.5636679332376,1765927.5244617953,101.07074831711951,1778244.0210234136,1739785.2327273928,101.36806995952188,101.12892442187201,1794271.3529158777,101.33461031719828,1783483.6172901697,1744836.7373730687
8,1548266187.73488,266165,10513,0.0394980557173182,2.484999895095825,32,32,0.005393880208333333,1713764.6212330433,101.33920715803004,1627514.5870482181,100.7484389378164,1653740.4984728754,1609466.9111088754,101.07002220345937,100.96702442878812,1640332.9866334868,101.10571515252661,1661131.5087377047,1597980.1438262828
9,1548266187.83499,264743,7181,0.027124418775944972,2.365000009536743,32,32,0.0022119140625,1647290.6933067704,101.31671324039215,1614766.0704560154,100.95539322342833,1605606.1057584765,1546840.7592646512,101.11517167021039,101.03096398529478,1602429.7892553569,101.12984187393633,1617376.6352574644,1580450.0457539824
10,1548266187.90174,262893,12615,0.04798530200499823,2.559999942779541,32,32,0.006359049479166667,2009521.858990098,102.450149203461,1948166.306204893,101.86262121978046,1947295.2983454051,1884225.688163243,102.17246606075224,101.99108761059516,1944117.437883069,102.1882342664247,1939875.374211568,1892465.5882397871
11,1548266187.96848,263093,9923,0.03771670093845142,2.5220000743865967,32,32,0.004383138020833333,2169177.301099596,102.76299730406481,2094780.2266769898,102.21107383320641,2105946.988548547,2056905.8798845678,102.56068839189116,102.44710533511456,2098127.0163734504,102.58648296887887,2137131.333234272,2037251.289017101
12,1548266188.06860,263080,9558,0.036331154021590394,2.5220000743865967,32,32,0.004734700520833333,2323301.041682386,102.795559582172,2248435.5403858195,102.25325324005418,2282836.4024726553,2210981.451116031,102.58849683958461,102.46032805799194,2281129.670666102,102.60515284216251,2270566.742787918,2208658.981186252
13,1548266188.13534,264489,9259,0.03500712695045919,2.4670000076293945,32,32,0.0063232421875,1734597.7199416042,101.64232902704205,1689800.736537171,101.23216422114926,1668252.2176731117,1588494.1544761418,101.32271460827371,101.25619896367157,1689712.3589212687,101.43422679969642,1676248.3302518292,1583262.5542152356
14,1548266188.20206,264683,9802,0.037032979073079876,2.503000020980835,32,32,0.005836588541666667,1612206.8521172125,101.08795613177335,1561822.2589076522,100.62371939603807,1542512.2258598227,1483345.9132850263,100.7720925785222,100.70578556721664,1520823.7805185737,100.75188949771463,1554370.1417534794,1493803.3349511183
15,1548266188.30214,265128,11279,0.04254171569958661,2.5409998893737793,32,32,0.0024755859375,1585775.850059123,100.93954692171073,1509342.5198381832,100.37738809073116,1531250.0202742657,1459784.5323731352,100.69191436867595,100.5112010782047,1546448.4176104225,100.74348995974606,1535952.2342465068,1433547.949143754
16,1548266188.36888,264786,8852,0.03343077050901483,2.503000020980835,32,32,0.0025390625,1637173.7053497874,101.19157616297788,1583483.4540712358,100.7829445115925,1588808.201262358,1528349.9806885188,100.94421867098822,100.83855586545293,1548558.93856813,100.87861279001324,1592323.9973795936,1533240.1544584448
17,1548266188.43561,264060,2435,0.009221389078239795,2.6589999198913574,32,32,0.0,1767499.5499499768,101.83944166008735,1738856.1600513975,101.73136586289917,1756490.8091581943,1723540.0921853946,101.79168081649846,101.72345683556709,1761126.5597674793,101.80182208226026,1753501.4358308397,1717303.1940205952
18,1548266188.53572,262877,2141,0.008144493432289625,3.2690000534057617,32,32,0.0,1788370.1978717202,102.0004022335977,1750866.918693874,101.85841921557436,1774772.1732802168,1743843.6414394958,101.94757809255967,101.90731318673062,1778817.0630160829,101.98711247408477,1778814.1757805622,1759563.5353850652
19,1548266188.60246,263612,10602,0.04021819947498596,2.5789999961853027,32,32,0.004264322916666666,1659275.849443639,101.4971007918621,1593479.6793966594,101.02095398143351,1604227.129840768,1554895.4616420947,101.22539055306643,101.11166409184055,1573499.934497684,101.15209728943944,1609377.5446195188,1568709.4293962158
20,1548266188.66921,262755,8036,0.030583623527620788,2.3980000019073486,32,32,0.0,1701092.6429277894,101.77743610134797,1665292.7325237961,101.34382367061247,1665552.6306147196,1633143.4041686384,101.63995112347554,101.41937932201493,1669376.652347791,101.57130058214304,1659900.1927979912,1587336.22868492
21,1548266188.76932,261298,1356,0.0051894771486961245,2.9579999446868896,32,32,0.0,1780521.6421063002,102.21248891232771,1775043.7747612535,102.19381021850913,1773703.1639231704,1757532.2437532975,102.18821260262366,102.14743091433725,1774574.804728965,102.17543192236363,1774434.140431741,1762545.646698777
22,1548266188.83605,259465,987,0.0038039812691499815,3.2690000534057617,32,32,0.0,1675752.7101630466,102.07756343584191,1666962.8084194874,102.0396422779051,1671615.8545617645,1661176.3496024045,102.06451248304629,102.03588763562348,1664828.4979435229,102.04480170313914,1669288.2191405296,1658021.7217405252
26,1548266189.13635,261948,2999,0.011448837173790218,2.484999895095825,32,29,0.0,1178892.6608994238,100.81924783468313,1158753.2849330534,100.67087926946496,1163365.9173868909,1145999.4380536687,100.7325816970558,100.5932003123892,1122805.4882720436,100.61594277066025,1167489.6770222504,1151845.7840160797
29,1548266189.40330,262197,3153,0.012025309214064235,2.2260000705718994,32,32,0.0,1065182.4398554128,100.9911177947753,1029934.162987142,100.7949422679834,1053966.0967279838,1027742.0498050881,100.93749799725319,100.81108235270545,1050543.2410773505,100.88145048081199,1050660.1799140011,1020942.5921990955
30,1548266189.47006,264396,5830,0.02205025794641371,3.0369999408721924,32,32,0.0011523437500000002,946354.9176361486,100.45647025415487,908487.4180997199,100.15188260975881,925421.8311739839,906697.8632632303,100.3213066307953,100.23690808161275,941887.827744734,100.42796904658941,925200.4109947745,908838.161402436
31,1548266189.53678,265490,4279,0.016117367885796076,3.2690000534057617,32,32,2.1158854166666667e-05,773510.6996363023,99.69508233229803,751074.2076936901,99.51783552183929,762131.8835751527,754131.8769091853,99.61499779340019,99.52287950272155,756100.8796506074,99.59665575925052,766393.1098597974,746686.8274099827
32,1548266189.63690,265133,506,0.001908476123304153,3.23799991607666,32,32,0.0,787311.6492836468,99.63943501392203,786036.6274596592,99.60828433902806,786531.2019239172,784123.0530656697,99.63500726064152,99.60954463696531,786846.7922956212,99.63575107468083,786946.7509893186,784007.7782002833
33,1548266189.70364,266676,73215,0.27454664086756964,2.2260000705718994,32,32,0.07014973958333334,732669.6551075375,98.65684477726467,448310.6510379314,95.34381736886058,569835.8778540795,502731.4898589823,97.14269571871773,96.14764527977957,573350.9192406668,97.13010187803822,546207.7659631746,482123.92071029526
34,1548266189.77038,265851,99259,0.3733632749171528,2.25600004196167,32,32,0.21090169270833334,805455.1530072365,99.23375876331781,402815.72701997054,94.94927829983295,546354.5434870686,466765.4390992552,96.80896025915564,95.60752716638363,592471.3031610035,97.42502512023184,557505.7524206422,440503.4482361207
35,1548266189.87048,263074,3401,0.012927921421349126,2.5409998893737793,32,32,0.0,1028713.9516327083,100.41326139804688,1010303.3685222719,100.28199546978313,1018566.4420744109,1003724.6137015859,100.34216801430918,100.30575021344629,1008771.230077774,100.36137698199293,1017112.7273640498,1006143.5844207898
36,1548266189.93721,263866,112230,0.42532952331865415,2.2260000705718994,32,32,0.26296061197916665,931793.9086446693,99.66644973529517,402675.14294902026,94.90046676146997,576965.3522605847,434286.6510727464,96.43571352467507,95.4843485303463,472670.1859306972,95.99083118964607,580421.5448743936,486516.74746216787
37,1548266190.00395,264851,1796,0.006781171300089484,3.063999891281128,32,32,0.0,975211.8560919026,99.71672993675764,970034.4536486571,99.67010795556683,970174.8081536756,964719.5912625047,99.68766815133922,99.65864854285897,962014.623181358,99.67986430463273,971678.8899974832,961050.9086105778
38,1548266190.10406,265623,6358,0.02393618022535699,2.5980000495910645,32,32,0.0003938802083333333,938779.1078202319,99.01555614944326,886271.96517173,98.6970382985117,918638.2205160989,902030.5846177463,98.90778482130453,98.78602806518165,889868.820336179,98.80026960595727,919107.7472197094,898851.1518121602
39,1548266190.17076,265010,3762,0.014195690728651749,3.009999990463257,32,32,0.0,1108290.7152218511,99.89945419367746,1098814.2941075186,99.78431644195769,1094916.6452596306,1085426.2315579937,99.83316882034305,99.79618716895756,1101075.9273534855,99.86930086814164,1098230.794473815,1082940.1631053658
40,1548266190.23750,265535,1400,0.005272374639877982,2.680000066757202,32,32,0.0,954891.5332665977,99.33374862477595,942635.120731523,99.2671549974764,951432.9199367806,948638.3014025075,99.31423103544412,99.30223039238481,952713.2651452346,99.3224162164203,951457.008269799,948730.060125103
41,1548266190.33765,265466,1865,0.007025381781471073,2.74399995803833,32,32,0.0,1004758.0382702521,99.89327436366743,990090.4532865544,99.78414417792125,999671.6186966851,991919.3284055418,99.8534682241567,99.81549371181742,1002236.7461258238,99.87059882613303,999883.0051485898,991545.3255470826
42,1548266190.40439,265790,1480,0.005568305805335039,2.933000087738037,32,32,0.0,966435.3924186879,99.80668560320733,962583.6123846255,99.74189754787989,963589.1394018948,960871.5849619033,99.7835172513941,99.76439232825582,962050.1737674604,99.77765488768785,962409.3236254941,958165.9315085715
43,1548266190.47113,265383,1713,0.0064548218989159065,2.7890000343322754,32,32,0.0,1036201.3592214085,100.08504085318765,1027429.9335835284,99.98572572845316,1030170.807450163,1025937.3654936411,100.05460308391349,100.02902114481962,1033362.4477710922,100.06552473215088,1030729.962097859,1023077.8410503175
44,1548266190.57119,264705,5704,0.02154851627283202,2.4149999618530273,32,32,7.649739583333334e-05,1052182.921981311,99.9842190910737,1005068.0289142206,99.69980398047034,1031913.4239447494,1005465.7229057074,99.8486782473028,99.76618950392344,1048921.0137583527,99.95619865003005,1033671.1794016488,1004543.7314839219
45,1548266190.63793,264692,2779,0.010498995058407507,2.5409998893737793,32,32,0.0,1080484.9002809646,100.031400358005,1058836.6198663479,99.88310775146009,1070845.235645418,1055517.9487973363,99.96865229751556,99.94139793110901,1076458.6062927423,99.99656982210963,1070505.4375662212,1051918.3291633897
46,1548266190.70470,265951,5004,0.018815496087625165,2.4149999618530273,32,32,0.0,963149.862807889,99.51369314059554,929632.7762329755,99.29418494656979,943409.2271194165,927954.8116165366,99.39704950303489,99.32132673802447,938516.7077050802,99.39407355083935,945386.9069082635,931151.384993712
47,1548266190.80481,265441,5216,0.019650317773064446,2.3980000019073486,32,32,0.0,921692.9649684514,99.1902962233249,892224.3347812337,98.96224605765826,911847.1007838878,898622.529614171,99.12416686583836,99.00166347188289,913127.7214415263,99.10226895107743,910085.789462419,880660.6257402136
49,1548266190.93829,263804,1271,0.004817970917802611,2.7890000343322754,32,32,0.0,964889.0135538791,99.86381259181624,960867.9230147123,99.80242719609171,960147.734375512,951549.1349770819,99.83648016020365,99.80239667487216,952186.2418219541,99.81964006325259,959245.6003091473,950699.4629287348
50,1548266191.03839,264519,7079,0.02676178270748037,2.4149999618530273,32,32,0.00038736979166666667,874486.8573696747,98.75573942819555,839508.9754573967,98.44060763997356,854384.0967650837,831754.8735881709,98.58520453767112,98.5248609190648,849051.0202180687,98.57104775466425,851355.995923731,829212.6887600343
51,1548266191.10509,265917,9723,0.036564040659303465,1.9809999465942383,32,32,0.0039274088541666665,854618.9813791923,98.42193448420933,733804.4739320847,97.63292936721949,832150.6072396357,770746.4277069725,98.2004102666632,97.96048115938007,842298.2253759598,98.28412659324783,799457.80276646,759225.7536411289
52,1548266191.17182,265582,11629,0.04378685302467788,1.9589999914169312,32,32,0.013453776041666667,861873.9283497347,98.64505554058823,740679.231529777,97.8236576907179,782519.3789819246,751324.4691455949,98.20168639455864,98.00318685284324,787436.9882264445,98.26257620040035,785369.6985655578,765429.1064545598
53,1548266191.27191,266015,56193,0.211239967670996,2.3489999771118164,32,32,0.09886067708333332,807402.3340920537,97.9026356273878,522018.8775975087,95.38893093229512,613367.9071597874,546642.668993387,96.348562067154,95.94652995128673,559081.7928692783,96.60756286961386,611911.6999983864,549722.8037024369
54,1548266191.33865,267539,20297,0.07586557473863624,2.052999973297119,32,32,0.0190771484375,770306.6053559103,97.61857723113454,618067.3107128913,96.31170933785589,685801.790055051,649309.270173422,96.89926598260845,96.61074053412997,647823.9400122131,96.5924085229986,681577.9131050524,638290.8127461891
55,1548266191.43878,266598,4661,0.017483251937373875,2.078000068664551,32,32,0.00021484375,720611.2004581593,97.85642399441306,665557.649268457,97.37181387867746,712532.2166348005,662355.227177575,97.72164221608185,97.46912252936244,705558.8338977852,97.74715363176804,705478.8220138985,659281.6408989903
56,1548266191.50552,266581,2025,0.007596190276126205,2.2260000705718994,32,32,0.000107421875,751928.3302653893,98.3169952457009,707910.2959791298,98.10987408666196,746410.2107554141,716971.887732473,98.26318448148368,98.14330458386026,747600.6124726839,98.26653644012308,741707.4842263795,709516.7675038194
57,1548266191.57226,265977,2291,0.008613526733514553,2.128999948501587,32,32,0.0,698432.7231713741,98.05401506229916,693480.1553549246,97.95350713209372,693667.9430105264,688569.1946406824,98.01328225849953,97.9375242845326,695913.9890822913,98.0337450186824,694003.3723935063,688260.075408176
59,1548266191.73911,266723,856,0.00320932203072101,1.9930000305175781,24,26,0.0,636415.4011553774,98.07633800834355,625593.6955747086,97.93726770244955,633828.54592685,621926.6370225698,98.04292029389111,97.99970672916614,633038.6554985844,98.03910328537908,633344.069744893,626951.2023295964
60,1548266191.80586,266858,1307,0.004897735874510039,2.0899999141693115,32,32,0.0,591601.732812238,97.57613511502473,567775.3256982354,97.46891458859109,590283.6693307657,584741.890816918,97.55425612178036,97.50215553424832,590024.09746295,97.55945258259504,590224.2806337844,585623.8553105388
62,1548266191.97271,266672,1503,0.005636137277254455,2.115999937057495,32,32,0.0,690666.4890805656,98.40675849009665,661761.9085071221,98.28916783247384,687362.1681877212,672263.8615113411,98.3713231221611,98.30628689076366,684126.5489935469,98.36983391436107,688431.8695807206,683048.5244942843
63,1548266192.03948,267023,1036,0.0038798155964092982,2.240999937057495,32,32,0.0,789413.1306230664,98.98291745236496,768987.557592546,98.88062160675804,783669.7135848074,768613.103746637,98.94603914225516,98.90265200686235,788228.3432323029,98.97441931444051,783286.4052777167,773582.224791845
64,1548266192.13959,265771,802,0.003017635483179128,2.484999895095825,32,32,0.0,815249.2591573222,99.58700718418929,808196.7377812004,99.52814661588121,812932.9906351222,808368.3797372896,99.56732340795654,99.52730344517131,813953.1471157494,99.57680490708907,813168.9641286619,809120.35303486
67,1548266192.37314,265413,1175,0.00442706272865308,2.618000030517578,32,32,0.0,784611.440335626,100.06902309609072,771599.092202827,100.00426481038734,780959.9530359502,774561.4184076858,100.04663785049419,100.02489352074538,780528.8063302798,100.04667705564208,781800.0431507234,775697.4360687049
68,1548266192.43987,266265,882,0.003312489437214805,2.115999937057495,32,32,0.0,695343.4842012388,98.90716265943215,682083.7912954228,98.82650020014908,691501.3691730467,680173.1655708919,98.87280753140561,98.83915808717494,690967.7441064618,98.87378266448403,692490.9525615554,687173.3704844883
69,1548266192.50662,267787,1024,0.0038239346943652977,2.4149999618530273,32,32,0.0,643900.7917595233,98.68028103597683,633913.2765684369,98.60349775611164,641493.0554815251,633349.5566749213,98.65256018303882,98.62747989361186,642710.4334269906,98.65524311230274,640623.7500303618,634142.5659388624
70,1548266192.60672,266495,1822,0.006836901255183024,2.559999942779541,32,32,0.0,563035.6228959783,97.90581276929322,559373.5952401059,97.8592230150195,561413.9843928886,553559.7388659182,97.88405107544034,97.8453062738897,556281.9021307896,97.87292774128366,560442.1379035295,551888.7818998484
71,1548266192.67348,267496,118976,0.4447767443251488,2.2119998931884766,32,32,0.2134619140625,531202.7153618601,97.49298257712857,94311.21847087942,91.32068259570221,229358.01203384754,190635.96881290886,93.6067136876526,93.12971362028843,202399.27000403393,93.1895002854819,228197.27652753517,198837.29177669354
72,1548266192.74022,267179,49343,0.18468143080107344,2.1700000762939453,32,32,0.0668505859375,516364.62623056816,97.28884203950727,249568.13019589923,94.78703835777365,381208.00719631976,296041.48788579437,95.84932934172394,95.31690330386753,369216.20897302334,95.78353458635588,339341.4874641582,296373.5974909772
73,1548266192.84032,268564,7048,0.026243279069421067,2.6589999198913574,32,32,0.0037613932291666666,538433.2950065745,97.67526899330785,513605.4941615322,97.30113276121637,520084.12715900317,510586.140970955,97.4586711171246,97.3568573783574,528751.7544336568,97.55490276003067,522157.2682199914,513516.3073971701
74,1548266192.90705,267713,2141,0.007997370318213909,2.5409998893737793,32,32,0.0,572682.0237941991,98.19252876745834,528305.7798474113,97.94683347979428,568734.8227217026,564259.8090971904,98.13797099218638,98.09466258716907,567317.0654621667,98.12536712210112,568649.1067219998,555593.0390162522
75,1548266192.97376,268168,9152,0.034127860147370306,1.7660000324249268,32,32,0.0021923828125,531105.4896717033,98.35785219556915,449560.8382171878,96.63729800752839,505966.6138800677,467137.68148866383,98.14127511547622,96.9500185018331,510241.6468986658,97.94287990703155,496298.87855719763,469007.8282521579
76,1548266193.07387,268459,2912,0.010847093969656446,2.7230000495910645,32,32,0.0,538564.7744568157,98.20099607619552,516446.0721924641,98.02466656793234,533582.5014908004,521100.9247058552,98.15891512989616,98.02482041228396,534062.8050679323,98.14132901054019,532633.7090515026,520631.32486169436
77,1548266193.14060,268808,1060,0.003943335019791078,2.74399995803833,32,32,0.0,594063.9263898571,98.672159029582,591927.4656519854,98.6513999056567,592304.9570811752,588016.7876499902,98.65082378738924,98.62465609249345,590091.2532806698,98.62089035989958,592501.7687174712,587959.6940880998
78,1548266193.20735,268311,1916,0.0071409670121612605,2.431999921798706,32,32,0.0,674779.6323360056,99.17902686611767,664574.8502723585,99.07346992154356,669482.0526892873,658071.2566976977,99.13881586035356,99.08645801086567,670405.0145529397,99.13844286283751,668848.9156156075,661109.7899159942
80,1548266193.37419,268683,1332,0.0049575149897835,2.5980000495910645,32,32,0.0,587942.7404119512,98.62872485880885,585928.4857715601,98.60268308970136,585277.0090354937,575495.1789447184,98.60111625158446,98.51814015174465,585547.2024088964,98.57842681152296,584236.1192151732,575023.6215510941
81,1548266193.47430,269027,4689,0.01742947733870578,2.74399995803833,32,32,0.0008512369791666667,627002.8240000531,98.75408480773585,611236.1828500837,98.61012618165623,620217.3970001193,607875.6270836645,98.67754237705341,98.59540024589857,620460.4169398353,98.67423068566596,619170.3071144819,607828.0230138304
82,1548266193.54103,268922,818,0.0030417741947479193,2.7119998931884766,32,32,0.0,631124.8326755636,98.8685065745739,629200.76031702,98.81854565107777,630123.6565605067,627531.727846119,98.85481690632741,98.82047877629272,627458.1674174455,98.85228789333738,629440.3664668552,625474.7802445514
83,1548266193.60777,269211,5687,0.021124694013246115,2.7230000495910645,32,32,0.00022298177083333333,551725.8612049785,97.78230121569709,543774.85430696,97.6371048333814,539508.2795517484,529212.9495826648,97.67492760025092,97.45145100549402,535527.8331023752,97.55095667187703,540512.5042733089,532380.9045929764
84,1548266193.70788,268717,4844,0.01802639952068533,2.3980000019073486,32,32,0.00021484375,741069.7788499697,99.28636711700815,715814.0771836496,98.99347746102404,727444.8788031165,713792.3825805372,99.17506540683766,99.13697144923006,727128.2055600517,99.20921600702641,727533.8975900747,709537.1237215092
85,1548266193.77462,269131,2423,0.009003050559021442,2.680000066757202,32,32,0.0,756966.7557122324,99.21088694582714,753972.6514283315,99.1259564310667,750414.303582872,739758.6542585822,99.16369110094146,99.0727236373718,753965.9456181884,99.18728715393928,751445.7138337751,735876.3502545963
86,1548266193.84136,268885,2727,0.010141882217304795,2.8350000381469727,32,32,0.0,679501.698823127,98.23367703084033,674860.5049407636,98.15998916029504,674202.7634850731,669868.0288889001,98.18636465167907,98.12781586183435,671750.1936705719,98.16048287905166,673617.7966868619,666050.1657704856
87,1548266193.94146,269487,4139,0.015358811371234977,2.7230000495910645,32,32,0.0,710610.8956961913,97.8246734712807,706972.7363500994,97.77550204302227,698830.35912984,694156.9265699956,97.7297506216471,97.69231442254696,708217.3326074425,97.79605884671416,702451.8863577514,692890.229994804
88,1548266194.00820,268824,3026,0.011256435437312145,2.618000030517578,32,32,0.0,1004767.4003044165,99.65758656919273,996548.6483027039,99.56592269876842,993401.7801503844,976692.9493954232,99.59158002319575,99.47030015313268,988403.9312922964,99.5985867047649,995456.3165371647,982186.9573988223
89,1548266194.07493,268570,693,0.0025803328741110325,2.7669999599456787,32,32,0.0,1156717.429393666,100.10351334242509,1155133.8392176267,100.05970332543991,1154880.0862166872,1146881.6994177308,100.09368254397415,100.05538399834705,1153868.8900692333,100.09410343968767,1154776.2171138371,1150864.9418335725
91,1548266194.24177,268162,2792,0.010411616858466151,2.365000009536743,32,32,0.0,1414699.5068533183,100.81000885755343,1403388.4508944822,100.7402183068121,1406434.3916891827,1378111.6723853224,100.76900076875822,100.62639903105526,1411529.4744117218,100.79929753398113,1401705.9575619502,1377315.7880257408
92,1548266194.30851,268342,1228,0.004576249711189452,3.0369999408721924,32,32,0.0,1303044.8047127516,100.33286476382537,1295291.4081810862,100.26597812105979,1300861.2296958026,1288586.9450176798,100.32326526120335,100.26259760796648,1302399.0282239106,100.33077268144518,1299075.722452175,1290061.3770124184
93,1548266194.40862,268346,5603,0.020879759713206086,2.6389999389648438,32,32,4.8828125e-06,1249761.1220393444,99.98775527529153,1230811.0158784403,99.80725410077162,1225773.1462339833,1188967.6821996444,99.86213609524873,99.72987956635014,1226505.7810488453,99.90975624484702,1227015.2154616083,1198956.046611383
94,1548266194.47536,268609,4508,0.01678275858217707,2.6589999198913574,32,32,0.0,1065731.303143889,99.4765565548139,1052493.2275144693,99.31206332161409,1050532.3587940403,1029408.7222804448,99.38788942627934,99.27888459269,1020335.7188711409,99.25900521043508,1051901.1541481789,1024686.6607031176
95,1548266194.54210,269436,3006,0.011156638311138823,2.559999942779541,32,32,0.0,1221650.2996342678,98.94194020914846,1212855.711550086,98.85812828823626,1209295.8529666234,1183840.269025635,98.87742300197839,98.78416898606359,1171979.1272232027,98.73327490117967,1211118.4440664924,1177987.36157402
96,1548266194.64219,268886,1995,0.007419501201252576,2.365000009536743,32,32,0.0,1338043.983362865,99.35591723244522,1331536.1413933663,99.3035731545899,1334864.2266501116,1327259.756842499,99.33907760161794,99.27651895122251,1332934.3223412228,99.34035106595468,1333375.519599846,1310140.1956571438
97,1548266194.70893,269049,2039,0.007578545172069028,2.3980000019073486,32,32,0.0,1116402.111574526,99.34307321808075,1109941.9755752995,99.2883910017076,1110552.9324495182,1072763.0669143558,99.30415730653547,99.1271963024686,1115300.2489024443,99.33995028488202,1113949.1983775953,1101988.8801054764
98,1548266194.77567,269969,3256,0.01206064399986665,2.6389999389648438,32,32,0.0,1137956.709796223,98.81776773435524,1130386.5609126147,98.7480458258177,1127354.8471713534,1100548.8031424652,98.75062486185364,98.63633554250578,1108361.2559669993,98.67595164350644,1127569.8574901214,1110863.369012609
99,1548266194.90914,268924,1531,0.005693058261813747,2.365000009536743,32,32,0.0,1540998.5353739052,100.0053363959031,1531424.6018446344,99.95291503769822,1536770.2729650193,1493449.1309278538,99.98670153823159,99.83828342198905,1536590.8630038104,99.98363451922881,1537610.7886866957,1526225.663482147
101,1548266195.04262,269469,3678,0.013649065384144373,2.38100004196167,32,32,0.0,1242347.7128284557,99.67365556049265,1213043.2669637406,99.4196625000441,1233484.7795182199,1182313.3473813722,99.61988160569825,99.39129832646091,1239610.6783321286,99.65776629027471,1230276.1383639514,1194148.6105489929
102,1548266195.14271,269626,934,0.003464057620555881,2.197999954223633,32,32,0.0,1306353.2777576733,99.5548040542298,1297646.4412814658,99.42741165406494,1304699.2426580137,1288604.1413430527,99.54626165514401,99.4921342492382,1289541.3121447698,99.51024136490999,1304049.544153517,1292356.6077782952
104,1548266195.27616,269590,1218,0.004517971734856634,2.812000036239624,32,32,0.0,1130434.5958597152,97.84883948430337,1126355.7002740556,97.82238628743477,1128478.444884827,1114829.7740847578,97.83109473471836,97.78692496732384,1116666.369629103,97.81716277549316,1125178.8678707038,1117124.7000496304
105,1548266195.37627,268695,4034,0.015013305048475038,2.6389999389648438,32,32,0.0,1009872.2153840003,97.7833647498305,987691.458724898,97.67958708935534,988931.4157850001,957002.2996707048,97.68430608844892,97.56971446881441,1004019.5118048494,97.72580728653571,990821.7891827845,976258.1087438772
106,1548266195.44301,268441,1218,0.004537309874423057,2.618000030517578,32,32,0.0,1170906.9859653031,99.11074095466056,1164995.571367699,99.06686408435097,1168219.1984607924,1158708.7484098177,99.09380442682851,99.0361488746371,1164467.1810509549,99.07458196865126,1168129.1032234675,1160974.0690430359
107,1548266195.54311,268681,1838,0.0068408261097733,2.6389999389648438,32,32,0.0,1014877.2873523325,98.80930512276092,1009598.1166859798,98.75954533258167,1010171.8674708423,989536.581707096,98.76898305142711,98.69599056576992,1004735.5295808362,98.76071634628653,1009858.3953339146,1003553.2794657858
108,1548266195.60985,268038,5844,0.021802878696304255,2.6389999389648438,32,32,0.0,1139955.4155464254,99.28203805402634,1105746.0205590392,99.02128414704916,1113104.0664819605,1061286.3791297616,99.13436912229113,98.948432027964,1126843.8816588896,99.1332960135629,1105058.7282231143,1088600.1011655629
109,1548266195.67657,268302,5591,0.02083845815536224,2.6589999198913574,32,32,0.00015787760416666668,984989.5386684102,98.889385816898,950900.5304058924,98.64416228408267,966086.843873949,936659.8462813948,98.76255327966068,98.64677376802685,953679.1929860407,98.7101431940302,966100.910448864,943699.4098576657
110,1548266195.77669,269444,4745,0.01761033832633126,2.6389999389648438,32,32,0.0,838540.9481794658,98.36352340814912,820324.5292771679,98.15254682208692,826779.289201675,801373.5691673706,98.28241836239371,98.1082116014703,823941.4873809776,98.25724700144227,824272.6927204893,800651.1772364579
111,1548266195.84340,268708,6967,0.02592777289846227,2.7009999752044678,32,32,0.00046712239583333333,949827.2086686258,99.45699057822931,924663.9006579807,99.22382609536395,927752.9004179487,909927.057403412,99.3298415142489,99.17623232466275,942022.8961021763,99.39911410607347,932453.346458602,909145.9013574107
112,1548266195.91013,267924,1514,0.0056508562129559126,2.933000087738037,32,32,0.0,1024632.6877512488,99.77957156582006,1023270.370148867,99.74814208176097,1020948.2804735065,1015398.0525295705,99.75428050124307,99.7327546433088,1022551.8704302413,99.76629445087744,1020192.2548294503,1014536.3642443699
113,1548266196.01027,267438,1914,0.0071567989590110605,2.618000030517578,32,32,0.0,878439.1369702026,99.33612099055254,852007.6527127884,99.07305640135435,876422.5028488266,852530.6864499672,99.31663126300384,99.11920114658434,871227.4025372141,99.28153117958722,876254.9776292802,865995.8617535854
114,1548266196.07701,267291,1196,0.004474524020636685,2.2119998931884766,32,32,0.0,1023676.97848165,100.36300274593052,1003701.9149623655,100.22176991495756,1021231.5672429774,1016489.1065207124,100.34947458062416,100.29717944661097,1017258.0265012914,100.30105452046121,1021515.4142653537,1015505.430342062
115,1548266196.14375,266679,1540,0.005774732918602515,2.9839999675750732,32,32,0.0,1113092.407652176,100.49316184148836,1112145.2564868114,100.48280756224595,1110696.8875018065,1083313.5603302352,100.4768958831105,100.32489942992007,1112478.6190881494,100.4880924773338,1109004.018030748,1098293.3654592591
116,1548266196.24386,266699,960,0.0035995635529192088,2.618000030517578,32,32,0.0,1170570.1111054383,100.81700703302783,1165542.1286539386,100.7917172806891,1166345.0743394024,1153355.8465405684,100.78672797371343,100.7547138162135,1167647.9137562553,100.80292771479262,1165882.470591534,1150131.0382610043
117,1548266196.31059,267868,2893,0.010800095569459585,2.6589999198913574,32,32,0.0,895747.2824582551,99.03293022616566,868685.3374740022,98.78518621265813,888992.1613675589,880352.164340633,98.99408509647901,98.94614739987769,889341.351324868,99.0060044415161,888563.092223391,883014.2076049761
118,1548266196.37731,268517,1958,0.007291903305935937,2.6589999198913574,32,32,0.0,897685.6215258525,99.12806680032438,887298.2755323381,99.02171367889613,893689.0733043137,882637.2423986488,99.09899189714444,99.03201659377812,894183.004523996,99.1008988760799,891557.4579189154,885602.6657613263
119,1548266196.47742,267165,3174,0.011880298691819662,2.74399995803833,32,32,0.0,964454.1863862552,100.05015641809601,950599.9544590996,99.9164863341644,946331.169360434,930129.6552725489,99.94100934624942,99.8326723553006,951968.6267999883,99.93367009297866,949603.4031629589,938338.6961677681
120,1548266196.54416,268851,4528,0.016842042618402015,2.812000036239624,32,32,1.6276041666666666e-05,684687.1687659067,97.88402914426946,673316.2001963807,97.72256947090041,674727.6485534774,663678.6275240232,97.7884774493256,97.71896997600442,663357.9418874743,97.71017730529648,673379.7588447912,662961.4142688647
121,1548266196.61090,266928,1392,0.005214889408379788,2.618000030517578,32,32,0.0,856671.2835485406,99.91630893500523,853360.0336754611,99.84544855902112,852372.217674132,838861.1514107619,99.88879406695722,99.81074712315088,853706.8861424635,99.8892132936933,853697.5350624172,847038.7421501363
122,1548266196.71100,267434,1359,0.005081627616533425,2.6389999389648438,32,32,0.0,762837.0872169383,98.90208987257321,760420.388098282,98.8254964460016,758754.5691579563,753172.4338067351,98.87592995693683,98.81764275790377,761086.6410094181,98.89172218217607,759870.0280528243,755108.7652916306
123,1548266196.77774,267402,2332,0.008720951974929133,2.6389999389648438,32,32,0.0,1027852.764485164,100.66370385149914,1017333.9189950216,100.53043653531302,1016348.6765091285,994081.8095552884,100.59756198608142,100.48882351732172,1020273.25537373,100.64293962864065,1019399.5242471478,1007634.3914853457
124,1548266196.84449,268261,732,0.0027286858693585723,2.680000066757202,32,32,0.0,990958.8743968131,100.25224495896043,989225.6691163877,100.21647785903058,988135.2225913864,984150.484286843,100.23689018237866,100.21708473377468,987655.4071511715,100.21036681304223,988311.2410177655,979947.3787848849
125,1548266196.94459,269048,6269,0.023300674972495616,2.74399995803833,32,32,0.0002734375,816137.726250156,98.73823634924248,800492.4326847385,98.58085435603812,797638.1070606763,770069.681308546,98.60363911227202,98.44300291337731,807185.3389735102,98.6721090210273,798530.0869036344,784315.4565187885
126,1548266197.01133,268844,4579,0.017032182232075106,2.618000030517578,32,32,0.0,851707.8328679898,98.6928808838594,820223.8850764007,98.3610945920289,840701.3313913855,826056.6045857804,98.61549087352756,98.50340957620388,839074.0904048487,98.59359242983555,838564.1126801784,822126.2175622502
127,1548266197.07807,267885,1739,0.006491591541146388,2.5980000495910645,32,32,0.0,1202201.545712208,100.72610069260634,1181455.3698648864,100.60166814956466,1197170.2788502723,1183252.9108444906,100.69840259255326,100.62568163422135,1201820.7982461336,100.72331542567952,1195655.1239933087,1189274.1492388435
128,1548266197.17819,267710,1117,0.004172425385678533,2.618000030517578,32,32,0.0,1212848.0612295074,100.63377362212798,1207098.7973144855,100.60309310328576,1210540.9666439146,1201281.410806973,100.61830592359257,100.56018328079793,1208500.663308093,100.61429455040678,1209984.6912261788,1204365.358986636
129,1548266197.24493,269332,2144,0.007960435447700236,2.5980000495910645,32,32,0.0,829413.912535426,97.9169614244253,816079.2228027182,97.75622897584331,825659.8106903286,811664.9883306863,97.88175223951814,97.81927058617524,825083.8553586118,97.879964405879,824227.3906090722,820508.2266339026
130,1548266197.31167,267979,4281,0.015975132379776026,2.618000030517578,32,32,0.0,1010907.3389151387,99.40940868798565,973156.7338476318,99.03456126161971,997092.021918741,982650.1816293158,99.33268994903102,99.2421051454871,1006422.0726845533,99.38436561925819,994839.229014508,983665.9525691078
131,1548266197.41177,269100,1409,0.005235971757710888,2.316999912261963,32,32,0.0,923451.3265811113,98.06086754005636,908276.3313639733,97.8510858375501,921590.6016689304,913636.4836234847,98.0499356998744,97.96280769100237,921094.0140226817,98.049900992088,921473.0124495461,917642.4603094689
132,1548266197.47848,268562,5127,0.01909056381766594,2.6389999389648438,32,32,3.580729166666667e-05,1096140.5910383528,98.40335252716481,1070961.2156847755,98.18018314291638,1085628.9106801627,1069177.0602464674,98.33752286011367,98.2627080323471,1091368.3031184173,98.35453623937049,1085711.4343397971,1074541.0068386793
133,1548266197.57858,268497,4938,0.018391266941530073,2.6589999198913574,32,32,0.0,1242338.9312397186,98.58881212841466,1212628.4002618168,98.34611586766911,1221442.0513707995,1159613.989364469,98.49709880810225,98.34684161786625,1208342.3042225887,98.41842442838768,1225238.057735028,1205439.9792256309
134,1548266197.64531,269178,3167,0.011765448885124341,2.6589999198913574,32,32,0.0,753598.0499414604,96.35483856539749,737916.6562357369,96.26079462267576,751290.4890065164,742100.9676003233,96.33166859341648,96.27639470891783,747254.0780072219,96.31453335842778,749066.4233715073,738278.4922564294
135,1548266197.71205,268877,2552,0.00949132874883311,2.6389999389648438,32,32,0.0,815405.3823620768,97.01680573335702,794865.4983336034,96.90622909312401,810167.4221457558,798243.9314610474,96.97829353324919,96.8837016934523,814763.4976924092,97.01022229531097,807699.5106935923,793313.7565177944
136,1548266197.81216,268437,3409,0.012699441582196195,2.618000030517578,32,32,0.0,756472.1658062695,96.84580881122913,735594.0685190181,96.66747162155693,752444.1594168168,736848.044559925,96.80459107350752,96.67833329189112,741964.5354233008,96.7310070042509,748858.3014101555,735637.2081989174
137,1548266197.87889,268245,235597,0.8782903688791962,1.7389999628067017,32,32,0.7504003906250001,751278.0152827894,96.96996747274846,10452.869073292628,80.21000824915657,87772.40758259236,15590.297632719405,87.42353712196334,80.94176474807045,95720.62286832453,87.44450466882628,65800.68584891928,22841.727575090943
138,1548266197.94562,267605,2364,0.00883391565927393,2.5980000495910645,32,32,0.0,793475.244042538,97.34365719392052,757469.5626542539,97.1746169871077,787371.4107772314,767972.6702137478,97.2764749034576,97.203823179586,784197.5398643033,97.291936187777,787968.7149954832,777385.2393069387
139,1548266198.04572,267406,5844,0.021854408652012297,2.6589999198913574,32,32,0.0,733782.746335239,97.00346769542139,705613.391141083,96.76869466035548,730043.6150179382,706559.4001748464,96.96538554413527,96.7084590089433,732907.2753149648,96.99078887155551,728579.9924095484,688419.5921017921
140,1548266198.11246,267428,2888,0.010799168374291398,2.618000030517578,32,32,0.0,680890.6197084392,96.71456128234901,648742.2520572447,96.51307937458567,678015.372907036,667057.1306536092,96.68664930638714,96.58226588753494,676095.7016925823,96.67530274116646,674057.588004283,646315.7656884738
141,1548266198.17921,267182,2841,0.010633201338413516,2.6389999389648438,32,32,0.0,758629.5321044454,97.116207022821,723448.657338765,96.92514165552275,752376.270685388,734107.4866822275,97.06856549333418,97.00747407371887,753090.708543968,97.09178306562022,754845.0083697735,739810.7702104035
142,1548266198.27932,268144,4231,0.015778835252700043,2.6589999198913574,32,32,0.0,811484.367036549,97.48328097221821,760632.0276912827,97.24609920720897,805443.793402456,792393.7835602395,97.44512188408515,97.36361917767012,804186.3880001241,97.4463198167789,803429.6441097811,791184.0384193133
143,1548266198.34607,268658,5087,0.018934853977919882,2.6589999198913574,32,32,0.0,739181.8620375105,97.40145547738697,708299.8774926626,97.14256658222266,733047.0087682741,714959.9962461573,97.35668884872591,97.26090077227906,737517.9708754992,97.36857493336417,730705.4830157848,715466.9964550616
144,1548266198.41281,268757,5415,0.020148312416048697,2.680000066757202,32,32,0.006009114583333333,731133.5537261144,97.20473644600644,683105.8136206882,96.84001472658355,688339.1205194923,676619.0731160581,96.92354854368782,96.86672072950203,689189.0376191883,96.9094421701021,690884.8166522321,678335.7218350539
145,1548266198.51292,268948,10519,0.039111649835655966,2.6389999389648438,32,32,0.014493815104166667,730706.8405268183,97.29389891135536,691197.5053082099,96.78460497957968,694228.2389269104,684161.1168353527,96.89268174020759,96.85288544995262,695349.113761999,96.85879923224385,696689.9587875996,684640.7312147367
146,1548266198.57963,268929,15326,0.05698901940660918,1.6799999475479126,32,32,0.0,906605.0126158496,98.33133224879644,640422.727969776,96.58397497136067,875387.5622198051,801555.5456976203,98.17358545908827,97.62824405661463,876166.0117382084,98.20643617335534,894739.9254394437,863580.8690901266
147,1548266198.64637,269360,18146,0.06736709236709237,2.316999912261963,32,32,0.0,735899.0254227151,97.62207692866468,529641.6498755835,95.49485004502966,700599.5832597518,579048.218373546,97.4358169642016,96.13386220556892,716375.2271203743,97.52445727189522,699413.6774637499,558134.634015916
148,1548266198.74645,269210,1324,0.004918093681512574,2.7230000495910645,32,32,0.0,604135.5968662446,96.97588367705066,599373.7736419259,96.93275479339408,602826.8997860823,599307.7159532014,96.96146495759496,96.9253942547086,603072.0765249042,96.96611718563932,601817.6341441962,599163.9031597868
149,1548266198.81320,269252,3157,0.011725075394054641,2.7009999752044678,32,32,0.0,759160.1699166303,97.31923424126576,739622.4723418985,97.17185627162759,753836.2882119329,737861.1573425113,97.29404742202038,97.20313761950283,755162.0375394502,97.28964935070289,753119.8232542995,734862.9242904122
150,1548266198.87996,269226,1626,0.006039535557487019,2.6589999198913574,32,32,0.0,932794.5363032472,98.91734469214931,918775.6931929673,98.84205892359826,930664.5839567657,922498.1450932939,98.90906866117024,98.86333133250385,928897.8442537728,98.89810000681844,930368.2083378863,924419.494610254
153,1548266199.11355,269069,3207,0.011918875827390001,1.6469999551773071,32,32,0.0,841021.7863325356,98.38842670137491,722427.6460237604,97.83051372072896,837341.2676619213,829205.9472916644,98.36762527677892,98.2987209719397,833447.610886289,98.29785645659206,837815.1712780432,831383.2828599953
154,1548266199.21367,269228,1899,0.007053501121725823,2.7669999599456787,32,32,0.0,733726.3126668495,97.47247490658548,719561.6644369927,97.32858265732104,729970.991599307,715945.7302010249,97.44177087934241,97.3796330371025,731499.2374820055,97.44280328799837,731479.172424592,712888.6390897318
155,1548266199.28041,269359,2973,0.011037314513344644,2.7009999752044678,32,32,0.0,583579.9395420933,96.63248550054547,573507.148854821,96.50969937448431,581316.0131562839,567638.2828103553,96.61513530591702,96.54074184474892,581736.67385284,96.62333418284751,581053.8639368647,574515.626000369
156,1548266199.34714,268982,847,0.003148909592463436,2.618000030517578,32,32,0.0,682573.4278014024,96.79494945896133,678429.1411024249,96.72728812348859,681857.8766086125,673191.936292163,96.78733588301088,96.71810153390444,681752.9313859834,96.79198205908014,682036.8689514529,676978.7583782629
157,1548266199.44727,268817,10008,0.037229788294639105,2.503000020980835,32,32,0.0,922455.3123652402,97.73295107211112,856878.6068534785,97.20368684484583,903122.2797409578,860282.4667953661,97.60249649748926,97.42869907390536,900302.2310975016,97.53198094255569,886214.3124193267,844279.071780392
158,1548266199.51401,268372,17647,0.06575574202971994,1.7309999465942383,32,32,0.0,617447.735676711,96.39874973961042,471233.01441430475,94.14794673246816,608942.9810202322,515728.5840280032,96.31518487013139,95.11146205462217,571571.1576739067,95.80008799507894,609055.0782312253,552076.1734338498
159,1548266199.58074,266765,4272,0.016014094802541564,2.7669999599456787,32,32,3.743489583333333e-05,715834.1594360865,96.85232381029452,682945.4203760133,96.583859263693,710816.7452936241,695011.558602402,96.79967612116069,96.71982897317405,697497.7910184425,96.70105776200441,707896.0571136614,686155.2312612559
160,1548266199.68085,265954,10890,0.040946930672221514,2.7890000343322754,32,32,0.0017708333333333335,1009043.3170982366,98.2515814459459,905952.9573036131,97.6657021170164,979249.9801164013,953189.6276576341,98.1054108992866,97.94228812692785,961777.6794212606,98.04250604646467,959694.7330916005,927315.79148166
161,1548266199.74758,266219,6494,0.024393450505035327,2.618000030517578,32,32,6.184895833333334e-05,900242.3526609225,97.9348752334025,800511.9068334987,97.44530154407207,887105.3596812766,831269.6311941058,97.85655603267074,97.54063025434365,895147.0910924871,97.89553515501072,884191.5153000279,827194.9079373868
162,1548266199.84768,265273,12112,0.045658623380442034,2.7009999752044678,32,32,0.001513671875,940762.144729426,98.13350723912944,860113.7049636977,97.53709212498919,897158.1222889689,856979.2111403124,97.90203717836735,97.55258891744188,912538.977840027,98.00961899462196,897000.1324169312,840114.7092710022
163,1548266199.91441,265126,950,0.0035832019492618604,3.119999885559082,32,32,0.0,1082866.4119398503,98.44538050403975,1070306.9898475248,98.37716174937162,1081543.7647151677,1072733.226766488,98.43300121107647,98.39753966571288,1082180.3310805028,98.44221609394135,1079641.4713427757,1070435.0076886434
164,1548266199.98115,265764,1208,0.004545386132057013,2.7009999752044678,32,32,0.0,990388.3462424168,98.25577881773378,976593.3582399496,98.17374059570069,987752.3766028658,974555.8422334639,98.24016192225086,98.16737972967515,984692.3178117584,98.22170405337928,985695.5696763659,975139.5546510807
165,1548266200.08126,265652,4396,0.01654796500685107,2.7669999599456787,32,32,0.0,985549.7757156461,98.0512908176577,944466.2565559458,97.85776084044895,980303.5020125522,956368.0519193363,98.01016290302718,97.88738861572232,984131.6684611572,98.0308006738156,962317.9075124107,944726.5365815317
166,1548266200.14799,265375,5327,0.020073480923221854,2.7669999599456787,32,32,0.0,1064717.6457892018,98.39114951493534,1005908.9388824608,98.13637822873912,1049183.697442846,1013943.672058574,98.30404375667821,98.15413045305996,1038842.6643731005,98.28777052883481,1037488.1468615762,1008989.5603248604
167,1548266200.21472,265923,7579,0.028500731414732836,2.8589999675750732,32,32,0.0,761262.0884701858,97.0123367639512,723713.9483177903,96.6957033876951,750973.6701491222,739284.1998694931,96.93426929511236,96.80204761256746,760409.5368505699,96.98936094915857,739384.7429460136,727191.8221672806
168,1548266200.31482,267127,3806,0.01424790455476234,2.812000036239624,32,32,6.184895833333333e-05,680873.0022439666,96.70146445680479,662557.326266432,96.55284211068857,675689.5827291795,661802.5466862352,96.64950197970406,96.56701264507277,676175.3099360599,96.67084762306536,670138.9191204505,663658.3449755921
169,1548266200.38157,265471,1465,0.005518493545434341,2.680000066757202,32,32,0.0,1300897.9304858958,99.49400016207316,1283483.4832708489,99.3785168872225,1298043.730060122,1272631.2977140704,99.48100071179041,99.41104556406137,1287864.701102127,99.4052034029175,1293490.3712173267,1281968.7345616927
170,1548266200.44830,267300,1725,0.006453423120089787,2.6389999389648438,32,32,0.0,1140308.561689689,98.8689744421446,1116793.4632257135,98.75912562105056,1133571.8460712193,1116322.3517768916,98.83596747471684,98.74452732331461,1125658.4100470203,98.78127206057033,1133980.7174900584,1115027.1417717268
171,1548266200.54841,267937,2209,0.008244475380406588,2.7890000343322754,32,32,0.0,805865.8968444184,97.40535407778182,785249.2729536367,97.26119292954974,798612.065439081,778625.4282408804,97.35633459698997,97.25992636844192,794545.3378835226,97.35595093981817,801705.6788907298,790152.8368423919
172,1548266200.61515,265996,2347,0.008823440953999308,2.9579999446868896,32,32,0.0,1522573.403331784,100.38476204196564,1495417.2502283044,100.25390737471177,1512910.6631389249,1494537.1397719758,100.35148348238761,100.28286954838845,1522431.7922290582,100.38142775482618,1508440.34283717,1473527.519638663
173,1548266200.68190,268030,5061,0.018882214677461477,2.8350000381469727,32,32,6.510416666666667e-05,1145028.1200000562,98.77339623326249,1068769.5867462622,98.47396901692821,1132689.6157192134,1102949.2674953742,98.69773238762478,98.58392861481614,1113445.1113060482,98.58015591904962,1127972.2140111695,1091277.2941463962
174,1548266200.78201,267740,3512,0.013117203256891013,2.8350000381469727,32,32,0.0,1180191.245911789,98.5600336695391,1157088.7782148954,98.3969347931922,1165264.8242426147,1120793.268021417,98.47978430290456,98.37185097722289,1178887.7761213884,98.52485945179757,1160571.4258022164,1148686.4278209726
175,1548266200.84876,268322,2710,0.010099805457621812,2.8589999675750732,32,32,0.0,1191586.690089717,98.34600820372981,1178261.9787946558,98.25694428371017,1186051.436914323,1169744.1247570189,98.31310611797248,98.2638077329138,1189681.476155983,98.33386813519544,1182656.2416208717,1172154.977914263
176,1548266200.91548,268271,1363,0.005080683338862568,2.812000036239624,32,32,0.0,927051.939366321,97.48101342106779,921069.7352973842,97.40005635335622,924501.1631079386,910297.3667469992,97.46349869915316,97.42487905429677,926730.9995052811,97.46991410985686,923782.5429039035,919849.186418201
184,1548266201.54946,266228,973,0.0036547620836275673,2.6389999389648438,32,32,0.0,1139591.0085323167,99.83418301188667,1138400.9181781008,99.76414415326539,1138386.781307317,1132764.0312675904,99.82822266871814,99.76373021754608,1132567.1781570108,99.76647531792824,1137877.3679202287,1129812.3802520672
187,1548266201.78306,266204,20740,0.07791017415215398,2.5220000743865967,32,32,0.003133138020833333,846842.7004382076,98.14097156615823,767954.0519556127,97.25362425012325,780663.7231628118,752122.938979799,97.6678770695047,97.38633522241908,767617.3805761734,97.66705276846243,789907.2010807362,736791.0986488849
188,1548266201.88315,267380,24959,0.09334654798414242,2.5409998893737793,32,32,0.017386067708333335,875634.7378869322,97.58616815295633,795862.6086654468,96.66382307343595,809183.9638989039,703350.8139933145,96.93873779333488,96.51940186669111,810441.7896088872,97.2042113575534,793957.5929661181,701278.6267204122
189,1548266201.94988,266965,24028,0.09000430768078213,2.559999942779541,32,32,0.010445963541666665,858301.1250727907,97.46057773455294,783762.0697593314,96.59977233071247,763875.7394787092,678276.7990430583,96.78312233092956,96.46556856685426,786169.7170182193,96.88786518611374,741281.7938055733,616150.2947105665
190,1548266202.01662,265877,15661,0.05890317703298894,2.450000047683716,32,32,4.0690104166666664e-05,1046065.1849796898,98.76809079834074,980856.8923166507,98.16971315549878,993078.6098485129,905117.4804047915,98.4478485911824,98.07283309997666,802417.9271582087,97.72507423984567,977210.8916974462,840496.7734928101
191,1548266202.11672,265709,21283,0.08009890519327535,2.6589999198913574,32,32,0.006866861979166666,923649.6548616635,98.04384352616705,848548.1244629613,97.18708708737549,868515.5900881175,832361.2876912582,97.62313890116602,97.34035472677876,837036.2449272024,97.36809024788036,865275.3252299593,833526.8342932548
192,1548266202.18346,267086,35479,0.1328373632462952,2.7669999599456787,32,32,0.0298583984375,860265.5408821325,97.41846863375011,750903.4903712603,96.2066470905091,755420.4081050672,677987.0693838518,96.58123447214052,96.17977129976127,651572.2542531162,96.09108134918363,756466.6882927819,701166.1370341779
193,1548266202.25020,264980,17960,0.06777870027926636,2.5409998893737793,32,32,0.0062158203125,979562.1390323481,98.53871662175533,912512.2219769981,97.81686389297322,908900.3518583134,878094.4154192389,98.12138796747061,97.8594566558883,876964.0321803966,97.90569392269602,905177.1936727478,853673.9444565556
194,1548266202.35030,267162,15222,0.056976665843196266,2.503000020980835,32,32,0.00028808593750000004,795454.7523963487,97.61676324812588,753487.0471805417,96.96655617807698,757898.9718824923,719546.7249258067,97.33102991237604,97.0106859238078,723984.531070512,97.1816076745817,736610.1829208758,672043.999804707
195,1548266202.41703,266082,768,0.0028863282747423726,2.9579999446868896,32,32,0.0,705651.5346730767,97.3999336798118,701825.3691362151,97.35972672984445,704949.1959735083,699688.1806475226,97.38901170076407,97.35148273365111,701851.5741741318,97.38500335161713,704463.5462580284,701988.1615770785
196,1548266202.51715,266365,2457,0.009224184859121881,2.9839999675750732,32,32,2.6041666666666665e-05,947179.4923981125,98.64016368158543,924828.322398361,98.5059527167378,941024.3003809054,929373.373815761,98.59237702079619,98.52392095682455,942288.808429154,98.56819839911455,939618.6865504772,924189.3824299893
198,1548266202.68400,266808,551,0.002065155467602171,2.7890000343322754,32,32,0.0,664314.1572087244,97.59311719208966,662947.2430744411,97.54138290826253,663778.6165342026,660447.1437605015,97.58725539669604,97.56003473416534,662519.8089340877,97.58371964105851,663552.1875636955,659428.1109284655
199,1548266202.75074,265269,758,0.0028574767500160214,2.5409998893737793,32,25,0.0,1005729.3315390814,99.18945647359145,945135.5911775855,99.01289809636698,1003665.8946362968,996355.4625613983,99.16840476007688,99.1268711870203,1004278.8835209672,99.17748141915787,1004116.676101085,996883.1301743364
200,1548266202.85083,266721,3585,0.013441011393928486,2.7230000495910645,32,32,0.0,690697.0882202635,96.70670373512365,515782.40520945634,96.09124490160588,679736.9834838435,636381.7243405797,96.62227024985422,96.4516898076847,686198.1495254567,96.6592369766025,682105.7375405579,628100.927382672
201,1548266202.91756,266905,6342,0.023761263370862293,2.7890000343322754,32,32,0.0,807967.7314920938,96.66258698066696,503634.50041326607,95.60546981526609,793691.5905056056,756302.2044022991,96.54101950560505,96.38482612813584,792839.7979613091,96.54891808533273,791741.0908409399,707350.4157238698
202,1548266202.98430,265449,21813,0.08217397692212064,2.0160000324249268,32,32,0.007854817708333333,1115667.5582212282,98.75924273955383,523465.4945160983,96.55935970487192,1055975.9200242613,922423.0453114801,98.36964970452516,97.84470588951119,1041772.2144821506,98.25962718364161,1052952.183659417,739587.0647030253
203,1548266203.08439,265294,20754,0.07823018990252324,2.3980000019073486,32,32,0.0079931640625,1518961.4645285103,98.60421895457074,605063.1288645875,95.70952117556288,1450603.7602205789,1148919.6463236318,98.14778182751053,97.3905669115501,1466454.5793826415,98.18334046727757,1471093.6666444554,971108.3485859834
204,1548266203.15111,266488,38189,0.14330476419200863,1.4639999866485596,32,23,0.013741861979166667,1513647.8510529378,98.14136037469802,400443.7155120723,94.1928218098495,1345086.5512466466,585252.5769920672,97.16392785022967,94.91719022621113,1177681.394850924,96.92514077237448,708320.050693617,624732.007065255
205,1548266203.21785,265390,32813,0.12364067975432383,1.3869999647140503,32,28,0.010164388020833333,2213603.616860319,99.89159519413788,806602.995379875,96.84477279180238,1959760.8577612399,1278465.4291382497,99.03177442186386,97.83252447897323,2049023.5008453901,99.36940143565721,1132210.4120722306,1038691.4897071302
206,1548266203.31796,263994,46527,0.1762426418782245,1.496000051498413,32,28,0.0,2061984.68231775,100.11465553428133,747543.1316069782,96.74097882262161,1839746.0087492536,1153178.2292903925,99.24096260136645,97.65217569432168,1970198.4319726715,99.64041446926916,1024317.8222187967,923108.9483452183
207,1548266203.38470,264335,684,0.0025876255509107763,2.6389999389648438,32,32,0.0,1904898.8064721317,99.56810673417206,1891059.121244207,99.4968949200928,1899841.519860651,1892793.7275698206,99.55206797523905,99.5352054533063,1904081.034467619,99.56209052548337,1901348.372683586,1893365.5968641536
209,1548266203.55155,266059,2242,0.008426702347975448,2.8589999675750732,32,32,0.0,1312287.28311704,98.04290735485517,1293171.381287173,97.93966839854352,1306093.732867497,1269319.5283923338,98.0088685756791,97.9234885172195,1297001.5057157467,97.97002935389804,1304007.0076643198,1282314.8171933638
210,1548266203.61829,268299,8169,0.030447374011830085,2.9579999446868896,32,32,0.0006770833333333334,959222.3632283162,97.210471045239,914732.609611211,96.82311303401112,934444.4664902526,906876.3942647489,97.06666030977624,96.97140852121282,949335.2024559028,97.06959099507091,927579.2905223462,904076.3101452898
211,1548266203.68501,268964,5571,0.020712809149179816,2.7669999599456787,32,32,0.00012369791666666665,857199.6701123215,96.97215579817252,813682.1479860707,96.63714081701417,840013.3912336999,811156.4874183196,96.84437699586931,96.7687549768534,823477.8884637005,96.7855177605611,840682.2695912689,812592.8878220496
212,1548266203.78512,268933,13191,0.0490493914841243,2.618000030517578,32,32,0.0012369791666666666,794915.731891125,96.77970553201652,723985.6952670695,96.12994355238317,746257.2200897157,717115.8728717308,96.48463207174986,96.40575445287101,749133.6252885348,96.4699191172129,754631.2330089741,720683.5006602732
213,1548266203.85185,267986,10766,0.040173740419275634,2.5409998893737793,32,32,0.0007926432291666666,1044389.9099077769,98.06634987738869,974424.6505645232,97.48106845796815,987478.9216178072,949584.4662154181,97.79578580968034,97.6670524632472,946457.7121098936,97.74258812059317,972994.3087109881,929963.2102260333
214,1548266203.95196,267321,10447,0.03908035657505396,2.5409998893737793,32,32,0.00030924479166666665,1011177.7429786929,98.60615076738256,943793.8783520896,98.04516075346567,948479.7452689926,920204.43859119,98.31597276719683,98.21896689482824,939578.7098221561,98.34217554555394,945275.8053856811,908220.3693043124
215,1548266204.01870,267854,13134,0.04903417533432392,2.5789999961853027,32,32,0.0014013671875,876217.4488292278,97.3435358478705,747201.0423416521,96.67116976477799,818385.7552159284,795314.4659406358,97.06696253973664,96.91752683706812,816959.873020944,97.05926255319562,823296.2357485024,801986.5488599215
216,1548266204.08544,266741,11442,0.0428955428674257,2.559999942779541,32,32,0.002744140625,1146590.3216782168,99.33330547822202,1090850.8577865553,98.78364225774736,1083822.1971522782,1036818.3258814563,99.0169028629048,98.84271364404019,1099818.5566830935,98.92490058252912,1072819.4744572788,1045645.0783494351
217,1548266204.18560,266861,982,0.0036798183323902708,3.063999891281128,32,32,0.0,851501.1015615367,97.77810092777845,848997.6461982093,97.74067426472631,850064.5103624117,841351.4539491744,97.76415362969999,97.72612286589319,850524.5717124922,97.77354931174396,850234.4098675594,842219.8718872764
218,1548266204.25228,266559,1241,0.0046556297104956125,3.119999885559082,32,32,0.0,837827.563874325,97.63925699988867,831198.5005601358,97.56974080338617,834883.2285821256,820709.9271428301,97.61454489869519,97.56020307107845,837104.4715156207,97.6257830833147,835566.6613016264,825568.0525042979
219,1548266204.31902,266731,9965,0.03735973696345757,2.5789999961853027,32,32,0.0006445312499999999,896700.0051961042,98.10986867071307,859316.4410993537,97.6349184808623,844964.4446351123,801697.6587420455,97.82644359204475,97.64697972920337,866131.3083140098,97.86209711905764,849035.0777682832,828235.3290023478
220,1548266204.41914,267266,3082,0.011531582767729528,2.618000030517578,32,32,0.0,840131.6399191099,97.53789386988774,825971.276295768,97.30415637072626,829347.2842970024,809858.8531168177,97.46656437382917,97.37611276749165,836318.3322254866,97.4925675220308,829908.3915581403,808711.424296715
221,1548266204.48588,266186,6247,0.023468552065097337,2.5789999961853027,32,32,0.0,952737.9220328227,98.89397849977175,920472.4247889606,98.5069816884122,929952.0168594841,902095.1535064634,98.7201461820323,98.59421658745529,916109.3657633419,98.54845588805375,934380.2066089961,908381.8690669033
222,1548266204.55262,267969,7625,0.02845478394888961,2.618000030517578,32,32,0.00030110677083333335,878880.5097493875,97.58229599719684,842326.4473099157,97.1546524151673,847292.5849351801,808745.2838670693,97.36028580074446,97.28010757792059,857323.916625895,97.38029248037705,847912.3751962356,790834.3482458917
223,1548266204.65272,267157,2844,0.010645425723451004,3.23799991607666,32,32,0.0,1150752.9710496715,99.28963475727392,1142956.0697999448,99.16096518474504,1138929.085607497,1118662.9694400635,99.22910978197176,99.1726554752123,1135249.0264417098,99.19036142729952,1140328.7186583471,1093376.8383164364
224,1548266204.71947,268158,2940,0.010963685588347169,2.9579999446868896,32,32,0.0,1148205.2064242556,98.8657639865645,1120366.4324930317,98.68645686053887,1133129.361947975,1085049.8489281535,98.78365110606217,98.74494152835103,1102561.3074851697,98.75947316442605,1135154.369194498,1099330.271109002
225,1548266204.78620,267010,5468,0.02047863375903524,3.2690000534057617,32,32,0.00030110677083333335,1191034.0707594778,98.68474457155958,1166003.5522211776,98.47959261830582,1173728.46697954,1151937.5297528321,98.57284947646566,98.45138385864225,1169984.8458270063,98.54907268827287,1172915.6233848014,1156328.8463442945
226,1548266204.88631,263620,10268,0.0389500037933389,2.9839999675750732,32,32,0.0018082682291666666,1639357.755383625,100.4467857155939,1539505.4955641592,99.92600405194929,1588176.4669833956,1557900.4510479677,100.2545346602292,100.09597428836008,1580016.2881825564,100.22934176813956,1570318.8144600866,1533339.5878465057
227,1548266204.95298,263391,10193,0.038699120319221236,3.177999973297119,32,32,0.003697916666666667,1659427.5049255933,100.3879888256642,1586710.064171399,100.07091353489957,1611176.7138190004,1523925.3849169821,100.19509255918045,100.00920154323754,1507240.9596491558,100.04916356224271,1617156.2588805454,1569505.0466255276
228,1548266205.01972,262302,665,0.0025352456328964325,3.2690000534057617,32,32,0.0,1928120.7030032962,101.00276461126839,1926946.5671326246,100.97751753036707,1925686.4156571086,1917522.841805299,100.99306878240145,100.9608301216428,1927781.3712568532,101.00083793864624,1924538.0395615906,1918278.862651848
229,1548266205.11983,261906,3236,0.012355577955449665,2.812000036239624,32,32,2.9296875e-05,2032543.7637300869,101.17011342925719,2021307.2408011924,101.02255971076374,2015489.1776969756,1984273.4162194182,101.07277447197737,101.02106955831758,2005016.5923323503,101.05348099180654,2008131.4641116592,1982501.3364774394
230,1548266205.18657,264228,1971,0.007459466824106454,2.9579999446868896,32,32,0.0,2250343.9841581574,101.26177352710933,2238480.1587322936,101.1449892439467,2243907.151234455,2237876.429672833,101.23486882107336,101.18221408114101,2244946.7869626884,101.23333673687347,2246208.992027892,2223827.647411682
231,1548266205.25335,264815,2420,0.009138455147933463,2.933000087738037,32,32,0.0,2135254.822003962,100.93826367407735,2121232.432651132,100.81727473222202,2123018.813930863,2086670.9481070165,100.8899604809292,100.83404261669683,2114102.2474820977,100.91317040468229,2128222.4389443463,2115447.6870313045
232,1548266205.35346,265142,6404,0.02415309532250643,3.0369999408721924,32,32,0.0002766927083333333,2376807.4769405737,100.94405842497468,2329947.592622188,100.72853795628583,2332076.1120596128,2189038.1677660416,100.78792005696917,100.66473759762768,2342469.0913532637,100.77126012175145,2344578.068230103,2251660.5394530203
233,1548266205.42018,263844,10068,0.038158912084413514,2.7890000343322754,32,32,0.00043131510416666665,2584797.3742205207,101.39138753275265,2513719.249888666,100.91081211909966,2508025.60188762,2404650.4782207753,101.2065267312548,100.99672652921774,2519612.23780446,101.22215319495032,2501822.3445259617,2437771.96754184
234,1548266205.48692,267651,8848,0.03305797475070147,2.6589999198913574,32,32,0.00034993489583333334,1940624.9335897882,99.2227006109011,1886810.5507575576,98.85310607188762,1895390.071304032,1845879.9153922044,99.07616539263454,98.94578039791638,1879039.739140645,99.07624969627801,1898019.1613679563,1833506.8663634763
235,1548266205.58699,266868,6918,0.02592292818921714,2.9079999923706055,32,32,0.00048828125,1803057.9693368021,99.61581065835173,1776903.2988453964,99.42693390426442,1771462.4171212437,1666319.956148197,99.48372851716135,99.31939891707015,1761162.5292350291,99.46281991291644,1781048.5999723137,1646194.7100602342
236,1548266205.65373,260367,844,0.0032415782338007506,2.9839999675750732,32,32,0.0,2270731.283333954,102.15483677468154,2260247.5995970727,102.07942072330043,2265313.6297010425,2252787.7006777334,102.14105206318035,102.11318077593599,2264432.1932534287,102.13236263612906,2267220.062664201,2246987.3699538247
237,1548266205.72047,261080,12173,0.04662555538532251,2.618000030517578,32,32,0.0030729166666666665,2063154.7785629558,101.51180243286367,2018605.6434198075,101.0986159467478,1962175.9385482406,1824441.1280592594,101.22570002531594,101.04868636182464,2029014.9360933285,101.37465221135162,1952159.3308566622,1764105.8294747341
238,1548266205.82058,261989,10151,0.03874590154548473,2.559999942779541,32,32,0.0,1373254.2601518603,99.64265658690468,1339713.0901692559,99.27955063888889,1350598.3553785952,1268310.2011195754,99.50544125018796,99.33297886573399,1350981.6011884937,99.4476690122574,1356041.5072642693,1229892.4060806544
239,1548266205.88732,262197,11469,0.04374191924392728,2.5789999961853027,32,32,0.0018994140625,1286375.715924806,99.45280047749691,1255358.8096687244,99.09324296743159,1248601.5049094805,1114918.0269663369,99.21283598766126,98.97880222933011,1282122.4132017822,99.38213050305363,1272348.2500512495,1130746.9691018302
240,1548266205.98742,258957,13352,0.05156068382009368,2.5980000495910645,32,32,0.005283203125,1419874.8413560935,100.70872072512822,1382658.743940087,100.26603288611801,1388919.0424079483,1373732.8139447651,100.4676184480715,100.26527670869659,1385452.7862870933,100.38002047010303,1383048.8515376851,1366940.4768786377
241,1548266206.05417,255507,6138,0.024022825206354424,2.559999942779541,32,32,0.0,1526896.5347512572,101.19716913968902,1505822.565406295,100.97012993514903,1517100.8987673582,1427693.2025032786,101.1182088005396,100.92599660168491,1506739.2368381242,101.10739535811848,1520408.5547671327,1374130.2525146666
242,1548266206.12090,256034,15117,0.0590429396095831,2.559999942779541,32,32,0.004012044270833333,1442270.328783629,101.11474510706269,1394520.3549140098,100.68035968591758,1404945.8742692987,1370031.103824549,100.74647626067053,100.6407531915099,1433252.150903683,101.00145593240748,1401169.2730250806,1351845.5753556604
243,1548266206.22101,257960,14221,0.055128702124360364,2.5980000495910645,32,32,0.0005485026041666666,1311050.1765764253,100.67713394304405,1262107.524139376,100.19072532656072,1199592.7668011258,1013711.1836949028,100.27503663894717,99.98307225640878,1159735.1634226567,100.2474658241791,1205928.5518508828,989708.7662079181
244,1548266206.28775,258098,16311,0.06319692519895544,2.5980000495910645,32,32,0.0080517578125,1141617.7164406707,100.49755563737966,1081936.5898300917,99.94355388353377,1063742.922368322,936323.4357089795,100.12746221689181,99.92261348658599,1095074.4149316635,100.31959286451746,1070567.949763337,958013.7419586505
245,1548266206.35449,256571,17104,0.06666380845847739,2.5789999961853027,32,32,0.010501302083333334,1243526.4425893538,100.99511861210176,1128721.8266909427,100.33069056233892,1124284.071307666,1062654.2000660705,100.54292999312139,100.31930113720786,1208212.0543183384,100.59077422505861,1135501.905583006,916983.5172765418
246,1548266206.48797,254333,16123,0.06339326788108503,2.5409998893737793,32,32,0.011129557291666668,1073613.0022702392,100.73328452601933,1008829.8362792116,100.14136207012173,1044135.1342442781,1011438.0633705984,100.45697069951272,100.26521709613328,1055237.2904609377,100.5324575883871,1051482.3719904819,1009621.103578475
247,1548266206.52133,254716,9738,0.03823081392609808,2.5980000495910645,32,32,0.0015364583333333333,1168586.2405827665,100.8932811316599,1137482.686550224,100.62594733203353,1137702.5731719881,1042464.2842143531,100.72502377279939,100.43345637155554,1079209.8571139653,100.6185051338145,1115277.0094365072,1011785.9681442278
248,1548266206.58807,253113,1312,0.0051834556107351265,2.933000087738037,32,32,0.0,1105027.0073640915,100.94773327686124,1099778.022394278,100.88613384575929,1101211.69519833,1096182.3008785762,100.91716633989665,100.86826844993836,1099319.6580113012,100.90431752794024,1101870.958157341,1097232.7324646388
249,1548266206.68817,255789,2401,0.009386642897075324,2.7669999599456787,32,32,0.0,935260.4828390554,100.49021018889755,928315.2064372713,100.42151923054777,928233.6380121394,900583.6757244302,100.43084512496591,100.38318972914584,928526.313425864,100.43580802965995,929413.3865205707,895016.7578142558
250,1548266206.75491,258010,4025,0.015600170536025736,2.4149999618530273,32,32,0.0,866003.2177288092,100.19317869215334,807135.9889281536,99.95833028111463,856892.9447527378,811415.6870702803,100.09582684199573,99.97792005288832,814112.910979113,100.0116789194184,859623.7596218577,812334.7112056364
251,1548266206.82165,256647,6846,0.02667477118376603,2.680000066757202,32,32,0.00035970052083333335,823682.3952403936,100.13233325173852,785703.7208738019,99.93910170561033,798061.4151611875,757845.1775920896,99.98243055968607,99.88924318819143,809388.0486244325,99.98101861585158,800809.5441451881,762720.3601191428
253,1548266206.98851,254685,585,0.002296955062135579,3.119999885559082,32,32,0.0,826254.3673709658,100.41195160550805,824305.1524579598,100.39377202460425,825848.7825733515,820016.0955454278,100.40777254906632,100.37905872243381,826245.268601585,100.41145431648857,825541.0037234697,823153.0350387171
254,1548266207.05525,256924,3018,0.011746664383241737,2.812000036239624,32,32,0.0,801280.1981887122,100.21021046244978,789461.8847204009,100.12841103733926,794393.447653861,785627.5746390346,100.16049579771303,100.12517126833833,795540.7314893653,100.16767705188994,793253.4424930327,764310.71968047
255,1548266207.15535,254579,1259,0.0049454196929047565,2.812000036239624,32,32,0.0,840770.8406968598,100.49877064635217,835021.6269144495,100.45011082458034,838535.2787002445,823642.3041471079,100.48071998276711,100.44404925333427,837416.5049906068,100.47563555074612,835982.6034397285,825518.2347928776
261,1548266207.62256,257222,1110,0.004315338501372355,3.1489999294281006,32,32,0.0,807566.6878251916,100.07331228023335,795461.497900311,100.02064073746293,805046.100281263,798350.982920877,100.05377597454543,100.02466408610577,806547.4737506595,100.06613617835262,805045.3556549335,801895.2979834387
262,1548266207.68929,257561,3150,0.012230112478209045,3.365000009536743,32,32,0.0,778490.9470085901,100.15717463649186,768105.247032935,100.07420639936012,769373.7070738915,752731.072727387,100.0969581692301,100.01899141769935,773799.5542380377,100.12244211379098,769692.2956611335,753046.0141318241
267,1548266208.08969,258422,4199,0.016248616603849516,3.2079999446868896,32,32,0.00039225260416666667,850291.9330210378,100.18678827289698,835304.8969499754,100.04836482368205,838577.6615222876,821688.0315334327,100.09295252882009,100.05489879632812,823622.5139751465,100.07519681665684,837779.9265659023,824100.4887628545
268,1548266208.15642,256501,2672,0.010417113383573554,2.882999897003174,32,32,6.510416666666667e-06,856410.9518551576,100.4941739101466,845042.4670891815,100.37668423511307,848868.3418085336,835769.7352332766,100.43309591320516,100.35777473355172,845170.5426981661,100.39465005273281,849706.4219727381,840488.7869001147
269,1548266208.25653,255679,22036,0.08618619440783169,2.3489999771118164,32,32,0.0074169921875,878795.7288510161,100.50418696738402,746746.3655992984,99.7030370599639,792679.8679392101,729789.9202969946,99.87247018501813,99.80820166944987,746342.0770168916,99.86723544437208,771381.7017578505,731766.7163384948
270,1548266208.32327,257002,3145,0.0122372588540167,3.4679999351501465,32,32,0.0,893328.8136316397,100.29557655561896,883804.6994697858,100.20489334881557,885417.6698554556,863715.4129808616,100.25086442070122,100.14236401297745,886587.3936322441,100.22622020152153,887663.8685619577,869497.5776569279
273,1548266208.55684,257309,1979,0.0076911417789506005,2.5789999961853027,32,32,0.0,939994.3124826842,100.52095724589383,900920.1585304618,100.3767910167276,935521.7864508989,902059.0161381586,100.49094013105912,100.41087148446381,929159.4079291822,100.4939021162756,935326.304648292,922860.4784486406
275,1548266208.72373,258868,985,0.003805028045181328,2.933000087738037,32,32,0.0,885433.1920755454,99.91811108208809,881766.8015196006,99.88912784694496,883599.4135001078,870600.8332671984,99.90587045621578,99.87270710726303,845432.9951079424,99.79970770876395,882647.1025252775,851468.6031788063
276,1548266208.79047,257274,3598,0.013985089826410753,3.0369999408721924,32,32,3.4179687499999996e-05,855409.0638942248,100.27628243089993,841111.4651864462,100.12626220022646,844336.2671495515,834806.1914254212,100.20418262341174,100.13663631451892,846162.158424533,100.1978235249574,847312.6834572079,835805.2722486614
277,1548266208.85720,257361,3075,0.011948197279308053,2.7669999599456787,32,32,0.0,892349.2632948575,100.04607856011503,861932.6503429906,99.90393771230197,880168.9272500103,855371.2407876361,99.97756518916837,99.9041857446908,866566.9260568817,99.89427038059547,878351.4795948396,853098.1394580232
278,1548266208.95727,256363,54242,0.21158279470906488,2.365000009536743,32,32,0.09678059895833332,909709.87141997,100.28542375538362,470345.3014973322,97.50637477869044,587362.5160012197,522280.7468740625,98.25492011538233,97.68221458761145,565132.748977744,98.00754400648296,584820.9307720568,522282.3106854746
279,1548266209.02400,256193,967,0.0037744981322674702,2.2709999084472656,32,32,0.0,933688.4164211499,100.39866500076312,892468.623353795,100.29516426275391,932347.4514108286,923714.463521637,100.38517482244988,100.34969165631796,932617.1888278519,100.38788955584785,932563.6697918053,914855.7256327877
280,1548266209.09074,258696,27147,0.10493784210038037,2.0399999618530273,32,30,0.0007552083333333333,919106.7831844488,100.19136388988157,483660.96045637043,97.91875288088126,854574.1463683995,621162.0729782648,99.66196715575838,98.69129893773541,870551.3185492685,99.80703872278241,635954.7108892938,570902.4970774576
281,1548266209.19088,259583,4004,0.015424738908171953,3.23799991607666,32,32,0.0,922348.8571163972,100.2078688654735,910155.5883091784,100.09856293076533,907460.3715580273,892479.0282463005,100.13657593427439,100.08144752688825,888742.8204360605,100.02928757522604,906588.9516757512,883491.4249385509
282,1548266209.25760,258389,56749,0.21962622247851107,2.1700000762939453,32,32,0.10979003906250001,958797.590081837,100.18186781182453,446541.82691344735,97.3611577637351,648280.4752093046,563099.639309197,98.61930872042463,97.90132609092035,715542.6166385169,98.83710134072979,628441.4753858591,539446.2097742223
283,1548266209.32434,258680,1549,0.005988093397247565,2.1429998874664307,32,32,0.0,1034171.7354804069,100.5923772537682,984397.3822777717,100.40308896684743,1029243.2171375075,1009862.6471595245,100.5663501487079,100.46820082912924,1033710.4118364264,100.58463324211509,1028749.462639151,1016304.1117125599
285,1548266209.49116,258644,57830,0.22358918049519802,2.0399999618530273,32,32,0.09079915364583332,1111456.583113176,100.19628715498324,450210.992100376,97.31213879887147,585002.9588144766,540988.8028311768,97.98218678707534,97.75032802707929,661390.8817889991,98.57058318656773,632052.6161851629,525956.1990938839
287,1548266209.65800,260868,44135,0.16918518177775732,1.7940000295639038,32,30,0.0,1358070.159085834,100.370892108596,481665.74539139325,97.41986445230803,1218840.2608128837,818379.962065648,99.4252526286718,98.7069031461858,1242630.306094284,99.1462132200513,674950.2602183004,594299.5669621446
288,1548266209.72474,261107,511,0.001957052089756307,2.6389999389648438,32,32,0.0,1283451.111353813,99.75415643927496,1282010.389124721,99.71333793802832,1283395.6802392693,1279479.7168225003,99.75314032830863,99.72853205051042,1282800.5011827757,99.74713874242934,1283216.6546153945,1278718.0955142225
289,1548266209.79148,260190,19873,0.07637880010761366,2.4149999618530273,32,32,0.009666341145833333,1192330.4173322981,99.78743749488146,1054088.8363953212,98.9947414470544,1078612.342655607,1000563.9404527829,99.24408419886754,98.9838686548538,1095542.419574859,99.13667354541505,1091432.6739005018,1000317.6532496684
291,1548266209.95835,263145,975,0.003705181553896141,2.618000030517578,32,32,0.0,1224097.292579672,99.71560701458529,1215166.6499319097,99.6410324355104,1220471.9195081652,1198371.4930665942,99.68612484778905,99.6429920668219,1223972.3966731657,99.70747354625024,1220991.3534067157,1208400.9372156174
292,1548266210.02509,261449,2623,0.010032549369093017,2.680000066757202,32,32,0.0,1086582.6018495157,99.1225670190158,1072757.4135886806,99.01507119896408,1074346.0539532246,1032595.3867724981,99.06536133348085,98.95011107112789,1078772.8082788389,99.09993745175979,1074688.4849576675,1026007.9316247992
293,1548266210.15854,262115,61585,0.23495412319020278,2.240999937057495,32,32,0.0673876953125,911211.3855557775,98.76659790598157,112668.25162853843,92.79338039373485,492827.42982088577,272819.8718849493,96.53570561858427,94.787569458861,471329.63806412305,96.17934455451774,344024.7984006707,208954.01520183106
294,1548266210.22527,263396,53311,0.2023986696836702,2.240999937057495,32,32,0.05139811197916667,805301.9757353994,97.80271948960468,183113.25333814474,93.40027996547683,457311.23344940774,303149.8814321204,95.85655718078326,94.57808014907619,321047.3768398087,94.81517718845751,348216.1369713757,258705.49946551363
295,1548266210.32538,263403,36611,0.13899234253216555,2.2860000133514404,32,32,0.029095052083333333,748895.8207294772,98.40493016157549,496929.51890916243,96.70915732780495,612417.5279015299,578239.6978432164,97.48069203738169,97.14450290412763,609193.939833594,97.42764124591349,598601.2957893676,543060.7064633027
296,1548266210.39212,264071,39778,0.15063373107989897,2.240999937057495,32,32,0.030957031250000003,649861.6445455389,97.74751258039163,235160.97429860441,94.47542605937976,501108.76475139876,335096.1067516259,96.66651327439607,95.44400223172042,530264.9891895513,96.83879749233299,389021.12025575293,326951.7627258163
297,1548266210.45886,260507,59236,0.22738736387122035,2.2860000133514404,32,32,0.09408203125,508020.49787143414,97.90944113880727,180786.23672712783,94.08909460198657,346289.95478090516,273642.31093809917,95.74134991811327,95.2853939596324,183544.40143034648,94.12394683712357,358542.59955233976,282178.08352109336
298,1548266210.55896,260620,5452,0.020919346174506945,2.618000030517578,32,32,3.743489583333334e-05,632780.5857969105,98.45878849357362,604614.7948109685,98.22122346567201,621964.0550061415,612637.7011427992,98.3638630164235,98.32032258021069,629547.1145485737,98.40401812337262,621047.9506425837,609175.737465579
299,1548266210.62569,263162,3177,0.012072411670377942,3.009999990463257,32,32,4.39453125e-05,423317.1235819725,96.69981227426109,410259.4344021246,96.5855697851454,418800.93319043296,411299.7051522588,96.62675332882543,96.56637842170794,415669.0333649297,96.54960460113436,417608.01182171324,410879.95092228684
300,1548266210.69243,265884,3784,0.014231770245671044,2.6389999389648438,32,32,1.6276041666666668e-06,466419.3544033255,97.07872106976711,459257.2480390172,96.98304715524976,462996.4746244279,454232.4084486772,97.02749240794654,96.94855403474922,465644.0543131471,97.0627974858779,463111.7017527323,455767.21339596907
301,1548266210.79254,264054,7279,0.027566331129238716,2.6389999389648438,32,32,0.000869140625,595404.3043212079,98.11386441690384,573655.9594145287,97.84265102013666,584208.053135734,569218.2321213066,97.9516355757471,97.85455805209757,580673.6581699509,97.90098720065232,579796.550559828,571111.5498274371
302,1548266210.85926,263136,3434,0.01305028578377721,2.680000066757202,32,32,0.0,497695.5024001694,97.48550530412248,486712.4376896768,97.34530832231016,491825.62987118907,481109.9772107269,97.42066420072314,97.37497092645144,485922.53022204293,97.3507891182402,490066.0274123706,483535.38277741196
303,1548266210.92600,264220,935,0.0035387177352206494,2.5980000495910645,32,32,0.0,485120.17957025924,97.4878344720732,479955.9933231661,97.41828450367386,484678.3268846812,480939.4089330188,97.47921076922388,97.44193201032674,484652.7987193541,97.46448033102709,484437.9819006216,479657.2855034586
304,1548266211.02612,263447,1796,0.006817310502681754,2.7009999752044678,32,32,0.0,620068.7635895353,98.40205334913009,612270.2364560991,98.3290159033578,616931.5299951187,608509.2262640466,98.36811128840445,98.30751770136544,609524.0696572649,98.34957463863206,616292.6933995306,611626.5089255072
306,1548266211.15960,265852,3235,0.012168424536960414,2.74399995803833,32,32,1.953125e-05,617009.1170240806,98.3312322838806,611580.7322495133,98.2337976322577,610541.1710697073,604877.6011985186,98.27061474096041,98.23768301134193,609981.0195495109,98.27061550771933,610591.2061965237,605829.6161352742
307,1548266211.25968,266699,2893,0.010847434748536739,2.7230000495910645,32,32,0.0,508064.1405948367,97.34474933651296,499716.5510876515,97.24123307360172,499033.8600258697,492026.22657099046,97.2804176994629,97.15492722601884,499130.6700315832,97.2678659695448,497136.4384452505,488833.3657941919
308,1548266211.32643,266547,2213,0.008302475735986524,2.74399995803833,32,32,0.0,574895.2407947239,97.9481851982973,569505.0213762508,97.85249535961714,570128.8811552639,564820.6339368226,97.90242610711955,97.83508202910063,574236.5620020478,97.93782191388635,571004.0335646716,562769.0705038036
309,1548266211.39318,266294,1906,0.007157502609897332,2.5409998893737793,32,32,0.0,640432.401175489,98.5342395183705,633362.7159319163,98.39404261357046,637719.5488916838,620035.8637039618,98.49752785386944,98.41882628721817,632294.5498743749,98.48213276442542,637915.4363651102,622768.8633536868
310,1548266211.49329,265786,3783,0.014233255325713168,2.559999942779541,32,32,0.0,564164.1600661682,98.04610757927854,545878.1507296774,97.80876239191939,553301.1123768401,535397.1928207941,97.96181663933478,97.7799431139589,542589.1959073846,97.81956003359977,551560.4868940557,540427.4456749146
311,1548266211.52666,265536,4600,0.0173234514340805,2.559999942779541,32,32,6.510416666666667e-06,510148.3562720815,97.38297645005852,485318.65563905064,97.15571356627773,495157.3994014538,474810.5886421207,97.23209331006102,97.17335373741197,497215.4142659149,97.22206530858759,502254.4547249483,471389.4358416725
312,1548266211.62676,265195,7759,0.02925771602028696,2.3489999771118164,32,32,0.0017529296875,688730.2728287628,98.82910614554618,635950.2214097393,98.28598259056332,652682.5501579798,621020.6284403607,98.57095216313579,98.44206422675447,633338.8959118858,98.53227037350172,647045.9845945108,613389.8892684444
313,1548266211.72684,265477,803,0.0030247441397936543,2.6389999389648438,32,32,0.0,644828.7734961581,98.38820817859144,636365.9903760812,98.3149619248023,643754.8033679868,632887.1003895961,98.37724801990623,98.32773148775198,644305.6587620161,98.38146761003102,643247.4235412078,635565.9854683519
314,1548266211.79358,266699,2505,0.00939261114589856,2.7230000495910645,32,32,0.0,466243.58642888366,97.2050821863918,451279.8545875755,97.0531007963942,463002.45637904527,456216.8862287155,97.15060221519846,97.09343556917158,454995.1489891868,97.06792343805392,462680.5279610997,454399.62548299815
315,1548266211.86029,265650,2050,0.007716920760399021,2.6589999198913574,32,32,0.0,680959.0913233658,98.68879489874219,673293.3443360801,98.61144872955461,675595.5190958075,662990.784891608,98.64636424709136,98.57437179145016,671816.8016268455,98.62623357446492,674365.8741524041,659655.214447163
316,1548266211.96040,264214,2017,0.007633963378170725,2.6389999389648438,32,32,0.0,699372.0349671998,98.78781643113857,695317.4871942629,98.71555923278322,694531.7812390637,677316.4731504398,98.74656757201751,98.68282839855898,696268.4306481788,98.75276007353258,692770.7139760242,680886.1129626887
317,1548266212.02714,265101,31405,0.11846428342405348,2.0160000324249268,32,32,0.04354654947916667,676042.6790403066,98.57871803167036,211700.17689943293,95.48637456740741,513910.3338703884,387638.2423870793,97.52157337752016,96.88074624631635,458350.72942502995,97.34426209291576,472947.80542681704,322171.6232716575
318,1548266212.09388,265618,1819,0.006848180469697084,2.74399995803833,32,32,3.2552083333333335e-06,672120.477631604,98.42261117148362,669899.4976245817,98.37281646689951,669992.4411561795,665519.2777658628,98.3888225089279,98.3687047720793,670462.489475543,98.40447472956168,670147.3340969218,662860.5585420423
320,1548266212.26071,263231,1340,0.005090585835254966,2.5789999961853027,32,32,0.0,810519.5506447463,99.45116880850911,808053.1741763522,99.40982675611838,809887.140769325,805559.0776902523,99.4440994618395,99.40310199049249,809799.7137759485,99.43048043028729,810128.3723857475,803305.0098647319
321,1548266212.36080,262832,2084,0.007929019297498022,2.2260000705718994,32,32,0.0,801986.820227456,99.37465330031029,769193.2922631553,99.18003843941028,793005.6613571665,771762.5670225592,99.31918687588801,99.21453540924644,799447.626020745,99.30899811659616,791399.6150299616,775997.9466457263
322,1548266212.42753,263643,2256,0.00855702597831158,2.2860000133514404,32,32,0.0,847090.0818828334,99.57038427075528,821626.3974299006,99.36450790596892,840290.5990816468,810863.7976690065,99.52674574099572,99.32437335122916,834140.0168507732,99.52333948425479,840092.2625323073,831063.9569152403
323,1548266212.49429,263378,18119,0.06879466014625367,2.4670000076293945,32,32,0.014765625,766049.0378884334,99.09571873686508,706520.0753535898,98.46696681016553,713150.2677706403,668247.0434217902,98.61962729032962,98.53118756318179,710392.6189488859,98.67120712424625,715220.0501607746,675529.2177911167
324,1548266212.59439,264740,1190,0.004494976203067161,2.74399995803833,32,32,0.0,705529.4843969919,98.70449494225186,705174.1145006238,98.66430109025518,702825.3040969961,695747.2036371466,98.68595801736774,98.64826989543204,698138.2800904859,98.66295711800714,704309.1580637349,696183.1357314549
325,1548266212.66113,263127,16425,0.06242232838135197,2.4670000076293945,32,32,4.2317708333333335e-05,822913.9089737597,99.2894824338644,773166.0809141427,98.76670364919605,736205.3203931056,595826.2477898657,98.85501095648351,98.20851193025867,558431.7810187459,97.99182392919691,752018.2929902392,653229.6961099259
326,1548266212.72789,263884,4908,0.018599081414560945,2.74399995803833,32,32,6.510416666666667e-06,748044.4495909563,99.02240906050201,744241.7827062331,98.97430112323083,733035.7954622858,710894.2895364732,98.92580186066789,98.7643675118517,743257.0168404005,98.97737942284621,739777.1422949228,701048.9491884876
327,1548266212.82800,264504,5335,0.02016982729939812,2.3329999446868896,32,32,0.0015511067708333334,664322.6789296188,98.37280518556067,635145.1659174346,97.92054134015181,647620.3011192144,636019.8964909578,98.13877926275987,97.95189689031248,656886.4543682918,98.16644613820442,651936.2703421068,641872.0002343233
328,1548266212.89469,261165,10177,0.038967702410353605,2.1700000762939453,32,32,0.006342773437499999,889442.8977572884,99.6374779443339,838708.1782382219,99.17477806410987,855762.7392329269,838853.6761358867,99.37556772779237,99.22988775698029,836948.2395370976,99.3903548081812,856927.9818641547,825746.2973628283
330,1548266213.06154,261663,3909,0.014939062840371012,2.7230000495910645,32,32,0.0,939789.8731481181,99.91659551162422,919988.3432753348,99.80824936726324,924576.0966237666,873909.4460385909,99.84623688415968,99.58187624798964,936472.242158491,99.88073785335276,932887.5152751162,916776.6162490167
331,1548266213.12829,262613,555,0.0021133759562550216,2.1700000762939453,32,32,0.0,942304.032977963,99.81838596374251,934912.4896911547,99.76274597689005,941628.4373043616,935856.4758178769,99.81015561627683,99.77231046997508,942186.521113652,99.81705656178092,942143.5315985857,937095.5041357675
332,1548266213.19503,262030,1118,0.0042666870205701635,1.9589999914169312,17,14,0.0,923344.4509693496,99.65435410302575,919886.0693254311,99.45419356884801,917921.0891103802,911008.6698484976,99.60224323877891,99.55019072026745,918398.6132536139,99.56070426784065,918489.7080419601,906455.2244854576
335,1548266213.42864,263920,551,0.0020877538648075176,2.680000066757202,32,32,0.0,680599.4033212388,98.34685539648407,678453.0850628456,98.33129775568861,680432.5021222739,672968.1275776048,98.34411347042345,98.313837451174,680566.6815676842,98.34096409276424,680154.5967083494,674621.7712886442
337,1548266213.59548,262687,802,0.003053063151202762,2.484999895095825,32,32,0.0,903532.9099469538,99.47531492166596,902798.09749514,99.44784767134048,902382.9543151939,894796.547442113,99.46653327043566,99.41157495905387,902226.8275081612,99.46885298962233,902578.4325803979,884702.6178714109
339,1548266213.76233,264318,2437,0.009219954751473605,2.7009999752044678,32,32,0.0,661938.5160048532,98.14389487166508,657106.6477846128,98.05984890564257,659245.0913889565,639923.0923208322,98.12445335353677,98.01771154680286,643395.89307739,98.10050996038161,656832.7334867523,647223.7420003038
340,1548266213.82908,263161,2347,0.00891849476176181,2.7009999752044678,32,32,0.0,764391.3952621393,98.84397076289538,753243.3382399388,98.71729373937556,756886.8625348319,746400.1551863701,98.79939906549015,98.75726664510776,759549.9789794587,98.8139874723672,757410.6282316758,746494.1239657203
341,1548266213.89581,265726,2740,0.010311373369561127,2.7009999752044678,32,32,0.0,545186.8740445342,97.51554981954588,537270.1154338961,97.36897407785341,540748.4204313764,533550.9781465592,97.46905356548211,97.39500098257568,529864.8083431796,97.4447831340492,538755.326901305,528572.6026496465
342,1548266213.99592,265678,34997,0.1317271283282771,1.9589999914169312,32,32,0.03605143229166667,587395.0525701839,97.64295299482427,177058.5061310216,93.89660974278573,462468.5049439407,354848.44649754034,96.5990032901523,96.0301894201438,385219.52562941174,96.4179833471689,375971.21963584493,295964.8895136776
343,1548266214.06262,265044,35723,0.1347813947872806,1.9700000286102295,32,32,0.03880696614583333,702201.0290332326,98.38020259851066,162278.2673182035,94.10857877065021,536475.7102374663,409429.2154177506,97.28412928232535,96.28622285922539,613828.9360784759,97.80334953696789,415791.9179354492,305946.8645271409
344,1548266214.12936,266091,2305,0.008662450064075823,2.618000030517578,32,32,0.0,605459.6382575546,97.66983466737756,593621.5543405067,97.54133860690249,601635.0278461657,592401.0274001883,97.62135750066895,97.58359330821287,601579.4882228677,97.618361846144,597263.5236563268,590509.7495834924
345,1548266214.22947,264586,502,0.001897303712214554,2.6589999198913574,32,32,0.0,787884.4197242372,98.52428008975215,780580.5573400593,98.47780486891659,787307.5662039504,781184.5297042932,98.51654855321362,98.49748540091142,785249.2832682095,98.5030509847414,787211.8155523499,781937.377845634
346,1548266214.29620,265720,616,0.0023182297154899895,2.052999973297119,32,32,0.0,635156.1067352066,97.66427193510026,627247.5123029506,97.57787604014186,634557.6127525636,628529.5507104931,97.65417781290992,97.61874716157429,635131.643232433,97.66303285206902,634496.2058795621,628982.2349251703
347,1548266214.39632,265681,2852,0.010734678053756197,2.5980000495910645,32,32,0.0,695344.32725154,97.446506885468,667794.2351845541,97.1773363281325,687532.4170307309,670265.8001204755,97.38381313718605,97.28437492668084,679456.974975511,97.34586098132796,686485.8801491484,674135.5909398469
348,1548266214.46306,265803,41648,0.15668747154847762,2.005000114440918,32,32,0.052412109375,674399.5680848751,97.23385875397433,154529.37362680837,93.10520071975999,478352.5698013804,323035.05293694994,95.77995812861302,94.71913590099236,376869.1478449967,95.30502545365158,378054.85931061197,228118.62856894318
349,1548266214.52980,265452,5845,0.02201904675798261,2.882999897003174,32,32,0.001015625,678651.7332462412,97.55258846977108,660747.6379737026,97.3396207322497,664014.7011418156,644977.2354644185,97.43192533145553,97.36706579810226,665125.6256115172,97.44921183632584,662516.3127007296,634308.3777797439
350,1548266214.62993,266085,4346,0.016333126632467068,2.6389999389648438,32,32,0.0004166666666666667,726659.6703355996,98.19877165370129,711635.0009658324,97.97806445078203,718468.3789425828,709181.7069456637,98.12291220019384,98.04218487263957,713605.1107129968,98.08486143940983,716807.0113429718,707353.6046913064
351,1548266214.69665,265009,2278,0.008595934477696984,1.9930000305175781,32,32,0.0,754106.321857365,98.33926219282816,711865.238188682,98.02991845155266,743255.3695031925,726691.5519228072,98.26529389064206,98.15027079737526,752039.222880316,98.31420879657556,745102.2432100547,716518.2630509282
352,1548266214.76341,264934,1659,0.006261936935236701,2.065000057220459,32,32,0.0,774340.5625266258,98.35102032279624,758684.1824377814,98.15056680677576,768002.8848858788,752111.5344998782,98.30361899023578,98.22985174783508,764632.7061008224,98.2996575586157,769817.9243801879,755060.1052159372
353,1548266214.86350,265083,6146,0.02318519105336819,2.6589999198913574,32,32,0.0005240885416666666,667488.7871502351,97.94790327679479,639837.159200511,97.63357983907385,648491.643455223,640305.1131564957,97.80505305228665,97.72115706873069,654751.9445571424,97.8277037945839,649039.919555815,638736.2524219537
354,1548266214.93022,263428,4349,0.01650925490076985,2.6589999198913574,32,32,0.00011881510416666667,934887.3808100492,99.2904699055814,913923.5280089392,99.03345670114129,928565.5436161223,920083.4785680183,99.22053752627677,99.17412413296522,932509.661557678,99.26919445093598,926616.949782226,911574.1020356367
355,1548266214.99700,265360,7926,0.029868857401266203,1.9809999465942383,32,32,0.00012369791666666665,675958.7337745245,98.10725311270768,619114.8435386654,97.463216237066,659253.1577910731,622010.9406008839,97.96377912025127,97.60314336635707,665766.9120096727,97.99557502850618,622264.7827895278,608163.5309694934
356,1548266215.09711,264675,5431,0.02051950505336734,2.680000066757202,32,32,0.0001904296875,853893.390242439,98.98246075650928,824521.9553349003,98.66381522480026,840640.2220466352,829091.9130059554,98.87284453286608,98.82519174512105,846044.3340926382,98.89630957443819,840072.6288028122,825466.3565577515
357,1548266215.16385,262440,4667,0.017783112330437435,2.680000066757202,32,32,0.0,986991.9869057888,99.53748503055033,969939.3479684885,99.35889581745559,960968.6036774429,931270.2213118064,99.42019113513143,99.2347261960367,982717.203945289,99.45750249766668,969976.3114736527,929253.1794318963
358,1548266215.23058,262868,2997,0.011401159517324285,2.6589999198913574,32,32,9.928385416666667e-05,959548.2020870695,99.40447935157593,946850.0021527128,99.25110174107348,956378.74539418,948034.6609474785,99.36557870647633,99.29286704538961,950526.5568799934,99.31848882769097,957735.179907992,949226.3578132745
359,1548266215.33067,263270,11377,0.04321419075473848,2.7669999599456787,32,32,0.004493815104166667,964423.1269360282,99.28904492404115,920323.0395089495,98.82679252190874,930294.8783817675,911679.7452302496,99.03382875972878,98.85187568661225,929537.2841498477,98.91714287345428,931465.2058096346,911801.5419572927
360,1548266215.39740,263719,4288,0.01625973100155848,2.882999897003174,32,32,0.0003434244791666667,851312.4415530964,98.86774664505865,838289.8675211727,98.78024993600388,839788.3799085559,828877.8262186268,98.77204049813832,98.70972461069343,841927.9033050383,98.75258128619757,841323.310692906,830661.6433889613
361,1548266215.46414,263113,932,0.003542204300053589,2.6389999389648438,32,32,0.0,891047.2243572145,99.04105283894373,883908.3991558597,98.91949898352615,890132.2202751159,884607.183359745,99.03052119749299,98.9899568500077,887948.9417584136,99.01575489828417,889836.2057189317,886834.348231374
363,1548266215.63099,262583,15871,0.06044184124638686,2.618000030517578,32,32,0.006993815104166667,903725.5679180702,99.13115508725136,821316.9207365715,98.36697058425366,837796.0242844548,786342.0188827387,98.68800415850824,98.51894502329415,852716.117346965,98.69755614822448,847811.1817621517,800264.1157422928
364,1548266215.69771,262203,35192,0.13421661842160462,2.0280001163482666,32,32,0.044895833333333336,926822.9643797717,99.25388621007322,298535.01418393705,95.84500067385926,665217.8345144668,475554.1917149503,97.98663425046976,96.79745493602847,374513.7348211758,96.49075154274568,537844.5341215981,416276.6327827614
365,1548266215.79781,262728,43168,0.16430681160744193,2.0399999618530273,32,32,0.06064453125,871247.912083925,98.81787126077771,172874.70633512284,94.10387014277815,582084.0473207582,397432.13194405695,97.15830960033497,95.84643538633222,552819.4252639683,97.17596497136375,472131.08479478286,342097.7215744929
366,1548266215.86453,263439,44780,0.16998242477385656,2.065000057220459,32,32,0.0549951171875,863547.9057823708,98.70987992552261,184971.68926148737,94.24018195118327,632853.7512904769,445976.75411525235,97.31652425391962,96.3231384580686,223288.25283515398,94.74174540424349,494840.8818777844,370628.9062257757
367,1548266215.93127,263948,37018,0.14024732144210222,2.065000057220459,32,32,0.05881998697916667,825418.5901775615,98.60568937613334,243077.03530629768,94.87272829914929,564439.4012575678,393784.18241243344,97.00423697853552,96.03049768194963,445124.41545706353,96.28952157489488,572522.4119012703,350751.51951263024
368,1548266216.03139,264861,43394,0.1638368804769294,2.065000057220459,32,32,0.061554361979166666,680671.5697774846,98.04074312633394,160149.93036354685,93.661867371623,473069.7358299827,292336.2048832916,96.51744018579288,95.04971153595069,525773.3898127624,96.76281224081069,384590.0254189166,259114.88178184305
369,1548266216.09813,263573,39871,0.15127118483304436,2.115999937057495,32,32,0.0503662109375,862539.6776927263,98.93418056897261,268514.7241529846,95.33799816176088,657840.8670675661,339800.3170896611,97.6810799023987,95.99988864731814,429948.68545589386,96.33447814582186,552654.9432152061,309209.9601182723
370,1548266216.16487,263500,35735,0.13561669829222012,2.078000068664551,32,32,0.05018229166666667,875163.4885374128,98.92819446842249,260777.49653363173,95.30373401329273,583959.0141556524,433378.7512449294,97.42018567660065,96.397583639196,717322.6838426422,98.13107152438101,525581.2305137934,408618.75858793716
371,1548266216.26498,263832,11829,0.0448353497680342,2.7009999752044678,32,32,0.004674479166666667,821046.9971552257,98.71070825719514,757949.3852107977,98.11622431383034,775624.1244376702,756128.5069005558,98.42799573235118,98.3173906791252,757223.8605575169,98.19632482832387,777003.1497972198,743593.9041328875
372,1548266216.33171,264097,6155,0.02330583081216371,2.6589999198913574,32,32,0.0017008463541666667,788372.0473729591,98.52127534284122,752034.1756755234,98.18370047414842,768688.4836999022,736071.2970828705,98.35848528914956,98.29821641413982,755048.874515274,98.3467327539402,765523.8063917037,733663.9295143915
374,1548266216.49854,264618,2755,0.01041123430756789,2.0899999141693115,32,32,0.0,772492.3062183408,98.63540275327259,726902.6898718145,98.38927632431516,761833.7026960801,733311.2723557564,98.56985013666807,98.42600418106646,741077.4284553967,98.49200978100254,760959.366162233,735817.2090215168
376,1548266216.69875,265605,3261,0.012277630315694359,2.6589999198913574,32,32,0.00010091145833333333,821395.0035143521,98.7350134845139,807254.7614437271,98.56332457823535,809291.5983186162,789412.2521900679,98.65541361072088,98.57821801432226,801612.6455515713,98.63405279896219,809671.0458442064,787776.6664305181
377,1548266216.73212,265762,38463,0.14472723715203828,2.005000114440918,32,32,0.042018229166666664,733734.1326855472,98.20137265592817,184025.84848458582,93.83042912820241,518008.3922622269,317118.4569696561,96.79778658367542,95.04413762097899,498127.5295053966,96.70204864355554,403571.69141400326,350145.8069543493
378,1548266216.79885,264614,40801,0.15419063239284392,2.0280001163482666,32,32,0.062578125,702970.3388724393,97.9130687512583,183087.85044181117,93.6812738221957,423272.92482422624,306121.4768615662,96.03630174505952,95.13624110448553,392173.8642276339,96.0891984764439,385537.0797314834,326372.7144953674
379,1548266216.89895,264193,6905,0.02613619588709769,2.7669999599456787,32,32,0.0009147135416666666,799677.0013531616,98.36555188582362,780002.1874457693,98.07547449742424,778560.5702957143,765304.4388993883,98.22201945894753,98.12857582870167,793785.8439476746,98.26569509721661,779974.1170809001,764646.5974235014
380,1548266216.96568,265000,5200,0.019622641509433963,2.6589999198913574,32,32,0.00038736979166666667,826095.8409446283,98.50607946277711,794285.604352796,98.2392015097199,803735.7028966744,777411.2310640845,98.38636165278456,98.25233542872657,816923.1796328343,98.42619912544185,809603.9921051979,782792.5690712815
382,1548266217.13253,263605,971,0.003683541662715047,3.119999885559082,32,32,0.0,899173.7653549003,99.28559184749311,897446.9903616371,99.24535126295007,896109.6006943175,884226.031656802,99.2579957678528,99.19313361314167,895386.0878105082,99.26300146845516,898274.4266361233,891866.4187756729
383,1548266217.19927,263993,9277,0.03514108328629926,2.9579999446868896,32,32,0.002195638020833333,891310.6940659164,98.95219964108777,858447.6499491549,98.64459965760054,861111.9038791484,843199.6166965256,98.75593081427022,98.69122812042575,847525.198178671,98.82076382752092,861306.0177291627,844353.7157898118
384,1548266217.26601,264306,37779,0.14293659621802002,2.0160000324249268,32,32,0.043427734375,894053.6516807171,99.01603527723762,214202.32434035925,94.88761191600341,577790.3263347502,400951.15095584857,97.10264722484737,96.1911188511736,423093.249707636,96.28950182560615,480123.34544537996,362009.3898607493
387,1548266217.49958,263553,1625,0.006165742753829401,2.5789999961853027,32,32,0.0,923555.8946071963,99.2085815166995,922147.1304755908,99.10992269453423,921754.632461333,889443.167092,99.18451098805812,99.05235314766443,923095.9387208391,99.18898973516478,922355.0941620434,911848.0268363616
388,1548266217.59969,264381,1820,0.0068840045237744014,2.5789999961853027,32,32,0.0,873861.0277993395,98.96145987216718,869184.7053277976,98.88663529728736,870219.517927113,863370.3447072322,98.93928753813242,98.9009472169118,873383.2783477615,98.95324325746071,872959.3731696266,849322.6690895807
389,1548266217.69981,263647,3156,0.011970551532920913,2.6589999198913574,32,32,9.765625e-06,942256.5844354429,99.30340428625667,936653.9177376216,99.19966464579339,931222.0262003657,922916.6643812796,99.24272545563525,99.19606550788491,934956.1135520098,99.19944429489763,931077.865194555,919678.4323072116
390,1548266217.76656,264588,1723,0.006512011126732883,1.812999963760376,32,16,4.8828125e-06,874778.8748728117,99.04251040043174,853598.4577205734,98.86237641883304,856278.0763348138,848224.0605577755,98.94544491380647,98.8404927626328,867250.9015624224,98.91354531689666,855786.3823803004,842825.0969743064
395,1548266218.16695,264182,1754,0.0066393622578374,2.5789999961853027,32,32,0.0,826040.929756319,98.69960425575833,824496.8262783212,98.59561724156042,823003.4262008707,795901.0579977463,98.67125567131836,98.43191702669121,825751.0885075879,98.69494804215307,824322.2401539222,807384.2201468993
396,1548266218.23369,264471,1961,0.007414801622862242,2.680000066757202,32,32,0.0,966721.858008157,99.3054527539386,961172.0274133746,99.2089039199301,963142.7774243674,957588.4358710037,99.27871188248275,99.25553227610068,959991.2149294893,99.23742618606865,964062.7599581323,955972.9993034393
398,1548266218.40055,264012,1791,0.006783782555338394,2.680000066757202,32,32,0.0,834183.0523470389,98.77190883606421,831372.4005864154,98.67576795118026,831511.4428276072,813851.303782455,98.73854962616542,98.5971801284077,823816.6963009464,98.73395843565962,830888.3885811719,813246.4655597256
