frame,stem,n_valid,n_removed,removed_frac,depth_med_masked,n_null,n_dmatch,overlap_med,lam_all,logdet_all,lam_gt,logdet_gt,lam_null_med,lam_null_q05,logdet_null_med,logdet_null_q05,lam_ctrl,logdet_ctrl,lam_dmatch_med,lam_dmatch_q05
0,1548266469.88217,261303,6178,0.023643050405085284,3.063999891281128,32,32,0.000439453125,2064110.3066696296,101.95836040572007,2041790.8777202023,101.84709456030802,1993729.3895548931,1915084.395337476,101.80938634341145,101.68527050031825,1877342.2731087822,101.66055794867171,2012404.6101279294,1910159.880402599
1,1548266469.88217,261303,6178,0.023643050405085284,3.063999891281128,32,32,0.000439453125,2108627.3258565697,101.80594831602929,2079849.621982543,101.67945653677661,2043407.8338115178,1944374.4539801462,101.66436811497424,101.5093187793724,1899541.806702853,101.49009911529762,2051506.7798333932,1967198.3380616799
2,1548266469.91552,262217,5734,0.021867384647067122,2.7669999599456787,32,32,0.0,1915334.2827113823,101.40968085569983,1849414.516444997,101.14616474805355,1871462.8283512406,1671458.7017025172,101.2672564270751,101.0959618144763,1904241.7858485251,101.28152467102716,1878660.5188442436,1746305.6995372623
3,1548266469.94889,260917,28591,0.1095789082351859,1.687999963760376,32,32,0.05888346354166667,2068308.0755199592,102.15851780403158,550965.6858511018,99.12489848046692,1260025.4218576243,927314.6174923499,100.64420277463705,100.08266055852219,1791875.852794619,101.46393618399095,1500276.7063547778,1066528.9370695713
4,1548266469.98226,261992,4969,0.01896622797642676,2.7230000495910645,32,32,0.00030110677083333335,1919641.077457045,101.35234179332326,1901698.6047496197,101.17540654799407,1891174.8801965537,1779403.7131079796,101.22494134955828,101.08306485645429,1909966.450568737,101.26451818785631,1895831.0418839008,1796389.4520952008
5,1548266470.01563,262961,5410,0.020573393012652066,2.618000030517578,32,32,0.0,1751618.1022373203,101.21920404136718,1704027.237466858,101.03688391145573,1721648.1751968449,1654548.448022545,101.10786102063813,101.02552592596024,1740731.6426620684,101.14212123645669,1730895.4972854392,1620606.1966761923
6,1548266470.04900,261683,7995,0.03055223304532583,2.5980000495910645,32,32,0.0008235677083333333,1854394.9516801345,101.63545076175349,1757994.448433409,101.05769257621067,1840846.8067260948,1750502.8626600772,101.47692145616853,101.26982387874702,1839154.1115197607,101.4590620622516,1838872.1573606872,1793165.352746228
7,1548266470.08237,261054,23804,0.09118419943766423,1.6959999799728394,32,32,0.009248046874999999,1980826.5570538763,101.8982498894865,576368.6467278064,99.28411294262858,1597881.603632866,1234675.741604683,101.26611170473807,100.78367127466852,1627056.4284928716,101.24712692604277,1566769.251897871,1140072.690428919
8,1548266470.11574,261139,568,0.002175086831151226,2.7669999599456787,32,32,0.0,1912945.1176721675,101.97594024724502,1910276.926774855,101.93252018145579,1911947.4468332967,1906425.6527939003,101.9697951516489,101.95495139431827,1855043.80551225,101.92194906833376,1912278.7980760187,1880311.0777824048
16,1548266470.41606,260592,1298,0.0049809664149321545,2.8589999675750732,32,32,0.0,1802661.581421989,101.61148326631792,1796588.309436635,101.53093938834769,1798282.1778931334,1767928.0962577453,101.57727021308004,101.54817652062528,1796559.3906255614,101.57859934864976,1799174.0646607582,1775099.6589323361
17,1548266470.44942,258846,785,0.003032691252713969,3.3329999446868896,32,32,0.0,1927406.3308813234,102.18198045019466,1924469.921261637,102.15486844413826,1926309.757510821,1923666.0741303307,102.17291444216909,102.14822822199858,1926972.0992764789,102.17410917272348,1926336.1756629944,1923180.797574066
18,1548266470.48279,258035,5690,0.022051272114248066,3.009999990463257,32,32,0.00040364583333333333,1717295.848143654,102.09375834637747,1695347.8090019382,101.94800821381111,1661448.827403317,1577120.469674221,101.95328700059957,101.80657746847533,1626082.062319479,101.8869062570738,1652683.4680782836,1518000.522427177
19,1548266470.51616,260844,7443,0.028534296361043383,2.5980000495910645,32,32,0.00016927083333333334,1564080.9250630464,101.0599647453491,1436239.1012169472,100.70560325235574,1510573.36827238,1421210.0500836095,100.88905792351991,100.76620325555277,1418666.8618474996,100.76940789998355,1490641.3163965368,1419605.5668075676
20,1548266470.54953,260970,6131,0.02349312181476798,2.7890000343322754,32,32,0.0008024088541666667,1754994.6992048463,102.08310359126159,1726963.579540809,101.89375547222878,1691144.5739553007,1581450.597104473,101.92185710006663,101.77226107204973,1718925.32398141,101.97149863608773,1687403.251000674,1565356.1717526063
21,1548266470.61627,260514,5428,0.02083573243664448,2.7009999752044678,32,32,0.0,1481249.5694343166,101.30731936670688,1465036.943153246,101.16231072869425,1440253.885827209,1301162.3076360226,101.1596875291057,100.96731837347147,1371944.7981976864,101.07164194100534,1448757.3946948783,1381589.608531472
22,1548266470.64963,260104,3991,0.015343862455017994,2.6589999198913574,32,32,0.0,1490960.9051654548,101.59905121407763,1468685.9475079842,101.39761126016818,1453161.1510811253,1333629.9060422867,101.48238094959667,101.33417551195642,1450161.424952638,101.45817719147395,1467956.9356104569,1354774.008994795
23,1548266470.68300,256455,4921,0.019188551597746194,2.5980000495910645,32,32,0.0,1620645.0632438525,102.059956895954,1556789.8076667243,101.8647546799414,1598312.3647258752,1463964.9771224004,101.96016315993208,101.81383952676768,1579232.477991599,101.98792799892956,1588759.4582405405,1502903.8834134436
24,1548266470.71637,257369,3473,0.01349424367348049,1.8730000257492065,32,2,0.0,1615413.8144966417,101.93255772007478,1540497.6447919195,101.73427807399527,1610226.612029055,1576557.5429438276,101.90734001528217,101.81533863805396,1612489.7958618728,101.91600835499284,1572195.5080948174,nan
25,1548266470.74974,257712,4401,0.017077202458558392,1.8830000162124634,32,6,0.0,1609893.079332707,102.07613016590281,1526013.9457789112,101.86112203147145,1586805.3886103374,1530928.3592483709,102.0182751763506,101.88914453454444,1529379.5733723366,101.84012577660471,1547048.3543715882,nan
26,1548266470.78311,259258,4144,0.01598407763694852,1.8830000162124634,32,26,0.0,1345230.5588450748,101.27436935863946,1281530.0622918154,101.08129587930284,1336292.4362684654,1222810.8891871742,101.19519136920245,101.0427780326716,1333972.4988655443,101.15984290198597,1294280.8691790244,1228778.8378489092
27,1548266470.81648,257581,6177,0.02398080603771241,1.9359999895095825,32,14,0.0,1517709.367234154,101.9088082168245,1454319.3874305168,101.72906562014215,1495212.0983857177,1360956.4988684058,101.8264071687363,101.59300926670602,1404313.9982849201,101.63382838517498,1330938.4731251057,1275803.236314378
28,1548266470.84985,259334,4188,0.016149058742779582,1.9259999990463257,32,31,0.0,1486088.3058728557,101.77832178152669,1421973.4209335428,101.63674358528657,1473287.4788251198,1336609.0174383218,101.7239155582036,101.52891309134564,1348891.228077179,101.5598629383676,1336314.0766555099,1272008.8748503642
29,1548266470.88322,260219,4230,0.016255538604021996,1.9470000267028809,32,28,0.0,1283619.3757891918,101.00020310094136,1234076.8178961168,100.84396271099351,1270823.0803275474,1207269.542122782,100.94114348428388,100.78388318650413,1195337.713710812,100.80533137384614,1219059.2660277355,1129718.7318638486
30,1548266470.91659,259243,27325,0.10540303884772202,1.8630000352859497,32,32,0.01853678385416667,1350652.0255871695,101.55226550292753,465705.81762698997,98.90921160212764,1112999.8535879338,990132.3986830664,100.68229464969214,100.36510664090783,1167685.5964713956,100.84036826072139,1037747.1331267448,773136.0212941312
31,1548266470.98334,260935,27512,0.10543621974821316,1.8530000448226929,32,32,0.044501953125,1236605.4458746898,100.92591240004185,461517.3716376117,98.52481178235166,929481.1878036358,774128.7926347842,99.95262719513374,99.5059965588105,947285.2858057849,100.04136514990991,934505.7555523112,783720.586020365
32,1548266471.01671,260334,25740,0.09887298624075226,1.8530000448226929,32,32,0.03972330729166666,1240170.926871493,100.89892997909496,457183.4091484417,98.458326442056,947717.1028156757,817205.3714708586,99.98820819584947,99.6046838563374,941367.7698129503,99.77322177448812,889000.691042351,696644.2259525129
33,1548266471.05008,260806,24851,0.09528538453869927,1.843000054359436,32,32,0.04515950520833334,1235693.49852974,101.0998906904973,457456.0538826565,98.60008595291988,940031.7391931601,690688.08446478,100.12388914433329,99.43242401965958,737120.3358901078,99.44090267834657,970895.6366509462,678754.4414557269
34,1548266471.08345,261335,38628,0.14781028182218225,2.0160000324249268,32,32,0.05983561197916667,1149174.4266725741,100.88788187189492,367429.4158597623,97.87064253348069,831013.2408286538,675836.1134243301,99.50184600188408,99.14081371472707,588129.9045505192,98.98020876913938,764026.6624935404,567867.1804223332
35,1548266471.11681,260760,39735,0.15238150023009664,2.0399999618530273,32,32,0.051357421875,1117013.2196380303,100.68324225654865,363060.69215230143,97.72645829778214,837511.1549051467,686722.7656633692,99.54108578728741,99.21406868537889,866899.891540606,99.66900572079082,731251.2392519736,474908.3364605251
36,1548266471.15018,259434,40741,0.15703801352174349,2.0160000324249268,32,32,0.06559407552083332,1221169.5322737326,100.79941809673953,358733.4986318118,97.42065700468225,850604.2743794329,671275.9209916583,99.39479213707094,98.70051636569515,871524.0449784256,99.51251846996162,776554.0828771326,591585.4514949779
37,1548266471.18355,259950,29171,0.11221773417964993,1.8730000257492065,32,27,0.018826497395833336,1288902.4055273763,101.19359690587588,425353.6919669514,98.33479556091848,1057539.6485667678,981755.5241993489,100.27018674353357,100.05548876069994,1101569.0405808375,100.30974792374056,922714.3978807365,777460.2818529115
38,1548266471.21691,260254,29096,0.11179847379867361,1.8530000448226929,32,32,0.031178385416666666,1279221.7893689745,101.1578695559296,417472.89569916675,98.30732776483535,1035672.1954932825,856057.2158935501,100.25863704680161,99.84937298488781,953955.5412016043,100.1597382553289,967612.9126990398,744052.8411093865
39,1548266471.25028,259921,2790,0.010734030724720204,3.177999973297119,32,32,0.0,1302922.829091141,101.09242927521103,1292595.4836493628,101.02073633970937,1280467.1054990166,1243888.9432775923,101.01167503584448,100.94506315492303,1294006.5666177513,101.06792217805585,1285828.7829561434,1262400.626718135
40,1548266471.28365,259657,2952,0.011368844283034927,2.7890000343322754,32,32,0.0,1354748.4611583177,101.40700338592973,1343365.9343685976,101.28137877908267,1345231.752232581,1304953.3969423957,101.34766654101317,101.29377007694201,1352470.725121267,101.38896870761633,1344331.9153527822,1311132.1274351296
46,1548266471.51724,259756,2476,0.009532022359445018,3.0369999408721924,32,32,0.000302734375,1506546.8192654,101.1171830240697,1497717.4124382895,101.01496691965094,1500735.5653787968,1493150.4310169758,101.07469820489166,101.04121455468336,1504313.5934106782,101.0904182556852,1501852.5074572507,1492710.311582212
47,1548266471.55062,260428,12417,0.047679205000998356,2.5789999961853027,32,32,0.005641276041666666,1537671.4992632885,101.13434146713657,1510742.8960759502,100.89385871812972,1512599.4273868958,1473328.0922930527,100.89141984535115,100.79279790929684,1513685.9223489482,100.86349646892661,1515942.0366228702,1482682.3558802833
48,1548266471.58399,259869,28695,0.11042101982152545,1.8630000352859497,32,32,0.0386962890625,1602699.0129904423,101.71589245992695,496477.26060030033,98.75508062022678,1253798.7052543466,908030.2637387426,100.67498199347288,99.96105428895942,1001949.0577121358,100.14738195337488,1249739.1281457625,824768.8635737508
49,1548266471.61736,258757,25215,0.09744663912473865,1.8229999542236328,32,32,0.011424153645833334,1563771.5055276412,101.74828662146311,517021.0289355938,99.16441960597587,1395752.7187528505,1071090.1186840695,100.99923312634043,100.57594222675141,805065.3138776121,99.96112063028929,1221067.920351989,909017.5419839656
50,1548266471.65073,259950,25162,0.09679553760338527,1.8229999542236328,32,32,0.012560221354166668,1587497.1463404677,101.89405668899786,540333.1587285602,99.20691743842451,1400495.792941728,1091511.7763538894,101.13666110019224,100.79957129607153,1499240.5330863222,101.26868693076025,1209021.1015277992,914309.187353354
51,1548266471.68410,258548,5322,0.02058418552841252,2.9579999446868896,32,32,0.0006852213541666667,1343642.172931155,100.2706345198761,1317352.8903312397,99.98703357844616,1330816.4780148068,1289923.9688233763,100.14508466924025,100.01774788121057,1324843.27281683,100.05970858646134,1326116.7201692548,1296027.7241735705
52,1548266471.75084,262742,4357,0.016582807468923887,2.882999897003174,32,32,0.0002880859375,1332325.3247826558,100.94993837281062,1294227.6703134694,100.71810401828775,1322070.6242788536,1296411.8184552805,100.85629082612257,100.80857570865004,1328908.8963197055,100.89820604529231,1319750.2291562045,1294997.5802373206
53,1548266471.78421,259571,2099,0.008086419515277131,2.7890000343322754,32,32,0.0,1339409.7487058819,101.15709209293497,1331089.4348870874,101.04936958172115,1334365.2710745651,1319574.9774506208,101.10567933916593,101.0728844219575,1332715.1644079366,101.13003289653909,1334871.9145097365,1316176.1564920293
54,1548266471.81757,262936,10998,0.041827669090577176,2.5789999961853027,32,32,0.0010856119791666668,1042077.1727323434,99.29358313649426,989846.6503573668,99.00744794888308,1011400.6727750633,911776.3448111076,99.08468327896472,98.94051757303438,991364.0522204788,98.9940945012988,1028868.9443861651,958429.198604317
55,1548266471.85094,263690,111006,0.4209715954340324,2.240999937057495,32,32,0.34621256510416665,1029994.0583702583,99.20853280824413,204216.0022505208,94.1460937756429,373758.47124617535,243996.44445756217,95.81749994314093,94.64923106402922,390000.18777865544,96.07774418269857,370948.29817473225,285908.6746913907
56,1548266471.88431,260962,103995,0.3985062959358067,2.2119998931884766,32,32,0.3229801432291667,1142486.8378835344,100.28727914633136,238913.608723993,95.3110609893152,432986.6384382455,279109.4044497774,97.13337560105974,95.76667515686815,321002.9749604457,96.09099979663375,439948.07597984106,282268.91188713425
57,1548266471.91768,260457,2484,0.009537082896600975,2.9579999446868896,32,32,3.255208333333333e-05,1103333.4533602342,100.17384247581711,1093204.6351966283,100.04491555928337,1096184.0038143056,1085321.9769352297,100.12552802713442,100.09235184714242,1100967.2942244767,100.14310590525557,1094520.4263075641,1077533.910832007
58,1548266471.95106,261772,103585,0.39570695108720566,2.197999954223633,32,32,0.3218196614583333,1146387.8095244225,100.26316897799116,255078.97901996988,95.56551357657142,444471.5502076011,320124.89613409236,97.05597506246806,96.2186359276954,465599.7708486145,97.11439189323686,427004.19888053555,333275.28840404423
61,1548266472.05117,262009,1608,0.006137193760519677,3.1489999294281006,32,32,0.0,1216613.355840564,100.27258305449624,1196853.594938066,100.15553223768286,1211101.74352392,1203024.0700710928,100.23862866483852,100.21280531967841,1210103.5430973084,100.26082624021227,1212758.5163768432,1198171.620098061
62,1548266472.11790,260298,2076,0.00797547426411267,2.8350000381469727,32,32,0.0,1261001.8632921951,100.89498534352543,1247379.1825526883,100.79532590890554,1255264.4552110764,1244031.7798335648,100.84633221659738,100.79327782862319,1258797.8823228788,100.84337991582173,1255791.7402798594,1248542.0143732144
63,1548266472.15127,263168,2837,0.010780186040856031,3.177999973297119,32,32,0.0,1167452.1005221219,99.96386684912282,1154312.1902852487,99.82457046513377,1159137.200060896,1149397.683860881,99.91668041540197,99.84051503813679,1157381.7250737546,99.90801877156395,1158666.2537818758,1144030.7349275097
64,1548266472.18464,263235,2516,0.0095579995061447,2.9839999675750732,32,32,0.0,1205268.3055142667,100.64323625767898,1199672.829857099,100.58031586013007,1197422.6215323433,1182591.6256613461,100.59782906831305,100.5735537782062,1204081.5093610205,100.62850338436155,1200219.9700914023,1184971.8076638149
65,1548266472.21800,261885,5598,0.021375794719056075,2.8589999675750732,32,32,0.0007389322916666666,1178778.269412329,100.74460518741876,1158638.3369229436,100.51165662028757,1158810.99145188,1151335.1827062385,100.59415841054589,100.53669187310777,1160268.5929870906,100.55710226584566,1157359.3587089768,1153433.348080421
66,1548266472.25137,262236,3423,0.013053127717018258,2.812000036239624,32,32,1.7903645833333333e-05,1049477.5622284738,99.47143482381469,1039158.0449862196,99.33314211478871,1041706.7478792008,1033099.788630958,99.38783756649525,99.3345956286871,1037273.4935687883,99.34983268525542,1041313.9537197964,1027087.4166066989
67,1548266472.28473,263707,3226,0.012233274050366505,2.8589999675750732,32,32,0.0,1124267.6825890415,100.20094662148344,1111046.2490670616,100.05682570463954,1117225.548029812,1100158.4066562206,100.14284202032604,100.09718120046531,1115710.8525710427,100.14343007061635,1117770.768046129,1101170.593539003
68,1548266472.31810,261433,2750,0.010518947493239186,2.8350000381469727,32,32,4.557291666666667e-05,1133856.4901504295,100.4675692491353,1121621.9285797745,100.32627522540895,1122250.5368514825,1113384.0847344073,100.38101789478698,100.33527322531407,1117634.9559948,100.32601343708055,1124498.5898874784,1114664.8670999603
69,1548266472.35147,262674,4698,0.017885287466593573,3.119999885559082,32,32,0.0003580729166666667,1041939.47277711,99.276774155114,1019675.9861369772,99.14149816133977,1023778.4353089051,981416.5879552595,99.15847434246719,99.07297624626224,1025556.0971455842,99.1683510014493,1016884.3685375557,976671.7074679737
70,1548266472.38484,264609,9604,0.03629506177038574,2.618000030517578,32,32,0.0015983072916666667,1160495.594271189,99.96955919808256,1136821.7300773177,99.80661647198502,1138912.0756989107,1119701.3063695189,99.81327644700255,99.63401407650872,1152491.1728355105,99.92113503003546,1141442.46521272,1115506.940544262
71,1548266472.41820,262029,5967,0.022772288563479615,2.882999897003174,32,32,0.0010904947916666667,1183684.0285713596,100.45954205839084,1147435.5229243597,100.2082836134571,1170105.6349082747,1155209.9127484753,100.32390623927805,100.24051072160584,1171583.7497898631,100.29259357738108,1170596.5874226,1158650.7961704773
72,1548266472.48495,263933,10840,0.04107102939003459,2.6589999198913574,32,32,0.0081640625,1190705.925203653,100.37118959761692,1147234.3079317654,100.08348783705452,1167602.8424204118,1150293.5528580474,100.1692871171845,100.09744893176321,1149768.6440883067,100.06283048652502,1167476.2961656498,1151635.1392500938
73,1548266472.51831,262277,5004,0.019079065263061572,2.8589999675750732,32,32,0.0004703776041666667,1100531.0001869546,100.23407646207087,1086086.59076814,100.0779376111132,1092215.5850602705,1078219.678317524,100.16016016328388,100.1037506855519,1092142.9558966188,100.10472277965144,1091448.2457990379,1066231.8309168734
74,1548266472.55169,262124,2179,0.008312859562649738,2.882999897003174,32,32,0.0,1219758.898684763,100.60050624596789,1211500.1385842757,100.51476565244246,1214504.943003972,1200022.5534550266,100.56363826046666,100.51548571345269,1214224.095021036,100.55505029040528,1210671.6822009499,1185160.8359844752
75,1548266472.58506,262635,5533,0.0210672606469054,2.8350000381469727,32,32,0.0,1217461.4268642466,100.33573011137906,1117013.5542420263,99.99124171601676,1188691.447154934,1123602.1178078554,100.19097625141842,100.0497677977565,1173735.381304686,100.16711000768632,1190311.060113682,1135652.6867912835
76,1548266472.61843,263456,2504,0.00950443337786955,2.7669999599456787,32,32,0.0,1173523.874883527,100.39796847080923,1162942.1366952793,100.30637518605053,1168124.2297217245,1138228.2666451226,100.36465396619846,100.28678185493672,1164655.5102680672,100.34301034222679,1167086.2876132387,1140537.8529375233
77,1548266472.65180,263584,8999,0.03414091902391647,1.6089999675750732,32,32,0.0003971354166666666,1137131.5621670121,100.18052267220625,1012153.3811329218,99.6795322389155,1087237.736410271,1037946.960882374,99.97319164477241,99.78381082371419,1125152.1101131923,100.0831250386349,1048468.4713091452,1012254.6216904613
78,1548266472.68517,263915,15079,0.05713582024515469,2.078000068664551,32,15,0.010480143229166667,1191419.6031536518,100.032534449651,950183.4290435902,99.21142722632206,1069519.8807360022,999402.2655147802,99.62205435700487,99.44123337837048,1121667.8326033659,99.74074887372869,968454.5564512188,956283.7696987062
79,1548266472.71854,264034,10967,0.04153631729246991,1.6160000562667847,32,10,0.0030094401041666666,1290475.9710809467,100.52078859322832,1108715.2127376907,99.89344679295763,1247295.9335594564,1147685.8812200306,100.31108176936257,100.01636780284512,1200167.8881775194,100.1934145887827,1155257.304141081,1142301.726206484
80,1548266472.75190,264597,16787,0.06344365204442982,2.5220000743865967,32,32,0.022932942708333334,1172803.9575097733,100.29913770534455,997819.5053530545,99.62043158900792,1088546.6049445332,1059839.0263867339,99.90713806439305,99.79749804641504,1043525.3854348573,99.77833394207133,1090060.70696057,1054208.8513945737
81,1548266472.78525,262354,12094,0.04609802023220534,2.078000068664551,32,26,0.0012744140625000002,1333228.7335988586,100.6465913570911,1099990.6774002719,99.98857106919701,1235624.6657846314,1179176.411028914,100.36092729697616,100.113677436418,1208742.1150077574,100.28664496490825,1207939.450564677,1107079.8086256196
82,1548266472.85199,264387,9419,0.03562580610998271,1.6629999876022339,32,19,0.0014567057291666667,1080023.492465339,99.73422820184783,913025.0479183716,99.17360467204605,1036301.4197120024,985670.497449958,99.54234019609873,99.400276651254,1053547.9187461557,99.6142530607951,1026602.0986324683,945875.2792733249
83,1548266472.88536,263394,11525,0.04375574234796541,2.74399995803833,32,32,0.0024202473958333335,1329240.1696087578,100.91034526889749,1131011.9991998284,100.32442853323849,1269746.8382892786,1200817.7326756842,100.68438964942123,100.53183357973668,1278008.8172467342,100.60458942087655,1253317.0224867295,1186732.0643279944
84,1548266472.95207,263876,6169,0.023378405008413043,1.6549999713897705,32,32,0.0,1322487.7933983873,100.67481675950475,1081846.233681638,100.19631840042331,1263231.2329879426,1217026.3037509776,100.49356701649273,100.33667124458314,1318041.3597004788,100.65242794771413,1262391.8279417777,1184319.1906321468
85,1548266472.98544,264307,56353,0.2132103954870662,1.8630000352859497,32,32,0.10636881510416667,1195233.2603294975,99.96730793372387,231978.14152831765,95.45527433652023,753656.0861338258,528203.786559843,97.91816575292304,97.4237018192733,799828.4023673163,98.09429921844617,638330.4144139306,417411.37899236084
86,1548266473.01881,262585,9792,0.03729078203248472,1.7569999694824219,32,24,0.0008902994791666666,1351296.0089446856,100.63502450670657,1061916.3874418777,99.93215864105474,1303510.2078794113,1158308.5871855055,100.44115917261988,100.14981891792603,1213433.573156595,100.23028985210247,1248765.7283792158,1163888.5534412581
87,1548266473.05218,263325,40935,0.15545428652805468,1.784999966621399,32,32,0.084755859375,1443906.1890625213,100.8245302724517,268253.65876827337,96.58154397085616,879044.4113538314,708128.1406289054,99.02662309724943,98.46699963025142,766395.119242355,98.6613667729589,885344.3360491409,467683.426580883
88,1548266473.08555,265024,42758,0.1613363318039121,1.7940000295639038,32,32,0.09261555989583334,1251815.494652189,100.12819075628386,258314.46498778777,95.97793470816461,717781.2715972312,554095.2566547267,97.99191558042926,97.4718971624478,831518.8644467889,98.4118109581013,658383.3666304934,481292.4480187823
89,1548266473.11892,263309,41715,0.1584260317725562,1.8040000200271606,32,32,0.060063476562499996,1277589.8659551905,100.1984014527379,324201.98503331415,96.69539178952985,838300.1348717619,604371.6080768842,98.76093940416143,97.99204693956236,566171.4393008129,98.20641030847966,688909.2227040255,485964.98468950915
90,1548266473.15232,262595,37184,0.14160208686380168,1.7569999694824219,32,32,0.07697428385416666,1444886.0747600496,100.7315271564779,330404.6306473095,97.1208555042073,915092.5931201145,687838.8454741305,99.08649477850369,98.48288949284166,940547.233640749,99.40234709408708,869111.4844449841,674572.9125563517
91,1548266473.18569,264604,41305,0.15610119272573356,1.812999963760376,32,27,0.019625651041666668,1494581.0641785339,100.74987401255424,325281.0449004402,96.79716991464214,1121052.2688987362,833981.688331707,99.76647589554707,98.83251079047405,1187713.34642505,99.93243414831011,853570.7673095661,589733.5380306358
92,1548266473.21906,261831,34828,0.13301709881564827,1.7660000324249268,32,32,0.054093424479166666,1394932.688255876,100.67356663280503,357844.67220629146,97.22900890955691,983076.1584881155,685259.1826020064,99.5443159514495,98.70493101021248,896136.580603704,99.26855086023652,893342.7960513746,723760.895487342
93,1548266473.28580,264119,5817,0.022024163350610897,1.6629999876022339,32,32,0.006751302083333333,1526643.190588246,101.00612315391778,1353881.2904031433,100.69283050854312,1455590.6312444117,1395213.9173895642,100.8164625264854,100.70040680101172,1487838.1684647868,100.87793174484898,1428203.2111712182,1389221.1689408172
94,1548266473.31917,262485,5599,0.021330742709107186,1.6549999713897705,32,8,0.0,1377811.3493249002,100.6989445543959,1211103.5623036867,100.35982119997549,1368567.1088740528,1317747.3352965072,100.65019295935421,100.56099608094344,1346528.831412357,100.60787409873771,1291049.3791207373,1251516.6323041094
95,1548266473.35253,261226,4813,0.018424659107439536,1.6549999713897705,32,31,0.0,1508195.630936549,101.06953371096935,1357113.6217310103,100.77252893787482,1487576.1388155357,1343448.1128052413,100.96723756779791,100.77226139763674,1496077.5128930162,101.02805988049917,1425366.0414502835,1269726.994986946
96,1548266473.38590,262139,8143,0.031063672326513796,1.7130000591278076,32,1,0.0010807291666666667,1469376.5632714885,101.00692183547574,1321023.8680233709,100.56275413988192,1441369.8726133846,1388610.358701075,100.87782474897487,100.7574838335669,1387513.3327900677,100.73331385448358,1350926.5688051789,nan
97,1548266473.41924,261523,8753,0.03346933156930748,1.722000002861023,32,3,0.009498697916666667,1406708.205863833,101.01420355717354,1271156.238523027,100.57009207523849,1317759.1721584802,1300770.3173305022,100.71842148882467,100.66699557793659,1326655.8315569577,100.70981271177781,1275275.4363171232,nan
98,1548266473.45259,263347,12356,0.046919083946276204,2.618000030517578,32,32,0.0019580078125,1415977.663643845,101.00691317364604,1232175.1583072755,100.27235385744484,1371293.201252287,1285047.7781048352,100.7600739242799,100.4832784693482,1260348.1029708341,100.40854193735825,1385051.7314842672,1335236.4624999235
99,1548266473.48601,264931,9061,0.034201358089464805,2.5980000495910645,32,32,0.013899739583333334,1170699.3806236563,99.9102610283917,1038550.35074573,99.34775978901459,1095258.6887727187,1044207.4666621764,99.54195215651323,99.41282604289178,1108924.966157335,99.62136906014892,1088914.8928930168,1043579.9406197313
100,1548266473.51934,263377,10039,0.03811646423188054,2.618000030517578,32,32,0.017516276041666667,1262058.4092416384,100.62534605287254,1117497.0883610048,99.95927895797784,1174863.4910092475,1123792.2936084226,100.1820058015598,100.06614259648448,1172672.658584819,100.09675072154921,1173276.124247018,1116067.889899023
101,1548266473.55271,263787,11222,0.04254189933544868,2.5980000495910645,32,32,0.021909179687500002,1323941.914529121,100.55120676245753,1136676.428235625,99.76321235555992,1203470.0101596308,1140814.1068715253,99.99466566418329,99.87652985210478,1152832.4823100772,100.05896962328868,1206725.3789143544,1131419.5559272156
102,1548266473.58608,264029,9174,0.03474618318442292,2.5980000495910645,32,32,0.0005452473958333333,1248020.5580649823,100.39787777975727,1135718.8617356678,99.87610565195959,1228413.5752072944,1179015.081321473,100.2426623087004,100.03904461467525,1214590.273014675,100.14495212786338,1213021.0953006418,1164301.3788996213
103,1548266473.65280,264117,3509,0.0132857786511281,2.240999937057495,32,32,0.0,1234513.8476631716,100.4879148776723,1195995.009191619,100.35250825259587,1221244.4897752802,1160229.6730324936,100.41751828492241,100.33659719175928,1142670.4092930837,100.30532346251141,1201384.8847939912,1109733.3508801183
104,1548266473.68617,264414,27192,0.10283873017313758,1.7309999465942383,32,32,0.04570475260416666,1311043.0617795319,100.60109689584124,430675.54288984893,97.84937530844803,932181.3823767302,647192.8020028184,99.4150929104715,98.64808069329423,1040237.0862554781,99.56748844630067,801746.2220979518,668828.1580850437
105,1548266473.71952,263385,30278,0.11495719194335288,1.7389999628067017,32,32,0.05419921875,1312881.1634534283,100.73157158473694,404511.2922290747,97.84701852518131,876731.107636261,710489.3673784363,99.27661796227274,98.8710188837455,793212.5156253283,99.08199435944128,767392.819212624,610241.1085857179
106,1548266473.75291,264502,6910,0.026124566165851296,2.5409998893737793,32,32,0.0,1353694.8420351963,100.65658995972501,1248682.3695233036,100.27041346674183,1294666.1292828752,1195697.3026483373,100.45997787582789,100.2950340341463,1244887.5971907654,100.3499989999355,1314846.3488650776,1214471.183765842
107,1548266473.78628,263313,8013,0.03043146369529799,2.559999942779541,32,32,0.0,1308945.4725629394,100.6155990190268,1201044.20427823,100.20997969407816,1250556.6766664046,1152007.6579812318,100.39685497404565,100.26152499577859,1280534.6537146324,100.41878193158126,1267814.7941343356,1200961.5378304804
108,1548266473.81965,264278,8145,0.030819818524432604,2.5409998893737793,32,32,0.0002669270833333333,1240533.5631955273,100.3431023697571,1143541.1648980486,99.94266022200176,1206568.42337219,1134145.963994391,100.18096717509296,100.03913622924914,1229799.2420316704,100.23765653715184,1199003.1218744954,1130122.1722146515
109,1548266473.85302,263402,2813,0.010679493701642357,2.1559998989105225,32,32,0.0,1305470.1797982235,100.87984539800013,1263684.7836556633,100.67888937153829,1287673.8971371322,1226504.5349923763,100.79681548355794,100.67763197936571,1287710.9597182255,100.79786801623524,1286241.6626732145,1245654.8275328006
110,1548266473.88639,264536,5957,0.022518674206913235,2.5980000495910645,32,32,0.0017268880208333335,1456556.155598283,101.20480732813277,1403284.1262446884,100.9126815800008,1443745.7431994649,1410633.3638140936,101.10035378863574,100.93127378408488,1417329.545503051,100.94815518067996,1439457.8095694608,1408712.006206562
111,1548266473.91976,265879,29402,0.1105841378973142,2.3489999771118164,32,32,0.013102213541666668,1270423.0327100698,99.99693093388377,1032038.922200529,98.82368806092654,1134590.7403318612,1025238.3374894866,99.3050441340068,99.05649040875772,1176841.5074858116,99.3456424065459,1103178.834671721,1018682.9084224942
112,1548266473.95313,263958,9290,0.035194993142848484,2.559999942779541,32,32,0.0030631510416666667,1420728.5932341411,100.74832685232472,1350193.498510728,100.19927676506494,1369175.6454060315,1345258.7225425853,100.50747860594328,100.30692126071287,1364187.0073510795,100.59524989832109,1368703.3387073157,1345524.3907104
113,1548266474.01987,264783,11865,0.0448102786054996,2.5789999961853027,32,32,0.004103190104166666,1395841.2964006055,100.52258967777325,1251388.9101224004,99.92903149246018,1349274.6164869107,1252641.143625252,100.22139975113468,100.00089625355352,1388036.9825747057,100.46780661046216,1350668.1579492595,1279066.881095689
114,1548266474.05322,264907,25800,0.09739266988037311,2.431999921798706,32,32,0.010100911458333334,1362375.9535592315,100.48938964039733,1173405.2144792962,99.51386178794482,1266020.226492826,1180941.0477501682,99.90206284985868,99.70730293673527,1088610.960486477,99.67474665809344,1266008.996419761,1208233.072066711
115,1548266474.08658,264395,31298,0.11837591482441044,2.503000020980835,32,32,0.0395263671875,1359724.9549163275,100.49974612576176,1142738.5450004735,99.16091193213278,1241383.9100158361,1167577.9850047294,99.58918305785409,99.36027687275335,1305905.863245109,100.0487468680833,1228744.0195005185,1137232.663106335
116,1548266474.11995,264449,15701,0.05937250660807944,2.559999942779541,32,32,0.0004996744791666667,1488316.1190690137,100.65627165232632,1342200.89123439,99.88654297500275,1408541.4085373706,1348465.5187641766,100.30563030097937,100.04999109834264,1385261.5763088723,100.24924634584129,1406907.0030007705,1333453.6485705727
117,1548266474.15332,264543,30823,0.11651413947827008,2.4670000076293945,32,32,0.03304850260416667,1440023.9213996006,100.56083245501631,1206891.8485286564,99.19776954908993,1320763.4257332264,1246835.286313513,99.70500863349189,99.46464201276956,1256309.0199027003,99.52016297124916,1302239.9271213962,1243127.5032422845
118,1548266474.18669,264179,18072,0.06840816264729596,2.5409998893737793,32,32,0.004375,1374827.5241584245,100.464533521638,1209119.4515206688,99.49848010773638,1297143.953167459,1182024.8616455677,100.08256061969625,99.67685845954217,1325896.6827102373,100.13886769534548,1289210.746369298,1184633.991829706
119,1548266474.22006,263718,11092,0.04206007932716007,2.5409998893737793,32,32,0.0070654296874999994,1445417.0936663204,100.741188327246,1346102.004505304,100.20025101127797,1372720.6575182402,1349498.1415745134,100.45500910545636,100.28143001870659,1370842.923498801,100.42648099359369,1384131.813927148,1343748.387178675
120,1548266474.25343,262871,17106,0.06507374339504929,2.5220000743865967,32,32,0.010607096354166666,1595825.7277406903,101.02322103237482,1449052.9000543724,100.13982615643641,1479216.440562365,1421335.9972851449,100.52633130847401,100.282608394627,1466564.910193451,100.47336371099485,1492273.4777524495,1416575.5803834407
121,1548266474.28679,262940,64350,0.2447326386247813,2.0399999618530273,32,32,0.1480126953125,1580376.2176730342,100.95966071864628,250948.71757559408,95.72888425209877,780158.9016441441,583759.649382402,98.04156054415266,97.45662916785774,710189.0881695462,98.03376053554243,904886.314863994,557097.5337919212
122,1548266474.32017,263289,34030,0.12924960784537143,2.450000047683716,32,32,0.0459619140625,1503966.8449912884,100.6139468740889,1310802.4927874317,99.20119092820697,1374785.3801359544,1335414.1414115357,99.68979730931326,99.32939545647552,1382120.645682258,99.616336142534,1362322.5741337226,1323755.1019727376
123,1548266474.38691,261113,49411,0.18923224810714134,1.5570000410079956,32,32,0.10016764322916666,1529460.225069912,100.817205988169,351207.7960929318,96.64098435003352,933915.2032176211,614032.3014638464,99.0312360656723,97.94137716565663,1065167.9256409404,99.43760578003011,938872.4256116571,642473.2067567713
124,1548266474.42028,262345,67182,0.2560826392727134,1.9700000286102295,32,32,0.14688151041666667,1742517.4135398497,101.31869492196049,297257.87646095274,96.24322939057143,1019996.4115814138,549009.2004829157,98.67248437842969,97.48766316673556,1111870.4586333118,99.27266694517428,1093238.1341384281,660607.1680905286
125,1548266474.45365,261040,50799,0.1946023597916028,1.5290000438690186,32,32,0.10399576822916667,1707448.575401056,101.35681988427933,382426.05859708425,97.10491311992891,1084760.500329613,709453.4125694574,99.58068585693769,98.50454856664919,1176608.0489008464,99.89862260454558,982558.2305809255,662152.9642112724
126,1548266474.48702,260693,50431,0.19344976658368274,1.5089999437332153,32,32,0.08741373697916667,1792412.696910508,101.59192636750599,403458.96516864275,97.35079772347109,1158348.9078583163,737618.3751986239,99.97188961168395,98.76796786502248,895565.4252239426,99.17301483255278,1133927.7011811875,745367.028794155
127,1548266474.52038,260470,52953,0.2032978845932353,1.5230000019073486,32,32,0.12240885416666666,1791211.0831497042,101.69488323647634,408695.41967841686,97.42946581623468,892164.0491823041,751750.8696467846,99.30684801858425,98.78949578403473,1226496.0271221865,99.97304003724561,1011283.2537828039,780278.5864204152
128,1548266474.55375,261058,52908,0.20266760643228707,1.5089999437332153,32,32,0.09833170572916666,1936540.2256867108,101.79544829336906,409501.5045665361,97.3777979620023,1251596.4340911747,855283.5464534073,100.0494324722822,99.07753986145345,1261188.5722847632,100.01532288416685,1197818.6746374317,858934.223837807
129,1548266474.58711,260083,43613,0.16768877627526596,1.409999966621399,32,32,0.1022216796875,2205789.0509830816,102.59572825172965,535980.3764362378,98.84627938430395,1490898.2768521085,826763.1609578166,101.00332199949045,99.85295712212105,1206320.3245562268,100.88198294727411,1473915.287977043,917606.6965507183
130,1548266474.62048,260677,67493,0.25891428856400833,1.7760000228881836,32,32,0.11711751302083334,1968462.819986647,101.69618345148285,371744.76527130714,97.2174091711264,1340461.8062388427,905366.838835481,99.56237750319018,99.00498172916183,1321593.3307046317,99.77989613115614,1286306.2059588295,778790.0948586306
131,1548266474.65385,259611,39911,0.15373385565326586,1.3760000467300415,32,32,0.07271647135416667,2193108.372560588,102.3585678710705,640827.7613264008,99.38298089776954,1546668.86980349,1184607.0504519257,101.17136991825456,100.75126045809037,751513.562697215,99.66205292344654,1572321.2240151532,1134092.114990335
132,1548266474.68722,258813,42607,0.1646246517756063,1.38100004196167,32,32,0.069951171875,2268675.1355265644,102.48741486240166,656311.7320788256,99.33824731045017,1641168.650826802,1368247.502697657,101.32752898388074,100.8900822777734,1747634.799110611,101.13309886024769,1605845.2757801502,1348052.977276746
133,1548266474.75397,259056,41442,0.15997313322216045,1.3589999675750732,32,32,0.047931315104166664,2355571.2422623853,102.42507459756129,689785.084007331,99.59089178119899,1777571.9575385049,1581014.9865791714,101.3269940679138,101.12274300610719,1748618.8650861864,101.21531434935031,1775697.3242971199,1361481.424423062
134,1548266474.78734,258708,42897,0.16581242172642516,1.3650000095367432,32,32,0.07093424479166667,2550388.3039206504,102.65173588588105,722153.742015296,99.54316015160126,1816741.7632187917,1403115.1392860806,101.36687474916714,101.05904959111675,2062563.2037075374,101.25164449563239,1783193.801031394,1339614.1370878604
135,1548266474.82071,259321,48109,0.1855191056644082,1.3980000019073486,32,32,0.06950195312499999,2602877.9804683123,102.78768583084621,682427.3285798837,99.17280469499923,1997999.2113546808,1496944.0708908357,101.47603599701996,100.80416785372155,1878781.7604251334,101.3704246393668,1818507.8293460815,1561438.59549326
136,1548266474.85408,260193,44169,0.1697547589673819,1.3489999771118164,32,32,0.037128906249999996,2359746.756760825,101.81543178593961,632095.0319569686,98.70668359083848,1831675.7980020642,1525955.944731866,100.84603449523482,100.52552918989512,1657824.489215915,100.73835057184994,1727670.7756395857,949321.9252690359
137,1548266474.88745,258648,48290,0.18670161764251028,1.38100004196167,32,32,0.06296549479166667,2511348.0713385628,102.47587433761186,600730.9748668931,99.12347472873358,1841571.9235921493,1570194.2586107778,101.25329008447952,100.92661349591197,1844798.1686190583,101.08422396874238,1675160.917595542,1132488.341625143
138,1548266474.92082,259874,42826,0.16479524692735711,1.3329999446868896,32,32,0.0668212890625,2882327.614044728,102.96879957390999,707048.4282346129,99.52483801953927,2081734.8362892787,1652058.6298497429,101.71725974811332,101.3338209160813,2404772.919308495,102.09685368043415,1986598.3327290174,1609221.0488709463
139,1548266474.95418,260814,45070,0.17280514082832976,1.343000054359436,32,32,0.06785156249999999,2633429.5851556296,101.7595517229538,575356.1214851782,98.17837071674737,1947847.45698121,1323950.7714887029,100.33567601322653,99.91241594911085,1772050.467111436,100.40132357240665,1802980.4938155508,1123105.8095432848
140,1548266474.98755,258744,46873,0.18115589153758155,1.3589999675750732,32,32,0.0461572265625,2870606.160592539,102.70950530712219,622504.6261555951,99.16734057122153,2134451.1515607093,1771910.1953775396,101.55653414148685,101.28527497937918,1593040.7868031377,101.08466209284984,1886401.442751383,990872.0934005203
142,1548266475.05429,259833,6668,0.025662637155403664,2.4149999618530273,32,32,0.0,3600929.1181808314,103.4945462847597,3563974.8907899368,103.20418710729265,3574782.1299185455,3524482.454259044,103.32879400035532,103.24418876569558,3583742.2042638916,103.4158009838807,3573864.069488305,3495688.76872642
143,1548266475.08766,259001,5618,0.02169103594194617,2.065000057220459,32,32,0.0003662109375,3516323.130862236,103.48876300189974,3399721.8822517307,103.26409818198121,3458467.875685811,3369109.149062869,103.31490026047582,103.27935264563526,3351984.9629292823,103.32555076601385,3435039.274685996,3378355.0693570203
144,1548266475.15439,258772,1740,0.006724065973134651,2.7009999752044678,32,32,0.0,3814700.0907002795,103.90501603771192,3784963.077324127,103.83229293733203,3791009.915390807,3698142.0366108087,103.86853180889563,103.82659801268852,3804721.369728136,103.88222893807938,3791354.2971634753,3671651.4488319014
145,1548266475.18776,260636,2049,0.007861538697647294,2.6589999198913574,32,32,0.0,3369787.165708377,103.27436385453217,3347355.128639102,103.20104222105049,3346663.209760615,3250091.9547630465,103.22595081680541,103.17011794199759,3364937.203176388,103.23989045006238,3360200.3304169825,3338300.2412733235
146,1548266475.22112,257913,11571,0.04486396575589443,2.2260000705718994,32,32,0.0027376302083333337,3360515.656044641,103.35743986345432,3272217.5253072614,102.95773957734991,3235580.141796001,2965895.251920473,103.12279255058708,102.89195998173223,3201901.6539395875,103.12559571308226,3312049.7115171794,3156705.9186549266
147,1548266475.25449,260157,3046,0.011708314594648616,2.6589999198913574,32,32,9.27734375e-05,3464764.2977185724,103.25560276480525,3414417.3701341827,103.1094265914333,3449668.3904018383,3227924.576117186,103.18606833920677,103.06869974281456,3442582.4998668525,103.14391085202463,3450965.649404186,3194201.198351591
148,1548266475.28786,259633,1495,0.005758127818882808,2.6389999389648438,32,32,0.0,3391096.5875758575,103.35493704958179,3369236.2041843184,103.28349641515052,3387520.3320175335,3378358.6887365966,103.32986318724215,103.30033143323512,3378918.9610915775,103.29691129344681,3385455.740413877,3250362.877767152
149,1548266475.32123,260731,1685,0.006462599384039489,2.6389999389648438,32,32,0.0,3166501.679638412,103.02530811912199,3146995.6488345196,102.97948198285592,3161608.699047677,3023692.4787802417,103.00139089277886,102.9150908220779,3119707.6897841566,102.9711847354905,3161298.2065481744,3092195.716571264
150,1548266475.35460,260150,46205,0.17760907168940995,2.2260000705718994,32,32,0.07114095052083333,2890334.089443817,102.6041262573832,2709862.79738441,101.19491950997782,2708441.2682777056,2281777.3213198967,101.38451281510848,101.09122178882042,2311982.807727479,101.26656723618822,2726269.7684156643,2284553.2121015154
151,1548266475.38797,260744,1250,0.004793974166232013,2.6589999198913574,32,32,0.0,2711759.8527478385,102.5714547872504,2691267.1661015647,102.52274097859002,2705507.798971137,2662581.7727996786,102.54072137833974,102.51072931964885,2709273.8202779177,102.56099388251604,2706830.067450688,2695565.2802201766
152,1548266475.42134,259557,7443,0.02867578219812989,1.9809999465942383,32,32,0.0,2557164.1123100896,102.42207195516247,2511542.065337758,102.19824164087231,2524992.9214539845,2473905.1211748556,102.22480230985632,102.10724085358211,2524847.604091529,102.12300578604248,2535708.6777467774,2474932.7049731757
153,1548266475.45471,259460,13558,0.05225468280274416,2.115999937057495,32,32,0.0168994140625,2496011.933819049,102.2399530143125,2431960.408216141,101.76508322880008,2451941.422499991,2382616.710958993,101.90608513570318,101.81598717219083,2417329.4636710496,101.78491325849437,2452507.3968066983,2406400.2652818537
154,1548266475.52144,258721,15001,0.05798137762299929,2.128999948501587,32,32,0.016539713541666667,2798801.4947185256,102.57851556566996,2683130.663537001,102.08899798301385,2738166.4948627995,2654688.010163678,102.19319389284782,102.10568397915097,2763941.297883629,102.29204845661461,2753404.5717420354,2693709.0022051646
155,1548266475.55483,257337,17317,0.06729308261151719,2.128999948501587,32,32,0.01705078125,2662794.623302554,102.35740797541123,2520162.871656203,101.66363247098896,2603969.188655708,2478053.7704812223,101.88534282404181,101.7759475807557,2618420.749928825,101.79472647446667,2570339.1184808984,2459760.3467630763
156,1548266475.58819,257424,1699,0.006600006215426689,2.5789999961853027,32,32,0.0,2486828.1792509626,101.97425385346651,2455692.5467684325,101.8857301482065,2481979.5268153613,2454970.5024100523,101.94685833262692,101.89239987294961,2476937.2927578553,101.95038968466835,2480469.694865725,2468317.336525147
157,1548266475.62156,256311,3043,0.0118722957656909,2.618000030517578,32,32,0.0,2565306.641341386,102.36207508956122,2515000.2116336836,102.23549567345756,2546716.15033649,2521847.1841732524,102.28846757589878,102.25061424003803,2554462.3408311754,102.28050494045755,2545454.552325663,2505727.0010966863
158,1548266475.65492,259314,39508,0.15235583115450765,1.2020000219345093,32,32,0.024300130208333333,2473491.566816285,102.11283860442849,811241.8480606738,99.28320790471304,1845220.0681582089,1476419.7888274898,101.15575230704339,100.3912381965735,2137863.4352339916,101.55499968206418,1412060.5317662628,1240760.2120568715
159,1548266475.68829,258751,33235,0.1284439480427129,1.1729999780654907,32,32,0.012696940104166665,2650233.0373303625,102.39157349119445,1345445.8214744686,100.79605586456074,1914043.3835970508,1594336.825981113,101.38476211509999,100.67675561444814,1739187.5803028797,101.02894724154946,1744220.7538193068,1594161.6903527428
160,1548266475.72166,259110,35430,0.13673729304156537,1.1770000457763672,32,32,0.021565755208333336,2924973.2820182107,102.10433899115905,804992.7546561147,99.09561568064147,2244841.8635093635,1677955.2766630133,101.11087733108366,100.52810067815413,2069147.2539188266,101.24883443333408,1945854.219137425,1498958.431781612
161,1548266475.75504,257144,29921,0.11635892729365648,1.156999945640564,32,32,0.0144921875,2602397.259963979,102.68610141916768,1225007.0656264937,101.08667747159227,1926934.9782202314,1498254.9367135342,101.83055194590148,101.21072319424042,2337052.907838132,102.02802894951193,1782113.7307407781,1482406.1363450105
162,1548266475.78837,257677,30102,0.11682067083984989,1.152999997138977,32,32,0.013465169270833334,2852128.0727405846,102.17807143750639,1157386.1791583837,100.37022477847928,2167579.638239327,1595458.3298380678,101.21986390113584,100.63501780678003,2107085.770736611,101.44000135892335,1890216.938925162,1272658.6430033282
163,1548266475.82174,261061,32635,0.1250090974906248,1.1610000133514404,32,32,0.019326171875,2949366.293553899,101.62645611770716,793802.2901587567,98.87742767003944,2043410.5449889689,1343126.8798255913,100.70431215838607,99.94108499166786,2723937.5370382657,101.30254986318324,1601735.683803279,1228672.9822820253
164,1548266475.88848,258586,35737,0.13820160410849774,2.3489999771118164,32,32,0.05163899739583333,3238996.2036575633,102.55611246551916,2531497.7846686007,100.99266644672001,2983172.867324738,2645361.5235553705,101.61897963719201,101.27255095641699,2932479.5813542935,101.51712359653376,2949832.07549568,2661776.2556905737
165,1548266475.92185,259122,1814,0.007000563441158991,2.5980000495910645,32,32,3.41796875e-05,3180370.7410007557,102.21124282055824,3154049.9217199334,102.0676264907978,3164577.695001039,3156397.7458340693,102.14464767159924,102.10954615871903,3169120.389846778,102.13692892278613,3165177.1481580464,3157664.9125472754
166,1548266475.95522,259188,2577,0.0099425899347192,2.5409998893737793,32,32,0.0,3471138.933610545,102.86091074292429,3428545.71735278,102.648160667804,3452767.823191004,3357368.813464445,102.8298338236744,102.71340259546838,3439807.4310074206,102.80976340892825,3449802.1821623025,3318360.0725727836
167,1548266475.98859,259134,1954,0.0075405002817075335,2.6389999389648438,32,32,0.0,3420436.3115234114,102.86574447833127,3370775.8504905975,102.72345506018564,3410739.8696232196,3367578.123489612,102.83412134393645,102.79699389995021,3395458.6215044446,102.81579685683086,3411031.4581197184,3311944.12460096
168,1548266476.02196,260271,30270,0.11630185460539207,2.316999912261963,32,32,0.012579752604166668,3520915.856218638,102.66355002258189,3277761.4559666533,101.7301130107974,3079340.083733407,2417281.6998189087,101.88416249300234,101.57101508702107,2973634.702552542,102.09983027301985,3277194.6861599176,2808151.307239448
169,1548266476.05533,259637,9456,0.036420078802327865,2.484999895095825,32,32,0.003946940104166666,3297756.5625679675,102.74427371386244,3231643.2268831953,102.17774437740881,3234069.593624646,3194593.9098477657,102.4167785998714,102.29753704818559,3264601.96991873,102.42407002887444,3246490.9576362213,3158363.3493690514
170,1548266476.08869,260493,4015,0.015413082117369756,2.484999895095825,32,32,0.0002490234375,3027497.9908535066,102.04562252547298,2967787.037250464,101.77769243467172,3003216.9607284483,2952728.886867879,101.95286574647895,101.86124334890258,3001372.223243322,101.94590676244115,3002066.73250904,2956149.3523786147
171,1548266476.12206,260733,26999,0.10355037528813,2.197999954223633,32,32,0.010647786458333332,3218485.5207613898,102.6895536069776,2954270.5370057705,101.629822598859,2911892.547832396,2510629.4425777756,102.13803639763661,101.82728078273858,2848333.2367628734,102.24038638508182,2945674.767380232,2602379.5860816245
172,1548266476.15543,260191,32569,0.12517343028775016,2.3329999446868896,32,32,0.05804036458333334,3005100.649135286,102.23024657568996,2829802.9281802964,100.94982773684653,2793666.0431959387,2697642.712633659,101.24700212625243,101.04193684564974,2785205.9498695843,101.11254438140041,2802517.0337077957,2714692.7644745517
173,1548266476.18881,259343,33525,0.12926896041150138,2.316999912261963,32,32,0.045458984375,3101123.8081434867,102.538655301055,2500711.076373183,100.9527292043744,2815202.109554547,2599091.923297693,101.48204219166934,101.22487723809257,2739506.593119436,101.4549184820395,2861428.9133612355,2674312.7195477434
174,1548266476.25554,260263,33957,0.13047186884036532,2.365000009536743,32,32,0.0566064453125,2708945.049474043,101.8747978041689,2554592.7731030164,100.75930002517848,2583595.3577156328,2501466.2829447933,100.95730678265338,100.79303272529664,2638411.368377536,101.0888874503657,2579852.02335761,2494058.770013461
175,1548266476.28891,260517,30055,0.11536675149798285,2.365000009536743,32,32,0.0080419921875,2632697.334900548,101.9107004424191,2468799.462536646,100.94347311657634,2453371.1479457,2144467.9536729637,101.33363632950815,101.02605792228819,2470519.569401534,101.26344589924324,2434466.2885463745,2198418.5354035455
176,1548266476.32228,259640,30180,0.11623786781697736,2.3980000019073486,32,32,0.028525390625,2693288.639756099,102.02640699877297,2589278.405926811,101.10607584603586,2575981.414044141,2443010.408585217,101.40083876516886,101.1853788458707,2579248.6052751685,101.3657427429838,2653177.73963999,2525069.1037198673
177,1548266476.35564,259815,26465,0.10186093951465466,2.3329999446868896,32,32,0.028020833333333335,2747382.834499221,102.33890072706572,2665481.6300792326,101.41832339935189,2613227.4924790147,2548777.0635227845,101.68601232483044,101.55233947025944,2723981.545133147,102.10833513231941,2633225.916562409,2540204.4763280153
178,1548266476.38901,260450,23936,0.09190247648301017,2.3329999446868896,32,32,0.014698893229166666,2747756.3229452567,102.1309316429813,2607915.9817364425,101.27838001360709,2661364.48016367,2600638.446086725,101.72029825228162,101.48657491502868,2599713.358906273,101.55790096936848,2659688.4063679576,2575770.7881438034
179,1548266476.42238,260841,28524,0.1093539742601815,2.38100004196167,32,32,0.018732096354166665,2856146.5251544383,102.31576784915038,2730862.5151549727,101.53674264994577,2660157.106243126,2576033.389559696,101.76330261833476,101.64069827057136,2639262.9101734026,101.84073181418938,2674647.0593929566,2547923.3602525294
180,1548266476.45575,260694,23082,0.0885405878155999,2.3010001182556152,32,32,0.026531575520833336,2770995.196297415,102.54764120889865,2567060.878775672,101.64968224782537,2675017.202508012,2586964.9704356133,101.85865722785171,101.70524275479804,2725191.8181203916,101.9835176101734,2655181.804138652,2590867.0266613252
181,1548266476.48912,261849,25339,0.09676951219977926,2.3010001182556152,32,32,0.0091796875,2766302.1152331,102.24661661983708,2482636.890693632,101.23647429686932,2698895.421936623,2514068.7395689506,101.62461394050783,101.37407109083617,2726646.4039140525,101.70228218509274,2639990.502846726,2528997.7449101144
182,1548266476.52250,264223,24373,0.09224405142625737,2.2709999084472656,32,32,0.019436848958333332,2686385.0057079424,101.382960094557,2372840.109483464,100.47201834137329,2532772.7233897094,2443094.4247963587,100.70996703924347,100.6024056106241,2585077.1211972367,100.78697304855962,2554914.1495118784,2449397.152486194
183,1548266476.55587,262807,25643,0.09757350451091486,2.3010001182556152,32,32,0.048478190104166666,2704483.5387635925,102.09650156813507,2384576.2008109097,101.05909423083968,2494138.745671073,2450442.408909651,101.34338595479011,101.19751267415428,2507364.894585388,101.4052604597453,2494261.1421600385,2446346.785029662
184,1548266476.58925,262608,24836,0.09457442271370255,2.2860000133514404,32,32,0.024952799479166666,3011827.107432301,102.43332612753721,2616177.3190124985,101.34645050527125,2764767.513926313,2702122.272048163,101.67557325549426,101.49061319415974,2760946.161559204,101.72788569189859,2749779.527800856,2693374.790411893
185,1548266476.65599,264471,24158,0.0913446086716502,2.2860000133514404,32,32,0.018154296875,2753256.8418612,101.37800019516433,2318155.849300155,100.24770981624712,2539057.0702285706,2336239.00025123,100.79441193452756,100.37267217496542,2580049.9118217444,100.81994979030566,2527503.1223597378,2310459.9244495565
186,1548266476.68936,263591,16581,0.06290427214889735,2.4149999618530273,32,32,0.006599934895833333,3418453.968234291,102.1795134732791,3382891.6422707834,101.57809640430516,3375511.8400432216,3296949.5136252185,101.92474022681702,101.75494000856712,3377017.828108621,101.98232287963621,3365144.8675147016,3271554.5412904965
187,1548266476.72273,261426,14675,0.05613443192337411,2.4149999618530273,32,32,0.012174479166666667,3362175.4975738623,102.73855007184926,3307375.7720822725,102.23066652671753,3318038.2605718086,3283994.4673394198,102.4840463923629,102.29837746303726,3329456.202365516,102.50803215557937,3321831.1097015566,3284685.6446897024
188,1548266476.75610,261630,20980,0.08018958070557658,2.3010001182556152,32,32,0.01591796875,3365205.694106786,102.49668193093711,2956382.644995095,101.62706283543534,3147790.4354875265,2975682.1036044946,101.94050306606249,101.80560311408664,3155522.0575735327,102.05853070424934,3119190.847005398,3048102.1049471674
189,1548266476.78947,263513,20992,0.07966210395692053,2.316999912261963,32,32,0.018087565104166668,3210464.017396634,102.01803242590725,2782653.1563995657,101.03847733297317,2987782.3680551555,2877987.7011183687,101.47072203406549,101.25524899256062,2842944.871512248,101.20989198497728,2990074.489944352,2843446.402044155
190,1548266476.82284,262353,20708,0.07893182086730474,2.316999912261963,32,32,0.02992513020833333,3568963.516944134,102.65972485587068,3101278.843245852,101.64411413110005,3235460.850884267,3104290.027966516,102.02609709877382,101.76964443943461,3223312.5671524093,102.05961920344387,3223304.764200706,3109009.360469097
191,1548266476.85621,263547,7237,0.02745999764747844,1.38100004196167,32,10,0.0002718098958333333,3230742.106605308,102.21275932618087,2861522.777764845,101.69356251737598,3119141.737605027,2971850.8992738808,102.02587050498992,101.88186468704157,3026941.502465411,101.94150627947295,2991420.1755206,2973186.279513611
192,1548266476.88957,262937,18639,0.07088770313801405,2.3329999446868896,32,32,0.027392578124999997,3033285.277915071,102.30541301642138,2719900.6058851657,101.36509421262751,2790346.531079296,2750673.7557452847,101.77200141020799,101.54142563789786,2931798.662576271,101.95149582841296,2797445.562691373,2749899.8777858336
193,1548266476.92291,263435,17319,0.06574297264979977,2.38100004196167,32,32,0.009249674479166668,3138684.964735797,102.27405653145405,2880016.206203418,101.37088699323986,3033710.6918209847,2925497.7634253907,101.93335627673893,101.65481847759868,3099104.412067869,102.06413427772931,3031922.5906314086,2929966.184998298
194,1548266476.95627,266359,4952,0.018591449885305172,2.9839999675750732,32,32,0.000341796875,2440786.550990043,100.72671610219555,2269586.279658093,100.35664411529129,2414025.040042929,2370951.276667987,100.64587495534836,100.59583862022617,2402645.2237495673,100.62594254758585,2406324.2120892396,2389315.3659437657
195,1548266477.02300,266746,54804,0.20545387747145225,1.6390000581741333,32,32,0.11292480468749999,2215831.8400755487,100.51525152618899,248053.37198900606,94.82566464354653,1079127.6734089276,744743.9863896084,98.01152654385842,97.17474690335614,1714523.333557416,99.13285869068406,824374.4725225633,590425.8130543525
196,1548266477.05637,266779,54995,0.20614441166658545,1.6390000581741333,32,32,0.0676953125,2072210.8701853724,100.36290173138403,288960.8464070655,95.14212749725158,1059610.0886727208,746478.9414366597,98.16779378641309,97.13457396792506,900419.3430633539,97.76224113208505,845113.7491337792,603120.7933297865
197,1548266477.08974,265548,52618,0.19814873393887358,1.6319999694824219,32,32,0.08445475260416666,2538115.688750553,101.27317361413878,338447.736358127,96.29361721700634,1356376.7642662828,946852.2531355827,99.101444699072,98.2466472450105,1917032.8462624338,99.98809356401766,1097440.6246208176,883865.3121444396
198,1548266477.12311,264030,50054,0.18957694201416506,1.6239999532699585,32,32,0.051178385416666666,2839542.09453322,101.93944531251677,357587.3921089519,96.9489040982098,1696497.3700356688,1199809.3599172703,100.22426182267466,99.08359951202237,1279879.2530825185,99.31920116070384,1355010.2376198007,1201734.5133868135
199,1548266477.15647,266826,48937,0.18340416601080853,1.6160000562667847,32,32,0.046780598958333336,2048599.6351516612,100.21015349934116,280934.46209308656,95.50932064439657,1269616.8172006933,880441.3573190956,98.64172530436198,97.43358310133043,1105105.9658349971,98.2595691069649,938833.9124601635,642638.215101824
200,1548266477.18984,268012,49772,0.18570810262227064,1.6089999675750732,32,32,0.03973470052083333,1847375.6324125398,99.58858301359183,250112.27078933464,95.03973253993861,1381697.090052501,929854.5776747809,98.21220805816027,97.32711954289898,1356792.855306138,98.25746794963878,865678.6973379056,451550.46246428345
201,1548266477.22322,267146,47790,0.1788909435290066,1.6009999513626099,32,32,0.048776041666666665,2119579.3479598337,100.42271891833107,285565.0663699471,96.19159761988473,1364750.090169991,923493.640350827,98.87316738264118,98.05243403097774,1055572.8697906227,98.46361256129606,1039039.025322496,657774.6304828448
202,1548266477.25659,266440,46807,0.1756755742381024,1.593999981880188,32,32,0.03861490885416667,2027386.7640641576,100.26544525563092,282263.850841422,96.21648210236327,1526584.7033616202,930874.782184255,99.00585440137338,98.01763001286182,1670923.072966367,99.11217192396394,968735.6167148441,642415.0803603219
203,1548266477.28995,266735,47050,0.17639229947326,1.5859999656677246,32,32,0.04388671875,1843529.8955506661,100.0513625042565,286533.61956958973,96.17435586681606,1411268.5468756298,801697.6165363828,98.71863983658653,97.79065060690571,765401.8839874484,97.75682357825654,833595.60375795,613899.6820985386
204,1548266477.32331,266790,45267,0.16967277634094233,1.5720000267028809,32,32,0.025887044270833333,1748720.3279578486,100.23129114772519,293673.11300324823,96.68662939964018,1512408.4250154928,855045.001802023,99.14229231458108,98.26430669156365,1184487.3396703992,98.84473358754333,876079.1356602177,492217.93701724877
205,1548266477.39007,266275,41432,0.15559853534879353,1.5360000133514404,32,32,0.047709960937500004,1768390.6584610052,100.28649766902663,307539.209317133,96.77305474069883,1303279.5507238104,732704.0243976774,99.11868805599262,98.01685471261601,1629377.3715739548,99.38794267299465,929619.2444588821,731359.4682183565
206,1548266477.42342,266891,46168,0.1729844768088845,1.5429999828338623,32,32,0.0695849609375,1821203.7484479938,100.67575455034357,328346.1088921474,97.3487651739538,1297148.6656696578,862776.2650655969,99.30732055214307,98.58405686977866,1218997.2004516567,99.20248192217318,956087.0041748255,669333.3176510239
207,1548266477.45681,263918,2850,0.01079880872089058,3.063999891281128,32,32,0.0,2357728.0633602873,102.23899146303626,2303429.561028597,101.92868700424586,2345893.802825837,2332965.5793010555,102.1918602147835,102.12081794434089,2321599.3839593353,102.10224813044806,2340115.795116754,2313838.3640913134
208,1548266477.49017,264515,1780,0.006729297015292139,3.6530001163482666,32,32,0.0,2057117.05846108,101.63184687578018,2048076.9531974404,101.54486714966794,2044034.7634311044,2013266.713353681,101.59178090200437,101.55076912833064,2049014.6203681582,101.58400687227248,2048333.543586957,2023324.5044543254
209,1548266477.52354,266823,41038,0.15380233338205476,1.4700000286102295,32,32,0.07351236979166667,1747913.3183050016,100.53243229074705,382371.3273281003,97.244269580044,1148031.2905950095,838378.0266157117,98.9323165767021,98.39023040428377,1289780.4694377491,99.15567459969837,991723.1700996408,806423.3027698684
210,1548266477.55691,265708,1778,0.006691556144338898,2.5789999961853027,32,32,0.0,1910656.1269825238,101.30061036828965,1897889.0241721203,101.17809292599371,1903488.773019891,1890067.1179701837,101.25780944692357,101.18118635225339,1905666.1729327568,101.26653955921924,1901909.7859268785,1861138.9103061191
211,1548266477.59028,264217,2918,0.011043952508733352,2.559999942779541,32,32,5.208333333333334e-05,2153943.4110561223,101.92825528675357,2109734.5059850058,101.55519485766756,2140494.7669613315,2123031.67332019,101.87372379723905,101.74307622092479,2123542.628503593,101.8585514232756,2145144.749485118,2120615.565819189
212,1548266477.62365,265367,1780,0.0067076916119939555,2.5789999961853027,32,32,0.0,1922930.847562447,101.3430007154208,1916325.696906814,101.23377495941688,1919968.745810727,1906632.7438801776,101.32891709741975,101.26391935553377,1922482.6479397423,101.33216819602528,1917638.0497749834,1906429.9865094228
213,1548266477.65704,266534,5209,0.019543472877756683,2.680000066757202,32,32,2.604166666666667e-05,1632691.6106964813,100.37595750653051,1614376.9714280455,100.20712756339728,1618402.6464895094,1587414.0486068854,100.28122594275405,100.09135181830973,1607603.3961826428,100.30696283729242,1618223.4974308407,1586933.3141456225
214,1548266477.69041,264978,5961,0.022496207232298532,3.0369999408721924,32,32,0.002294921875,1904156.3527697553,101.53810254834619,1871695.8117128348,101.22774348756587,1881307.6583357372,1845975.585640445,101.37606535179641,101.30738251106568,1879722.7496727814,101.38174970958812,1882351.9983566883,1864715.5993473846
215,1548266477.75715,265414,3372,0.01270468023540582,2.6589999198913574,32,32,0.0,1387356.288232017,100.3956964993103,1379614.6365060573,100.32449088479608,1376481.9364448432,1353043.9978675174,100.33862385640646,100.27120905510353,1358616.9768729284,100.2876063815511,1375620.160427181,1349879.6779877613
217,1548266477.82390,259690,2772,0.010674265470368515,3.119999885559082,32,32,0.0,1942259.5644771042,102.23477096276014,1935837.3677928024,102.19869385593768,1931949.7386454167,1899843.700601679,102.17043639438481,102.13437760008486,1916903.008165938,102.16448848981068,1930931.45767989,1900380.8776148248
218,1548266477.85727,262097,32787,0.12509490761054112,1.312000036239624,32,32,0.0531982421875,1469634.8633293493,100.88083660770688,648182.9891137033,98.50998369429712,1091308.6831175094,774132.414427358,99.46473854865661,98.83652089170067,1066402.757773613,99.38075006401003,1033415.0883722624,928611.0937060441
219,1548266477.89063,261695,26942,0.10295190966583236,1.3020000457763672,32,27,0.0016731770833333334,1670626.006458294,101.38858509002398,802640.3415887813,99.336289173789,1503040.7805793071,1134870.8248758859,100.78166084694669,99.72828002753067,1566021.3054709034,100.90571485528739,1205028.3568287352,1073435.1798271905
220,1548266477.92400,256281,23823,0.09295655940159435,1.2970000505447388,32,24,0.0012467447916666666,2161267.9782688203,102.81347540616304,986951.4884541857,100.8051358437547,1989007.335637121,1457073.1976923263,102.33465341399764,101.2691285081449,1680192.5405811751,101.82982064155226,1453130.2048313012,1239053.1217011702
221,1548266477.95737,257729,26300,0.10204517147856858,1.3170000314712524,32,32,0.03368326822916666,1775954.5120067857,101.8496216103016,745842.0671009083,99.61542728027031,1246943.3253154098,1088716.4073521968,100.47557345587377,100.15099697448355,1108380.1924655237,100.42836971342749,1127652.2389035411,750879.0220940412
222,1548266477.99074,257443,25434,0.09879468464864068,1.3220000267028809,32,28,0.0012060546874999999,2054405.2395413357,102.43039612356435,853251.4363505321,100.22909852622753,1903769.4584209744,1250698.0178483007,101.96725317191986,100.78235431368732,1991451.8953550674,102.1155572930463,1231982.9054183105,884097.7512820299
223,1548266478.02411,252550,10937,0.04330627598495347,1.5499999523162842,32,32,0.013450520833333333,2229333.085035511,102.83348755992874,1853604.1730268784,102.22592413580534,1999482.2190367957,1904477.094328317,102.42255073409675,102.28910734980872,2204686.9825966135,102.72204758452108,1923863.7959820805,1893108.859854136
224,1548266478.05747,253204,22009,0.08692200755122352,1.3380000591278076,32,19,0.00015299479166666668,1826111.2653474237,102.10466270077433,759219.2401824556,100.1259299165426,1740002.0938231722,1107281.543482243,101.7428944143713,100.6455695523133,1604700.159130491,101.43131055716117,1149124.5377136061,862605.1993794887
225,1548266478.09085,255505,20104,0.07868339171444785,1.3700000047683716,32,32,0.013382161458333333,1842395.7756210775,101.9828484389769,790774.9195749023,99.88335685824553,1550320.5630576324,1206059.380236098,101.20049854125216,100.57578073693294,1319815.7113908194,100.69757661488744,1226732.0765607771,953545.5698876585
226,1548266478.15758,257330,8534,0.03316364201608829,1.9259999990463257,32,32,0.00012369791666666665,1718256.2729545012,101.30373689399914,1654435.9313009616,100.98138512849752,1665722.6782402513,1589520.794751855,101.10467522155975,100.89643001541631,1603798.9562856758,100.86133185551178,1666466.4146952373,1632829.1269790188
227,1548266478.19094,256429,19779,0.0771324616170558,1.5429999828338623,32,32,0.033678385416666665,1807500.8506443594,102.04232269721284,1193272.6811943813,100.70414227924327,1468963.628292757,1341779.405998688,101.07862019365982,100.8393269435955,1380275.4637597797,101.1613292306974,1412368.0078336792,1252266.8252054576
228,1548266478.22431,257838,15247,0.059134029894740106,1.5290000438690186,32,14,0.004571940104166667,1407120.8663653294,100.76327150406443,1238616.6267026255,100.1518169360996,1332767.5282118255,1231788.801354617,100.42385438085196,100.00867821664345,1262488.2789080092,100.21328487156251,1249858.796685438,1186281.2563121947
229,1548266478.25768,259917,22065,0.08489248490864391,1.6390000581741333,32,13,0.0021858723958333333,1578264.637883963,101.29680463194936,1202576.3695666345,100.33368047247035,1510545.9949759073,1406057.685463238,100.94156871508908,100.49068565079385,1375698.0083491213,100.61264330192385,1379081.8675819216,1252629.2684170334
230,1548266478.29105,258829,23410,0.09044581557707985,1.6009999513626099,32,32,0.03968098958333333,1743539.6895315077,101.93545752299791,1345444.9449016193,101.08124432761001,1538655.5552259614,1407381.8943551467,101.22865994649608,101.11144068189434,1572950.377728534,101.25355761639611,1495170.0584883615,1363087.647940862
231,1548266478.32442,261642,28060,0.10724577858294922,1.4889999628067017,32,32,0.0284814453125,1273564.5708140326,100.26049606378248,696529.1696292228,98.2479628804619,1064999.262888025,951392.4353128646,99.19368868796738,98.7940826269913,934077.4357419543,99.11623442396015,1006443.6377828524,894181.4369049538
232,1548266478.35779,264589,31702,0.11981601653885839,1.4520000219345093,32,19,0.012683919270833333,1345267.1832500645,100.03177654494857,775220.9611041823,98.08930141464838,1204318.0455485631,1050132.1785321531,99.36747190879045,98.83231380844478,1243092.036776786,99.54495684556363,982703.4152732487,905385.7601403183
233,1548266478.39116,256708,33986,0.13239166679651587,1.409999966621399,32,32,0.06611328125,2438059.2198647056,103.26754007091742,1356455.251682222,101.26055943841038,1719897.5478103017,1515280.2356914084,101.54313857810496,101.40066917279519,1709539.1212545666,101.31806994659246,1708490.6868858747,1567405.2635917808
234,1548266478.42453,256350,27382,0.10681490150185294,1.4639999866485596,32,32,0.010247395833333332,2262556.901487453,102.94377536896224,1834328.1011372425,102.11416717155117,2088146.0191292306,1772427.159232485,102.36175140899907,101.63562780842682,1814388.751683296,101.73716785203969,1912884.44592706,1652346.4483872424
235,1548266478.45788,261556,34167,0.1306297695331019,1.38100004196167,32,32,0.014508463541666666,1566361.323467001,100.83888377418089,834644.7084340254,98.67661171170244,1352646.621823527,1116408.058535528,99.97262001470176,99.12512288195799,1308118.33651156,99.86153211662216,1211156.6263528531,966237.2722308
236,1548266478.52459,258401,5962,0.023072666127453068,1.6549999713897705,32,11,0.0,2313726.0255307187,102.60886252043474,2068102.407122849,102.23044033552418,2253108.021171295,2068928.2135461783,102.49649912532766,101.95779285195721,2173974.015899899,102.39906323122679,2108468.442148309,2054058.847571984
237,1548266478.55796,260128,7259,0.02790549268052651,1.6319999694824219,32,22,0.0,1931398.0510596295,101.50597765399743,1706533.8535980051,101.11242280744743,1874778.4329950237,1799664.0415933589,101.31891369604257,101.06298686965494,1903051.943371879,101.43346282347869,1796054.9239129173,1755901.8424479666
238,1548266478.59133,262293,3294,0.012558474682892796,1.593999981880188,32,24,0.0,1830619.5757636838,101.47007926172213,1722276.430015715,101.26723136193208,1815213.2818040987,1790432.4072829462,101.42363183032573,101.36015191474421,1828915.135474733,101.46573419617465,1803093.3739183212,1771138.300268647
246,1548266478.89167,257265,54544,0.21201484850251687,1.2829999923706055,32,32,0.14405110677083333,2728062.7046862603,103.42742656914879,952270.1644424605,100.03762814808096,1662617.5201632213,1389888.437456822,101.17261041157627,100.78930040698413,1482071.9120002103,101.0440552630672,1641723.5467972546,1487943.3197404728
247,1548266478.92504,260831,573,0.0021968247639276004,3.3989999294281006,32,32,0.0,2372911.697436968,102.4980576229037,2369819.5208104374,102.48766059357717,2371384.0946051995,2364025.1629921845,102.49320384535818,102.47623645188725,2371537.7312117973,102.48632241168673,2371635.0828507654,2367798.6750805285
248,1548266478.95843,260606,1046,0.004013721863656248,3.614000082015991,32,32,0.0,2751408.055647033,103.15747102352782,2745254.0891045574,103.11271236570121,2747962.8083063466,2728993.774289688,103.1425383159706,103.0913557045951,2750799.298729832,103.14334426042163,2749188.3861701707,2739541.9814435598
249,1548266478.99180,259544,54095,0.2084232345960608,1.3070000410079956,32,32,0.10019694010416666,2825953.026236747,103.22020213919623,930556.2546916744,99.86420204269307,2123132.185364246,1531362.1393551813,101.70905730728126,100.7484864350455,987863.0394199085,99.91917347178486,1802284.8350185975,1531358.1004812426
250,1548266479.02517,261902,53035,0.20249940817557713,1.312000036239624,32,32,0.07762858072916667,2482944.2365488512,102.31225650651082,730311.2078365387,98.83267429082176,1951642.8692049515,1438622.4866652777,101.00746117000057,99.83229034449566,1409633.3599526647,99.85189879221858,1436244.8874405066,1014142.0800648317
251,1548266479.05854,263073,5102,0.01939385645809338,2.4670000076293945,32,32,0.0,2475161.5582668437,102.08751289324142,2374913.946037663,101.86900503702246,2436809.433852651,2329392.2195137767,101.99104185197675,101.80887052214244,2428207.5184269515,101.92337949096932,2392806.7738030744,2326196.75821977
252,1548266479.09190,261283,712,0.002725014639299151,2.8350000381469727,32,32,0.0,3068340.9665375846,103.58558474736016,3060947.197562663,103.54692494957067,3064482.180180926,3053993.357055658,103.57471604318265,103.55039585622409,3064675.00032914,103.57107841641255,3065732.126820364,3049830.9045979884
253,1548266479.12527,260616,4745,0.018206863738220218,2.240999937057495,32,32,0.0,2673080.132381252,102.34650305026827,2518533.4129439136,102.10379857589149,2653672.556758223,2494545.8082394116,102.24384773093837,102.03379834043591,2651269.824601569,102.20973439097041,2625110.5300915698,2549004.3345915857
254,1548266479.15863,265225,49189,0.18546140069752098,1.3489999771118164,32,32,0.08355305989583334,2257990.768999619,101.0843505862083,746356.9412520067,97.69337459805772,1678922.760041737,1398982.328554661,99.86268242243511,99.18980283724673,1247295.076948908,98.84997998507842,1524708.2897987817,1090699.9212879965
255,1548266479.19200,264401,48168,0.18217782837432536,1.3589999675750732,32,32,0.03197265625,2705478.691031346,102.1960427735003,965122.7363109693,98.83328827385094,2402396.2012126218,1706803.0261556038,101.08106351283658,100.32699158881043,2260836.900672463,101.27742335564866,1809535.6300252806,1331890.5703982145
257,1548266479.29211,266017,50803,0.1909765165384167,1.4149999618530273,32,32,0.061004231770833334,2335508.198259211,101.25167241408093,464998.19086744916,97.21615592938386,1654750.283962452,1328645.9417967706,100.06516603390736,99.40640773250486,2036888.4617861672,100.40928628762077,1079577.9000949594,633319.5746399368
258,1548266479.32547,265578,54268,0.2043392148446031,1.4639999866485596,32,32,0.043365885416666666,2232306.7588126166,101.0492284993999,386035.21175951604,96.64806250045407,1694322.8068369436,1131633.472315533,99.84140532624185,98.90605765470382,1917831.55255417,100.08797901934688,1008925.1358740987,428121.329970002
259,1548266479.35884,266462,44206,0.16589982811808063,1.4270000457763672,32,32,0.04416829427083333,2064416.1764767598,100.56107377150255,411992.6159193341,97.08968907029855,1510241.9852217154,819606.7183894797,99.52971114535293,98.0930388876467,1542978.7663894559,99.58849426739482,1069730.8287738315,728403.3833296464
260,1548266479.39221,266673,47315,0.17742703610789243,1.4450000524520874,32,32,0.04265299479166666,2160266.3985465667,100.59830356549837,412638.5919578948,96.98114998284834,1594219.1452374393,952719.775001331,99.47333430083368,98.34015318532194,1843726.3551412756,99.58973859637136,1022427.5476613732,520314.8155511272
261,1548266479.42558,265536,43516,0.16387985056640153,1.4579999446868896,32,32,0.043795572916666664,2347730.4134097365,101.18826591542495,727633.9078446066,97.8412024932382,1887685.8313454296,1354591.6707401292,100.23572476191313,99.56288099486815,1489623.484476359,99.73396830131509,1568595.5555741414,1272876.7970659744
262,1548266479.45895,265966,53292,0.20037147605333014,1.5499999523162842,32,32,0.06941243489583333,2221620.815848011,100.72810536562122,345163.83200597606,96.06001637179827,1385804.6859281221,817925.9117993653,99.13238889755917,97.71716429126708,1118794.1260474648,98.8303660828371,1021769.5946087604,510377.3482338505
263,1548266479.49232,265687,58209,0.21908862684286398,1.593999981880188,32,32,0.1127490234375,1887158.4792890477,100.28349543628426,284969.35941772687,95.48697292116769,1037126.7396765745,695625.8647009853,98.32081266460933,97.26957922526285,942410.8791252101,98.20514013869806,715444.9920047317,357502.10995954776
264,1548266479.52569,265661,46520,0.1751103850395805,1.4889999628067017,32,32,0.08493489583333333,2061570.2409317293,100.7015598377294,351465.8756455158,96.50928078463251,1185443.1082027666,688348.5751960617,99.09067541620617,97.70849518904313,1896871.6839350327,100.09728678513657,1033718.7934444657,656164.9535387013
265,1548266479.55906,265537,48645,0.1831948090096672,1.5290000438690186,32,32,0.11845214843749999,2013754.844693616,100.47170796418185,328312.8391100888,95.96533531939903,936072.1645370265,524011.9654824079,98.40972236567526,96.94337079900303,891934.161903479,97.86669624687187,860606.5602868643,532253.0420481894
266,1548266479.62579,265155,65093,0.24549037355509043,1.7050000429153442,32,32,0.15919596354166665,2164787.2566613127,100.61815348179086,243698.18771434925,94.81696581347961,1000390.415152326,269530.19641346304,98.08626992884939,95.23075619708966,1118348.1214688837,98.44244626100398,829645.2930779986,273588.2809100103
267,1548266479.65916,263686,62278,0.23618242910127954,1.687999963760376,32,32,0.132412109375,1987498.2864763683,100.19718193519219,239949.15876634466,94.60873969827801,1008412.3644119956,524377.9100676511,98.07938720272593,96.27956386326011,1075473.187833619,98.19631187278765,721148.4005636431,252842.45513677684
268,1548266479.69253,265030,63827,0.24082934007470852,1.6959999799728394,32,32,0.1819970703125,1953873.575440129,100.08271574247577,239899.5827049939,94.43035113930083,725985.7453109894,424364.8420291651,97.0980041800131,95.7948673434056,697211.4446739967,96.65322448875094,750580.3005799253,403029.9243244642
269,1548266479.72589,264379,67589,0.2556519239425219,1.722000002861023,32,32,0.1902783203125,1960184.5665087292,100.02396165243127,230389.3410038339,94.28491790218908,754012.3647055362,635756.5320359122,96.91452787587286,96.56433705334166,696781.536758865,97.0232380322357,756176.5984754597,525306.0287634046
270,1548266479.75925,264664,68516,0.25887918266179005,1.722000002861023,32,32,0.21201822916666668,1903934.2982499239,100.07607587643767,234913.62715789682,94.227547128439,606376.6229685469,282084.91744415625,96.40443529890015,94.72226299797275,668583.2551337302,96.44707389979986,686031.0639113621,344161.32881922513
271,1548266479.79262,264224,69714,0.26384431391546564,1.7309999465942383,32,32,0.202646484375,1754541.7546094407,99.79175922356094,239176.74396690392,94.12297972074055,678043.5019812892,550231.0707443295,96.46519915145868,96.04275113018407,633749.980309689,96.4899121810534,646830.40809474,298572.53754847404
272,1548266479.82598,263968,69832,0.26454721784458723,1.722000002861023,32,32,0.208466796875,1648243.229087092,99.42750578197875,231795.30051197988,94.00332107004014,630495.0144574273,487294.53572854964,96.13196970781766,95.60099310580192,587907.8109328661,95.84651728006048,644018.986015079,356528.94149640587
273,1548266479.85935,264705,120255,0.45429818099393665,2.1429998874664307,32,32,0.3714111328125,1630141.7824782385,99.76280997362295,137750.8726763064,92.5431699754117,589578.7740729088,156736.47887121976,95.44093369302851,92.80971801085425,693640.6940006863,95.66026789881212,604541.3805427402,238717.26377171755
274,1548266479.89272,265223,121385,0.4576714689148377,2.128999948501587,32,32,0.38158854166666667,1439999.168539843,99.28443377181225,187136.14822907464,93.12771755598963,583770.2774130068,248515.09432837728,95.73059614954036,93.90095887518638,555849.9586471189,95.62798570578565,527923.0797420815,417369.38205091236
275,1548266479.92609,265381,143789,0.5418210045180326,2.1559998989105225,32,32,0.44979817708333336,1462504.0838560702,99.47914847341397,91094.64856102761,90.60102747072784,438755.28677682695,126514.67647107481,94.1489561312206,91.44573256718213,468534.1208823834,94.35413189062814,409114.94357113255,93802.11283949108
276,1548266479.95946,264579,117990,0.4459537605025342,2.1029999256134033,32,32,0.3739957682291667,1513493.9126886427,100.24747386235634,274869.73685547616,94.57105978988753,622643.8714061179,446214.54462997976,96.70792202551169,95.8375170340106,616747.3265303273,96.75583970385743,598233.8896674174,459662.66847517027
277,1548266480.02620,267298,147307,0.551096528967669,2.1559998989105225,32,32,0.4637255859375,1157787.7813609631,99.20166446499329,79984.08465408259,90.00842124567517,338727.4708455871,202989.72640368392,93.57592536363123,92.32648488705338,228077.32480015364,92.6143093888631,339499.3735834536,131914.0942605823
278,1548266480.05957,266755,123307,0.46224813030683587,2.1029999256134033,32,32,0.3925830078125,1077946.6410679354,99.477528442828,216250.26740737344,93.43267860386266,384047.94891384954,316905.05815961666,95.32959581902927,94.29994945178547,410580.34718991583,95.54061203704464,373171.5269423155,257578.0120072487
279,1548266480.09294,267923,9209,0.03437181578289285,2.618000030517578,32,32,0.0006184895833333333,963602.7510997446,99.0648738735063,907318.5404640737,98.58330550206405,910927.6565154248,861912.6742449144,98.80878741744039,98.54815211337181,909110.0744801952,98.74066111970859,905833.1627162783,860849.7431223025
280,1548266480.12632,268243,34430,0.12835376878427396,2.3980000019073486,32,32,0.016765950520833333,926330.75555132,98.92167270718828,758129.5321176737,97.40056881669733,804606.5148732789,752879.3610378201,98.05425739861607,97.58776386260973,761023.482724168,97.77962013201659,808639.2284949792,750837.2751027098
281,1548266480.15968,267773,36694,0.13703398027433686,2.4149999618530273,32,32,0.037962239583333335,975474.3010264726,99.39994695282093,782139.9267976525,97.80775280450699,845829.7423999433,790775.5211547143,98.45262287167876,97.96443899042468,854348.5880392281,98.14981058516379,849973.74035227,800132.3664468203
282,1548266480.19305,266705,9007,0.03377139536191672,2.5220000743865967,32,32,0.003297526041666667,911203.7615206233,98.98943216867244,865578.8731415959,98.50852210006224,866845.4666772434,824485.2903601389,98.72425811875826,98.54861002918423,890955.87911341,98.87551793016597,884535.9811578412,845177.5007896896
283,1548266480.22643,268382,12568,0.04682877391181227,2.559999942779541,32,32,0.006513671875,891497.6891774453,98.999894498229,829553.178990821,98.36776054526442,810735.7826256481,786519.6145099074,98.50614855271999,98.377234861658,807425.2161729009,98.5223170469715,829633.07515059,794730.7698841578
284,1548266480.25980,266913,3083,0.011550580151584973,2.618000030517578,32,32,0.0,901881.0173302663,99.37610434365328,824638.5308590911,98.94356387767236,884506.6066865443,862556.5835812079,99.27520155033451,99.09208451674284,887121.5356121236,99.30067901978023,890024.3881419287,850422.300072719
285,1548266480.29317,264965,2844,0.010733493102862642,2.74399995803833,32,32,0.0,876255.197417516,99.39041231225299,839733.9835599369,99.17689076389749,858362.2347745661,830843.4601842413,99.30415320823718,99.14697333341547,863496.5195839169,99.32673716153889,856213.0316829819,833600.4243737571
286,1548266480.32654,267346,714,0.0026706964009186596,2.7230000495910645,32,32,0.0,749956.4598652394,98.47886594726926,738461.7105115238,98.4226230156768,749251.6833792727,743476.5924524697,98.46904687637235,98.44970975532755,749575.5771623843,98.47385410442065,748925.6985201829,741498.4618611838
287,1548266480.39326,266775,2219,0.00831787086496111,2.618000030517578,32,32,0.0,564547.5319660685,97.67160783688497,514504.1234419884,97.39643372326297,555381.8184527876,531187.745599643,97.57502479695994,97.47564531689325,561753.8673665277,97.626930900491,557155.2460768379,535756.6979464836
288,1548266480.42665,267656,4805,0.017952147532653853,2.812000036239624,32,32,0.0001399739583333333,497799.6611984541,97.56286120049307,490304.7888080386,97.43130607843361,488946.6943331768,485527.1584371396,97.45244010089465,97.40705056626095,483490.5430953758,97.43931584475435,489862.27955249907,481513.76059314254
289,1548266480.46002,266076,5070,0.0190547061741758,2.7669999599456787,32,32,0.0004541015625,506936.952468784,98.00311167949519,480888.41460481886,97.72967424131792,497366.034025762,482300.94256549707,97.8791714687296,97.7938197602608,487897.32459168875,97.81187928812491,497087.9430867419,489226.54990783794
290,1548266480.52675,266455,30612,0.11488619091403801,2.450000047683716,32,32,0.008343098958333333,458142.7761631568,97.16468409700792,300269.0044958475,95.44315149288221,416294.627509093,343749.57118134963,96.49189818414592,95.92439563831695,367414.9006181343,96.19501948220517,374566.3389710414,338698.62914267945
291,1548266480.56012,264742,19728,0.07451783245574937,2.431999921798706,32,32,0.017626953124999997,508209.11498085846,97.77025052936503,377798.78996722604,96.740589919855,455180.59501761396,412078.09841178125,97.29162619026525,97.02668428594114,449237.7000619642,97.17491439184148,453894.84427052434,422877.28839340113
292,1548266480.59347,264581,42426,0.16035165034526289,2.450000047683716,32,32,0.04631673177083333,563096.8239280798,98.57742826009778,297322.78863487183,95.8744274794189,438636.65956872376,328161.89245742373,97.08956313800621,96.22936306890472,404256.26294967544,96.92603652511332,403474.15857205493,327637.0388850708
293,1548266480.62684,265520,31634,0.11913980114492317,2.4670000076293945,32,32,0.04264322916666667,508367.46974079136,97.66231943322906,326569.6147114613,95.76508763452327,394900.32350301836,356260.1876927759,96.63356813123953,96.08912313652134,373879.8864456663,96.46871065053746,439317.9257058683,372518.24896439444
294,1548266480.66021,264726,30359,0.11468083981172987,2.4670000076293945,32,32,0.021197916666666667,510893.35848398594,97.62747073605911,325858.5009866408,95.89523798940468,453962.0051976618,368254.57970692805,96.89178996111804,96.27459158726357,467272.7603919915,96.86611118627597,412333.00112078054,359879.07747985184
295,1548266480.69358,264266,5305,0.02007447041995565,2.74399995803833,32,32,0.00024576822916666665,491236.48128689354,97.47875532628885,471975.8214372169,97.23045969913034,483938.51321510377,475945.4607508775,97.38191731672366,97.31569194859652,482803.3242134172,97.37133073257554,482954.89742557204,475209.8730512564
296,1548266480.72695,264849,10782,0.04070998946569555,2.882999897003174,32,32,0.0030045572916666667,473460.1598073598,97.53548829788348,453600.41234595666,97.18497822205566,453716.1542981452,439490.3684336018,97.26833733514536,97.15079108640953,458118.5778830332,97.25864659263524,451549.74136436556,440140.0385572913
297,1548266480.79369,264462,8329,0.03149412770076608,2.7230000495910645,32,32,0.0010465494791666668,441138.8304410652,97.38220980522485,418231.91427191946,96.92959370410733,428524.40125055285,421991.47766422754,97.19138016039082,97.13326810664559,426019.81096540816,97.14595275317187,429758.8433903133,422342.82252177125
298,1548266480.82706,266084,21999,0.08267689902436824,2.4670000076293945,32,32,0.024539388020833334,400970.12318237266,97.1812593402299,277459.3293780933,95.94969216500084,337746.0940701717,295362.8504003252,96.46301451901954,96.16979938550064,337879.7190639706,96.41722222091276,355258.69710099633,301034.77411686326
299,1548266480.86041,265087,24407,0.09207165949292119,2.484999895095825,32,32,0.02352376302083333,382822.77340095636,97.08269758673353,245991.13244579165,95.6077585567881,319980.1239493062,274185.5373248258,96.29032537073769,95.92629913102795,330882.36223275645,96.23894948574227,319048.7535679103,268048.16522156843
300,1548266480.89377,265532,6163,0.02321000858653571,2.7230000495910645,32,32,0.0003515625,386204.9162191052,97.25720539822976,377816.53907824686,96.98401825695709,377873.23781092983,373294.54230925936,97.13173368733413,97.08287950688978,384239.8279964278,97.20143577036029,377408.6238548708,373940.54944874486
301,1548266480.92714,266129,21169,0.07954413085383405,2.450000047683716,32,32,0.009568684895833334,365834.92550484545,96.7672125379365,229931.0692880087,95.30965521955257,321774.0140896891,264670.7090638577,96.18148400824123,95.71025053100878,335144.3749611794,96.23635319639374,310835.8843916877,267559.083815141
302,1548266480.96051,266232,8064,0.030289371675831605,2.7669999599456787,32,32,0.0012809244791666665,349713.8781576615,96.7351011174211,333814.47632534406,96.23194697026021,339988.84119752323,328898.4984548748,96.5304563230025,96.35846789755972,341257.7881836601,96.57578500683138,338993.8662961309,334020.441359359
303,1548266480.99388,267371,6273,0.023461781569429744,2.8350000381469727,32,32,0.00043294270833333336,327325.1698453355,96.17440550836241,314968.4890917201,95.84777825222307,319602.6297547273,305289.1953089898,96.02495563035498,95.94870526372853,319832.12761686667,96.01783409293739,318169.62387711526,309905.6438969403
304,1548266481.02725,267252,5759,0.021548950054630086,2.74399995803833,32,32,0.00029622395833333334,322341.0212010878,95.97688296426763,309896.4413978515,95.55710292148112,314960.75254269945,309828.43191294844,95.85252294846025,95.77837759388515,316042.70221417514,95.85943685155209,313403.4154533031,308446.0596697928
305,1548266481.06061,267760,3170,0.01183896026292202,2.7230000495910645,32,32,0.0,315484.4897279324,95.8567732571044,309347.02626373793,95.60731775856995,311916.8255939778,306235.7994219434,95.79537604485492,95.72282088847685,302085.67518531944,95.72796757650039,312287.17685398087,301224.604850424
306,1548266481.09398,268001,6405,0.023899164555356137,3.009999990463257,32,32,0.0006298828125,300487.34659858776,95.6828478527505,284704.1193354979,95.32840856378918,290799.85095510527,283815.2616949301,95.53042795036443,95.45090076866491,284876.11674695194,95.4604625720319,293137.7672304276,285990.58698777715
307,1548266481.16073,268093,21862,0.08154632907237414,2.450000047683716,32,32,0.011031901041666667,308631.58962904144,95.86413564898572,186067.4467211026,94.24833103907466,269250.4291430536,224805.0738711288,95.21960701600165,94.76637799211119,262962.8895373971,95.19474746387478,259588.0549686539,225233.12591119626
308,1548266481.19409,268037,5485,0.020463592712946347,2.7009999752044678,32,32,0.0001318359375,306388.1102782576,95.69900394281811,284381.46592159226,95.1614173086559,297013.8178053695,287416.0354946166,95.57825410343182,95.422255188909,296399.844973867,95.49321412620935,296410.4306357133,288596.6607722524
309,1548266481.22746,267553,5948,0.02223110935029695,2.680000066757202,32,32,0.0006445312499999999,345141.6490157195,96.27970156718565,316900.0108313868,95.56311745837337,335940.06203975505,326615.14221102605,96.13896475829596,95.93700384328436,338073.32767852384,96.17949191047907,336281.263276635,325329.7417390741
310,1548266481.26083,268608,26110,0.09720484870145342,2.503000020980835,32,32,0.007573242187499999,311342.6227065587,95.47710422247837,165895.6067474291,93.58084565194618,282158.31083717616,220823.39208744603,94.83342977961917,94.37117170882303,280499.96087407717,94.84524470823409,264244.23470011924,204473.13045744904
311,1548266481.29420,267938,25111,0.09371944255760661,2.503000020980835,32,32,0.020319010416666665,301401.26649685274,95.38012630641322,159876.91720891994,93.40523286492994,252155.17570600408,215922.8681917066,94.60766081366525,94.22916952729385,243415.40085224327,94.30964967719001,244411.86782796384,213622.97031880243
312,1548266481.32757,268372,24997,0.09314309987629112,2.503000020980835,32,32,0.029215494791666664,320306.19192818983,95.84105265970007,177972.86575803312,94.0594125674923,261158.84725579736,235900.55691086757,95.04363189354348,94.7242493578956,251731.1600779663,94.95331324995539,267716.9555077787,233993.46690938048
313,1548266481.36094,268470,4802,0.017886542257980406,2.7669999599456787,32,32,3.90625e-05,309669.56190217874,95.53569226115115,298810.31576502795,95.1150137669573,302672.4461676586,291316.88713196147,95.4109614276542,95.3229179212077,305805.11332573375,95.44739429711763,303582.05300036597,291661.24744638166
314,1548266481.39431,267743,23484,0.08771097657081604,2.484999895095825,32,32,0.0247998046875,297973.6547694348,95.28665177296037,151700.97000158048,93.33813362027527,244664.72497453674,202151.7273903206,94.58995796224806,93.9780590432675,211367.67171425716,94.18186925468709,254746.01672253234,197888.04559828815
315,1548266481.42768,268019,25600,0.09551561643017846,2.5220000743865967,32,32,0.02653971354166667,326294.8380961267,95.69259935692247,169568.06128865638,93.64781923892919,259461.9372859085,207221.06059451425,94.83741780016933,94.20597457565067,243941.01713615828,94.76854130764448,263158.68263146246,218854.26530343448
316,1548266481.46101,267280,24244,0.09070637533672553,2.503000020980835,32,32,0.027565104166666667,297787.62061658205,95.14218799600602,160870.59419441104,93.24393571466582,244241.25079177055,203329.2735257643,94.2873638911687,93.9294834901416,274262.4892488459,94.6901649907445,266626.60379100026,222947.7589728535
317,1548266481.49438,267978,27417,0.1023106374403869,2.5409998893737793,32,32,0.025543619791666666,320897.9066653057,95.29484831377809,168158.86053089847,93.19494917266218,258836.66931640124,222566.27590618934,94.36297834269827,93.875993587797,256022.84061208126,94.15401708036585,265124.37161763606,224614.0106427666
318,1548266481.56112,266868,23261,0.087162941978806,2.503000020980835,32,32,0.02718912760416667,317613.92417647544,95.22419417786386,187008.36218888484,93.3750577425621,250984.55783186492,212015.75813193782,94.30950237873762,93.82603130981121,306249.2466019784,94.83246403462861,272550.475015007,232765.66475243977
319,1548266481.59449,265305,16057,0.060522794519515276,2.3980000019073486,32,32,0.005086263020833334,385468.1766675394,96.38075403721594,256771.21891553522,95.0639104455017,352800.8132139758,295130.2508179655,95.89676933331421,95.4786333517951,382579.9543316734,96.28580747940148,345876.1406883246,308127.04288711894
320,1548266481.62786,265989,2921,0.010981657136197361,2.7009999752044678,32,32,0.0,361142.63217528805,95.95825115679746,349414.89750694064,95.64871495713416,355964.1759630592,348928.4450840299,95.87833199975225,95.7974801290357,351588.2732696687,95.8003983557448,357015.23419402156,348735.3115029212
321,1548266481.66123,266148,18904,0.07102814975126621,2.431999921798706,32,32,0.010734049479166667,413392.0988218709,96.59723453018134,272469.55106615374,95.17327084662114,365720.0496902071,327336.4696016749,96.007134794806,95.63695286600057,324425.9095796026,95.84392295407937,358973.52981894073,327185.34523692966
322,1548266481.69460,266941,2685,0.010058402418511955,2.7009999752044678,32,32,0.0,344606.60846030986,95.42675085165041,331807.47631551843,95.11914714588193,342029.86421967106,334961.3603126149,95.37819013249006,95.32618861509499,343820.7255228601,95.41071027065871,342117.39441746136,334363.647569516
323,1548266481.72797,266348,20363,0.07645261086998964,2.450000047683716,32,32,0.011648763020833333,343956.5317953371,95.69150345527734,225225.31782538234,94.13482436397948,302906.87742863945,267357.8109066464,95.0594068179596,94.67520293673506,285175.6050002119,95.06839522703007,306003.7847139337,263884.45810138027
324,1548266481.76134,265731,974,0.003665360834829207,2.8350000381469727,32,32,0.0,370508.5757923874,96.15303399365126,369512.9525308122,96.09592176859161,369975.8049114095,366954.1736690733,96.14258055379575,96.10683776211788,368969.2950846096,96.12570278568936,369766.13786351023,367164.09530633775
325,1548266481.79471,265434,1456,0.005485356058379861,2.7890000343322754,32,32,0.0,362700.12233457447,95.89713540838008,354009.6469871243,95.71176199421326,361348.8088031373,356843.1952131828,95.87473102054271,95.8107294884825,357733.9746792777,95.85332550448841,361304.8759527764,354985.3273328221
326,1548266481.82808,266137,532,0.0019989704550663757,2.882999897003174,32,32,0.0,351099.96386674733,95.58209990425242,349448.70557655755,95.53374361601226,350659.167257274,348077.58036420017,95.57441292349384,95.54038311725006,351071.5475122172,95.57725933113755,350792.13890034816,346459.89815080166
327,1548266481.86145,265980,3037,0.011418151740732387,2.7890000343322754,32,32,0.0,388235.6174465066,96.22059984437539,381187.252009243,95.91300254295744,384403.41076236044,378947.8041067261,96.15930624765687,96.0789682000456,382500.9324118613,96.15985924545649,383428.4285996646,378121.94041301525
328,1548266481.92819,265272,2786,0.01050242769685455,2.680000066757202,32,32,0.0,399918.6704827652,96.28520638372396,392724.609680823,96.07399472526521,396711.9791279838,392897.19701906404,96.2415353968625,96.20210986574835,397036.2049531598,96.22155352777455,397828.70813406806,391967.4151920237
329,1548266481.96156,265360,2210,0.008328308712692191,2.680000066757202,32,32,0.0,447449.7817429612,96.63016241856604,440671.4679764082,96.42152009771706,444288.45924231503,437722.5157450362,96.58819100733551,96.5229051651754,442935.89556846465,96.60385786162792,445486.6903557342,439615.482096051
330,1548266481.99492,265700,624,0.0023485133609333834,2.9579999446868896,32,32,0.0,328367.22512372746,95.63171067793844,327277.97214360116,95.59428605548582,328236.2076195357,326754.2803980055,95.62681280919671,95.60784239080613,328148.87770812685,95.61648122976672,328209.36501012323,326162.3540200691
331,1548266482.02829,265414,745,0.002806935579886517,2.882999897003174,32,32,0.0,424659.94643691904,96.67549193579492,421508.20508328127,96.62733067714348,423759.0257082883,419204.69498396467,96.66139016298192,96.63474005003164,424556.0608052867,96.67161548045631,424015.86222780054,421409.17542599776
332,1548266482.06167,265247,2161,0.008147123247388283,1.8630000352859497,32,32,0.0,365535.51867768605,96.1842494551021,335769.02731693065,95.85700734659044,364985.00992307084,359060.9738474919,96.17176368219569,96.05877662457064,360351.81253486604,96.10062551155079,363003.7185068553,346845.64606878994
335,1548266482.16178,264453,790,0.0029872983100966903,3.2690000534057617,32,32,0.0,432995.3207857058,96.95438190242663,431073.3555568347,96.9363807335902,432797.0408290824,430766.9910079623,96.94629707100205,96.92254295390141,432144.0509745294,96.94248298641642,432766.2192889878,429930.6287638169
336,1548266482.19515,264637,3997,0.015103708098262903,2.484999895095825,32,32,0.0,436815.5779930541,96.86878421514061,401939.1358639769,96.4751071530988,428762.74647347897,409402.13175610814,96.74924746051778,96.68090116135103,418375.93618752767,96.74094659282974,428931.00012992986,413358.82182842394
339,1548266482.32865,265069,18445,0.06958565505585339,2.3489999771118164,32,32,0.0007845052083333332,440404.2624992786,96.77272754231787,346834.5763113921,95.52968390872391,411247.5836082473,358739.6927085207,96.24381524459285,96.07050182710103,433788.8566299243,96.46917788180278,402895.95359818114,358098.07091655093
340,1548266482.36202,264225,19377,0.0733352256599489,2.365000009536743,32,32,0.0029833984374999997,476655.2875022991,97.05862872187717,372764.0882120199,95.85999639671816,449917.32856650604,382814.35157226346,96.64887388500725,96.28355997233334,458723.4789381436,96.71766005581863,419324.02265561814,378720.19338322873
341,1548266482.39539,265703,27414,0.1031753499207762,2.431999921798706,32,32,0.0322705078125,400102.2904172659,96.06139875829734,243455.66963871228,93.88290828512498,321104.2496161083,275389.36681645754,94.98657375024527,94.38626380762952,354061.2861975595,95.20939641916905,314371.97872613004,274183.5278650621
342,1548266482.42876,266557,28340,0.10631872357507025,2.4670000076293945,32,32,0.02081705729166667,332464.1873395601,95.07383106193357,205509.54033110198,93.00258509867137,290689.1678494341,244778.34871799743,94.35273919447738,93.85506804430386,297844.26589446655,94.19456466281721,276307.9845452233,241635.51546318206
343,1548266482.46213,266729,27613,0.10352455113617191,2.450000047683716,32,32,0.019091796875,358901.63814096805,95.66756175350726,212405.40250626745,93.62666241933383,300769.07839859475,255587.11737325467,94.73838371555493,94.30951424071947,282362.53138909145,94.87355288714116,296194.5105974373,251674.52053567173
344,1548266482.49550,266299,24389,0.09158502285025479,2.450000047683716,32,32,0.021298828125,365703.5922335458,95.78970170885907,254827.02657928452,94.37655841098265,310917.0178200543,271988.751993551,95.06340693740226,94.62937652668958,345823.57672929036,95.39107458861149,296108.21451589186,267455.4691172826
345,1548266482.52885,265886,2143,0.008059845196813673,2.9839999675750732,32,32,0.0,411978.6608509491,96.58368346225055,408352.4993303453,96.46233864098306,409479.33521146,404294.15012072,96.54883547572466,96.49524718137299,405606.51461311657,96.5249331045153,408445.08195097756,402910.706412514
346,1548266482.56222,265925,5586,0.021005922722572155,2.882999897003174,32,32,0.00017740885416666667,399137.7391384619,96.19940926630905,393592.1533046944,96.00208125266201,394963.242769359,384127.8165798866,96.09052333124345,95.98999715122952,393231.65551217657,96.0657554129785,396866.22902188764,386976.2068319081
347,1548266482.59558,265450,22700,0.08551516293087211,2.3980000019073486,32,32,0.018359375,423683.7368026705,96.69188973858408,290693.16747053445,95.22855100641235,374306.90906946786,312844.9057550026,95.92806398024985,95.71399224931743,331507.5747235293,95.82126570327867,356048.33071039745,316971.87908109714
351,1548266482.76240,265856,4381,0.016478845690900336,2.3980000019073486,32,32,0.0008447265625,432128.8779237672,96.74844115285994,394682.86300992884,96.25587176167099,417489.00016623427,397826.90322092455,96.58642436992889,96.38968326460342,393339.79369760415,96.40941894559187,419633.54053846706,406077.45461074845
352,1548266482.79577,267350,1017,0.0038040022442491117,2.7890000343322754,32,32,0.0,353508.67561235063,95.62050998956607,348644.8878421222,95.51538626342418,352013.41271104687,348879.9337072179,95.60004295139308,95.55479015729318,349800.612288595,95.56906618635018,352683.25123480824,350461.4359827504
353,1548266482.82914,266970,1201,0.004498632805184103,2.680000066757202,32,32,0.0,399659.88478931924,96.35265599885177,398857.2833296179,96.32011376753668,398221.4952080165,392988.23409894534,96.3275362658934,96.28399037750177,399394.0568157799,96.349209472912,398126.87157302315,392194.86142192676
354,1548266482.86252,266083,1615,0.006069534694061627,2.7230000495910645,32,32,0.0,415401.6258697023,96.63344044122933,412738.3131908806,96.54216430194155,413301.3830734823,399498.0763386855,96.60912340325103,96.51572441871437,414005.36484487285,96.61893351897842,413840.12783765385,410069.6899886834
355,1548266482.89589,266464,2570,0.009644830070853849,2.559999942779541,32,32,0.0,425376.9774128813,96.61744557158406,407205.495741785,96.3318851250513,420678.9931463166,410864.2325001544,96.56490548518232,96.47186191089256,422103.0952239977,96.58386496868101,419962.2413420185,408535.6102386383
356,1548266482.92927,266062,1039,0.0039051048251911207,2.9079999923706055,32,32,0.0,416845.4632712299,96.61958604672259,414098.1107620976,96.58384823158578,415563.18056930153,411383.52774911374,96.60363833288861,96.57624109364752,415534.1777020647,96.60047132962728,415684.70608453103,412378.5009212259
357,1548266482.96264,266077,3996,0.015018209014683719,3.0369999408721924,32,32,6.510416666666667e-05,430331.2953754781,96.81415897525177,425291.0769918718,96.69522715220093,423055.5844452748,408616.10647832503,96.7228559196769,96.64198356199356,428856.7822495271,96.7975421228482,424324.9789106293,410267.32853652455
358,1548266482.99600,266779,1812,0.006792138811525645,2.933000087738037,32,32,0.0,424425.1003567203,96.6399420020754,422076.9201987426,96.57751335154961,422045.07670788583,414748.67878282315,96.60571739040542,96.5624997970259,420672.4853700689,96.60493693510266,422181.7119904447,414218.74587948207
359,1548266483.06273,267835,2382,0.008893535198909777,2.9079999923706055,32,32,0.0,346667.1008259783,95.53992649097198,333230.9072833211,95.30966772363374,342846.7619505686,335575.9003743561,95.4807839662561,95.39674726979887,344573.83791600476,95.51582330286085,343242.41142133484,333924.46866658836
360,1548266483.09611,268545,7005,0.026085013684857286,2.9839999675750732,32,32,0.0,369983.29075944144,95.81250438373819,362870.8895393435,95.58970576759819,364372.68053690944,340385.3471360133,95.68895337628216,95.53445008853475,369156.5088135857,95.79474209681746,363248.4390593009,344551.4309088116
361,1548266483.12948,268300,3736,0.01392471114424152,2.9079999923706055,32,32,0.00016438802083333333,320903.8037411464,95.20337650340771,306476.8197183934,94.94518929933787,316781.7472928954,308497.3856771476,95.13430930148809,95.01478114012147,314055.9012704988,95.13121509265792,315641.6723639118,311993.0857491106
362,1548266483.16285,267854,3209,0.011980407236778245,2.933000087738037,32,32,0.0,366068.31297160767,95.98827679532481,354319.29545718024,95.7901968741428,362151.61396017356,353847.70069350116,95.91778430127711,95.87893080179634,358925.5888707906,95.91320144474179,360038.86220412795,354375.6492160277
364,1548266483.22957,267720,2318,0.008658299716121321,2.6589999198913574,32,32,0.0,423731.2677552714,96.81033088722575,418270.1290391179,96.65756224299838,421499.3201127618,414162.9598046389,96.77964928304198,96.71100325610244,422429.12250840274,96.79694932913569,420970.0060773415,412834.969126511
369,1548266483.42977,267558,4756,0.017775585106780584,2.9079999923706055,32,32,0.0,384727.0629952873,97.05557619937332,355222.5768118784,96.75792422954746,382331.4540585272,381078.43682771747,97.00120763739304,96.92941777382246,383294.383286293,96.95052034056857,381812.5504833083,376925.9512795923
372,1548266483.52989,267067,1499,0.005612823748347793,2.933000087738037,32,32,0.0,417827.2540027243,97.29937498282425,399451.41431852797,97.11430549165695,415979.4780521499,412066.2913310771,97.27295498118605,97.22485294840565,416852.98394590465,97.28115857564038,416713.9535949009,413292.1373229716
373,1548266483.56326,265966,2196,0.008256694464706015,2.618000030517578,32,32,0.0,411848.7063238192,97.46125768147904,408977.1266494634,97.36377887379007,410841.17308977165,406873.4958944876,97.43346452490869,97.37341716829285,411716.1471065417,97.45828769633013,410230.51501031464,390960.98395752034
378,1548266483.73006,266066,4761,0.017894056361955304,2.9839999675750732,32,32,0.0,381932.68699746864,97.08148761070248,373731.9236518742,96.84609507688151,377426.44448558,364005.9190811679,96.9913164728942,96.89024078900943,364715.42584558716,96.95212649449482,376683.2269286398,366164.24599745567
379,1548266483.79680,266850,3555,0.013322091062394605,2.6389999389648438,32,32,0.0,392778.49831039,97.29607331998888,385658.09800351574,97.08961141844681,386662.19951026747,375731.63621163164,97.20714169426472,97.11938479866602,382818.0561599528,97.17657319730121,389500.68599318713,378869.93134286336
380,1548266483.83017,266663,576,0.0021600297004083805,2.7890000343322754,32,32,0.0,384939.8722976075,97.23118275676194,377625.4199626602,97.16553668972848,384144.7335628224,380569.28933667415,97.2187553760777,97.19158755718328,384837.0137866999,97.23028804473658,384274.5964557666,379689.70792992366
397,1548266484.43081,266402,3118,0.011704116335462946,2.680000066757202,32,32,0.0,376782.8205199167,97.03257556346185,372836.7209124304,96.78642628179959,371953.54273872473,361000.0133389867,96.95780261640178,96.88408779373245,376019.29559035756,96.97935341178176,371432.33193482517,354910.2193511347
398,1548266484.46417,266390,2955,0.011092758737189835,2.812000036239624,32,32,0.0,380453.57264259335,97.13249746186975,374705.21588642104,96.97264467082121,376072.0627732234,368337.81053548295,97.09537285465912,96.99707037464488,374722.22619133233,97.059126558926,375352.5912513748,358378.8905399455
