frame,stem,n_valid,n_removed,removed_frac,depth_med_masked,n_null,n_dmatch,overlap_med,lam_all,logdet_all,lam_gt,logdet_gt,lam_null_med,lam_null_q05,logdet_null_med,logdet_null_q05,lam_ctrl,logdet_ctrl,lam_dmatch_med,lam_dmatch_q05
1,1548265882.54513,262248,2052,0.007824654525487324,3.0369999408721924,32,32,0.0,1839209.046847536,102.29557975226587,1832166.8281374134,102.20769397489882,1823417.8948193276,1791096.6913344122,102.24952767308403,102.12861674340584,1816135.8496736833,102.17441985966224,1827466.6865002275,1808392.889530167
2,1548265882.57849,264106,4743,0.017958698401399437,2.6389999389648438,32,32,0.00029622395833333334,1496384.7681277315,100.52787070832392,1485608.7492619273,100.4434747452172,1478187.1226974465,1431600.0764380528,100.42000974692823,100.3855685328335,1461876.078979977,100.46018378320602,1487294.8085739005,1451449.0954405551
3,1548265882.63875,266262,9724,0.036520419736950825,2.7009999752044678,32,32,0.00020833333333333332,1858985.330496647,101.30892758259849,1802131.4011869987,100.94204514902418,1821086.9991982568,1791005.8458460064,101.14982220882474,101.04492552539682,1803145.831150743,101.06804355979688,1816230.3009560863,1801768.6131304165
4,1548265882.67210,266079,7995,0.03004746710563404,2.6389999389648438,32,32,0.0009912109375,1505318.9705516568,100.60425040935837,1471279.8400977098,100.30223058111413,1475557.6336718383,1437848.423693995,100.43177491596205,100.35939738985402,1479877.2539321012,100.49142081823676,1474706.2424495681,1446487.5387956863
5,1548265882.73881,264266,3459,0.013089084483058736,3.3329999446868896,32,32,0.0,2054957.4083608957,102.68834406398511,2037851.4817045126,102.55970429747774,2027095.8160608741,2006425.3587407998,102.60843970426828,102.55545009883194,2028270.5197057617,102.6010393530313,2032153.6126328965,2007963.087759222
6,1548265882.77217,264970,5912,0.0223119598445107,2.5789999961853027,32,32,0.0,2146921.0842525084,102.38059721832538,2128612.0373995705,102.13193824250678,2111377.1893624784,1984470.7344822937,102.2736177136706,102.13671592805147,2101484.5978199663,102.2205274795065,2124804.4166878336,2050389.0230017523
7,1548265882.83890,264242,5377,0.0203487712021556,2.5789999961853027,32,32,0.0,2269811.7199656693,102.90695695392736,2239369.7116070664,102.66201480855895,2259923.389510971,2235974.0589503916,102.84452299327745,102.72625123835054,2258329.469047313,102.85577939255296,2255794.8720739414,2235759.687978768
8,1548265882.87227,263130,3081,0.011709041158362786,3.009999990463257,32,32,7.486979166666666e-05,2222257.3562674806,103.07750627131688,2202975.772843626,102.91925385673653,2205475.6859515375,2171658.5266857445,103.02337768515343,102.97304596569575,2197317.9610429737,103.04212693186541,2208103.3670603167,2184796.4323142716
9,1548265882.93898,262961,2345,0.008917672202341792,3.433000087738037,32,32,0.0,2364422.037715902,103.21843414508518,2306917.5496709817,103.10407724115845,2344270.195170928,2320846.8523183228,103.16788101236236,103.12860422227921,2358332.3679365297,103.1914774744717,2336940.654803463,2321230.1313783093
10,1548265882.97235,264073,7940,0.030067443472070222,2.680000066757202,32,32,0.0004703776041666667,2119028.5752348895,102.69325101951853,2085879.3304856685,102.4237554238406,2082685.5759840482,2051998.6257858968,102.53384420114607,102.443539539846,2064343.6231747898,102.44096351908044,2083274.0544852742,2051224.9048425688
11,1548265883.00572,265260,7262,0.02737691321722084,2.6389999389648438,32,32,0.0,1839436.7818637826,102.08903740369675,1804475.5902927925,101.89427763985043,1809700.7819477553,1793278.6446331511,101.94999544081898,101.83628796722138,1782589.269032592,101.80984583975025,1807948.2693714248,1786094.0690715213
12,1548265883.07245,264397,7222,0.027314984663214786,2.6589999198913574,32,32,8.7890625e-05,2249819.016543808,102.9636703421942,2225251.089655182,102.72311634303838,2213918.485011719,2161694.7941580946,102.85094454412548,102.74725162922452,2219789.566149437,102.82847375893364,2213541.1381148286,2172451.8071761876
13,1548265883.10583,262831,5035,0.01915679657270261,3.503000020980835,32,32,0.0,2239695.1452260017,103.09087098946185,2228101.7355034566,102.97631175121991,2196114.0178217264,1990027.5090138202,102.98749801450438,102.83158087326929,2159112.739169527,102.87709624346554,2190460.1617728285,2143298.6031578733
16,1548265883.27269,263792,1042,0.003950081882695457,3.5390000343322754,32,32,0.0,2262883.060283104,102.83420219309357,2249543.396929695,102.7929467144413,2257418.5432300353,2238181.0142314597,102.81374694588675,102.7854362649394,2253915.1273906585,102.81070833381993,2252972.2831877028,2221037.186303293
18,1548265883.37280,264282,1354,0.005123315246592655,3.6530001163482666,32,32,0.0,2172055.241029946,102.64825724756676,2128059.305793307,102.57285626727389,2161751.487970612,2146241.542758393,102.6205884985456,102.6017424640641,2161551.2297827145,102.60454083553424,2158799.867067131,2120693.47863167
19,1548265883.40617,263284,929,0.0035285091384208685,3.1489999294281006,32,32,0.0,2269745.887344969,103.09413645994866,2264071.882847924,103.02065625722625,2266037.5457933987,2251755.7132117245,103.08185144843293,103.05534892013891,2258286.562141288,103.0587694561784,2265904.691509151,2224745.413566866
20,1548265883.47291,264794,3179,0.01200555903834679,3.177999973297119,32,32,8.138020833333334e-05,2119734.847145487,102.15827581102917,2100288.2793568345,102.04343618956929,2097136.6957081766,2067983.2231039898,102.08387642389046,102.0443528307269,2072946.8601979394,102.09595452019906,2101094.5770857274,2066264.4367629187
21,1548265883.50628,263018,2833,0.010771125930544677,3.6530001163482666,32,32,0.0,2354802.183154878,103.20717892726732,2313745.338306702,103.05279187438335,2332627.54078645,2305523.746495886,103.13752455596446,103.07925798874943,2317176.935576878,103.13468171997602,2331903.386926604,2317033.1186613264
22,1548265883.53965,264406,5858,0.022155321740051286,3.3329999446868896,32,32,0.00018391927083333335,2178666.607725177,102.07397057097725,2153931.5959683084,101.91022193546117,2137352.1758510047,2097420.523789824,101.95447677989097,101.87679448187686,2113290.498039792,101.90287968924423,2146761.633946307,2107243.5462236716
23,1548265883.60637,263459,5090,0.019319894177082582,3.614000082015991,32,32,0.00014973958333333332,2134093.1015165597,102.29783457627917,2102562.980614004,102.16351877545898,2095956.9491098505,2021952.2560620261,102.19633773686901,102.11639090331671,2127929.026670717,102.2490160717268,2092321.5268614562,2050842.1626045678
24,1548265883.63974,265053,41752,0.15752321233866434,1.9359999895095825,32,32,0.05653645833333333,1811819.3700364935,101.2035562177245,1200307.1545394715,99.01411912125262,1452740.7464152174,1284152.6307482277,100.12917223893768,99.42582825259139,1335128.9376647382,99.38281372190741,1419913.9760071342,1270824.3001474708
25,1548265883.70648,264675,5554,0.020984225937470482,3.2690000534057617,32,32,0.0005973307291666667,2060930.4996467654,101.74467362282036,2041377.9881483254,101.59176796825818,2017578.1242693919,1980534.3122699147,101.63455679062142,101.55913253015541,2020023.7736243762,101.62216906388532,2023482.4774435149,1997442.102869164
26,1548265883.73985,265994,6896,0.025925396813461957,3.2690000534057617,32,32,0.0004866536458333333,1594068.780702543,100.59401835533768,1563661.8048898021,100.39043648429754,1559748.8027721948,1525947.0625871597,100.4612704960736,100.40403847146845,1574305.6925334272,100.51570788460162,1560249.8112395678,1536003.036370729
27,1548265883.80658,263817,6106,0.023144831455137464,3.23799991607666,32,32,0.0011083984375,2077512.8743505846,102.09071057241479,2053404.6085412547,101.89266399167063,2030830.0590743856,1972467.5948976337,101.95989883881853,101.85931878791668,2035687.2585559776,101.94635900733913,2034475.1190081052,1975123.5022079723
28,1548265883.83995,262264,6314,0.024074977884879358,3.4679999351501465,32,32,0.0008024088541666668,2184450.6508731176,102.81277855730266,2147154.3157759598,102.59952262911702,2141463.414130001,2099252.9336952707,102.68606981998015,102.64381366526378,2150439.2238103775,102.72247999168226,2142679.896005775,2103749.566629809
29,1548265883.90669,260227,4151,0.01595145776571993,3.3989999294281006,32,32,0.0002734375,2230596.9547266024,102.85788286814164,2194065.8766756156,102.68630793076147,2197941.996942159,2168860.2497151894,102.76983623695813,102.71418636864614,2200295.5854997654,102.7409236986891,2197904.4955361597,2172667.8959135497
30,1548265883.94007,260137,5950,0.022872563303182554,3.365000009536743,32,32,0.0009130859375,2096384.9962390019,102.31945044381546,2067938.8589085294,102.13136275057397,2048645.427893425,1972662.643178399,102.16495790877673,102.0217370437196,2033063.156119605,102.14113571313342,2036086.9027823159,1960860.6382182743
31,1548265883.97343,261104,7466,0.028593970218763403,3.433000087738037,32,32,0.0019970703125,1632902.3375094843,101.1595244396509,1609287.273013104,100.97168329077672,1598955.2174648198,1561675.713129807,100.99289706724333,100.94338042593978,1606510.8330598555,101.01075742936678,1600863.8092512973,1578862.7384481607
32,1548265884.04016,258358,4202,0.01626425347773245,3.119999885559082,32,32,0.0002880859375,2003302.3107553292,102.28738705734663,1985646.345718779,102.14251475166789,1986129.7526412942,1930550.6278353948,102.1913255486858,102.1201512397707,1987541.6764999088,102.20000590069516,1984854.1964836372,1913233.3502543068
33,1548265884.07352,258249,3565,0.013804506503413373,3.0920000076293945,32,32,1.6276041666666666e-05,2008872.3926792373,102.13479961683062,1970278.6517260554,101.98024075699388,1984680.3241119233,1948718.5660921556,102.06702009371762,102.0105567164314,1936905.4507856944,102.00629841632173,1986945.276341325,1946362.4131127875
34,1548265884.14025,258709,829,0.003204372480277068,2.316999912261963,32,32,0.0,1730825.1162810873,101.6458947396253,1719700.3764682147,101.59201021546224,1729375.7350888932,1703147.1848902807,101.63414786849646,101.59227593796872,1728825.887577205,101.62218983175126,1728532.2485664785,1695293.1744626088
35,1548265884.17362,255451,912,0.003570156311777993,3.6530001163482666,32,32,0.0,1945876.082578932,102.46897783229987,1941927.7897715059,102.45691500471506,1945315.1960392995,1931429.4065421578,102.46556225649408,102.44115034565445,1883401.5056025542,102.3772108251522,1944257.381933808,1922713.5501477316
36,1548265884.24037,257953,2212,0.008575205560702919,3.119999885559082,32,32,0.0,1680141.6560086694,101.77977085641243,1676825.8637958304,101.7051572741453,1673717.987737325,1644228.3367729078,101.74337507543808,101.68261496006487,1675274.7375774097,101.77073822954989,1675526.1893237908,1658531.1771161908
38,1548265884.34047,258272,2894,0.011205240986247058,2.9839999675750732,32,32,1.6276041666666668e-06,1583241.2834132144,101.66863653167225,1578339.0537427298,101.60048327214918,1578400.67733522,1538588.6156104703,101.62135302262033,101.56518349257612,1576536.2966754788,101.61657588719743,1578911.4510792599,1563855.7946994482
39,1548265884.37384,256202,4065,0.015866386679260897,2.9579999446868896,32,32,0.0,1592990.416058619,102.25778078624194,1568738.240090162,102.12752578619649,1572528.0173901697,1493104.5815268077,102.17178874193459,102.04711908394876,1591972.2589795107,102.23108279773065,1567574.293850813,1476201.8826002113
40,1548265884.44057,258728,2551,0.00985977551714542,2.6389999389648438,32,32,0.0,1561036.368348174,101.50570885822395,1529017.4153664035,101.38712965067526,1549556.369880436,1529212.7377984254,101.45423480895431,101.40255179482409,1550526.7881227671,101.44505492527502,1541900.8219284108,1529864.2483290692
41,1548265884.47394,256164,73929,0.2886002717009416,2.2860000133514404,32,32,0.21197265625,1654399.3181591542,102.42324514337179,290921.77452840505,96.99413202683898,668121.2849433552,524668.3757935507,99.531737639048,98.77415244599128,669278.3656852999,99.52548267617566,668580.0607608997,618923.7713226049
42,1548265884.50730,257688,66510,0.25810282201732326,2.316999912261963,32,32,0.18258626302083333,1732727.2151492005,101.89502403510286,380728.4649997258,97.27878098091045,830262.7437640104,504816.2828848812,99.49814726761275,98.19863801688453,615516.4901302535,98.2683416182522,848533.5079827514,648046.6714510521
43,1548265884.57401,257782,11857,0.04599622937210511,3.009999990463257,32,32,0.007819010416666666,1744536.8271827116,102.0359718465118,1662392.8902685272,101.57281091867834,1674529.4554572601,1642758.8710480519,101.64643525485447,101.57565848004866,1689300.7904894224,101.70863262988726,1679535.3302680447,1653601.2901778682
44,1548265884.60738,258563,12700,0.049117623171142044,3.1489999294281006,32,32,0.005725911458333333,1659203.865733431,101.7526397666576,1584845.2698484347,101.34053381044365,1604920.5043969522,1574239.6599708044,101.43796514905941,101.34043456458693,1590486.4119190346,101.43623798905779,1602913.6281960444,1572278.8473665982
45,1548265884.67411,258687,13390,0.051761395044977135,3.0920000076293945,32,32,0.007893880208333332,1694329.7822786719,101.47029982404112,1665083.6126078046,101.14713678879708,1669248.9586704113,1652613.3880806766,101.23574796367777,101.13413134760279,1683579.9844783256,101.35318202082817,1665786.1087130685,1586274.6358439815
46,1548265884.70748,259666,14614,0.05627999044926944,3.0369999408721924,32,32,0.008430989583333333,1641719.1683449543,101.45154481115821,1616539.81949978,101.087786236931,1612552.0358428843,1602440.8085162858,101.16378794321344,101.07020558807686,1610266.4903092487,101.1246366556215,1613498.6722891722,1594851.4728536976
47,1548265884.77422,260154,9027,0.03469867847505708,3.119999885559082,32,32,0.0022607421875000004,1666208.7679997156,101.44469222798116,1644621.731574746,101.16341206387591,1646965.417141105,1636374.0496538952,101.27182875372984,101.16687979074074,1651288.8084583534,101.2731812735913,1646479.8771732356,1638156.134372986
48,1548265884.80760,260005,11619,0.04468760216149689,2.9839999675750732,32,32,0.0043505859375,1489839.737245921,100.90595999712241,1466524.587189947,100.61482699361159,1474003.5735359993,1463640.8138206676,100.71263001161117,100.61433338121343,1484557.7328221793,100.85230684482889,1470614.5616539735,1462215.8727702487
49,1548265884.87434,260955,8709,0.03337357015577398,3.119999885559082,32,32,0.0013525390625,1588830.1847591912,101.04192546309748,1563599.2534654832,100.67470703936704,1575349.296615215,1567030.3312612365,100.88419159485528,100.71751492051426,1566175.8715968467,100.6846524765092,1574540.3261400359,1562831.4632806478
50,1548265884.90771,260197,10131,0.038935883196193656,3.23799991607666,32,32,0.002931315104166667,1725243.8585226606,101.26334039262508,1687660.7143557854,100.92670413101013,1711191.6971154537,1685022.3385671845,101.1207265132098,100.92122718746577,1720052.1523114685,101.22250373200565,1708759.3053851384,1683075.969144166
51,1548265884.97445,260400,4604,0.017680491551459294,3.433000087738037,32,32,0.0004964192708333333,1776415.2190533394,101.43475814818345,1768614.164975054,101.3296384127667,1770907.1874612898,1763022.3441820203,101.36420741787728,101.31719296768611,1750058.437567794,101.35979353522583,1769479.6737674046,1765510.5017591633
52,1548265885.00782,259487,4138,0.015946848975093166,3.1489999294281006,32,32,0.00030110677083333335,1744844.8641446682,101.48056917380015,1715355.443162067,101.27215758179841,1722548.847093304,1702794.387565699,101.38402158337632,101.33687866185257,1740783.7242885577,101.43621796128272,1721106.1175477656,1697337.4312252088
53,1548265885.04121,260255,3454,0.01327159900866458,3.119999885559082,32,32,0.0,1729057.189737943,101.38492356801711,1698663.6869431606,101.16561429811216,1720723.5307042715,1678123.4933014964,101.3160679514836,101.26172869795572,1720834.3593318937,101.28692527071058,1720437.6456806636,1684676.573335548
54,1548265885.10795,260410,6149,0.02361276448677086,3.433000087738037,32,32,0.002037760416666667,1653171.6246505152,100.98135367462041,1590890.5394238639,100.71058478589002,1637754.8560531198,1597224.4230726778,100.86597438583088,100.79545469001219,1640111.8721135168,100.90000853447191,1640072.7912166945,1601708.881784498
55,1548265885.14132,260970,4186,0.0160401578725524,3.9030001163482666,32,32,0.0,1761307.032783097,101.26951962631844,1712228.978045687,101.13027639946891,1749231.775872779,1658668.8138929524,101.19011499501347,101.07217190126273,1756080.764190834,101.22811771853372,1748288.7487697243,1705365.5440966352
56,1548265885.20808,260258,5571,0.021405682053961837,3.691999912261963,32,32,0.0013232421875,1722908.8563371054,101.34990962605897,1701196.33020391,101.16952718007299,1712030.5174876675,1694688.246649886,101.27196612848263,101.21085562620232,1711183.62511941,101.27079193020695,1714145.9187059144,1684628.9846324075
57,1548265885.24145,259888,5811,0.022359631841408607,3.5390000343322754,32,32,0.00042968749999999995,1826661.0499874195,101.57468614164418,1812240.25840802,101.44607531237328,1817248.2396418797,1802905.0143473006,101.52157861581338,101.42159831881321,1822114.1096232852,101.53408498433814,1817399.5630775616,1798314.566202939
58,1548265885.30818,259556,1812,0.006981152429533511,3.063999891281128,32,32,0.0,1801481.3374564282,101.61403923861704,1794059.7843030596,101.5127392565869,1797824.6393695911,1794149.3744599475,101.57790032034211,101.55253555551504,1796325.4952327278,101.56535366208021,1798081.6211216014,1793901.5362035488
59,1548265885.34155,261305,5467,0.0209219111765944,3.365000009536743,32,32,0.00013671875,1530973.2577273175,100.48858026461309,1506930.7644332284,100.26432875262205,1516254.417086158,1463351.1197574078,100.4052064733115,100.32326960535212,1491785.842105087,100.31225508001219,1520101.8170619502,1471585.5286438218
60,1548265885.40828,261845,4143,0.015822337642498425,3.503000020980835,32,32,0.000107421875,1570493.604825633,100.45278131858511,1544964.0560334981,100.25187755589543,1566267.9219268877,1552594.490230202,100.41151476429353,100.32704912746988,1545932.4405306003,100.24545354535562,1564273.8201245763,1547144.389576242
61,1548265885.44166,263902,6795,0.02574819440549901,3.5390000343322754,32,32,0.0010221354166666666,1313087.3753939457,99.90183696383909,1295133.522697846,99.7083507450057,1305983.0144486716,1278869.114142595,99.8527983047286,99.71051172057147,1302741.9918123274,99.80155910740176,1304677.2152207433,1263346.1060491574
62,1548265885.47504,262973,4838,0.018397325961220352,3.6530001163482666,32,32,0.0006575520833333333,1436455.2788978934,100.42071861370812,1416306.5223922008,100.2453105381641,1429183.8027168768,1417511.4232064951,100.37059760825193,100.29613727912809,1432175.5969383398,100.38933027799318,1428487.37107522,1418049.675560807
63,1548265885.54178,264579,3420,0.012926195956595195,3.691999912261963,32,32,0.0,1432288.455634312,100.46347290875556,1417079.3662313146,100.35212178959944,1426897.8767789192,1400407.720910348,100.42977661144508,100.33648976695872,1419399.526638527,100.37871441105193,1424587.735216883,1407720.4092958346
64,1548265885.57515,265342,3408,0.01284380158437036,3.691999912261963,32,32,0.0,1372369.4526677886,100.10256325502029,1358998.626389001,99.99525441862838,1368102.5792172588,1349490.0812806953,100.07239299573912,99.99461396344127,1368436.7625120129,100.06735926221947,1365279.7491137781,1340437.1082053902
66,1548265885.67525,265966,2357,0.008862034996954498,3.2079999446868896,32,32,0.0,1443251.8446543566,100.10259956197487,1420280.3122708017,99.88672760697162,1441794.494450532,1436883.2842521435,100.08326495909535,100.01701358025403,1431978.2771311826,100.04844486603474,1438051.9714378505,1418892.741596424
67,1548265885.74197,266891,1457,0.005459157483766781,2.618000030517578,32,32,0.0,1386518.7402407038,99.63225560463212,1371591.2886434968,99.4649215700953,1385175.0617448133,1376960.5345620739,99.61554401471712,99.55664647113026,1380939.4153312235,99.58682704598121,1385878.2969491524,1376846.2930080416
68,1548265885.77535,268043,3860,0.014400674518640666,2.7890000343322754,32,32,0.0,1305783.0592585094,99.1431341875357,1276062.2445615218,98.76296886218357,1303066.8767415704,1289263.7634093359,99.11987901950403,98.91627589811864,1305265.654117884,99.13488725755974,1303231.2637012827,1280915.562513405
69,1548265885.84208,268619,6022,0.02241836951220874,3.2690000534057617,32,32,0.0,1457014.9224782945,99.59385592951548,1424212.3224040738,99.3353025373361,1451634.3557216316,1438124.2109974243,99.55741416445028,99.43878788831842,1455318.2969235128,99.57658324727377,1450901.7636652498,1438240.5430646916
70,1548265885.87545,268469,4692,0.017476878149805006,2.812000036239624,32,32,4.557291666666667e-05,1437436.0728997895,99.72537584070767,1413557.2707770055,99.47134398743117,1422728.8723399448,1381010.8489893458,99.62905900154509,99.5463657909894,1431677.8274870072,99.67067295493675,1418436.7242626077,1383608.7167983204
71,1548265885.94219,268173,5582,0.020814921710985073,3.365000009536743,32,32,9.928385416666667e-05,1407082.6843481488,99.68306136678132,1376478.8034790675,99.47030395692408,1395634.2204801936,1378540.3218150728,99.61603517401277,99.52635492794066,1396065.2463847692,99.61638209150198,1398097.2909837607,1378418.721461548
72,1548265885.97556,267368,6101,0.022818736722420036,3.4679999351501465,32,32,0.0,1371777.8065987823,99.76540582091008,1351647.4555472103,99.6266149888279,1360358.24806148,1344186.7192391446,99.70399903729441,99.63807516898082,1356120.7428230927,99.69358826969324,1362139.6982440217,1341990.1523527235
73,1548265886.00893,267391,2381,0.008904562980803393,3.119999885559082,32,32,0.0,1398357.8939362355,99.81870752076854,1388465.7559226863,99.72484376574184,1389544.1708401986,1378327.8705867191,99.76893026613182,99.73307231554779,1384367.8567559472,99.76928203036675,1391307.517482034,1371908.727444696
74,1548265886.07567,266406,2084,0.007822646637087753,3.3989999294281006,32,32,0.0,1360182.447502532,99.76768214632638,1352059.4395141592,99.70902770212648,1354490.0974173043,1337076.262276794,99.73346209921277,99.69851640523247,1338215.2344933674,99.69277805739296,1356363.402716307,1340649.7792643665
75,1548265886.10904,266445,509,0.0019103379684362626,3.3989999294281006,32,32,0.0,1239720.4715611292,99.57698909950318,1237273.7677760166,99.53408127987491,1239073.6908329225,1229255.0020561202,99.57000755319352,99.54703843165639,1239475.1255479953,99.57600079667313,1239310.345327181,1233928.5044222162
76,1548265886.17578,266158,4258,0.01599801621593189,3.2079999446868896,32,32,6.510416666666668e-05,1166226.6234126505,99.4266303742685,1136988.8739353153,99.29493817811517,1144782.6792277878,1113556.3943323288,99.32477371245156,99.23777649347679,1146612.9054483525,99.33619405954332,1146281.195038584,1121545.7969460716
77,1548265886.20914,264906,1124,0.004243014503257759,2.8350000381469727,32,32,0.0,1224019.568901561,99.2943764209659,1202345.9597237664,99.18995595405723,1220351.4851755502,1209709.5004903574,99.27435376641836,99.24147712072772,1218575.109200976,99.2521055877404,1220538.4410178403,1197301.4903587145
78,1548265886.27588,263719,5747,0.021792134810157782,3.009999990463257,32,32,0.0002978515625,1215390.4373314902,99.31688622347887,1195600.2909946716,99.16779469631902,1180489.074268214,1131914.9631237825,99.17459092714945,99.02776912898148,1199841.161212667,99.18778856321737,1185740.3246164115,1166360.2073761397
79,1548265886.30925,263720,5232,0.01983922341877749,3.009999990463257,32,32,0.00028483072916666663,1069652.9268308622,99.06082052044447,1028512.3807876466,98.78191022112097,1051489.3637723324,957459.5222150682,98.93956274797766,98.74462430693552,1033418.6413027976,98.91317176956474,1050772.1209174104,1001680.484764605
80,1548265886.37597,263076,4485,0.01704830543265064,3.009999990463257,32,32,2.6041666666666665e-05,1143148.9986739075,99.2721352743159,1122198.9234845478,99.10460043019724,1127097.525645855,1058145.5648096502,99.17057607436175,99.0099118925862,1134059.4985024887,99.16332556439731,1133694.4824228664,1101844.7429987155
81,1548265886.40934,263528,6714,0.025477368628760513,3.4679999351501465,32,32,0.00015625,1128749.9086850265,99.20728553761572,1100250.8575336346,98.98982744741767,1114146.4945474127,1080278.6046789018,99.06706654225201,98.96647869146427,1116884.2827353398,99.11284026160709,1116819.8992752226,1079840.7087202757
82,1548265886.44273,263629,4637,0.017589111971748176,3.009999990463257,32,32,0.0,1160207.6578397267,99.45582541472425,1131582.3345170969,99.21781777981982,1143664.7790533819,1096397.930235653,99.36460001093747,99.23789011027493,1154732.4661464547,99.38725738050044,1146691.163468707,1103440.183827547
83,1548265886.50947,264197,4919,0.018618682271184003,3.3329999446868896,32,32,1.46484375e-05,1252717.8469314356,99.29706431266845,1217691.6807968367,99.10272541190785,1233370.5186476456,1177486.9719985437,99.19372655798477,99.06134421400817,1231200.27713143,99.15401609822712,1233319.0498231403,1129282.419032348
84,1548265886.54283,263103,10766,0.04091933577344234,3.3329999446868896,32,32,0.0003483072916666667,1141761.570919757,99.36411792924358,1106695.297312931,99.08133926783137,1085746.9832200063,997637.3136644285,99.09289557991723,98.8407708360964,1109786.1348478738,99.14962429720964,1091147.9011418954,958264.0050183595
85,1548265886.60956,263183,7799,0.02963337297621807,3.365000009536743,32,32,0.0005387369791666666,1255993.8703334618,99.91651031897177,1210046.8792656632,99.69156532373225,1220145.8654638203,1190151.522743034,99.73887557848782,99.62346348236723,1221066.2042451783,99.78021063666279,1224058.6696341988,1200009.4755467852
86,1548265886.64293,262603,9574,0.036458075497995075,3.3329999446868896,32,32,0.0015055338541666665,1227949.342098552,99.54882385208508,1171500.7562780667,99.23758951724352,1185172.5255006505,1035982.3543663644,99.33147576869233,99.07557187479878,1213579.6582052428,99.36846675123037,1184214.9566514315,1085193.7082147126
87,1548265886.70967,262145,4269,0.016284880505063992,3.009999990463257,32,32,1.1393229166666667e-05,1384409.530379786,100.56452120151701,1347028.1761907963,100.41096926445223,1358818.203377332,1272186.2030303897,100.44823941725197,100.34455282134904,1363761.1320500793,100.49463807077576,1366418.8722865868,1285016.6051602555
88,1548265886.74303,263507,3989,0.015138117772962388,2.6389999389648438,32,32,0.0005143229166666666,1413886.2393951037,99.83995747348132,1360309.2336097918,99.59174584213153,1393757.416785677,1347479.7024660504,99.71739289557107,99.61361633524433,1406507.6057222383,99.79460629429182,1390621.753151991,1355576.4249639425
89,1548265886.80976,262540,1722,0.006559000533252076,2.933000087738037,32,32,0.0,1499689.7727047512,100.68409873485541,1489730.7362063688,100.5820673266449,1495172.7718298417,1488013.2999191834,100.64824296738468,100.5917708203627,1479759.8389234673,100.58827310584435,1495045.4929900055,1486120.765348878
90,1548265886.84313,264246,1363,0.005158072402231254,2.9079999923706055,32,32,0.0,1383324.258838787,99.86465269846869,1367943.4582674894,99.83155996410625,1379212.4900671793,1363129.3482673455,99.83370329277976,99.80241661153588,1359953.8929405052,99.80971309114344,1381562.8927058703,1368204.6217748753
91,1548265886.90987,263426,4027,0.015287025578340786,3.8589999675750732,32,32,0.0,1522325.106002391,100.84700672430931,1458253.8848723704,100.68796785030841,1509891.2291863218,1430753.6323757675,100.75643153892491,100.65488401780514,1447435.1634093344,100.66035438576363,1498841.0351311958,1456733.4662065448
92,1548265886.94324,264529,3933,0.014867935084622102,3.433000087738037,32,32,0.0,1398202.775905567,100.32427785223388,1370411.7104313108,100.21264981953244,1378205.2986081303,1345066.3106829845,100.2426990530133,100.1731845130191,1397643.0627211253,100.28682399919302,1383266.8126964318,1360748.3861016992
93,1548265886.97661,263752,2968,0.011252995237950801,3.614000082015991,32,32,0.0,1507747.351499243,100.92093795841672,1466715.42388156,100.7561524621555,1494355.0697210669,1460705.3278811125,100.86225627289676,100.82276089211155,1489136.2138430178,100.86854550289891,1491421.46769825,1459684.473903391
95,1548265887.07671,263498,5379,0.020413817182673114,3.815999984741211,32,32,1.6276041666666666e-05,1427009.4734466563,101.35411947146525,1363011.0787072966,101.11724327776565,1395240.1731152795,1330935.986914705,101.23028611449952,101.14244850249476,1254498.0341424348,101.04107344068304,1377089.8573262733,1266840.5626518135
96,1548265887.14345,264349,76932,0.2910243655167979,2.4149999618530273,32,32,0.18218912760416667,1360637.4043271106,101.16765949244989,213685.88971611683,95.31515641002485,606592.1853296219,504612.239861394,98.18394455188835,97.44902049223606,507185.9145324609,97.23328022603394,598636.3496915512,404930.3041999829
97,1548265887.17682,263746,4189,0.01588270533012823,3.614000082015991,32,32,0.00027018229166666667,1212881.4392477537,101.31370243436862,1182168.704736997,101.17930264033279,1189496.1568745994,1172020.5108227974,101.20887579148997,101.16587468891937,1176024.4869723814,101.13340842731216,1186295.386122171,1176714.4912868713
98,1548265887.24356,264032,69788,0.2643164464913344,2.38100004196167,32,32,0.18283040364583333,1138519.4869905252,101.10781895445254,253492.02397171856,96.61918330514774,567364.5414029295,314493.3556167338,98.58135513158521,97.20265710434714,539211.1249465462,98.23179538008371,563446.2369324646,346674.5026551969
99,1548265887.27692,263555,5269,0.019992032023676273,3.691999912261963,32,32,0.0004345703125,1160704.5704150356,101.30695459244578,1118326.6498533145,101.10799335725282,1129190.087425603,1104577.8602305076,101.1762233504014,101.09473000452957,1147341.0226170016,101.18677243952948,1135131.8811227316,1092341.0943130406
100,1548265887.34367,263878,67238,0.2548071457264342,2.365000009536743,32,32,0.18044759114583334,1126488.7555765277,101.10353387467632,248917.38830818137,96.50168789045065,563925.9774134143,390305.6623875983,98.72580632078586,97.53023616255317,466683.2482670027,97.95558587401588,579956.2475849204,430726.55835964775
101,1548265887.37703,264333,7024,0.02657254296663678,2.9079999923706055,32,32,0.002088216145833333,1057444.4179582933,100.87809243029957,1036538.1690943773,100.70059437547295,1045185.5835720813,1030950.3984778561,100.72527691256943,100.67061690500869,1050872.3603874717,100.81663455785957,1046344.1559970869,1033838.776104968
102,1548265887.44376,264181,4890,0.018510036679397837,3.947999954223633,32,32,0.0,1156368.8568661162,101.3289596263624,1104382.6572610638,101.12477929148716,1135485.74228305,1074598.1573542762,101.22900921140919,101.1121145343998,1154628.7352133163,101.3180767805253,1135882.9890817138,1066802.3535966906
103,1548265887.47713,263468,70134,0.26619551520488255,2.365000009536743,32,32,0.18961751302083335,1160022.3673333717,101.28577888600367,268530.15466736455,97.00732058835882,549246.6188081991,366809.27738870267,98.7239431123053,97.76097761014123,594921.663745753,99.0815841013926,528378.3330750403,401953.9483241998
104,1548265887.51050,263118,79458,0.30198618110505554,2.3980000019073486,32,32,0.20957356770833332,1229589.264481482,101.1765475386538,226738.45642675253,95.97928119872198,577875.4350340938,376732.3853800957,98.44813153820542,96.85286920645568,580679.3368147899,98.46674897038397,565735.9867857057,293800.763649995
105,1548265887.57724,263237,5476,0.020802546754445615,3.5390000343322754,32,32,0.0003759765625,1156903.672354105,101.39953941477606,1098483.9568791455,101.17907774870287,1136125.335487525,1105623.5070919136,101.2886589998209,101.19342179041651,1136021.0084661979,101.28956669114538,1136451.393566493,1114813.7748562875
106,1548265887.61061,263684,1640,0.006219565843964746,3.299999952316284,32,32,0.0,1186722.5061140596,101.27039211752528,1169312.1389112887,101.19528569814722,1181187.090102266,1173553.8701894297,101.23723150148814,101.20764249430857,1184892.5584065632,101.25520616200366,1183036.7439350924,1171664.6236757266
107,1548265887.67735,262860,757,0.0028798600015217226,2.25600004196167,32,32,0.0,1082682.8690042952,101.18163571969501,1068056.3652639133,101.12263959953336,1082217.2262463984,1072720.1359611764,101.17388132169484,101.12514415415708,1082622.3219605843,101.17478425762431,1082230.041280555,1061811.4845990513
108,1548265887.71072,263253,956,0.0036314875803884475,2.240999937057495,32,32,0.0,1187292.6491056804,101.60043957479877,1168494.8199226663,101.52265628885107,1186856.6334698002,1165360.2645288964,101.58918873018189,101.54077523891932,1186206.666889609,101.59032043723346,1186424.877985584,1162954.1514305533
109,1548265887.77746,262420,1526,0.005815105555978965,2.2260000705718994,32,32,0.0,1207278.0990978125,101.38935352515367,1173181.2912133757,101.24852002415945,1205381.2113907223,1173407.4044258955,101.37358162983028,101.26108603592621,1205818.9529776007,101.3615440241293,1202769.7711722308,1170979.8068775167
110,1548265887.81083,262566,1390,0.005293907055749792,2.2119998931884766,32,32,0.0,1241827.922121258,101.63346615942262,1211242.9445144893,101.52048801321844,1240801.6239187864,1215139.622678398,101.62002643487354,101.55603501428791,1237832.2315126287,101.61257068125624,1240986.23196551,1179215.8640814302
111,1548265887.87756,262590,76425,0.29104307094710385,2.3329999446868896,32,32,0.21988281250000002,1217358.275507636,101.55363214633623,237030.13285148042,96.37375704427348,521565.6322868637,394408.6086203212,98.23621341959021,97.50313585026969,531822.7410861138,98.51555509140117,531242.7267319337,375684.1999883309
112,1548265887.91093,262746,2617,0.009960189688901068,2.882999897003174,32,32,0.0,1218125.4559489402,101.41791416040195,1174995.4143347403,101.22908009243739,1210814.6519275936,1190304.6281555002,101.37882248681788,101.29182356539279,1214382.5436312642,101.38742739213257,1212358.4046411798,1185706.5331664751
113,1548265887.94430,263408,4671,0.01773294660754419,2.7230000495910645,32,32,0.00023600260416666667,1244650.5544728027,101.39034825943443,1189528.0831721066,101.10549069993098,1230931.0940603164,1216416.387992387,101.29119699210965,101.23950314596719,1233113.9323861757,101.30961701419523,1231766.6797533012,1222979.1029882724
114,1548265888.01104,262563,79595,0.3031462925088455,2.3010001182556152,32,32,0.23050944010416669,1194232.5483178017,101.32070295277893,219256.87588478753,95.86269534005919,540865.0073623299,376547.74018435244,98.0543140061898,97.10205960504337,482409.8174105942,97.30133544260947,508537.9437821674,394879.63850831415
115,1548265888.04442,263139,75583,0.28723602354649064,2.2860000133514404,32,32,0.223017578125,1118991.6599894434,101.22654355954722,254740.6344693983,96.6969407282038,477013.4257364029,328386.08203155914,98.2439713706251,97.2809287822213,424822.2413935516,97.69580246325306,494451.43715286144,317851.21686354786
116,1548265888.14451,261772,78410,0.2995354736182632,2.2860000133514404,32,32,0.242255859375,1128130.7688826104,100.34858015031213,161426.0635600321,94.35180596721442,441109.352234081,161459.7745727135,96.76647737223843,94.28442314276681,446597.63682124537,96.84250350102876,450878.5128770162,217135.69980679467
117,1548265888.17789,261957,78360,0.29913306382345195,2.2860000133514404,32,32,0.23844238281250002,1120290.5528387718,100.24712046902306,194981.02056438362,94.47761582517086,438523.56635130884,302989.5327688036,96.59178978945172,95.34413721797382,446378.35078298487,96.50445029354023,470097.10323452915,265268.0890662553
118,1548265888.24461,262624,1685,0.006416016814914098,3.6530001163482666,32,32,0.0,1122127.977462113,100.6974897881656,1106320.5266815275,100.613027464515,1117975.1742632396,1096971.3399313122,100.6654338036551,100.62108929402177,1120371.1472340561,100.68710130874052,1118815.7253262273,1107305.8190782107
119,1548265888.27798,262437,81039,0.30879411058654077,2.3010001182556152,32,32,0.25371907552083334,1111405.509640737,100.61778631070877,169629.5016475336,94.41318127667543,366300.53106517915,258902.66092953522,96.38706200105304,95.55445927410892,405610.73646843387,97.38483401410721,395309.1153620306,316901.8412798304
120,1548265888.34474,263918,2475,0.009377912836562871,3.503000020980835,32,32,0.0,994117.1068840496,100.27952144256884,988062.7325628935,100.21272804194882,992759.7324086475,976413.8908196632,100.26167041348437,100.2115861978083,992318.1432741984,100.27335278376248,992279.6258463475,972646.1672073923
121,1548265888.37811,263694,80538,0.30542219390657355,2.3010001182556152,32,32,0.23886718750000002,1102032.0619970602,100.47350816195363,139388.7541838059,93.96925265656209,391108.7496947857,250381.13212042884,96.51260015252737,95.38337047902124,529505.8874241941,97.6450040817862,407552.68040511943,234943.43835556015
122,1548265888.44485,265001,1811,0.006833936475711413,3.503000020980835,32,32,0.0,1085369.0867038518,100.53998441878771,1076659.7724089404,100.43277792810628,1083501.5968317965,1054734.064534964,100.52735049664528,100.43688686423557,1080835.138604648,100.52157110158089,1084383.7848685246,1071367.6055084649
123,1548265888.47820,265052,63373,0.23909647918144364,2.078000068664551,32,32,0.18694986979166667,1244523.7493468185,100.53922831203356,225220.7060369304,95.70161855951275,506137.9550018265,324444.2806318579,97.4897906164421,96.55584955488898,493471.2968006409,97.41674252119314,522957.79517374636,286333.215432809
124,1548265888.51153,265719,62717,0.23602753284484737,1.9040000438690186,32,32,0.150810546875,1146381.4979581842,100.84326324748895,233012.18821644143,96.70254036379674,529393.7481692773,383009.5855732827,98.30085791529896,97.7175264425217,443141.9928999177,97.95243570716565,473713.6823799568,320261.6400784777
125,1548265888.57826,265434,51785,0.19509557931538538,1.722000002861023,32,32,0.14998697916666665,1282849.0620968542,100.77581640153525,246604.05633670275,96.73455534907703,614055.9940147675,384827.104332927,98.18475295474536,96.80812602250177,414313.73787522456,96.762633728291,596384.4273539645,398815.71360739233
126,1548265888.61163,265696,82308,0.30978260869565216,2.2709999084472656,32,32,0.243720703125,1308129.929484025,100.87509015853897,174459.77040525936,95.4982844431409,387449.5092729565,345131.8613067015,96.68751361157058,96.18005313119488,412832.48484362924,96.52104171570245,429371.31916013453,359157.5946670468
127,1548265888.67836,265572,40564,0.15274200593436055,1.5720000267028809,32,32,0.0824609375,1445021.5814833657,101.01835808996299,246462.56679269928,96.23583793236486,953713.465142681,431230.39262361504,99.597650311971,97.49423780046197,932219.9048488666,99.549094116109,718055.696732705,401837.9005429002
128,1548265888.71173,264586,46304,0.1750054802597265,1.6160000562667847,32,32,0.124677734375,1457095.9403706542,100.94994461710445,199041.28653540855,95.1800329250334,769554.3473506062,476789.20877558645,98.82816770905418,97.11908474283568,825746.1512750871,99.02394004284962,574989.9409455229,218368.93704197838
129,1548265888.77848,264764,48040,0.18144460727289208,1.6160000562667847,32,32,0.12139811197916667,1492373.056937866,100.82833430440077,185037.23441379718,95.56382621783456,615213.6413641927,538362.4115501794,97.98513495448381,97.6587705249553,567543.8930395845,97.83636750511526,591853.5404440137,477499.34927546367
130,1548265888.81186,266064,51404,0.19320163569667448,1.6469999551773071,32,32,0.12729492187500002,1319891.967223497,100.1485539828862,152541.26479788814,93.9593827787098,616518.3169983733,457372.58968244743,97.48249087137175,96.63945598754057,730993.0186211723,97.72154545868733,637638.436034169,479212.89336166345
131,1548265888.87860,265020,53007,0.20001131990038487,1.6629999876022339,32,32,0.14166178385416667,1489481.1169416753,100.59966945781483,157104.65592636634,94.442638225071,586036.9446159587,412813.98982102616,97.39701875070055,96.32453355648522,756781.8588178611,98.23792056385392,582233.2456883031,398281.1377362057
132,1548265888.91196,265696,52355,0.19704850656389256,1.6629999876022339,32,32,0.14705891927083334,1317423.1098445158,99.82728726725271,133132.0474599688,93.47765391454413,471695.9732594673,254266.14118433863,96.43989354876601,94.95714659145926,423298.384046051,96.20240523292267,502602.62023834663,300414.25508432393
133,1548265888.97871,265344,46280,0.17441509889049686,1.6009999513626099,32,26,0.0204736328125,1332643.490118173,100.13434630513947,227683.76159065793,95.26640672652195,1234454.0765814404,683034.717019316,99.64886377258891,97.88580565980584,1184174.9709059258,99.47909654022102,631384.8114213173,406817.9010313274
134,1548265889.01208,267089,11434,0.04280970013740738,2.618000030517578,32,32,0.0015478515625,1222867.422761104,99.41777226657175,1190223.0552069165,98.88820930057487,1177642.222498301,1135423.9648751768,99.18285318563377,98.98508035115368,1148123.222323787,99.19379376086971,1188001.6195796963,1119815.5923846036
135,1548265889.04545,266817,9839,0.03687546145860271,2.812000036239624,32,32,0.0,1316123.0390995317,99.78142920331825,1291802.433346032,99.49529162986883,1293420.9132900692,1209239.1948763975,99.66388119657756,99.47657641108069,1173657.2708420255,99.50596457245322,1283700.5475489493,1181314.8019715208
136,1548265889.11219,268247,43460,0.16201485943924815,1.6009999513626099,32,32,0.0022981770833333335,1204928.641998563,98.96029466139072,187831.91604388074,94.09245137389607,1157768.3098037338,669044.3217547785,98.56509163288362,96.79614977892444,433115.546063385,95.94550044732969,590655.3724160421,321277.1465050412
137,1548265889.14556,267383,29150,0.10901964597599698,2.431999921798706,32,32,0.018946940104166667,1415336.4625997131,99.84319850754883,1325303.5756008523,98.47608439458381,1261079.6035928596,1130576.9544243766,98.92127888537357,98.54859825841977,1325301.6138968065,98.80647447656986,1237472.5226656473,1132184.137159522
138,1548265889.21229,267101,37966,0.14214098786601323,1.593999981880188,32,32,0.0124609375,1346657.4176815664,99.75074130807937,241922.38797731863,95.52892168163214,1273041.5632533315,496323.382751724,99.29468267932631,97.13995655249104,1294999.7164711622,99.33407638947389,492589.2404773283,409397.9258969917
139,1548265889.24566,266986,36211,0.1356288344707213,1.593999981880188,32,32,0.030418294270833333,1254995.377452876,99.962788272412,186550.82874597478,95.08918526958084,1025538.6197335973,448454.11303715734,99.04882799321555,97.15576461672822,966098.0692952357,98.92362041800155,466561.4285607785,381329.08082616114
140,1548265889.31238,268097,39717,0.14814414185910324,1.6629999876022339,32,32,0.05265950520833333,1102580.8044648685,99.5756342679847,153491.50585681575,94.40211828261812,720695.6137558225,372828.75853184954,97.9883349063244,96.52141715758178,684478.2981042677,97.94052830403454,483574.5173543548,366428.4618373878
141,1548265889.34575,268415,38627,0.14390775478270587,1.6629999876022339,32,32,0.05425618489583334,1037367.3456354883,99.98167253032845,202954.6965461184,95.6743739893736,680487.2787467758,422852.87632204406,98.4141489926024,97.31849490056094,808986.1805825456,98.90857776082413,555130.6851730989,411544.9755893059
142,1548265889.41249,266783,34019,0.12751562131020341,1.6319999694824219,32,32,0.009222005208333333,1402345.0745591584,101.5850432523253,290756.5453936454,97.85428017921993,1278647.6040677663,537173.8818118828,101.05765629968309,99.09634098372604,1084752.5653837423,100.66832086312711,794760.3275034789,482180.0545465054
143,1548265889.44586,266867,34563,0.12951395264307689,1.6390000581741333,32,32,0.01162109375,1314429.5667445639,101.98290745568474,290347.1795201652,98.53560503623147,1208928.5940551334,481707.60767009045,101.47044152704953,99.39652257231005,847153.249373205,100.6557130419165,787659.5783634755,475312.2539150053
144,1548265889.47921,266184,30936,0.11622035884951763,1.6239999532699585,32,32,0.017180989583333334,1664204.747577958,102.14158520701457,334477.0948004456,98.56678994997401,1480863.558073665,693444.3003628881,101.56039235431689,99.84029920217208,1601398.7483188382,101.90553800885621,855712.4533505872,524792.8221197927
146,1548265889.57933,266982,41869,0.15682330644013454,1.6959999799728394,32,32,0.034638671875,1625094.860721286,102.24755824154846,181545.3949779225,97.15055759592096,1384864.5332088103,512917.1416577042,101.36930524383857,99.06796132915653,1329659.3749000798,101.19173900250847,817311.3943701829,419627.51883940445
147,1548265889.64605,267321,42652,0.1595534956101466,1.6959999799728394,32,32,0.038235677083333336,1736987.2029076093,101.6292389230543,160918.438003329,96.00723163925937,1467730.9507580902,898549.5136950042,100.65340193745635,99.28741012382005,1420237.4890474149,100.52810505514378,1036800.0776815796,497445.77317198686
148,1548265889.67940,266496,46673,0.1751358369356388,1.7050000429153442,32,32,0.0610791015625,1712960.3515220757,102.223504530921,166793.34271996692,96.7842680350424,1294143.1528967507,527213.3372733082,100.95395395032072,99.13774244538317,1323240.7565767642,101.30241186845856,864213.5731801251,497803.5331435779
149,1548265889.74612,266422,44333,0.16640142330588314,1.6710000038146973,32,32,0.040784505208333335,1770874.5158709316,102.13633543110541,170730.5557941553,96.8642813051307,1389753.1532311342,558395.8116639266,100.91955521163996,99.07686628763275,1648699.4713964437,101.70937660566406,1140643.9711284593,535165.1674283368
150,1548265889.77951,265642,45631,0.17177630043441924,1.6710000038146973,32,32,0.039042968750000004,1834894.634101668,102.77219025832271,216412.29930384443,97.90676106522872,1599172.3967791628,994694.3630513526,101.85207814542028,100.52911691006945,1705425.1481793814,102.25408563306485,1006601.7697890397,503503.60521987535
151,1548265889.84624,265524,42031,0.15829454211295402,1.6319999694824219,32,32,0.0625439453125,1861907.6741160492,101.89239727178233,383628.51908512984,98.4020074194707,1394359.8194471975,591529.8730771135,100.57083840780983,99.23087491627393,1722320.0302395534,101.17707510233191,1069411.7964920383,605597.4314628134
152,1548265889.87961,265503,54361,0.20474721566234658,1.7389999628067017,32,32,0.09165201822916666,1987136.3333133624,102.55722520414693,469025.83819882263,98.89233089076109,1305355.6848280216,888813.0811840318,100.93887558536707,99.9443096142994,1584224.340427511,101.435987105761,862655.3341552165,515994.347519088
153,1548265889.94636,264739,42430,0.160271059420788,1.5570000410079956,32,20,0.0,2068095.6011880594,102.27487358543019,274063.29105644533,97.7595105875095,1979337.12261403,1179872.7891175658,101.72494378039244,100.41787214505042,1976341.7091481055,101.74234201309187,1399616.3094935066,704884.3884136408
154,1548265889.97972,264291,39946,0.1511440041469441,1.5230000019073486,32,32,0.07120442708333333,2172142.359764759,102.65563999188676,377739.82883529144,99.00425795302894,1493875.7963220417,619666.1102084235,101.39167804000233,99.82314750549286,679544.9887439782,100.03554335235071,1308297.6959257596,663943.4828153593
155,1548265890.01309,265168,12295,0.046366831593555785,2.4670000076293945,32,32,0.0018668619791666666,1850791.203725736,101.2739842840903,1782518.8686447442,100.7365317961824,1808403.7567492062,1723363.5333587385,101.08321741033342,100.82623211336646,1791328.6683118027,101.12088501169586,1801921.691545686,1747014.4588097003
156,1548265890.07984,264776,53491,0.2020235973048917,1.5789999961853027,32,32,0.12250325520833333,1984059.3329841185,101.90983503908842,301901.33783423196,97.36185593399811,1370646.12689044,596967.789861802,100.34409527513654,98.51953117963828,1337514.0346457302,100.23971619649099,1255720.8186107199,653697.0963434766
157,1548265890.11321,266280,9982,0.037486855941114616,2.618000030517578,32,32,0.001650390625,1913720.7370975895,101.39188673977097,1860391.7963977002,101.03361099918311,1855262.4912842326,1755618.3037383421,101.09699863191746,100.95102444997362,1812208.1802476877,101.00371571313315,1888527.2421055506,1721351.5971396908
158,1548265890.17995,266378,55765,0.2093453663590837,1.5720000267028809,32,32,0.03936848958333333,1963015.7344746566,101.1521251275555,238148.4177579173,95.66859035112066,1752144.0018688426,697637.803513145,100.0767892773753,97.66056008232198,1799913.0372614632,100.14505589501707,666841.1330720263,305565.2649230617
159,1548265890.21332,266049,55381,0.20816090269085769,1.5640000104904175,32,32,0.062783203125,1890293.8842964463,101.13697006344839,207971.58226952227,95.37764141194273,1623539.755934232,732959.9225735435,100.0270357881702,98.117960938299,1395129.6681855782,99.69517376520221,1056724.337749074,532550.4677151614
160,1548265890.28006,265454,2539,0.009564745680984275,2.680000066757202,32,32,0.0,1955356.9275617867,101.51298141892005,1935037.7743235156,101.40533742436335,1936296.873563847,1835391.983691005,101.44341646698672,101.28758130570898,1937223.692710894,101.40710988900534,1934318.097808717,1765926.8629495644
161,1548265890.31343,265609,26769,0.10078348248741571,2.503000020980835,32,32,0.027958984375000002,1950030.4493596877,101.50496023006212,1819738.1646537904,100.59623589651576,1723378.4997533583,1560033.1143875201,100.6851089504493,100.31827762723519,1619919.6284727803,100.53381895538988,1682831.6930339995,1576449.3673665968
162,1548265890.38017,265938,22439,0.08437680963232032,2.5980000495910645,32,32,0.018990885416666665,1938453.6110219748,101.22634366545915,1864330.3278659803,100.77347604367992,1875864.3582994554,1769710.9829141635,100.81838200130602,100.71099899722793,1839169.417813845,100.81417328100795,1871415.0851340038,1752777.0655329712
163,1548265890.41353,265932,66171,0.24882676774513784,1.6469999551773071,32,32,0.1142626953125,2069748.5570833657,101.55175262017761,250635.53266605406,95.95650211317094,1462375.930272764,851044.8355228001,99.85438355308202,98.39294375943246,1776255.7460409375,100.09146467042328,884949.0319878953,465376.1903252071
164,1548265890.44690,264318,17896,0.06770632344373066,2.4670000076293945,32,32,0.00462890625,2309584.878985581,102.1461978301676,2213020.036303485,101.66966670346707,2182765.429358865,1849851.4365360416,101.74367964077291,101.28528274240261,2066394.8661976228,101.53887342447615,2217150.5911315437,1867218.292094335
165,1548265890.51367,264551,47556,0.17976118026391888,1.5499999523162842,32,32,0.058157552083333335,2063340.1958695988,101.76995144267566,391034.79724882153,97.77358158275146,1642548.0774521513,794483.7153341183,100.75898603597827,98.71577068629284,1555808.7589084131,100.62397392805698,1035157.9975485634,750778.3628300377
166,1548265890.54704,263953,59522,0.2255022674491292,1.6319999694824219,32,32,0.0734130859375,2134074.2309084367,101.84991631556663,355373.4082453416,97.07670195404464,1804562.4580879388,806475.9739851856,100.5931347152845,98.76942202892658,1250537.2575273418,99.90638766330763,1226163.9360364522,693565.0936269377
167,1548265890.61378,264097,5854,0.022166098062454325,2.680000066757202,32,32,0.0005338541666666666,2068128.7923207628,102.15819940439967,2009260.6070070371,101.87029062678619,2044483.5850275643,2021074.901947233,102.04359643098701,101.97341548968367,2056452.7671478656,102.06161907894743,2049685.2460202184,2023597.4118980232
168,1548265890.64715,264053,7255,0.027475544682317565,3.0920000076293945,32,32,0.001513671875,2094377.4376768756,102.08092904207382,2046864.2792912761,101.84355769677315,2058640.0646588258,2030630.85884763,101.94257590549915,101.84304497042407,2034379.1498953726,101.91120948906214,2058513.3771605087,1990389.416274536
169,1548265890.71389,264235,4319,0.016345298692451795,2.74399995803833,32,32,0.00019694010416666666,2192080.7361566345,102.30717503187493,2165086.3815448196,102.12675330044343,2170083.6022252254,2105467.0410924023,102.22037065747017,102.15437084583907,1984123.8985544932,102.07363760248812,2172041.4055206864,2126220.568931809
170,1548265890.74726,262946,11731,0.04461372296973523,2.9079999923706055,32,32,0.0030875651041666666,2082177.4155185819,101.9718445379903,2016771.7111049765,101.60391303626585,2017571.3823056286,1898795.5259350461,101.73011752865324,101.58326326878681,2059003.7108624869,101.86052203847204,2019914.4516653675,1789852.0227959563
171,1548265890.81396,262288,9770,0.03724913072652962,2.812000036239624,32,32,0.0012662760416666669,2115883.7359609436,101.92998893587134,2053507.2791496732,101.57295103986644,2060141.4147618387,2012708.32796025,101.69480835836382,101.61810412125588,2060055.6055748602,101.62696951679374,2056673.0776541256,1999175.7981143787
172,1548265890.84733,260643,10631,0.04078759068918022,3.0920000076293945,32,32,0.0022184244791666665,2197390.17310391,102.81874173389913,2139862.21018651,102.46089835412313,2104108.638109537,2025974.7891942412,102.53444279210362,102.43624482771467,2157143.6505747503,102.59873746564038,2120430.993290287,2024895.517403999
173,1548265890.91406,262436,12742,0.04855279001356521,2.9579999446868896,32,32,0.0027734375,2251667.51952904,102.99982507278446,2164641.012424167,102.54390509861909,2139350.8555761958,2037377.7925596416,102.60749763143866,102.44114102251075,2152809.357294409,102.63073843451907,2153997.7608739245,2033277.060972674
174,1548265890.94743,262940,12602,0.04792728379097893,2.9079999923706055,32,32,0.0059521484375,2461047.4958856497,103.41415829955582,2372890.060043427,102.9961178760877,2368093.2088352935,2243198.363653595,103.0103377200126,102.90049905827986,2394053.237493597,103.127169751766,2364980.2497285376,2287514.5207440914
175,1548265890.98080,262360,132986,0.5068836712913554,2.184000015258789,32,32,0.40534830729166665,2308578.2738990798,103.67658467930679,332329.9823534594,96.8434616616444,823362.058252027,523739.16214793036,99.20633410790353,97.91841889009675,789594.8797918303,99.1158928041819,777296.892344714,357077.6933305899
176,1548265891.04753,262596,6662,0.025369769531904524,3.23799991607666,32,32,2.2786458333333334e-05,2552997.3706062534,104.41920441738861,2509774.888249322,104.20267754884986,2497202.481294059,2400645.08615923,104.26399456263087,104.17135179696389,2511530.111293547,104.28482421468286,2501732.524899481,2394357.779999778
177,1548265891.08088,262088,5067,0.01933320106223864,2.7230000495910645,32,32,0.0007080078125,2522702.3837130256,104.67543188115548,2482350.375065314,104.45555916795945,2495288.870539205,2476716.099616092,104.55093054810737,104.508368676717,2474808.5708860387,104.50802517379734,2499702.86655752,2470988.8765754313
178,1548265891.14762,259424,119195,0.45946018872579253,2.1559998989105225,32,32,0.3747021484375,2851695.172611839,105.34000872898207,618301.9799374243,99.89056722644243,1107053.0573112676,851598.2411237048,101.4597409332772,100.64524360191534,1167042.6577286557,101.65680381604798,1170718.1317636822,778835.7240431794
179,1548265891.18101,263634,122371,0.464170023593315,2.1700000762939453,32,32,0.3827945963541667,2777910.9564088066,104.61180207059834,480623.3774905727,98.44584962991408,1041461.3021941197,532768.0794540878,100.4626320082348,98.68376802422591,854461.8059272019,99.78974788037686,983059.0661850526,485210.4624279317
180,1548265891.24773,263190,7331,0.027854401762984916,2.6389999389648438,32,32,0.00115234375,2764629.96002479,105.2941751126156,2697863.194373935,104.94974491948433,2726529.669462345,2664283.823294015,105.13131946915416,104.92308655128178,2759963.966934533,105.24366328850806,2729225.2960552257,2692152.1882328806
181,1548265891.28109,264293,10852,0.041060489683797906,2.74399995803833,32,32,0.0013020833333333335,2629807.201797776,104.4824592603707,2476805.690906536,104.00308438285278,2512383.102598469,2461407.8341073557,104.18516799022527,104.0786296489,2501884.445814064,104.16996255475338,2545642.4579750123,2437477.6796990978
182,1548265891.34783,260915,10852,0.041592089377766706,3.691999912261963,32,32,0.004541015625,2740280.78901487,105.03485308912083,2659931.2612106143,104.63797009770255,2594360.6562475814,2539642.7016428965,104.69928090033314,104.58295247886616,2678460.891655038,104.87425153056887,2544868.908032681,2433535.7535261516
183,1548265891.38119,264673,7359,0.027804120556309105,3.5759999752044678,32,32,0.0,2411592.6221652646,103.8508266333776,2366284.2787770834,103.59384776516919,2377159.6879947037,2318756.4165185275,103.7565192060456,103.59752450728422,2374717.8342146985,103.66616184115506,2345023.8848383306,2311305.2916828827
184,1548265891.44793,260127,5687,0.021862397982523922,2.618000030517578,32,32,0.0008007812500000001,2700715.829186948,104.8678744265539,2644646.4607030856,104.54277408697806,2662057.9430727744,2609030.6025158176,104.70932187383785,104.54743483371726,2606986.637488998,104.60093687151081,2660857.399962154,2621692.4324376406
185,1548265891.48130,262490,8791,0.03349079964951046,2.6389999389648438,32,32,0.0023404947916666665,2533424.7365316814,104.48709065327745,2443957.3232094604,104.00128621102924,2459810.794978385,2290318.8027117406,104.24145121899095,104.05347304006897,2486333.9814847247,104.3516861217815,2453542.0691648955,2244221.7368101655
186,1548265891.51467,257406,6075,0.023600848465070743,2.6389999389648438,32,32,0.0005110677083333333,2528929.1893486567,104.957200609869,2459309.426301395,104.580777566844,2503069.8753791666,2428667.2641992983,104.83591677822538,104.64885282062109,2433782.517230376,104.66028221641622,2503116.634261477,2418941.897024251
187,1548265891.58140,262704,3270,0.012447469395212863,2.6589999198913574,32,32,0.0,2234622.9863633728,103.80788767865911,2210142.614338511,103.67689576760073,2223770.8465874614,2202455.1329150028,103.75882451556734,103.67335380879227,2211692.780190312,103.71176630557198,2221618.78411278,2206797.544809279
188,1548265891.61477,260248,5125,0.019692754603301468,2.7230000495910645,32,32,0.0006298828125,2316613.238018122,104.22076283561897,2271753.5462910538,103.96451176022805,2273847.453844519,2251331.4184544994,104.06144147484325,104.0049475656039,2278473.3470361503,104.07818474439279,2278817.4040228864,2256019.708186549
189,1548265891.68151,258043,11002,0.04263630480191286,2.5789999961853027,32,32,0.003173828125,2714801.7408981402,105.11733395065204,2605821.1647296613,104.56375629294656,2660662.534108729,2611547.884945279,104.88756426410455,104.68663062637451,2664142.4162918627,104.89871816882795,2635547.1063918956,2614573.081140579
190,1548265891.71489,263886,138331,0.5242074229023139,2.1700000762939453,32,32,0.429736328125,2253810.3265783926,103.39758763578621,370034.99272089626,96.91961371856897,828260.1439696408,402826.2419596891,98.89222909806118,97.19337920496777,953592.929382448,98.94910838944786,917685.4113222149,389050.0189212996
191,1548265891.78163,262177,140861,0.5372744367354878,2.1559998989105225,32,32,0.4398372395833333,2654724.3139288574,104.55263648542416,415613.6880891672,97.65558981595032,1004362.5618492716,503614.3674220251,99.71667922423663,97.99605738745316,932765.6613431863,100.05521380506208,1062255.7439402614,650289.3480458753
192,1548265891.81499,266212,147627,0.5545467522125224,2.1429998874664307,32,32,0.4600048828125,2353690.8377772183,103.0465446158359,309652.88435367343,95.97098964700926,829538.2421311804,582645.7524981517,97.95031423911014,96.96213955471947,738243.8765539145,97.87450074155294,797052.4355960656,578690.490148221
193,1548265891.88173,264463,148447,0.5613148153049765,2.115999937057495,32,32,0.4690022786458333,2704573.577147596,104.08878231356985,319449.6207747929,96.42530271006189,888146.7446709094,448786.82274238614,98.58396735646664,96.94009484712109,338892.97494372464,96.78236924736662,955383.5801548152,428032.84227031685
194,1548265891.91510,264285,152433,0.5767750723650604,2.1029999256134033,32,32,0.4737109375,2457650.88096965,103.51572943636451,275820.0238789436,95.53809423015373,859577.4205940038,383879.85607847973,98.03557028513606,95.98202113743768,949951.4838105754,98.07396476636632,806760.8487145392,344988.54079033766
195,1548265891.94844,263576,8557,0.03246501957689623,2.618000030517578,32,32,0.0006070963541666666,2340672.7540839612,103.66411612693676,2273542.9717208324,103.34829136299098,2295283.344306121,2208572.4798579225,103.51939152417177,103.38201753095436,2316487.431667844,103.5438884604242,2272862.03246178,2215959.5330288135
197,1548265892.04854,260998,4632,0.01774726243112974,2.618000030517578,32,32,0.00010253906250000001,2369370.768530012,103.97234971007106,2318908.7908450942,103.76817168854024,2319879.870642883,2290286.0947341113,103.83876636460509,103.78017236369017,2326087.3705174783,103.8454604269418,2315196.5611270173,2280216.6362214102
198,1548265892.11528,262832,4609,0.017535916478967552,2.9579999446868896,32,32,0.0006722005208333334,2296182.891970436,103.93988350935413,2246986.971207787,103.80333070772397,2261194.9440017496,2217990.599202412,103.8419644677601,103.77629677685796,2262710.7745194864,103.83593421218526,2266860.6882306,2214874.0457241936
199,1548265892.14865,258367,2698,0.010442510072880825,2.8589999675750732,32,32,0.0,2362991.7543308465,104.28353904361506,2340208.510734139,104.19382034671823,2343640.47899478,2304092.1802797276,104.23300108484074,104.15573787010888,2339511.7343523134,104.228087965043,2346441.861291876,2301065.059533528
200,1548265892.21539,259012,13485,0.0520632248698902,2.450000047683716,32,32,0.005598958333333333,2633760.2006416717,104.82429189236494,2447011.6456099343,104.17756629895098,2515538.2997248173,2456957.957371919,104.54133742854299,104.34530746464553,2527860.079216629,104.61897779607753,2536385.2287523327,2446308.173652917
201,1548265892.24876,258462,4565,0.017662170841361593,2.74399995803833,32,32,0.00018229166666666667,2351108.3155984594,104.48319356389472,2289851.31749623,104.29727001670366,2318291.3978751763,2272554.2913010605,104.37851903714312,104.30814433185135,2325097.7613823926,104.37763604275193,2318835.9422068936,2283284.3778298534
202,1548265892.31553,259549,2178,0.008391479065609962,3.23799991607666,32,32,0.0,2386150.82235455,104.63589979909783,2374569.5103005716,104.57115244381154,2367122.5392129617,2278292.455584343,104.58698772627835,104.48315898846843,2366795.0121650896,104.59265362369246,2365900.71651449,2336352.484070471
203,1548265892.34890,259026,4401,0.01699057237497394,2.38100004196167,32,32,0.00015950520833333333,1970408.4607878698,103.69550320616003,1933268.370640001,103.49330707999347,1937347.0289656222,1907804.4532274862,103.59647702402702,103.48544234916079,1897991.9397140704,103.51877175393346,1933218.502135355,1910500.2247085513
204,1548265892.41564,258695,12032,0.04651036935387232,2.618000030517578,32,32,0.0012711588541666667,2295517.6121555264,104.49895289350637,2113156.8124459377,103.91188559366675,2165747.10657531,2116289.06127032,104.17513144293784,103.99283448903103,2152882.4014108963,104.09763847981151,2164640.723257104,2100307.665454344
205,1548265892.44901,262364,3362,0.012814258053696391,2.5220000743865967,32,32,0.0,1870067.2569135448,103.28434366476222,1831716.0082114185,103.10612713356784,1853373.1944195502,1820681.0217628805,103.22365599220666,103.15124060176475,1842968.7953003882,103.19713048527358,1848429.9616389782,1820739.5623531167
206,1548265892.48238,262380,1909,0.0072757069898620325,3.5390000343322754,32,32,0.0,2075135.3796478426,103.99479923821963,2049760.4641155526,103.89846126850179,2064381.1290315075,2012669.8295514155,103.95778858591892,103.91413303961863,2067791.4471050925,103.98001886337047,2056745.2292868032,2037843.8222223567
207,1548265892.54911,263502,144770,0.5494075946292628,2.065000057220459,32,32,0.4168375651041667,1791660.8368173207,102.89365906484998,197178.88082522154,94.33017248181403,549795.5446254251,235256.1767794474,96.895794313363,94.75017358211367,398693.1138947408,95.78924570603482,548998.0076689906,304274.4666487001
208,1548265892.58248,264374,5158,0.019510239282228965,2.6389999389648438,32,32,0.00035970052083333335,2045553.165384218,103.76585338336243,1990450.111696137,103.60588056868514,2016103.6728648054,1987041.4600126967,103.66974233280754,103.62889100410396,2030469.1645383968,103.71264917774766,2011880.811544743,1994283.5917435337
209,1548265892.64922,263622,2092,0.007935604767432157,2.7669999599456787,32,32,0.0,1633834.8525109484,102.48885670433367,1624049.6827848817,102.4330731576356,1625248.704958824,1603403.849065992,102.4501618567121,102.40874036205012,1617522.2319412825,102.45812020901673,1620520.3967579994,1595657.9287228372
210,1548265892.68259,261517,7999,0.030586921691515275,2.5409998893737793,32,32,0.004130859375,1986070.1981522616,104.03554042692362,1842489.3587741817,103.60630262552914,1891777.8357362365,1845715.008979636,103.74877525723079,103.6219294304939,1924006.26534685,103.80610861263332,1903471.591086078,1839731.523027888
211,1548265892.74933,263924,2549,0.009658083387641897,2.7230000495910645,32,32,0.0,1798882.1949911476,102.94237611009366,1753486.2718122345,102.82539582272666,1785481.8390438869,1762930.5208815567,102.89303018212016,102.83879891875256,1781415.6354668369,102.8484350488125,1779298.6282180718,1727684.9494063468
212,1548265892.78270,262246,3190,0.012164151216796443,2.5409998893737793,32,32,0.0,1958146.2347972249,103.63471259895644,1913008.9069463962,103.483464062163,1936872.9485224108,1893117.0198011263,103.54949485804623,103.47041756126345,1954546.5410189603,103.62427066568672,1936748.5183372856,1887009.4063985753
213,1548265892.84945,264347,3409,0.012895928457671168,2.5220000743865967,32,32,0.0,1837118.5918094288,102.69802900190112,1801329.0868885305,102.53476824663181,1808647.3318511394,1765605.0207664594,102.60860840234194,102.51120041891424,1782701.8784908308,102.51705880341078,1813218.1682844865,1767649.4341474895
214,1548265892.88283,265292,4109,0.015488593700526212,2.450000047683716,32,32,0.0001513671875,1831106.7145231352,102.88194389171186,1799160.019125609,102.6742979736405,1796351.1906666239,1773935.1530006502,102.76398648196057,102.70843062704094,1800314.5693523493,102.75544400187313,1795761.3297204194,1781424.2364269234
215,1548265892.91620,266969,3219,0.012057579718993591,2.6589999198913574,32,32,0.0,1621081.2222991744,101.83724838928305,1603332.0196976645,101.72993604027688,1600942.2495183996,1556541.0286281176,101.7632191792548,101.67703285528437,1602918.9326417064,101.79177948428723,1598519.0053653764,1585067.5126392383
216,1548265892.98294,267102,1215,0.004548824044746951,2.6589999198913574,32,32,0.0,1480227.681401505,101.73525105790712,1474649.701133521,101.66564287270631,1473966.4652035963,1462983.6196303386,101.69673768632386,101.66536030067438,1475589.7064659235,101.70223620553253,1474903.9253815522,1466702.474320123
217,1548265893.01630,268650,3860,0.014368136981202307,2.450000047683716,32,32,0.0,1393935.4492860695,101.06126431402227,1370833.4127945479,100.9114243424989,1371744.8645712668,1350394.0592976518,100.96102121272395,100.91115102744604,1373400.5579812103,100.97943606393613,1375841.7272708428,1347668.6522359555
219,1548265893.11641,268975,1243,0.00462124732781857,1.9589999914169312,32,32,0.0,1315792.1639481757,100.78401937947748,1304670.74655775,100.72677825915807,1310459.2839185365,1294770.0141484707,100.75573061666854,100.7344582063647,1312204.295738588,100.75319082850584,1314395.9563171472,1301820.9009629171
220,1548265893.18314,269776,2240,0.008303184864480161,2.115999937057495,32,32,0.0,1370931.9985158797,100.33455907377635,1352071.395835175,100.2272830860598,1355669.0238906452,1324235.6682242423,100.26893636064872,100.22157427924921,1350261.6690857683,100.22049618485148,1355956.860186136,1343400.587769335
221,1548265893.21650,269386,1961,0.007279517124126718,2.1029999256134033,32,32,0.0,1508996.0781327612,101.35542384430512,1489568.832179441,101.27004256674849,1501470.1016940277,1465693.4978968885,101.3093591818646,101.26063753317763,1493460.0324965394,101.30118366843219,1502269.443358583,1479208.0964486084
222,1548265893.28324,270406,4402,0.016279224573419227,1.9359999895095825,32,32,0.0,1430185.2624870597,100.36659439862096,1392743.2790806806,100.14528744965156,1399237.5864443309,1359003.1422143108,100.26015428924919,100.17183047317731,1429072.2635839074,100.32955753549754,1397727.4661496123,1363678.2533347202
223,1548265893.31661,269157,5832,0.021667651222149156,2.1029999256134033,32,32,7.649739583333334e-05,1719263.83154757,102.28085983520836,1647456.6260982796,101.89815074129478,1654827.617299962,1615504.2469046684,102.09163103115094,101.9827780132093,1693956.7878383095,102.13207426409912,1660539.6520805468,1619283.9803124561
224,1548265893.38335,269821,1256,0.004654937903276616,1.8630000352859497,32,32,0.0,1252648.2642080553,99.6643505334051,1238644.591109129,99.60512469893962,1248190.285663866,1225071.4037422517,99.641488293524,99.57969344185281,1252166.8528308135,99.65878598775126,1251325.0227043927,1238550.79998761
225,1548265893.41672,269726,3273,0.012134536529663436,2.1429998874664307,32,32,0.0,1786916.3081681724,102.04337813452513,1746283.1461704625,101.8350377449848,1747823.4246491431,1714498.4063604774,101.92310077483206,101.88215267072057,1745971.395069271,101.92775179592691,1747371.4282565461,1718815.9311628793
226,1548265893.45010,268818,258444,0.9614088342298507,1.8329999446868896,32,32,0.8398828125,1453334.0496424173,100.55708873575969,21672.1001901381,80.05948545679692,121905.30826511439,35869.53395923169,87.23334142290035,81.4222825075349,142404.3367161308,87.85422981272103,110876.76948511609,69617.15168779569
227,1548265893.51684,269856,4649,0.0172277066287205,2.0280001163482666,32,32,0.0,1380351.9689274298,100.7679607429626,1312556.9497637483,100.47439653953603,1346784.3552222764,1318410.943412351,100.62131592032235,100.53188696411453,1356592.4564470444,100.57590661028226,1349724.2078104154,1310227.311406549
228,1548265893.55021,269209,261013,0.9695552526104254,1.812999963760376,32,32,0.8561604817708334,1235949.9029873759,99.83267797113601,5868.376039922847,75.22544066861238,83594.15135055121,22385.051521446625,85.14639685312771,79.55738828698124,145236.0445013274,87.05458220862653,77658.95568792608,48366.91326627184
229,1548265893.61694,269833,260711,0.9661939051190922,1.8040000200271606,32,32,0.8499934895833334,1282017.5437348543,100.2530962172819,9984.124368514837,76.0217259223725,84138.35611407363,26913.537150018376,85.29257853830484,80.04016258734366,144400.7651816031,87.38311015019369,104973.13962054541,39203.91251188994
230,1548265893.65032,269842,3882,0.014386196366762772,1.9700000286102295,32,32,0.0,889802.654536904,98.33777647840867,850960.7886184372,98.06001667830652,875339.1000786973,862313.1558645813,98.23924643287086,98.1515780765154,886608.0701189082,98.30726831283388,877701.8229463085,850851.8291070614
231,1548265893.71705,269616,6763,0.025083822918521157,1.8940000534057617,32,32,0.0,1129845.0823451383,99.75632508395442,1065762.0288095907,99.34625031441409,1104203.6718163444,1002646.9030898339,99.61863363824676,99.27420683158321,1107438.0723446505,99.64066576485533,1106322.21707054,1001957.0135403273
232,1548265893.75040,270234,3909,0.014465241235373787,1.8940000534057617,32,32,0.0,725423.9970916914,97.62114591176879,691614.7408279828,97.34433720188801,718487.3896761574,684576.3493076137,97.56056882359019,97.39353371757917,707819.3737799181,97.48369174333533,717134.983689495,678756.2620649907
233,1548265893.81713,269334,4481,0.016637335056101345,1.8940000534057617,32,32,4.8828125e-06,1136296.1639641612,100.51796230274613,1092654.596244562,100.16794645273865,1104259.0086564892,1067608.4870289569,100.39031298965475,100.28644084721685,1108731.299877606,100.41314580140622,1101975.8271920176,1067924.117077707
234,1548265893.85050,270151,4579,0.01694977993788659,1.812999963760376,32,32,0.0,834359.153516904,98.79617765237109,791679.5949067785,98.55355040364009,828450.0464522464,780484.4406260987,98.74351719730984,98.55855037604549,814736.754377132,98.69430033651608,826189.1975739608,776792.7597565753
235,1548265893.91723,269079,2847,0.010580535827768054,1.8229999542236328,32,32,0.0,993089.5737660619,100.09874148353457,962513.8514048752,99.91585556495468,979564.3703352065,949874.4596412237,100.02787017313536,99.9403703837697,990036.0424802377,100.06842024697575,978954.0495884435,951596.6656351627
236,1548265893.95060,269854,4315,0.01599012799513811,1.8040000200271606,32,32,0.0,761238.4877168044,98.75374068636008,733840.7637930125,98.58204658557216,752163.0448630594,711878.9975260375,98.68953570027563,98.53063711313624,745379.1854781344,98.61943500079282,755906.3625667046,715166.7752826709
237,1548265893.98397,268797,2986,0.011108754934020842,1.8329999446868896,32,32,0.0,1031393.2397443916,100.73379188850248,1005534.8457021414,100.5487931164642,1019114.3611514288,986831.5596454677,100.65234318817853,100.57432308652295,1030619.4592987068,100.72409393373007,1015369.8120744808,992240.2923274442
238,1548265894.05071,269721,2227,0.008256680050867379,1.8229999542236328,32,32,0.0,779246.9609862132,99.08556655565698,762319.8688728942,98.96256889368709,776178.2662274523,753083.03864341,99.05618862198263,98.93741087647774,774681.8597871016,99.05376963992182,775465.8525580091,757855.023693723
239,1548265894.08407,268726,4535,0.0168759256640593,1.812999963760376,32,32,0.0,1055755.027168956,100.9228698627884,1021032.8169191248,100.70431458321667,1027668.7487956139,974778.7642607614,100.81296647520062,100.57403637668011,1051286.723596365,100.86616579390063,1033334.8741649202,983989.9884109322
240,1548265894.15081,269698,1974,0.007319297881333936,1.8229999542236328,32,32,0.0,1002705.7983491011,100.40394221153846,979484.366886345,100.28452393329987,995271.0164165089,964525.735616329,100.35807791955253,100.24837839222462,996113.2226959232,100.3233602068783,995256.4208528486,962295.4967455494
241,1548265894.18418,266798,3054,0.011446862420258023,1.8329999446868896,32,32,0.0,1152188.8491453868,101.28780200145486,1113675.5934182939,101.07311814711932,1129832.344394348,1077361.7879787977,101.20741018391536,101.03693537446998,1135300.2834848247,101.20678190440852,1137145.629863158,1080757.3861108928
242,1548265894.25092,270250,1780,0.006586493987049029,1.8329999446868896,32,32,0.0,996715.1270779541,100.55646270334059,973813.5803445315,100.42775033531265,991182.9441008735,939232.6762839354,100.52657361453817,100.37368644950529,978311.8469822183,100.51336875887012,989462.6685072405,967958.3744997273
243,1548265894.28429,267178,4267,0.015970626324023685,1.7940000295639038,32,32,0.0,1058189.5210119742,101.10338286588399,993252.0826460797,100.7219614146222,1027846.3778917554,988373.9528777935,100.9846025544546,100.81525421275934,1026922.9921808327,100.99028806070545,1036171.2423953144,984643.1882277868
244,1548265894.35103,269800,2774,0.01028169014084507,1.784999966621399,32,32,0.0,937380.4060708724,100.43890135482701,906247.6606974441,100.21113002446506,933541.7451339599,888553.2841173399,100.40253165539602,100.25007708556412,922075.366673319,100.38840119609797,931872.5805100084,902956.3835605442
245,1548265894.38440,267011,3153,0.011808502271442001,1.7760000228881836,32,32,0.0,993087.2227626881,100.93769158169513,950789.5578327418,100.6766521631206,988580.2324356626,927477.127374384,100.90312704082304,100.72275045930685,982915.2637777221,100.88164863852704,990317.246044581,956309.6474513293
246,1548265894.41778,269927,3397,0.012584884061246188,1.784999966621399,32,32,0.0,576437.9459840514,98.28559757357867,548565.5077764242,98.02264560471696,574100.5023543459,541249.3737912741,98.22588897265078,98.04095937321057,562170.114179937,98.19910957074836,572508.0816399001,540756.0186682111
247,1548265894.48449,268366,2803,0.010444691205294261,1.784999966621399,32,32,0.0,788545.4961149566,99.90145696312678,756719.0011957602,99.65853409796907,781744.2726911469,737285.8586836554,99.8451409650132,99.6542913330258,771296.9840335008,99.85683124049409,785310.0475257089,742068.957322482
248,1548265894.51785,270120,2708,0.010025173996742189,1.784999966621399,32,32,0.0,429918.78619150777,97.04536527375129,407096.27281646425,96.79973589986429,428919.9106789131,422742.8818629022,97.01605576586623,96.89568682197873,426415.9551332215,97.00090061428051,428358.1909574064,418640.3739935942
249,1548265894.58463,269156,2102,0.007809597408194504,1.784999966621399,32,32,0.0,661581.7588656166,99.24296428257031,627178.3404931237,99.00597050131314,658869.714405711,635578.0311646776,99.21264525794012,99.08534201949847,646175.433633714,99.16714085542853,660940.6440801171,651460.4349017753
250,1548265894.61800,269928,4536,0.01680448119498533,1.784999966621399,32,32,0.0,405317.46228855447,97.11952580519744,369982.81703600666,96.76888586537686,401964.6097047288,376364.62407790695,97.0376906539533,96.8732755895614,400377.53719168785,96.971118851049,403191.28358415514,382364.15753057593
251,1548265894.68470,270084,1923,0.007120007108899454,1.7569999694824219,32,32,0.0,496947.5086785696,98.0911216733709,472578.91920601146,97.88706201843573,496220.9318225398,465691.82054460957,98.06389988746835,97.92625927859044,493743.86239754315,98.0443626625689,492196.9764155635,462386.21923366067
252,1548265894.71807,270969,3732,0.013772793197745867,1.7760000228881836,32,32,0.0,289863.877604174,95.59752098081114,268627.72448574094,95.276731890201,288034.7084490443,280388.7881251428,95.54291996930084,95.44042394209228,287249.2621160403,95.50473991123569,288362.4837592383,276555.58091253566
253,1548265894.78481,269379,522,0.0019377902509104274,1.7050000429153442,32,32,0.0,466884.5339877113,98.20115122542546,462852.1438747061,98.16498688878698,466577.51614832395,462667.27213419013,98.19515644861744,98.15286641214549,466793.5653399465,98.19295901830225,466804.1297567308,461564.8823806894
255,1548265894.88490,270107,2874,0.010640227761590777,1.7480000257492065,32,32,0.0,344120.9932860989,96.91931717067328,329478.0806053206,96.72336877901566,342766.6182933944,334024.3228401705,96.88283662949016,96.78137139070823,343023.5432406975,96.88675358248355,342586.1268247751,333577.8878407035
257,1548265894.95164,271354,6937,0.025564391901353952,1.7050000429153442,32,32,0.0,247583.77493637716,95.6147832418705,186468.1337519532,94.8381957682791,244214.16242779093,229416.63889375338,95.53163301374997,95.3067129693575,245600.24713910813,95.59511130458247,244459.78720314614,230696.89005466911
258,1548265895.01838,270758,29663,0.10955539633177967,1.6469999551773071,32,32,0.0136865234375,219948.3059165178,95.152779656065,136373.84208260695,92.39535773523708,198456.08278283797,154014.49944102822,94.70557798834338,93.3766323982538,203094.00924302122,94.68278879358576,195336.88071823234,151130.0695828261
259,1548265895.05175,270866,9929,0.03665650173886719,1.5789999961853027,32,32,0.0,225992.7773013824,95.32100085278496,160241.29042932155,94.14859609617777,219648.95999302727,207034.74055742097,95.1206486147004,94.78425401967134,224889.60404557825,95.24021032858822,222253.79505116463,191756.29184584835
260,1548265895.11849,269922,26477,0.09809130044975956,1.6390000581741333,32,32,0.0,268721.31501056923,96.24846166908404,173114.37714661876,93.33187451295366,252921.73514787538,206290.63319538615,95.82785079064956,95.02620678816038,202641.81430723448,95.1899653639949,254783.88960404677,206340.75199666744
261,1548265895.15186,270147,23812,0.08814460275331579,1.6390000581741333,32,32,0.0,222336.8738868388,95.07691600458799,148510.6706949184,92.46956640771629,206085.81467363314,177054.79153451667,94.69353991845767,94.01491513966579,205879.31183243307,94.36945932740093,207646.47745114844,164257.902931345
262,1548265895.21860,269941,23005,0.08522232636020463,1.6469999551773071,32,32,0.0,260511.55236028024,95.82692040830966,184201.39029337966,93.36980695379562,244684.38902604714,218264.27930617562,95.45193797109785,94.98291855874778,240039.88979278164,95.09824437267645,244244.0626891111,217107.19088010775
263,1548265895.25197,270910,21087,0.07783765826289174,1.6469999551773071,32,32,0.0002685546875,159150.9093750669,93.41074985872248,127196.59381224736,91.34931875507947,147132.40262049396,130781.45128038405,93.03256399549961,92.03017161640135,148025.17228335165,93.2044653657523,153602.34574825614,141677.0399692713
264,1548265895.31870,269958,16649,0.06167255647174746,1.6710000038146973,32,32,0.0,227716.99172500486,95.11739571660505,197659.61985952043,93.41490042531127,216349.74264239968,197725.74705326557,94.81484556125861,94.54116886802336,212804.5778525168,94.77035315241392,220468.94240424735,194645.23025855224
265,1548265895.35207,271193,15222,0.05612976736125195,1.6799999475479126,32,32,0.0,166645.56512419455,92.94750907427715,149281.04422680222,91.41140391556127,160451.60119397,153085.16638178454,92.76371530038617,92.42485964876192,159308.32629810896,92.81005720651876,159490.82076184137,150662.22396695468
266,1548265895.41881,271050,10718,0.03954251983028961,1.7130000591278076,32,32,0.0,226433.42005900003,94.08014247467095,212291.55943532384,93.17992651947591,221626.61341328226,212400.23664592154,93.94275421720192,93.67326727691889,225893.60898330688,94.0196557094674,221993.26542123622,207319.99082558774
267,1548265895.45219,271791,8805,0.03239621621024979,1.7309999465942383,32,32,0.0,183755.6303036915,92.36621292797864,177472.15148340215,91.7019013728068,181531.57276677294,173886.9354412291,92.26723200350102,92.08923511402622,183035.61542311308,92.28178162883779,181402.4237193436,173872.1096784829
268,1548265895.48555,271698,6651,0.024479385199743832,1.7389999628067017,32,32,0.0,214574.21942976594,93.11451280843838,209108.13313278236,92.48719045332342,211172.27351686897,199863.31064970762,93.01490843915474,92.81959438823735,202081.41251864214,92.95483461845828,212722.26733912103,205022.63996739063
269,1548265895.55228,271668,4661,0.017156971008731245,1.7660000324249268,32,32,0.0,281793.3175466333,94.09808489501137,278084.60943206854,93.67542849898264,279992.11815554067,270412.38345102844,94.06366269407185,93.90078759791466,279246.6764909295,94.02671172394633,280354.8718928114,273790.8726545605
270,1548265895.58565,271627,3539,0.01302889624374602,1.7760000228881836,32,32,0.0,295901.86702054937,94.22230877868444,292345.23698340694,93.84875875785961,294490.7328638291,287796.5569257553,94.1915221519624,94.07314629423759,291671.3612991582,94.17640969203833,294845.35947841,293006.7747086771
271,1548265895.65239,271468,2130,0.007846228653100917,1.812999963760376,25,16,0.0,424420.43104989204,96.11079320028149,418233.13831971446,95.8206593567941,420295.2403071164,411997.70566857135,96.03407292224666,95.95491439156913,412102.7567707495,95.92247458629042,419963.8826632915,408984.64582979854
272,1548265895.71911,271448,1246,0.004590197754266011,1.812999963760376,13,10,0.0,458900.7500067081,96.19370701730182,456823.751136296,96.07023282798446,455017.4375814875,450809.01724820345,96.14707803705485,96.12095093489513,441796.76966071076,96.11988823185789,454821.01994293235,447611.7179156524
278,1548265896.01945,270200,1701,0.006295336787564767,1.6629999876022339,32,32,0.0,497308.1572422271,95.59321089260409,490708.388891186,95.4549044681652,495846.0968814001,487384.9320551769,95.57758974947043,95.46532128181241,494917.6578359514,95.51978551958088,496289.0040442502,483808.59706501756
280,1548265896.11953,266854,542,0.0020310731710973043,1.6799999475479126,32,32,0.0,495252.9343403307,95.60955492304868,493435.5750959997,95.57577105980829,495068.9433998137,494115.53789810505,95.60814364014144,95.57711312024799,495089.4480694788,95.60477962089676,495052.130964005,493929.2317726675
281,1548265896.15290,267910,2574,0.009607704079728267,1.4210000038146973,32,32,0.0005647786458333334,517177.26488583983,96.11458602324501,505310.7338079971,95.87072143898055,508356.2671605536,502216.17955319304,95.97810050020536,95.89933654080987,510118.56035859947,95.99624627254097,508744.57904771646,503177.4753706405
282,1548265896.21965,266407,1628,0.006110950538086462,1.312000036239624,32,32,0.0,521719.1182914203,96.3480744608526,516666.6958726707,96.22596763750742,518666.7417283583,512850.3224104473,96.29749712604729,96.23510642441273,518835.39848690503,96.26871111259865,518051.2840430627,512971.59573824453
283,1548265896.25303,264766,37136,0.14025970101901303,1.6959999799728394,32,32,0.092578125,505211.24577163684,96.2687871556173,290486.17435171036,93.90986517131108,395351.06883472257,360740.222775891,94.46867158071763,94.30097691960052,395831.21763081977,94.39471748133066,396227.13857958926,347736.7504222948
284,1548265896.31977,265956,23606,0.0887590428491931,1.6710000038146973,32,32,0.054402669270833336,526299.7981344708,97.0246953321676,312655.92707498255,94.91247394404908,447130.13053683913,336705.28608687536,95.66261101888954,95.13575090981901,445082.9342602708,95.67568247968597,452883.25509561773,347943.91782335634
285,1548265896.35315,266815,16165,0.060585049566178814,1.6629999876022339,32,32,0.04534342447916667,470644.7662845935,96.74379724076388,329119.40002568805,95.22117939461047,374500.6973990195,327744.6044289353,95.44873846831983,95.22717628913392,386199.019450696,95.56820856702444,380870.68402826844,342455.37027902174
286,1548265896.41989,267632,1960,0.007323488969928857,2.618000030517578,32,32,0.0,384725.32853332086,95.6974330747334,370067.2481306107,95.48138713017079,379583.291859741,374746.6704558387,95.62246441083172,95.56407041426199,375771.2411499945,95.5539743061005,378196.0478407504,374073.6599791857
287,1548265896.45326,268731,6612,0.024604530180738358,1.7480000257492065,32,32,0.008982747395833334,399699.6689292809,96.00826282717756,314087.8770656154,95.0575766400155,356465.16499670927,331796.38393518387,95.48105987288017,95.23323193761004,347049.6148975631,95.47968208538545,350654.0693343908,325477.0680839912
288,1548265896.48660,268434,1388,0.005170730980427219,2.618000030517578,32,32,0.0,389446.0217547141,95.97671622558843,369361.57588484633,95.76275353036945,388104.45148621086,376758.65977462154,95.94916851108297,95.84003105626265,384598.12888097484,95.89341881259574,388200.4711270336,372028.1677520297
289,1548265896.55334,268597,3324,0.012375417446955849,2.6589999198913574,32,32,0.0,312078.79048162047,94.58242470546796,306379.9720306019,94.42994769072367,310972.30395863275,307106.83040272887,94.5683297535713,94.4858525101485,309299.78287855984,94.48367152133608,311478.61841681995,305279.893869135
290,1548265896.58671,267874,3039,0.01134488602850594,2.74399995803833,32,32,0.0,326088.5996887596,94.40870275955851,311596.22750944993,94.26609423362284,324671.1628294914,312969.7547313212,94.37637965713255,94.2677553308619,322826.7130196305,94.3762969215731,323728.7444372515,318769.7220302058
291,1548265896.65342,266292,2064,0.007750890000450633,2.7009999752044678,32,32,0.0,301542.1850953656,93.44387751646094,299180.53889122565,93.3786077693819,300740.56404409814,297680.9130032694,93.42929272641274,93.35720139773728,300280.65137564647,93.43248014567916,300701.8191138139,297688.97077404556
292,1548265896.68679,266084,228579,0.8590482704709791,1.9259999990463257,32,32,0.719140625,324251.2725096606,93.89246678632468,18964.82643243183,81.08453598338346,49371.99915472759,32273.098943955738,85.78781183075986,82.31062067059018,47749.008843494594,84.40516555602362,59502.43268650641,34354.48320204397
293,1548265896.75353,264875,5487,0.020715431807456348,2.74399995803833,32,32,0.0,327752.81871026545,94.0697682118002,323198.49337276013,93.93136996805512,326277.28917669685,319615.51491955726,94.04394098275671,93.8926853450607,323390.01667993976,94.02010056154614,323504.97248159884,319277.6724702376
294,1548265896.78690,264298,3604,0.013636122861315636,2.74399995803833,32,32,0.0,345754.0434472202,94.47357830660198,337522.7527120464,94.30282098375423,343021.66367523675,336010.7051971541,94.43500468065409,94.3332554769172,345140.2566062156,94.46709270617788,342309.1826184044,336887.3757645674
295,1548265896.85363,264857,7973,0.030103036733029522,1.9930000305175781,32,32,0.00011555989583333335,343332.8231597073,94.56953423067938,292565.658264494,93.98457628080246,334412.16025556554,306201.98318076297,94.42379550626661,94.14785356964879,342531.31771141815,94.54689838102625,338164.71701817436,322469.24762005033
296,1548265896.88700,265186,3803,0.014340877723560068,2.74399995803833,32,32,0.0,367703.5238623615,95.08525636456955,355038.8498944739,94.82461123511115,365789.60377362627,359955.43706426595,95.05266029991745,94.93295586878743,365146.5417364883,95.01524510062526,365033.34290833893,358447.5931539045
297,1548265896.92037,265225,3630,0.013686492600622113,2.7890000343322754,32,32,0.0,398734.2399582861,95.38116934620972,389018.9272962683,95.15235584194694,396293.9601756706,391043.8195414016,95.34303058997568,95.27569716275376,395887.8013141594,95.29038183849043,395254.4101035381,389572.6612055763
298,1548265896.98711,265517,3104,0.011690400238026191,2.8350000381469727,32,32,0.0,436471.2847655686,96.37641992400373,428746.3884015062,96.19295022343181,434120.4495346887,429012.4432369338,96.34553965919585,96.26002670304986,433551.92613586906,96.32373483774697,432362.41111703264,424827.37721322785
299,1548265897.02048,265813,1755,0.006602385887823394,2.7230000495910645,32,32,0.0,429217.58814515715,95.94219389787362,421608.9437326042,95.76474732750023,428169.47052853974,420318.4675344554,95.92165200111742,95.83352093791262,427957.1126796757,95.92115084196728,428056.54045814555,421179.501286847
300,1548265897.08722,265859,1407,0.005292278989990935,2.812000036239624,32,32,0.0,496903.04112769925,96.89620391845301,490768.5260906837,96.82866679939787,495779.77147918363,490366.2607741123,96.88312400127356,96.84925942174948,494217.1483398453,96.87056742136018,495069.37676462217,487340.1611429956
301,1548265897.12058,266476,2230,0.00836848346567796,2.7009999752044678,32,32,0.0,445489.52041098865,96.09138222387566,442931.1286940965,96.0361496069851,442780.7930501114,433576.9381951857,96.05176212701744,95.99839868327734,443455.2078270546,96.05610316335965,442078.5428820918,435484.42723106476
302,1548265897.18729,266724,1613,0.006047449798293367,2.812000036239624,32,32,0.0,509352.9072344045,96.7578116732318,506031.69608691055,96.69211063191398,508332.30564604234,503153.9134364787,96.73649206293757,96.70539664889085,509265.5799467967,96.74974065568324,506945.9103334581,498737.99902811693
303,1548265897.22066,266478,632,0.0023716779621582268,2.6389999389648438,32,32,0.0,518088.9116956938,96.53292802504785,514806.2491116201,96.47635955945066,517378.12002607307,514389.5544392541,96.52126209138423,96.50257336563958,512551.7938985651,96.47363874208057,517873.6399217739,514770.4355723172
304,1548265897.28740,266993,2296,0.008599476390766799,2.7009999752044678,32,32,0.0,489999.42228725535,96.30987969262682,482853.2306000058,96.17727631246504,488619.3136642118,486178.7514113686,96.29317679600271,96.25827895346256,489710.61316967756,96.30315385033353,488950.8053309274,486853.6164047194
305,1548265897.32077,266917,4149,0.015544157921750956,2.74399995803833,32,32,2.7669270833333332e-05,530940.5652579181,96.8071898392062,519414.0593976665,96.64895506971096,525096.8227888045,515394.2464241687,96.75093193701827,96.68136963509912,527283.6506032938,96.7727947885455,522793.88514939486,513952.6545204256
306,1548265897.38752,267169,3214,0.01202983879117712,2.6589999198913574,32,32,0.0,507010.9227520817,96.482683673027,499212.7124012545,96.36321329718757,500950.379454801,493669.70414414787,96.42571247988192,96.38980078152184,497117.0151286347,96.37773364115446,502156.2245164494,491360.66616897314
307,1548265897.42089,267564,2426,0.009066989580063087,2.680000066757202,32,32,0.0,487562.9879365873,96.42706709575184,479036.5411014672,96.25908378775115,485147.8610863839,477983.2900662572,96.39431497538408,96.33128185140218,485321.10487942834,96.40393018096057,485215.0201389473,480553.5585484412
308,1548265897.45426,267064,572,0.002141808705029506,2.933000087738037,32,32,0.0,571620.431279867,97.11719152535657,568037.941961038,97.09158171456397,571073.2770465645,569716.6981591525,97.1091916025055,97.08869083348424,570954.8331175006,97.11055797518478,570357.8454752476,562965.844974218
309,1548265897.52100,268050,3879,0.014471180749860101,2.6589999198913574,32,32,4.8828125e-06,418287.4236474895,95.41495347368647,410867.0187980664,95.18629899592511,416263.58652774966,409651.09184387897,95.37684594246065,95.3227577919531,415705.01077730465,95.37628241509256,416161.5906192088,408595.3702829943
310,1548265897.55437,268156,1465,0.00546323781679321,2.882999897003174,32,32,0.0,394681.0786254239,95.47115040850072,391766.9487082223,95.4241636318308,393589.95183094917,388970.51698020974,95.45090026592595,95.4129804005404,392063.3152141653,95.4436621150117,392191.0158276408,388409.335087437
311,1548265897.62109,268186,4714,0.01757735303110528,2.6589999198913574,32,32,0.0,387065.56497178215,95.28768857543125,377743.26002660557,95.04819435719233,384165.4108036716,375902.0060774817,95.22291282438783,95.13893143985621,380095.1810282783,95.18358420311768,384021.61473375757,369987.9324160828
312,1548265897.65447,267968,4629,0.017274450680678288,2.8350000381469727,32,32,0.0,394676.35620284674,95.63190235080418,387127.5850828741,95.49223876943284,391525.8786425196,383531.759350614,95.57551541077717,95.48372420192047,393824.8498143851,95.61566020035917,388994.27541038895,377850.03890063684
313,1548265897.72122,268491,6642,0.024738259382996078,2.7890000343322754,32,32,9.928385416666667e-05,362129.1740152826,95.06248060745527,355004.1320404205,94.9055230000306,354333.09070419794,343316.43533076486,94.91887710299349,94.86928651070512,357082.02643156255,94.99639497321527,356337.5020604236,344310.8918952922
314,1548265897.75459,268590,3283,0.012223090956476414,2.7890000343322754,32,32,0.0,333774.6977170223,94.94282543332602,329824.1294851304,94.79991386987908,330954.34527602757,325374.8035100468,94.87738847404685,94.83247291963644,327425.4054819735,94.85707346136466,328928.24419065047,322536.53767963866
315,1548265897.82132,267853,6147,0.022949154946929846,2.7890000343322754,32,32,0.0004606119791666667,366340.84904803423,95.35594018666401,360073.4434205774,95.20857455240352,360931.14895180194,349700.76414349367,95.26871309957926,95.14884885674861,362857.3214843145,95.29400285005227,359794.5740705383,353253.22418126726
316,1548265897.85469,268042,9159,0.03417001813148686,2.7669999599456787,32,32,0.001103515625,342640.1397446954,95.11234155216708,335207.0506024088,94.87416520182185,335007.6212096173,323440.77159859805,94.97923757243325,94.86358022388123,339400.4748764348,95.01245917182624,335591.715611907,326576.7857653475
317,1548265897.92142,267098,4041,0.015129278392200615,2.812000036239624,32,32,0.00013997395833333334,430235.06767846853,96.19800922351828,417964.1714470622,95.97352145600371,426791.2575434949,421012.58983769466,96.13784002288398,96.05199276186319,429490.3654688602,96.18314359892153,426728.3462642818,422705.5727689088
318,1548265897.95480,267856,9470,0.03535481751388806,2.680000066757202,32,32,0.00099609375,348697.6654102684,95.30111763361437,340396.77674315387,95.05641661399854,340304.41829843854,334119.42951884127,95.150809663137,95.05523531578255,340480.1184889953,95.15980374631656,341658.1180993673,332571.53554189263
319,1548265897.98817,267651,10661,0.03983172115927084,2.680000066757202,32,32,0.0009749348958333333,432872.27147135435,96.45712801902884,422306.10078493506,96.171618733333,423016.89889207657,414381.1677056967,96.31716194857654,96.23824490361206,423658.81494268187,96.2422786554155,422898.125606431,409850.6920990651
320,1548265898.05491,268059,7064,0.02635240749238041,2.7890000343322754,32,32,0.00046712239583333333,398319.31683481456,96.00945462392929,375163.37223535404,95.63338118390126,388651.2999537383,378742.8609545348,95.8728695146153,95.71944515375036,390767.89148098754,95.9069692164444,386960.5800950995,380920.2192721024
321,1548265898.08828,268094,4848,0.01808320962050624,2.8350000381469727,32,32,4.8828125e-05,465160.84579031594,96.67982056240542,459418.44809442875,96.55499904957686,458552.55477311905,440497.6500473191,96.59482390115915,96.50816898697465,463323.24753632647,96.6315913142426,455324.15873117,442640.80632161844
322,1548265898.15501,268489,7579,0.02822834455042851,2.74399995803833,32,32,0.0015348307291666668,392462.65178733965,95.71756573693038,382488.63695176045,95.53722277106371,385772.1435382576,375628.36813904444,95.59673261253576,95.51741281121258,367480.7854283992,95.54658158609026,385196.3660038586,374166.0642790262
323,1548265898.18838,268620,16306,0.06070285161194252,2.6589999198913574,32,32,0.0036832682291666665,395205.5719068317,96.0401521729973,373487.6597328099,95.5479848329291,382445.3961505906,365899.06545623136,95.79616655114742,95.67477190781568,385452.20786909515,95.93957020496316,382358.732790033,362947.01729421766
324,1548265898.25512,268509,9670,0.03601369041633614,2.7669999599456787,32,32,0.0012272135416666668,409651.48206597794,96.06821967276503,392592.1041045358,95.775890809835,397197.7609379961,383528.5875737098,95.90189932108652,95.82844201282114,404869.15897974104,95.96942638362727,397404.700427878,385085.5767691983
325,1548265898.28843,269049,6885,0.025590134139134506,2.74399995803833,32,32,0.0006282552083333333,401995.49953408074,96.04930189468774,384857.74535374687,95.77017583187938,394999.41890146275,386933.03401422675,95.93192861734957,95.85539895319518,391660.36071253405,95.8699404891467,394604.45961872477,386190.8359252634
326,1548265898.35517,269043,5592,0.020784781614834803,2.74399995803833,32,32,0.0,434239.9496027747,96.48931691581983,427628.3654108008,96.33620391286807,427163.3859331005,418905.5418976239,96.3800971213446,96.29838110113191,427325.59930789674,96.40204091640635,426694.75013415294,416791.3473319178
327,1548265898.38854,268081,4299,0.016036198014779117,2.7230000495910645,32,32,0.0,562825.0469101534,97.83207683045927,550174.636402175,97.64449620745816,555623.046314144,551512.8763549784,97.7384927786332,97.69139787273136,557021.7978806688,97.76059192313684,556088.1956405672,550692.795834014
328,1548265898.42191,268496,6110,0.022756391156665275,2.7230000495910645,32,32,0.00029622395833333334,415419.88811163383,96.39659979064108,400423.8359492466,96.05128239639141,405004.86089088593,388618.6787426586,96.26717983010968,96.12160942195128,404086.62034224404,96.3012823880089,407957.7195703553,397504.52268278477
329,1548265898.48866,266965,5999,0.022471110445189443,2.365000009536743,32,32,1.6276041666666668e-06,478231.12121505366,96.70008050958754,447244.4757170644,96.24670472047725,473507.42959346296,456659.3545475218,96.60461085769018,96.37473881063791,475199.8308581809,96.62272211568214,469081.2935109536,458145.078532674
330,1548265898.52203,266015,1847,0.006943217487735654,2.680000066757202,32,32,0.0,453405.44324773806,96.49848633031522,448048.1592669339,96.38223150617648,451192.82917728194,446580.29299728625,96.45025326802323,96.41542482675929,451774.16761631856,96.46763988694869,451769.4052375413,446662.64756563766
331,1548265898.58877,266359,998,0.0037468228969173185,2.6589999198913574,32,32,0.0,446077.9482467517,96.4013299995231,439113.13338943396,96.29611811793833,445376.0667539055,443351.93502822676,96.39065329323407,96.3353510970098,445472.92631558026,96.39526512528616,445268.0728446299,441400.37698115536
332,1548265898.62214,266239,49052,0.1842404756628443,2.0899999141693115,32,32,0.0452294921875,455660.6801462603,96.3094839021538,205039.13359807973,93.59084956213721,358148.73213757563,250813.9060326849,95.05049015406448,94.24600687797457,439074.0019771291,96.01855854307476,302514.7235097886,260478.79825630854
333,1548265898.68890,263695,1609,0.006101746335728777,2.618000030517578,32,32,0.0,552255.0299899457,98.41880727716816,534905.4947281003,98.29051674973908,550072.308210651,543229.7286075775,98.39012109465996,98.34360884553425,551615.0434199661,98.39910063566148,550649.2913359804,542973.3210615617
334,1548265898.72227,265949,51818,0.19484186817773333,2.1029999256134033,32,32,0.002942708333333333,544457.0900284834,97.19511923332647,260396.18952632137,94.60748009867791,518336.5026345909,381578.7260434463,96.71998011663133,95.78010477785728,440056.4453437562,95.85710058502374,507883.9271326255,340454.53197608434
335,1548265898.78900,263876,2561,0.009705316133335355,2.7009999752044678,32,32,0.0,715668.3284835326,98.71821287923272,704287.4849802512,98.61097830952308,712911.2434174491,693208.5386682288,98.69506833133924,98.59900970021533,715022.3271005279,98.69525275017196,713538.0854178383,699904.44874656
336,1548265898.82236,265833,54101,0.2035149887335282,2.065000057220459,32,32,0.06702636718749999,579202.9392455292,98.01820969301659,276337.57849717874,95.03164117230419,431775.9085916735,332792.27891870344,96.42367693645195,95.78458280273664,433643.314943285,96.52467291664351,407072.6093776918,327848.9935672914
337,1548265898.88909,265056,3301,0.01245397199082458,2.5789999961853027,32,32,0.0,681360.7098181058,98.84829197052338,649255.8304048519,98.68065109775566,674518.7278805514,666314.7722621862,98.76178148908072,98.71875975143352,673961.9341943384,98.77069132112416,674893.2510028696,668785.3315990752
338,1548265898.92246,266296,49398,0.18550034548021752,2.052999973297119,32,32,0.024736328125,517222.9586684291,96.97521537230824,277513.6138096023,94.51033023291376,450898.6116834365,367265.31796807825,95.96294848520517,95.604083235335,506227.93703174684,96.73273848141903,496333.2519281602,328839.2513050936
339,1548265898.95583,265826,552,0.002076546312249366,2.3329999446868896,32,32,0.0,518468.03181181196,96.94074947564033,515339.58729943755,96.89589448731745,518303.76427306747,515388.0632201008,96.93665093349725,96.91782475181442,518452.8154798922,96.940253231128,518311.1646787846,516431.79075494694
340,1548265899.02257,267062,54938,0.2057125311725367,2.0899999141693115,32,32,0.026170247395833332,487221.47208016313,96.72456617645062,271178.05241709517,93.8104530312302,409873.91316663433,317126.7141707944,95.5315637845653,94.86690853695559,429074.8681750297,95.73401641070083,408062.88059324503,326501.16895769554
341,1548265899.05594,265529,567,0.0021353599795125955,2.618000030517578,32,32,0.0,512523.4113115435,97.00693645985925,510039.8497688501,96.95979522589504,511944.58048537356,508365.36227761104,96.99952611453332,96.96436678440463,512279.01365053083,97.00174011497721,511794.2159562367,508820.9522182093
342,1548265899.12268,265045,33440,0.12616725461714048,2.0399999618530273,32,32,0.014270833333333333,537080.9894278578,97.3322089192588,367791.86945643765,95.7092501098054,476868.22107463656,455039.54366081255,96.50863972904817,96.15089131653664,506662.6774705716,96.86684937527025,472629.53445662453,386174.313519844
343,1548265899.15605,265909,63873,0.2402062359679439,2.184000015258789,32,32,0.0590478515625,504358.12150903157,96.85162792364531,283394.8922685386,94.02066075414845,386966.3525398186,317221.7756827163,95.42868195597586,94.69309182552027,413346.3178589428,95.52760425300377,392205.6247930334,332292.4415561125
344,1548265899.22279,264153,53277,0.20168992969983304,2.1429998874664307,32,32,0.08693359375000001,577833.3849416184,98.24627287993755,313212.37912142253,94.94224323133145,403754.58376441064,369357.12548205873,96.25460922324649,95.85958223645753,417205.09167135664,96.19740751231231,404898.9012574702,365420.6031178565
345,1548265899.25616,266243,67271,0.2526676757698794,2.25600004196167,32,32,0.07073079427083334,487059.71156231675,96.7382527816952,246095.86721134634,93.51966679014498,345320.2000442703,289465.7357959198,94.71502803104016,93.99087979860667,321639.37866376055,94.30710497049027,329065.31846736174,303429.7956751306
346,1548265899.32290,265608,35310,0.1329402728833469,2.078000068664551,32,32,0.05681640625,555592.1980746955,97.7734196045739,361309.48373165715,96.02449792867384,466937.6201893384,386760.1748867311,96.71655912662895,96.31689465112004,470504.882471375,96.70261767512486,451044.3023490155,410960.0808057145
347,1548265899.35629,265370,6650,0.02505935109469797,2.5980000495910645,32,32,0.00017578125,561607.3496086758,98.11541370143394,539913.879792585,97.87094291771602,549345.506060597,539430.0146890254,97.97421492284147,97.88400843548081,552375.0755937505,98.04685984917415,552074.8790558226,539287.5907249484
348,1548265899.38966,264925,3341,0.012611116353685005,2.6389999389648438,32,32,0.0,552132.185746693,98.22477899851516,530147.1187530366,98.06416778470229,548906.3955487995,541766.7965385905,98.16880316600442,98.11713703915116,549460.9456725331,98.19206594964285,549745.8380830234,535340.8652056291
349,1548265899.45637,264478,53138,0.2009165223572471,2.1559998989105225,32,32,0.0627294921875,482405.9477808299,97.75336731524362,280945.3699903385,94.76318110066372,387752.9388500544,356189.02930581133,96.44220020351221,95.92458173550177,438855.89745142683,97.18576554367175,390063.51200165553,367026.50552947423
350,1548265899.48974,263554,1648,0.006252988002458699,2.6589999198913574,32,32,0.0,551132.0791110148,98.222005120633,542679.0121395647,98.14225811058687,549392.2343580754,546339.7405680704,98.2001008645054,98.17508397366325,549739.7395816802,98.18010310441012,549636.3356699904,546391.4482743096
351,1548265899.55647,263036,66392,0.25240651469760794,2.1429998874664307,32,32,0.13421061197916667,546741.7685360273,98.14112133986268,241187.43989053078,94.19068808696105,337188.5553775239,296115.2342197208,95.42343923917306,95.08140708180511,395268.7291308242,96.03109013249036,372881.52024307393,295556.1464341292
352,1548265899.58984,261031,34704,0.1329497262777218,2.078000068664551,32,32,0.0601123046875,640837.6219992535,98.83768523377535,443788.8552051239,96.87036241631547,542048.504061992,464943.2214798551,97.64031578443706,97.21277802903059,477816.6474604172,97.14422823035673,524895.4930251024,478155.8226625215
353,1548265899.65658,260325,34919,0.13413617593392874,2.078000068664551,32,32,0.06430013020833333,693980.3466215536,99.1051127570017,462050.565051364,97.153108031005,573833.376922511,492415.60829999164,97.90021654305878,97.43497181780558,589446.0609602847,98.04256751137217,591066.7063996216,508106.1802220306
354,1548265899.68995,261043,65045,0.24917350781288908,2.1559998989105225,32,32,0.15180338541666666,673639.3467309481,98.99354747470375,245389.19871157422,94.61319066650418,394607.54334496456,322188.96780719113,96.2644805364842,95.71363885271879,530018.4237647369,96.99937401264398,456659.9313292036,365517.6566004019
355,1548265899.75669,261539,65944,0.25213830442113794,2.1700000762939453,32,32,0.134736328125,625997.8738597832,98.63941161679354,228090.64317675488,94.33759463474388,375301.9806065649,308316.7532503696,95.8701228657455,95.36900687701615,416416.70290131844,96.20259435520013,381089.02158173587,301364.61170973745
356,1548265899.79006,259441,35393,0.13642022656403574,2.0899999141693115,32,32,0.06174641927083333,710838.9837149332,99.34901049749143,448361.11506097566,97.21670351221881,578013.9961919165,507195.46895162197,98.14528944166621,97.6374956383084,632036.1427126086,98.3580178587724,544163.6034032358,485833.30738881044
357,1548265899.85677,261493,5926,0.02266217451327569,2.6389999389648438,32,32,0.0001513671875,656260.1936706657,98.86991869619519,604723.6166967332,98.4892395095523,642557.6333919936,628181.5555327651,98.75032668785059,98.67304475163459,628005.6607427805,98.63164691917905,646893.4466513239,626949.5230468888
358,1548265899.89014,260179,6339,0.024363995556905053,2.618000030517578,32,32,6.8359375e-05,732894.999821681,99.60143557801948,680217.8273619042,99.1407259702283,718022.5623769773,696009.4500788688,99.48960604893517,99.32531589930578,697420.2656549123,99.31959988240055,717287.9568416221,694869.4879339305
359,1548265899.92354,261448,4203,0.01607585447201738,2.6589999198913574,32,32,0.000107421875,687478.6404074569,99.20062482639102,653585.6978604767,98.86504056981684,677448.75046974,666892.1006645609,99.10793743684667,99.02163850012684,677247.0483649384,99.04902802452818,679983.739338296,660843.1673787733
360,1548265899.99028,262685,63894,0.24323429202276492,2.197999954223633,32,32,0.10814453125,641433.4149490083,99.01049166767581,255838.6871848317,94.83964538827342,431807.09492615436,323195.591222541,96.52255432800314,95.86527595073267,527288.8390965519,97.28345360031662,412857.2416807268,338765.3895240503
361,1548265900.02366,262826,63174,0.24036434751508604,2.197999954223633,32,32,0.12396321614583333,580307.9773735618,98.2619869208458,251975.9031363543,94.57208770723483,380682.8817160988,317758.5625183033,95.88877709972346,95.59670548927045,404213.63808518386,95.84722678678763,376306.8345941458,288693.2973353544
362,1548265900.09038,263366,36048,0.13687415991433974,2.4149999618530273,32,32,0.030467122395833334,643251.3620539895,99.00227616167533,451768.6262058921,97.08974703445986,560833.1759100505,513877.617012242,98.07102724483502,97.79257769854186,564846.2356556801,97.90830012304629,543225.838951672,493320.7154183805
363,1548265900.12375,262789,36473,0.13879195856751994,2.4149999618530273,32,32,0.025747070312500002,684220.7017929697,99.20510760322328,450447.6374746525,97.18375425747624,585410.9619852933,523730.953619034,98.27155504088205,97.7698893599908,592872.3360557818,98.40760753177636,586924.2257535392,519910.48590971297
364,1548265900.19047,263020,4256,0.01618127899019086,2.6389999389648438,32,32,0.0,686820.2094800837,99.2214185764347,660314.6386189547,98.94270915053995,679353.5142102095,665270.2171933406,99.14161076075118,99.05046168886845,677064.492052779,99.1340929403851,676889.2165983184,665577.1561815601
365,1548265900.22384,261312,1267,0.004848610090619643,2.9579999446868896,32,32,0.0,759087.8418945523,99.99419096318914,757857.0064586215,99.94199779739343,756913.0137486232,751566.1489463161,99.96597196821726,99.93135918058745,754594.2195045544,99.9367432070706,756382.7732331532,749255.7745433482
368,1548265900.39071,260591,840,0.003223442098921298,2.6389999389648438,32,32,0.0,699387.1360838191,99.69144804776346,696595.5175022056,99.65111498765023,697171.679113911,693368.3505953605,99.67615947865369,99.64887000272276,699113.6498436299,99.6838414418128,697952.4059108873,694825.3471927011
369,1548265900.42407,260553,2155,0.008270870034119738,2.9839999675750732,32,32,0.0,672202.9527816732,99.54682743652955,669703.3879841483,99.49856724497337,668988.0674663933,651740.4312626288,99.47650789076977,99.4158455206338,670969.9152488578,99.47772838674648,668672.6639161845,652450.2605112663
370,1548265900.45743,260408,1320,0.005068968695278179,2.5409998893737793,32,32,0.0,709385.5963467314,99.8185496809084,706225.0094646413,99.7241050724993,706639.4049327584,698946.7766423558,99.78072805004223,99.71922040569888,706385.0807255036,99.76984135965984,707599.9133653875,703794.2627945798
371,1548265900.52416,260949,855,0.003276502305048113,2.7890000343322754,32,32,0.0,731088.6011686762,99.96652270564101,728737.4211318247,99.93673735510653,728288.1316314917,725966.1368672795,99.94434662007407,99.9289538837269,730841.6175256432,99.95682674617603,729544.5328061194,724201.9369002077
372,1548265900.55753,260160,4573,0.017577644526445266,2.9079999923706055,32,32,6.510416666666667e-06,723187.3209040066,99.80426241115276,702292.7852864967,99.69936176926666,706932.0280807453,692018.5143231561,99.7000065228491,99.60579807249442,690269.8965293325,99.58522215797862,711900.5596865274,691383.8632351147
386,1548265901.25830,261287,575,0.002200645267464512,2.9579999446868896,32,32,0.0,683395.021188239,99.60251531441078,677861.6955010331,99.55194592395664,682569.7431118821,678579.8380712674,99.59456694226529,99.56655635421616,683282.7512375778,99.60067827694107,681652.8265694377,678645.5651879006
388,1548265901.35843,261746,696,0.002659066423173611,2.7230000495910645,32,32,0.0,728314.2367357697,99.97846704848774,724918.4356171831,99.95134173546498,726676.4635274836,722380.5479798039,99.96238608090377,99.93800672319999,725891.7860361566,99.96071751365412,727262.9337564193,722434.2993791543
395,1548265901.69213,260164,2363,0.009082732430313187,2.5409998893737793,32,32,0.0007438151041666667,743153.8602828705,100.06703345604461,723266.0266104958,99.85904868522654,733446.1842576927,724938.7641748457,99.97994324703461,99.90473928036418,741848.0503452864,100.00314907110246,735241.6093909873,726731.0707228243
396,1548265901.72549,261006,2644,0.010130035324858433,2.5409998893737793,32,32,0.0005777994791666667,754356.3015086246,100.14151637021247,735698.9472196997,99.92892292189218,743668.2527920259,737073.1886825246,100.04355884823741,100.00224326902023,740680.3304515589,100.02976904920361,743439.7986340153,736586.4758826148
397,1548265901.79223,260418,2087,0.008014038968120482,2.5409998893737793,32,32,0.0,722521.2460965071,99.73655221639517,708689.6379459356,99.57913714074786,718885.4699113809,713172.065553522,99.70862596111218,99.6672175544183,720567.4356975912,99.70083233610276,719107.4450962289,712173.9234274706
