frame,stem,n_valid,n_removed,sigma,all_dt_mm,all_dr_mrad,all_sdt_mm,all_sdr_mrad,all_tx,all_ty,all_tz,robust_dt_mm,robust_dr_mrad,robust_sdt_mm,robust_sdr_mrad,robust_tx,robust_ty,robust_tz,oracle_dt_mm,oracle_dr_mrad,oracle_sdt_mm,oracle_sdr_mrad,oracle_tx,oracle_ty,oracle_tz,shift_dt_mm,shift_dr_mrad,shift_sdt_mm,shift_sdr_mrad,shift_tx,shift_ty,shift_tz,mrcs_dt_mm,mrcs_dr_mrad,mrcs_sdt_mm,mrcs_sdr_mrad,mrcs_tx,mrcs_ty,mrcs_tz
2,1548265919.56097,264696,14785,0.017454848835932853,2.4128145626678164,2.9789183419293397,0.017917100618875064,0.007668198735579021,1.318697821732495,0.5870997571556301,-1.9333970218058316,1.202077874459184,1.7799616847268522,0.038997598994384035,0.016550933211248488,0.0743527170228369,0.7928744797052194,-0.9004515251626871,2.3195345769697138,2.8458118707023967,0.01881365385746353,0.008135892288166618,1.1538165583880162,0.43179031108063315,-1.9653257059847844,2.305613711398003,2.9232111332755215,0.018371094573059396,0.007941690457454577,1.233460712624554,0.6411672069633415,-1.8121918604952638,2.9653085978744467,3.540769897187407,0.03256920868011934,0.01192012491200548,1.4282979327769132,2.04233178695954,-1.606829476897896
3,1548265919.59402,268471,6296,0.037885415303290926,3.2732257823790762,1.4373518335563022,0.039770698389079276,0.016342741585049152,2.9073141428892755,-0.09380968925582778,1.5009101369465259,2.4614739999489244,1.7994486945327517,0.0822942268960301,0.03324100891941931,2.3940212924255357,0.5712132775152844,-0.0350955186309101,3.1827575662452707,1.367261805646849,0.04043347520660659,0.01668533532371851,2.829886640725298,-0.2042747595683795,1.442206347489599,3.2664101919151314,1.4285285022097192,0.04024114989230067,0.01654190148947474,2.8639372383203465,-0.06764130172798091,1.5090333166454484,5.675879842329022,0.8345038878116476,0.06293716007970841,0.027236567666291612,4.841867822712639,-2.1004421271443343,-2.0880782654044063
5,1548265919.66073,266038,6881,0.04158412936332653,5.308291824143373,2.889809332599265,0.0646424089690633,0.027111789904637022,4.56203800189314,-1.9321827941057377,-1.9058963795841495,5.308600099064237,2.67108519457,0.12363616559493326,0.05033456195504266,2.7663595733645745,-1.6217474497050248,-4.2306530148446635,4.426419478040688,3.1423107227172027,0.06630460444056846,0.028419934701346485,3.6699174433355566,-1.8012192594053187,-1.697204918160079,5.286400602824103,2.8748778751765176,0.06536745429285007,0.02751564047184553,4.5834105598013295,-1.9940796953170687,-1.8374485904542353,21.541399082513124,3.913476935140629,0.135366368472848,0.0452584841436865,17.390697821910077,-6.809302170980799,-10.734472862855705
6,1548265919.69410,268171,16127,0.052331969225977354,6.073172979489036,3.9325934447102036,0.06842293882096233,0.027294950354479347,-0.4379333632913342,3.7347338622482242,4.769004863311478,3.439299199916379,3.237744780674322,0.12676598191202973,0.05000399224297349,-0.2922449488388227,2.3703863911505163,2.4748010491900296,6.12440977445197,3.977936234089859,0.07045621604794175,0.028382810249728017,-0.4402560880670077,3.868842445090071,4.727221995780635,6.653886392111933,4.0680612142305375,0.0704157102562335,0.028169860536844532,-0.4406917772168371,4.255432083564596,5.206612970710108,3.9628564532393233,3.179681744664054,0.08867101354247786,0.033830987360717955,1.262833112420482,2.052988349892331,3.1455878042682763
8,1548265919.76081,269270,14382,0.05917378394694881,5.629517431931027,3.9915494502864095,0.07193791852276048,0.029061340610868288,-4.206066081453205,2.1061713041881913,3.092655343273545,3.8004889288316708,3.217355707852499,0.1311437089430901,0.05195038041542497,-2.9981056161395365,1.37124289479495,1.8907066763829434,5.906160433524451,4.1457911772507074,0.07344041907012028,0.029899053689437093,-4.254993782468848,2.5327591958969795,3.219144270342737,5.577149140359963,4.019838926331547,0.07367943466928911,0.030008003884449852,-4.321468925427664,1.9973928700905468,2.882866905549271,3.056069830882069,3.4827268657786243,0.12779279028572857,0.052230138988057485,-3.0273929087896296,0.3422434847908176,-0.23942511179084058
9,1548265919.79418,266974,5089,0.05018967862982925,19.709245873288754,12.878944239087339,0.08153879284380322,0.03276426424082393,-15.032996905561005,12.436681030270954,2.7914766490948186,14.656270639650232,9.524698860433277,0.1562530035246283,0.06141929313244204,-11.939581140375502,8.274553986322815,1.9453605276380865,20.123512229943838,13.010037013334733,0.08226491355504888,0.033225423267635855,-15.272508492777174,12.744995530670694,3.0448838614850775,19.5140736188109,12.797628038160592,0.08202944491494896,0.03300169877430917,-14.890978544516049,12.431129408619825,2.7709178248795627,17.86805908703527,11.535931973367754,0.17687755137161587,0.06961930096536775,-13.755009579787977,11.376831925515603,0.7968326902767081
10,1548265919.82755,266914,7792,0.042514289863292684,5.796412071981857,3.9408941385332095,0.05323880963590079,0.02140548223808789,-3.0905826895156268,-0.6959036840830899,4.854112649080462,1.815595189433952,2.7629117506475196,0.10394654560737708,0.04040442610696058,0.10172682384437859,-0.7235960017483246,1.6620608807923016,6.100405100452424,4.067309472492371,0.054425443667380426,0.02202243621592246,-3.4125940613225394,-0.6743132764440489,5.011431508806978,5.761290175861628,3.953481666739979,0.05389513768750386,0.021699289697028827,-3.151837453163175,-0.640744529753888,4.916365603982578,8.855651550565288,4.648154703926669,0.09140795439755844,0.032221241178437415,-4.12217210587533,1.02108776994831,7.770948544459339
12,1548265919.89429,266285,15642,0.035359174542214385,14.569119513614854,13.329605097582514,0.060708616585570224,0.023995514461985404,-14.3422092193316,1.193802413210006,-2.266078972394112,9.72282870139242,9.555021297081526,0.12089416253767817,0.04641537333025125,-9.346830987812782,2.497677348641663,0.9652752477740665,14.722745087348356,13.493749358262063,0.062345850355119165,0.024945376685008767,-14.475733323549179,2.0815566108170436,-1.6969059280030483,14.511133997512031,13.283878429556795,0.061874637258145244,0.024598036823071583,-14.266294864902171,1.0254983833253635,-2.376616690951553,16.454712724016716,15.197996190806744,0.12129376434235847,0.047640028534617,-15.99062253867702,3.171755381407676,-2.2355154788065215
13,1548265919.92766,264830,7841,0.02999017652348293,2.6833747895862383,3.525966536024398,0.03824714830829088,0.01508526399183872,2.0479821879912596,1.7283796088632946,0.13774304600627463,3.11563440567333,3.420492365673591,0.0797466873727236,0.030698303006482058,0.4348683119296005,3.0819361939423446,0.14048700140253462,2.818877703932642,3.547110161937581,0.03907807755683351,0.015492373223842703,2.2310727223212568,1.7142865586430351,-0.17206862671155562,2.6717603789771367,3.5295641230288877,0.03848969305554154,0.01527585217847291,2.0571806692854233,1.7072572066795444,0.07114204199825928,3.9231386837081237,3.3046173653353685,0.06300585744569284,0.02566750507330032,3.286342967719593,1.7608939928223064,-1.2207454182463278
15,1548265919.99440,265332,7688,0.02146118783264336,1.6303246238934925,4.275700319306585,0.02713327144088911,0.01061160752060434,0.9972905358643794,-0.20843764945060436,1.2727622372777658,2.016229709261325,3.2884749889982623,0.059522339639828156,0.023084172852382397,1.9738452291490116,-0.32091237472434947,0.2571623993169926,1.4843770413836543,4.264291026483394,0.027685028022283967,0.010916847426361582,0.9435071454048229,-0.3574017020232828,1.0887761436345833,1.7113795835751113,4.246224643846595,0.027448664549415126,0.010767483701990786,0.9700714129377188,-0.13001384537609784,1.4011981852705309,2.1225335962578735,4.540647421140659,0.04837669550424316,0.018076144796523596,1.6937300335401728,-0.7765531980709166,1.0165591823859637
16,1548265920.02777,265503,4185,0.023857743280472212,3.0383424883847074,3.1800278699396975,0.028895454542140892,0.011363298677014827,1.9683754973581764,-0.5136987187681116,2.2567978652195966,2.82896382000775,2.764457121829716,0.0622381411686979,0.02421595037073579,2.519854185035063,-0.5084590722463401,1.1810336798434287,3.07341946214591,3.1088581142334752,0.02933825189746779,0.01155364673681056,1.9464414069451992,-0.5571709225451985,2.3123221234716804,3.0441485634359395,3.169667108785668,0.02898652392586161,0.011405937222074452,1.9534977224983412,-0.5099503345330048,2.264278693065229,7.130936434027939,4.2863468016998265,0.04653572664566026,0.016744610982514778,6.806204685948475,-2.0265370031314496,-0.6472866243474588
17,1548265920.06113,266444,3588,0.027073516651434856,2.8291379136552743,2.592997953459824,0.035132848107639385,0.013383014448510476,2.1509624312517044,-1.2192436358841003,1.3750734199240404,2.2566174046546505,2.721180846147523,0.07464972475614907,0.028183598223844288,2.2552388085227486,0.01944428751210827,-0.07643263181608513,2.82039072339701,2.6049725227733638,0.035615450468915066,0.01358184963589698,2.053819351890279,-1.2430961879034192,1.4802505767757332,2.8508725157264987,2.5743828385393783,0.03536613843740476,0.01349493314283656,2.140569486334874,-1.2820642559767004,1.371896242187726,3.7860051901046714,3.201067852501475,0.05476090649853638,0.020621184843552146,2.671105540245187,-1.9018994575127726,1.8925667612751738
19,1548265920.12787,265815,3502,0.028173610860431172,1.7339047131446825,1.8449151818390426,0.03463737128414435,0.013206413511809774,1.1226310403231405,-1.2556993227571391,0.4115146563557485,0.932361427490556,2.117714695081729,0.07545199418945926,0.028145640638357287,0.42683955053834355,0.5363011293773264,-0.6320497830053073,1.68235810796982,1.866711533795272,0.035079161571187206,0.01340745380174402,1.1025383238828628,-1.1545828723899845,0.530731983778115,1.664505169726929,1.8851831452234111,0.03481107211915632,0.01330116150551857,1.0591792696948321,-1.1580395179371918,0.4322967320796855,10.59313816811096,1.6946582602350044,0.06850214559941456,0.025172816630152972,7.804386865209953,-5.672827858641575,-4.3732306128361955
20,1548265920.16124,265265,3149,0.02376663690447841,3.7820450170442967,4.526442409679878,0.0322650142894971,0.012348052607580436,2.1717961352099873,-2.8150148739712386,-1.2895182501063134,2.941523674402127,3.929620468130994,0.06557974914451949,0.0253981418247594,1.7475974834195411,-2.314632070947135,-0.4908593883759928,3.7296930284410323,4.533509197540818,0.03255793641525003,0.012486492325583536,2.1009226869675692,-2.8618217965516677,-1.143114147654728,3.793907764726611,4.519110797977051,0.03234044724290512,0.012383995399874038,2.182106669404376,-2.8106611826065273,-1.3190751155129865,7.346299036424389,4.702291106778763,0.05262662418420871,0.019531853934456788,4.330836338518344,-5.1037984230958635,-3.0270790868332322
22,1548265920.22798,266136,4751,0.03541397100162316,2.9710680527675146,2.568965976604448,0.04535318228879708,0.01706798159909732,-1.7518241176207672,-2.396853866746099,0.11597058490085115,2.8699000935691794,2.836013215262683,0.09247784531067685,0.03443606130903105,-2.8341316548994477,-0.44715375652936035,-0.0638578717699377,2.9758749841195336,2.582072954312984,0.04599732516249396,0.01732803746310388,-1.809310624227399,-2.348371511113524,0.2595731726443945,2.9347028084152678,2.5801700089503488,0.04578829318695843,0.017275324999217932,-1.7658849804080181,-2.39633748373348,0.08973777775857267,6.557643289643825,2.0685547732559004,0.08473470990617542,0.0320455418322554,-0.5615744379705695,-6.443708860905514,-1.0797850622769747
23,1548265920.26132,264946,4347,0.03196078138063598,3.447349914109286,3.721215647215743,0.04615747056818951,0.017184779789250225,-1.6042172033994082,-2.3057841355059567,-1.9985164785599678,3.5016293907467153,3.7578130071667863,0.09323883502891692,0.03449333657505071,-3.418725243163699,0.2670344282183126,-0.7088150083361929,3.364618103746848,3.7560623212439386,0.046812078577507875,0.017431846889763916,-1.7291414065857151,-2.2126668952036552,-1.8533294879652742,3.3419871818293276,3.7632385733728895,0.04649371760569862,0.01733364376329794,-1.6284293435898576,-2.1644041452889686,-1.9185150807651725,5.105039394237913,3.4710763983877686,0.07467383272292524,0.027729859778021095,-1.0649132751966783,-2.4794153633350158,-4.333576627808625
25,1548265920.32806,266153,4886,0.026712326693103115,5.5672755267713585,6.553725803176702,0.04055189081751649,0.01465500492512078,-5.3344608765796835,-1.0486702769722558,-1.1993225577062028,5.788627801704239,5.960682362386803,0.08605098736697649,0.030840694028877267,-5.514842563159457,1.4208553395014858,1.0372528305279312,5.505198710998695,6.77005927044743,0.04135506600665627,0.014990494414294706,-5.3665616817525175,-0.5801710854625362,-1.0819565957655133,5.639653386208026,6.581939676129206,0.04095379230085262,0.014829203757076147,-5.468010210720886,-0.8823201482824573,-1.1535730043379762,9.530613897892344,4.514523598569844,0.07065816009386913,0.023913952764955327,-3.070465303516897,-8.267827420624231,-3.6121840807704735
26,1548265920.36147,265487,3189,0.028546419336913237,5.917870558509002,4.531282752476492,0.04100541743462459,0.015129284601998156,-4.700080261711477,-2.568021309937923,-2.5170824445064452,5.538676545543103,4.066127916420221,0.0874316489453415,0.03171604555921504,-5.453727195428593,-0.570639983902279,-0.7798509875379187,5.857128674730303,4.579141950362841,0.041309885244608005,0.01526470222984368,-4.697410241121447,-2.4520204563300445,-2.4955738860419077,5.919361207710391,4.517193801988329,0.041233530898548976,0.015213551370222953,-4.6661698280034125,-2.644127304350272,-2.523191836588672,9.201285358003364,4.568687586132812,0.058260904293145094,0.02187120805393755,-7.2496908336424015,-4.988961745120049,-2.686241940283337
27,1548265920.39484,267798,32605,0.04998414387499044,4.271181881384078,3.556583731522058,0.07096684024307298,0.025974818791697038,-0.42466680906018445,3.6801424408872445,2.1258420402105958,3.981136013466896,3.6331553636965945,0.1324330201684684,0.047656928213493925,-1.4188263909693204,3.6331442722863936,0.797896187962214,5.645668874085217,4.179089506915963,0.09871334509107366,0.03367005495670311,-1.705053335917814,5.18598614766734,1.4394157959716252,3.5269401680324255,3.337700094254825,0.0806469981692505,0.02912341876379721,-0.3000114645209556,3.1971297234195553,0.9016327479522404,5.16167301689922,1.8299835388904133,0.12138601250012646,0.0431209356749264,4.692819523127082,-1.1465085551502745,-1.818194541216652
29,1548265920.46158,265651,2884,0.023690250672443486,3.0289106414392597,4.627375182388338,0.03661869365472606,0.013245440377657852,-2.8774076530607227,0.9458456271005706,0.014174682582090242,6.023640631096172,4.499390598235016,0.08035859234812368,0.028531336373887443,-5.274959728018797,2.800076047834252,0.786524282344455,3.034093216164326,4.64643598036148,0.03690177830785705,0.013370871362893444,-2.86954724101796,0.9833927414276578,0.06602266313920009,3.005252432345749,4.641613840081574,0.03678320028663146,0.013316003403454759,-2.8507053181763418,0.9625865845478239,0.008643190776460535,5.03961877476681,5.7642962117279675,0.06447107864912474,0.023919686458259624,-3.199340813228245,3.8300743794042993,0.7017877200585139
30,1548265920.49495,266620,2999,0.024866059207194906,3.827058721463559,2.872146723632396,0.03520409120270773,0.012809150951657316,2.724653021384193,2.655232090474718,0.4151950340569357,2.5017394258869854,2.449932331506036,0.07732328315672443,0.027640758645294364,1.0398810642789704,2.247852823694256,0.3528529583284512,3.7642218984668574,2.863725995504058,0.035746975176800276,0.013022977970127464,2.5798919177513295,2.6674298361440743,0.6311436150886712,3.835079844385467,2.8656257708005333,0.03550336853067933,0.01293872763355312,2.7203545369190767,2.64753244307962,0.44298810387234244,6.5277059034263,2.6611877965110677,0.06996058265402166,0.023748895765424657,6.200553358138893,1.2768143826743201,1.5918000649249469
32,1548265920.56169,265947,3346,0.027357206102967237,4.406274067749074,2.6748089196858205,0.038571191490360715,0.013855049118063413,-3.6158342930118184,-2.5170920846212,-0.07239449657942162,5.331280644826232,3.11362152605886,0.083222479023801,0.029687551791068523,-5.249753985348989,0.6031882570619539,0.7062579796036128,4.325858887441943,2.666769830146731,0.038667193712603486,0.013917035288845069,-3.496635568505112,-2.543228738176439,-0.13631727857779466,4.406368363360697,2.6669209017971944,0.0387480377389033,0.013905904155175803,-3.5978441963680803,-2.557002516035709,-0.10710589148751325,5.012634129779279,3.499676816710832,0.05811236885248523,0.020351365773265746,-4.1563916927447275,-1.4329534725627433,2.4078109064004733
33,1548265920.59505,266062,1066,0.016409920402259286,3.427084529566907,2.7276422509476674,0.021294997259552598,0.007655752373396505,0.801277338228211,-0.5807248408754132,-3.2811006780086722,2.4337299415693607,1.8349293973296577,0.048678455328208574,0.016818774633953953,0.7157139964589675,0.4748697750670851,-2.2771239756525494,3.4164656275791474,2.7341415574571246,0.021399374745150804,0.007711249434072585,0.76996789506074,-0.5594567752733554,-3.28121851476037,3.4234868309775868,2.7299062110416497,0.021315314854550543,0.007665113231767431,0.8001969536495812,-0.5833436551014068,-3.2737917383890465,7.908589237812227,2.111669108023355,0.03650580658068655,0.012445201243888709,5.883858752561388,-3.8145523783473525,-3.65720932750515
34,1548265920.62842,267487,931,0.02363851486032348,7.80852931434579,6.53965676264578,0.03867727716412045,0.013295688299847475,-3.7825675030669346,-5.6359977184318195,-3.860160988297101,5.563676751533824,4.884621152784291,0.07880104510718842,0.02765563319615007,-2.3304513838273664,-4.961130978220749,-0.9542928062777785,7.77481555348984,6.575013434582893,0.038807481182173045,0.013355785696085165,-3.8938570807655273,-5.576779891945059,-3.766319152987031,7.801859237354046,6.53943605007429,0.038765357042117046,0.013331764251047925,-3.7984981790945502,-5.630271736644211,-3.84605925432366,9.288451040802157,6.968425897966478,0.05865472715252333,0.019317217478412554,-4.324115459298324,-6.099342730371949,-5.5113851697640195
36,1548265920.69512,265652,1664,0.027406843610895622,3.541656036344732,1.8716508818646111,0.037135858344298785,0.012859716151444472,-1.7218997014558146,-1.8004878064165681,-2.5172668823246984,3.459849133681479,2.4358991845380245,0.07503561753270456,0.026426378532615074,-2.5718451984481683,-0.0866058632054083,-2.3127186875004995,3.590354762613475,1.843393168063658,0.03722442851329106,0.012882177933310798,-1.5827880979136126,-2.088834200540098,-2.4540172862427596,3.560174561912439,1.8773895333150112,0.03722692666287972,0.012899272668391273,-1.7284061932156507,-1.8078417248010963,-2.573993010056061,4.865541563376615,1.1991941647185342,0.0644336190606619,0.02113939972076471,-0.46564478872559667,-3.508143897489398,-3.339101081157315
37,1548265920.72849,266733,787,0.018563311052723328,8.002914867762831,5.660130740031763,0.029527261024241688,0.009988559457111147,-2.853019734147429,-3.638930134814056,-6.531853661187371,5.564742276965435,4.866840831597166,0.06140483686073747,0.02107483161848393,-1.5299295597964513,-4.170655859744149,-3.351313451572276,7.95479499979883,5.691844362349488,0.029714999014371603,0.010060420342136197,-2.8842933104705275,-3.592443729532167,-6.4849027470074265,7.989341206004112,5.659648061946843,0.029554991879891176,0.009997247408111384,-2.856332966219565,-3.6358128274886607,-6.5187711429449475,7.955875068475792,6.482145673645178,0.04914313248685993,0.01678302158340121,-2.373423875175854,-3.4105810761201574,-6.784596077671168
39,1548265920.79522,263632,4511,0.029629482105855955,3.1725771302879053,2.175220949153248,0.043137122650158205,0.01465239999464722,-2.681824954022771,-0.1353148360496976,1.68960068026485,4.118891197492273,2.718880844360866,0.09327516401661662,0.03170421029909247,-3.651762309667506,1.6590061663227205,0.9368005500502009,3.05314168011022,2.2232247733849992,0.04348558751197844,0.014802589316175662,-2.4673269326869463,-0.3970190438204002,1.753952053195246,3.241066576272782,2.1664883274725844,0.04347205689807334,0.01476728264393994,-2.712510102579934,-0.1820373137227309,1.7199134097429754,9.965656847560005,4.047072120989657,0.11575910285750236,0.036848725809659456,-7.397610295569212,4.97166935811781,4.457822575177304
44,1548265920.96206,263424,508,0.0171394985866394,3.2158820993678856,3.751116727333704,0.024237660818787365,0.008272215741904256,-0.7515248881585403,2.433239902855409,-1.9637850174256075,1.3840763094166313,2.6165640913552415,0.055375803903364426,0.01894419077995424,0.6995611676666992,0.7558584944149835,-0.9246401134505692,3.261215678894026,3.757970438329866,0.024258582735519892,0.00828840160182833,-0.7847612989335153,2.457303785865065,-1.995328422073324,3.21334141235958,3.7511646676162753,0.024240790290952816,0.008273748324019644,-0.7523346121029502,2.435657818135983,-1.955046470214925,4.360557125967513,4.433777111554525,0.054407768322336396,0.0172691418679634,-2.269497326811627,-1.245352078294711,-3.508979699785677
46,1548265921.02879,261879,984,0.0170200754451202,6.6976072172035295,5.550565625044052,0.024707729638259884,0.008483108901650471,-4.776494063311043,3.9723040228254787,-2.5027679975050994,4.577466097041988,4.298317694593419,0.05766599395916194,0.01964013534871338,-4.299240126492904,0.7949276989930512,-1.3556622579742,6.658698673787466,5.565329611917659,0.024863992564389308,0.008545332304163301,-4.637854870377986,4.007024082159899,-2.6023697344153027,6.681796006718397,5.558728968180873,0.024779986341287384,0.008504407397962838,-4.788234401449312,3.9559607126960756,-2.48639245452409,3.6625611020504487,5.12807355599755,0.06356503965658415,0.019666036984941467,-1.7206380705685882,-2.758960229787762,-1.6857926642420962
47,1548265921.06216,263168,4527,0.02407686833784858,4.066942677778277,3.2145721805758156,0.03592079902568599,0.01216585239840315,0.27375253230514074,3.029073682973955,-2.6999620216783544,2.1257132266518632,1.9075331925118784,0.07809431878541286,0.02649508263967784,0.7742763455887981,0.5655113005736929,-1.8971952539334958,4.223799828262148,3.283889737604229,0.03645058322665667,0.01237698707315027,0.3388563945482515,3.198521897041535,-2.737721499211878,4.021939956624616,3.180142714430439,0.03616463323476232,0.012250745118964387,0.29898534566833024,2.975761403615182,-2.6843904687639264,4.92566259554475,2.958148286853141,0.07944079353570045,0.02518098119495082,-1.9746005463362986,-3.234796191611348,-3.1462991412600547
50,1548265921.16225,261817,1053,0.03786362449979385,3.0806440959445966,2.7732755283589894,0.05658224828412394,0.01926363864134644,-1.8346379555008747,1.60791172046937,-1.8812473301751425,4.511265865850206,2.7099096175693638,0.09769582624719177,0.03349282075678861,-2.990059779551339,1.6259558818968876,-2.960967696078347,3.1250533896008594,2.8211067152114695,0.05696454863920356,0.01941001793871707,-1.9455638690520396,1.627437109604086,-1.8254282712773402,3.088004270869299,2.7790294771557544,0.05660855098521468,0.019279828477300212,-1.8481565747609707,1.6217815645500842,-1.8752045710141556,5.30198788662593,2.9056364499416736,0.10862259440394323,0.034516928498039945,-3.050553136922687,-1.6222597301880777,-4.021625849895705
51,1548265921.19562,262850,7906,0.021311820331479644,5.908790418648216,5.924699883679046,0.04009298213246546,0.01366213131531082,-3.2372588843093797,4.798425200250823,-1.1870445337335909,1.8783744679193268,3.8381642672533967,0.08215241054068982,0.02898364750607654,-0.5844600903679301,1.050204227009037,1.443526281738811,5.959560653869962,5.805150291367435,0.0406055819538744,0.013980380640668212,-2.9912097459083666,5.056181775762856,-1.0020245972935726,5.942056913900991,5.894551375940573,0.04050946904864376,0.01386722722910592,-3.2398606420648273,4.90326014707399,-1.1077592427397969,9.034535228129885,7.660510336867736,0.09008238855024875,0.02769012754836251,-8.897316408023432,-1.5538702352071292,-0.2146504506733199
53,1548265921.26235,261034,5791,0.026722616726430115,6.693853305798592,3.5032636138957405,0.04439381371392246,0.015929986794220516,-5.677715437730136,3.495551498743823,0.5935816770600609,5.65115684029679,2.9786846491414005,0.0927233436905957,0.033461308276955516,-5.191232785677265,2.1931251993031635,0.4205682569145134,6.595603558806748,3.5359196550669107,0.044823651994082954,0.016214471000439778,-5.795612561792523,3.0645970049337286,0.7218770919541514,6.705065363412205,3.5093522629103417,0.04459638134360219,0.016038716883284596,-5.684019745299267,3.509740404282698,0.5855248202313379,9.511368716420968,4.143092778875506,0.1391175586808385,0.04185082755467011,-7.755222671559754,5.42899823663047,-0.9212135045147345
54,1548265921.29572,261089,6552,0.030030711228223306,7.168363719366232,2.9466628206445753,0.05578934961007556,0.020673695829619722,-5.009611671943826,4.70828703318714,-2.0300892893102276,3.456573219172874,2.918581969264027,0.11778870034494111,0.0430551978032907,-3.2053498724545744,0.020276615441678487,-1.293529850264308,6.7438885073007775,2.772428765345678,0.05622982115823108,0.02107827528409944,-4.8195781350543045,4.388667834773923,-1.7295356125361412,7.149754938980887,2.8635675467009234,0.05612593566085787,0.020875843042095422,-4.90745255420825,4.705860093979771,-2.0143981370151303,6.731246171433146,5.141911131942492,0.2399431248123589,0.07105748474743977,-5.029401218009737,-3.7090198255182187,-2.5015935606385695
56,1548265921.36251,260263,5514,0.02656748117636603,9.601005296486498,4.980449362026252,0.04730761203923984,0.01717502931990341,-9.44964191272012,1.1607076871156805,1.2394870267960025,6.718272209679053,3.7767265731813797,0.09760125683080707,0.0353811526064597,-6.55517100807513,-0.5379633999099872,1.369492577049773,9.481446767787794,4.965940043647467,0.04777100618731975,0.01753057673340942,-9.346930914394369,0.6470313038022822,1.4539827316142395,9.657090432896881,4.9851264829592665,0.047546988559100375,0.017324982660407662,-9.50507504161606,1.15169515165242,1.2499222309834024,2.7983659601867283,3.6192724691040494,0.15779607934109616,0.04737953111086962,-2.7968086040216695,0.009302454384360101,-0.09288241999741846
57,1548265921.39588,261050,5232,0.03262879065689381,13.504832997429261,7.584840930688367,0.06715433908425333,0.024492314553395667,-12.631494108445233,3.992569132634686,-2.6239783912792243,11.068718115793487,6.52338965800001,0.12457364747594266,0.04620387111661957,-10.56827017713476,2.872593660377527,1.6051142801488691,13.62440148295017,7.655535682087475,0.06754207272462293,0.024763809985825253,-12.705624133565742,4.333533371789426,-2.3263532966327247,13.491035985545984,7.529555462922088,0.06777678217816915,0.02475506024200492,-12.608817967970994,4.107699057772117,-2.581140099620314,12.261054900098927,9.305138455385311,0.1772122227584865,0.05450511919387648,-11.909102444065274,-0.07657780566301015,-2.9156272189150445
59,1548265921.46262,260065,17630,0.01995971083488915,11.818882778680043,8.88789508767102,0.042251417399684,0.01463184061198632,-11.61757428250093,-1.1046707279660406,-1.8702033337387782,6.747622782980946,5.2964340225474045,0.08454740969494602,0.02996866103282419,-6.471167858307006,-1.7310874309705244,-0.8110092954792204,11.457764055454398,8.664773121210024,0.043275591076464864,0.015217472865525349,-11.229875131755996,-0.559635764453039,-2.2038760143837703,11.72549875662298,8.733010574173727,0.04301535169470145,0.015014644202916604,-11.496944970828935,-1.3588503245929202,-1.9223385906819292,11.0956341034348,9.138042281708312,0.08328820958810706,0.026038924037694533,-10.787989625119721,-2.1708434985720646,-1.4212017838160993
60,1548265921.49599,261353,15356,0.025617018057236804,9.743338801082887,8.14264047123197,0.055204401932560494,0.018976678350316963,-9.508084630928673,0.0757965873837499,2.1267892516951967,4.8704555107316825,4.938890078321135,0.11156968205820299,0.03927052029010726,-3.5099196522489473,-2.379501404354159,2.395782540935181,10.057686264070536,8.244743365961941,0.05632617940945631,0.01958176342945956,-9.684939107066446,0.12551113413515716,2.7098439870398896,9.544729120863181,8.033624292875993,0.057000830084171,0.019551389160167264,-9.260129456631734,0.29099632377650037,2.0858481668738773,8.93562088611204,7.984656560959383,0.11205651930864731,0.03518030401333613,-8.44307008888031,-0.9818377744006379,2.756062894662671
61,1548265921.52936,260631,12962,0.02270090065575031,11.612327816006609,10.015289370061003,0.050193079932053845,0.017103101716543574,-11.61112651758111,0.08648813768917149,-0.1428919212714549,6.185637743094794,6.230339571896804,0.09993307754791132,0.0349218136497659,-6.038569846641069,-1.3261402332557026,0.19783977804430933,11.397335212226405,9.853315283451709,0.05102751964467102,0.017523859135156715,-11.396339707541998,0.13343161312107168,-0.06990861733293492,11.453519682288242,9.872682166181209,0.05110845927064652,0.017531847860768016,-11.453059218475978,0.05136351886240828,0.041763206677969414,7.565651289231917,9.169461275060074,0.10133882599727673,0.03126424487756413,-5.511722851480735,-4.588856968401293,-2.408813476024359
63,1548265921.59610,259584,11527,0.021452799082664994,8.388776849990037,7.759393639269129,0.043725662281186406,0.014746936419389674,-8.357436299321387,-0.5549817214636336,-0.4656509750395543,3.705194809797272,4.776262446550966,0.08742773131094718,0.030439251880593404,-3.3262018054979463,-1.6223280351264842,0.18138873750452703,7.860316536633056,7.4857791884197775,0.044512285886060744,0.015096008027617413,-7.833347918503445,-0.43536583710458426,-0.48341807126656094,8.21851539650706,7.636869073317946,0.044938448220159966,0.015251490802550633,-8.181433336475909,-0.7812475861073988,-0.5551827363211748,5.634827705355512,7.236295459130315,0.0769975242081822,0.023940901772795044,-5.621338047228639,-0.33410230975269267,-0.2005429491148497
64,1548265921.62947,260114,10811,0.024722219326781265,7.789422752991531,6.4601964705891675,0.0484164029232599,0.01622914394823949,-5.65657544759252,1.3055160885154973,-5.193639260975184,5.016022286662054,4.636785330226587,0.10059549379279907,0.03417369284417095,-3.909428655376409,0.8184169635756717,-3.0343106041642804,7.599257605241858,6.3274978604461305,0.049128113930918586,0.016635342716503968,-5.501568256308979,1.4188134883361145,-5.046625719955375,7.7718809232310395,6.434461991279262,0.04934708610115492,0.016609613715205532,-5.590072560345275,1.2984780822065893,-5.2675365353391115,6.996393826200242,6.088724702501325,0.12267147337010163,0.03731482715850036,-3.843296654946744,2.414650983575014,-5.324289438121133
66,1548265921.69621,258945,9161,0.022872038727788983,9.823658883937373,4.743396221828241,0.043898537013767,0.014471187769638226,-9.093269957152751,-0.4591919636719579,-3.6886119468987264,6.804032902213223,3.5971381971630043,0.09084128330652824,0.030170177376708237,-6.233052579276684,0.5486125699976959,-2.672628579958855,9.647231356986602,4.602641963167581,0.04509027710181123,0.014831481888189467,-8.790769646428277,-0.6097037153559324,-3.9267929991459902,9.788686730112413,4.700004320248542,0.04453930590599961,0.014708069522275637,-9.00956120936128,-0.508449092379773,-3.8201810516681993,4.032105322597416,3.6013453503628226,0.10884174159269247,0.03235080868672293,-3.0794224729539694,2.060092394576122,-1.5909273683591252
67,1548265921.72958,259206,11261,0.021923804742415773,8.778612299514796,6.949321815610231,0.045021306972490086,0.014895225297822636,-6.816281208324175,1.6489295598624345,-5.28047116277052,5.410842414131629,4.618932378248673,0.09434122323333358,0.03197705408214165,-4.450287988093367,0.04444198914908547,-3.0773653281984847,8.42569723748945,6.898145955711961,0.04612782503053883,0.01529915567202594,-6.570498153965475,1.545363810687146,-5.043092170404199,8.798440104292517,7.005255541254539,0.04621816798644565,0.015375697840224405,-6.892351536604866,1.61166626600467,-5.392130331072346,9.591460575543818,7.6586531441337335,0.09849934966690768,0.029564477118399653,-8.78909277942103,1.1762518516686093,-3.655734627730336
68,1548265921.76295,259462,7727,0.03268943307972317,5.799440867434317,3.898141591570345,0.06308691085204647,0.020787523576441036,-5.398066871493134,-1.0797443387493846,-1.8244288390327241,5.541456802166628,3.735838597362183,0.12100862953187591,0.04053926586397196,-4.128057373541657,2.116555320896003,-3.0310195289067283,5.867758565081936,3.8912466930090193,0.06485799656169028,0.021326254710564485,-5.538171514155399,-1.225230583776828,-1.5026832249240032,5.725608009717988,3.86645935680695,0.06456372188146352,0.021215077405016096,-5.237203303474519,-1.0593920266312202,-1.9711043946524116,7.956679838403679,3.6002009249622766,0.11346957413085278,0.034222172149723694,-3.9263923433909502,-4.747215335359755,-5.035488434734577
70,1548265921.82968,261859,12047,0.038969678381011806,8.7172823064932,5.657325503420442,0.08619050141220856,0.028121034648154145,-5.426028154264215,4.053676651254188,-5.487889839210344,7.272961150773237,4.7799747077195995,0.16529218425424647,0.05374627331422199,-3.6062963504228422,4.9708673593095565,-3.8962890331358255,7.841427825669359,5.319763546501922,0.08883414281228451,0.02910849844208074,-4.845613970072215,3.7131093654100673,-4.921466695887187,8.705167677956247,5.468757528579328,0.08807688565191771,0.0288826748298815,-5.104158429893748,3.9050488910204013,-5.617650925531004,9.953559963783912,7.006304532128449,0.2600405497029732,0.0748298267846108,-8.67833277340828,0.7645976223366633,-4.814071738408854
71,1548265921.86303,261257,6730,0.025780711491231078,7.934253110447991,7.182773673396344,0.05662477842702407,0.018268223959272235,-5.090142354076225,4.429128324624153,-4.174403612482267,5.253843405106629,5.20265975010834,0.1187087054209975,0.03884613374713762,-4.167296100421655,2.4829368710238677,-2.0178053006430248,7.800359897287687,7.496587584269657,0.05798951425135215,0.01879235208701502,-5.742512727590711,4.156160147044429,-3.2550721854963998,7.855510291428423,7.3266255522988715,0.05770670867909733,0.018610239476096243,-5.110439168062247,4.401701234564661,-3.929227743075997,8.175725851272341,8.07784887427794,0.11429531350274688,0.03358604288689129,-6.0601132808071645,3.6199500672110734,-4.124740201497059
73,1548265921.92974,262732,13950,0.03006219500392198,9.363008819543893,8.611593357271586,0.07057463965146106,0.022359859588946082,-6.393854530802804,5.435233905363988,-4.152443953597799,4.1597425952481695,5.6785464587234955,0.14151992323076681,0.04538876523230069,-2.9855399389442527,2.779511732255363,-0.8150608946241457,9.53736454873344,9.222335908817211,0.07445076209232471,0.023715121276868034,-7.708099050701774,5.228118104926005,-2.05263553534297,9.55171254926055,8.693189674535954,0.07317317510476415,0.023305091714460276,-6.676999911051377,5.451563995477167,-4.384854103139355,15.40938340850976,11.563348786487833,0.1302565117786774,0.037582849759566925,-15.395802818007079,0.6322339146199042,-0.1365023688642142
74,1548265921.96311,261568,9838,0.023476888018431938,10.668615507910207,6.5700754066734905,0.05127079362410233,0.016603882546991525,-5.259732971808886,2.3117606098590233,-8.989456535497172,5.168340544591537,4.654887772035092,0.10977830569162021,0.03606750756225856,-4.113502912265773,1.2695586073671605,-2.859905368733327,10.012430502263177,6.718227594850468,0.05275537167599756,0.017350111011051616,-5.456290265386959,1.612166775170892,-8.238845756022418,10.670560237183341,6.5375846439026075,0.051885354529126015,0.016911149460463647,-5.170648729577342,2.323605158963201,-9.000882981350879,13.20429849643576,8.848183749319789,0.11840036510877408,0.033593797135374304,-12.189611181954511,0.21511551755546746,-5.071548415410434
76,1548265922.02985,262852,6175,0.018504903812457868,9.973403826876917,8.614020535453967,0.03647050317482476,0.012048547086861466,-7.95128712094317,-1.0168095661340717,-5.933962868143397,6.317342755428018,5.463591558633901,0.07868417499208025,0.0264720932998213,-4.666127945740776,-3.459224691557211,-2.48391505830146,9.699925544996834,8.121499250074919,0.0375125360501894,0.012626839996260512,-6.766972980690551,-0.8474430350037774,-6.897715024521508,10.072269537961937,8.58536785025915,0.03683669201827841,0.012339985874369366,-8.03054638739555,-1.070555543806519,-5.88465244804587,14.692504724653112,10.289177736288444,0.07183143594943671,0.021523537222725715,-13.95390215325224,-4.477398357857596,-1.0541412270045343
77,1548265922.06321,262109,8499,0.017334636189002314,12.759586397831622,5.290808167063609,0.03276634970026413,0.010958741017048454,-10.196979870293037,3.2237778864690356,-6.959590699695034,10.494509699571045,5.061241923611259,0.0747109577592546,0.02484471895616236,-10.115733371169044,2.392644599062136,-1.4428873900573433,12.552783573776598,5.15657095181223,0.032944744654761986,0.01109804427231014,-10.077955714910232,3.07384695258056,-6.823389844534383,12.687007330228825,5.265230366254186,0.032953672584682944,0.011037150139938764,-10.153150717149018,3.1692821573926047,-6.995198581963219,13.824659944602642,6.974355798300486,0.1121670224275784,0.03178269125026915,-13.398553620880127,1.168720595464042,3.1990741820156248
78,1548265922.09659,262106,8565,0.03801929953187503,6.364885022720215,3.5727812908060885,0.0634439151580304,0.02245722297504434,-1.2430051626197445,3.5033423126621237,-5.166555153916387,3.5398188143425102,3.1941603063404203,0.1219467497503134,0.04330474254887397,-2.517111657262296,1.1873004714949318,-2.1874148517451792,5.946602782460042,3.3443360214024285,0.06420650318556306,0.023024451193500113,-1.1723145151373044,3.3846308091412283,-4.74679235018469,6.386627438462069,3.550361835682586,0.06377737646489096,0.022769543410903793,-1.333232957380884,3.479045235711317,-5.234159965937904,7.227038539701636,3.009582033311461,0.0957007991166644,0.0339043909526537,0.9755220625226593,3.4248552609141427,-6.288784397771401
80,1548265922.16332,259993,9114,0.037652101950043114,8.890613443971915,4.8043792805714265,0.06302872185506876,0.02265803949433741,-6.770853480451049,4.6456978871803845,-3.4082314618355647,7.082818416999856,3.937700230888771,0.12195995141188927,0.04433339538557105,-6.924200355900589,0.4816923568008638,-1.4105809558256963,8.781384289122808,4.7821227004582525,0.06367775708525691,0.023046860080151162,-6.865437713515803,4.68212996111044,-2.8383329724258455,8.844938766709829,4.801167446504767,0.06386280311358952,0.02309076954172032,-6.793395156905627,4.668790723824449,-3.3297320346724772,12.056080724339846,5.200846752930947,0.10477629456299334,0.034465304725201366,-6.47223305244596,8.831580460258937,-5.046034910758884
81,1548265922.19669,263228,11619,0.027716019935009478,8.431064243280757,3.9863723160889384,0.04907795438922399,0.017057057601739475,-7.200221641794557,4.34822257689191,-0.5767261093171374,7.479819373111282,3.6996631682077816,0.10180082745577886,0.03470434668567963,-6.446791089831242,3.78407019385212,-0.2596059830653839,8.63617080704837,4.3125558543039935,0.04965826675633931,0.017605675125026896,-7.466273188816369,4.3306177841840094,-0.28975935840884276,8.40715024145952,4.004511890174554,0.04988588339162388,0.01737252663820536,-7.095588322065172,4.331617726640204,-0.4559137170705647,14.483499179691977,4.230866128531464,0.18657303616894377,0.05220204249725965,-13.861244640942452,-0.9066460314246929,4.100687560127469
83,1548265922.26343,263011,2709,0.01725885229196836,17.18931064814291,10.648321860514345,0.030695948229867105,0.010989659215520283,-16.558688335303827,4.168792143680141,-1.9757057562863147,12.858624209434529,7.677312125727878,0.06194517770764873,0.022222870621714196,-12.775247653331155,1.3934173866697281,0.4423256063570494,16.91113453193838,10.53505943888881,0.03088239874794051,0.011159048037623624,-16.282187101435905,4.224192962950966,-1.7415648603794462,17.1741637549411,10.64310658214869,0.030789497183177687,0.01104147642559027,-16.539853963462022,4.228006948042089,-2.0260377376517757,23.076831736294306,12.110849967303501,0.057308758313977554,0.01833775600140944,-22.88686483472072,0.9548672349923478,2.7963922446613636
84,1548265922.33018,261519,5302,0.027835849311945424,11.031653946705221,4.888136598568355,0.04779925376596785,0.016823311197400652,-9.68242103647684,4.725836553943816,-2.369510611425088,11.244728598530273,5.284454243860061,0.09317947457602298,0.03293514677593555,-8.689775662879846,6.975659165719552,-1.5072821192923744,10.809252718094186,4.769757543952358,0.04845204077700205,0.017175501530035067,-9.521581136862565,4.62722191508339,-2.1836332856827267,11.013645764210315,4.885676256290777,0.048048469654327186,0.01696447786421959,-9.61841089673705,4.708743735825003,-2.3783509213772396,9.241264369803034,3.7932823560465048,0.2068956966161543,0.058950225959608936,-8.755749537245872,-1.3896329074714209,2.608972513477728
85,1548265922.36355,261523,6388,0.029083101101176144,14.537879618182277,6.199315734590598,0.043991638182219205,0.01579330819924444,-13.04411356689302,6.348970551898495,-0.9442552503866853,10.640873064931242,4.381740635786834,0.09507652889201341,0.03407308175398327,-10.360758113773013,2.2722158475055854,0.848472765744634,14.249172040618925,6.014845139535448,0.044309557491495226,0.01604533630910747,-12.791084700439754,6.245820805859254,-0.6455838368699856,14.50325348686564,6.182322583186611,0.044212979396945004,0.015904190397821646,-12.9886202405482,6.411201722977653,-0.9740621193789176,15.565473791665815,5.621415785746988,0.0875724408979186,0.02771297606292505,-12.96260717165424,7.4149355600027205,-4.3901617639240325
87,1548265922.43029,260418,2619,0.024298442736475547,9.135696966173949,4.258990872901556,0.03880088478330841,0.0132574029896287,-7.089893510348678,5.50102780159724,-1.7126185201993558,7.665010533914285,3.704890706501606,0.08272658346054004,0.0282057103893684,-5.873745227486613,4.857322012358109,-0.8111265966891754,9.099768097362745,4.241139840426711,0.03900192816197195,0.013326946547709204,-6.989304988670145,5.530590686086487,-1.8352007694268233,9.14316105371448,4.259705863646794,0.03893104433056232,0.013307690884551335,-7.097265593935132,5.513565155864136,-1.7184360248607342,5.518649606209484,2.96708288161354,0.13341471802904734,0.03874721502925378,-5.204061496486976,1.0302969724974704,1.5204359787114943
88,1548265922.46366,261660,5357,0.016042415049789174,15.915336855601463,6.355178411893685,0.025076469301090188,0.008738175101704156,-15.806358952699227,0.15925417773683206,-1.8524583645967851,12.624232985290785,5.156997483097304,0.05680474473647881,0.01989876206890127,-12.571830291465036,-0.4813414236344715,1.0433848874694294,15.243511393344145,5.996122691872633,0.02538599334882128,0.008888436732181345,-15.009130899455176,0.41386144406404796,-2.6304653480230136,15.862851811958688,6.31229598149481,0.02529531588766712,0.00883206786917285,-15.754856649574325,0.22823452259900548,-1.8540107209333996,1.8005979295017653,3.8350455812185205,0.07606484167900665,0.023601183406668814,0.9292497276093211,0.5326214238542972,1.4473984476692894
90,1548265922.53040,261289,7711,0.020659457057903258,12.759965952084455,9.189101416142913,0.034894164260579855,0.012618943905806297,-11.605053987996717,1.1976867062566117,-5.167688031188822,8.017493371643598,5.810197357109704,0.07439530903651574,0.02720823820125445,-7.922111886745789,0.04378977322760591,-1.2322441616785236,11.91672840153376,8.710325858011666,0.03540518312428375,0.01287104156512065,-10.42756230173504,1.3137092584598973,-5.616807654138812,12.540030693716265,9.07812971564967,0.03550502459804586,0.012844132140970844,-11.236518953332212,1.0398621156380785,-5.0744317987694165,17.65979695827414,11.393312534084293,0.06836048361822065,0.021902005428972814,-17.290900186108463,-1.720018435974337,-3.151941614530846
91,1548265922.56377,261738,9530,0.018792251019706534,13.73958653602141,8.466667405133203,0.030253741275931306,0.010742207323704737,-13.723934574650642,0.21816539432329765,-0.6182732666461417,10.205809953956985,5.600603200811202,0.061214468577387667,0.0226043564242271,-10.141872833008943,-0.8941861222374107,0.7080984636056261,13.010960761177673,8.066853513941338,0.03100868995034176,0.011164976265498791,-12.991401704234958,0.26876461210461117,-0.6605658721023813,13.630160386692147,8.419648996711224,0.03072143355680341,0.010924756295831622,-13.61809983771186,0.09761318874768453,-0.635200730394236,17.64505276186688,9.342306762921865,0.06235657267715003,0.019171844905280035,-16.734573702550833,-2.098197681733001,5.186472447755826
93,1548265922.63051,262535,17016,0.0231094007533703,6.890157202877788,7.650283009872528,0.039320262101975686,0.01401461806730462,-6.64551993839717,-0.6611997580659467,-1.69533061927987,4.459792896147608,4.975411871109589,0.08489097451080922,0.03102458156248674,-3.987553668280285,-1.77045705659174,-0.924472947077215,5.1972270485647645,6.971811600105817,0.04094785471810062,0.014875140373039898,-4.855827566337295,-0.7326132414958613,-1.7015832270908648,6.35137067391723,7.500340241379751,0.04023563760092094,0.01449130417836898,-5.951225021071461,-0.5137015381782912,-2.175463480949359,9.482748709367817,8.749604369400382,0.08413318950395403,0.026188264369417454,-8.79490829904703,-3.3190470680596005,1.24741238424814
94,1548265922.66388,262850,16928,0.021820097805586875,10.511594570796316,9.688389190301562,0.03893160999299678,0.01411397733680711,-10.321493985802219,0.7027863216406229,-1.8618468540559536,5.132314735066632,5.3515530272758465,0.08480325276228227,0.0312699209109671,-5.042982346802954,-0.8816842731609654,-0.362789790479911,8.806871278363124,8.997572789537784,0.04009859471888478,0.01485693728470999,-8.59282344551262,0.7955264404565554,-1.7582675082138273,10.431442352926751,9.616557430831419,0.03968972443975825,0.014388889022917625,-10.114700691571489,0.847329304243866,-2.0597357911825473,19.219652831263094,12.011817961026543,0.09078600741635445,0.0272353912762373,-18.5887774976556,-4.334564155707962,2.2503243492847953
95,1548265922.69725,263454,11115,0.024471223256387616,8.500982312006371,5.420505310386255,0.04017262696775566,0.014720895825665378,-8.121684364958508,0.8420973360844338,-2.365547594446832,6.5703434670338,4.311517394984166,0.08972460674658578,0.03302168092877309,-5.9604435147888015,2.726289681031386,-0.45811675030241894,7.650417214619478,5.06953358143908,0.04129876485005785,0.015558116328778402,-7.224685483877956,0.715057386344785,-2.412777683712894,8.25977704305553,5.286948538155398,0.040788636427685224,0.015013182732361716,-7.86155514396655,0.8390921947810448,-2.4712881022627418,17.433243974661764,9.182667338494737,0.10473574526749693,0.031034990946728083,-17.12691518807849,2.6162842388465744,1.9343806249055349
97,1548265922.76399,263295,7564,0.023361775491451985,10.21030928457368,4.163827470405377,0.034644440196933725,0.012142352682187153,-6.030469798217998,4.664554846994799,-6.791596114228926,8.62333371634021,4.331034712866458,0.07700496783283582,0.02841918575449802,-7.6128972637588,3.2426580267144938,-2.4271070344358003,10.933710273114452,3.863333225081998,0.03549790473592615,0.01245938959780556,-4.740734689010442,4.9315716406131775,-8.529422963971328,10.057432291260598,4.074032987409803,0.03487941285165934,0.012285206043265738,-5.80578577039431,4.670316382784735,-6.748895957000866,13.715191927631462,6.370882852930473,0.06603861219030882,0.020505871010878987,-12.309131178683158,4.7941515409288,-3.6888873987080997
98,1548265922.79736,263051,11484,0.019689393915206337,6.83426245891915,3.67385766471259,0.03223902554497759,0.011069246050487258,-5.812241009970949,-0.833004192302953,-3.4972992172545405,4.579896048194759,2.8229679607856273,0.0745488345612633,0.025777407486786016,-4.375376161656705,-0.9626366088658276,-0.9512423537393154,6.485976398788424,3.2790635248917104,0.033360924402957806,0.01149025617238451,-4.628281207615598,-0.6244910482673453,-4.500768138829938,6.8521822352762,3.6146847772807194,0.03289330361739821,0.011263741304858861,-5.801228080719564,-0.8165530415988134,-3.564075417619784,11.8637982623547,5.242859486882683,0.05576470413893391,0.017185289451075426,-10.22088611510991,-5.905949182478473,-1.1844663295280888
100,1548265922.86410,263469,10129,0.018870587993176712,13.54619752996844,5.13924242627608,0.0295260877461953,0.010139292202558508,-8.575019696807445,2.9437218598210375,-10.064939459942082,9.434618034576493,4.2746928219657345,0.06756824997531553,0.024022262429429654,-8.248833906029217,0.3113502206658701,-4.568568450750201,13.073515676245751,4.593770667005896,0.0303977509551623,0.010558762398484842,-7.42312046342904,2.8475580760415826,-10.37812640730661,13.470614097755703,5.181535370085029,0.02989492727306425,0.010298420701926493,-8.624763405408588,3.029999686310058,-9.903284877936805,16.07334847303519,7.415437951273615,0.056959740226317716,0.016854000326848577,-14.813805278533467,2.2984136807087463,-5.798361739116279
101,1548265922.89747,263297,9244,0.021914441040734624,6.260622003387957,2.9066806806169114,0.03512540317563442,0.011969584881835235,-3.1760148331992935,-0.12550509756607053,-5.393752508142029,4.3159211022189465,2.7403313197278902,0.07772388981665805,0.02759374226630832,-3.666391301630888,-0.1687671927640047,-2.270741601008517,6.064306757417933,2.837754018174162,0.035906166052426,0.012338510416456692,-2.94239379579225,0.042705157152182024,-5.302481632980985,6.354898923413996,2.950555669616488,0.035569729073889236,0.012138101984020534,-3.259538095400429,-0.08295137784404047,-5.497890545180434,7.8464306097132965,3.883681219072987,0.06739452542113279,0.020312721009552975,-5.373717598751511,-2.256146018985084,-5.2535166910301
102,1548265922.93084,264177,7844,0.018629475954920552,14.238191090935581,6.329884733553252,0.03026988656124309,0.010414649071827875,-11.415653172296647,0.5173145391620525,-8.493605468786644,10.234749929869645,4.6885743153662665,0.06619891450697774,0.024170558139293714,-9.741883389649864,0.1390165552898502,-3.1347230414800777,13.733656128092525,6.0847333852563,0.030508869057175397,0.01053637340196199,-10.927536765986744,0.3282970969738014,-8.312308457271055,14.281311436500932,6.334687226072468,0.030465226491586353,0.010492033175681696,-11.454830144489668,0.48964587399505766,-8.474237264049052,19.45057806001969,9.209136555077997,0.05694314410154923,0.017179570708563765,-18.433551932624997,-3.1924745259899256,-5.323274971015681
104,1548265922.99756,264435,79797,0.018409578104055135,13.136449437705505,5.115432398001609,0.028754471588434933,0.009887670707505975,-12.023194405977677,-2.8703966080665655,-4.446338203270235,11.05992785452174,4.424004038019453,0.06864788390116741,0.024027606743720835,-10.758662706001026,-1.7392179357454842,-1.8836936846817127,19.690320888014796,7.0096456997223155,0.08008636590491285,0.0229069863111108,-15.825858078973464,-9.08070007623912,-7.402150961887548,17.13595417783549,6.368467557559203,0.058948676508207204,0.017528579179314635,-14.906514770347567,-5.659688830125513,-6.057957191113353,13.42889290488949,7.790634144946871,0.09154161988720186,0.026084534733756052,-10.013996107266475,-8.840423376730692,-1.3791160700958653
105,1548265923.03092,264333,71610,0.0470804219957521,6.520331300070275,2.6727097384822174,0.07222769826403175,0.02510271187326611,-3.656305470563041,3.6696279164773506,-3.9597956415978084,7.056406593677799,2.4848624066664144,0.1389400299095561,0.04748147091125758,-1.0604365393666215,3.3952695462875795,-6.094300047530298,13.832301143048713,3.8215048087315298,0.18279427830399148,0.05281811914983547,-9.089790068034052,7.572085137261427,-7.167412232118425,11.281591692233357,3.5790730480140174,0.15728305964996442,0.04617932149105631,-7.605918359823377,6.259529684306047,-5.766478620365033,5.399733350878976,2.9196732392024747,0.22069004517536453,0.06353561743783408,-2.2059710209885024,3.9510847596396497,-2.9461400742831185
107,1548265923.09767,265681,7591,0.02221453795996264,12.83628083701643,6.076023124866502,0.03917369774166961,0.013574124029781231,-12.816113301350688,-0.5022969892311777,0.5148235700766594,10.499593183067413,4.425065008558865,0.09002466112863054,0.03145318791196928,-10.356441379508944,-0.05753739890724994,1.7269245526187804,12.559918301997609,5.857892705189474,0.039600032382420464,0.013858730885225372,-12.520853730827854,-0.5056218839461043,0.8509501245922313,12.824009321589815,6.06720037917512,0.039551189910439224,0.013787782229232218,-12.793253742406982,-0.5097698240172942,0.5779647226562439,10.028714320267426,5.84076350054218,0.11392545024300542,0.03366147999817811,-7.819984311713287,-5.918395523942932,-2.0965568688369167
108,1548265923.13103,266516,2951,0.01967887925257658,9.613358023330388,4.227950057326263,0.03453481092796456,0.011608719242663774,-6.97141307750552,6.173459153207591,-2.3883999395396898,11.437221172420657,5.4000772846152785,0.07517844054684177,0.025281744533721798,-7.429226932941559,8.329328390309318,-2.4977797925578415,9.486522908906128,4.200109097753595,0.03488788052960511,0.011745786224701335,-6.710382542840296,6.2032799632260875,-2.546409379456241,9.583009897135653,4.219615019694556,0.03473412917077595,0.011688144021304102,-6.963611264919896,6.198439579368809,-2.4163693024899056,18.90785728709918,7.670944534800796,0.11408112987623265,0.03231449320410967,-16.854258685384597,8.546214208647918,-0.63502287781776
110,1548265923.19777,267260,4457,0.027438817826025207,10.705744691272782,6.940624643670579,0.049449525524689494,0.01702062424904667,-10.66856991759987,0.7010287264209835,0.5505851730032633,9.199073005960887,6.145290494653672,0.089346644632545,0.03193160045699469,-8.981790867612983,1.8539504807907938,0.7164109115848712,10.309824873889793,6.668612501083253,0.0500986147509061,0.017377258758989305,-10.22827317637561,0.9597005800829974,0.8682692878941419,10.624146443510444,6.896317550014814,0.05029868000262995,0.01742482123855651,-10.601897802893925,0.6011313288645452,0.5716764165839143,11.67392145249481,7.566608590696227,0.13721995155273742,0.040010278832772084,-8.449903911763728,-8.054233162168451,0.0943086973961091
111,1548265923.23113,267485,3888,0.025539023152407445,15.296783313941564,7.650971100860936,0.04267129404070937,0.014850202634566637,-15.24844478244516,1.1175526456697544,0.47706137399556453,14.52668754572644,7.481516191509907,0.08246735624238559,0.02930713224919746,-14.448993114467536,-0.20705252234630261,1.4860613319185214,14.819100313587485,7.379334403424088,0.042999695624311385,0.015040477952064342,-14.765471086991418,1.128790136432214,0.558954838321076,15.10959048350286,7.569549892362026,0.043295193581239504,0.015091501506252252,-15.056932930821986,1.163868637633858,0.5036733024287985,14.24329585758924,8.311993344230743,0.09831780397956927,0.029465988059063256,-14.056640998798258,-0.7315175216081979,2.178807663219251
112,1548265923.26450,267420,10789,0.027702408858977127,7.6679477349467,5.082153416395256,0.04489322956523625,0.01550476186544901,-7.22227379991425,0.8705134578080402,2.4245391200641584,7.422953738444065,4.623072867531034,0.08340130062727531,0.029417204730655018,-6.715040532552713,1.776752080075073,2.6175608675260627,7.720167587802196,4.859036872355294,0.04586235302977584,0.016025641551672173,-7.111944578694104,1.0527774965220416,2.8129862132886356,7.7213970336814945,5.099516665183163,0.045363968543784376,0.015674348382075376,-7.270897711328084,0.8233926488465624,2.457799083514595,6.103055052332736,4.745291089956967,0.09279300226398643,0.02868219864630271,-4.59202398222409,-1.2703071001120985,3.8140420278082594
114,1548265923.33123,268023,13758,0.030303403673015424,6.394220186164562,5.197601397344054,0.04616849652781491,0.016606537424243208,-6.07662498895178,-0.7194922686931365,1.8555353427224044,3.105353835743919,3.2525648031308965,0.0940016152296345,0.03389458645618877,-2.9039869855832863,1.0597131730249711,0.29511018899678293,6.13771042583197,4.926191205494365,0.047200976775820386,0.017282762649274364,-5.699166562489015,-0.6621525161859158,2.180032983622554,7.156537694117679,5.401999840620876,0.04812965427861615,0.01760897199195424,-6.655702722280653,-1.0788564617759393,2.3622747541316205,12.91342826665831,7.490267769280377,0.15785521272770411,0.04428025847983507,-11.867908833109517,-3.678211284486901,-3.5185410717802004
115,1548265923.36460,268030,32678,0.02167440331499514,10.886854020980802,6.6179870856349,0.03437905022483995,0.012070440505565133,-9.500036329799975,2.009186714058939,-4.923014214348312,6.74987410432846,4.314981226451515,0.07578786768600995,0.026927098904945244,-5.768065636858343,-0.48439820926001914,-3.472114284991719,11.007603412012951,5.74601548803366,0.03687756041910938,0.013189016122290448,-8.766167250001555,0.8709513845646835,-6.600233958496031,10.385335181289413,6.211222386472599,0.03622804969852304,0.012647604913444707,-9.144218722340522,1.5885644116236943,-4.702419718291407,15.4701113645061,7.683016364335354,0.09674777824226649,0.028038183138344566,-12.690768432423786,3.9521310909337877,-7.91513752659366
117,1548265923.43134,268111,34610,0.025698311169783678,4.296830158335185,5.710738916373184,0.040858267518550664,0.01439779666019414,-4.19484754323085,0.6379630676976763,-0.677500275190086,1.8739771096445206,4.084596344456358,0.09065132171294826,0.03209129545165081,-0.9677766534818831,-1.11098617389607,-1.1579759401035976,4.885453245158821,5.865053814350588,0.045008315397680396,0.016302802090702256,-3.7947962838509697,0.9568886732635167,-2.9243013937834315,4.080500014676723,5.630903419935539,0.04410792455604089,0.01586620107034485,-3.5646068237113773,1.0511646715403207,-1.3519819159135187,5.424732596148131,5.408571586356855,0.0845089945071765,0.02647519102892888,0.938871819313012,5.248453495227291,-0.9999896774709001
118,1548265923.46470,267836,13060,0.025228152013496652,4.439135578409099,6.099543163952064,0.04085370258399538,0.014504342262384971,-4.2009479790932005,0.5927797893127909,-1.3063586344616551,1.810230594859121,4.246162371550269,0.09187833534629769,0.03288541662741129,-0.5829773026806803,-1.3447417430510105,-1.0624226633592189,3.8673460541330202,5.933461206681627,0.042833069553989835,0.015526598324541733,-3.3866417164303555,1.0219618195572981,-1.5628875283650552,4.380024519106497,5.96106026710887,0.04174861728060443,0.014838086491579704,-3.9741046179723503,0.7990513715775275,-1.3635308348685005,1.8157080559042988,6.756702743702618,0.08304972693106027,0.02643178332141453,-1.7218450502227256,0.13217830106388787,0.5608692040281159
119,1548265923.49807,267821,17781,0.031272757717906156,7.563947141720422,3.806637071104939,0.050140367318950385,0.017411306676302876,-5.665810283842917,1.1478359321537728,-4.8779465826408,6.084920322721409,3.4400103186614177,0.10836417446063526,0.03814498541579984,-4.696443658250785,1.1341095085441235,-3.699117181352033,7.380912144645177,3.666252034413784,0.05205798331881131,0.018345089542359274,-4.933733432359531,1.587814954424348,-5.254995925392798,7.852844724073718,3.9711841096738274,0.05266287545277468,0.018413217044295282,-5.655307445776568,1.8485244158996914,-5.168858982128052,10.250840942818872,4.736642920681542,0.10737141398596566,0.03410861732838717,-8.903816127337958,-4.6385236647031896,-2.070240714872716
121,1548265923.56481,266869,28519,0.038504693017945194,2.756261131135935,2.9223992693180567,0.06704085048491243,0.023287404916907034,-0.6751045549010113,0.3701155957926271,-2.646549396613205,2.5705334338388037,2.858074080563219,0.13225279734982048,0.04663584725661097,-1.7771213247518267,-0.2419188940721208,-1.841455180091643,2.8539110571849995,2.639721105494496,0.07125053229502297,0.0250624437723564,0.06429845321347251,0.11457141361330156,-2.8508853751808063,3.254202697335953,2.913041289662883,0.06942828513989358,0.023956888747186107,-0.4735643115023558,0.7275155254891298,-2.99353939903905,8.300983619810625,3.726130651150083,0.1398067982563707,0.04449790489482881,-1.8359451044789992,-6.408267015185246,-4.946690660612675
122,1548265923.59816,266027,24296,0.03197339422820329,4.901204539610385,5.561898155062175,0.05861908718519918,0.020529536658982564,-3.8761080461816237,0.7395865439546188,-2.906992276808588,5.05743473849365,4.514826491880128,0.11937612200332726,0.0421942472972311,-2.271117129522147,0.3422107749177333,-4.505836759542408,5.591555250565323,5.145679729188011,0.06343552938521022,0.022250153161974564,-3.4763577072369576,0.14756496457670956,-4.377059720027624,4.758407265871357,5.418710307357955,0.06011955023775035,0.02102022797976627,-3.5859885566061815,0.6020606707908092,-2.8328932072796733,9.057246102333938,5.572955933736858,0.16201627137401445,0.04955685513750771,-2.0748425224777467,-5.527683189557378,-6.8682933848989185
124,1548265923.66490,264571,83729,0.037008940064418995,8.269959842558334,6.2526436493072,0.0648917423861643,0.0229337674244476,-1.5669393777842957,7.918466488225648,-1.7985619974645857,6.206956660010629,5.407137062309009,0.13294356170931831,0.04615189136252825,0.24390956156072313,6.102227405166883,-1.1088912483466535,13.018866147887731,6.243046893304705,0.16388303430530846,0.04899272016244144,0.0934665112950936,12.045828089791517,4.937627509145778,12.659282898826334,6.2361418454723925,0.128984954256332,0.03927086448678899,0.12249480489768305,11.715412538865882,1.7085123419410602,24.556759219991957,9.958545566951393,0.2509136957352271,0.07511364150862869,20.1878131335773,13.09666472905338,4.895303590911697
125,1548265923.69827,263613,22288,0.04494106672275856,1.4956741612194981,3.2159265599411926,0.08346249309058769,0.029150307264465575,-1.0865464201171586,-0.009359291757622996,-1.027798850518929,3.0382024597476325,3.263664053124486,0.15514647078301655,0.054135766620540725,-2.1874110520566314,0.3907855834998058,-2.0720023415734317,2.968868323216096,2.848912125156364,0.09009182438222761,0.03152501991349049,0.29620290903233026,0.19900726990168324,-2.9473444087522274,1.9139331046062524,3.3493520890420694,0.08632631615817375,0.03035436676400238,-1.1609339362225157,0.04293178560497611,-1.3312141913730953,8.30918538204172,3.0156815803777612,0.2180993742729927,0.06547727774864508,-0.32350312660700475,-1.7763833436382188,-8.110633123046313
127,1548265923.76500,262289,19629,0.025297464680794666,14.815107867824699,9.642282249920349,0.04681163649087797,0.016662441451922413,-14.795888234327428,0.3063904517486467,-0.6893746322934073,8.400330725435458,6.3798454756294545,0.09215611442945584,0.03336643151660609,-7.858453060074796,-0.12034519691578013,-2.965769517827604,13.557388840931276,9.036580776186497,0.05029703892187642,0.01797258421388038,-13.147726083566445,1.2773712322940016,-3.050969313287525,14.58317587344013,9.629571110656986,0.04876163159827403,0.017348444887104228,-14.553703124347827,0.5441111880440156,-0.7544076725132066,24.01215821607446,12.040336782305603,0.12669661525700474,0.039420724702961804,-22.599101248331944,6.588681923733372,-4.738526719277062
128,1548265923.79838,262666,14883,0.021662495363282804,19.170380775954932,10.423399617442579,0.03914413734133631,0.01391089625456736,-18.790065488650587,2.990364797394797,-2.344068344956382,11.664208656373935,6.15980248039892,0.07921403919328375,0.02852080968270948,-10.60626169936164,1.239869459198066,-4.692941515534886,19.088537053583327,9.999121406335306,0.041290135593461876,0.014669251678083401,-18.555666251396506,2.789910023322211,-3.5036978857451038,19.261929701311676,10.441391176440312,0.0399231343028682,0.014215152108176197,-18.796136470482452,2.9587243666608787,-2.9110319810313063,25.937396348165496,12.335171270957114,0.10821724232052045,0.033629796658798894,-24.25258161197922,6.913702399351505,-6.063129027929177
129,1548265923.83175,262081,6416,0.023473431799334015,16.75633353306748,9.991671004121336,0.040644155397366634,0.014524353416655068,-16.433591580268565,1.4841841973171552,-2.9170153432510233,10.47424133442096,6.30975468851786,0.08299878055287742,0.030121125682252912,-9.802862047226276,-0.6262041769682908,-3.6361374483771507,15.903491007875182,9.61886655031624,0.04177087885796829,0.014973637348312576,-15.40154621551898,1.258325113993658,-3.7589916621738553,16.74056572353536,9.952776642158234,0.04143813457475737,0.01482089546348547,-16.38812331607651,1.4998887259061475,-2.9654911946730254,20.22437971777538,10.844775410694854,0.09855481117669185,0.031466119612188176,-19.333058663826268,0.24371983559194815,-5.932872686275624
131,1548265923.89849,260697,22063,0.04202090845357373,5.492527080846827,4.867943314864954,0.07182101119532608,0.02503412100333187,-5.136505225790035,-0.5115452283067822,1.8768295816786311,3.3445511107379127,3.4105328110195177,0.13222881607177903,0.04652717666844867,-3.1175356408051824,1.1483508296783689,-0.38507665811449365,5.697501233288636,5.001533937270101,0.0790943752021757,0.027003301661780485,-5.190657668569609,0.25105871707495225,2.335714621186786,5.058091450523657,4.8600833838625315,0.07746657435687503,0.026696359256847203,-4.730948240279901,0.5107511394393982,2.035240142511476,4.093729185542086,4.361702486658744,0.13815948894989802,0.04197187205187039,-3.082492075749339,0.24371462358917834,-2.68280905577538
132,1548265923.93186,261604,43500,0.025622108279884412,16.319270199590388,9.092224793443032,0.04112898117203668,0.01483116284874251,-15.771936089045937,0.5859557893561874,-4.149851523031784,10.072317945624796,5.411591978814705,0.08487015010112961,0.03073975715582028,-8.93331202155815,-1.1310324334037754,-4.513124279014337,8.19083495998642,7.490549436690568,0.11638389866977654,0.036492075258230325,-7.910129904588101,0.446067444872744,-2.0786163832947815,13.321561085254533,8.650418180993956,0.06617173085651995,0.02235565224199322,-12.919485328099565,0.5694096832143666,-3.570057550342515,23.543285881499965,10.493707516060967,0.1150083846033263,0.03576191335011195,-21.44767379988933,-7.117390798703974,-6.60502436710876
134,1548265923.99859,261107,41053,0.02764815610571812,14.142586922416413,6.835917447662531,0.043010135458543555,0.01540088617769533,-12.857369103524068,5.877904904756896,0.3886624814453224,9.641251882629511,4.910516488973458,0.09430413562461508,0.03330656057811297,-8.582963945722716,4.218758901350012,-1.220057827732388,5.538634912784443,3.2771930550044357,0.12407653749235664,0.03840483516474997,-3.576923542319463,-3.9965769622086045,1.3818347421667154,12.682209858069815,6.372792017132992,0.05843888569096009,0.01981368977549408,-11.732198710929351,4.937559731787097,1.0378154620239828,16.443531654384017,5.388082474963812,0.23806958642434917,0.07143477245822093,-8.937798091581424,-13.559790585332582,-2.5763497093326673
135,1548265924.03196,256578,32877,0.06224993924969723,4.290651370784209,3.2524618964872336,0.08934311213836706,0.031929358046559796,-2.8539972203221406,1.7008988677613555,2.7150197225165873,4.115368768618801,3.451650780443656,0.15579924091618022,0.055715445821790714,-4.030467203666428,0.4137843155148923,0.7213714453221852,8.149104294942374,3.912195346346247,0.22809041105530264,0.07186069010335994,-5.118850209259855,5.88755837547039,2.3541303533230744,8.188636994279403,3.957276429170416,0.17024667611667207,0.05475630021497789,-5.272123844606839,5.8632412640252625,2.222168443404877,9.744547943994732,3.220571414431261,0.22559662261205238,0.06991123325763471,0.08204628255189536,9.258517542684295,3.0379822172189463
136,1548265924.06533,261047,38859,0.04083124010448514,6.793204101462566,4.267305392595483,0.05841696724941904,0.020579170038210984,-3.0276843735560224,4.349346146696124,-4.250169101867838,3.415615195520923,4.137741356546655,0.1131946556252074,0.03959358791081825,0.3390808585256518,2.94516947430684,-1.6962983531401867,15.535065742719665,4.905160946326143,0.16777778761806542,0.051591564685334663,-13.480264425037205,6.810900429394782,-3.6376330219757405,6.759034723858455,4.3584250541127965,0.06894177417025116,0.025072468054414883,-3.0237409968769784,4.389190543127956,-4.391400887964355,14.09017688118891,4.1661232363721075,0.2014141504412419,0.06368347542994028,-11.209676611392371,-6.844013050756009,-5.102520962453237
138,1548265924.13204,260117,50429,0.04584582472328239,3.432736240506618,4.8694735646006375,0.06254211901507925,0.02224004748135489,-1.007981335457186,3.2622010403270165,-0.3545364533398319,3.6271795713903496,4.4532913097304,0.12027284200492448,0.041934275189630006,1.5791319979796314,3.264247112185516,0.08639772367867095,21.841365450843135,7.79564584291811,0.18713292566800213,0.0578688892058209,0.44298072193168553,21.80580062357218,-1.1645050460605066,2.9297981247479843,5.105390910289618,0.07926204759201116,0.028281541355292896,-1.6328213971202012,2.4161674616900894,0.2893308558249452,30.774362928227067,9.60458235293607,0.2848512790247323,0.08693474735979356,-14.469691179970166,27.127508204419335,-1.3370674678906642
139,1548265924.16541,254376,42847,0.05453060749608631,6.012256566585712,2.1142606755262197,0.06929005088801311,0.025132373358065382,-4.87564425041083,-1.5343592335058567,-3.1656064045367587,4.5152886561232926,2.4281198785092464,0.12493277867122221,0.04520745853307677,-3.4294606900131823,-2.41998201996571,-1.6644272428714584,18.81586488715581,6.02682959296378,0.18282017015436422,0.058156449119489015,-15.350005168784941,-9.97126883450588,-4.357511973591168,6.414474127442956,2.1205426775206684,0.0858270878734392,0.03158895074579586,-5.363568968000536,-1.2134829476788407,-3.024357995145186,15.040163057289321,5.128524014656495,0.3157950750551605,0.0956616696339008,-11.868523807492878,-7.877416462902158,-4.82607058494002
141,1548265924.23215,262193,49790,0.028825807174418197,13.709103668224946,7.5417778512135625,0.03958243360817322,0.014349816143583969,-12.189137448831994,1.4015511484524792,-6.115562608451626,9.812643974395765,6.122269892477935,0.08393745869814809,0.02995190870288342,-9.31081951220662,1.5085904988520458,-2.705693346654666,14.113894737781752,7.888710861094687,0.1219399569557035,0.03831552820853981,-12.028001472955282,2.234296089813614,-7.038261590677956,16.27887495026973,8.487235216321157,0.04829826160406636,0.017594605624966723,-15.429146674982078,0.8497133942214794,-6.037331814530942,7.624149292581959,6.2046691586659675,0.14239650585136093,0.04592951989274381,-3.6970622156791655,2.4825449604528105,-6.1884047967392855
142,1548265924.26552,263122,52508,0.046253917854687174,3.760380526823049,4.092917526353384,0.059592873721864,0.021477790556930432,-1.3537296286105052,2.517730676235125,-2.4431352891472624,2.772330184527881,4.370323592617889,0.11330583415243606,0.040010722087048436,0.8250376658213935,2.590962332280278,-0.540408821842431,10.079752343548073,3.6230064423634745,0.18416726598248395,0.05741758086871812,-9.48683319041193,0.34309485187691374,-3.3887592489253335,6.873264883837715,3.7009599075073956,0.142019357715314,0.045182516495294436,-5.5288162304943,0.2381066114715018,-3.126796029925047,14.29200810328377,4.329595144607355,0.24373977538710304,0.07371803492999728,-13.783471802810402,-1.418202798697286,-3.502299459958659
144,1548265924.33225,264873,4680,0.03985647484374444,5.754730501992425,6.213021641963267,0.05364649471903516,0.020026958876370838,-5.730850954549662,-0.4795225339811619,0.21054364560228508,4.8839510336075955,5.092128417707638,0.10257779726579441,0.03836361891180796,-4.421670201265563,-1.9655970949926227,-0.6619957628817696,4.500955247652274,5.763116828989106,0.05445180656951598,0.020467545579375,-4.494543614997403,-0.20099615952409547,-0.13143963675840115,5.802925996452457,6.237511350639171,0.0543287617708897,0.020376789641117866,-5.782880826630709,-0.3215347774161258,0.3662770851424198,6.794914622077463,6.422713653104897,0.09828680510043741,0.03169030140533545,-6.067119201944458,-1.6621020090688459,2.5687246294938366
145,1548265924.36563,265283,5582,0.034802528186537715,16.94069518921304,7.869692130250131,0.04361977806386114,0.01638807567971643,-16.767767608671328,-1.9008907947585651,1.488535220215067,13.443127211826397,6.476715589816148,0.08875029469143662,0.03227720680687961,-13.440306807592362,-0.22542478128605134,0.15813228359809328,16.616635799233315,7.786541232668489,0.044184192418279464,0.01672845107403685,-16.50207810296726,-1.5041634186742479,1.2375362531469138,16.79067275735665,7.830548764187759,0.04395544830228658,0.016593945678160825,-16.63160965407581,-1.8494608424284522,1.3725770738717702,26.43833595219365,11.036961170483904,0.1861387277927892,0.057745376932240446,-20.574726180972565,-16.064583911588688,4.194686430066421
146,1548265924.39901,261948,26987,0.06220498766115757,9.664402221483115,4.267058755094049,0.07399267772957847,0.027676895753916485,-9.237361913227161,-0.7802753165856183,-2.731846557366501,9.993265159611395,5.1158858443309505,0.13514105701838644,0.05050892664047042,-9.366235977021827,-3.410917808660916,-0.7103603843154127,9.744921614098109,4.332025220287539,0.07904166320010289,0.029052198180874577,-9.017725165585027,-0.606635609920532,-3.643641494393669,9.841539279127169,4.416896863643293,0.07931698835938643,0.02909849530967347,-9.248199750677394,-0.6662919538265729,-3.451101788088673,28.254925553955363,10.882603035914196,0.3184301733199596,0.10000080656217249,-16.160679759014137,-23.098640925094113,-1.9042151138246204
148,1548265924.46575,265361,3417,0.041755398628834144,13.507588162815587,5.567895638114413,0.05243936026360469,0.019284823569455094,-13.387961891648684,-1.0879276182664896,-1.4261233682298822,11.204049051822723,5.033169542202524,0.1037276053712493,0.03745691485712486,-10.974836799327838,-2.1610278772031912,-0.6431414290183942,13.159730264159261,5.462335629285064,0.05311953401418915,0.019620984841520167,-12.990692758227617,-1.0700911807177593,-1.809780967883074,13.461087690553015,5.5518110604420094,0.05281869971170641,0.019482196192334666,-13.356071171541053,-0.9826456122140942,-1.4534413940061792,18.921477951606665,8.282058171539655,0.18614232315251583,0.061375526227174966,-8.845870980993853,-16.70874332960513,-0.7686291733495627
149,1548265924.49912,263496,33597,0.0573747797277292,9.823050477116649,4.721776388555944,0.07230499724854966,0.02716796892032151,-9.680774904501828,-0.13478283426741947,-1.66034680471764,10.97274617453589,5.774290747102477,0.13413300820649693,0.050828270415193576,-10.393174029436162,-3.501244530373749,0.3526739899307106,27.842596536926916,11.357135514538848,0.18374846767518618,0.06202643257319279,-16.65660727707368,-21.646522928244316,-5.403300940390407,16.295471545721718,7.313887679835954,0.09597087543507118,0.035107323519123775,-16.17512352604814,-3.3275744944680574,-1.6475291938095973,37.85507068858171,14.030392840292903,0.3401857815829344,0.1059498017126249,-11.93744244149181,-35.550432201831086,-5.164360082004297
151,1548265924.56586,265928,4381,0.049060966660955115,17.093374810523144,7.716469346771205,0.071192040929443,0.026646395584432287,-15.982645713295083,4.337274732766978,4.233975237152269,11.445597370306215,4.673469925641802,0.12496962991716498,0.04612945134314166,-9.170861850420264,6.2669753991933215,-2.7607990563553195,16.746022785685565,7.538079417197469,0.07231066526295066,0.027112401252748518,-15.590307224841819,4.495073678928664,4.143176606753303,17.101550009261558,7.694145758845629,0.07185249572609513,0.027050413113773413,-15.95825954968754,4.359779575814562,4.223670151722081,12.079694438608843,7.070652012868887,0.3096493347804983,0.09933429530836779,-11.490045392135467,3.6167687706579335,0.903802122379356
152,1548265924.59922,266305,4748,0.034427169476591926,17.678106323788324,8.331119872848348,0.052132595750573565,0.019675061728519558,-16.60877350701182,3.2007867891794577,5.13994647035952,10.716341458383454,5.2102859739319625,0.1002776127641364,0.037440908122054216,-9.476153829452254,4.880638584713158,-1.1053731761873602,17.140990467377115,8.127322870840604,0.05323886036415371,0.02019626100482659,-16.101219449980896,3.3793096628483377,4.8108785714097815,17.62784899924072,8.321218258525919,0.052464439601584964,0.019849408640879165,-16.576027242727733,3.2387262724745485,5.061526075492906,19.667325262974572,9.362739030655016,0.1865347788181064,0.06164174518255586,-6.823902955815691,-17.33619726696107,6.300340924922973
153,1548265924.63261,265810,7840,0.02909362342583689,15.329076438571729,7.268620125870901,0.042679219732791034,0.01653600641253938,-15.070576064538004,1.0665571879808347,2.592446201431287,9.405560415890742,4.682925553544985,0.0910439749681437,0.03466278111894079,-8.783127706571271,2.6572481772111622,-2.0640413154147046,14.993744203724189,7.347830866803072,0.044027256438104484,0.017184254709668088,-14.735316564818383,2.485968526770279,1.2258757951804407,15.243128579272977,7.2752164127076835,0.04323500374201343,0.016867251921644885,-15.010602210481535,1.1136253423740483,2.4239793597175585,31.077725636370772,13.600397216207122,0.17163899376123476,0.05567672216244219,-22.945028336171244,-20.95568666188077,-0.45815053302201547
155,1548265924.69933,265778,33395,0.030139300254975965,18.57797602816896,8.731440724520597,0.047089529455511904,0.018693439192348976,-18.343937049100134,-0.1825479357932689,2.9339125912354054,12.428729944322829,6.272464875078127,0.09906398833116663,0.03874955351481809,-12.401156779748872,0.8267191344576547,0.03426405867848801,32.83002215680304,14.015601937173791,0.1232749785372199,0.04287210424781402,-20.013255312348434,-26.004695335441305,1.0177362771428626,21.818368847897247,10.347067898115235,0.06789187754932338,0.02535382901773449,-19.1340518336344,-6.234807753051092,2.723174210159642,25.234769772064272,11.346480047740432,0.1460410034471333,0.049485157468060245,-22.12771371514787,-11.925713635597116,-2.2215412378073314
156,1548265924.73270,266889,9281,0.03284623069412779,12.28791423044982,5.374451582775901,0.05243372324399945,0.020600130385038173,-11.149536054938801,-0.15422638700282634,5.163031678777786,11.951070143324253,5.264820005854138,0.11248062035005117,0.04308736630903991,-10.406191006046559,0.41596905827940456,5.862272260726744,10.68773576803778,4.668076346647635,0.05405070007566687,0.021362707649407106,-9.606440781221139,-0.12487547841035336,4.682776684743497,12.178714208826275,5.3680271434917,0.05324226882642387,0.021051123164308738,-11.03691242792491,0.06699816555605803,5.058484434079277,11.38684774453042,2.481022576865683,0.1890668526665491,0.06279904318334514,0.8177751376228086,-6.682706981216778,9.183298578648092
158,1548265924.79942,266699,12366,0.032631934642799724,7.778706799290978,4.76372096191367,0.054497587120458935,0.021864579325469116,-6.396299750526449,-1.2852150818882708,4.236018314884616,5.627240318272501,3.35315518082865,0.11247914123360639,0.04449737701281942,-4.774418619087105,-1.919784978772638,2.2771003677011974,5.622484308718383,3.6497991295107606,0.056632732561193576,0.022836341214387514,-4.124505208714155,-1.6708131217552777,3.4364473075030015,6.931045057430694,4.438690223740302,0.05618303006983405,0.0226475760520572,-5.521254698030738,-1.0701611066783934,3.8418212676021914,10.03609869941898,4.133376014265907,0.16953660600409032,0.05879451469213614,-5.02177814696441,-5.319425854560538,6.870860930406243
159,1548265924.83278,266742,37466,0.02897307498582701,5.0920518641124515,6.054766436076473,0.050766052263464465,0.02054945565263511,-4.431093541254437,0.8343515829726449,2.366064168921743,1.3400737350923888,4.266640461818518,0.10212782505982242,0.041199757599690155,-0.9709406659573969,-0.16242996312533522,0.9092240349626568,6.993823588246128,6.851250547435641,0.05974619264354897,0.024541774200399467,-6.008533746509248,0.40178246023520897,3.556636255679632,6.00740652852441,6.456210314615493,0.059174183993378135,0.02416959728006414,-5.174221183275757,-0.4928249017862999,2.628195624037994,13.941166234297855,6.561070288707515,0.14226951040169628,0.049363909704778594,0.7377807253559451,-12.85971291394169,5.332877210720418
161,1548265924.89951,266890,12824,0.03905899204567689,2.800622149568728,2.453423271934678,0.06402834947525698,0.025898168552455924,-0.12644368994416189,0.4413383418936871,2.762737208983655,2.36741759276766,2.6024465658259466,0.120709975841342,0.04872928702057016,-0.8635793567952217,0.6349964892213272,2.11084727342827,1.8415226383668477,2.596428570402562,0.0663028908207407,0.026871000262422885,-0.2081443189270378,0.6699664866607321,1.7026527763661825,2.862207376247749,2.5004737622191593,0.06557541982974463,0.02663269119102829,-0.30307590599593226,0.6107026944800467,2.7453817268918783,5.817549176629291,3.6884794550918483,0.14117935090292455,0.050895507800552554,-1.310656850491265,-4.521669935797396,3.4176831383945507
162,1548265924.93289,268037,7611,0.03221784027556855,3.2993020686422736,7.9122552295030255,0.06291877619692503,0.025136542184058166,-1.1279823403694762,0.8672817053830021,-2.9767217578184453,2.744148775852272,4.867929744044349,0.1277550599861371,0.049934135470125075,0.4840898325819154,-0.886964605596716,-2.5513336368301576,3.3039795011791626,7.893049756238148,0.06397130359921775,0.025752122929010565,-0.9630334523675097,0.8880736236924028,-3.0331785889945664,3.289327635298603,7.8357173994257625,0.06389516726639113,0.02558937244718811,-0.6858552492913126,0.932888047028847,-2.9923716066512616,7.574066738588473,9.514153776281132,0.15941900390292466,0.05646828527526879,-6.8724101279367105,2.1739866772700402,-2.325993964110297
163,1548265924.96626,268055,10798,0.03232393133694832,3.174207491266476,7.221948992158579,0.06158014266113336,0.024609938429796505,-1.5440964490505313,-2.746430019162116,-0.38533297741944034,3.444867561844998,4.721336175876843,0.11853958394659246,0.04666951381857284,0.7065953773528163,-3.3379121616631107,-0.4755816358702615,2.6655287026810717,7.358904624596533,0.06327400429672198,0.02551369487966983,-1.071335654228677,-2.1885256664159103,-1.0805732683320661,2.9740967643637495,7.196262051783171,0.06325028470594622,0.025252487602997413,-1.671827793733601,-2.509127133931606,-0.36021767128156656,12.687573030410016,10.420264174789505,0.15450712336619363,0.05491625640416235,-10.315719449808936,-7.3859254806551045,-0.09244689843856888
165,1548265925.03300,268189,8131,0.03630822489884952,4.293113584451587,6.040170480148649,0.07036804757332067,0.028362414028412396,-3.7560497003359585,-1.1580907355255106,1.7267717700665848,1.393833937535106,4.1622039796910455,0.12151997618260518,0.049371748184414976,-0.07409377207235825,-1.0208500913036447,0.9461227454458793,4.186209027225721,6.342175394373359,0.07160444082862093,0.0291125551154432,-3.912257628741729,-0.7919270564004466,1.2615220185629685,4.32184286307349,6.056888383560819,0.07146320728675279,0.0289447904107604,-3.7933538873304733,-1.126329951124485,1.6613564874859046,14.921975280667256,9.180380533350954,0.16046901875558736,0.05733501033453287,-11.18769448705365,-8.48480750525405,5.050631637723994
166,1548265925.06637,267119,7366,0.04785351331953214,6.665048232809713,5.183811938657612,0.08655488780027573,0.03538714704436128,-5.989948687537204,2.2584137870896765,1.8555187502783301,6.506781615968222,5.254475409963874,0.143089565426425,0.0591011627951934,-5.357002162805613,3.690470972946874,-0.1454607281521707,6.852552991479859,5.487321919194998,0.08786365502366289,0.03622745210048827,-6.060174723584382,2.8038123670878723,1.5396106750843348,6.722021859540057,5.20161760335462,0.0871998463756011,0.03564988802226183,-6.038396600970268,2.3906214170937488,1.7758927431078693,17.579533523779865,9.355929346575566,0.20399702912831252,0.07468290105950819,-13.585198917658929,-9.935109053356133,5.077004764549645
168,1548265925.13311,267656,10194,0.041124240091430536,6.914704907590534,6.167050191021412,0.07350184377217525,0.029960170887498618,-6.756091944459146,0.5567038601954469,1.3632484766594577,5.2448063122313515,5.372926998278889,0.126413170252592,0.052038927970966965,-5.089629199657179,1.0836816290662745,0.6552114083584867,6.507684105149883,6.380916330713619,0.07569566174840979,0.031227561918045776,-6.432800155467947,0.7167108977655857,0.6748037205410382,6.818194625120356,6.179208250843818,0.07468534213530059,0.030650406347973162,-6.640774719722174,0.599485894510615,1.311162909755875,8.001970316555918,6.682650666850567,0.1356001516243821,0.050415334457760544,-7.116551939145955,-2.5520853689699616,2.6216555292351824
169,1548265925.16648,267192,8798,0.03759151119140329,8.219431507460348,6.932208984269189,0.06862483630220695,0.027603182616472943,-8.189286565792234,0.28029331106541544,0.6450391530277055,6.842979015945561,5.741876597942481,0.12036979975809736,0.04935002561211818,-6.5794056472400975,1.599400742025471,0.989798165357339,8.568222968041432,7.407907273611536,0.07006420524052143,0.028370570267592307,-8.513272598867367,0.951244175222559,0.18376345271008768,8.209336570046327,6.9685148380264295,0.06927542180693827,0.027893592583867845,-8.175701756410277,0.39142408322199596,0.6208408347092274,11.231228279958934,7.914993810385687,0.14058637301510776,0.04919744312846335,-9.746287837140853,-3.231088882862946,4.550870982920641
170,1548265925.19984,266381,8347,0.03962751029844584,13.578115884867561,7.609711526541267,0.07213626345880186,0.02886955815222372,-13.40330790802108,1.6405762199872589,1.4230522731385051,10.755902596313772,6.070991791830252,0.13173036454771092,0.05312620816990819,-10.143792214446623,3.4309884742047494,1.010563338636212,13.369468369802851,7.819343532215228,0.07357004176954274,0.029704777171505773,-13.079378533074108,2.723810174209014,0.5033883337886477,13.332552798658263,7.558479603571358,0.07297697947520101,0.029270168014488618,-13.12639608941531,1.9512010421706356,1.2855520270294811,9.500149617994882,6.221731370239571,0.1252227195341037,0.0466714854127338,-9.417942405186423,-0.07124047414220501,1.245041530120052
172,1548265925.26656,265216,40085,0.04461967348010414,8.635853357220077,4.316404940730605,0.07342012954907871,0.028452859164106708,-6.28431275705764,-3.677754587547906,-4.643220603488726,6.883272614415932,4.286345945939867,0.12678971812122888,0.04955401623531122,-6.690774651615723,-1.180300661580107,-1.104475800521862,32.01609994401972,12.514224263216956,0.1987188369716287,0.06859131046078934,-2.540768757470365,-31.643810242459512,-4.152640495604776,13.279580173928085,6.074930164331802,0.09667177905062312,0.0374566317357832,-11.550502765017761,-5.506644480517272,-1.8423131255047285,18.332241108365675,6.979300249912464,0.18731240660300072,0.06520196121972582,-12.14572426707416,-13.430797607277023,-2.8576426851200414
173,1548265925.29993,265609,16193,0.03353227039841628,8.64635327729467,7.803430923409444,0.05794905780551759,0.022672057765701033,-8.541665736410046,1.3060743172351323,0.30584525675855023,5.7820592844616465,4.926841514173406,0.11631090426104103,0.04631279612905605,-5.592829415226953,-1.4656406425082176,0.06607728981556421,7.732287716544051,7.362395723598449,0.06008085838366057,0.02342193230132191,-7.429317829549702,2.0757510889009003,-0.5336359581958954,8.722916969798973,7.834083844580276,0.05850316747058448,0.0229832140280505,-8.615117109288779,1.1838601143004044,0.40195566194135046,8.753565616537433,8.019057912900706,0.09884343502748326,0.03603897471380183,-7.9152196500380505,3.4237134793721196,1.5007980896321618
175,1548265925.36664,265685,18024,0.035636495348969524,5.694439254201946,3.09323781153068,0.05692035485987236,0.0219939821315618,-2.9241631885535133,-4.090063930187756,2.673440688229617,3.669103350245847,2.2588116704678294,0.1146524458786966,0.0439171426507451,-1.443420051988883,-3.360632514751901,0.29155968358815315,4.637308511091324,2.8400199007778055,0.059742573082957974,0.022934192865784832,-2.017987448186457,-3.7205606811509604,1.8946728223826514,5.7877009702715405,3.158914628602168,0.05746585604719305,0.02229425590606859,-3.041835483843406,-4.109074079222182,2.6723391379622328,5.811148237080975,1.9135424517502093,0.11932889575728013,0.04135524698596057,2.1476000304818466,-5.373570111458927,0.5310387929699494
176,1548265925.40001,265122,19100,0.037223961961956376,10.81104135991169,5.385989948524662,0.05543762444718637,0.02168648995226424,-10.69631003585654,-1.45785193308061,-0.5850082424795354,7.226351794339193,4.110194901718517,0.11338183774502908,0.04451623911925853,-7.2202877903067115,0.29211047777941235,-0.047706912167829574,10.457420619518125,5.634501767837621,0.05877839649061334,0.022981502450391503,-10.23874282681264,1.639679419722214,-1.3554492762383217,11.49639652156781,5.754570965998187,0.05684216457027093,0.022465867694142137,-11.433879065523413,-1.1779248153696624,0.13397160563422444,20.912431414004846,8.783051237482542,0.12083547487424572,0.04293797142271158,-15.818213770534953,-13.474292053044012,-2.35740417077559
178,1548265925.46675,264197,16347,0.02288633996014995,18.248510318970723,10.064779617955386,0.03402548754105946,0.01315140019334901,-17.520635821265902,3.8423027511099037,-3.357403587441989,16.41156550669949,9.292905836074166,0.07446646459847384,0.02819172611000349,-16.359279528674687,1.3012977433016906,-0.1417034461529836,18.502299546823256,10.048470263695249,0.03598103826457199,0.013902334339119412,-18.032430262859275,2.997185450242901,-2.8606689274268176,18.414400698888876,10.132305919374303,0.03480831775616286,0.013530884940781272,-17.684979748329113,4.017188930922491,-3.216855289075486,21.8968120558145,11.911337095893101,0.10543381047587985,0.03564257992149843,-21.320779579975877,4.9718016813829795,-0.4194333686586382
179,1548265925.50012,265331,51350,0.02951959111017789,14.80774448431633,7.370247673647462,0.04455601254919334,0.017194294305606345,-14.6279915920126,-0.976044493613369,2.0829056251535762,10.666937119779211,5.379952964769321,0.08914593248867536,0.03530015421444788,-10.385305572633431,0.7090177556463847,2.3294354471697143,22.620127053010624,10.50708570672607,0.12280418021796198,0.04269277714414136,-14.452164182425951,-17.30761470277644,1.8032114792181897,16.236501750716855,8.077429140566487,0.054776936981363,0.02083448130932693,-15.773962583659316,-3.052474746496416,2.3866990017979157,18.522903387744556,8.367315124100738,0.08847888103306605,0.03114558560162975,-16.584004805136004,-7.474883514838837,3.492112680675583
180,1548265925.53349,263128,48243,0.056653212900661803,6.940624044797265,2.7341176205411553,0.06935079676228323,0.02735557558589549,-5.977140496613198,-2.7340138018224476,-2.229623767905439,4.255063011478181,2.7475486509258675,0.12277065098200787,0.048010092211185545,-3.44242188169774,-2.085708434791588,-1.3802583617198576,26.10949932668033,9.158412874818554,0.19654674636390343,0.06773779650253899,-20.421350493755057,-16.057235887395166,-2.615258067128268,11.595497404806805,4.825648201616665,0.08590447726422754,0.03407367639877923,-10.589304332936077,-3.8796181829442404,0.7443813726488515,27.855661289678345,8.986316476439178,0.29543380270921465,0.09706978735490442,-24.82432970065178,-12.24707952929406,-3.1144122722865104
182,1548265925.60023,265855,14043,0.029447958913831354,11.215274530330992,8.776548847672226,0.046954483597083575,0.018367200109428203,-10.874151422048735,-1.313467604516617,-2.4103975798469244,9.376654606912815,6.640704290585532,0.09851590868750143,0.03829208690083202,-8.880154484636167,-2.915376524241493,-0.7517231327005148,10.485194956841955,8.479566055400827,0.048361145226176974,0.019047063766520916,-10.013670463220782,-0.9968501136108975,-2.9448271575760736,10.822850876248333,8.583916934223474,0.04795788766545242,0.018898176751468883,-10.447888940100453,-1.2339073699067646,-2.5875447125067974,14.71177152093124,10.20531494946622,0.09036019876016056,0.031899876126575584,-13.81187839215179,-5.06154330426337,-0.22139544611526943
183,1548265925.63361,265572,11695,0.03853536260804887,7.793385736746262,6.8726498833293075,0.0629609480302934,0.024183343635598875,-7.682055527438634,0.6338814122733046,-1.149381777410796,5.110334231917732,4.714437741404637,0.12765134475369067,0.048418511187157676,-4.960921166468332,-0.24148481684943424,-1.202689579745278,6.565378754760583,6.253189147879038,0.06526994550792839,0.024930149104324298,-6.036337442701586,1.0970980671443167,-2.337349845951328,7.885381373141238,7.063767366364191,0.06480081025995191,0.02486513845377087,-7.639850847218522,0.959770277900396,-0.9954810623552481,13.417543211167905,8.206538611209695,0.15254664297978918,0.05162559610519044,-12.600112306358676,-4.371544440933724,-1.4687528354519135
185,1548265925.70035,266047,38112,0.03737295249893475,13.978439296440634,10.186969882573841,0.06349047538472016,0.024390956765753292,-13.119417199345094,3.2539175765898762,-3.562257418907748,11.995952250690918,8.012158418174225,0.1275100660377795,0.04794495197010684,-11.98307745255078,0.467056189465384,0.30097123269128834,13.436622727603968,9.85104108711089,0.06732824945796895,0.02557486839708073,-12.694630818501208,3.096293429526595,-3.1308378597738464,13.385791820459398,9.852036146801812,0.06831547494879572,0.026003801252308327,-12.69782870237142,2.955907843977946,-3.128092726924722,16.82337063354767,11.803450819275358,0.1303388920112206,0.04483377989143989,-16.79358459109706,0.7494742703818689,-0.6630266762485227
186,1548265925.73372,266229,34378,0.042277901600472706,6.7783267423202656,5.7004518996426805,0.06853779440045377,0.025827045138662193,-6.078352091406351,1.60427998829925,-2.534883626065043,6.969062702272229,5.1807694913417475,0.13351939059946863,0.04972538245688494,-6.925465559557761,0.7660959393381009,0.13732713974627073,5.680474406972702,5.082022761655008,0.0713489551855556,0.026760532659650782,-4.358065141211968,1.660403120644,-3.243164995830562,6.494580552405035,5.616205412428462,0.07288243778548402,0.02741631700518469,-6.050538990080722,1.713991133780803,-2.0801351721172052,5.861013184113862,4.90442210842552,0.13905153003492723,0.047311308403538484,-5.208903261353527,-1.7519692742701056,-2.037009086928818
187,1548265925.76709,264679,12741,0.03679400717300669,14.136104594390934,9.891274559769709,0.05646465689371573,0.021583459714625927,-11.843879165214384,5.6475731349050164,-5.258982516538749,12.308883950294208,8.36585731752146,0.11379472312298887,0.04250883050974576,-11.924092140820639,2.904317140320904,-0.9431822026883238,13.469516644840148,9.437822591492468,0.05782591373529139,0.022275899676855396,-10.938683896604363,5.6749310054197375,-5.437667821733864,13.82840607685479,9.632907634291657,0.05761152761286607,0.022185219660872148,-11.237644503927136,5.505672085028994,-5.793010171299902,24.923614701500117,13.755865654102948,0.1748097662793043,0.05822471120957029,-22.94438480205652,9.346347689395913,2.718006753655035
189,1548265925.83383,264964,16030,0.04692028637738294,4.864400236600637,3.4194216138943894,0.06917686562729475,0.025959787784345243,-4.476070069792366,-1.1871006134517401,1.4892879257187956,6.3239090012164425,4.320823213970637,0.13059933747238936,0.049079697309781636,-6.213446144256079,0.790154265629025,0.8721056728423764,4.06304568600266,3.1946883124083256,0.07115615155475137,0.0270599409811745,-3.8207570171941665,-1.0237790172573389,0.9284570996712541,5.297379953048255,3.620015703090295,0.07076899179305343,0.02667127219657372,-4.881724701825616,-1.2100433134497126,1.6727047374323447,13.10032457825125,5.167549642651213,0.17863999076507409,0.05962319154278842,-10.337143202582462,-2.6617251799816453,7.594550252061586
190,1548265925.86720,264029,12132,0.046903325212066305,7.96214255863298,3.261427004396902,0.05963598911413465,0.023530306503613718,-6.776386890169665,0.658372699164452,-4.128297497483212,7.952359108738186,4.063917274466334,0.11436066959690232,0.04482264445419171,-7.943549073257665,0.14245093458400787,0.34605093023230343,7.719918168971481,3.0664142387425763,0.06090902173128911,0.024141566479162564,-6.205226178778172,0.9476258128091455,-4.493807953698047,8.00995590690238,3.239736720478084,0.06041605593530068,0.023979378759589828,-6.690682855879658,0.707932270876148,-4.309610326994503,9.508544002979828,4.8012283894093475,0.13265362327893146,0.04619058240359697,-7.9056184759985975,-3.849222656587659,-3.6189902609105657
192,1548265925.93395,263524,46119,0.04475614738937167,8.432301423421631,2.9569868564244,0.059357314906898405,0.02309256346331759,-6.213467199710574,3.601918515044146,-4.418451727080594,6.222286795894698,3.0775310986583424,0.11493430967887407,0.044519824914892155,-5.872290627435745,1.612428267718934,-1.2779400763559812,15.890991234629531,6.737686408990527,0.13505403752740563,0.04644999226855993,-10.446445008706679,-10.126426247110354,-6.391469358525815,9.797268459881,3.9649091738993896,0.10003525703143303,0.03562532992565034,-7.484317691108448,-2.313388250057056,-6.233903710268406,12.522876674808934,5.743912256174998,0.11984762410658807,0.04206455255930008,-10.972754764397218,-3.3190974941742666,-5.040306034065588
193,1548265925.96731,263407,41824,0.03393130243053069,4.6193713272239085,2.904197389756151,0.04569563358689866,0.017118010183960898,-0.7204843779642822,-0.2616504370852175,-4.555330149249438,2.3199277659172113,3.57192734074274,0.09509447792862344,0.034792082922670164,0.9215418110642447,-2.0316329131511055,-0.6366264491326212,11.09473090413935,5.732686938951913,0.10650898367080183,0.03613610452693847,8.391594839217825,-4.043019149201886,-6.027286789996338,6.1415625938978895,3.1612280568886306,0.07755487792719219,0.02697830124986944,-1.9640619222851683,-1.9278814598961538,-2.5873990676217886,11.542878706884109,5.496393331986784,0.1545950244521031,0.051159523680720506,8.156790017567177,-1.7787951285284946,-7.971242898185845
194,1548265926.00069,264320,42715,0.0373227242936937,12.405885798392955,2.95508821332168,0.052998209370261944,0.01947149522071327,-7.483148420984167,-0.3017378708250954,-9.890270290017362,8.904211621884583,4.161423221712593,0.11021454900922201,0.03955661127936034,-8.010649857728929,-3.7805730630875103,-0.9064991885429814,15.038178344070477,4.638881678255366,0.1137142265052362,0.03821988413334725,0.1614464060309634,-8.08273117957933,-12.680307553238055,15.4611671381495,6.208822622299231,0.06824714487296399,0.024236709459572642,-15.084803641127202,-2.9933883512131176,-2.244404195362109,10.407718363268135,3.854116977219166,0.1575800265454597,0.05147532278159729,-5.217033706321274,-4.765063449937933,-7.641814650610288
196,1548265926.06742,264218,36134,0.03709726296306815,9.60511925597362,3.1498552069697014,0.054476642532806305,0.019221247374964206,-7.938550599363598,1.731937378386038,-5.122316196816473,10.404410589694072,4.3303587518442,0.11533977503934191,0.040181514271842855,-9.585573041764587,2.95441082341359,-2.764056053416935,8.457577826103416,1.7152986835099857,0.08422260360355402,0.02830029417440509,-5.051274319660733,-2.235834329777389,-6.404396558765008,13.552522640150979,5.112706434220985,0.07209552690327735,0.024166282660344568,-13.229875877760826,-1.4471968639583115,2.1858576918713593,4.948434883041259,1.3030667871234853,0.17324357364814796,0.05633396246284838,-3.082614264721468,-3.2920016130017564,2.0364730458881883
197,1548265926.10081,264285,36893,0.02405110528000818,16.648263405622714,6.715049080515436,0.03510229260206379,0.012454611036778503,-13.741588711285425,4.743348807319579,-8.11381884225728,12.503491132709748,5.773847938504964,0.07989186041548017,0.027435189667617103,-12.37194082192247,1.2721739369965486,-1.286057649806694,15.754374696328641,5.054820304987439,0.07071470174446558,0.023402324061350704,-9.114996121605204,-8.740009077149681,-9.419628926172381,21.186062920481735,9.438959561012037,0.042207106553479125,0.014491155065005028,-21.07677670234161,0.993476710950816,1.834658319877504,11.901308991301175,6.482845072805726,0.09814817996707488,0.032016638227241614,-10.535582150639229,-5.441436060412391,1.0165815530501836
199,1548265926.16755,262971,37166,0.04795354612705321,4.531209435571555,2.823054491418756,0.06052453702841221,0.021872285678251824,-2.438200126872687,3.5297862621535794,-1.4586459590464609,3.5625883004175485,3.6844525179017356,0.12176199962591036,0.04353880264861709,1.802500460859901,3.027544821178048,0.5263077451737013,4.284622914608764,2.6838415125138875,0.14011721102893387,0.046245466993802636,1.128887782519681,-2.6331655657032718,-3.1859135265199643,3.5883570251529724,2.7740128870187304,0.10185609005880761,0.03394019156955694,-0.3493849867517906,1.5690931570853368,-2.6317352198471946,4.5122451675001125,3.816901471407401,0.18856812971095138,0.06091776877787732,4.156223901698151,1.3878967325726956,-1.0769874606025622
200,1548265926.20092,262166,34342,0.02089154534009018,2.9582350266115904,2.21964511119001,0.028322393653325287,0.009977395682595945,-2.956840347460219,0.022425281210290526,0.08801556149708625,3.7519885006645377,1.7311020428371242,0.06681073863242216,0.02270222471806556,-2.3599700455559405,-0.5485649609963053,2.8647924142535595,4.21610214299252,2.0673549246782312,0.057173888483886645,0.018894692560493868,-3.6834573307000467,-1.9721591173773303,-0.5641345484932452,2.8641297534884522,2.3203021717858414,0.03214930794945016,0.011147428129270867,-2.850721592564651,0.024487325321130356,0.1315383863864532,2.3435414419061087,2.742632164293907,0.07515301483786245,0.02409920758276023,-0.23677445820772197,0.4979880513468259,2.27774718671489
202,1548265926.26765,262654,1397,0.02718306808848053,12.278877655576283,4.857008213528507,0.035253191855969236,0.012365878444386214,-11.6762419574265,1.8720211523104946,-3.3063192582607015,10.034660321004171,4.397505882881731,0.08197961534523794,0.028418011531209892,-9.841971873270754,1.5433188646053757,-1.203396977657871,12.219368653667377,4.82561654627146,0.03538300952686925,0.012409352046408422,-11.627967791816864,1.856293112337971,-3.26458438515305,12.286449819815418,4.858949883369863,0.035316673040191135,0.01240789368459971,-11.679312042210896,1.8629821706274998,-3.302367004397859,14.148405292680536,5.056928652870768,0.1148190721809803,0.03601960185736751,-12.541386609709576,-5.308468509658939,3.8355125229501374
203,1548265926.30101,262550,33733,0.02975459838573471,11.692146756191361,5.4814515494752865,0.041258657470409035,0.01461475956125619,-11.533816245469891,-0.04017815470385466,-1.917228285816685,10.266578246790813,4.8248847443730325,0.09072314571379869,0.03196028920759537,-10.199049136258198,0.6970600607938892,-0.9466429555620393,10.628138040179355,5.259818022634144,0.08552852427479907,0.027834683218064087,-6.170925605345904,-7.39311536883365,-4.4965365024104305,11.903409243286585,5.6549615587178526,0.05006214280769658,0.017224412977802115,-11.670437832594892,-0.5453354858865685,-1.7880535194634297,14.99804028202333,6.7131280255289125,0.10753481468631591,0.03446068145180102,-12.051011963083662,-7.062378040172627,-5.462338270786278
204,1548265926.33437,261954,32164,0.02664292382234924,5.064260637601799,3.9880885403046533,0.0348509516178439,0.012171168494516313,-2.4831228988150977,4.318001583103599,0.9141656322887526,3.690524492054072,3.3204081312742812,0.07955351445004002,0.026897949324963446,-0.7611124241306857,2.9279976592030534,2.113648176018496,3.539649462031959,3.544316185094905,0.07473055952898462,0.02422653178165325,-2.3218679074869972,2.319602109967351,1.3257050145790752,5.0502528076605175,3.984001814821894,0.03584614755720769,0.012630144249946698,-2.4664093523057877,4.417137000108062,0.8674677854333992,6.487584003621801,5.34900063673629,0.10353318440597696,0.032371794952825945,2.6535633535274643,5.348257538702508,2.538402850726682
206,1548265926.40111,260928,59124,0.024692572946422506,4.914395676429204,3.632832960792351,0.03250172769121505,0.011312469707879153,-3.187135461818952,-1.910121940397541,-3.2163467762873577,3.5893830043517694,3.5905184986905723,0.07476447363544675,0.025784336313200016,-2.08086965967145,-2.8420535258244097,0.6902054532798151,7.271914232246369,4.615636194712549,0.07535716458303023,0.0246252108029699,-0.6415399273462038,-5.999993154362893,-4.058231791108826,5.69636951407459,3.9570163368750095,0.04003028246794546,0.01355537005905831,-4.2424189250850635,-3.0535473972874003,-1.2441278853857676,7.168205148661893,5.437103026093162,0.09086066922637936,0.029219903551008626,3.675655816180029,-5.525299251913353,-2.709942351986576
207,1548265926.43445,261293,54490,0.040104474228913396,8.6930916159082,3.1318702845987416,0.0497758530106096,0.01756887470657853,-7.496963430874103,-2.505231293529301,-3.6178995735967225,6.648022347216936,3.119135693260669,0.1025741593980187,0.0361001573946371,-4.965205415850111,-4.302386363879139,-1.0160747430260033,7.082710736475078,2.838113209389876,0.10911377168540436,0.035793537166981755,1.363638356426019,-3.2412401316459656,-6.148141525572645,8.84429286375538,3.041929659017491,0.0537891079528184,0.01927198165251636,-6.727222339732949,-2.762901811448165,-4.694358771683426,3.9666437270716863,1.7571732080029872,0.12573072942583927,0.03985713450501338,-1.917262977000625,-0.9167328378260268,-3.3493232209793224
209,1548265926.50118,259971,3186,0.042535026910362164,5.76222478490434,2.4839269596353746,0.05985783758933089,0.020445695799610582,-5.145494981580555,-2.586733075859825,0.18954646013038237,6.412773044173185,3.581471813764095,0.11993452675659928,0.041338636377475084,-5.538503902524442,2.0074565574667504,-2.533525371429994,5.801861526971466,2.469543633167607,0.06012044174693022,0.02055176880714603,-5.17938342031471,-2.58438581466039,0.3956444420220179,5.755960492517113,2.476858757642882,0.06016888080083109,0.020522774002455935,-5.125246319149818,-2.6425641230740937,0.21587658591291753,11.914117479337207,3.451898925483311,0.13937788066985718,0.04313748912559188,-6.720977160498203,-9.694389262757467,-1.6713701390304403
211,1548265926.56792,260874,1103,0.020635909447589293,8.901203611225975,4.234968177948194,0.026532874835667537,0.009021155724856605,-7.710223400156543,-3.0508965614665735,-3.2366512044723446,6.591953330031456,3.545738632185048,0.06274292765183524,0.020679314904698327,-6.41837280851909,-1.2338491742881643,-0.8578784361924404,8.86959397215836,4.2359774603324825,0.02667503690816363,0.00906114930905352,-7.590312235729993,-3.1553852556458377,-3.331726471895363,8.90096906333655,4.234286804461394,0.02655678835705358,0.009031134658751884,-7.70803320268447,-3.0458244074043686,-3.2427330319669863,6.65656260266798,4.224358364259063,0.06603613930521349,0.020683293958286858,-0.7158497415701156,-3.719397542232053,-5.473889545247517
213,1548265926.63466,259402,2286,0.02685808389932393,14.370700366550963,8.12261148871054,0.03620667220132873,0.012746542844752597,-14.317514080654444,-1.0448474222285995,-0.6588728554979163,11.845378289370226,6.758995810843716,0.07870421265873608,0.028593192223805984,-11.483771548689969,-2.6176023340504573,1.2586245892067573,14.260984350542616,8.132151577265295,0.03643868299591774,0.01286786724661471,-14.209821775888381,-1.0401728164006996,-0.6121113100824295,14.358787985706101,8.102917520077401,0.03628176205760326,0.012794784034599386,-14.305202000963913,-1.0400672215014812,-0.6833095782591371,18.088839894220758,9.462222338408209,0.05613788051752648,0.018836846761425382,-17.455899174149963,-4.6514722951360765,0.9281800624042098
214,1548265926.66803,259260,2527,0.023007224530060516,16.30941989482064,7.343920642096281,0.02916427386058094,0.010071736215178513,-16.071991299216602,-1.605924962806956,-2.260371207857364,13.2025022442886,6.096858505982127,0.06954788404007367,0.023994553393734963,-12.9766037121562,-2.2652347853571886,-0.8846089391969975,16.308769156651202,7.301183695608925,0.0293384771057318,0.010145288812091905,-16.024628634922777,-1.6601442880681074,-2.5359711079871285,16.26497940706393,7.324326815372105,0.02927920305302289,0.010113991860694112,-16.026203259812142,-1.5662329678537597,-2.2791528046804146,15.134217079245909,7.356968744891075,0.08321268536513675,0.025815585920082904,-14.688390674130313,-1.479170550556694,-3.332830702004832
216,1548265926.73478,255341,9623,0.05667042951234273,8.898014838677426,3.7744183207656055,0.0680578290570394,0.02461832910787465,-8.497814891886167,-0.4668024666522932,-2.596903076683587,8.487320283340193,4.124987206517639,0.128990784941192,0.047607561434987344,-7.9930286597899025,-2.3345739235152374,-1.6419083504927334,9.105791790603586,3.91228440573411,0.069313867250978,0.025469964532869576,-8.640911972535951,-0.41010090254908466,-2.8428685629900174,8.905307456428574,3.7910205362247815,0.06896579668442884,0.024986203604656955,-8.498173855186,-0.4131501094583847,-2.544460373715798,6.551062484658551,3.4159221696547006,0.14245655912507954,0.04619024579541835,-5.790762850613376,-1.7558948111314305,-2.5100435649801818
217,1548265926.76816,258181,21128,0.027565997338842192,16.031675630681786,7.350580814583374,0.03520657264131353,0.012198151755256072,-15.412261509658459,-4.404890866960872,0.27157896726618297,13.259072088133504,6.28971782778476,0.07850847776180389,0.02713039722063763,-12.28831345014133,-4.439262061694332,2.256833520000556,15.77825052601186,7.132693648076616,0.036341987102297996,0.012745834790133335,-15.144417368486417,-4.423774535160182,-0.17329481454662482,15.538246578755466,7.084567073138162,0.03665995755991159,0.012805662278900079,-14.899848890764963,-4.393906797089539,-0.034697457778169745,11.452606999252042,6.375646899091534,0.09809148900879738,0.03041435420054356,-11.16425107981865,-2.2708741789741644,1.1682616870176858
219,1548265926.83490,256594,33748,0.03128520666335109,11.677055448718262,5.466874666585784,0.03954410803741947,0.013837395101655837,-10.241969190933524,-3.945189734143301,-3.9863729135668735,11.421145618164596,5.892161048186967,0.08806460004555307,0.031043707091097453,-10.826265728339314,-3.5790226313135487,0.6520234775308549,15.457556507892573,6.601790523939779,0.05923408977292035,0.019580754048328985,-10.998318147281191,-8.597126034814021,-6.6379571456435436,13.199529923306727,6.057249209271417,0.04593420235589002,0.01577913035977839,-11.982022591893578,-4.231484266597395,-2.803945996254133,19.21983743594797,8.043075039872221,0.11032129397931863,0.034160473325055715,-14.392854609405163,-12.13827526067047,-3.861367756765312
220,1548265926.86827,255795,4444,0.05706632984648554,8.936369829960674,3.0241678478848204,0.06479345525496324,0.022946773054030537,-7.867283143135808,-0.5238777319047145,-4.205961698063466,8.668709988307283,3.6983281098762197,0.12485946713970743,0.04405574800308286,-7.5739366760104065,-2.74278714122518,-3.2029884150731314,8.915317332625325,3.0016988847016313,0.06518149644562155,0.02321872081650509,-7.7663057535840725,-0.5567361830384353,-4.342513431844771,8.918560102872032,3.000592465030745,0.0650872209989658,0.023054524435393034,-7.8514960005444525,-0.48955211918454966,-4.231248951946272,10.34204433778641,4.013505348606355,0.18133970218872383,0.05856333184901754,-5.21589495102187,-5.952374413056094,-6.657443938287399
221,1548265926.90164,256014,8668,0.03936524646716258,7.949545487054125,4.2208605627111995,0.051243140323739764,0.017824274636643486,-7.680134250116017,1.3381787141319912,1.5556635497373967,7.734198689421709,4.1841219611926155,0.10471346803544482,0.03695086242944544,-7.474555759589659,-0.18933386506140257,1.978129988594896,8.040138150490726,4.219192604757004,0.052358066099672126,0.01823542979391511,-7.749749392673349,1.6345201629702082,1.3833111242881404,8.01441959489846,4.239699668054535,0.051937568828155464,0.018111015552555208,-7.709189580928532,1.3130353276912978,1.619730342372943,9.087049330397301,4.763095125366557,0.09867675252549311,0.03168191318410877,-8.535209962075365,3.028906342729568,0.7418778897743712
223,1548265926.96838,254576,101391,0.02278617178685417,16.557582436543232,6.28325850997024,0.027768544501823634,0.009751344103446063,-14.93437827163423,-4.24018438583222,5.756623850557627,14.420878774078929,5.135604369646746,0.06800376404076919,0.023620814182410493,-12.590633215159597,-1.6682577415273045,6.830418432704861,10.245961735131552,3.3836161531192275,0.09065710957616933,0.026906691657953157,-6.423073093683432,7.508337887033189,2.7108533868731954,15.544418937257781,5.430872149328862,0.061613857654048414,0.018663714321038624,-14.560572506298094,1.550919835859213,4.765697583423606,16.64565342258067,4.989098451361641,0.06645233776838501,0.02157576255180884,-12.16188282617787,4.751240644413689,10.324344837608953
224,1548265927.00177,250393,8255,0.09251086055119415,5.922008680607969,2.8233245252314343,0.09720391880777807,0.03462851786255657,-4.788068198249473,-3.4781817788669405,-0.21642840679123837,6.370226975821131,3.6909669669688725,0.16607149590870104,0.059112467005097466,-2.4219395849631598,-5.8509835256604745,0.6928146597160184,6.438086569607356,3.038990866516446,0.10131660369857207,0.0359991107584141,-5.037538295118984,-3.9952793539086673,-0.3315259977731385,5.914259581134495,2.814242517769976,0.09811410308510342,0.035024129022191756,-4.840870094614195,-3.4545004159457133,-0.024250175422986332,5.67829048255394,2.7127339663838583,0.25431564004152757,0.0800988590567001,1.2883157795061253,-4.510161300741991,-3.200260973393809
226,1548265927.06851,254750,111611,0.04244924546145516,7.255821829298331,2.599364146833665,0.045747898230131256,0.016481576083506488,-6.908119223926431,-0.39747639237563753,-2.1833120995506596,7.000349632267635,3.549071060596768,0.09886955970459858,0.03503409055472556,-5.6420947377849835,-4.122231877284874,0.4229258726361163,8.728953006015669,3.726311704119806,0.14776498641291022,0.04560156031142105,1.2442608130780428,-5.595893031454289,-6.582736269272048,6.651096794712417,2.7484100836574896,0.09813194918088186,0.030999138580416648,-4.643449021192281,-2.288147087082005,-3.949259700506917,4.050913508032152,2.2833724901535914,0.11239352518457779,0.03764081018498016,-3.686121230602752,-0.2477255888931755,-1.6616385152807873
227,1548265927.10187,254140,111656,0.05716417079999515,4.562689374013218,3.240145240745406,0.0584167958473113,0.021118538144702093,-3.5030625361839873,-2.5519531960621245,-1.426261573634253,6.829980144198742,4.757574330954361,0.11888923691496699,0.042727803430695946,-0.36586840449321856,-6.768218264809906,0.8402324682111785,8.364852215866394,4.880469029169764,0.1955412064125676,0.06039575813032392,4.362436688955212,-4.341737320411995,-5.6647343952460885,7.690745627522288,4.441054821018983,0.15804264797625395,0.0490228911477478,3.149984544025058,-2.671325848760381,-5.176469710181422,9.010299920878646,4.714165477224526,0.14905220354807455,0.048585673237060575,4.957467030624617,-6.878628247670003,-3.0485240256248534
228,1548265927.13523,255890,1805,0.03891809032683193,7.247890237319806,3.313200438348188,0.041392426478309464,0.014747021694610805,-6.7236916558017645,-2.5576604754505556,-0.884452543811993,7.370943702093517,4.211552613587318,0.08923380230855797,0.031602455204908016,-3.8648355669011663,-6.222882517226467,0.8182849607838452,7.269510461869716,3.309923979591005,0.041511764631384944,0.014801713584776752,-6.765332803181502,-2.434637362255977,-1.0717253994082765,7.249660176581256,3.3119225783374677,0.04142976241724068,0.014758362842777484,-6.728572673603258,-2.5565505842096945,-0.8732291468307349,3.721803255144865,2.477848012344486,0.12231748009006245,0.041449053180747895,2.6664683843988426,0.08093471588501773,-2.5952293534046182
230,1548265927.20197,252775,1576,0.030827051325189984,7.072359885215341,3.913287929952075,0.030001509002012733,0.010995440927996125,-5.3222285683333,-4.4338096982484965,-1.4260045484280834,7.243546921484067,3.9995353923408095,0.07101254299451411,0.025468236066936455,-4.493701710382767,-5.499841402314778,1.4238544487511788,7.06881673966895,3.9222292741607583,0.03007728060115414,0.011036482704061639,-5.314264511546065,-4.448808288061116,-1.3909951892169665,7.068725959365268,3.9078562546045923,0.0300781175228767,0.01102231766743876,-5.316321192645043,-4.425449486859307,-1.4947503473187163,7.200555876592471,4.265940345706201,0.08419064341774546,0.027362391850438157,0.45347056773685435,-6.86506570233004,-2.1244392857454275
231,1548265927.23534,254937,3918,0.022355126971965594,10.625523367974784,4.475969555998748,0.02281705980666895,0.008108884915028518,-9.306100896768882,-4.52185736160627,2.418892090156725,10.778355603598866,4.245929450985178,0.05987464569680122,0.02115964494396329,-8.809217881690591,-4.596587414192161,4.17636372628439,10.430297914840626,4.410952974838233,0.02323866402007606,0.008218622297639106,-9.248176816867725,-4.433856498617984,1.8982246194647598,10.6214354204092,4.491692523269087,0.022960571439631164,0.008159084934050716,-9.29983922441413,-4.54821895316265,2.406431321542232,9.161850320972867,3.259032038618578,0.06325705383387129,0.021428907404635326,-7.442323301160359,0.1567291031156573,5.341044951425964
233,1548265927.30210,253479,8383,0.020645238249306735,16.013551763006436,6.511104120895752,0.02156556588892349,0.007789185264330598,-15.32720862506709,-1.4507921049762176,4.405192174956069,11.685835431000111,5.330906803699324,0.055726709003093206,0.019727199741465116,-11.403094836014468,-1.4644339740439825,2.0937074812264207,15.819106909355895,6.447716463196259,0.022283645749147058,0.007948880348196416,-15.388599315025303,-1.2171246288861024,3.4574213178311255,16.00287164765942,6.4951264855963045,0.021850459737282932,0.007906047542756188,-15.366506541243513,-1.385249378831662,4.228743367634262,7.798167812064879,4.113323332008281,0.05770433652199019,0.019191979747862815,-4.586964168661167,-5.713268297781459,2.670158478088644
234,1548265927.33547,254569,5168,0.03060668090743268,10.648577243428242,4.629129631179244,0.03393853065720875,0.012276542470484994,-8.959046793737935,-3.4554836572552303,4.602967580954038,10.422180807113946,4.561016190744846,0.06887474689349121,0.024921411214560246,-7.589102665366153,-4.030408320647191,5.897726873937495,10.698732507147431,4.604749364974912,0.03469695770602456,0.012431896594899234,-8.950363627870349,-3.4268883734453053,4.755029365244137,10.578184617435019,4.624061805046833,0.034258544314501704,0.012370170231021948,-8.954501495001127,-3.3804577864161036,4.488045280544529,12.554619146170417,5.151323030841694,0.05477553442045141,0.018662366401906886,-10.723249522196536,-2.6897580267239043,5.949418740328745
236,1548265927.40223,256062,6576,0.042836044307925744,8.283971410712397,5.377594530864756,0.05606738593866243,0.019831508331588345,-8.13303509205451,1.3208204552295948,-0.8563619853527733,9.448543519648268,6.101719344555602,0.11479642818090496,0.040037172220269014,-8.281761850825283,4.325866761148276,-1.4050879167136867,8.002679188819009,5.316318670394161,0.05761799634751215,0.02022597772829524,-7.811490137100152,1.1027643471942192,-1.344398315865225,8.142721357421705,5.34914480859969,0.056671545223884595,0.020052384652128795,-7.973811780785312,1.301221566435376,-0.9232029978449042,13.465753764073494,5.305920091380136,0.11327226532215934,0.03713875782797199,-11.295524165541405,-7.326808283127966,0.23566637990402928
237,1548265927.43560,255880,3565,0.03713708752833027,9.232363122388767,4.740798832967024,0.047202424776959795,0.01669963514859791,-8.472301052689119,-3.667668979829728,-0.06962722629596813,8.953309470081045,5.514734047767893,0.0957831241321211,0.03386715629796881,-8.620307851547986,2.011664999806636,-1.343594782713913,9.263846321344984,4.769546296334616,0.04767257269378331,0.016888031070992696,-8.512916630673027,-3.6536328736719397,0.008119675565111624,9.222582678065336,4.740701762376371,0.04742392567263908,0.016782023326657965,-8.476007974846823,-3.6533595697896066,-0.12254304005226499,5.71407908914237,3.7614896791341548,0.14287218058309273,0.04431657927264304,-4.657942375795697,-3.088636240613357,-1.1893690906991936
238,1548265927.46897,255047,7476,0.04064351386026585,5.924960198479285,4.065254123118055,0.05089552723587169,0.017598972424851544,-5.650836099413632,-1.1438300974829363,-1.365597832167141,6.953686892787924,4.522924185379649,0.09997605473121216,0.03394127539394336,-6.410946779661531,1.1042509902296878,-2.4564512089302246,5.820253825184108,3.965223496570897,0.05175872184862211,0.017966354506860273,-5.492736035753819,-1.403373599456165,-1.317477882718,5.786155248912673,3.971181842196393,0.0513690032190902,0.017800821139276918,-5.487075321774084,-1.0013051316515842,-1.2112001560948484,9.056250724512557,4.5713468563009405,0.1296304300747995,0.03993977966494878,-8.967680682365364,-0.9990482529927253,-0.773487525793061
240,1548265927.53568,255048,2860,0.048817271922044256,2.6133511626630015,4.101369656675866,0.06241025902328411,0.021413514831130787,-1.859643766439345,0.9593739580395131,-1.5655449434529007,5.24218029550904,4.446498036101681,0.11183333579495501,0.03818811780323547,-4.047841167275527,2.41248667490529,-2.296811742075776,2.623303443464091,4.086021417598274,0.06270917428980488,0.021520512264128207,-1.91619519758442,1.0526248168119083,-1.4497923700574022,2.596779694370711,4.094177619228932,0.06260368134866735,0.021524539893336532,-1.8489800120007545,0.9787700725396707,-1.5408195660494375,8.742310439385747,5.564588653748807,0.14766100548423367,0.04639247647545551,-7.35395072393976,4.604673795421083,-1.0697568911773008
241,1548265927.56907,254839,11639,0.023682893184977887,11.481031764755754,5.768007897091913,0.028000139373704387,0.010008291847507813,-9.616789482904208,-1.640406982657528,6.053140949629545,8.969125976726746,4.74060130601709,0.06711195161685372,0.024085195331574,-7.311105720601564,-2.7341118467266914,4.41787124508743,11.14589347690341,5.791909459144212,0.029069602843689268,0.010392587325761149,-9.516735721630688,-1.8609147699809208,5.495423443373884,11.43416586772819,5.829226930939806,0.028473523155759455,0.010247681423443027,-9.708272961692622,-1.7334632668865608,5.80936411093357,7.044540305365427,4.7003543092211295,0.07309357617041251,0.022932493810018714,-5.927167898097548,-0.8105795400638787,3.719837312425067
243,1548265927.63579,255845,6445,0.030833767047348328,6.235408803154376,4.141380692570353,0.036883163820522626,0.013211444256389166,-3.253282050277852,-0.08242178726281602,5.318804893280015,6.596685582262618,3.874655595004608,0.08271650177080943,0.029478783943845815,-3.6346501153465174,-2.962247423204029,4.64011523714273,6.359012772876201,4.388640955001502,0.03749616752250401,0.013552377872550182,-3.619521183545099,-0.47584145779343084,5.206696145783425,6.296822605210475,4.168473517401294,0.03707873906741131,0.013309395491778595,-3.3238867581731313,-0.05072967074284865,5.294328343485004,6.7432324082660635,4.166172893325407,0.09441987058957665,0.03137146828055649,4.198703634460776,4.248251457886961,3.129605510670141
244,1548265927.66916,256604,12168,0.03045565109654004,8.447560831489794,4.283398661243069,0.03469428022704743,0.01258047930703393,-7.378282826095258,-0.5966207219023483,4.0701683323991675,8.112358175306792,3.968581609777966,0.07838675639312032,0.028415002231343033,-6.384185894477394,-3.088610413409161,3.9386560326338884,7.787672385760409,4.231706755771187,0.036426445874779466,0.01308460165744565,-7.301222735678305,-0.5612785443119507,2.650463006277295,8.36962883654512,4.269149223470371,0.0355524397194544,0.012844037265126833,-7.444612499849065,-0.4828878985577121,3.6062687735052834,7.493224136700195,3.6969046108893755,0.08423724713321622,0.02685305884665901,-3.550258413472641,-1.3155425433609285,6.466329791852607
245,1548265927.70251,257263,18042,0.028268955551721195,6.52299293051072,4.6103084576233675,0.03463981449741099,0.012413589299468954,-3.4146769940813497,-0.038659106246152194,5.557690461971469,5.824199880688184,3.8964516654905363,0.07995733003375963,0.02836702856092672,-3.118803061681788,-2.1453676719061283,4.42625905985999,6.702284105152694,4.785990502201664,0.03648559197116163,0.013195675310820955,-3.7159071393902376,-0.26914676775893687,5.571373831921174,6.4931012727145045,4.675479246379908,0.03539557320493786,0.012815411444482868,-3.6348006554713947,0.09401813381830393,5.425905479642809,5.716818904070552,4.189775167061173,0.08682360354952938,0.027737184635994543,4.096045545401057,0.46917283560782386,3.960341667364862
247,1548265927.76925,257452,7657,0.026855405291237106,8.465583515643432,5.296041437073293,0.03264999599216059,0.011661213267143603,-5.279971576564487,1.032613544779196,6.536184948281644,6.029162435284159,4.241287746925857,0.07548122711185193,0.02666988242939935,-3.752064358712353,-0.8047799071507912,4.650284079512609,8.564234459924933,5.5566799660982475,0.03327251565804954,0.012021909912953573,-5.670113262055351,0.748782399479742,6.374578605543982,8.553307008531451,5.498385731436999,0.033170020462836125,0.011923901856839877,-5.6143273553781015,0.9831711624462649,6.310476225470397,7.292571221740724,4.280438754130184,0.08092124740228494,0.025956606161684253,4.272556127895342,-4.667718269214889,3.624812452718418
248,1548265927.80262,257778,13944,0.023450362850876715,13.987003671497549,7.653607247471704,0.02856203626825794,0.010148405587034061,-12.291659894595114,1.5290121268045738,6.497190982122392,10.293198771758933,5.757057999472115,0.06620495493484779,0.023086207072816386,-9.038679996407973,0.8374185218736704,4.85293056788338,14.12495023945287,7.815503423573999,0.029547380791973717,0.010691139110742157,-12.592840625732391,1.764144351173917,6.149990158540473,14.065984109724795,7.70704409746717,0.028923069467680876,0.010342431766778883,-12.37581927502348,1.6883573543545594,6.432911171506831,8.412666910563027,6.7969497768568035,0.07397315547565042,0.023480618623492024,-6.3584003820425075,-1.6158334888541401,5.266193242373588
250,1548265927.86933,258751,5130,0.02407301985666284,13.378462914677414,7.207728657894432,0.029390059933490767,0.010514339929971103,-10.996835582650025,0.6444526796742812,7.591940323212624,10.217544869026542,5.382019300020134,0.06803653485718378,0.024022652320709145,-8.15153112555574,-0.9002808541247874,6.094280748649745,13.605314074134224,7.405588288029582,0.029739930741948233,0.010688689130327061,-11.425476112518322,0.7028802715203998,7.3531643516254555,13.381868810184194,7.234877344956671,0.029535679194552182,0.010570548762493678,-11.058621139957422,0.6676523259682483,7.525420662453344,9.934989915925163,6.16012086899435,0.0929230211117136,0.02853683058646527,-5.610080678998801,-6.305289907242833,5.24159695038456
251,1548265927.90271,258027,11911,0.02329568270854706,12.484610102846442,6.98880107641293,0.02839249716524467,0.009966328099343343,-11.370773137659954,1.2959745550521227,4.989133955369783,10.591602892721456,5.511371859757749,0.06522412433507967,0.02251323255652787,-9.718922153967439,0.10299910207663998,4.208799732370005,12.75765354468091,7.131816013180451,0.029240498920939523,0.010392456889798344,-11.763455227365379,1.7102792054054359,4.631823627842201,12.58307682181124,7.013477742039759,0.028696534631869778,0.010139393984329313,-11.480872891851341,1.5471032324702358,4.873522505086259,7.328751020541146,6.776780739837051,0.0773230347952878,0.023095506852985677,-5.668158156786965,-3.8737143362789928,2.564549058146263
253,1548265927.96947,257050,7502,0.02469471037465827,9.764253349596084,4.329977538532074,0.028334499718489004,0.010102658282418277,-9.09949577786514,-1.691664630369837,3.110963008791405,8.538185510733214,3.769057443121896,0.06586260008133085,0.02330065394488372,-7.19291412781982,-3.131540343095733,3.369874366362713,9.718082537790643,4.376173092025665,0.028952689120153426,0.010418567142109274,-9.0581477448043,-1.9475673160373919,2.932246441571907,9.756245494054902,4.361392512678667,0.02878192160391983,0.010341891871556945,-9.083665552428961,-1.725998767993068,3.135393994622511,7.256278969396337,3.1654358151715476,0.06472088871964653,0.020211097268598155,-3.8303791693115437,6.0969223240889745,0.8996210730264549
254,1548265928.00284,257061,5576,0.02483026969860565,10.41356347936314,4.171173075679474,0.030807416782463216,0.010902477646710288,-7.1904629240010784,2.261745507714297,7.184988137472865,8.326224339802149,3.2075666392075637,0.07312603449446431,0.025791477421766306,-5.606481729587013,0.39269492672966533,6.143221066105429,10.294769241382534,4.160831675770367,0.03128658767251349,0.011125036548983789,-7.232514268319276,2.139731493184403,7.006751046594195,10.358861508552845,4.181006959214001,0.031091307747731004,0.011022939619903145,-7.196812047779112,2.1914165978460964,7.1251827164082115,10.84822963648861,3.986139400895939,0.06613605532947503,0.020848243403865794,-0.147587996418266,8.724232934226317,6.445933891893704
255,1548265928.03621,255175,4521,0.03072059197927989,3.328795544562639,2.0330734221020563,0.03464287945149482,0.012387252399575088,-2.644403083841655,-1.6171922191659986,-1.2135491065209396,2.9936352464776386,2.295038175888137,0.07671574823321824,0.027021192621227492,-0.8671635551794972,-2.7034377701772097,-0.9493700965908721,3.2224628235589057,2.0659523848184214,0.035311625120621665,0.012660873337090501,-2.5009073183162585,-1.5213356520113153,-1.3473184732388708,3.339963618539625,2.0976737915437873,0.03493555934111546,0.012508684657496414,-2.595040193419935,-1.7265496689498219,-1.2743967231222717,3.559639955340274,2.8066139891729116,0.09096663448304297,0.027760578519894146,-0.9303699231999603,-2.251206981602169,-2.595672464631364
257,1548265928.10294,256560,3479,0.027153236123211442,9.71989133787304,4.154556419955874,0.03180551426899542,0.011374897227957313,-9.645436114305223,0.026952237498660225,-1.2004679761700128,6.81781852882179,3.448830840318011,0.07269460501437251,0.02608677806320904,-6.48426961407439,-2.1059105632840147,0.04514159264003329,9.724739778364306,4.14358589240241,0.03237606632920818,0.011566831117121236,-9.620856578979618,-0.07323274401529518,-1.4157398803486545,9.721529627448994,4.154196254899376,0.03197652403323367,0.011425010025524407,-9.653010412304084,0.03837426697090119,-1.16640711050306,7.107432035439623,2.9063358416737373,0.07417963494493147,0.023688498005415486,-5.4545186589576735,4.517766253007046,-0.5946464669588861
258,1548265928.13631,254988,2139,0.02886267427772508,4.895434900101427,1.905276796085414,0.033843678536072626,0.012044992261732022,-4.4257753823749075,-1.3792372202881955,-1.5733721162099594,4.4392633784199464,2.305261369844614,0.07558793928676766,0.026670238664606803,-3.163017472685002,-3.0895325445506527,-0.3964447838378327,4.76696944634482,1.8864798190039285,0.03420121919233365,0.012164502494155155,-4.303527335902393,-1.280438929502963,-1.6012889556039505,4.908339652881635,1.9208010143996006,0.03396838003596038,0.012086223577201688,-4.43151736491483,-1.4155349920584608,-1.5667332880332638,4.0149323089888265,1.5805176718611924,0.07478619156311452,0.023536627829737988,-1.463600621769577,-0.4312812193003969,-3.713697776555978
260,1548265928.20300,255018,1576,0.028490921354713355,4.71183009065466,2.078036977577578,0.03369984277422787,0.011926315439144665,-4.087324130961883,-2.042744481857618,-1.1499214031818177,4.578670440580339,2.338021383067228,0.07303982814636062,0.025595653246071545,-3.0059506492443604,-3.4529372795725486,-0.0755502553913349,4.730227037863177,2.042294516373257,0.03406100824217119,0.01204999312105946,-4.1855218490610016,-1.9182022805871084,-1.0848754267266092,4.722294425915145,2.0806170018420738,0.03386409319827813,0.011972682818910663,-4.108343076138846,-2.056167445432707,-1.1116088110258522,5.010533781892453,1.7072172648199804,0.07767938078428423,0.024629177673467666,-4.915502710531178,-0.8757168337246906,-0.4200022730621083
262,1548265928.26974,255369,1036,0.023465112631188566,5.04205053378184,3.4610968093779277,0.028466835661768348,0.009930786921556085,-2.301196331986283,3.9720811608630733,2.085507199311304,2.690896912901536,2.4779272532911065,0.06556369960032639,0.02215485992964243,-1.2221710396592496,2.176250897490109,1.0055626170730199,4.998440099637674,3.430618136485644,0.0287736574372419,0.010035772378262394,-2.3603991271682965,3.8667863456822404,2.1120801942574086,5.038964020042202,3.4600545690300457,0.028511705687258866,0.009948264491159379,-2.3006105046248377,3.9739780931882964,2.0821826767698792,1.2212858386081333,3.0238391538110108,0.07340941091892454,0.023104261576916047,0.6254037186855662,1.0380699216455749,0.15106331789612798
264,1548265928.33649,257595,6950,0.028275331569272255,12.089704903676182,4.720728892066121,0.03626777375056502,0.012478224133396986,-12.064107441159527,-0.3837520102702555,0.6863021934576629,8.606996946475725,3.8275381846359338,0.08175517510889117,0.028021898912388023,-8.51001557593253,1.2866013982318316,0.06847025701763126,12.068225308781651,4.612730782621679,0.037471093509396515,0.012814155428706672,-12.033700455583036,-0.9098594362838371,-0.065354839330028,12.299293392851396,4.799505464300747,0.036785422352679883,0.012672857581758252,-12.254373324584087,-0.36961398879996044,0.8790714067505527,7.967428642602302,3.861631180526872,0.07966031178944705,0.02579496115879121,-7.88080683180418,-1.124789805168515,-0.3281017356508397
265,1548265928.36985,256849,11173,0.025962787348487216,8.542236462806722,4.3470660371415395,0.03363391702478091,0.011550935315207792,-8.481912091389782,-0.38501723118748155,0.937407484570738,7.248641651329461,3.639740841185278,0.07517647628908701,0.02552616640403697,-7.101581715319674,-0.7196153076022053,1.2619416543922117,8.355827456490891,4.191385666838782,0.035066915227877304,0.011848108825770908,-8.219397854260738,-1.3124599111838156,-0.7340302293205601,8.534064152443564,4.353025453071949,0.03422881330614466,0.011717388128453264,-8.474247257077998,-0.49249310088434106,0.9827309221445539,6.443433812317161,2.6964379365590863,0.09191994681503723,0.029233635862091434,-3.9588686455749036,-5.0082699488507165,-0.8731726405670451
267,1548265928.43659,258559,43626,0.02622991544668172,3.455301084737326,3.0084134477390365,0.03578069521963585,0.012116736308078092,-3.2861894701433734,-0.8488005257890523,0.6477669487755476,4.252827795861605,2.9422941919330405,0.07992000448593672,0.026911384684174394,-4.18799717736758,-0.11832044961993622,-0.7302220037878834,4.378167796031332,3.096463644897338,0.04117715279647305,0.013135249499827539,-3.170926011924486,-2.9783136733913502,-0.49318266392549803,3.383841408583237,2.9223701297808367,0.03877295030295944,0.01304644070071678,-3.0282842401033934,-1.3067347193295835,0.10920983503949139,1.749698316018367,2.6406414293716325,0.08726650161278637,0.02623861003664535,0.4408262000923787,1.4321700362883036,-0.9033301974071173
268,1548265928.46997,257448,41157,0.026184087452821636,12.809225817534006,5.960785547215419,0.034994079019358616,0.011953067933438866,-12.588505742816244,2.225563080440707,0.807872627733759,9.429610378688428,4.664983215540399,0.07860984304489248,0.026239142389996865,-9.3205463817228,0.9516199403431901,1.0674205025029986,12.92767744241145,6.001215633308418,0.0398637319025353,0.012820919718614186,-12.7914111866233,1.4993015602789757,-1.1210435946506556,12.908713124417034,6.00358374953122,0.03923634794833717,0.01282408557981331,-12.702278177172168,1.9624924696322288,-0.9974015805271906,7.601643657094869,4.242374956687512,0.08915785388662655,0.02863461804892938,-7.423545480257207,-1.210898939104748,-1.099855695661225
270,1548265928.53671,257469,42941,0.03168123064702771,5.9600212886187895,3.7805481330356554,0.04522090741303492,0.015114109699348748,-5.945387895585576,0.14821748623488534,-0.39018983660252743,5.2019329815712485,3.349780688235801,0.09810328794774538,0.03252495441661915,-5.097086550745617,0.3891916912772004,-0.9635067547286199,5.92459634253001,3.6570216802094606,0.051364907675248525,0.016250718975021384,-5.564295089373583,-1.839030004419509,-0.8703049023978858,5.93859202930909,3.6560563666649912,0.04858172224757064,0.01613878607536757,-5.8698259868378315,-0.49571578800683047,-0.6222269977487991,5.291745740544389,4.06200413350384,0.11613791531939839,0.033123613946310956,-4.17886213091211,-0.19175594136826393,3.2408199475361728
271,1548265928.57008,258192,20385,0.02417685165234695,8.897910859363147,6.862132824148328,0.03438578370264794,0.011659460949254024,-7.862579276284957,1.9580837305839902,3.6767611955808657,6.356647567546775,5.143944221177507,0.07428862226349413,0.025311845148148732,-5.871754703006096,-0.1030045505804667,2.432869718723925,9.005221722505674,7.0459046220376,0.03709948412797007,0.01234807301682498,-8.366013952826808,2.145483057956959,2.5496531647686678,9.234656803477968,7.113899544240031,0.036395473779941595,0.012329302852380791,-8.487074083015969,2.4022013969501472,2.860884394322073,3.6088652215039505,6.539216938031126,0.08071560502237923,0.024431056157128567,-0.8765328164893008,1.020160632116589,3.3488611039094427
272,1548265928.60345,257829,11394,0.02340322716838625,9.168310386759385,7.267412345670117,0.0337360961884004,0.011434242636942179,-6.010416565960445,2.501922703965124,6.455477583802155,6.079095246929854,5.2321688001849,0.07495764181918484,0.025428444758613906,-3.7554056061933405,2.1150912193387317,4.287040574579738,9.64888896974693,7.509503958731362,0.03491344506374542,0.011884351898808692,-6.75659292508522,2.2923407515643355,6.495743550503651,9.30719232874424,7.4208270466869575,0.034226472941952094,0.01164035870192455,-6.480002136067599,2.5333990539959474,6.194605176286351,4.945577024362351,5.871295573962039,0.08142194618239287,0.0254022371884551,2.0973097716192326,-2.9826285458669917,3.3412498833745747
274,1548265928.67019,260424,12060,0.041007045576411376,3.200842541433298,2.9494140316996496,0.05620327415172553,0.019358477120878213,-1.0635436813411496,2.9660837448674564,0.5626855528281615,3.5343603457686137,2.7447484401270064,0.11511210262696811,0.03951881205413822,-1.2957386448315975,-0.5980207481051284,3.233440211735388,3.009363270333005,2.9459527697189696,0.057634906413388094,0.020092739247733585,-1.203574820118946,2.674527296846951,0.6742245053582284,3.2208318124070185,3.115751079454465,0.058073636206442944,0.020251470790974738,-1.3839233026891287,2.7754666269919674,0.3656924112441686,15.981590645141628,3.190362146804744,0.16372238833348973,0.04893257654693001,12.810637241709747,7.18378234859746,-6.300165408795014
275,1548265928.70356,262251,10420,0.030215213875092618,10.846412003301785,8.506473331874444,0.04664075730387072,0.015792173765606477,-6.420278350349371,4.021359237438658,7.762303081745195,6.84756202126969,5.816862133893064,0.09950149386934498,0.03399256768529721,-4.048966758843971,-0.8725044960958995,5.452862525793589,10.847721501089874,8.384641093893377,0.047974709469575556,0.01645490169535461,-6.201219108591455,3.718860023297764,8.086286135152866,10.867219266887254,8.551450921542198,0.04742549051027504,0.016193547580583847,-6.538766834537808,3.9208136440482293,7.726172741439653,8.372247711407748,7.808151349801124,0.09770342299450045,0.032433210425615894,-5.395648393231665,2.345334506067655,5.956585952744846
277,1548265928.77028,261864,9456,0.03193045773274204,4.509454994485034,3.467279486307387,0.04602436654759691,0.015511950922606023,-0.7610688285680723,3.5889064227418648,2.6221573702335705,4.574399660346852,2.7320071648918742,0.10685304948644432,0.03527002300840955,-0.5201760773124219,-1.142033305888136,4.398898615496324,4.279127892178633,3.5573087480855,0.04731645024572141,0.016135882407484273,-1.0091550166366714,3.273650920262428,2.564322780439925,4.5647463618849535,3.5149718006056636,0.0468564654555429,0.015844570972401502,-0.831067354021203,3.6618186527681296,2.548975521120692,10.224259259940693,5.212188070768165,0.10097719990327489,0.030519704600581763,2.547929340194498,9.628233094754687,2.3109870109824597
278,1548265928.80365,262244,4033,0.041378119003886736,5.288545773963973,3.3216828988375826,0.06036843557125346,0.020180632850297222,-0.8366559587099519,4.938165895210107,1.6980108366706896,3.4034720189246768,2.753806659825356,0.12217297573596914,0.04126235517280159,-0.5739989813633646,-1.0542816972322635,3.18475070545217,5.435009677795944,3.501848658319869,0.06097978802654799,0.020569028491429872,-1.2666251449250425,5.127625692781058,1.2815793751113322,5.276312467713771,3.321989936208766,0.06063994662334332,0.020263542673944118,-0.9008923026755078,4.950095544439224,1.702689969559735,14.923383379011778,5.739437301730756,0.15382570371003626,0.04877472770926586,2.071975768425564,14.33831664299267,3.581475078414158
279,1548265928.83701,263165,3989,0.04204304684040869,5.590976295267524,2.901031526934301,0.07057018377498189,0.022743237981938204,-3.1739749848813203,1.7032647751061198,4.275954611016549,1.9799752352220126,4.379234968327429,0.13880718925211052,0.04397008436592055,-0.06171044179667931,1.884567429979275,0.6040689988130771,5.744528843412062,2.7237759327753874,0.07119739435409837,0.0230494376035771,-3.0302776093823542,1.4334620630319346,4.664999009294355,5.617416352992237,2.8953221085461034,0.07087837484667914,0.022864649837257358,-3.206932528299066,1.6547590680775102,4.262317254872734,8.321542242651965,4.066306370931278,0.12750656102646624,0.03996473783017276,1.9305896086254244,4.414778349392783,6.784587031282107
281,1548265928.90375,264039,13825,0.02521595757940169,2.9054858834435446,4.07501936999463,0.03857485031669666,0.012686069947900776,-0.6498969269546347,0.8729528918548249,2.693962778478377,3.500948969996334,3.064589090173743,0.08989053538347558,0.02924831930681946,0.36893448160610187,0.09646743580402223,3.480118542899053,2.9652807820067544,4.079412505435474,0.03990505868040888,0.013406954237029077,-1.1859599686313826,1.2979766960565289,2.387811878150499,2.745382576137472,4.1248709968099995,0.040544954671256496,0.013465905876723569,-0.8140741854012844,0.7032064802844732,2.5526966588489746,9.609529062586219,4.3817253297531105,0.09563566285192036,0.027127932537053957,9.483230273777952,1.5287216224358748,0.27276836379529856
282,1548265928.93712,262371,4516,0.03622311223219526,3.838392739204447,2.6061327356124564,0.050241814958080354,0.016860672530459874,2.5218802698553215,-0.05704179379413546,-2.893116824231717,3.4546217594917756,2.820089601782314,0.10779434867905086,0.035198674155493,0.3936592077152168,-3.2614557383325855,1.0688079323398239,3.7175630037490923,2.7189255354560715,0.05110246631251198,0.017215587325410956,2.53579865427607,-0.2034381274994837,-2.7108324920760323,3.8084215806726305,2.574942667316136,0.050579593732112384,0.016951445176727004,2.4934190550114463,0.0641751606412306,-2.902094522486233,5.974749319221366,3.0492349931501708,0.12564668537063958,0.03360291318497665,4.4587532762016995,3.877238274291377,-0.8855348744497922
284,1548265929.00387,261893,8132,0.03507060754796785,7.0717729301275964,3.1854259835049366,0.045896962545284574,0.01574535854086822,-6.90629263999922,0.9897980541929104,1.1547268758862268,6.956219117194664,3.5858718459971404,0.10186275114760833,0.03424892122709171,-4.784386453295166,-4.909525300353803,1.1811824571742133,7.256213281898061,3.290370577558991,0.048325308335364234,0.01627403235403101,-7.130163790816643,0.7419373544475383,1.1237991237745513,7.0729156180788735,3.2391390054951903,0.04675303138349948,0.01599660424179434,-6.915087723008737,0.8790928021553007,1.0524968587773573,2.3386093948587896,2.451408870755332,0.11170200525254977,0.031451127326125004,-2.044785807080431,1.000935742227989,-0.5348574995405115
285,1548265929.03724,262200,5847,0.023532856173824383,3.8366646062740006,3.097796423067819,0.029944959796700785,0.010353971208198878,-0.48129413778633934,-3.78924043705497,0.36056644901543167,6.228648856186912,2.928425986289952,0.0748803355439653,0.024453069223339938,-1.3365204160914463,-6.008636491095761,0.9518756583302785,3.9299880022991,3.157803284161161,0.03165721146605002,0.010743850671561101,-0.27208407688524827,-3.9101736743642825,0.2851627423575815,3.815309105876533,3.084836140793961,0.030335489827688647,0.010438519021352436,-0.4510856396317605,-3.785933556635209,0.20966638564113643,8.615935794729003,3.0143419340650324,0.07614769173040964,0.021550934634886422,-5.481671079953306,-6.617477140009779,0.6281943103403982
287,1548265929.10399,263583,89224,0.05987221178207561,7.69357993409827,2.8963051660706642,0.0809261727191288,0.02764703512221147,-3.8300674546021543,5.00315272211042,4.414772738748395,7.384629820985868,2.953308273246691,0.15557648778743624,0.05138462287571519,-5.582812526059958,4.833383207953222,-0.0580401321296134,15.026721919756177,3.0503732357421467,0.23515624863297588,0.06199439454944001,-13.157741838820188,-2.387121448217707,6.854039141126969,11.154750696935587,2.9805259141580382,0.18692211399523445,0.0517730579258155,-8.773419341213689,2.6816161453070224,5.186027235273519,3.573979664728694,2.594552466523646,0.1811855836533208,0.05155792849461777,1.7454733466772845,-2.2738686921450717,-2.1345197611678115
288,1548265929.13736,259006,90451,0.06774309620351743,2.671260071658517,2.2960753302128554,0.10280081748359261,0.03400699934012283,0.910184532949583,-2.1382120296261435,-1.3172865302501438,4.7219394057502875,3.192228526027607,0.17742673068654308,0.05701269012180846,-0.5201550972332316,-4.615952909971633,0.8480148343773658,7.019518881156366,2.3185249970841735,0.22017600777084828,0.05945841922104005,6.107691557714465,-1.3707306816612557,-3.176609286186555,2.9555286469398165,2.196201399843854,0.1923594678744605,0.054087341640533484,2.195637145521629,-0.24620818770472722,-1.2132539796319093,17.592331203747193,4.453430937721524,0.2014792891985029,0.06066695388949554,11.182796701494953,-8.329993727246784,-10.72596753768162
289,1548265929.17073,264917,93627,0.03494922317293394,11.40305480966282,3.9253988408267024,0.0626380404866271,0.021700574788618594,-4.908645158206164,-4.381356180552256,9.31335491228215,7.636237331875035,3.936337720191703,0.12997861203508157,0.043479131787525396,-3.8226788404805205,-5.015167134196276,4.306662940995263,7.970961228940865,5.235311331748255,0.14872375129094334,0.041411783911079025,3.490952782691845,-6.426524366965986,3.170056173490772,12.840403623899956,4.651783936580271,0.10506149661519759,0.03178172448381454,-4.408175969113549,-5.951363326614313,7.197053442728893,11.55515383608741,5.257088865353183,0.11007867461379639,0.03643078716844484,11.442705152178684,-0.31443244606966503,1.5770894752066655
291,1548265929.23746,264746,97769,0.03766910246814916,12.42271447187901,1.2715510490744062,0.06531151224971823,0.022792367103287373,-7.013351492908017,0.3679665426556941,10.247015971015323,6.45534633137848,1.6542213506462462,0.12722288488801448,0.04373246544955174,-4.566227143553761,-3.3434367059883865,3.105237015843393,9.986489032135353,1.6206142643747383,0.1436719411849914,0.04167123156631621,-5.761576958213064,0.9089549830559585,8.106046815947076,9.032652494212122,2.2086634013829896,0.127940469220541,0.037448168512387234,-3.112211693971126,1.0453922549694024,8.065205557174423,17.060255573359907,1.1177080258647112,0.12386107223048202,0.041490921909266086,-11.190471616776964,2.790255479763695,12.571401655349161
292,1548265929.27083,262238,93633,0.027785641235770972,11.91982128633318,4.776322068617098,0.04705455916605561,0.016907555910644943,-9.796266156162732,2.316049554832801,6.383668487265065,9.457137425464438,4.346836142186186,0.09261037572765196,0.033196070716725486,-7.341888821888188,5.3736580667146,2.580293741647751,11.534410254488602,4.1883283854633655,0.1073739756931067,0.030817262211815636,-8.942292999084565,4.013231716915356,6.08045944182836,12.243383142825515,4.188570628857668,0.09037193219184206,0.02687789771746519,-9.655592438139662,3.806278057514329,6.436613330409463,9.593010763859366,4.437264549036846,0.0869757790258634,0.02955721373231062,-7.164740623690535,3.9079096006428196,5.04188356311051
294,1548265929.33757,265811,97562,0.08148837125353058,15.92724501775774,2.6481804063468166,0.156971519289304,0.05497198097141792,-11.549393913119554,-1.5444091495684806,10.858334792868328,11.698770896296686,2.684729363111051,0.2602865143359084,0.09161631650596358,-10.610418602783868,0.6735618296751834,4.881246973811202,15.673757470764423,4.356743442986161,0.3586852248925257,0.10293001078614472,-7.092939039745825,-7.81440668984942,11.588439805100156,11.966293152153302,3.7007430326776163,0.325880259044699,0.09427984720110441,-4.8363832257581425,-4.110174205628901,10.14127344516586,11.101550275218537,2.307406210225187,0.24021920032993932,0.08243554106992154,-6.174331739833102,3.0859634311008177,8.694761398773561
295,1548265929.37095,256766,91688,0.05422418391601574,9.385643785524204,3.916768328549474,0.08485042884534369,0.0318451177763893,1.106655845523715,-5.191094882103516,7.740681884260325,10.136729501894647,4.821869573892745,0.1644595640825707,0.05994457451097033,1.1171819654462591,-7.641110964861273,6.566476427532484,7.343799298093162,3.7967505520658533,0.1825869683339699,0.05684053978972122,3.936913612278192,-4.1336036031361685,4.620110452388772,7.5928656600687265,3.507997266749621,0.15524576786559283,0.05091247833887505,1.263339837196221,-4.852054777826783,5.57407833253456,5.901198038409922,2.5058810824944953,0.15672355530271045,0.05247762399068368,1.120150233030528,-0.48815059824471946,5.77331020623421
296,1548265929.40431,261770,3794,0.031523134569174605,12.441211009765595,4.790998423108495,0.045387280760072805,0.017131130792058812,-9.135933863840323,3.6449765996757333,7.6179124051714195,11.464368914537044,4.79707256266129,0.09505532489703077,0.034941326454692764,-8.511092054298983,6.117933614601521,4.643700565193752,12.128278413649003,4.738385750227889,0.04624791106499834,0.01743070876154208,-9.062377560825567,3.353719704383102,7.329462079065703,12.52279966348252,4.798766690898968,0.04567802685782149,0.01723638681249881,-9.217204158333997,3.744514269458989,7.673967998769923,11.951891493608802,4.6326202744288425,0.07015132480937138,0.025367642274456245,-7.663239318636856,4.665693195463516,7.896440997443216
298,1548265929.47104,261475,88736,0.04047129224668453,3.1025673655880666,2.792023578687747,0.05612855106870937,0.020700541920048724,2.3276044580248323,0.8637115694994738,1.8606945127311358,3.6442203186777915,2.96664215316143,0.11963386063695261,0.042781716000503976,3.071119251877237,-1.9335460359364496,-0.33161423179276023,1.352035255694816,2.241181650881905,0.12510998659482608,0.03660788960513515,-0.6457797528847342,-1.1543529395816725,-0.2800663033730224,2.853903884902918,3.097056711592932,0.09729667666669845,0.030183187287235416,1.9205427888507385,1.4765113600478363,-0.4704830294090094,4.163057966547874,2.3273187598542497,0.13225026107680332,0.0381095560154408,1.2644421417104228,-3.008166778546772,-2.585182843736979
299,1548265929.50441,258492,3497,0.0356993928937449,6.4948378664480835,2.304684391631901,0.04705767712551724,0.0176930790680537,-1.0469215540039067,-2.99150227531595,5.669020048296657,7.183607076891184,3.6304420968142797,0.10104741707055276,0.036098992039816306,-1.1225789318294948,-5.864854389893596,3.9934333802280317,6.433525328730132,2.323002598567306,0.04751463281501672,0.017873848813560266,-0.8991218921768787,-2.995822207803679,5.621999402138951,6.452923455122853,2.2821027419248865,0.04724342667319852,0.01775581356659514,-1.1352802138858136,-2.9326985410158195,5.660116131170039,9.379466750011023,4.568672998667815,0.08597738417019095,0.02986363639803545,4.264265272784026,-8.28091461654039,-1.1031279669459184
301,1548265929.57115,258808,4971,0.048005337594184,6.200291820036894,1.9918739136319747,0.0640027697253146,0.023854228320616844,2.2844189683017664,1.5494184223955934,5.5519682260636785,5.254590350058124,3.111340928600551,0.12710031067635688,0.04593436891256511,2.4603889045505514,-3.3041765627421293,3.2618435626979574,6.649259824296497,2.097456850283565,0.06585477394016732,0.024434600672994064,2.6768563851742786,1.8174406665929586,5.808959074358272,6.40816917419817,1.9843763197174527,0.0649403180969179,0.02408892508565358,2.293743869981519,1.6274539031529764,5.675930670224569,5.530213287946025,1.2449593278577573,0.1233071093471695,0.042867537188004096,-2.0048788090767884,2.580828582130281,4.461282752835672
302,1548265929.60452,260384,93230,0.024978565330100365,10.488107311636016,6.335380146347112,0.03565754488270077,0.013223548527359671,-5.981637707106489,4.084804159848194,7.585168442229979,6.341446056605645,4.288680611811735,0.07726138992705656,0.028031724871147523,-4.557509192140339,-0.9778436660596527,4.299636009843464,10.328931647280939,7.997901323095273,0.07601976012321114,0.022984171663315664,-5.409573438973807,5.74566538131416,6.664133365151003,9.072594632285245,7.193886959206954,0.06307533085540129,0.020554867383842698,-4.724483564821616,4.725795281809632,5.643644020054447,3.3204970097223554,5.899004989691459,0.05708530381798472,0.020106285385079557,-0.6361078400748478,2.4361554536334395,2.1647664569422878
304,1548265929.67126,249248,4995,0.0775232315399438,4.76462902561695,2.16876602157424,0.10018874424455501,0.037705383654089215,2.0934925773665607,-2.3365690046202636,3.586003885512467,6.879032556133095,3.465541231910499,0.17160031572805828,0.0644227910841929,3.980432444831352,-4.789770641985574,2.921531046839316,4.68554944161193,2.135924840472686,0.10143759917331621,0.03813676300123743,2.081782019330163,-2.061558446048005,3.6565740751845346,4.729047129869123,2.142063162188312,0.10141456748326466,0.03818624730407674,2.1343790093787307,-2.236840373076694,3.65742976094782,3.023303876818403,1.191837691883476,0.2480251173784588,0.07210574109829468,-0.13738708736433344,2.9009739359693794,-0.8401436440496692
305,1548265929.70463,260997,3895,0.02566777610404799,14.499740173639966,6.095741191483613,0.03495879740384148,0.013142420188741134,-9.25480700698452,0.6622620296603143,11.142370545382574,11.341833700715144,4.485165862267251,0.07490823894313599,0.02862476751353922,-6.99651296087737,-5.305031171421071,7.179320465977514,14.656175700057386,6.148380108568766,0.03553248162038418,0.013365557804546959,-9.392518335301082,0.20970677447630762,11.249004780011623,14.514345580234691,6.07517226127627,0.03533023450948277,0.013276884757099167,-9.312385599546033,0.6893688482467358,11.142657617446154,12.040149022483323,6.523424408164145,0.0555551326354395,0.020243387905642195,-6.724063615955965,2.3318944311356753,9.711561426167355
306,1548265929.73799,259836,103799,0.044338769893746896,8.110255358123329,2.9650487004317925,0.06259491247787051,0.023961409478702192,2.087852451848273,-1.4443732496745976,7.702655388169962,7.847290619854367,3.917824137141001,0.12659554155200833,0.047248791867678615,2.0329661670270136,-4.660036729458696,5.977547684148888,6.984704064162031,2.925075465839598,0.14182021190639327,0.04459452728267028,3.640417359040502,2.9880402482057344,5.158010061159322,6.807566037492752,2.5964332587043577,0.1056027695281754,0.03664007963237806,1.2341328098422073,-1.2773153351189084,6.503467658564611,8.95355345961255,4.502635326967575,0.09978217742531831,0.03684324502298983,7.2553939426333045,-5.219973007122444,0.5265549318474811
308,1548265929.80473,257326,103975,0.034265915794749364,7.036154151895596,3.098116448188486,0.04617212827610633,0.018039458329446215,0.9129416166569764,-2.0534256666948276,6.6676417034190045,6.816076560229278,3.869817469377673,0.10068167706721409,0.03813287192051087,0.7359241783932544,-4.633585971512005,4.944410614337198,4.048989154382719,3.0118731147414763,0.10890403424209534,0.03482726203865227,3.791072053573626,0.719077590854593,1.2267898252156657,5.826889469365736,2.515458314515202,0.07749186806009976,0.02782334392154671,0.6361494119037246,-2.126449699081788,4.721739323259973,7.08088893864798,4.351307872087904,0.07123705604279755,0.02636312933136508,5.059890843141456,-4.888424918771046,0.7998716337630958
309,1548265929.83809,256927,107384,0.09115274959352239,8.965724756477607,1.3166523351481012,0.12410281821273873,0.04801794531811695,-3.126681535808468,-1.6219751641501035,8.244833506471196,7.849834126068706,2.237430245277203,0.20141531242443453,0.07815471660728655,-0.6748661446638181,-2.190167502089021,7.507837092423661,6.534119582723184,1.2778020804360648,0.26278581970360854,0.08680608991960222,-1.464967148946525,-1.0183451605161415,6.285822389145865,7.337293942014446,1.1643320984563426,0.22511792812349635,0.07644771630304253,-2.5330388913529402,-1.2966380774455946,6.8427358892360655,6.35070603042186,2.2629343835049434,0.27828020230773093,0.09746648608171404,1.207917120463334,-0.8522350083925834,6.176252812620144
311,1548265929.93818,260182,114058,0.054627579040039065,7.90862797469671,3.7692069061541886,0.07718885935981062,0.03105684109000627,2.953811629683346,-2.227074321469786,6.990102521791272,7.051799359336875,3.6324568141596436,0.14683422685907002,0.05840620859234391,1.473258657495012,-3.406976879557655,5.995822852171296,6.521422705677785,3.203893218642813,0.1682144561207634,0.058844505175953174,1.831663660298217,-1.0097815355743391,6.176916997344697,8.384926942873351,4.144008662560929,0.13462207711928137,0.05047971641199621,4.58831545904413,-1.7429417560542961,6.2212741389623405,7.902965081367687,4.30355168351057,0.1139763095693422,0.04549557428546918,5.916472088747542,-2.3817626972062307,4.6668427822870955
312,1548265929.97154,256177,113236,0.08265645605743127,6.911645368973739,2.6616434763458425,0.11429719558876354,0.04545679150093636,1.7914175123117395,-1.137803449281984,6.577770770849419,6.528148596938193,2.8036224248742365,0.19462107106407509,0.07751128099891683,1.1307228275126013,-1.516218248642111,6.248141500761058,8.057625116445548,3.155609418971854,0.24632634224327496,0.08713415975411809,3.7968855188495407,-0.8297015428924295,7.058369374270995,8.038242138532993,3.017466005122939,0.20509125609005907,0.0754752259263648,2.9443145043884873,-0.9027282565672248,7.113107826592277,4.865375898603519,2.3505010905168042,0.1719433873229545,0.06779869594100817,1.809069853596904,3.0049069011734892,3.37189611565938
313,1548265930.00491,261304,116600,0.027925303022681033,11.506428327268628,5.830876202862582,0.03743839037793842,0.015254600112759666,-6.191681557352353,2.9204291555814152,9.248354766667564,9.947766311966305,4.0473145712339935,0.08048868460693963,0.032144264508880735,-3.6521304485936064,4.1061330946308505,8.292145005553415,8.706735165302945,6.1289101088686575,0.08459323111367392,0.028272908313379464,-1.2261073777865696,-0.16523069166980264,8.618387131905282,7.274834006337571,6.054828710642737,0.06413607948492696,0.023888468414485435,-2.7741038754140974,2.0348300019146652,6.366239703176544,4.714094544311359,7.557712966800263,0.05435350606311153,0.021278163420658008,-4.009027125683426,-1.0536387537771486,2.2450466041442305
315,1548265930.07165,254338,118015,0.06065739216203705,11.096679562751875,6.362215352443729,0.08915561372454003,0.03671595183860951,8.254119061527408,-2.776454893146231,6.8772897323618265,11.296513739642505,6.7905191145740815,0.16673504735958256,0.06774162381567515,9.30906393763255,-4.042928413030919,4.960572660702427,6.064143311694709,4.335328771619381,0.18792183950955368,0.06575055348530595,2.2794852808670676,-1.9674663257293503,5.2637303517755445,8.03651893646939,5.102670897968148,0.1525652486018848,0.05759969203462123,4.8978152868002685,-3.1716029829852603,4.4801631263552535,10.767070395991537,5.2480502649425205,0.1352522895522186,0.059035018833422215,9.354280733152994,1.133606921250571,5.209814989583877
316,1548265930.10502,260913,124348,0.05009163358265653,6.556806365625379,3.436111509722053,0.05874730497535081,0.02455913381401282,3.45289724206094,-2.3222625820249334,5.0671793783327175,6.199468587032533,3.7277164764897193,0.11675812550993989,0.04788332181359943,3.5396924970207895,-2.6875747857722017,4.32214409281081,4.831544210493428,2.58970466444348,0.13874923548064338,0.04849526057067979,1.939521646633464,-1.075514736992078,4.292475193953442,4.895991845160292,3.0025134087632024,0.11409548986123011,0.041264459257686806,2.2816799021607803,-1.6556293602281238,3.9831776103666083,6.225520512293399,3.54557843938996,0.09855018602659495,0.03756515323931781,4.641906574364991,-2.7133450858695314,3.1380834037419425
318,1548265930.17176,258416,121473,0.05385193003234787,9.27916045400794,5.823642574851183,0.07336760210608023,0.03137964124858391,6.2656293945491255,-4.8455344704604695,4.833787616038397,9.442874483958745,5.857959369822918,0.1422554716920127,0.05946610541512677,8.06320846868687,-3.1899824212088075,3.7385237544616836,4.757217365313478,3.0023392854411717,0.15607253352472852,0.055826109394802335,1.4033920305291432,1.4033057182612083,4.323463996679374,6.481959152454467,4.534083457067357,0.1356795820288706,0.05076577056207292,3.6099930869567327,-3.406474515161599,3.5285459594343,7.332102227205739,4.1527482997334735,0.12573678095174534,0.053152224463410634,6.518690009020877,-0.17723018374025787,3.351864122911033
319,1548265930.20511,258432,5972,0.04495122020245921,8.557491755496121,4.888315805144775,0.05459028130966125,0.023671021664124194,7.049234132701216,-2.998887224292701,3.813874500258006,7.551019849399572,4.5838249566306475,0.11119947549671472,0.04663908480275334,6.4529858077910305,-2.4311049110311784,3.0767846596786663,8.011724849117105,4.653225784445116,0.05593965882097543,0.024193259599802987,6.60005675795767,-2.3873830356018577,3.8635978169341376,8.17722884614789,4.733216047833928,0.05631927423519721,0.024280137112018214,6.799324577935608,-2.500206613727885,3.864546631452642,11.207446328099321,5.839914611263161,0.0788722861795685,0.033449060590731376,9.875615210852654,-4.9151553234307395,1.9799811996463785
321,1548265930.27185,261537,123068,0.04838283161160397,3.5254287099665986,2.6524031758285678,0.05957907869424642,0.026017689311627512,2.2796409563178797,-1.1209232147443977,2.4444663724383577,4.1918362229096715,3.2218912488034848,0.11866414877165203,0.05115240871503141,3.4793673066738444,-1.3892923997142843,1.8802554861089882,6.133443815045105,1.7681195560884582,0.12890659862259513,0.0476681032687883,-0.9250032495460014,4.672249614763165,3.8643997668447616,4.293575897434858,2.2037107173672865,0.10938213125575022,0.041537726905300734,1.1215129339343868,1.222919127794924,3.0707243305179266,4.834078139652505,1.9694688781381133,0.08687762031598609,0.03662213059794551,1.0917099556396794,2.8056061195399176,3.782202418568261
322,1548265930.30522,261803,121445,0.047095808011073916,8.343863886055068,4.980319228815846,0.05721387432112464,0.025132823082103045,7.304976556369205,-3.2249720783188645,2.420110979681306,7.591019738774014,4.776538614114571,0.11641953616233812,0.049701616950197036,6.749694113016554,-2.813806715868894,2.036590734756856,8.290862041932595,4.1965538733774,0.12711635726571058,0.04752589171669589,6.712943614989956,3.824259572258144,3.0082918981236224,7.4729278096553085,4.247246746197726,0.09887225376564582,0.038065053146961625,6.700359412387207,2.1252380431497926,2.603897813007185,9.69001756749878,5.283871918999577,0.08537372695259852,0.0356982753651155,8.329378595906043,-4.913636264375705,-0.6116137064432107
323,1548265930.33859,262005,5547,0.05336282283584741,5.309978170216512,3.529921725481328,0.07008781296874174,0.030523251248238955,3.8123910693987924,-1.5466741895839595,3.3569839817042673,6.404274910342693,4.362601828364471,0.13705529084694362,0.058752871954598995,5.508869041890334,-1.9830965543972356,2.5950774675305914,5.621429491256982,3.7073547096256614,0.07212452732919314,0.03138067454504749,4.124367813447079,-1.5278334098652353,3.5008262933591925,5.274197752106464,3.5382524897158696,0.07119565364411037,0.030966527204826687,3.7855535102377056,-1.4787465844483734,3.3942138651061615,4.972824863386802,3.3273612026505077,0.09356313619179311,0.04065987963562647,4.129611328478158,-2.561499853863256,1.05546951461487
325,1548265930.40533,263857,116087,0.05981322628318069,8.091091160426991,2.5285101957940235,0.08593325621608568,0.03760511688903605,-0.03223255204876563,1.530667381047407,7.944921308453954,6.19521662822703,3.4725561791521162,0.16387683408045803,0.07043799150573521,1.4405842693925286,-2.615869110152227,5.42795125549142,4.863271420722821,3.0267518906789745,0.1779929001222595,0.06827854650116537,2.0669732310067563,2.4916324015512363,3.6291594825056768,6.179412228588474,3.837918673163606,0.1466893112241308,0.058758041461996154,3.1542055529327975,-1.9623690391003747,4.204117376655989,12.490027103062936,1.6220844139710024,0.11803392268600074,0.05278413840102351,-4.21162351310006,2.0472092004374733,11.578943773453327
326,1548265930.43870,263506,114496,0.044868645198108896,10.208639784402095,6.611365459983228,0.0618864122802833,0.027798597920178535,9.306817321971227,-3.4460475105569985,2.392537175911267,10.16185339429436,6.570892244427411,0.12738484069394923,0.05569399189566845,9.527768206170013,-2.885298933882718,2.0395949300689336,7.740927707729966,5.236706949199321,0.12541043303365804,0.049727356722423434,6.80742412272407,0.924046999513165,3.567502730531072,7.128360084701189,5.346990781089108,0.1129262092251116,0.045810964239950014,6.579806296552446,-0.5413942871327182,2.9695937078637287,10.213226000152847,6.441351532181753,0.10231886971100276,0.045242927189785,10.005849125040683,-2.0126107578125256,0.3773149276903745
328,1548265930.50543,260287,120251,0.06907375653033633,11.863209214555063,7.257436453878495,0.0914218191190373,0.04162408124655356,9.789604564372649,-6.700597052903028,-0.03707392811085621,13.195112348065502,7.960160413120557,0.16308713464630917,0.07376031962525506,10.78659056213954,-7.590847345084267,-0.3734842787320953,9.093223895001387,5.6820060699376835,0.17737186845614633,0.07129373885904448,8.52259606653129,-1.4314645281892768,2.8289550006858355,10.512334851882528,6.582157559413446,0.1456400306311218,0.061664772782222654,9.374808402922522,-4.088019176542739,-0.24752246201450495,10.525295647954199,6.6741729554406115,0.1349234227609159,0.06162663183841282,7.178396202359182,-7.508101282231835,-1.6973189371911113
329,1548265930.53879,264345,19624,0.05277165487289269,8.296211229446795,5.463026593777284,0.0626205965950479,0.02897489545941512,6.854020607141304,-4.236859042105946,1.9744740408034132,8.527437182167775,5.879858278947478,0.12293611427333792,0.055707443001043355,6.6638086391308,-4.826186824532491,2.2402589251182916,8.24132294412076,5.465924313908005,0.06845484289354709,0.03162165030489523,6.850244424826063,-4.146481777947364,1.949421466635989,8.36164556429851,5.4127219077862785,0.06656205185952507,0.03097004308700333,7.192208328370707,-3.8935696744460655,1.9566562605836242,8.450662575607534,5.938780542448446,0.10485559880938645,0.04671887728584768,4.9382005599402214,-6.272241884533042,2.7725177976866564
330,1548265930.57216,261697,18640,0.062475836712412317,9.887553208219087,6.279090341332035,0.07607499929642075,0.03494059266213953,8.030875684029029,-5.72113985171415,-0.7330095430231424,9.780499546706718,6.303460003885027,0.13774589401225765,0.06255454240584496,7.965095944452916,-5.623953815997142,-0.765873001431206,9.647963154086815,6.078658581228875,0.0825349696415562,0.03807224728284663,8.04243624644294,-5.285660066796394,-0.6813295111702978,10.130907479903048,6.41231267440482,0.08073264956954042,0.03740902804811477,8.089610336316015,-6.000606552100587,-0.8051683996942935,11.000549059775551,5.368162864576588,0.17888669535444052,0.0788025508158642,10.46396968414507,2.4165459595485195,2.382797450731258
332,1548265930.63894,263919,18219,0.05173802393438067,4.581329551379892,3.664426947155815,0.05284885982314124,0.024872930277133328,0.8488748370117529,-4.400871895605146,-0.9488511621470063,4.783280257539866,3.8594661442312814,0.10032252196530593,0.04582747077794393,-0.2498704263346507,-4.7714199674303925,0.2255798896633646,4.580703196177732,3.61692214719315,0.05775506054170668,0.027108954982120365,1.1647924936424077,-4.310728335767964,-1.021626856261302,4.504561952490498,3.6041363595854454,0.056790896036131,0.026679823338846324,1.0995453003266542,-4.270155132501822,-1.1290404945514885,4.178446893633023,3.458612584158533,0.10129247399230626,0.04592464138385538,1.2614939981970983,-3.3103637101872887,-2.215748957282664
333,1548265930.67230,262209,21069,0.07485207432010639,3.055541624983174,2.5844153142981914,0.0888400421685417,0.04153543558305655,2.6747831670381217,-0.6965356171792243,1.3025773548373578,5.427663797190443,4.119114938863257,0.15270950423377247,0.07136517261021322,4.9329891102983625,-1.8682143839012004,1.2786429324851447,3.2009787607900955,2.760518966939934,0.09836704370755456,0.04557636646389517,2.6962974483205424,-1.4151255560564477,0.9867445250952027,3.222653337973181,2.7932273305209896,0.09538426931267363,0.04547470008586594,2.668495461182795,-1.0204137588328235,1.2437102550698997,3.0916925191408557,1.5588408267716178,0.13667593445567727,0.06437688146856067,1.043533379754518,2.6799668349656085,-1.1346270231816546
335,1548265930.73904,263848,21414,0.03564535731853086,7.086487303775436,5.360990828235154,0.03794498605419067,0.01834876569983555,5.277952234495364,-4.663178937276898,0.785038034679175,5.320256539712394,4.428861329520021,0.0813872213606438,0.03844280219088577,3.9078599686545683,-3.397491502882019,1.220987961277299,7.111341025778843,5.41782694506604,0.04260481420926872,0.020254809198833046,5.631934865789744,-4.3321786690427615,0.2910478172363364,7.187981811049962,5.439616270752634,0.040439308861824716,0.019699721036475482,5.477169565693943,-4.625948755602448,0.5857952130370889,8.945748462117738,6.3726726537885146,0.0650421670656728,0.03189814729730022,6.693861444906316,-5.809235427467035,-1.2130203016192551
336,1548265930.77241,261512,16583,0.0591122588951321,3.3368283950027178,3.2542837401777525,0.070126459187168,0.03412078038589679,2.135342697641253,-2.483980721047469,0.6360621658227156,6.222265215748426,4.916448003115194,0.1302285932635249,0.06292159361279338,4.645871415711274,-4.102319271469382,0.5508536999246237,3.2945856718474573,3.2627572019810787,0.07887788486247717,0.03751983456098683,1.6151829730840037,-2.8523568448574013,0.3309669805240574,3.2962538473151075,3.314928804747081,0.07896908787666247,0.03770052795661141,1.8413593123543368,-2.7895094539104006,0.2904967582443859,4.287571913177539,3.8068749169396017,0.09797663078909943,0.0483673234963804,1.8099576564243567,-3.8855101225505195,-0.10068406118740565
338,1548265930.83915,264805,32570,0.04177182097852839,5.911999739185483,2.582661533157595,0.05180728837402623,0.02495388222907953,-4.195144844695711,3.724674787331524,-1.8652877463729534,5.202810329190174,2.919307560053166,0.10105397249692744,0.049229174177506344,-2.787327107658186,3.9349354183851117,-1.9535419549065758,7.1632443902103144,2.304027121939385,0.06052487252082296,0.02868787129064546,-6.0619575834457935,3.459560906046562,-1.6112662063538323,6.461827421743308,2.353862122843407,0.05881575325248122,0.028060128839147082,-5.258727529484004,3.570596290253478,-0.8568852234982559,7.552595958312954,3.8318500965737323,0.07612495954789558,0.03824288536554871,-4.6505258929198146,5.613314592611729,1.976110804884116
339,1548265930.87252,261498,17035,0.033582915354378115,4.3081399260767625,7.744097213600222,0.044282993387690414,0.02230078137447397,3.2871107242828406,-2.7691762275596803,-0.29433948032802765,5.515178214204047,7.0296421926281365,0.0964278456925063,0.04745451828810602,5.417386610822402,-0.7798638086465322,-0.6789149308097687,5.279819852947174,7.84811751765261,0.05080743664746922,0.024731646353103518,4.336789846478937,2.174440978959345,-2.0834005702395877,5.284617837767069,8.273981206094293,0.04979731788631207,0.02447690447723356,4.754067288997517,0.4950745012620717,-2.11350981322927,10.00511751150565,9.047967650495476,0.07545806945720603,0.03773142496091274,8.39618691887878,-0.03790679606921911,-5.4410462888214495
340,1548265930.90586,263462,33065,0.07030553664547236,4.157465768174055,3.30761421318806,0.07313954223410923,0.03676308644531919,1.8784512181783732,-3.5770496411637627,0.9801318784293611,7.150084313704724,5.197637729808497,0.12820054859597615,0.0640687778686255,4.662767513398008,-5.365542155883027,0.7702351475547112,3.895922424592617,3.1970770988790185,0.08641756519483358,0.04227088451206688,0.71511211902996,-3.802023980613816,0.45982588715465944,3.997245906804567,3.2916853024294808,0.08437283977641752,0.04155176946012375,1.504391644324897,-3.644347499768247,0.32315353782355827,6.357551928433977,5.014104066854204,0.11640363245035404,0.059096339383508674,2.4262979482154736,-5.863850548435175,-0.38314688415339576
342,1548265930.97260,262462,38051,0.05916007573512852,8.189902513204162,6.395300509745487,0.07225325056328025,0.03710951276029884,6.722779509236824,-4.672694345594419,0.21134426565035658,11.481742432464126,8.196589719994536,0.13328855140785184,0.06766622763366528,9.725576543299978,-6.069337090866765,-0.6377440421434044,7.3781971223011915,5.950737816835068,0.0884001374918217,0.04398817085780119,6.504305902076965,-3.2402368996920674,-1.2777567615216436,8.085624696621291,6.403664141158748,0.08612863071765428,0.04308644263655473,7.027809699400075,-3.727213683484391,-1.3912603988217693,14.502371487125204,8.554504345187823,0.11546401978752889,0.057180521161644286,13.080162152856985,-2.7046093693638857,-5.649179140786645
343,1548265931.00597,264936,40147,0.0623301895650073,3.764181215841505,1.8083678712615707,0.07086008602397952,0.036349484372766284,-1.0248924643379405,0.42168644460815746,3.59733737709866,4.003150813459984,4.202303192490223,0.12777265525922046,0.06537318284971529,1.662216230111815,-2.996420949807939,2.0697137800213548,5.579800547701199,1.1437971202033765,0.08578914804394407,0.04239390966152026,-2.557129728230247,1.932774352400825,4.567236035922522,5.181482429064554,1.2677678239004564,0.08322338171481533,0.04147331342306765,-2.2895470164214995,1.4995202413824005,4.377236683292134,9.424612656786696,1.9812019618079464,0.11476318030154145,0.05934633101796305,-4.767369135677143,3.9588664966143186,7.10090778116725
345,1548265931.07270,265711,42173,0.05416495240850157,6.118211338342111,5.783315895353531,0.06709854986696874,0.03507050786268026,5.79446520874932,0.20336679788277964,1.953285660299226,7.580388416547221,6.895163157180616,0.12242593062752267,0.06369839372242223,7.212365477756611,-2.2664032856790475,0.5545168235961323,6.972076415569401,5.575584538556036,0.08512101275322152,0.042839059637438316,5.47065748390609,3.8737207861139598,1.9173011003882479,6.371378329079657,5.694761711305674,0.08114299570960945,0.04133477993163078,5.825413511774649,2.2688861887698346,1.7793707653054147,9.863240794587647,7.7114070594898125,0.10949217167357674,0.05548065946914889,9.439319885582924,2.408332261044084,1.5435980014469566
346,1548265931.10607,267207,43682,0.054201591487520996,4.522189126326369,4.1374658337282915,0.06399075312805089,0.033335493748355614,3.8864043303300857,0.4343669943743583,2.2709868316778485,6.838754039408196,5.96205514410418,0.11904473347743487,0.06157906524682188,6.27261839279883,-2.450544790146817,1.190649210022842,5.103233960567573,3.6225320591097567,0.07999269361819422,0.040125666862583204,3.1138666552445238,2.8720605052571337,2.8457160370965715,4.947172216510208,3.8843776677618416,0.07499302774386965,0.03818456335393172,3.558169540802987,1.4500159680611715,2.740866304833463,4.719286289115313,2.0481686842693065,0.10723940308372241,0.05588701899161908,-0.9345160412079236,2.809252768968764,3.6751111176940188
347,1548265931.13944,267235,33703,0.06905874010432979,4.84071447110864,4.184485984855998,0.08903671688684069,0.046513841268975877,2.8052980214734506,2.165827205001056,3.297273437189439,6.505808327856677,6.346983433068252,0.1515648153330758,0.07943417806783791,6.312946467135936,-1.0142630273002933,1.201465527319377,6.38613938961657,4.03436743465354,0.11117749344493706,0.05547285061080381,2.289521173229613,4.2669797638918805,4.163382374402185,6.1934828056795475,4.031342935195033,0.10734916326891439,0.053957450712864174,2.3504777767044085,4.004717940145805,4.009298542504844,6.238935277350632,3.719465357562238,0.12382243949329072,0.06746899723713409,1.9331493860308442,3.637061384185518,4.686046450252633
349,1548265931.20618,267407,35769,0.09483646860540718,1.4741204476537662,1.8956803446510655,0.11059556790575469,0.05885386732995231,1.06008707808708,0.5974835527432756,0.8320215653845825,7.088282833758676,5.688955034373773,0.17315957574463506,0.09248780675455115,6.725143235935088,-2.2066700539410227,-0.3831569659478942,2.681764202986332,2.0153821672101957,0.13987271809458135,0.0707477201087037,1.507413866317109,1.817147290327147,1.2718248312210798,1.8052750477563428,1.9886828291113399,0.12921769571604946,0.06657857461660209,1.2906836442838088,1.3047794622060234,0.5093066508679618,2.8787296256174986,2.978248816437022,0.17359657031885767,0.09518430879754133,2.6111808513629717,-0.953941133549409,0.7475393853207177
350,1548265931.23955,267493,3836,0.056740545656095424,8.111986022627264,6.796177504301139,0.06977412089710962,0.037662567396188194,4.766845231586664,-6.417647152597282,-1.3767021443142915,6.697595567802675,6.206207773764539,0.12416011750970225,0.06543783662082063,4.202641744001733,-5.155713289919421,-0.783715020637197,8.381138305151499,6.943070196379973,0.07045713354726038,0.03805829277195084,4.59078887739891,-6.861255904260771,-1.4461342224962772,8.055663379368829,6.743116471210045,0.07038608874566826,0.03802614609290553,4.773025468219541,-6.373774786533515,-1.4012371852886227,8.75343566230532,7.187392665099501,0.1014477310443985,0.05494066433817973,5.896621649399823,-6.4660123789154795,-0.20778097521112418
352,1548265931.30629,267267,6090,0.0830812356693805,3.6806877732487604,3.964692514174196,0.11178529312138497,0.06061136916354383,3.030083821053427,1.4248262127054379,1.5283732479733672,9.396384414637174,7.945710660554628,0.17927622412787397,0.09693382347389175,9.223992376853298,-1.6553356979128981,0.6854694935618054,3.702335765349456,4.039625070332417,0.11313047325085618,0.06153459292170466,3.0800266533276033,1.3383360571635756,1.5587118182246391,3.5483101443447937,3.891864241789462,0.11321536686811763,0.061583056085709714,2.908061880399079,1.2848823378845295,1.5006615047676664,7.959159006090661,6.392727744736182,0.16795990642282832,0.09173972614361663,7.731781687882034,1.5427301628656758,1.0898383640478864
355,1548265931.40640,268557,2498,0.10042073713447214,3.3185522223347825,3.8692000156498287,0.13250139126467025,0.07285110547022174,-0.2303427357870104,2.499176819033525,2.1711394021662342,4.205574889557525,5.895796548936708,0.20114325902246905,0.11087019762990336,3.4981635534728373,2.2942375405388935,0.43149277214471543,3.36920174639071,4.017841242270459,0.13378790710375008,0.07341232899240728,0.08215982116058222,2.4999805940902347,2.2571812512160623,3.2991573670973273,3.8540384898942546,0.13307931931389072,0.07317541953847681,-0.2690787444490679,2.497455779938793,2.1113805859177255,6.705528457559691,3.07372896595603,0.18487826069467084,0.10448403591537739,-2.620576228752969,4.455959306875016,4.27096227797807
357,1548265931.47314,268464,3085,0.11139475685290637,1.30285210257184,3.2304239293148647,0.1292993979577115,0.07230321401037276,0.8721960381895915,-0.506119384651845,0.8249489927394803,5.582664926472481,6.17775794004394,0.1907852447238884,0.10657845672902701,5.247525290878243,-1.9051562333849892,0.0023935859131933236,1.2256211333166194,3.2190565940575766,0.1303005964766697,0.07274524608995668,0.7649343237767643,-0.5750313293984531,0.765742523927427,1.2802494812747685,3.220252871082921,0.1297134268809102,0.07256000038711662,0.8818205076804813,-0.43787125598468246,0.8205158968397647,4.542067059396231,2.6582875658233096,0.21533573990134836,0.11951861270301121,-2.0660337782231726,1.7072322615640436,3.667047259631123
359,1548265931.53986,267870,2853,0.07895959178265322,5.725561016108421,6.453251293169553,0.08450101978115074,0.048224288121279296,5.483446883508662,-1.4456967654553026,-0.7898228201766073,6.892377582961215,7.29882710061176,0.13523738179481537,0.07688898951698028,6.541516418935625,-1.945249420273032,-0.9640728083652902,5.4711097250608685,6.343423712140996,0.08496613245934397,0.048603711304452936,5.234242706936055,-1.3870034457770755,-0.7822827813168651,5.727827000967887,6.449467770009923,0.08484811955218435,0.04841331299630507,5.488127001622038,-1.429737227628065,-0.796662880148838,6.35490540263898,5.7264804810941685,0.13467060304571968,0.07590692263086443,5.658926285400949,1.5398110081260727,-2.4475207929948386
360,1548265931.57324,268896,3489,0.11050559731222194,1.7664431534073963,3.341692485765989,0.11272685414855464,0.06401639830813972,1.6541858766128972,-0.5183546239074474,-0.339557040433645,5.689045810102534,5.611577949767026,0.16647580599658904,0.09466490415718791,5.246657330323414,-1.7280843183258436,-1.3607180737996742,1.9846574561803858,3.4989540008203925,0.1137836987946111,0.06460422526873279,1.8753370490743853,-0.5572533245042142,-0.3338336458033808,1.9216801907590937,3.4228816046782544,0.11314056628139742,0.06423378178241,1.763938061742864,-0.6819500192965378,-0.3690455522559313,6.74312267923791,1.8707403613348847,0.1980545047333864,0.11362445913385132,-3.833835751430117,2.147651096080913,5.114587145392223
362,1548265931.63998,267512,7857,0.07271592062722743,3.932434446174914,5.866828927607867,0.0758420210014249,0.0437092209136253,3.9203957903660878,-0.3066143385488338,0.022916538550177733,4.009229188782773,6.03963187489693,0.12321910507480897,0.07075060792997108,3.8978995052666274,-0.9376184894438346,-0.03420092517771522,3.526674289381898,5.760808020224354,0.0774846278820304,0.04461635696938815,3.5202116999787276,-0.16161818235325487,0.13935814957519113,3.856893255390662,5.788838363337707,0.07679157860410017,0.044291816258661326,3.827593211014047,-0.45386016545519176,-0.01395734402620389,3.335604187514008,5.29390696468417,0.12956668598474488,0.07679966165018018,3.3166663493703683,0.34602580351787404,-0.07903015889539095
363,1548265931.67331,268033,175742,0.07344473529427799,3.5929065868987555,3.6700699417634923,0.07299810201799897,0.04198854462461867,0.8349337090844764,3.4377514572733343,-0.6274777777977241,3.311699784517267,3.5996352177792392,0.1199757543763366,0.06936696720045134,0.025470048798216016,3.269812661754687,-0.5244348352413833,11.398672907926722,6.13642093187956,0.2800722522779397,0.14050784487485138,-3.636244389643631,10.802261433678572,0.1364504274394925,4.201439034889422,4.024615397641653,0.17531448635676553,0.09459409042748444,-0.6040636616618467,3.713568361822236,-0.3258574503039161,4.30994694326183,3.9641933076890976,0.1295381506111053,0.07619416102800566,0.8505242182208906,4.14680608393059,-0.8100929022204685
364,1548265931.70668,265503,2848,0.08344893342137669,4.742311072848286,2.7189365093250224,0.09306187286765688,0.054209635020597335,-3.4389759013819665,-2.6079871959940624,-1.965034820786791,2.353042115160098,2.8479994874038854,0.1426563698067111,0.08343408227679447,-1.049489553533674,-1.5202899919014783,-1.4574282875205218,5.0014061806328725,2.850477282821118,0.09347745846274262,0.05459318547585126,-3.601732122478975,-2.8628119356982924,-1.9610959493097704,4.859537918933064,2.778627225832665,0.09361149227997556,0.054576319629938294,-3.416072355159742,-2.7009754584763392,-1.9968182884534245,3.1224732474864525,3.241643527597189,0.1561907412319971,0.09355954261201087,-1.2177056689788963,-2.855336207227121,-0.3377680101831553
367,1548265931.80679,264988,3411,0.04815905291647573,4.260723238581269,7.54837899377479,0.050093865282370004,0.0291570490818427,4.251760241313105,0.02299009887447033,-0.2752613694824166,2.370665030289858,5.903461074711562,0.08820495869262988,0.05078426831423103,2.3017373275832407,0.5592456899968669,0.0964480112241923,4.348724171270854,7.584326043245274,0.05044260559126989,0.029449944841996333,4.338896431072096,0.049874618715858215,-0.2879100564988081,4.257038886628328,7.545500697712231,0.05034940472340266,0.02930359960873266,4.250510375940699,0.03140204668511896,-0.2760722604840475,7.637358985936458,8.925082145522575,0.08136928254184209,0.0482813761254435,7.293472078249745,0.4233055596180989,-2.2260569909712826
369,1548265931.87353,262257,4107,0.12139218362813677,6.112055767645054,4.448584286296568,0.11360217666408778,0.06584893001760259,0.9371414113874991,-4.602856386696678,-3.910588800335753,5.787171459836669,4.239048255108128,0.1630923820200505,0.09416868121119963,2.1942693483977393,-3.28443704196661,-4.229540028134014,6.3645727287409954,4.55627682209408,0.11498940845599988,0.06697583192992362,0.8084705157599081,-4.826066542704441,-4.069796453137344,6.115016412978514,4.407765049048782,0.11491282574371608,0.06677652016782022,0.8280036636697683,-4.573454832408361,-3.9712312807768813,7.6085814336576,4.73300773310578,0.1757527317538438,0.10164002511405493,3.711269766802292,-3.7669711484097053,-5.4705499282674745
370,1548265931.90693,265500,7306,0.05545848891167388,2.43814666485227,2.202739489417664,0.057163543442929794,0.03288654350812141,-2.003959146013743,-0.4176009799038291,1.3245060671893805,2.639715363455484,1.7507801005558439,0.09386065998760416,0.054385830508243596,-1.1750922413518177,-2.277347071654748,0.6332027634203973,2.404191761690633,2.4242224750269727,0.05889997624648432,0.03395350194647624,-2.1360112060154046,-0.2551087147515311,1.0735519076484143,2.6838837551910437,2.240041702406112,0.05844847370991789,0.03370668502363078,-2.362497727056322,-0.5859238223293359,1.1929366923951517,5.197583276611011,2.328034654978116,0.08295753430350104,0.048319336538488716,-4.415916549984204,-2.4157765857018068,1.2955988688081634
372,1548265931.97367,267006,1191,0.01806617271057391,7.134422494772166,2.880672703489791,0.017851338038090917,0.010372978122187553,-1.528695065160432,-3.1649136457725526,-6.208574501966449,6.24188601185938,2.1759277167585696,0.032365958759970795,0.018439660309793677,-1.7214983354265387,-2.446315552201426,-5.478423558399522,7.124661715909926,2.892617415246065,0.017930990242212282,0.010429272858713529,-1.5162908714320589,-3.1808432574350975,-6.192245370703107,7.132860039495334,2.8834848374380093,0.017891895998999464,0.010401984833410937,-1.5234850155100583,-3.16360951821947,-6.20592317472296,7.182466129973975,2.4734634587453854,0.025591601211213805,0.015142214676223278,-1.3098904584863216,-2.4414103765950674,-6.626576949530109
373,1548265932.00704,262245,3818,0.039089995530638,2.0373606806987508,4.022825637069653,0.04217035007077018,0.0243375214775552,0.5415009725781165,-1.786111731515393,-0.8169578462180994,3.3034910705737826,3.971401790290235,0.0778378545614477,0.04507039600501024,2.0084975940173426,-2.261262223067971,-1.3287903622140536,2.0213417084928476,4.276789927287723,0.04261675186288197,0.024699736590164566,-0.03186072697688451,-1.74090325043449,-1.026675737122445,2.080626061910306,4.032673202766498,0.04269607123796981,0.024628276291138618,0.5408950094983155,-1.8342432356624279,-0.7885229604660375,4.124183724868169,4.935502966202173,0.05856562234218302,0.034239731469896506,-1.839185833404199,-3.5521595888601074,-1.0042156750130826
374,1548265932.04040,265076,1256,0.1016871807823923,1.4321178548516975,2.2088698494422965,0.08446158251399415,0.04885801077960074,0.1584747841865346,1.387645158095042,-0.31668313529053854,1.7225181941590362,2.3074257943207854,0.1290650949542474,0.07458335579619113,-0.5466663862173455,1.5000162983713328,-0.6466652116894337,1.454033932333666,2.222296033587356,0.08493897378147788,0.04916061064218626,0.07332150225838713,1.4311511362752205,-0.24626217497297873,1.4614328122108138,2.2267743412195067,0.08480773233507655,0.04906510981816297,0.13291586837708,1.4126876038354728,-0.31474681491409073,2.5871016473931103,2.102327392460827,0.12043265521342991,0.07044315986017831,-2.2793085868376903,1.2080415736670993,0.19617047740175672
376,1548265932.10714,263592,3647,0.026054596935620677,5.158709463614392,3.707731977759501,0.028021480689186338,0.016328317342803014,-0.1697595595877716,-1.3397554523877133,-4.978807121159711,4.529909974056125,2.4514372498258132,0.052764675202681285,0.03083307436121431,1.4113953452534138,-1.2349905964850691,-4.12345071257601,5.292791285373714,3.623615250706154,0.028713393879547498,0.016835878526659426,-0.01250840443838543,-1.3235318092535626,-5.124621613372087,5.157971966559868,3.70028593419837,0.02816204056352376,0.016436462006304227,-0.1607315429190625,-1.3390087993486812,-4.978377789084377,5.401094050625263,3.4264902329191886,0.03787242027137061,0.02205914882365842,0.3921121876905928,-1.1641161878655648,-5.259553068190629
377,1548265932.14051,265943,1623,0.05631836789624388,1.4970037275492472,2.8481763229143127,0.05094304516427707,0.02936815918402282,0.6543735875850234,1.2576303361903844,-0.4808131712641688,0.8618886985395822,1.8068189987733247,0.08926701112276328,0.05115132973721336,0.2733221279270399,-0.43278686238855685,-0.6934282045024979,1.455794413512959,2.8436012469524665,0.051168168762266514,0.029472590282758865,0.5729585175965098,1.264605346452207,-0.43798313809283074,1.4870263347268438,2.8428170867179228,0.05105673179378821,0.029428745086446852,0.648157148424931,1.2463595193899584,-0.47526297289700303,0.8480297227038045,2.2433719118903,0.07477676258783085,0.043806158109913174,0.7113003557544771,0.43943085508331364,-0.1417982302195391
379,1548265932.20724,262822,2625,0.04396157973760599,1.8899052291690484,2.775141796273374,0.04518828128399172,0.025910437634823383,-1.5009903103130264,1.1446081672574533,0.09296239580848037,2.1842005506989968,1.7072698623484561,0.08467437305281685,0.04818030790609171,-1.8990257336049656,-0.6919921397280913,-0.8279976976625352,2.053483776370141,2.791606692559543,0.04553764475537162,0.026132654823415046,-1.7109616958122014,1.1192314093658677,0.19164223847498774,1.8759419313128531,2.7712732025915283,0.045362200165675715,0.026006553835139376,-1.488674444057597,1.140853636275107,0.09959888332110528,4.987593328556816,3.345233408737835,0.06081545731867737,0.03548686417255096,-4.686877478516507,0.33580678459699825,1.6722740552486686
380,1548265932.24060,266436,3490,0.027773978889375425,3.573825766467962,3.3163341584326673,0.024587204517276834,0.01426660244164496,2.5239390587568855,-1.188415713887026,-2.233748044820211,3.424598127991525,2.6003949189994175,0.049960366638692175,0.028254914664606504,1.774207255865496,-0.7536260784115123,-2.8305668487805353,3.635920017664227,3.296834661493164,0.02501074577602209,0.014572303236475185,2.4933809665895126,-1.2124721113766899,-2.3522068594055097,3.568982918032443,3.3053901955835596,0.024911036893726465,0.014512447596222746,2.505747651423725,-1.1503972675294676,-2.2619096298988906,4.672582458342755,4.316209569248743,0.03494416268090926,0.020575348790343718,4.036959116020432,-0.02724622150970212,-2.3527102603179597
381,1548265932.27393,265806,1398,0.12168431173625456,2.2488967819797363,2.09938916908442,0.12717621513175015,0.07115421110332963,-1.1190133907924238,1.7531935180428915,0.8553702447001797,1.9056182004636766,2.0806787654971206,0.18143703193263686,0.1012940033416368,-1.1690017000213906,1.4058456894426306,0.5370415707941942,2.3064098596425717,2.129343110763311,0.12784750279050425,0.07148308723325905,-1.121947381446104,1.815527907544311,0.8744249143582739,2.24506516469281,2.1039728423191315,0.12746583948711943,0.07131634503978675,-1.1209229905185984,1.7589272011778805,0.8489517527072361,3.982333470672379,3.843795106846879,0.16444912758057306,0.09614268374777009,-1.6117998469487178,3.627313558912932,0.3219898606167605
383,1548265932.34067,266475,1551,0.02503766902584426,4.2296896973929305,2.126113973013727,0.024738980821785758,0.014221588020318707,-1.1806521658134619,-0.03709675798677295,-4.061398679043804,3.5282872538240233,1.526024532037242,0.047940785418702274,0.026878987037906515,-2.0687026392677548,-0.409415068427385,-2.828720494769374,4.102806361656886,2.140747637561962,0.024911077238826813,0.014352527266378435,-0.9476475606643943,-0.1327953946264175,-3.9896553140822895,4.220822333512862,2.129525529155866,0.024857312007464386,0.014295329258282335,-1.146385155628472,-0.053817156075548885,-4.052121520655822,5.227892759134975,3.8309913021976145,0.03576477298909208,0.0207964999536622,-3.908207573666749,1.8240679762482213,-2.954581574466253
384,1548265932.37407,268171,125766,0.048379793091098904,2.738682989145582,2.9496570167684855,0.05022353372457186,0.028346970875510028,-0.09795337736720365,2.5124130358520262,-1.0856198175137302,1.273950203153415,1.7243140203439413,0.09383865908357607,0.052750328760612725,-0.146149408408686,-0.1865667974745671,-1.2517117482138218,4.655019532947229,3.2290865733861573,0.15727351033857997,0.07895932587437982,2.9090545387297957,-1.0069148653474966,-3.491809129485465,4.109555657684525,3.7418127499425484,0.09500349985800148,0.05200199982108625,0.6950328237157691,3.4236801890582944,-1.940675196059419,2.690242559327483,2.9418959333499313,0.06431418227232558,0.036759205335771844,-0.31954811105911524,2.590366520135022,-0.6521467044300805
386,1548265932.44078,264676,116984,0.03447603436638322,3.705301635345311,2.705010151771665,0.03499799625546508,0.020179641346955872,-2.278746153602409,-0.9326861324072578,-2.7688757203511414,2.5967156537771934,1.6836778317731038,0.06718298895439567,0.038429250243214724,-1.6850157997754276,0.40210270866780295,-1.9344165406552716,4.565906895966499,3.656731978571179,0.128620800712516,0.06616992443187782,-2.7244002304578814,-2.479958621509844,-2.697212339159538,4.074033701557754,2.7411714004847347,0.06654841957479982,0.03682238867750026,-2.7589019726482364,-0.3552286915940197,-2.7406501923921267,4.162996884032644,2.9335721697236057,0.059893290239049525,0.03448394565147622,-2.9931411818602944,-1.187129099882638,-2.6386309749810226
387,1548265932.47417,269252,118973,0.0617805698140701,2.266311516723512,1.759873278720735,0.05875786621046952,0.032606077717406805,-0.21384692621387966,2.1026268944687008,-0.8181671746283934,2.3001788073506995,2.422106898939984,0.10826581396480067,0.06025791071578307,0.17729691842515288,2.0727799497484924,-0.9813111781809415,9.462065468354153,5.1395190310381675,0.1768951277665705,0.08805762388565713,0.11959710761492459,9.306672358003693,-1.7035929913099013,3.1382128385480987,1.7575417829393265,0.11154867578928754,0.0592885333665649,-2.4408399930408433,1.2065952666745192,-0.647500622680374,3.6343513685877373,2.025286427707823,0.09716363875591198,0.054233860821177704,-1.3378479411246182,3.1884096402202355,-1.1192482847585008
388,1548265932.50752,264029,110252,0.07863318995409715,5.439059774480889,3.9590427068037184,0.1049674035591158,0.05868758356539446,-3.3540573927735706,3.714869635496968,2.1291814924096246,5.05494075779699,3.547519437748243,0.17216972828523355,0.09587265843524057,-4.446958510229193,2.1839126506899267,1.0037487769824998,10.70259576581472,7.514322120407695,0.29849613259795865,0.1491842993659944,0.7162214367360761,10.498010060339034,1.9555990777803427,8.728713128417017,6.004972187096863,0.18674732949336392,0.10103554042001806,-0.4935858423272442,7.069553251282432,3.932311419444341,4.270539601206404,3.9839616587605535,0.13581968892475654,0.07677181822371362,-0.8641188706495652,3.63701826489578,-2.064680411994546
390,1548265932.57428,269136,114264,0.05372226712388131,2.683606923297758,2.812730093729291,0.05149184672923044,0.028971761278627696,0.47674027963570825,2.6309406283382106,-0.22938228942938757,0.9594720403576013,1.8066160848126933,0.09685394344968748,0.054266955962118946,0.22399917977058006,0.7376011433932061,-0.5712753425058013,4.5358311270980565,1.9397382273153492,0.1597864900667174,0.07960699510039228,0.9980317545212414,-3.8028588026883714,-2.261849145574136,5.523676395688749,4.382977986133964,0.09923391954047332,0.053277718518114664,2.2005937937233773,4.757072523298291,-1.6180012555099212,3.740428788752812,3.6791288354588576,0.06676677587101183,0.03857863594999448,1.203403009250653,3.4671616909436063,-0.7220931587477971
391,1548265932.60762,267648,106290,0.043297569609439195,2.0780571264318253,2.717026413507346,0.0559313496942496,0.03120123025691226,-1.516014596504779,1.3998879272435052,-0.24563174684154765,2.0146142141152006,1.5179692645223428,0.10610547035320841,0.058986551114459905,-0.7569002325150196,-1.864573152346269,-0.09560036235922122,9.00017293674975,6.999591023000434,0.162581582082399,0.0809665151507704,4.570658415653291,7.426073570715869,-2.2283684302950606,4.950214694353804,4.4357287565987225,0.09856033550765336,0.05310789855668513,0.6765563372064358,4.334176036217492,1.3118276044740944,5.081206836588494,2.4351049260179516,0.07509237310885154,0.04201074186459773,-3.442774146703208,0.27261915302960704,-3.7271501027443303
393,1548265932.67435,267670,104873,0.035496553174905146,0.5535772413725473,1.9209476065294964,0.036507401547064666,0.020574799491940354,-0.25994498485320666,-0.4341245728603507,-0.22452666267978874,1.7876838956746037,2.4014439084806254,0.07504357890681666,0.041717738856753867,0.419446031204117,-1.7123745754907025,-0.29606089065339153,6.453619026541959,2.709272788767831,0.11001707009249102,0.055096008023233264,-0.7352446183109524,-6.411452683987131,0.043455402234632436,2.174908216963783,2.7220788354383423,0.06571915360546333,0.036175806354441856,-0.30739499026990386,-1.2981865852117758,-1.2309279811422056,1.389220879240923,2.556017077250195,0.04908362111304572,0.0281849204873711,1.0876523953435473,-0.061259949175248914,-0.8620870819409214
394,1548265932.70772,267162,101994,0.08227937425773584,1.9418323494575767,2.537555493475082,0.10219069159449105,0.05629791598011791,0.2972350888582116,1.8847247596292083,0.36080016046560526,2.105369220385709,2.810590718512201,0.17440189273808807,0.09539113854848216,0.21090258345175186,2.0774551850800296,-0.2688486719792458,5.498716039040703,2.9301653705964497,0.2816691403335579,0.1382681833822356,-4.129017524057581,3.1430635044449793,-1.8188579304208792,3.9603355881298894,3.215030128274732,0.17508003717589526,0.09347605546080626,0.3780157370087063,3.5574846187802827,0.688763081026466,1.5341006077561186,1.9746228039401317,0.13441802676600648,0.07826715354646908,-0.8886457061623052,0.9953638517816307,-0.7569836763123929
396,1548265932.77447,265545,97136,0.06730224165953003,2.022504661898247,2.376648775197018,0.07301930735312072,0.04045809264196736,0.3190801956529735,-1.7175004753422767,1.01926691957566,3.911655283546916,3.0518321591326165,0.1270252854899239,0.07015684554777352,1.456764401253357,-3.569143752152299,0.663398381829243,2.2328806750511325,2.0416566316975095,0.1973563920619072,0.09784806612346943,0.016579242755841488,-2.216443132739885,-0.26992791085149004,5.175657883544164,3.713070716525275,0.129747829257715,0.07053803063733759,-1.217470220970265,-4.997670196807322,-0.10914382161743474,2.041283152819923,2.7155971318260117,0.09575940498571456,0.05416246680768349,1.9821049775105457,0.0038828775544506905,0.48793615502057275
397,1548265932.80784,268351,94229,0.08845712153913539,2.1344787615672582,2.418026045027706,0.10499810580632675,0.057311808296426923,1.335763375737706,1.4869968031174194,0.7487164317270463,3.439068574296152,3.408780467319421,0.17481616147381146,0.09464147975194642,1.794789495667771,2.9274231521422918,-0.19004476644540128,3.113363206265524,1.5593061638387005,0.27610971994501476,0.13532780009297912,-2.590784879019914,0.9785761971510432,-1.4224109079795169,5.190702260159911,3.61188375676606,0.19096581528642598,0.10187485061736812,2.412772184069021,2.3860226145925045,1.2403941972836825,4.081318650050258,3.6480783953849767,0.12777303503538032,0.07182488411408183,2.004926443300222,3.546313358772491,0.24717087529754475
398,1548265932.84121,266202,91292,0.04883930187961126,5.983336858344879,3.3165617603582325,0.06308872336902009,0.034967945411148456,-1.9728753774005963,-3.5283044399433616,4.4112527115039315,5.086672649403626,3.903214406621855,0.11531998368933032,0.06416513458996234,-0.20233382688342608,-4.642260101760783,2.0694735592148965,9.201286917120637,5.792954388683886,0.1924528680424547,0.09458419111762889,3.9083837036486027,-7.814392638469338,2.885045137959831,4.793256100106563,4.241413139831852,0.1146780015554113,0.060450757100832156,0.9474956457790642,-3.098686761992921,2.6371766896219286,12.591062911021806,6.7938805607006545,0.09811379816969952,0.05374369777896403,-4.069430151764658,-9.096500513887483,7.6959912857319654
400,1548265932.90794,269469,84916,0.04674913928306778,6.189381707237305,4.950435840479086,0.07181286777216735,0.03917071072728008,5.703638531269756,1.5271018924531237,-1.856047745227703,7.924635377975461,5.47036799993141,0.12956401911127918,0.06990222213513377,6.034351656685379,3.1914934417393526,-4.025023673055029,12.783142216328006,6.046285317887552,0.2007654053903983,0.09888917138637553,3.597653726896452,11.09080569822919,-5.240194800610212,8.400595721021139,6.164658787702197,0.11917076359223036,0.06411477729164577,6.8613875263144966,0.44001508733560396,-2.0193978949499476,1.574366380132089,2.270464300783478,0.1090613116531614,0.058969496196685726,1.0595123247792648,1.1613667727213919,-0.08538355667079216
401,1548265932.94131,266622,55897,0.06525059685376203,2.81419240854654,2.021643505408535,0.10415477247286659,0.05635436226980076,-1.020740630089374,1.2019780424874282,2.3308831510360646,2.0687788251378874,3.548506619459199,0.1788084585113928,0.09572670360975638,1.4953806792203428,1.3939809481430205,0.3170166679650937,15.457142499547361,8.224030783571829,0.24606552315806207,0.11905567986751903,11.720817557025253,9.733094463291758,-2.61008854541011,3.983431615601731,2.5380142500039247,0.14840332106823356,0.0787681744122022,1.7849461510456255,1.58220357859983,2.2501416147604294,5.0060046382789185,2.1383336876278585,0.14655857141113166,0.08325629784999228,-1.49070271962448,1.5262380418352846,4.52862951452523
403,1548265933.00807,269600,56186,0.060987247212077746,2.221246518620933,2.4244451318236955,0.09354214371492299,0.04995789874564607,1.8421913459280823,0.8949594524688806,0.8598341234853949,3.7702806091548604,3.7650619126818157,0.1695286454005644,0.08906850466458582,2.7690337030323153,2.548311757879444,-0.23146362110203447,5.889141881505009,2.3424451833057387,0.20573993404180138,0.10041359372728575,-5.662082214025457,1.1126555026155913,-1.176781557729467,1.868663893140011,1.8138871639713932,0.11277131808003601,0.059335318572095876,0.43361323989082257,-0.38736056162002086,0.9955626150791035,3.9261220070825367,3.5366534326686163,0.11475234951090099,0.06398569311921876,3.684459252262884,0.34682144884437827,1.311071666818303
404,1548265933.04144,267003,69821,0.03292662447023121,2.784683179966214,3.7693201665991887,0.05227265453823975,0.02822766206645814,0.4500116188366915,2.0172544524909655,-1.866181778285305,2.642269490735257,3.9432832130010538,0.1056116744077028,0.05658808870170421,1.4965170338894467,1.8773176867480146,-1.1034958685795668,5.425417796990289,3.18195580388117,0.1370600158854166,0.06662875297645439,-5.3241150548803855,0.5376421835812714,-0.8943701899822843,2.9022749791071374,3.1186607670736346,0.07117417385770464,0.03747655125399679,-0.6187455346667596,1.0825085152472866,-0.8445895142702184,3.2449486630438678,4.085692132820789,0.06253384616495344,0.03405619235555732,0.36474761774952585,1.5379651962754255,-2.8339573137543415
405,1548265933.07482,267598,67420,0.043910624909436216,1.2581291709839553,1.4770522849521233,0.0613647548411,0.032929226708675076,-1.053590286326852,0.08563128416419295,0.6822783908426734,1.5544224709904737,2.4224364285966358,0.12058932705913644,0.06394788179740422,1.307426964255593,0.8085252501578606,0.2305447273626182,4.934494599127166,1.5259801757252187,0.14425757545568577,0.07037953981273741,-4.803988794996876,-1.1271911801437386,-0.01920025431589668,3.27708572648243,1.3828772637645474,0.08464307131501878,0.043984307875289785,-2.4034670158558056,-0.7871750890537661,0.6733102291249231,3.4918321177736487,1.6283053544088637,0.14621277837957972,0.07423982617567876,-3.4636890758970242,0.0722470945852931,0.43649728699180745
407,1548265933.14155,268439,53223,0.04969529433830274,1.4084100891506108,1.011652296428551,0.07734982151123912,0.04086199427915202,-0.7709087742678419,-1.0542257793778915,0.5271874875916178,2.457762600651369,2.5323669905462762,0.14693584914872448,0.07662190146095875,2.3482091864244055,-0.5936803561348094,-0.4171980976613602,9.368455290837348,2.912198657384281,0.16422791144260573,0.07950651620855363,-8.464888145309795,-4.008263357774207,-0.2178257986020888,3.6330575631129234,0.8064163801856492,0.09189828244649076,0.048149112576869726,-1.6259359695903532,-2.7729019320389403,0.680188233621968,0.9420639636350859,1.7880865236482222,0.11464008584580043,0.06223108315068547,0.13549912826674568,-0.3846384070003748,0.8492218754124358
408,1548265933.17492,267335,62243,0.025295652149286044,6.142631076858297,5.499744158024782,0.03594545666887643,0.01928052913657713,-2.5341914981577287,-4.93457253253083,-2.638140238547354,5.173651384269257,5.127414158391138,0.07139033486909367,0.03795078470648807,0.24173395710830706,-4.829687375328982,-1.839117504815776,8.521648061745172,7.048917033530723,0.0922996161810708,0.044616462827116204,7.16000709890496,-3.3748883171655706,-3.156408224316865,4.475373133250242,5.162979176341681,0.04750502487552331,0.024895373256701797,-0.7438538194258877,-3.52463584540236,-2.264883473520904,6.388615174570508,6.249362427625821,0.048379558598918,0.0273620285753291,-1.9219145285985284,-4.861935401352426,-3.6718159739549137
410,1548265933.24166,268095,528,0.02995346296285586,3.6222240506748578,3.9833930357149527,0.043904700605628,0.02336237125841197,3.3005963220713594,0.5984200419857005,-1.3669178634308006,4.641961140091113,3.978608150379967,0.08752421653028217,0.04596038446221201,4.428213027804208,0.8267807536154399,-1.1203419977632574,3.657206201602376,3.9834732878706616,0.04401076658721108,0.02342920037581143,3.343347666211086,0.5578282826957042,-1.373321226408638,3.6207081914453165,3.9830963235955528,0.0439184944098244,0.02336929742957377,3.291072835087003,0.6054946691902096,-1.372488019566733,2.734307312332968,3.713783819838822,0.07523591048307537,0.039394163755381385,2.734279718488875,0.006725122299175655,-0.010279692018736316
413,1548265933.34173,267996,51201,0.0583380751195976,2.052564720152531,1.1101347875279335,0.09023037265788135,0.047146791722733505,-0.07791374507821426,-1.555860471644219,-1.3365064801630233,3.648918899286991,3.401336771943456,0.16388029763062237,0.0845108711955801,2.3269616724378985,2.2341110791347982,-1.7054636304143098,3.153525824649346,1.8945430027342534,0.18282513728297403,0.08811975959401049,1.55839936831934,-0.5087748593256813,-2.693931082650473,3.1918099901738755,1.6153643615330857,0.11139270191059089,0.05725382995710606,0.29527320639523735,-2.0240258902718957,-1.558962178612259,2.3271563996694797,2.4891303160126506,0.16496774489432425,0.0847025233033463,2.2152301593938755,-0.33112130230315573,-0.6314831213860439
417,1548265933.47519,268374,51330,0.03865697315367154,3.221376286424155,1.9040703955790805,0.06242454013906471,0.03275756708023947,-2.7449447719839095,-1.6439821622933437,0.3739866676171553,1.361735748061141,2.1154933343511635,0.12168622498370545,0.06357734277412738,1.019654954720425,0.48249357168907475,-0.7627764902908604,3.301464192304641,1.1612998780149748,0.13031975639639226,0.06307373161476677,-1.7145192970427574,-0.08058134111208687,2.8202120559635797,2.813592559906652,2.049925195050905,0.07037108271317119,0.03720685541631492,-1.7037829120571926,-1.7012555799274383,0.16837915462300246,6.309593970408753,3.5789812276880535,0.0878131054016516,0.04777796681375168,-4.397837322603124,-4.0322087652192415,2.0521441053265717
418,1548265933.50856,267431,50232,0.04095972967862077,3.9567573601417636,3.261319301277712,0.06299798172503371,0.03292713860732343,2.3694321006796013,1.5602572654050777,-2.758136616097132,6.038008028476223,4.4246559722641114,0.12205247027239606,0.06290549216563546,3.7748441189551527,3.771748788344552,-2.825244043822483,10.062047049437375,5.602836227798813,0.1392417749694805,0.06621854034531474,0.6134063547728132,8.526182144955078,-5.307800062178772,4.053963758850578,2.4904808892138584,0.07923082053373409,0.04076762501487011,2.033386635216742,-0.3604096030416003,-3.009493999469996,5.157740607686089,2.6878995888701596,0.11368963923503604,0.05628257338171273,1.3138738728622188,0.5406059384745125,-4.958202178377783
420,1548265933.57530,268026,49563,0.050223904330400575,2.0442811522584035,2.042889580317601,0.09136497671418933,0.047079602987454394,1.408974998626865,-0.594417398478315,-1.3566660750198059,5.436331023709273,4.49735394402309,0.17559566370399343,0.08917726439371182,4.164618570006089,3.0250916803160193,-1.7488474751638985,4.172727988892186,2.721434879222029,0.19194159596137558,0.09154765286039022,3.138513920311727,-2.2348970983130187,-1.6020687255064292,2.666615638111316,2.090441364899772,0.1119493996479137,0.05657741193189474,1.2492404329106348,-0.41188549177625594,-1.1602362753319033,4.586085588323499,3.911196573675167,0.1401295855279593,0.07183563702947941,2.745761216100093,3.4099872306735475,-1.3656366479530275
421,1548265933.60868,263653,50822,0.03887943652953097,3.4182206395161434,2.164682590334838,0.06306131126636509,0.033772781218119066,-0.3339109790379866,-0.8701578973462101,-3.2887020284875415,4.007673360568659,1.234216524110791,0.11189383948534337,0.05970530814088105,0.6406093888140441,1.9310476862183579,-3.452842337774158,10.136534780802695,4.376173665030689,0.1583372537793775,0.07566223002521807,8.036291043234337,4.46183253140061,-4.2731035667989055,3.9066056019288746,2.483997640416304,0.07122556864283791,0.03825698632677177,-0.11638165272191342,-1.0329497415885616,-3.5063269872824563,3.768708167976838,2.1528028168476925,0.11285464164664312,0.05568087013257952,1.3219468379808066,1.4383930399074705,-3.2228315617905987
422,1548265933.64205,269630,49043,0.056823953851049845,1.512251496025962,1.3710731534845246,0.08731786501530531,0.045487355843835876,0.3999298003053112,0.19680260678197742,-1.445070751217508,3.6618868229822064,2.774033497616164,0.16098240043875248,0.08274200983404244,0.7339423776304718,2.9769679317389515,-2.0021003031933136,1.6818891092360049,1.38192262512125,0.18229773797329582,0.08741129888656225,0.2645136092058356,0.4001819260911409,-1.6120291412817476,1.7135405631746452,1.3238711612374583,0.10244109483551658,0.053407341002248664,0.2959601579805564,0.10752763186350404,-1.5781254363600794,2.502407691229286,2.0229079268146344,0.12309885191771154,0.062474136657355746,0.8291138656323255,1.6774373125016073,-1.6615710979573193
424,1548265933.70879,270090,46512,0.0367898352142615,4.880684186529454,4.397050080594895,0.07543944501988335,0.0385907675395286,4.865350697886329,0.18624035195070296,0.33875543762568927,6.686555455805117,5.273902624787473,0.1523538480084631,0.07686273894486383,6.244966283881633,2.258909041258237,-0.7795831707140605,5.567140054175673,4.520770149289674,0.16261562275641436,0.07671319442320777,5.127770190858364,1.1275911688620324,-1.8513669027115756,3.5965724097059315,3.5541918480822394,0.08319870351657115,0.0431658592355849,3.3888453073058638,-0.4607589572814787,0.7691210997159121,10.43997605451356,7.015346314503598,0.17403652055337526,0.08433003680990409,10.34507059340751,1.202882151983409,-0.7250441122245355
425,1548265933.74216,269918,45325,0.05690958611315316,4.325937411101285,3.3845697815593163,0.11857728188650629,0.0602516274758937,4.026772555300578,1.234890950002867,-0.986854403772286,8.032642952806663,5.542523608538098,0.21924347240041078,0.11010148641225985,4.992414439295847,5.973268226255328,-1.9797013842479898,3.2905840563636595,3.0750720571779855,0.24146582366426309,0.11400965875328516,2.4339508597438044,2.082235381596216,-0.7537389866366009,3.7463883050131566,3.0731238937903855,0.15729722601510707,0.07842437239699779,2.891571159110381,0.9567874525914317,-1.0837446125238277,4.6357352466409765,3.276546834864478,0.14233170952884888,0.07374222423186369,4.570470149583051,-0.33591462633117375,-0.6985737273449005
427,1548265933.80890,269908,42090,0.03664107075971274,4.790594096329458,4.235831261937308,0.08140286240016986,0.041615676847080355,0.9166795224454215,4.489796542503444,-1.3968598554758487,9.28099638015015,6.501543853622255,0.1665993191992666,0.08360117906107825,2.808355793897344,8.771977363277388,-1.141246985272022,24.658863026936597,12.651322849318808,0.175534373832846,0.08220409043939209,13.19851922833539,19.596917375436686,-7.058289122782475,4.080376909140068,3.8844789250070892,0.09070369978349088,0.04665604592056863,1.3054527981120065,2.905936060237911,-1.9366985339537197,24.28377577507839,12.940684032609326,0.23838879198785645,0.11010661681238226,6.780600124612197,22.43694827502339,-6.348903838326581
428,1548265933.84227,269227,39236,0.05419509321950676,4.749969380645248,3.30828891941846,0.1157846594553141,0.058967113935109464,4.126538767834791,0.022878580003621432,-2.3523102442494572,8.606306232594255,5.522974146547648,0.21590800181892789,0.10847776004708029,5.192848298869508,5.7395563088258585,-3.7630209794706246,8.181358854435803,4.428663949038617,0.23721293308096777,0.11219139610332983,2.314420229388937,6.615512189734553,-4.2205556712740915,5.896673261850358,3.7962709138002504,0.12461565290324896,0.06400554862944241,5.043555131739691,-0.11380543382436835,-2.663892777806638,5.492572532331272,3.697450981130618,0.14447881249920227,0.07422110479777586,4.699283316356562,-0.6015678625945795,-2.7790655699760345
430,1548265933.90900,269860,36224,0.05345865321932896,3.98342447894147,3.041750149503707,0.12323913514742334,0.06233244117569175,3.4605344173917585,0.3373304879087866,-1.9438570594064848,9.368425927968147,6.0408241847688755,0.23606734416895359,0.11789232035094871,4.1425513968670415,8.24326755773359,-1.6294822072540818,10.210579265563364,5.398520968994324,0.24490407940473982,0.11540001563080765,1.2038807229784576,9.229889843391632,-4.197110151288542,4.347074331230026,2.9412786245198443,0.14379432275877713,0.07256554099316355,3.5115236642584478,-0.39217954801569327,-1.9000580036326498,3.9566280490164005,2.8605674444893463,0.18127701364645035,0.09118231346586758,0.8349109959903098,3.4627959975051645,-1.7224613280709706
431,1548265933.94237,270278,35073,0.028980261613280295,13.210859794777265,8.944090915263114,0.07079991918967472,0.03593175007420287,11.780274970523566,5.547301288580566,2.2314539094121515,11.950849479328456,7.848938646932336,0.14422426816155914,0.07234162236759897,11.361971895414834,3.486103426536077,1.2551815903932346,22.398126140228992,12.97917056452182,0.14107506692219535,0.06643823278358894,20.870794136985158,8.126958186990226,-0.19636015916635108,13.310570839439286,8.839542317445927,0.08380599944230992,0.042418919109754434,12.38762647977604,5.297240192820263,1.9239557775987481,15.926070562014171,9.682059375293253,0.13039605943489382,0.06440876224644473,14.937463871195288,5.235567779926636,1.7608880330060692
432,1548265933.97574,268584,36692,0.02594529294336098,5.176669920039333,1.9922593768051047,0.055242048977697765,0.02829078640274709,-4.935211234651691,-0.5213199355238007,-1.4730332838171813,4.152817123885708,1.4919123893156072,0.1094733660473731,0.05594245018191668,-4.032175638572775,0.2599376113821346,-0.959104854709615,5.302231810221654,2.4743713704074493,0.11530279372008254,0.05413763355201762,1.279588203103284,5.136042626232974,-0.31206143837904177,5.751026269529985,1.9236846813132082,0.05911064762318809,0.03086985591856054,-5.345909244435663,-0.5838468650159259,-1.7731232795669878,4.4474067517031335,1.4388673547581816,0.13515462209253207,0.06330824361959124,-2.676872940242562,3.48592250594786,0.6797958218597326
434,1548265934.04247,270444,17980,0.03224869202058666,10.988911041203734,7.176181023408344,0.07655383983649265,0.038216299066731796,10.15125061331808,4.171820160023373,0.5515373147133386,11.380258861740815,7.241870597274836,0.15960803235406062,0.07859263524960315,9.910328201185553,5.569149899560746,0.5293921998284049,12.75289124088051,7.87635392753664,0.11762814241096643,0.05603754617046646,12.167502489096428,3.8122950485412765,-0.23350512291321904,11.019657051540268,7.163219668517144,0.07797138785064524,0.03902589074440422,10.214485318895331,4.116324596843921,0.6813664917096278,17.165943430309483,7.856996522958248,0.21536694237605325,0.09962862432630494,15.483951917837931,-6.526189830500684,3.510796655310265
435,1548265934.07584,270115,32736,0.020179887248255722,2.2534245855624673,3.080487891068354,0.045180954523530985,0.02284890933526505,0.44959330771391787,-2.19845453060148,-0.20636350780615684,2.385661925014091,2.5788306805153765,0.09397263445671819,0.04776785430920828,1.762357593796462,-1.6052761713471007,0.09255779683568509,8.667541505469744,6.472143380040033,0.08706621237495932,0.04079455308452348,8.248863010412897,-2.20914346874606,1.4839878432720595,2.9967544824127454,3.0477144888710086,0.04856732501459161,0.024778996709873394,-0.7492483704146101,-2.8166261643282713,-0.45521974292848993,9.192514599968643,6.422548106396921,0.07873975467620095,0.039871081039790875,8.939183646239574,-0.629454856360952,2.0486842102293976
437,1548265934.14258,270727,15781,0.02406367644176558,7.737528688861857,6.382954130067295,0.06065487287734529,0.030167799105271707,5.439164824707686,5.502661550242848,-0.07451230839176401,6.718573227061195,5.2939480211940895,0.12397818785685624,0.061094012886891,4.540116895231535,4.86833658710427,0.9087704108731663,9.95780113460535,7.327475584826149,0.09351928746157478,0.0440289474202664,7.958086508638783,5.928511444082888,-0.8242661067563,7.52129602003348,6.277156349307127,0.0622383321543787,0.03107510435764393,5.327909378297796,5.471265160769516,0.006932438929444279,11.459082433088888,8.177465022013939,0.11451159745281426,0.055231284576883456,8.319389756301643,7.675043828201448,-1.7866243383141573
438,1548265934.17595,267526,25898,0.026177790285162483,6.887057045437848,3.469324767564082,0.06430572382993612,0.03211481723691611,-6.292105605723339,-2.797621107910314,0.11949029297264169,5.512588365874522,2.1740133369219157,0.1257060378374064,0.06327514453010812,-5.483321772241063,-0.42691687267031814,-0.3735703648198782,3.828371920101536,2.041001887990278,0.10849233287049159,0.05129027695168756,2.2998042943268224,2.992337714941722,-0.6428427227208691,8.18687415946549,4.201929255221854,0.06744406674519755,0.034065874262606,-7.18441050326282,-3.6913915805363704,-0.09993260493680584,5.594648648506315,3.7924002584393364,0.14305186359353855,0.06571714008544988,-2.9880817371810307,-4.545226888312514,1.3085769239596374
439,1548265934.20932,270435,13542,0.03940675481546898,0.8292631446262072,1.6219276233721738,0.10646132178680719,0.051822446719107906,0.4572101124147119,-0.4539209986859485,-0.5221034409894495,5.829531891325269,3.83322790179768,0.21254461593402757,0.10292232475369344,0.16315738289958825,5.8245489465298155,-0.17734517152191007,1.4147885861543545,1.4464613428126942,0.15447742399045175,0.0722271272259181,-0.6438688808528894,0.4009715708016722,-1.1942702404358592,1.0650020234424966,1.4939422795410213,0.10759115437645905,0.05238368716263659,0.18563706974634694,-0.5196801467369929,-0.45020910534713054,8.76391922439558,4.386553263290733,0.19460266861468506,0.09355374381123999,4.739024003529043,-7.32385329200903,0.8420835011057426
441,1548265934.27606,271014,17337,0.03563577501047345,3.580986781467122,3.0710857938684284,0.1003517054075032,0.04790049599418232,3.119457773836492,1.6501849936642474,-0.6077326821709249,6.882832925797145,4.496605388937138,0.18654231080992884,0.08955867662683724,1.5670462121736046,6.702048893412448,0.017201269099397613,5.401471683916579,3.2788875849763275,0.12833455483156594,0.05972987741211356,-1.024506835380334,4.94725373353546,-1.9107492228000593,3.4243366505222266,2.986394406085602,0.10190178110448297,0.04856986037785996,3.0051984106910803,1.5543569993225226,-0.5945513504260763,5.391053458545324,3.1450832740884898,0.21524983626164063,0.09824429761066174,-2.493939046810907,3.692024165083669,-3.035240186232983
442,1548265934.30943,270675,16339,0.025888247345864483,16.57171859005919,10.04029920195612,0.08651193306460392,0.04109104408517754,13.759146484802116,9.173221891648804,-1.0769146504928286,10.802208045846196,6.9162027289470664,0.16781043404150575,0.07978060896633613,8.426753639523403,6.737371766956028,0.5341754752393333,18.88588431785701,10.983650475744655,0.11264931120844356,0.0519346677709088,15.838880529197898,9.997908910847844,-2.4183274095255003,15.90343941849622,9.69333568110394,0.08911466403908327,0.04253381061752322,13.588815796573007,9.02284169175671,-0.9113922835503887,32.00130405669994,16.686722764166067,0.19133724771787722,0.08551774489685081,25.107076046878557,18.0440565888897,-8.254102950809564
444,1548265934.37617,270957,15124,0.023822219297213707,8.98252417564994,6.1337037911193075,0.06960505670340024,0.03301824301462943,6.227448366890323,6.169879384605203,-1.9588812580844202,8.239245974768096,5.484456734675125,0.1339317868039531,0.06383246900827806,6.57855880876165,4.942798892925813,0.4200920571590478,9.995928303862216,6.4629313120251854,0.08826819520839277,0.04102993173711973,6.834929930935754,6.721520278542486,-2.8325749134479166,8.942055654174428,6.115897561870559,0.07005404264545835,0.03328332830527993,6.140973437341714,6.2415163207634805,-1.9621479324097093,22.781531139145912,12.238451122297803,0.16501874487094656,0.07703992512576482,17.23967164939742,14.105952750932381,-4.776398167374748
445,1548265934.40954,270978,14070,0.025481160020398935,12.22462711040179,7.756176684450693,0.0832737025406984,0.0393045743412483,7.969906717197453,9.061051057117245,-1.9543409753305105,8.837321793110704,5.805621294194545,0.16028610405084084,0.07574144723744086,5.837510679857911,6.634548165178564,-0.06705357156752002,13.98468385443806,8.535084883022751,0.10582171068102139,0.04886817473511244,9.425548697562991,9.956394978489334,-2.756920980144612,11.902035925055884,7.6267348665162675,0.08430030564169813,0.03981804822337308,7.699765679257669,9.055145681327865,-1.8166431519350836,20.261949645256987,11.227843732772007,0.1611980107956005,0.07359332430607307,12.202037885469991,14.759550025141078,-6.619105522942116
447,1548265934.47630,269978,12577,0.02437500755816233,3.80021373894516,3.448494902774005,0.07142097061623258,0.03364282345001429,2.6829246073527537,1.8234127785967589,-1.9795721385639553,5.482741554580271,4.169030747967314,0.14122122250953761,0.06656432872199605,3.80096754820408,3.9513179913613214,-0.013666856445254026,2.6520106112017845,2.8020330003869223,0.09105453538489966,0.042022271366296625,1.5283659465059698,1.05277958225353,-1.8944426533093728,3.9380394019880374,3.4924712303133276,0.07185018884775207,0.03385783674293262,2.8935962329779072,1.8061910246560493,-1.9314912559434085,7.168249051374444,2.0288603909787977,0.14469773942286182,0.0640413084233242,-6.633470358680674,-2.361926992882671,-1.3424478922206717
448,1548265934.50966,271100,11852,0.02531560930634175,3.8226157998892476,2.89428549151168,0.06864083228784075,0.03251170694379309,2.388295657968856,1.7677916969237981,-2.404859230802772,4.767145393231256,3.5007449276715654,0.12841931733789333,0.06110231190796777,3.655836609358945,3.059052392397066,-0.05227185137979867,4.6432352830578125,3.2661058639656093,0.08183215723587868,0.038375798506813996,3.755333855344701,0.9589912915779699,-2.556841260503375,3.650858221682773,2.75901236824403,0.06936823380306459,0.03294647371568119,2.4070321749343178,1.780897340609186,-2.4282553488479666,5.52775120445849,4.168260320981351,0.13767065810711993,0.06232467301452423,4.481230031731462,-1.5961589364630706,-2.81547286093285
449,1548265934.54304,270612,10385,0.026465743469836506,14.6786089721307,8.787153416645097,0.09524520472793863,0.044762789822887644,7.6184382774127455,12.506150217060716,-1.0085466366412665,10.46279589774138,6.556557835749615,0.17436042081398662,0.08192664157156318,6.204624496677867,8.407352317863122,0.5377358611254607,16.122504750656674,9.552361329898797,0.11556417913960733,0.05352309196631546,10.242865504096466,12.343903153058864,-1.6269359691890553,14.36988546317397,8.570012860157442,0.09618695916174944,0.04521001641905093,7.177124571503109,12.328427601130626,-0.7972227517130339,19.036312743781078,11.361081835750657,0.1956729026288598,0.0891151968822438,15.123298023601865,11.478989607673206,-1.3783531315639934
451,1548265934.60978,270996,9356,0.02161111719495254,3.1135016771650146,2.560858156053372,0.05713747810609779,0.02712018854423077,-0.4151436965678896,1.1162688933438416,-2.876715516463563,3.6717045834060458,3.0802022703839413,0.11052788140420872,0.052535259455793994,3.478569555186418,0.8052841655654789,-0.8558538486357572,3.7044934283346027,3.106943832340336,0.06748925602625645,0.031721714453544346,1.2441279602877273,0.9059462695787566,-3.3696703897623124,3.071887103113557,2.5330915976252193,0.057579358056783894,0.027371524256597262,-0.5221428409983117,1.0740959095910394,-2.8356345169697503,6.357525262892341,5.55845902525806,0.10792536391624757,0.050071709289263265,4.3681612834872485,2.7526058503960686,-3.709508795261537
452,1548265934.64315,270892,7672,0.03132401921496386,7.552632906985144,4.813500800860516,0.10571535817071545,0.04950565842271004,0.9548075929368199,7.491507257598954,0.08902413991314077,11.137479610040325,6.747447156440469,0.19681993295044806,0.09244897927116037,6.512329229811382,9.034989162984909,0.044619405571396355,8.067905582784032,5.045458985617745,0.12126495400287599,0.056352898107936075,0.9596902637624322,8.010337533266302,-0.06773251436718564,7.406032209587275,4.74892820535249,0.10634174594993283,0.04975690677050025,0.8744371193855733,7.35499460753325,0.11958418075334068,12.913932797505778,7.692722065008897,0.20741293659356475,0.09742472676477588,7.788489294326943,10.204739797705185,1.4044146367016859
454,1548265934.70989,270304,5162,0.020222933318687953,3.4214358579980835,1.9059107628292278,0.049026815406468895,0.023273795923083155,-1.862481878158893,2.3890394215836923,-1.5905581492180227,1.6334605332134267,1.355132602086004,0.09893691818022794,0.04667344295996404,-0.392518904630905,-1.1009638398274622,-1.1410525169621324,3.4213854023660772,1.7043256911585154,0.051192438916134834,0.024221351328900197,-2.1870603193971205,2.153183888050788,-1.5120993271213181,3.5106943128113794,1.917013340531227,0.04925030269035497,0.023373865480046864,-1.858158817052054,2.437708003383583,-1.597704032785911,2.1083851055908465,2.2684264619764107,0.10288036747281776,0.0493574912287707,-0.8878411404379202,1.855810080996244,-0.46151360337040176
455,1548265934.74326,270840,2596,0.025869092074154998,5.2660967746638025,4.046611648397233,0.06391170852978142,0.030369245623020534,0.5985269085455238,5.218618106814536,0.37358511091705066,7.783248771784433,3.537642572549199,0.13021834691163187,0.061304218740123935,-3.4904885899896105,4.30094973357219,5.467840728836342,4.129226688021007,3.6919530639443283,0.0711923991245193,0.03362795405135365,0.6903190493125503,3.9253937138795365,1.0794706305667479,5.254488015371235,4.037339962778217,0.06420322456587263,0.03050439702302668,0.5944169026656991,5.204495860967834,0.37806524674161984,6.377717902642534,6.488233959670141,0.15389895975350218,0.0699910397052545,5.964454192654421,-0.286540391787552,2.240193391939279
456,1548265934.77663,269331,4529,0.02996896054347386,5.817126863378366,3.862024400117296,0.11130331082785841,0.05190818452898558,-1.9355644988165224,-5.02179402531965,2.207745407157092,10.15974374270391,3.570839579956103,0.2008449828453475,0.09243227698059218,-5.975112162427856,-5.503261202035355,6.101847564958528,5.335646779966137,3.7427412947123004,0.11804684289526264,0.054823891496405736,-1.786665442530793,-4.679442458538139,1.8384154683476155,5.849113084541415,3.8691038749070854,0.1115770456334837,0.05205624858266339,-2.0559550688248267,-5.070862514206817,2.2094786926244185,12.188393225979338,7.5014226655581515,0.18745110130442305,0.08608001795172172,0.38148195772575905,-11.381774267928792,4.343571740047902
458,1548265934.84340,268988,4146,0.028073972200220183,5.40478408694491,1.1856059564139207,0.08225152712094505,0.03761688775444686,-5.262112554540979,0.5124802673204919,-1.1221526034556326,10.1493086740447,3.599396592594662,0.17921891757708677,0.08109572711664367,-8.510123061938977,-4.1762246754013725,3.62566124896716,4.9748557593926455,1.1513355523217514,0.08459999601275091,0.03853215974524151,-4.872337839476794,0.35681020051478163,-0.9392551759630543,5.3401542698421665,1.189354062763798,0.08245341404538578,0.03772219144852919,-5.208499558406773,0.44630073671530546,-1.1035337268885204,8.853422967025825,2.9998915128056516,0.16884332517819786,0.0793330664944737,-8.817698630667058,-0.605993768731108,-0.5138683139207488
459,1548265934.87677,270907,1164,0.029206999698299055,8.294880312411998,6.674202014567946,0.09868555918526202,0.04453954117767214,1.9632087110976266,7.74169511070122,-2.2398678012006408,9.07259250961103,3.316537408930671,0.19361797108027362,0.08622143832753855,-3.6422240206359624,1.0516252824429488,8.242585959168357,8.14115755016061,6.525449437003986,0.0997500213433046,0.0450625430832171,1.5542276966850235,7.708643553052234,-2.1070446353555234,8.320168481441044,6.683744633003663,0.09876553484760477,0.04457225847096985,1.9569859431655994,7.763487678178729,-2.257122885813545,2.4867366642300914,5.0574383653246215,0.15970792167459957,0.06992280624602976,0.8428941862940633,0.7109812612667336,-2.228877357340559
461,1548265934.94351,268942,1667,0.032174317805538234,9.148332303335309,5.906679969931897,0.0997724032871957,0.04493530072323116,3.2970413204123266,-7.470218246472088,4.125208093395718,13.522989395936898,4.410252117317472,0.20586347319240292,0.0911973107793628,-1.987110239710461,-8.343947003415732,10.454720632424822,8.839391630994596,5.814096787831528,0.10062312709028633,0.04544383706971682,3.40999655966132,-7.079076531866233,4.048881737612989,9.14546133864038,5.893600574870438,0.09991365281043324,0.04499693489711398,3.287246211726078,-7.469624621878063,4.127832932658277,15.615443068823252,7.4711448213676785,0.14570381961726728,0.0663542125696665,-0.044566361300006296,-13.041468456387387,8.588374501391604
462,1548265934.97686,269818,2695,0.025732458485873178,3.5654299906397005,5.257910630478072,0.080103930580792,0.035575094091039476,0.9531705702198472,3.425134869972021,0.2687154716824727,11.149491758122814,3.334816768191324,0.1793924650599483,0.07818029455870854,-4.879338683188409,-5.128689427933531,8.613928559663853,4.1570972239914425,4.873427482426726,0.08141353643233856,0.03594396358888173,-0.001496451069269982,4.122100393541677,-0.5382782142304384,4.110682582288729,5.243735817612292,0.08128986631625171,0.03602809445014319,0.8643383966836072,3.9849421095037227,-0.07213599614639897,11.372923188270827,2.097080994901367,0.11457692972646984,0.05128285869468976,-10.374379384652867,2.2992704406564473,-4.053269010357115
464,1548265935.04358,269944,1611,0.02622692276770175,4.115173510265062,4.913718296744074,0.06264659675166812,0.027544198072053605,0.7174993655500524,3.852529729499181,1.2561299149958602,6.469608768353357,3.314234405774136,0.14012553507945857,0.06066113979803012,0.29906995499814665,-1.5342038865033627,6.2779465760876,4.381592060750575,4.968154836578781,0.0632545599507164,0.02786264108870917,0.7844331892257572,4.145200295946255,1.1833545812480093,4.105054419349171,4.913262908438574,0.06268272245139431,0.027560236997406166,0.728350596382757,3.840209407617248,1.244912226544459,5.600756897707544,2.4549448606049404,0.10638592713914599,0.05100046034849426,-5.02966227108974,-0.41406449581417204,2.4288939580189983
465,1548265935.07694,269961,1809,0.029763382642494056,4.532910212530274,7.399297998539274,0.08865338736774171,0.038291852732727345,3.134807573854411,1.6695589279672478,2.816527907870101,11.003586449636787,5.072187843875996,0.1837442284896718,0.07784824654362907,-0.7037907956996381,-1.6712574998865606,10.853132803001708,4.5617441804154195,7.38831287341059,0.08909993999106033,0.03854375679112427,3.0961767857772924,1.8360883116652773,2.8021382889739552,4.53660256400889,7.397967532131974,0.0887063591569183,0.03831156497634648,3.130507065819656,1.68813797539707,2.8128927170457825,8.563896643421618,8.393827472648828,0.17115288483058402,0.07070490224830353,6.992725075804254,-1.9023753023925518,4.563232400642475
466,1548265935.11031,270036,1476,0.02725691631677153,11.450311187454986,11.29446975979471,0.08686229073725012,0.03684548573252254,5.9075421593265505,9.793078160480503,0.5533462460847078,10.231355851483967,6.300857066819596,0.17834099880248705,0.07461038837722861,-2.232145125542802,3.8923242996428247,9.19499767507424,11.72532695818232,11.296490717054988,0.08767664772370631,0.037305386706726236,5.596067619173393,10.292720204047122,0.47668677254175323,11.439009741827618,11.29008392553408,0.08702624301921041,0.036907941107641715,5.916761848691442,9.77619598162634,0.5388787555145027,11.237208481400566,9.034185654133072,0.1331387139213788,0.05931308269419614,6.114342089490624,-4.2809295484605405,8.400197466027906
468,1548265935.17704,270353,1018,0.021731313976448993,5.897013199439001,4.953567790182688,0.04750387413068812,0.020308323546926604,3.1195691706575284,4.711316524308494,-1.6871720337946086,5.110209064992414,4.039531343221004,0.11105367183127857,0.046885965877328004,4.882702182692904,1.2989175292949109,0.7656822677501436,5.8495753371036,4.935661624337747,0.047565223386774325,0.020358508660907687,3.077477299694047,4.68718958209989,-1.666408988145704,5.896293031511436,4.953075659138999,0.04759360894136867,0.02034644308838499,3.11886042581459,4.710355207795855,-1.6871683747666348,1.1272705706715116,2.8623587556507166,0.078236720555344,0.035696974878239855,0.9990950612056222,0.12084408251407637,0.5078825709727995
471,1548265935.27716,270343,528,0.02361617834182554,9.624218703745264,5.708131107716803,0.047978709846621455,0.020469335134309978,1.4869849891720048,9.017140897322117,-3.017553866518079,7.558808065756586,4.903026623237223,0.10699620466116719,0.04492862638950877,4.466267596438942,6.075739835908087,-0.5228944236707018,9.659956850921702,5.717283100818372,0.0480448498717266,0.02051015634042471,1.4776164812932469,9.050318430987067,-3.036964305620909,9.624874575924288,5.711726686063164,0.047988613373439716,0.020475125525300383,1.4866759447252496,9.01789650398836,-3.0244530615169967,5.3863233100512256,3.672694922089905,0.07240476979079478,0.03227040991515828,0.04691106392367864,4.93138611828455,-2.1660353424801686
472,1548265935.31054,269928,573,0.020255018168128882,15.256088151821379,9.315181360696924,0.04976276580676609,0.020759225397151734,-1.5603381028249435,14.654968902663995,-3.9427727759748694,8.317737278781708,5.746916311838655,0.11618683391922192,0.04773643210427396,0.5654105735753363,8.204546586078282,1.2451825725552674,15.409073660409959,9.344086584002856,0.05002114286676318,0.020893130091148467,-1.6926829393781093,14.789432560998685,-3.98083660332224,15.257583449378556,9.315080021419593,0.049772158998050514,0.02076333482023082,-1.5636382823832826,14.655924856469127,-3.9449175035482695,14.73557306137624,9.578166378158434,0.10754512232038785,0.0442616654669357,-3.491642540013299,14.282234909554864,-0.981484492092946
475,1548265935.41065,270377,693,0.012038161189969488,4.857131436460217,3.7841656507687915,0.027225254370773274,0.011403011444079795,-2.922115472205533,3.7399355813635227,-1.0323995376782291,2.072017057994619,2.2324456437034863,0.06304970641326818,0.025888860928399787,-1.7130348301731182,1.1463494817698938,0.21130363196199398,4.840420569150139,3.7806995799419587,0.02739031943447953,0.011484083704968307,-2.906019467392983,3.7299847887861,-1.0353432362308983,4.859170517088685,3.7842522890368473,0.027229438421366017,0.011404466841173081,-2.923178173849002,3.7412456281643243,-1.032792874938554,3.9172677320802207,2.8210597542591804,0.04150966342741277,0.01846138053311139,-3.913429093151708,-0.05650246543181179,-0.16391061305126314
476,1548265935.44402,267774,1109,0.024223945339289232,4.351047242758102,3.591161382987364,0.04313129827984593,0.018634566194345382,-3.3171500594945456,-2.807256440654829,-0.2178046553914658,5.205200338960922,3.6744895712936714,0.09898403321079671,0.042534177436694784,-3.2190924450548737,-4.0686490180682675,-0.4214849542767253,4.035055598817582,3.42682542168423,0.043559836422999466,0.018865891133191724,-3.15203718932478,-2.5004713770088642,-0.30655853506639424,4.414182685133505,3.6231569335849847,0.043201958879513426,0.018662237908613558,-3.318880627987567,-2.8837113422617553,-0.2122546016936086,7.531807643585417,5.149195580806433,0.0684318743752923,0.03160427835669057,-6.231885509853972,-3.174866980061225,-2.7949864097989314
479,1548265935.54412,270606,599,0.01610472928502395,2.000818299158891,3.7527845901404007,0.03452759336342693,0.014390947890855377,1.9795337482250284,0.07444475566584098,0.2813858280743779,4.219039581465038,3.0217188576078136,0.07891087228074543,0.031978920245584436,3.287587674472555,-1.8628971570800694,1.8766130274427437,1.903611580751488,3.7176441909060087,0.03456621734947286,0.014411282762850117,1.879918013157897,0.10638687930281211,0.279869873490971,2.000002748860127,3.7523858718902137,0.03454329590498366,0.014396218160903598,1.9788332703991394,0.07552722943950071,0.2808476445977434,1.3987472810383286,3.229611757618554,0.05474839577253792,0.024189923438711212,1.3612901863733045,-0.10749965283253342,0.3030293869193804
481,1548265935.61084,269858,913,0.015480194989087407,11.71536233678117,5.856739060885505,0.034093398633771484,0.014161964114894279,-6.124317372074814,9.693094045929394,-2.40548939406133,7.034760046608697,4.082379212257212,0.07797560197780286,0.03170809491263035,-2.5501651836970796,6.476272660936362,-1.0209793682682748,11.677406337893512,5.812122081751486,0.03459212751189335,0.01442725856079703,-6.207307472889083,9.598348128138527,-2.3880674044822405,11.71313908915452,5.855925918569178,0.03410842290709755,0.014166576583687928,-6.122322941661302,9.691134952537144,-2.406385810974934,6.841154816381623,3.9745762789583057,0.07156566593346839,0.030460773770500445,-4.279428106994031,4.939732332005613,-2.0216178637193916
482,1548265935.64419,270375,1329,0.01611981596169149,5.353666902711993,3.267528130480116,0.03126945898916895,0.013114851435611759,-0.17944922360753088,-4.017303322283706,3.5342356030843183,4.834888624430717,2.747264304523858,0.07322609044240831,0.030209697760460355,0.12468795090947571,-3.726758034294832,3.0776412200525365,5.387136888595434,3.258725711562426,0.03146143998103577,0.013214958079027827,-0.22795996443020258,-4.034669472364088,3.5624037334159584,5.3537410914915196,3.2679081899971987,0.03129839263783497,0.013129355651487883,-0.1709123994479705,-4.019351078646009,3.528835249167324,2.385588119491102,1.6649347433580797,0.048954257361081936,0.021739050231404707,-1.5315402879320767,-0.3813331526391779,1.7888543956947107
483,1548265935.67759,269227,2855,0.022512001642355884,6.983962706748869,3.2443618529721245,0.054705571048289055,0.023097788577135847,-2.9201876465136407,5.1173557467549164,-3.749787908610639,3.4653467291784,2.567805584799041,0.1343768417997746,0.05603404907647739,-2.346932418778989,-2.3691370326082555,0.9421920695037664,6.912030914135676,3.1856540537245706,0.055036761875221364,0.023281607957540723,-2.883072556422067,5.048221547335632,-3.7389200581704656,7.026319776174226,3.2397910061815702,0.05480965446688721,0.023139429768999777,-2.9511995629731316,5.134758784914702,-3.7824573779957675,11.077559034603008,5.324654013636179,0.07654873382838619,0.0341957340859729,-2.7848838154250046,9.987470503204046,-3.89963706610342
485,1548265935.74430,269836,1691,0.01564976567694633,5.258685288288727,3.600737581023142,0.032295148158218615,0.013424469615081674,2.3910626602827776,-4.044070584195105,2.362643313306856,6.328530755075395,3.2408632469290226,0.07297653813479298,0.029682044269531582,2.089716987461116,-5.333674484379292,2.6898514689352058,5.24161128521308,3.5727822224123784,0.03279277911590325,0.013704711082842642,2.349635627005332,-4.057951543422266,2.3423771166951806,5.221166772970335,3.5919552518168345,0.03235233506216319,0.013457029983651284,2.3815045170320746,-4.025863664217395,2.3334524351333004,5.684195423531779,3.7676189081244775,0.06530237090592406,0.027747556787877735,4.027838300295491,-2.7652221751338124,2.9051923450471553
486,1548265935.77767,269162,4079,0.01972283509686343,6.75000332189499,1.8234164321602004,0.045354461469954824,0.01907934712423656,-3.6429790518439904,5.127347686418334,-2.449806967089413,2.7878978041916014,2.2737657138619314,0.11129488840332107,0.046267806946890415,-1.2150307188734317,-2.0014370524153495,1.5133817244929393,7.068394264139692,1.7216027936488587,0.04594786670128926,0.019393498927920836,-4.045939953984461,5.334546238836999,-2.2660943907492346,6.723279702833443,1.8172365274514344,0.04554841366450591,0.01915208631187539,-3.6227108158201133,5.0866143782970585,-2.429265825955343,7.468014405063872,2.280894013576725,0.0938351347008653,0.03900750050185914,-7.224294505806447,1.6714986159375376,-0.8870740806354227
488,1548265935.84441,269606,876,0.014814929933376176,3.7049169402766147,3.705985413921056,0.034870612089032825,0.01433374978350867,0.9950372261561697,3.383018752269711,1.1364394285238255,3.2824934260209018,2.757369239661882,0.07587777733819476,0.030350053834073,2.2071202757489723,-0.9669305499664483,2.2289971942085973,3.5602600697003535,3.653533138603575,0.03520462084243228,0.014525284308821627,0.9604288520094382,3.218117960988564,1.1818396563381195,3.702605447541966,3.7063134671343847,0.034887361272592315,0.014341673731143822,0.9956655829523317,3.3804334115640122,1.1372417187386028,3.258447106787243,3.620034547315175,0.0550875563920015,0.022110944805978867,2.313636584230777,1.181420391364382,1.966928865695841
489,1548265935.87777,270200,3730,0.02044964828175844,3.6931578518526007,3.5500327675977656,0.043854300936256335,0.018081380535168005,2.9539372760894103,-1.3483593852950606,1.759430719214803,7.108937323320678,3.778247463579571,0.09832441912520352,0.040122960399690266,3.921159739936759,-5.080262634631476,3.0581739198364954,3.7913923898900648,3.6348817828916,0.04447805212271395,0.018425450764061713,3.2140626688171987,-1.1672858352332791,1.6376511209337936,3.68207831648119,3.555989434770532,0.044090911956499536,0.018147725674877366,2.951518130679758,-1.3458072774332412,1.7420984055210837,3.670472589345696,3.5349860164539377,0.08488163369166085,0.03701421898849356,2.9648760902786337,1.894388232359893,1.045548671047188
490,1548265935.91113,268705,4777,0.022999875774932475,8.925924813592507,4.1796297601637775,0.059523506603136496,0.024440000750850937,-4.189143364275608,7.848646146207316,-0.7224716763148114,3.5532980042162587,2.096814480946128,0.13513208048838882,0.05550598755818361,-2.4229119942909727,-0.3923819595325698,2.569330763549444,8.554411865779217,3.997934784610109,0.060197197478030415,0.02482118129609466,-3.9711396999597945,7.5447248989013165,-0.6965185228592342,9.071790713125772,4.190378819758257,0.05969876644881101,0.024515276403916382,-4.281170363149925,7.950639587604284,-0.7996321266711567,10.19002501835895,8.273632807025042,0.09961436902394225,0.03990931739436761,2.3478847532768485,7.825613101831608,6.089649139363689
492,1548265935.97788,269609,4739,0.02480450042139894,4.491714099832823,4.0814862067642075,0.056384684897651804,0.022938548735718486,1.5105683253269082,3.958062027553842,-1.4924556526719344,3.662334558489903,3.0385735763877455,0.1235155559436201,0.049372378506775456,3.393882955505363,-0.5109263595696812,1.2779699361630115,4.136234593600864,3.913614269280411,0.057207737967179935,0.02333949106106315,1.6654569011679652,3.479145156094796,-1.493398441968726,4.4721897154921635,4.090241521927675,0.056513969247232634,0.023005806978238997,1.5205810299319853,3.94655779274329,-1.4873913205739298,2.7390691260521756,2.7575534819583627,0.0831341520233089,0.03693525699450923,0.02479933025649409,2.5514942405663854,-0.9958723868386061
493,1548265936.01125,268577,7330,0.030198445374792812,13.082793956404982,9.94173293773637,0.09690493774974415,0.038593039440691645,12.06854072975355,5.033776228890799,0.4134237988799244,6.752011369139476,5.825095829286925,0.18960936457745997,0.07512135375473465,5.796916985929801,1.8916926034156998,2.8994672064725298,13.092535460981258,10.062708899366113,0.09832711908700195,0.039166415441334805,11.658383808464539,5.955345351620123,0.17445204074533346,13.178689794691408,10.026515428736124,0.09772051171047572,0.03882827084736333,12.087561978159595,5.271839333297548,0.3055922603269162,14.521810799739931,9.637043429876174,0.1451000549179055,0.056397645360314025,14.110613252191378,2.06499641037971,2.740323407126118
495,1548265936.07799,266647,3584,0.023601982603991288,4.709068464748236,5.458116295834815,0.05908048677202448,0.02336736618455896,-2.4275850791866365,3.8198828981799378,-1.3002504117242788,3.3793915112500725,3.639332090051171,0.12572656910193342,0.049209364420257244,1.7250531260012683,-1.0611595879249018,2.7052576638348804,4.707148198231685,5.43446905788518,0.05990548626134831,0.02371812069355559,-2.465195887418001,3.7935332311067427,-1.2996765063899602,4.712296914887217,5.457325790108868,0.059216532706683075,0.02343801422881609,-2.4352378211794377,3.8111790503271425,-1.321599770858049,5.847748230906643,7.28542647375173,0.07992658808008493,0.03283646054391051,-1.270483820897085,5.697341277747171,0.3497607722269069
496,1548265936.11136,266510,6262,0.04105957235005794,19.161680993216702,11.77654635820925,0.1374101554723325,0.05411571662769245,17.698802324052146,6.684779188777419,3.0391021663012463,10.522717304908978,7.146481320181364,0.2601977153465099,0.10125328534102165,8.324161256229397,4.419588561390724,4.6800807479513145,19.595634757923946,11.867297130711561,0.14073256453997252,0.055666732896272074,18.179549486356066,6.474570757615508,3.4018841167385676,19.258523955661225,11.808879823844329,0.13792184834217697,0.05435424399144064,17.89614633012481,6.558198801007321,3.040417360064926,20.415544027509732,10.928455500869788,0.21718091905826195,0.08265484302646248,17.834483965222322,-1.7093342917880425,9.787941352109423
498,1548265936.17810,266154,6146,0.027099419305121757,6.153833307869487,6.9051662837044265,0.07274018146928878,0.02845181759232547,-0.7274175434319365,6.003576277697292,-1.1391224589225188,4.27692826833414,4.28687648432149,0.14964898137781477,0.058163702508948055,1.9115937172149948,-1.2131373414410414,3.6285289944523225,5.314212940106947,6.594233646401583,0.07525456701654157,0.029655734947311184,-0.4490366616903233,5.189875611126537,-1.050912170589007,6.136068176214463,6.902294117537801,0.07335288923907572,0.028678269215914196,-0.7787429315135481,5.984598549964419,-1.1629438291062513,10.070346863413478,9.16968716987016,0.12539107794532575,0.04956087316498757,5.0239433968866996,8.72742018223186,0.06336921265285196
499,1548265936.21146,265001,6901,0.032481263816177226,13.432943500215863,9.340602031985526,0.09988855648285536,0.03902425602929851,9.610243667439086,9.328315773296412,-1.0342690975311641,9.343577561703121,6.30481579736896,0.19858491239881743,0.07619616120454702,7.953395830969693,3.6605388369634286,3.262880909649998,13.168278541924339,9.14846589780513,0.10136485184853236,0.03960578579594799,9.87326166160866,8.690985214842105,-0.6237306425930189,13.590765105897649,9.400510110064852,0.10040240715932713,0.03922469731038572,9.772565806218179,9.39164403359429,-1.073954918445584,20.5638225035889,12.437575138192532,0.20499095896791666,0.07776752194244162,14.288611863271985,14.421269410043925,3.2761800290587817
500,1548265936.24484,264153,6940,0.026900799161506506,17.597519815266253,9.4369636699124,0.0759156816693445,0.029891103110522965,-4.575412079042644,15.66895343246989,-6.5743597624962105,7.588437577496558,5.68288337369678,0.15701262675344677,0.06091021965549505,3.330107901818941,6.804809013081392,0.43513276742983253,16.81914891804588,8.94567137150156,0.07806586683497,0.030903240611358133,-4.913472132761037,14.778395738231564,-6.35142356737477,17.420030823327398,9.406433172745203,0.07681843419853988,0.030183922403115446,-4.16406645047034,15.573156741383702,-6.600365892480581,5.690397301624474,3.9120635477418957,0.15639106985359652,0.06018423530315053,-0.08274716551451014,3.970434980212049,-4.0754656696925995
502,1548265936.31157,266065,8188,0.022456390431299007,8.943430911216927,7.773952346790291,0.06437153156992474,0.025013536555293703,2.4181186880621937,8.164731299355315,-2.734011939162387,8.95377084404667,6.13100143601567,0.13652714925562184,0.05225757858093227,7.764445631927052,3.933717758987108,2.0998240281458274,8.016071381743728,7.372319539768614,0.06691813373283818,0.02608793337739451,2.2584050206232686,7.348801768856025,-2.2698281261128472,9.049646640031774,7.796105964217102,0.06486187582056213,0.025178428728500506,2.3787342276801886,8.190626739039917,-2.815112199204557,8.759818113024943,8.560760941416952,0.14187199502182127,0.05109016393999243,5.858832390828379,6.133188627762157,2.1891764766114803
503,1548265936.34490,264897,9865,0.03022775597077356,3.1273096015916124,8.691011667257667,0.08620921661745788,0.03313618146275394,-1.809671656146414,0.1541308505855413,2.5458588967272253,13.501453711618703,8.07567199175642,0.16528192141560377,0.06414420172341356,-11.851009150605151,-1.7936097552519839,6.214965686560174,5.952353021314055,8.204797303442355,0.09371022727718625,0.036868772348878844,-4.65556029898286,1.59592762761613,3.348026254421064,3.1360286618352715,8.670318217550317,0.0874473361900202,0.03376536577105595,-1.783968489905448,0.12196322670424914,2.5840274814986373,12.103496841664665,7.8664858467442995,0.24884972929828203,0.08955387222788722,-10.795836321273127,1.0454056565154688,5.371376074507526
505,1548265936.41168,266121,11819,0.03370212145241399,11.618551775124143,10.180317997660355,0.09715851362592755,0.036687413144932374,9.52956085904858,6.535404959273574,-1.2110727489428674,7.854313693628201,7.082322286864241,0.17896357896647627,0.0673845734241116,7.351801516060777,2.6830763448265533,-0.6651010405901595,11.519093206786593,9.871272419919977,0.10406986972040654,0.03975233151053216,10.32789135772129,5.0770139459978925,-0.49809416969662146,11.676256494226704,10.177635636306189,0.09843035745927611,0.03726570494743912,9.72978997568481,6.337468310572467,-1.1523373275029596,15.268301368107391,11.616216326345885,0.1550667239225803,0.055956602185582835,13.35020219681493,7.405549334901705,0.2257587647131
506,1548265936.44505,266352,13490,0.020556669951027697,7.825495414066077,9.688881220913677,0.06088793082535795,0.022769417853828463,7.248632731908836,1.5130417996448062,2.5310880083467375,9.661655243440435,6.943979617418281,0.1305076605816274,0.049403465444388214,8.352489348286941,-1.1533497684654652,4.717339084847933,7.948924564178824,9.367860943723182,0.06609087118580267,0.02511286092589643,7.160740120054567,1.5823955592452292,3.0667942471133274,8.27401680892879,9.794302252562117,0.06325049873309281,0.02381381047562984,7.738555081397992,1.2958901765529793,2.7054418153486424,11.254277135895872,7.86060690704175,0.17755879266808167,0.06055852313331795,6.319052521083982,4.3324294551321385,8.243687530688812
507,1548265936.47841,266242,12097,0.020253505128162794,6.055305729093157,5.01477729175609,0.05158943061428412,0.019293455316890706,-1.6697332688931903,5.399400207591432,-2.173751522552951,5.8773941203562785,4.365092919595375,0.11292344786502616,0.04212278037101136,3.484910005659876,4.726529923764749,-0.24306126430721664,6.532251925094705,5.225108855128039,0.054819065194959646,0.020624040491505752,-1.7948371040137774,5.96755074445146,-1.9588805719991573,6.090374036359178,5.069959419050823,0.052824639814256114,0.019915318960768202,-1.659376590087143,5.42653706896901,-2.134118733210954,5.368487730923853,5.81409169702531,0.08279044382773369,0.0281109691617501,0.4936202280586212,5.209757228383265,1.198093989985599
509,1548265936.54516,266992,2779,0.03879035571348331,11.64410203919451,10.810643106788108,0.13022067596781176,0.04645913656101367,6.510776720421223,9.352178137331217,2.3940891553195747,14.287145006555805,10.57263847483397,0.2453185440878013,0.0876164083602493,7.818127848479897,5.024052283587389,10.851649092877816,11.685257932447081,10.587686589204282,0.1315151317768573,0.047030910977874874,6.217639641276278,9.349194327188451,3.2370937075584476,11.591939292946943,10.800437478419731,0.13035861266944607,0.04649307538732793,6.4694656673258075,9.356372082856637,2.375591877050783,23.117153282022613,13.873443525528767,0.2690923191919422,0.08343734646357315,18.718219865546338,11.721453316662624,6.829242496418927
510,1548265936.57853,266215,13756,0.032311389869337646,1.9050974036896207,4.728371841890886,0.09199501217065323,0.03232708637967233,0.616668156963397,1.792826935050266,0.18678351825193326,3.2695340412199534,3.995769991983659,0.17477013226704396,0.06272729605616162,2.3940628320803765,-1.4479827712390305,-1.691644731302144,2.5695414270990726,4.530402974684225,0.10348407847344208,0.03667292750951458,0.23708982806146187,2.5505591092701376,0.20243465396825622,1.9200737244046158,4.7442300239452155,0.09378723914935234,0.033083773514862476,0.6737896717421811,1.577790916881746,-0.09000526028134917,2.9203096603737437,5.930194947669929,0.22059658629050474,0.07378888294257255,1.7338822871295358,-0.029970311358664556,2.349672851119433
512,1548265936.64527,266238,21511,0.046064646241507815,12.420826354996182,8.389172599598524,0.16461430699071802,0.055622727527406095,11.782899591866228,3.9245281525024067,-0.19566126132288733,6.729704708018038,4.550598834652898,0.27079755083516327,0.09503025516163817,3.8231593972281965,-1.8760101773583282,-5.210850553887902,10.742306132799737,8.082910468387105,0.18621082213438775,0.06218919076265636,9.846539312051034,3.8321644875973218,-1.9383807590404802,12.524194312730469,8.298631863030701,0.168138869341509,0.056886738123461275,11.83200714216095,3.870016608235751,-0.14725880049211568,31.229830496149972,13.976251620157539,0.2673776116068202,0.0867319292220072,30.927876365813958,-2.1580413950864314,3.7565454417960384
513,1548265936.67863,267570,20199,0.024969270997944326,17.486024229758932,10.93795274712691,0.09635065722321759,0.033709611939522634,17.1548684390928,-1.2652404100325112,3.1417668446202436,16.23149261084991,8.50314044714346,0.18962338444314417,0.06926532577424997,14.469394966938887,-6.783754079078396,2.84229524528785,16.475671971952362,10.690224396792825,0.11071316763291571,0.038402610861879516,16.092571509459113,1.9146740746593942,2.96832146644341,17.789765044974544,11.172346052721783,0.09886729408013797,0.034980440691527726,17.44657713332432,-0.9447184674764145,3.199801682996868,35.89759657719803,17.07814067748294,0.1905076219104729,0.06182496476577012,31.08590078232665,-17.78702004461797,-2.434364496734488
515,1548265936.74536,266238,24760,0.03410361098806438,10.337217566285203,7.498974879682872,0.11918674118725543,0.04087808098794691,7.510342466155401,7.042673457459043,0.9238904834340685,3.588798507134614,4.649763115022095,0.23374541607312674,0.08442865635701716,3.5653535025137724,-0.18010101170932527,0.3678216313727209,9.121804193628197,7.49076698087115,0.1357611806658397,0.0460834325394847,5.092489869161889,7.363730618201576,-1.7462331064142442,11.479362059825178,8.18023970855978,0.12338480287368292,0.042876935573875785,9.226725481821306,6.7494781969807285,1.2371789853031907,26.84492685047372,12.318373442566518,0.26467181407815177,0.08263342175382749,26.44473529757486,-2.4828130705188283,3.8938042972578777
516,1548265936.77873,267122,22803,0.03450342132566731,18.44465662014189,10.089351483088356,0.1434152292741937,0.04934107971096043,17.37866510756094,3.4859443395270846,5.102504186760351,10.851244317414768,6.569404992835831,0.26621010837560416,0.09643146534978836,10.045473083800362,-3.397662026332305,2.3008403929191186,13.935471529800397,9.127991180196814,0.16985558648472981,0.05713881111035141,13.459758103778007,2.704544443444588,2.3911750038616297,20.82699631194692,10.828290797605181,0.14719560178582558,0.05120954741781642,19.20361420646853,3.72877692636374,6.828781297724886,58.83624190071118,21.50883487407827,0.2444891181677,0.07759862484908783,55.89027585807902,13.378600279692055,12.609261677951439
517,1548265936.81210,266170,29290,0.032856886520869016,10.818809393038086,7.0802965914183575,0.11244636585442269,0.038621281141111775,8.493784569376178,6.101551235948357,2.7700781373479946,3.168760146501319,4.452787008185934,0.22532271071830107,0.08219764131376288,2.6504336553512933,-1.5005449100661807,0.8744182509021179,9.028320197810752,7.069400164685793,0.12754550106887505,0.043663985366075915,6.62296632096094,6.044169124157467,1.0558893427799307,10.889307668558438,7.189683518333565,0.11721207004238865,0.04084025932999211,8.7167303235899,5.457157371494521,2.5956465521932435,14.638411689224478,7.833061465796655,0.23518534804509625,0.07826307445604026,12.909341051053621,-5.770296562001859,3.7862498593403964
519,1548265936.87885,266555,29260,0.031979535081058726,8.988546699260587,6.259967898682929,0.1044204345638564,0.035829322209895424,8.448079791666308,1.9675953026553257,2.3563718559252145,8.809373163288756,5.718793718337797,0.20419477877168551,0.07377737081473755,6.942073652895118,-5.329645592749226,1.003766299265095,6.054194867807171,5.015471167947721,0.12268948974198965,0.041403124904221024,4.498895190200673,3.3667942214422486,2.253422782221529,9.291139006701194,6.419796263539763,0.10820412877188298,0.037321102203129966,8.792019808931217,2.0763311517083105,2.4426410971592283,10.90330405392738,7.060995984344187,0.18918690533202656,0.06584684571816132,8.057545199288365,-5.996804900478331,4.242208816101981
520,1548265936.91221,266852,24269,0.02557782936440614,8.618043789289358,5.817388609929409,0.08234513877054873,0.028336414637543564,8.196267880618425,1.1406237447084828,2.4064183045054333,7.083721903247,5.09223435437629,0.154337714988207,0.054967946103908344,4.057956742159634,-5.804901108499014,0.12339449683589684,8.7011205625571,5.321209999278718,0.10218227270673966,0.03425600722363352,7.236661977114291,3.2607972283722066,3.564747383557837,8.434998662425585,5.771808462555192,0.08353190546531505,0.02873821267991853,8.034211667156073,1.207572103421963,2.224211443819818,2.590431274662172,3.134462848369405,0.14071096377139303,0.04987739638133541,-1.185843078880767,1.1675228553924601,1.9851953967190998
522,1548265936.97896,265975,1463,0.012575200563265389,7.152907073318227,3.284578566278557,0.030712674837189792,0.010874320001163201,-4.237215673301131,-5.187168204260335,2.5106511024369316,7.506434260188843,3.2056655777449596,0.05520654505905555,0.01993203294330942,-4.264969503073669,-5.992161273643775,1.50019789062383,7.162837155894654,3.2207116071249255,0.031216365515465187,0.011025060941289007,-4.252866453383071,-5.030183770781413,2.813647860646602,7.143856576092638,3.2826855176830714,0.03077040202424263,0.010894199186338752,-4.235986968494448,-5.180129329887306,2.5121282715290825,9.016332275717126,4.280033445108189,0.053307908211823005,0.017692278606357435,-4.538001606845935,-7.728601492793273,0.98463601802681
523,1548265937.01233,267089,2442,0.01679629228388946,2.2865061952411456,3.3219054425917673,0.04371714106415694,0.01519081766389153,1.9423226734137784,-1.2064363272633627,0.0021451056341167387,3.456361074073578,3.0510209524922765,0.09009358427158935,0.03216639321696713,1.1880073686864174,-3.2426772161749864,-0.14182678878643964,2.394396076718154,3.294043799710376,0.04442554916043293,0.01542703268175543,2.0914661999130204,-1.127115049094791,0.2975119710679317,2.2769271705719243,3.3179864056778916,0.043833204780956474,0.015225559659336182,1.9905927542651045,-1.2005620180195211,0.008679042333952404,2.754468685637569,3.0356745645999967,0.08823435803626921,0.030293870191381096,-2.21923968560172,-0.8634433854260033,-1.3843910134685284
524,1548265937.04570,266207,21824,0.025610310475406177,8.505368608647188,5.162517646704813,0.07284595667208654,0.02515581853660836,8.465563296650664,0.7386840685636703,0.3603874112845305,6.031518742438375,3.9452876637365835,0.1405683530603365,0.05056027860835704,4.200370861553946,-4.305560714678672,-0.4452526226870014,7.244564108152402,4.163432041018365,0.09316365446743548,0.031039235677193838,6.047989590675956,3.5481403538560072,1.8210521841901868,9.206487821653944,5.426612866135945,0.0753753891544604,0.02629304581741368,9.13891892120877,1.2150677894243083,0.8382969790427739,9.98425187007347,5.232357656184545,0.12144712643101772,0.040517782865805346,9.253224553622124,3.7017254365904835,0.600291227163312
539,1548265937.57955,266509,2629,0.018273315436764186,3.4508951333174194,3.146787707400502,0.04783031597734765,0.016580794193078598,-3.404921987851116,0.560357096808921,0.034400608391880756,5.456057765665932,3.682909630825831,0.09369575300595279,0.03356818053756868,-0.8546226667643209,5.339847216737859,0.7240291027528558,3.5076852651321686,3.13797019167479,0.048437372797804204,0.01686343546181431,-3.4435506596439023,0.6657676354664583,0.050677699797664226,3.47011253121579,3.1498048756423076,0.04805974743349539,0.016666038703805282,-3.428248562789229,0.590804362610862,0.02824452223888807,1.702741080111223,2.919902614451506,0.09655600946965602,0.03255560871420642,1.6511866534100672,0.13376041733117816,0.3937232178246366
540,1548265937.61292,265784,1041,0.022981269513523337,3.8884060421250006,2.9495628126101363,0.061779386788644385,0.021335722809467834,-2.5441209319422073,0.923423294662835,2.7918523691201442,6.541895654647509,3.6761556639681743,0.11589777429272467,0.04092896058101301,1.1859261228175,6.109292426139678,2.0165624313240054,4.02997267840224,3.031770169024074,0.06194457319980876,0.021411788613017083,-2.6995245476318184,1.0989036968276418,2.783102166737739,3.8899598192252385,2.9490817579652395,0.06185330570871586,0.02135740130938886,-2.540146617142679,0.9115110703905458,2.7890942518801696,8.260241999893978,4.090456776242824,0.11251387760410107,0.03764201794850982,-1.0166426431647066,5.139014940062433,6.386592290003071
541,1548265937.64628,265806,3386,0.02174272280509108,3.150126980373315,3.0714199335327983,0.0562809605930857,0.019488151820328207,1.1907800664431618,0.2545887399353419,-2.905258577017828,5.677437101293259,3.520498882282688,0.1136630313591038,0.040200813154970254,3.0955394573515296,4.495621258206169,-1.5621514042773779,3.158200954210006,3.0935788314162824,0.05686315007960155,0.019788788130933002,1.3410799880898534,0.3909043279650503,-2.832477985633093,3.1408460307638504,3.0690267632929076,0.05651289131314191,0.019578154669694994,1.168658628500024,0.3241812081336401,-2.8905088994013415,3.694218942584712,3.208956541226419,0.08635148467261793,0.03026269368177282,2.460323494086965,0.46465283027314486,-2.716276798766019
544,1548265937.74638,266412,3693,0.018896890010586087,3.3365769734197426,2.816803985446761,0.04907653186740991,0.01689358291720282,-0.950683760536047,1.3398567148384752,-2.9040885438825965,5.007262809126022,3.353284289116271,0.09825254581249107,0.03461072726046978,1.1232145228400447,4.492711377748701,-1.9043672050277511,3.1566746602285307,2.860852649387334,0.04950245322383527,0.017138080932062066,-0.6170531303163916,1.4691150338936911,-2.7249846535500324,3.3188360377848376,2.8223878370114086,0.04929276305363636,0.016969281406972535,-0.953826021446118,1.3549850899468319,-2.8836272860942556,3.8215108175960886,2.0929199722809533,0.0882513287913544,0.02874658495444429,-1.9788427035070644,-0.5561450842357498,-3.221619022954326
546,1548265937.81311,266133,1243,0.023297829380950413,2.430608730281751,2.849397430106723,0.06238973501170871,0.021315208409068327,-1.8716535914568408,1.0739461982341008,-1.1186649170359704,5.005442117710659,3.231397518237199,0.11737320108736381,0.041266276858106105,1.6871424691585692,4.431464096374413,-1.6031615779633075,2.3650014998229025,2.8765105639195054,0.06259617846270424,0.02143988419191037,-1.7672505605292501,1.2125988274835746,-0.9998308027156849,2.4366230746714725,2.8485834996343087,0.06252222548724091,0.021357137967863166,-1.8890357170537402,1.0664037321055462,-1.114025924383756,6.778864637968353,4.168889118855087,0.12321192475264628,0.03844701137334297,0.7563441728195777,5.815098113045638,3.400820960855298
550,1548265937.94658,265744,1653,0.01646019378132361,2.1652686647046333,3.1813298263186818,0.040350922894282173,0.014011296781257098,0.3885074775432497,-2.0694635704210373,-0.5047483144548176,4.160539384393334,3.275223373260185,0.08398049910096748,0.029889134044733753,-0.5913306257897302,-4.006564381301634,-0.9528157841766922,2.1581896878019458,3.154737043135356,0.04070671829727273,0.014175476943772759,0.2891039579573234,-2.092582537223604,-0.4419275448927057,2.1607513697096383,3.180263885515684,0.0404363911989197,0.014038109491148778,0.39758849043412936,-2.0636982755693065,-0.49729345364199995,1.8506595964034145,3.394654294715098,0.07328911559519247,0.025282949054186484,1.1510754478400913,-1.4256439914830767,0.25981813771941226
551,1548265937.97995,265862,21834,0.02284390471365265,4.666725615192001,3.2422000058557887,0.056092314263790584,0.019589157535542197,2.573368082128689,-2.7279063342190297,-2.7775225855244035,7.273479643216731,3.9239702550273923,0.10885974960680402,0.03908612759986102,1.502317340967801,-6.895684809488499,-1.759568053672602,4.240497390876781,3.0156565907875654,0.07113817864141274,0.024113841281268825,0.7446388704872222,-2.9205436532572215,-2.982910632924034,4.962894394879402,3.2990327706103857,0.059342060562970006,0.020722496887752552,2.195346487531767,-3.292995081316353,-2.964346793015224,7.292688335102737,4.271734107475005,0.10516779559786635,0.03532210738923498,-0.8165860271896109,-6.139426021606577,-3.850186818631305
553,1548265938.04669,266521,25220,0.02432180224957581,3.7786733646957167,2.602794441163494,0.06383020193484525,0.02227197458663246,3.2303241874272106,0.27478408031173146,-1.9411006543687563,7.057319788672985,4.242365951161237,0.12510323132656648,0.045468171233687335,-0.21457746939189026,-6.981955171386229,-1.0059925914129741,3.5625940982859268,2.3996311677592748,0.08212306733501219,0.027935128425383014,-0.3403612224406447,-0.7498069629869585,-3.4661247042852774,3.5509844070945,2.457454769142743,0.06642988392752691,0.023385364746234337,2.9078252188843896,0.5108470722666949,-1.9686097434898233,9.078776545512584,5.579911370650047,0.1189871027957167,0.042308086559201784,3.3490839882774215,-8.373085018302008,-1.0484594789974704
554,1548265938.08006,267447,24878,0.023194466729746992,4.578411472919883,2.9224329503793665,0.05852972566674035,0.020385556051086353,4.272368618222187,0.7329489023951357,-1.4736023588038996,6.4096646985598476,3.776274414225799,0.11372479817847721,0.041513000965217976,1.6312435749040501,-6.19607947228349,-0.17732772046610973,3.733489840751662,2.755043695765979,0.07426313003631102,0.02535715277508076,2.533515589002481,-1.2033990966466304,-2.4641582265486446,4.474857649577774,2.898950936799843,0.06089538566980236,0.021353284274742895,4.1662867033945155,0.8140496808093152,-1.5454580284209325,8.857805768980418,5.06718323235348,0.11644858846647266,0.04099149725935795,-1.250858074318277,-8.382188644390606,-2.575847559298633
556,1548265938.14681,266746,2809,0.019708516680055396,6.167116300474618,4.678871367348894,0.05436840010003027,0.019187562852812534,4.802498808837252,-3.5933687634833955,-1.4342348428058511,9.143176955356763,5.215270904770007,0.10796855345346644,0.0390863229386117,1.8126765360533126,-8.935868676053225,-0.6798085149065983,5.991155123223065,4.539392069393347,0.05471957759055477,0.019373083923563027,4.484647721794185,-3.6406178302240493,-1.589898215667575,6.198001241825683,4.6908764702534675,0.054484468759404166,0.019231715619355595,4.816180154722394,-3.5907929526222344,-1.4459010682765752,12.125781325681327,5.710415247389694,0.10321037686187359,0.034324031701863086,-5.321058757092727,-7.999799922227855,-7.397574444784723
557,1548265938.18017,266420,26641,0.023857707021446718,5.19059637126382,2.9841220146094196,0.0618982467208672,0.02166844063598843,4.424743705301143,0.62993755489136,-2.6395288421823575,6.974759202987677,3.9224267474583416,0.11931669016766266,0.043104360318253696,0.4154890834151348,-6.579983622950439,-2.275620856585771,4.107058055466276,2.420651088743257,0.0805234593746963,0.027180599039726354,1.775298233492035,-0.40465986726023884,-3.681371000722343,5.322753016859109,2.971948055435372,0.06550561317870693,0.02311677199867676,4.398839040843043,0.32541801337009235,-2.9391999990772457,7.710690168804828,3.22139527172895,0.12570337543648802,0.04008557176311817,3.887326556893978,-1.9441368057467747,-6.368969084546648
558,1548265938.21354,265223,26490,0.029686015020473345,8.334562089406832,4.435634817830843,0.06848894354594827,0.023972617870826187,-7.105814268967716,-4.313092111277441,0.6079187747953609,9.26797414497855,4.6055987010852535,0.13789951982630985,0.049785188257178294,-5.766611660609197,-7.15041278853083,1.2300941676683423,10.861671079868914,4.98973253758796,0.0824030215316807,0.028353179286946452,-10.467661112180961,-2.867174055350326,0.42811496600936405,8.662973157877442,4.547639796710966,0.06990913811480584,0.02462113581889855,-7.244943540563928,-4.335509451663444,0.4910832864421649,12.31779581175007,5.46118013525719,0.13673414754717944,0.0491403947727832,-11.212352631529887,-4.652855099484692,2.088583622791206
560,1548265938.28028,265680,1125,0.019234073471784414,4.685071882051745,3.134886294786618,0.04902420466627481,0.017429661113251133,-3.169889640465397,0.40730677327417775,3.42575530353629,3.974936154326189,2.598329725098499,0.09936971244218569,0.03602661079721279,-2.6214246382066673,-1.089638339449638,2.7822542274878383,4.706195973074822,3.0785825196461096,0.049337485581378765,0.017583319984264,-3.111289145209975,0.5083960078979005,3.4942372402339448,4.6851212117305305,3.1352146336068376,0.049048866595010024,0.017436770266069556,-3.171013734134468,0.4094767517251794,3.4262195292218607,5.967179732971296,3.5567076151974764,0.09039707056220904,0.032316031992522566,-4.362815959929765,-0.06547130491153758,4.07047716780216
561,1548265938.31364,265953,1237,0.02368191130947808,3.039774032033808,2.6633148921362673,0.05628204246330392,0.019801926895245226,-1.5992264923792527,1.0642706592143234,2.3558499009561156,6.387885065677479,3.5177750730787385,0.1135419444950362,0.04144649954164599,-4.506244237433545,-4.2460340901591005,1.5716338600670068,2.7572911899169266,2.598622242389764,0.05677751780733296,0.02000158820763143,-1.3195583601536662,0.946445236140379,2.22837650659157,3.0388819128932214,2.66245622012635,0.05634170649372551,0.019826753861240533,-1.5982283526257066,1.0695292443563642,2.3551877140684185,6.839022842387025,4.338274684389501,0.10428264123773975,0.034588075260887696,-4.704759471087814,-4.930136079748054,0.575525840486345
