frame,stem,n_valid,n_removed,sigma,all_dt_mm,all_dr_mrad,all_sdt_mm,all_sdr_mrad,all_tx,all_ty,all_tz,robust_dt_mm,robust_dr_mrad,robust_sdt_mm,robust_sdr_mrad,robust_tx,robust_ty,robust_tz,oracle_dt_mm,oracle_dr_mrad,oracle_sdt_mm,oracle_sdr_mrad,oracle_tx,oracle_ty,oracle_tz,shift_dt_mm,shift_dr_mrad,shift_sdt_mm,shift_sdr_mrad,shift_tx,shift_ty,shift_tz,mrcs_dt_mm,mrcs_dr_mrad,mrcs_sdt_mm,mrcs_sdr_mrad,mrcs_tx,mrcs_ty,mrcs_tz
1,1548266065.40983,253596,560,0.014402670317555745,3.3953475935033346,3.6663330414710695,0.02630674557845126,0.011362067699723194,2.248130457139946,1.0028837580331524,2.338486454154037,6.183052570983467,3.8724734241022105,0.07067205060065139,0.03007179631916289,5.1818582353744045,-2.9330667726595183,1.6660142950012171,3.415178596633129,3.6307114379013017,0.026345187294335236,0.011389491732040251,2.201318520732561,0.9747075734181797,2.4223102120707174,3.3966849409815483,3.666629687994085,0.026314458748642654,0.011364612747365381,2.2484213926799512,1.0035533319407843,2.338882796172796,5.193601123662171,5.11066076066273,0.05143080721850858,0.021420984879264464,5.082804499710069,-0.50231154715361,0.941421350420835
2,1548266065.44320,253369,2511,0.013557441597689946,7.339601526614406,8.650984918568524,0.03530369812112819,0.014431505066424436,5.418780052308852,4.880220233434518,0.8306767044744453,7.424217696432558,5.348225276223464,0.07927278487945989,0.03205404512532165,6.941500000692904,2.0001988509457282,1.7128311945659378,7.319975684616485,8.617494808032598,0.03548403114049567,0.014526571103270717,5.287579531586082,4.9917983719315115,0.8399379349156664,7.397317551835997,8.66263573916983,0.03544214160104446,0.014488871123368574,5.442782359837402,4.874727073710561,0.8558643741585079,7.8476810277692595,8.517918059075049,0.0584313614467227,0.022614707057615237,3.4559831878265737,5.78536418808282,4.021422500846992
4,1548266065.50993,252897,44571,0.024026137425936338,4.409391877980068,1.4885659911675015,0.05065634005033364,0.021570508752901417,-1.696430148283611,3.948546155177411,-0.9868357239301366,6.156558566459738,4.804173272822811,0.11328254091599295,0.048808324355347266,3.6126863657029564,-4.933462225680782,0.716003542654348,6.011909174266292,1.6753797616100774,0.06281757011023731,0.025628777394241176,-3.85642781493662,3.4209790332930416,-3.0932052763403517,4.4942513617346975,1.6185873475243375,0.05667597299063637,0.024637545190880253,-1.706617279711935,3.2055175917224874,-1.2547467231169585,3.6575790532115953,3.2128776783020934,0.08631465527726828,0.03458284505508767,-2.930574281154227,1.9155509020603962,-1.0584345302120555
8,1548266065.64342,250790,4100,0.024308247558623562,2.7120673844842718,2.6583875697941206,0.047610988605450016,0.02061074020006683,-0.3058376514036164,-0.4193008644356216,-2.6619465836208693,4.594020430503625,3.547397842189707,0.11014678360532411,0.04716078312426303,0.5917841751913967,-4.311840978619752,-1.470660593397816,2.6698596060262614,2.3989505222653396,0.04832554792331596,0.021088508551587653,-0.06703094804704289,-0.1223419115062584,-2.6662125992845382,2.7336839731496054,2.685668824420103,0.047820900991272584,0.020714164383498795,-0.32218969349321586,-0.4306847144738598,-2.6769758405107096,3.1963986751484343,3.765095221895439,0.07332040701045078,0.03208239377266216,-0.15444087936861034,2.4813861813029234,-2.0089388055661153
12,1548266065.77689,253967,4967,0.035526272274084565,4.991855006606692,3.343863275629625,0.0697411807730361,0.029475160381200446,2.204704251705655,4.0797333435885585,-1.847612355096984,5.494879779062427,1.868429818216639,0.1263035027657461,0.053868013016079644,-0.48705533312569194,4.185396498736269,-3.5268877267626686,5.141444295553291,3.4258165289271667,0.0708254920416273,0.030087272900736706,2.111077026513916,4.198382037576552,-2.0859989211304035,4.99147281682653,3.339637390060682,0.07001559544385713,0.02966283732843652,2.1837146185807255,4.065830453950001,-1.8611047397273532,3.074296829731066,2.8208897747632844,0.09240641818177214,0.03933060118367664,-2.4430723045163596,1.7457936824269278,-0.6594718573205646
14,1548266065.84364,254692,156312,0.020319250090555446,5.030493358219472,4.8029032040906605,0.049027585212524705,0.021088142507161046,-0.5067683959061756,-1.715382043341794,4.701756444711001,5.783968513171313,5.02608602630107,0.10563543596560179,0.04521626195157305,0.8534327366635468,-5.701524517944184,0.4675066808394229,30.985222920526034,11.497834983406502,0.37991494240754103,0.13215256804065903,29.909356792500894,2.5295515737589547,7.688678984667408,17.217099341618088,8.514160659139566,0.1704834634058024,0.06150536469150014,13.035781668703663,0.5645901631658001,5.838739994731403,8.829684157628977,5.821390642583453,0.09443737152365961,0.03804912597616059,0.7482301340641021,3.4426944853680634,8.096377502956422
16,1548266065.91036,252919,163777,0.03090230483464146,5.27211902336879,2.7195414996762897,0.05755433490338832,0.025048562537303393,1.427449437812005,5.074741154019851,0.0680390972496081,5.365676072966798,4.489674674153293,0.12588387009140495,0.055255740571759845,3.9112414940399463,-3.6332092477101776,0.5407959482668174,71.33359329009873,24.525056964789943,0.4696653433757023,0.1616075281216267,45.035615150807374,54.30483231964697,10.547989685272466,24.567364403242372,8.800740576471368,0.2110251538679044,0.07508378351228372,19.229413389563486,11.547473818817325,4.717560429813828,3.3582477507116937,4.393354716977913,0.08478982593685715,0.040096438201678575,-1.4651396389375688,2.9125744536685536,0.80504897081567
18,1548266065.97710,255780,1465,0.02163371924982166,4.560984501298766,3.7024286138077835,0.04738850329487359,0.02070340879854718,3.222764600524356,2.272321842998106,2.291925258931524,6.881155513733971,5.208744048051309,0.10648425397651154,0.04620081215381522,4.002428531373311,-5.562431875353606,0.624674865422375,4.139301026534476,3.919171867540564,0.04798391609181107,0.020964360573259764,3.2932263483281554,1.2456347394524714,2.1764345390605566,4.58272250475947,3.7051872059433686,0.04745518466512533,0.0207359680122093,3.2313313379467092,2.289485108521547,2.298769633118556,8.46866122551249,3.9915047564371924,0.10951378198791756,0.04430450887419459,5.004575243519837,4.945494661291561,4.7132294808956345
20,1548266066.04385,253726,46078,0.02655998053815771,4.373764711726427,2.6625793535354174,0.04718094901693042,0.020584402992425633,1.6049878626563465,4.057969877272739,0.2944693352731938,3.4146094286701456,3.4489811005398927,0.10962331571923457,0.04824514539893025,2.7806246648712416,-1.971068509851662,0.20633214229465835,2.2352153050950823,2.6607756550939796,0.059640841286265144,0.024738412564974843,0.30658533817866884,1.971085762675272,-1.0084710242362027,2.9619173874083984,2.602258374508571,0.05157170978447427,0.022348760125562767,1.4571944758133597,2.64473019136608,-0.04287659213590861,9.289523872943484,1.7178441266623559,0.0822336739618538,0.03585225269619257,-0.24595045040435387,7.883804545373867,4.907177197969841
22,1548266066.14395,255696,893,0.025286103000709086,5.309852487842179,5.75054062393007,0.05468290174895244,0.02336627743114169,3.6987708780337614,-1.1468931420810138,3.632941446693117,10.256923341918064,7.583513507872208,0.11171284734898566,0.047835379361383344,3.3461015421010227,-8.566351392700692,4.541553118560622,5.34142880093049,5.764320206188057,0.054973037519085846,0.023462673467691028,3.6855783653405947,-1.3096863417924547,3.637594732026286,5.279249194790695,5.735658200841398,0.0547399809324792,0.023400343057452026,3.6687236852004226,-1.1411472840987045,3.616134713086764,2.461766142900861,3.165654419244725,0.08469629981594491,0.037722566929451765,-0.8491393721431265,0.8568916228187955,2.145924419860198
24,1548266066.21070,255987,3749,0.02628917445509579,8.512507833245934,4.472096417480753,0.04844034297970739,0.021098498880961762,6.155648317522431,5.512772492206417,2.0445348740554374,6.811312707785742,4.828174022078876,0.11350126348016754,0.04934910029110484,5.692811772791211,-3.7380354997163425,0.11386626222775846,8.485645454374342,4.5400567482015335,0.048969006850398566,0.02143563321220074,6.029668535670311,5.734102955410232,1.6641332350647329,8.608921753384324,4.51030632674876,0.04861426558824561,0.021189715308235112,6.18902854901521,5.547703696479459,2.0572899042473436,10.684181439998433,2.613952458153129,0.07371709182345104,0.03308451501308006,0.26334480962595697,10.037047260351121,3.6524053509335594
26,1548266066.27744,256671,1235,0.015096504712193927,6.491420431645085,4.391869624217838,0.028386994157064187,0.012579839275123184,3.9923688618973268,0.0038617258278848187,5.118546197701603,4.436589232719945,3.7220845318484845,0.06821440290950673,0.030076394521229056,2.396827843520128,-2.909975010379563,2.3389283331003683,6.428180370460517,4.434935641379588,0.028567158580446866,0.01266846377280169,3.9893433426543408,-0.2635155831693321,5.033607265870106,6.494435708655098,4.393727934424545,0.028402222257957625,0.012590251746835847,3.9935054356716497,0.006498073307929193,5.11575201499838,5.952199278600123,4.0028468707183125,0.04387409595856941,0.01831841585871034,2.524078986809082,-1.0272411967564854,5.291736675629558
28,1548266066.34417,256561,4990,0.02499619619571484,9.358296352490063,6.222191605897123,0.05609795876555855,0.023946686316733152,7.224989992166919,4.4903237174958255,3.90054139142391,11.635793534335123,7.52035909140423,0.1307295215435099,0.055297671075909785,9.950854310100565,-5.963116143534375,0.9019066091052791,9.307113353194563,6.158818357190073,0.05754374937753445,0.02473714951078638,7.032429376046468,4.945398221489172,3.565155322145578,9.353804981618218,6.209197611140289,0.05655798455251923,0.02416241878592757,7.213609254441526,4.4592952748272,3.878524244809663,10.63687511743694,3.7267445199794635,0.09457637696333211,0.041836268366982475,-1.1955937401140568,10.159650102821685,2.914648805737065
30,1548266066.41091,257398,993,0.025628463190026252,10.050745295406895,4.150291183248677,0.04532489818273099,0.019757887589384807,5.19381513340926,7.8789018221535505,3.458998616648789,6.449728014274427,4.562640889239229,0.11143537102931347,0.04821752053093802,5.361551864774626,-3.3469635005234664,1.2847522662411546,10.053105200867703,4.175729458033719,0.04546697563030034,0.019830040904798448,5.244804427286699,7.864904573870221,3.4205594196187272,10.035867736259654,4.143066006854436,0.045385773445783,0.01979597971948771,5.194807930052866,7.870789671582628,3.4556027463959644,14.907806622091007,5.916920216788764,0.07861884352946509,0.03081185253984507,9.500386930427831,8.866353529636012,7.305691037905145
32,1548266066.47761,257563,1135,0.0507915426962864,10.17088065585835,9.093707091092393,0.12241006946384371,0.05113225203870541,10.03345325031481,-1.4999827765425662,0.7257278136714777,13.504831315672071,10.405892224101027,0.21061822540169273,0.08805478182348421,11.444070628177586,-6.001865603434562,-3.923177997535817,10.572552311753935,9.266851438684425,0.12316550656983073,0.05139172929220665,10.428283771911886,-1.5838811861393585,0.7218589512130887,10.158809333233064,9.08709685406702,0.12254422317474895,0.05118606747224948,10.017482088725888,-1.4902159531657622,0.731677323223645,25.423704373889876,15.453169848472736,0.19071537680075587,0.07989000036393593,24.83757685578957,-3.471297979123752,-4.172482518096973
34,1548266066.54435,256692,1066,0.024234636503821547,12.199979020667504,8.365503358007448,0.052542665780123836,0.02216112221513052,10.961334274692383,3.8504540405776386,3.7232570022200426,8.042584595671743,5.840306282522209,0.11598652081568875,0.04888721923093482,7.437684759930608,-2.6642147705219426,1.5053146006616354,12.605099973920169,8.538606647033994,0.052848806571105925,0.02227080431267548,11.419904270435227,3.736721954475761,3.809362261790861,12.08545979937415,8.319531110478046,0.05264434915037636,0.022213735974950303,10.828638471436701,3.872352298462787,3.688912893705397,6.413501018265603,5.777622232941266,0.07986708748869746,0.03377821790668052,6.23848215318792,1.2472272170106187,0.8116403173806065
36,1548266066.61109,257934,1813,0.025202456208625962,8.179640296626955,6.308592033668268,0.05198919288225024,0.02209719569439355,6.665136147929935,2.7126486250730473,3.888960394327837,9.353940532353553,6.24495634024528,0.11793026720213183,0.04962036082611751,8.579521566143182,-3.1403530509295017,2.006538286305167,8.56274860569352,6.427283060327527,0.0523555368220611,0.022252642154550216,6.990876304789853,2.8006207063019337,4.074903168771859,8.186769983103087,6.312930870571046,0.05207430426884366,0.022124266871760955,6.687377015913077,2.7204131564758742,3.8876731199323915,4.589854104382473,3.2694311911033545,0.07168597311819978,0.03097060330091063,0.2982369278940807,3.14754351896117,3.3272789529287246
37,1548266066.64446,258033,2076,0.02240302684984215,5.662532804056163,7.685620882006892,0.05071972172700911,0.02128728693465996,2.7190188357242158,-1.974684001650569,4.557613127681458,6.293269176607718,5.8178673870552196,0.10925132170219976,0.04595083064077784,5.880450991341816,-0.9324517537224264,2.038643371128901,6.093182777946959,7.685387487324549,0.05117741078185371,0.02145728905147529,2.9589399912942023,-1.9634857447322989,4.951391140237493,5.705476036517778,7.7005440091579,0.0508318593902749,0.02132411986706465,2.7008062710248915,-1.9984448673576007,4.545161034457127,6.575894006226899,7.427065649089611,0.07393415575938991,0.030436969826360617,0.027428171779207092,2.8403056181679602,5.930791993648674
39,1548266066.71119,257514,2023,0.023113211692791676,7.782623503632645,8.320539428235552,0.05078917313496083,0.02132703601305313,6.174713516481151,-1.592398626976371,4.461659803423387,7.15335565438576,6.21410251136976,0.11066154447871994,0.04668488086939704,6.6644670579901355,-1.8628827276627782,1.8124690049964207,7.973019659490162,8.253005549687769,0.05114901083886522,0.021436414581131765,6.171459460526109,-1.651169103643,4.770300955796621,7.802052622732865,8.316416468996131,0.050912460137273005,0.021372724842772917,6.198082875943351,-1.6076413668166236,4.455949877301369,5.480890517299382,6.91515111832895,0.06773007174224233,0.029267416779907886,2.8627842882642396,-0.7171862731780788,4.6184706160215665
41,1548266066.77792,258199,908,0.02701368801606398,7.176857876264542,5.307300548170726,0.050724538625718636,0.021800310162673184,5.707711570151614,1.6125968307768859,4.0408970624634994,7.724196857931323,5.257274601430806,0.11468190766572706,0.048506029869452634,6.977416053494094,-2.1184803949092914,2.5477290148098555,7.280644739808852,5.303906288621961,0.050857892127225315,0.02184921766511099,5.7204593721459,1.6810518003019757,4.178300760313448,7.174772720881743,5.305468257223848,0.05073934466647637,0.021810560632615356,5.69955648102078,1.6218260232356752,4.038115466584252,5.9630462543450085,4.517253163965532,0.06794456052434611,0.02836126995609366,4.069731442923372,2.2708908211055334,3.7199813833616853
43,1548266066.84469,257865,2246,0.03248367511993636,8.48791958561738,6.6342441916073085,0.06583513970946867,0.0279899396343941,7.5367977830649195,2.7802237573180495,2.7407688571528888,8.094853088356034,6.083382247498365,0.13350927936758736,0.05654743349848777,7.302589957818208,-3.3032630639783824,1.1345834302491877,9.114883960678888,6.905792699561141,0.06636005405780948,0.02817904344260478,8.209545304816675,2.752702288287724,2.8472979501378557,8.510149507739104,6.651813931662404,0.06598656143904588,0.02804628711381514,7.5675336979194805,2.76688936083002,2.7384650181798635,4.240260387618007,3.0904397160662542,0.12256823662719203,0.050486724449557825,0.5006560490748171,3.7854483002785755,1.8437822109037867
45,1548266066.91143,256683,746,0.04243780224473351,13.97875446143132,9.785708585198268,0.09289768844393972,0.03944542050389377,13.555717188902687,3.3982566064287525,0.31616423633550955,11.546741444235566,8.000374228166912,0.17051942357602012,0.07215819867204981,11.283095570585147,-2.451878887183979,0.08533608644970449,14.102756651047075,9.893888404285255,0.09306420459958539,0.03950609002325685,13.70261896347555,3.326842970236778,0.24102811420850145,13.964587627755643,9.77684891785488,0.09293467095696241,0.03945873757980997,13.538096326000927,3.3971992845859154,0.3251379099579865,5.344803739626593,3.992441303039232,0.13477984240228102,0.05862157468025085,2.378392612362826,4.17208975873159,-2.3460269908232787
47,1548266066.97817,258107,1066,0.041158986534523934,8.409129434071836,5.535517576030252,0.07543725181452492,0.03297852572321978,6.869901113838406,4.519021072027788,1.7596491342378429,6.830971164627063,5.36702360948618,0.14539400907359715,0.06352633755463367,5.873151661116121,-2.834372772557333,2.0333685361195637,8.438849746481532,5.59246554887411,0.0755603660452058,0.03303508460229206,6.948649089761133,4.450427464367755,1.7675282898597031,8.405850068439614,5.531336463842677,0.07547453012531945,0.03299954869898714,6.860222761690144,4.5178783773423845,1.7556649292328794,2.973741200678582,4.077046817521381,0.11384543758198704,0.05029408210160689,2.869681289669977,-0.317605151320121,0.7121748325982012
49,1548266067.04490,258112,1817,0.03483936901958414,5.8718876960518065,4.362819893055858,0.06338531660348748,0.02777773628650577,4.049139307209066,3.533138936672686,2.3665302110952404,5.237909569851343,4.433093122136168,0.12775081720410267,0.055756749212780864,3.6502425223289436,-2.832270060549601,2.467726178942119,5.918326860778674,4.552687792185953,0.06364581061475937,0.027910457364177767,4.372909899793735,3.309882054152277,2.2246196589307132,5.903658518794638,4.3596464433279785,0.06357745956428475,0.027867310987384958,4.0346763503588825,3.538357580120371,2.4085290643143,3.368535523024319,3.9861312923181043,0.10593124992553613,0.04499326104495537,1.4716061114383623,-1.2763946213211455,2.748130963639913
51,1548266067.11161,258190,2488,0.0313043245454412,3.774507610316049,4.821502116601979,0.05814240301988118,0.024820662142444227,3.6255415949716094,0.6888116691428232,0.7923978343718339,6.661326135624368,5.224678940309682,0.11465192729068364,0.04928321479090253,5.460365916007174,-3.3813562575526945,1.7675123218718036,3.7750456380496322,4.840419623457695,0.058529926583008714,0.024957455768783478,3.6195208485214776,0.6681248166885083,0.838837067493363,3.8372821946463063,4.822511134790361,0.05835935123353095,0.02493343630705544,3.639962975202154,0.6803256281017372,0.8263787025104252,4.534202710175933,5.341520100609988,0.1163567961604929,0.05093277987778969,3.6809772237128406,-1.9937933189952688,1.7418923895016918
53,1548266067.17835,258578,3851,0.026567564207363174,7.164855122609623,4.9255699543873375,0.046603760880306586,0.019976751959620655,2.1311070674919677,-5.43727137684205,4.150856727164323,6.877865336850398,4.634022591962024,0.0927848483908758,0.03970377197786133,2.9619118474317103,-5.309942947031256,3.215060761348833,7.432817896340896,5.055500398778046,0.04746912887918215,0.020368975113125562,2.604508722237081,-5.481042016358961,4.292026865114448,7.193602643161836,4.931749639377775,0.04699927856307645,0.02016552342613938,2.1592739510230308,-5.410878123668792,4.17467241762272,7.919969788607461,4.829408656597178,0.0601664573326453,0.025370668855755337,1.7085793248957422,-6.780993466669417,3.718172366631274
55,1548266067.24509,259046,3442,0.04789879083288513,5.661908470782332,3.798030201044466,0.10880328088249781,0.04464044769029789,-1.6345384574536204,-4.89595915574011,-2.3270314797927516,6.46864553934013,5.083474400239232,0.17796140610003974,0.07384789207220921,5.620219080820166,-0.9612930127058792,-3.05490234556405,5.219657417236657,4.152535333208017,0.11022409087134998,0.04518580334311858,-0.3522608459532063,-4.785727157351476,-2.05366779813838,5.606603147165842,3.8304980970987925,0.11013907424018361,0.04512582203202033,-1.4734462036810252,-4.909214253000559,-2.3297396007032227,7.439682319039896,2.416097922605995,0.15392483442342464,0.06490266626469007,-6.76913882908012,-1.9364127491273662,-2.403734216982335
57,1548266067.31183,258325,1967,0.025497698666838615,5.312661501098748,5.918452395536791,0.050742106900522846,0.02126907597641857,1.697631322082833,-4.096717253754942,2.925632899446999,6.083084514255896,5.573780764234903,0.10138164678270574,0.042964809637395705,4.454916716867627,-3.70371461848698,1.8547593585581663,5.868513855970644,6.034406783488831,0.05141539093596776,0.021516621197123983,2.1691826749775425,-4.470392386947758,3.122449888631719,5.325887537154742,5.916608394500594,0.05092863656727992,0.021337579874852523,1.6803015937066799,-4.124429591745786,2.927000794508718,4.814113415426866,5.259848589388829,0.07188179223843716,0.029925845994861963,0.7112923132973498,-4.008348817834076,2.5696091096128217
59,1548266067.37857,257407,1511,0.03234571769156433,7.669384591503486,7.06491199509204,0.07298440143355764,0.030200528202759758,-6.559041505317744,3.5609321211233285,-1.7658417178961296,4.175871066924507,6.675952184418248,0.13080658330048328,0.05505287314041803,3.185218923811139,2.2737900512462863,-1.4567629792886845,7.631895756745436,7.064534920217156,0.07346883281885477,0.03041375270906318,-6.568640945363594,3.5089706848331255,-1.6691056604372334,7.5744733279492,7.0856980191748615,0.07325885917705845,0.030338563688324903,-6.44199351620097,3.518162431168362,-1.8133173182308415,3.5190234009229573,7.515365366125623,0.11752919729808374,0.051084147848009874,-3.3343440711937333,0.40677901635730934,1.0489071183808198
61,1548266067.44530,266790,2428,0.02592799468783857,5.581751930733744,6.791904375697461,0.053872583665002804,0.022318918149900127,-4.405482007180108,2.612687411301971,-2.2184560828392357,3.232370663949384,6.201152941812892,0.1017469568225165,0.04294992385415828,2.7034979287217187,1.5641349264105788,-0.8323466768964312,5.5714175241351045,6.828738507127785,0.054530805251737424,0.022627284986477373,-4.2753948384937726,2.813648508579319,-2.201152941844324,5.639077283868726,6.775852904120205,0.05406100307917843,0.022407430575492222,-4.468353195480059,2.635766271635676,-2.2085061212916184,7.028942617467047,6.675913396858376,0.10218640552753908,0.041453367514230934,-5.028442195825196,1.777955705084007,-4.578173971535858
63,1548266067.51203,267127,4528,0.038353024988071076,8.269222762752477,5.8679853079659505,0.09306524380328837,0.037223737529333834,-6.4588808598182395,-2.831116581534553,-4.318296196471174,5.830290793618298,6.5732983744671225,0.15647117915537107,0.06457362068076987,4.536542731872828,0.6809834272669263,-3.5983791284173887,8.61679249135629,5.662449308370056,0.09444675533741523,0.03797507799429027,-6.927024264460424,-2.7347296808754247,-4.334362842588245,8.252748991094233,5.865373890567025,0.09352010378200395,0.03740272586327871,-6.491941683092858,-2.6901710354026234,-4.278493431471141,8.249275970850489,9.205110661516535,0.15947307585195336,0.06509964551633379,2.1458165185911797,0.6330506295485481,-7.940105314932587
65,1548266067.57877,265881,4871,0.03200445268074518,2.5660708084801858,8.620573053827295,0.0764209042481293,0.030771438856416804,1.28285105395077,-2.0457268603782492,-0.8683398990248599,6.74169612384212,7.945076770254357,0.13415794477351636,0.05583534824024029,6.6735966088904295,-0.7979725192166214,-0.526131909894368,2.5722840032008474,8.572060255168646,0.07758499025088163,0.031358452937753585,1.1911228688726212,-2.1869582950096644,-0.6442706886550511,2.377542177083311,8.622240777770411,0.07729132829210153,0.031170079889585478,1.1150749299928564,-1.8902291274760255,-0.8428021497363349,8.672587521966328,9.892714849982669,0.14492930904160609,0.056261758100311275,4.470686324843648,-4.6529559724214895,-5.794543884528727
67,1548266067.64549,267300,6374,0.03126597865662023,4.250216266681191,7.035424917569839,0.07056046988877629,0.028433902708443527,0.8905376566661369,-1.3552075029884065,-3.9287012637085192,5.328694682738695,6.261574110098639,0.12997138805731448,0.053564283318549524,3.9900540909708817,1.707950271994828,-3.0914982195315868,4.205315686555018,6.759644368101524,0.07306623303492574,0.029781863326810668,0.49423289726583014,-1.1619953638831169,-4.011256740868136,4.290094845120191,6.9789425905292335,0.07150608716307413,0.02880014771047447,0.7862310678207634,-1.404981619280999,-3.990740227895101,8.881602867365348,6.734018030756292,0.1187075645089444,0.04697588234594055,-3.994843356261488,-1.8363367051392905,-7.716991872347931
69,1548266067.71223,265740,1989,0.029451128145517234,4.432394113815989,7.60955282221655,0.06750085763683963,0.027526939987416434,3.379774898916757,-0.050330741917062945,-2.867177362714231,6.206803838842904,6.647243504490604,0.12385786687574916,0.051034441005750726,4.751610661392725,3.4077762638123916,-2.0817470913179776,4.308147011721617,7.47311512101262,0.06825749195736829,0.027855935478158747,3.1093402619302037,0.03376189687057585,-2.9817769776536642,4.399777605154665,7.593905527241583,0.067758277454081,0.02764869293897928,3.335328716806184,-0.11403744186352426,-2.8737906463756198,7.984818788701179,10.023059892867643,0.10732610767492702,0.044938992194750935,3.0805213523828407,4.579829967259456,-5.7699979858662855
71,1548266067.77897,265163,2431,0.026694478729943488,5.003329223381147,5.9664800306138215,0.05752939740548151,0.02348619609922469,-1.4950464590617383,-4.5131463977699555,-1.5587331378663942,2.638942546445936,5.1056425142404285,0.107039795553147,0.044118162486431634,1.0152526336167182,-1.6350879495342558,-1.8054825534091279,5.085610012324403,5.87584911053855,0.05784446096709053,0.023652787360927477,-1.6708553973060805,-4.488134173991289,-1.711234371732545,4.963889075862559,5.963816918233491,0.05772438599672771,0.02356632059804898,-1.4838794172131995,-4.478821117667182,-1.6393899826387224,3.1500302488841663,6.801985886284607,0.08765066226249471,0.0365053582118235,0.262882419172459,-2.731510435122939,-1.546749541907083
72,1548266067.81233,263584,3233,0.025857172701055538,6.809158161153125,7.2612801779477385,0.06012264974780273,0.025097138829362722,0.30218511696764655,6.801516035665434,0.11268822151146252,9.161121863656424,6.538945203231414,0.11533916082352484,0.048259591620014676,-3.3160323480854172,8.374223450538766,-1.674056411134785,6.416928934371905,6.818145109637688,0.060952922161388326,0.025512140873150343,-0.9217945727622098,6.35004758553627,0.06455521536232983,6.735904592645095,7.245274300468401,0.0605786070454053,0.025293629658719452,0.1675663097052705,6.724670130603347,0.17730457559982238,14.930317746853799,11.007129898490529,0.09475589975467975,0.03944478942582496,7.793728071609707,11.525988509246712,5.415143548654376
74,1548266067.87905,262790,1048,0.023968560764372707,4.209286411494636,4.165631085423944,0.04810431573155383,0.019862916971164372,0.6827800223360722,-3.8634440530967304,-1.5250257649245322,2.205908948093371,4.399104869468374,0.09627301665042802,0.0398936705833232,1.9127061699428891,0.598254316412918,-0.9217815183838953,4.092022476660174,4.192670424622383,0.04828710476949867,0.019971007353954667,0.7530668077666218,-3.6840179231120995,-1.6141716992690294,4.206487963689895,4.164763190294234,0.04814405940042264,0.01987972650907697,0.6827419037405922,-3.86282785095742,-1.5277421697445193,13.80234079949957,4.794839444447353,0.10266545003391722,0.03868174436218024,-0.9057237617446607,-13.51046371293187,-2.6742562095829054
76,1548266067.94578,263361,1458,0.017848585169582494,3.7433272912418567,2.5854937992755436,0.03015390397241738,0.012657303810503485,-1.7475328769527017,-2.560972330479412,-2.097629322793796,3.3508457640310723,2.2039242756836854,0.06379985895414027,0.02694807965878826,-1.8365423510556211,-2.2634376475608895,-1.6529154675022242,3.5480946836639826,2.6106230079191244,0.030426902920124538,0.012843526576002306,-1.6724605523688332,-2.3615606186765548,-2.053018029470457,3.724160502322613,2.5855209148236473,0.030234129354063055,0.012687711537667668,-1.7427644469311074,-2.559743947600073,-2.095741980046956,5.580652034551134,2.1496379221157738,0.04835769618239853,0.02057414572462482,-1.369056073006573,-4.740411078397995,-2.607271640528676
78,1548266068.01253,263875,4237,0.03485284883466015,5.494986773892255,1.8379163478849818,0.06831400711069713,0.02895373068669851,2.1495545176274464,-3.0234071652719643,4.053801195665668,2.4917497724829185,3.501522571008536,0.1217270290780024,0.05153444069148989,-0.7620377745527969,2.1577669609300694,0.985980274215418,5.364282193952839,1.794703304279829,0.06946594989062706,0.029540466199564734,2.096326520334203,-3.0198687924866787,3.9065753611914396,5.4428507805945685,1.8581313682916751,0.06914609786413017,0.02932506672068971,2.1228045080217655,-2.9209930436862335,4.041544666187956,8.733324413059629,2.4093114157607203,0.09237939003880584,0.04036930757269729,5.549996891546918,-3.5348037268002677,5.742268926179075
80,1548266068.07927,263882,2335,0.020512878724932137,4.33398768034332,3.919912106719747,0.04436825183271147,0.018323386595679534,0.5701042816278258,-3.180762401923586,-2.88811025827384,2.698354970083199,3.6107279130669316,0.08724614778836301,0.035752699562838906,2.0391660857869645,-0.16418746534992973,-1.759535079323779,4.352282214631756,3.812779624863392,0.04467383394267362,0.018442521170247902,0.3436729455594585,-3.0654151514833385,-3.0704200578010115,4.3580215065088055,3.903719586432007,0.0445472479451105,0.018399747800788117,0.5386307191674301,-3.208583316100517,-2.8778748655377187,6.483237931768339,5.571935127241353,0.06687350367381721,0.028490088531712598,5.31035135480037,-2.092882492845329,-3.074473197091041
84,1548266068.21275,260932,2412,0.026562608314822243,7.9807623438738435,4.9224324530148795,0.06353775110125812,0.026252133781915283,6.133612972880444,4.966825740694791,1.1840614637252072,4.684341936547443,4.098626976883308,0.1201075516037675,0.04936113086523451,-0.12428889760574593,4.341493457165898,-1.7547211202395359,7.640518651653162,4.826246611888581,0.0642851280200809,0.026521247671984795,5.788804639463077,4.8720456394240585,1.0632202969091673,8.009222218252063,4.923477684454394,0.06384352993662938,0.026355685839574927,6.184891939409132,4.959904837388175,1.2031481029241753,16.92525800366403,7.938805914993496,0.09701273858296687,0.03842710540045218,12.6143223048852,8.346597479474196,7.594573180548338
86,1548266068.27949,261845,2551,0.028983930018708026,7.352772624472996,1.593695606853718,0.05820182909405964,0.023461215012954072,-1.3234499118067664,-7.220283896967317,0.4233745922143043,2.283135803449128,2.3695372889141586,0.11060132447406154,0.04455831877637053,-0.4802527812884992,0.2761655170442983,-2.214903828668778,7.312751824805885,1.4943479818535659,0.058723651331143725,0.023699070116961044,-1.6691346000574474,-7.1188192218142055,0.1128796935744233,7.373164420694292,1.5820397264611534,0.05835439003098383,0.023515690926745537,-1.3914508742501857,-7.2365366427375335,0.38466244568276337,8.743984665033862,3.366910957064763,0.07614201189496275,0.033038486642167006,2.384324485308852,-8.315768341923132,1.2728949110484444
88,1548266068.34623,261098,5929,0.04217506079755428,4.9533915465504945,2.591109886934961,0.09110270561561452,0.037259606041640414,2.1160267405057747,-0.9457605935629784,4.377676957767191,2.933602488422811,3.757754114619845,0.16217225045950864,0.06652387963380753,-1.0957533082664053,2.72125737061209,-0.010323293714322133,4.383064975214205,2.5753875534055615,0.09311039668748955,0.038249704917860575,1.8054221964809627,-0.8538825295435469,3.901614267856789,4.901137767468557,2.7208034140839636,0.09251904275307189,0.03785780703959898,2.148281756771044,-0.7042430922022458,4.403205121741222,6.552788031219048,3.2425485499575926,0.1213468955049113,0.0511395511198488,2.93667538541496,1.0816823192295832,5.757163539717422
90,1548266068.41297,259552,2642,0.02904579702035491,11.39255856683394,6.343649200286511,0.07332356381611044,0.029585348043976542,9.917348255017583,4.051205402838429,3.87612294328416,5.053912090873541,4.035935851771367,0.136739549776578,0.05503521325728959,3.800006651176028,3.197184479778655,0.9380769027953968,11.018435885694288,6.203574947396326,0.07423888739510474,0.029912295957576805,9.5399851511264,4.054925049927869,3.735263782239602,11.233332888328341,6.246746246018897,0.07370177741381415,0.02979378788805924,9.808417109039318,3.9124699523348268,3.8535394663189324,22.018163308886688,10.27346050789094,0.1304730342756074,0.048861327180855854,17.247743277662842,10.82406601367706,8.375826064108619
92,1548266068.47970,259221,1569,0.014346486005054825,8.404576177809847,2.112926580443548,0.027098844786814787,0.01080984014744657,-5.136257973744366,-3.4448444010994868,-5.691116042391836,6.387122648437197,1.91381982542395,0.053777064217240364,0.0211991707880274,-3.019845924341972,-2.6821692750220363,-4.94791211517973,8.370634434404485,2.1055921069520647,0.027211757303458737,0.010869552086791733,-5.086126074932213,-3.3980044198416106,-5.714228587225893,8.411437518201101,2.112547391062243,0.02714563050403815,0.01083598471768053,-5.1402858232722615,-3.44563186468841,-5.694323227628757,9.117645259995424,2.6165837733981925,0.03702004919817326,0.014410420214015326,-4.7543992964071515,-4.4380480664891895,-6.3899038941890005
94,1548266068.54644,258942,1054,0.020147599857076662,2.8737260540230034,2.9819415590835363,0.03839918446630777,0.015475603393470812,2.0984043020595857,1.800631974444259,-0.7827677249845049,2.1425229456682704,2.840782436117063,0.08512223746096098,0.033683640236463024,-1.061628965445574,1.5575634586997413,-1.0185011460795232,2.881986861571417,2.9771805597063032,0.03858004089593891,0.015551623522806073,2.128687606971046,1.798132416415973,-0.7357018113557953,2.903084332644567,2.9854865904604058,0.03850495178808705,0.015508080713912301,2.1041843903075197,1.8238469151036971,-0.7737892900585278,1.7046166729605121,3.044775302618317,0.05635029542604404,0.022852479710210698,0.4096919102873968,0.3594574604139655,-1.6151349400383768
96,1548266068.61315,260101,1248,0.02127503189169216,3.1200961091578026,2.565838333671779,0.04238864716056227,0.016431617706393932,-0.6602238851077149,-2.8869751071953678,-0.9820788575003688,2.1814797261833907,2.432122227719164,0.08846581539100384,0.03450055459079434,1.3611527301903923,-0.8692987723240491,-1.466436730745757,3.187113507371209,2.4857683538678423,0.04274181478018345,0.016547646621691902,-0.9663861285039235,-2.724881396352079,-1.3411978732899748,3.123481336333824,2.568926650516964,0.04244620345532481,0.01645657167150226,-0.6564258501870928,-2.8896701056530985,-0.9929982893612576,4.493649558409399,2.804849498310777,0.05928797581852439,0.023659819773421208,-0.8233007839953398,-4.336919690403874,-0.8403509813481622
98,1548266068.67989,260507,1870,0.020917550938941407,0.5320340973893634,2.9640664618716372,0.04179525854517083,0.01632215273592544,-0.4410222793181757,0.23911852338886344,-0.1771495461530879,1.4004282540266055,2.169857841348216,0.08715599327615418,0.033910101633506363,0.08922336902191359,-0.3749323447016742,-1.3463521909191856,0.9772575991007008,2.9041164721666854,0.04233602902322251,0.016503407130821064,-0.7535818142103698,0.361010925933004,-0.5067721141188303,0.598895181245795,2.940168311826507,0.042154044871201106,0.01646712088674209,-0.5189060538868648,0.22069833759452873,-0.2415434887267583,0.6778713877062053,3.334404253156949,0.05270027904261232,0.02118145648053059,0.5217505773304343,0.09854817587829608,0.4213955509460861
100,1548266068.74661,259556,2083,0.020353404480244055,3.322886107965979,2.272417989272683,0.03943918328346616,0.01512496538076536,-0.5790893278508165,-2.591897304475524,-1.9970718564776513,2.838928773380816,2.3434217261918566,0.08521940756460562,0.032943888541864634,1.372496132508315,-1.572808732021355,-1.9240695515122628,3.6715967610546727,2.1508440043271757,0.039985965046150145,0.015278915856364216,-0.9104809803766921,-2.421662550946906,-2.6052250669569386,3.3109994177788415,2.2874125689816562,0.03955672017913452,0.015166619831928537,-0.5477597294416355,-2.5731094046965484,-1.9953462021677568,6.343127131536362,1.1550125708338668,0.05628741625131632,0.021173438829134413,-4.026115663745635,-3.915587912376309,-2.9485294248874814
102,1548266068.81335,258114,4530,0.02928270324603143,4.406361738870047,2.3116533300440874,0.05844673047654966,0.02226384236831848,0.10447373778466156,-4.2650280572374815,1.1021091973430976,1.6228843146639171,1.9258750395328028,0.11369348983327283,0.043557087208299386,0.09571660496100083,-0.7408579401367433,-1.4407363890917912,4.3215312630525595,2.113339331050102,0.05992316638484456,0.02275265604636573,-0.49881285881422555,-4.210181885335287,0.8373689042571595,4.433887909132631,2.29574905022808,0.05916370131320435,0.022478796221385246,0.07604678214465954,-4.252606138388037,1.1631903908606462,5.031128756760765,2.087170679903548,0.07774908285987203,0.0297471685160034,-1.09849084904286,-4.17750633923794,2.5795377894694704
104,1548266068.88009,260199,5831,0.025239163972693626,8.128915101710488,3.517446945222981,0.050138383430402354,0.018760562507239672,-3.481344903130547,-6.956509448599248,-2.359337764673209,5.021012690755823,2.835323714941484,0.10192697189976195,0.038545717608214215,-1.0376383372952522,-4.022766693727641,-2.819791348582684,8.11721100742853,3.6168024489533903,0.05169937652728651,0.01940293004276257,-3.225275860653253,-7.164727684561353,-2.0379861059110382,8.23239022171191,3.5093391763851756,0.0505300169029066,0.018915606118568684,-3.458430853219382,-7.040243953580869,-2.4199737985756995,13.81477672673202,3.6947753840108266,0.06956509456181263,0.025784560061236476,-8.660382464894475,-8.022824342337296,-7.174964887942318
106,1548266068.94682,261042,6527,0.023109302061346437,8.360577895612805,2.8625975984697583,0.04976432962438853,0.018693003905897308,-7.793242745260888,1.6172015801015658,-2.559157930133457,1.8386442365940734,2.804210957725212,0.09975686964437482,0.03817328176035319,-1.1954992467983654,-0.45457573760879977,-1.3208917739325052,8.758182277892784,2.771154195956371,0.051118899740855636,0.01920042919728172,-8.076508156556617,1.5335579921214977,-3.0205914478244082,8.376857181263103,2.9269905971876042,0.05068097659336558,0.0191050840480588,-7.7163198590053925,1.5676095211580203,-2.636120654465353,6.407724961003246,2.4554145889056795,0.06570692408676758,0.025628261685854983,-6.298710420056943,-0.46696787233026293,-1.080336626400069
107,1548266068.98021,260931,46459,0.02665504006818534,8.38758120908124,4.1329920162156775,0.06045748196748977,0.022373431996015415,-5.379855328762615,-5.3270793891018595,-3.6098338414286273,5.894866805754913,4.130875978999421,0.12029392927929454,0.04505524107391738,0.09950221568140191,-5.080078182214074,-2.9887053433314836,11.781536088668588,3.9506234100572106,0.08825248693333211,0.031538265847607785,-9.105261198151307,-6.065854316648635,-4.37083773792115,11.008434981787458,4.007583665613796,0.07987733456379628,0.028756058812863722,-8.620058394966676,-4.940923937322058,-4.534305090388567,9.669965566177934,3.903524778925809,0.08119607592227378,0.030466252947455818,-7.033168989483059,-4.4469271065037645,-4.92621632958631
109,1548266069.04693,261257,7854,0.02727642376560112,7.070060211139666,3.2503511053916236,0.06293985569967551,0.02287479400611623,-4.230275086716866,-4.787300081348061,-3.0285775557128667,5.471374776117148,3.836240582563736,0.1272769495457831,0.046217626644329,1.1776746698215435,-4.523015201629197,-2.844531208938107,7.245951717732561,3.1374412802292952,0.0650854595601304,0.023724103141613426,-4.265836247500769,-4.803791439617918,-3.3511259615051214,7.064455525761096,3.207403486282172,0.06401255668139788,0.023360595358930366,-4.251388457256253,-4.474857215590676,-3.1020890891921837,7.043430438140719,4.063215323443543,0.08540743624353342,0.03275629708947923,-2.3330145791698307,-5.910727001680815,-3.0381345628377776
111,1548266069.11368,261577,8340,0.025204571965901257,8.618795970653856,4.840038977681049,0.058279472343816065,0.021499212152506594,-4.618020888239654,-6.841073174068587,-2.4813796337079417,6.110703170115156,4.700946487720049,0.11533136677032739,0.042813052477758705,1.0405325244267267,-5.646032537542644,-2.092917075250554,8.945306257187207,4.629319639696053,0.060658248639740134,0.022449732052476305,-4.863516015290357,-7.023974712367514,-2.651130936771794,8.761044026942372,4.80646903584437,0.05926451752305592,0.02194550222961817,-4.722413702643501,-6.86090294018878,-2.586696059527071,7.807964757325159,5.187731466652811,0.07921448990850431,0.031808204752261406,-2.3319669710934527,-7.381785709104288,-1.017587068620989
113,1548266069.18041,261944,6646,0.03074973761626692,3.7871951440846447,5.407679755948885,0.07222432039027077,0.026537426879515574,-2.300547363144069,-2.6256390628551145,-1.4684510209463921,4.057140891590541,5.510053855026452,0.13939957458388622,0.051771174381603446,2.3285483870213532,-2.829065230702402,-1.7420231180863004,4.963306205380436,4.956494780844602,0.07493881292811332,0.027560914623196493,-3.22173895738938,-3.0448425077111616,-2.232429322966965,3.815525131001137,5.433808171056016,0.07309092316923418,0.026996929719076496,-2.2181478910016947,-2.6530104148755216,-1.567205845247421,13.240670895020886,4.288345671683881,0.10536792595954118,0.040317732387757356,-7.862978159863917,-7.667801938735955,-7.39552253975832
115,1548266069.24715,263694,5538,0.02425877929606589,8.411566875210202,3.438371158578759,0.05021359511851427,0.018207556611315037,-5.453388930226972,-6.07076206222067,-2.039817260372529,4.417236773907389,3.27650080599701,0.10341179987294963,0.03816124876390292,-1.2311460348532617,-4.117753549947903,-1.019983264331475,8.409952832025173,3.4159390363086315,0.05171436730757183,0.018681155219116535,-5.419064840227537,-5.908818146573566,-2.5390768017176755,8.488101940257184,3.4319749977293026,0.050896682554265736,0.018476624413380455,-5.5341640404874815,-6.030318212802362,-2.12234603121752,14.25958995575791,4.466440957875032,0.06818090831943677,0.02424763596076568,-8.615741004082018,-8.692361637259609,-7.317633621877303
117,1548266069.31388,260425,3524,0.019880662767526723,4.362218612698964,3.0788971659720423,0.038740350735910534,0.014344475116449205,-2.856843986878863,-3.141324306950746,-0.9997375946576028,3.5232011521309405,2.6302737229007778,0.0799291979709365,0.029704199259975042,-2.009649989748122,-2.8421951963305125,-0.5442239824170875,4.373415023389058,3.0998879042987717,0.03960650674036608,0.014592344750281205,-2.770337212467957,-3.2103980385530257,-1.070203312495,4.384441618426336,3.073864840267353,0.03893185401398537,0.014431903540703254,-2.8042342210007964,-3.142643380743322,-1.073272635811938,5.862176094876833,2.9491836241956175,0.05855235978414052,0.019952968025065115,-4.19817411671862,-3.5142177935556322,-2.09540352975655
119,1548266069.38063,261635,4150,0.025251357841600573,4.937040458100752,1.7168710148484367,0.05370683521213249,0.019199520802351735,-4.532285166353123,1.824387566472824,-0.7101898781864597,1.8212330904326561,2.6199196414764403,0.108722915541499,0.03950438394757375,0.8665562121134548,1.393746105772946,0.7895834937340147,4.66995268579766,1.7596254741699895,0.054903276330332554,0.01965766587671243,-4.2148911590321925,1.7359062348647687,-1.0147808378456245,4.799649584397123,1.8198467142981203,0.05406492097609253,0.019369313918746613,-4.419516984598542,1.74093377213859,-0.7799927368808173,5.520025497125599,2.0630800005932386,0.06794410457082964,0.025100527966088814,-5.227600975218851,-1.2005110293653825,-1.304470314411062
121,1548266069.44737,262613,6544,0.02712327766902249,2.9634471270823077,2.001066899355608,0.05647523058425843,0.020438981289108437,-2.6815219180179586,0.9294487536894157,-0.8529853999142446,3.4364331303975217,3.1261000912222108,0.1137069357547567,0.041716946225757674,2.7130125899786197,0.3798857981418868,2.074686030868602,2.4666458603398786,2.1892705395391285,0.05754245409089278,0.02100023699796101,-2.28908589022588,0.5489963854466156,-0.7369060701793694,3.030075533936614,1.9721232102676045,0.05715354551256019,0.020728019485040286,-2.7744315842969716,0.8683470236535112,-0.8593564941365923,2.686018297971896,2.4778331852203883,0.08228192943883815,0.030381795225421317,-1.976395770169997,-0.331913273836953,-1.7884036555947935
123,1548266069.51411,262131,5801,0.02662534283130314,4.023732471243413,2.083360421955587,0.05726820939052424,0.020562411382085494,-2.640440519176809,2.6976450473120805,-1.3932724297640149,2.495463776669966,2.7381016425537203,0.11016586992394206,0.040208299821232064,0.8556198539439689,2.343842009254496,-0.04072790029795102,3.964950580733807,1.969859182404489,0.05823689143333933,0.021059300215724462,-2.763302141533313,2.418063839058626,-1.4959818356169354,4.08184602833353,2.051860810795,0.057871364621746996,0.02080075526609202,-2.6771802447984037,2.6700355007314878,-1.4505544161711748,5.8830900211594725,2.4643990783494174,0.08330469816726424,0.03221828514911375,-5.637844891791712,0.46758765974271377,-1.6145633941163775
125,1548266069.58085,262499,3007,0.025221205500764704,3.1853095927985926,1.901913268220386,0.05247909188409463,0.01875770052380684,-2.5073226488389873,1.8719327550406224,-0.5961527465338099,2.2658702373128476,2.608999824788929,0.1077368742301833,0.0392716575051812,1.747049798092902,0.6456304300078158,1.2904054723890674,3.299923976751308,1.845442475077807,0.05300945420773474,0.019002304728117547,-2.808718321235833,1.5945627513077574,-0.6767342731339722,3.108627618377848,1.910941956805432,0.052718221122331876,0.018850968832970508,-2.431659034621462,1.874941039035099,-0.6033563950234875,6.492162556911018,1.5324409904282603,0.07288307768096672,0.027306641151431516,-5.675124923120156,1.6247239385809535,-2.702111007294084
127,1548266069.64758,260719,693,0.021418736344102452,3.587695253827047,2.020896985108667,0.040675425940010286,0.014949591435687727,-3.1737308270407647,1.5583966300664354,0.6085965948161712,1.3495602386747458,1.9187071999515009,0.08834341734689913,0.03285742047185363,-0.10688670463388807,0.7632935565108837,1.107822646804673,3.6369247343560067,2.012066885283901,0.040875969874973994,0.015038823332818863,-3.2019361256429257,1.6131015494162526,0.6105161438849639,3.5954053760408766,2.0208797119078517,0.040703531602877596,0.014964587882988975,-3.1833103544252914,1.5620394604837364,0.6035261657417943,6.493546597203437,1.990270640461215,0.07016303385613046,0.025303584432484125,-3.894603862330129,3.9657972445542287,3.3571804212257748
131,1548266069.78102,264064,526,0.019150820405274563,3.15356641047004,2.593252912674204,0.034654590678739,0.012967423654822,-3.034377751817639,-0.8515256749978757,0.11152035391997167,2.123456670940415,2.009206130177771,0.0737419428049948,0.027743574924953943,0.17154710822265531,-0.4503438038677892,2.068049873997164,3.1278684653885516,2.5790867550902457,0.03474447614060694,0.013008165587965212,-3.010136968095012,-0.8363878751186115,0.15196016726259787,3.1535921901951207,2.59302080580906,0.034666772273839346,0.012973318316057709,-3.034435987352006,-0.8486030886535203,0.11196655881825125,4.824838658888977,1.2874189949811776,0.062034937786053075,0.020148993085465094,-2.2683210320546974,3.1500261685605833,2.865505700087059
133,1548266069.84776,263887,25404,0.0278903069806753,3.132442561499397,4.220244323046618,0.06502511627819672,0.024904973580675078,-1.0491006488864338,-2.7201106429275272,-1.1456798504954864,3.683631395618455,3.324632190485138,0.1229782676930519,0.047682184041522496,1.4508919960868107,-2.430205371859327,2.3575738641797135,4.543844815029764,2.0549638330592246,0.084940317041945,0.030951363048837117,2.801004252899149,3.431209859903881,1.0137552838886388,3.294446930336848,4.207805018934169,0.07148636310092124,0.027395192596869483,-0.6071008537706266,-2.9206039081539155,-0.949031730032867,8.938567901416361,5.602031801409701,0.10368868391094097,0.038954267669608446,-7.112780141611423,-0.8342102668973219,-5.348873527756303
135,1548266069.91450,266155,27183,0.034801649940424936,3.0478373844783526,3.480488516828287,0.07063305746190708,0.02759294631120833,-2.467774346523321,-0.31823771898169084,-1.760149780865984,2.4133145407105454,3.281529926877886,0.13050518714463138,0.05102211080989163,-0.19740407790402273,-1.8085299565332882,1.5856664525534732,5.237857298529219,1.697714761515125,0.09584532970168146,0.03478634619962004,0.6623992339519666,4.829176015934619,-1.9171424938531556,3.38982160812077,3.2725723612973185,0.07782755382027476,0.03017378834637365,-2.5160855792205026,0.3251788879039944,-1.735544109202916,5.285395736039643,3.83567697447966,0.09899186137248936,0.03957837924198796,-3.6486388312027525,1.8917105791256676,-3.3232926219051913
137,1548266069.98124,263420,3165,0.02237624834930994,6.456819186207212,5.977135312977831,0.049299451065886346,0.019782644525510797,-2.433992758275123,-5.72781286472579,1.7199863495736119,4.788132240586603,4.556382073450993,0.09604528208963711,0.038939644624803725,-0.838833103708872,-4.241771411359192,2.0566829291951816,6.3304366200525735,6.024823457975381,0.05060756888987379,0.020254702269774494,-2.7066865288320603,-5.672611072164276,0.7548241246151035,6.475919553564756,5.986693256426342,0.04958268483955756,0.01989721863037222,-2.4513231105394846,-5.754801270326458,1.7041938260137437,5.415380041729158,5.522368127444075,0.0743314868855424,0.03133933052971941,0.3471887244740623,-5.3921767553389675,0.36087508245747
139,1548266070.04798,265111,1723,0.0329097621656002,4.854121580469608,5.3943722882882,0.07648605090186184,0.03032274527230472,-4.409299832259959,-1.51978308885954,-1.3456710853806804,3.7351091228785442,4.641326145945941,0.13503498024894883,0.05384397342808227,-1.2959299238717183,-3.1079404033131857,1.616264904549326,4.846041895589576,5.303516442378708,0.07758683119008855,0.03063751469625053,-4.1311082180396435,-1.352467457685347,-2.142171496532636,4.826301782896215,5.383292631179862,0.0766960427790406,0.03039161593036291,-4.365010892087935,-1.5063380865399338,-1.3636547551690277,1.9123449430811832,3.8921013223412966,0.11349006212883202,0.04682992029566171,-1.14872764495888,1.1960147055846682,0.9523847977895377
141,1548266070.11474,264653,3311,0.02850376956689441,4.637293720666227,5.410288122160295,0.060469675125144694,0.024683048031473996,-2.458135802607113,-3.9068933796223257,0.445247737708737,5.000961321378182,4.805006052672626,0.11023676130420189,0.04504602404555516,-1.1434336802455058,-4.532003937801044,1.7785145106398936,4.528768287233692,5.3890605190197265,0.0615556576326412,0.02506916787616753,-2.3195587965908078,-3.8895386903014315,-0.02963047856551041,4.615519434483926,5.392926213897034,0.06092482909382181,0.02482673035362285,-2.464215900882815,-3.8872948541286476,0.45880057709013633,5.636605040176588,5.777990528706026,0.0845461367788371,0.0353414313890087,-4.722176102933266,-2.286125518565472,-2.0605822830437655
142,1548266070.14811,264052,2798,0.031069599593347978,3.019583556561699,5.307535415834921,0.06933065369398743,0.027895268229668955,-0.981832578187177,-1.9639324226999877,2.0728866545317612,5.147398539952614,5.306056580283722,0.12611172887316216,0.05026121114131937,-3.0870924958237187,-3.0046900740482947,2.8173408047751063,2.839399464836341,5.308197691680531,0.0704911828901189,0.028268600400876996,-1.0482845287162195,-1.8742046305657103,1.8575914164673468,3.001114380159764,5.296695289713558,0.0696914571916607,0.028034723043956683,-0.9949248662195629,-1.9510910696639572,2.0597534430856506,3.273110592026056,4.655235206316678,0.10507263794240268,0.04509311898300074,0.6813392098695187,-1.2957199969794444,2.927480062810869
144,1548266070.21483,262582,4172,0.027851203963600205,3.674514115740562,5.053943282869181,0.054578773702532,0.022422550936857244,-2.1105725614229995,-2.8934934973127784,0.8217255203251708,5.422110965679676,4.965168659065373,0.10567713929417068,0.04323687784351656,-2.5166424726357537,-4.497449708783771,1.6848572954497836,3.6804747364531445,5.064437037228347,0.055967390757165635,0.022966356879599626,-2.104674351093331,-2.9386063683678163,0.693421064943821,3.642157304753959,5.040637021853041,0.05502282663798655,0.022571348358405928,-2.1043863622633507,-2.8511395074048953,0.794746671038922,3.939486547223367,5.343177595424246,0.07808982164122413,0.03171967129905047,-3.171860168020398,-2.276319583900239,-0.526523012062856
146,1548266070.28157,263931,4196,0.0218523017379258,3.1924883822132784,6.421232479846485,0.04996683031814221,0.020491445922835336,0.9184243544516996,-0.16089016645059437,3.0532921789531104,4.168840613838274,5.798292777114849,0.096256704965432,0.039365578071232886,-3.2647676195614745,-0.050849180223001125,2.5918986891313907,3.211377186491481,6.490858841311094,0.05140783394819863,0.02107280007386822,0.9624596327631789,-0.3518553874956522,3.043486927113306,3.319771793352304,6.37939398945445,0.05058752834017131,0.020700526622571096,0.9946548625719427,-0.13779719877332802,3.1613824228691243,6.12050838677432,5.381779907185764,0.07339689806637936,0.028643729713057463,4.759984802805235,1.7792172404919164,3.4113858768503933
148,1548266070.34831,264807,3743,0.020924622585805616,6.238233598586225,4.2354086584165085,0.04343413071157356,0.017912254017571686,4.388624794327726,3.421335643796373,2.819573240338052,3.5690843521538764,3.9893011127397706,0.0852667725079384,0.03506950116073806,0.7168987880749055,1.9841969596341318,2.8787812813454683,6.302977595198546,4.24971400993557,0.04444047587178188,0.018283294330698016,4.278821309500908,3.3307598547341333,3.2132932572404966,6.3606232298520595,4.198606871383525,0.043755685393813755,0.01805054105774871,4.508738149675789,3.415232314878155,2.950380426763398,7.393812643535403,4.57578967117958,0.060806634155014555,0.02585364032842128,3.0130544518906675,3.853293266946007,5.544555823197597
150,1548266070.41506,263813,6887,0.022151664722621752,5.428910082011579,3.4128568252526774,0.0465998909439881,0.019311408570924813,5.3565062229526825,-0.5395956064074413,0.6998159355015721,0.7571720367950827,3.016482011680691,0.08628584947692224,0.03607663639240433,0.6063201535563998,0.31837211852452524,-0.3229931250691932,5.38428124420188,3.538099174239237,0.04824031864900209,0.02000237234591715,5.299143321526966,-0.4595615931588366,0.8356839813431951,5.289548036028103,3.448713378139817,0.047396318650953506,0.01970618032515007,5.200160464081183,-0.5896036967454101,0.7732203146456786,6.764401763728174,3.5920212525480704,0.06744914140074162,0.0282759254893336,6.125922038030381,-1.9707924680007998,2.084751172963779
152,1548266070.48179,265324,3486,0.023852273425338348,3.8269135133071543,7.7728466097270825,0.054712613009858045,0.022777564226218877,-1.7453481790443566,1.821139330154112,2.8779295183178633,5.743302502061287,6.401244231459556,0.10494805368452019,0.043606282340698806,-4.84818452186943,0.48103065263656897,3.0412563166088367,4.226292832701807,7.880759354612392,0.05602666210020213,0.02333189369751981,-2.266082066779345,1.8774250619365611,3.0334301230093,3.8922951383209474,7.792140152700146,0.05491863847369992,0.022879016045848806,-1.8005870406173081,1.7887707364618541,2.8711800351065184,12.059000007655369,6.817103092895025,0.09349721246261071,0.037459255373964974,10.198393490465659,4.486499543083874,4.613412321500011
154,1548266070.54853,266313,4035,0.028593880318390903,2.513597352831244,6.4389052466539445,0.06603360579704583,0.027329825589183523,0.9975611721545062,2.1973081991727526,0.7034771053972969,3.860028293287937,5.7058480624146135,0.12156845004311158,0.05079298852479481,-3.5404075886855093,0.37133047581947,1.4924631347839472,2.490616786158809,6.591216879519945,0.06776118243666604,0.02813369490099756,0.5554938572732762,2.278344044806636,0.8388962769745911,2.4919211025296315,6.417303963772444,0.066397052249394,0.02750592057934504,1.0412220441519628,2.143590633519168,0.7212254924351746,3.212446446224718,7.9054136741889725,0.09205448273850719,0.04037534847076288,-2.412714842619285,2.0095859291219655,-0.6783683745144858
156,1548266070.61527,266263,6347,0.03371001039946333,3.0999671064333305,2.882129046911539,0.07039338086748938,0.029255155136139823,2.366287516170196,0.5338354463816135,1.9301552186216167,4.4173801462042475,3.8118819926505756,0.12739134194331533,0.05326085335014644,-2.936144696688447,2.1772985569499945,-2.48025657343978,3.646911674660984,3.0044034211545996,0.07274887722383154,0.03036235303910371,2.8055826980692715,1.528930227162541,1.7581361857210132,3.1188184399410632,2.911422889227481,0.07132760803410382,0.029683197755091338,2.305731211773022,0.48628886793032794,1.9321394416815276,3.8587464969633296,3.406809050444995,0.09834432443105366,0.03853236980300877,0.6278202331840961,0.6980496496346299,3.742792135462028
158,1548266070.68201,265849,4516,0.026341519879392775,3.9159500219028587,6.959509396620168,0.0607042537982848,0.0254194035793924,2.3557608599669635,1.4211698163864288,2.7866344750757808,2.5252128802853897,5.629753087614482,0.11577215503511995,0.04878332828457991,-1.9827450197609644,-0.22116182757528993,1.5480664466992,3.9013119357216532,7.060793320838578,0.06237915353948476,0.026176538798556342,2.1232769022133744,1.7167059801558822,2.7865481503158063,3.972483537531962,6.9520054242689815,0.061276070528452284,0.025662492796923037,2.3099366407355113,1.4762242768809308,2.8398194679988924,2.0660645659736634,8.326916452563664,0.09982175228049776,0.0423044345283692,-1.5460938920228,1.369988569692985,-0.036712215028521906
160,1548266070.74875,266627,6497,0.025775769385783465,1.8012633426070024,4.502439687480463,0.05484694415449323,0.022819231538262475,1.644736421726995,0.7336510841794402,-0.03387947972983157,3.3889846573512115,4.1338615209726255,0.10442559004042823,0.04362794455812725,-2.533549065044278,1.6352693607020545,-1.5466868657631612,2.2746200986850384,4.739282463976936,0.056729424536828624,0.02373909550709344,1.711617608093338,1.4815585084065896,-0.22191472050050592,1.9524579400830209,4.45364687201542,0.055820914630833884,0.023275524258219597,1.8819156717256738,0.5500528378915077,0.1235195054722083,7.4940830329351815,3.646001363797663,0.07422192756347576,0.03159646976418413,5.655745901443019,3.2144838825796382,3.7203376421331975
162,1548266070.81549,266792,10894,0.0332812530512278,2.7969200638242855,7.200582993691415,0.07773207168964368,0.03227518298267514,-0.10838033975342987,2.7928027175283385,0.10615331527608743,4.886478064567489,6.5078771625018215,0.14113091512879258,0.059397216967260996,-4.48179495272865,-1.5003458461871668,1.2410254707394779,1.9478917459039422,7.45778690510849,0.08120232214777175,0.034104680295881235,-0.3565211805750802,1.890839381958838,0.30315232671971654,2.94660571469372,6.955233607424894,0.08081635190299132,0.033301639503475575,0.7721894125728513,2.7937437036856805,0.20050558558865922,4.869049834706292,7.541445403191805,0.13273714479110893,0.05356297054147229,-2.6193662841707854,2.082021195238452,3.5371958250541558
164,1548266070.88224,267735,8536,0.03126062694918035,3.796370596913568,6.761906400754242,0.06899960430500013,0.02885843318063745,1.447983001153115,3.2458038900361363,1.334365783774368,3.5499835980237355,6.140092396411046,0.12651580686185895,0.053276424582331394,-3.28461862325049,-0.5889353964928324,1.2111230923367924,3.0308711440692075,7.055315353922298,0.07271061847865298,0.03077761276546558,0.897406244567742,2.260844275741128,1.8081551606570674,4.344158147048002,6.674270212099772,0.07074162471208395,0.02954027049828807,1.7897383809513254,3.531603179916502,1.470393320586103,7.287458409486889,7.203599241293292,0.11457021164513248,0.04944416180379748,4.493340372587074,3.3160466390595484,4.68196294877075
166,1548266070.94898,266867,1123,0.04815767179204572,6.411367312573126,6.579403235735058,0.0958253722364086,0.0397120725405231,-4.662924107549362,4.3976594772348845,0.15284209581243557,4.596988667127208,5.442388539316948,0.16998687164287932,0.07093570357482504,-4.155311384162766,1.8075759336029473,0.7735382024197234,6.179988739588308,6.417839927052531,0.09695668547270858,0.040055983133948245,-3.9908321370324042,4.718265462998366,-0.05908211357485739,6.4258052617810435,6.592851963064259,0.09608370151335979,0.03981378637811313,-4.7244842377401355,4.393148952013038,0.15684008048169212,13.405633867255043,8.957908526216945,0.19020871052722832,0.07712288449766294,-9.465226440461572,9.471493132011876,0.641346757951131
168,1548266071.01572,266127,1297,0.03689934991847053,5.903094471957939,6.73674440364491,0.08160192114117067,0.034369240426782015,-0.3363192791854699,5.2307703489142146,2.715226554862118,5.743641412632074,6.512750681356287,0.14899526404922236,0.06298059030767578,-5.068105127955195,-0.11404240709225733,2.700133592672966,6.106496070413446,6.621247850995726,0.08228435132852722,0.03458059207213947,0.09711970987485066,5.476128607968611,2.7003476607497117,5.92890959526315,6.72236409723687,0.08182443708561216,0.03445642164521148,-0.30099938019540873,5.244507970768078,2.718507873576887,5.237073674268541,7.394182434545126,0.12692003002022523,0.05246094336995443,-0.20250013836475297,4.038457776755317,3.3281816580594517
170,1548266071.08244,267275,1875,0.026969275569606575,3.2568062764981027,5.176952033062113,0.05382287731974285,0.022606676437407103,-0.5915198768682325,2.7792805527313114,-1.5913802082207646,4.878886340778081,4.749017699794587,0.1076264459012659,0.04532910539644879,-3.365093980468706,3.314344111603683,-1.22261913068715,3.333265075436758,5.087206358117963,0.05440112624277651,0.022802070101041905,-0.18419890160916821,2.8749717941406097,-1.6766824418083213,3.2431093196470218,5.176544445801366,0.054040242446329476,0.02267768483190412,-0.5954649460349803,2.760474603400586,-1.5936422466695248,6.3301501842916155,4.3303688326549485,0.08056591519132815,0.03440076872331056,1.9405372535533587,5.945853508846298,0.9756754453192552
172,1548266071.14918,266634,2502,0.023299122085856126,2.579512633816798,7.054756166144827,0.050498950444411154,0.02141849535137753,1.5289924928190568,-1.3749360184709047,1.557439671394952,3.0866469960743186,5.677766164195813,0.09917181198800981,0.042106188844931614,-2.9437739565635686,-0.7179145670405922,0.5883733894931078,2.509351457217903,7.0724852681730574,0.0512820416482829,0.021720712932482355,1.5773389284314592,-1.1285429602042967,1.5922428921711764,2.543140948888027,7.0486075301442055,0.050847459440812016,0.021596871260508098,1.5055953370679358,-1.3557396679844054,1.5604761717262061,3.6672181910923314,6.174792257846026,0.09675513425520649,0.040304029649445426,2.7788806606505743,1.401932657931164,1.939303059752859
174,1548266071.21592,267538,3022,0.03352681029100322,2.1814209446791644,5.175884566823705,0.07516208127234487,0.031686969139160574,-0.052005616272780573,1.1152696384684007,1.8740507963424013,4.557024821107189,5.002038107563638,0.14030052900459875,0.05922234284597377,-4.107874702075657,1.6824441250445945,-1.030156501865986,2.327800669465323,4.854600920561751,0.07629874685069792,0.03214923703057946,0.9946139089607922,1.0769735151178421,1.8081833913073249,2.215339467787985,5.1866632524858325,0.07556807721379388,0.031831185335920914,-0.06385929497419263,1.136365626285404,1.8952983114940634,3.0015830331094273,5.9430987486632105,0.11753192377272895,0.050450256751964836,-0.006338344990233719,2.980491082870002,0.35515269246561953
176,1548266071.28268,267878,1574,0.05227385441233764,2.8660873956892305,3.847229950145971,0.10636807777224878,0.045817320534436094,-2.6565899552683816,-0.10023475690964526,-1.0709527360267013,3.4872322910370532,3.650991161806187,0.18789336832989414,0.08017049061089254,-1.575896749220891,1.746860587807592,-2.574066155756506,2.2500799549819206,3.6602396019876586,0.10706633365875619,0.04606272667950458,-1.9588398698102634,-0.3033727366447716,-1.064786903992444,2.8944067076145177,3.8471974858051645,0.1066241964857671,0.04591886123603732,-2.6627606436898867,-0.071276028765537,-1.1163861322407156,5.584679904077403,5.989920758684774,0.1539876837178088,0.07171315883779739,-0.840599850847647,5.439873385428561,-0.9433022168249773
177,1548266071.31605,267119,3200,0.03419838549562886,1.7226113377238808,4.693156816266224,0.08117919215764553,0.03463666921692123,-1.3140568372867398,0.36264653869616265,1.0531533303401366,5.387771688325942,5.4482960617434095,0.15328987360941893,0.0650510799850261,-3.112924817076695,3.8953074982712983,-2.0406769324579517,1.852579335048756,4.72511614013775,0.08192786254973879,0.03498456036424897,-1.5385015114450435,0.31377479335026853,0.9831625862434985,1.812025763950889,4.734696718029953,0.08221815937523477,0.03499983006748531,-1.4279743069286668,0.4439444627360202,1.0591873153177276,10.240242577423935,8.477134266682526,0.12827310838788053,0.053531525227798894,-5.16878688026914,8.64338761514318,1.854200842744146
179,1548266071.38276,267548,1550,0.025126319720977442,7.58763224250726,5.007184288471498,0.050479296065414035,0.021960096736921723,-2.783085164729536,3.9189370077021453,-5.870990780359024,6.842946700185609,4.635949584667517,0.10417911866083238,0.04433812679407119,-3.0939527058051186,4.193446540542404,-4.434904994183667,7.34020666323789,4.889748442028733,0.05095040105625917,0.02214212723217153,-2.4569421359768473,3.778256607157036,-5.793690206593518,7.610038874476699,5.0249129526042715,0.05074386904845413,0.022071495029180724,-2.7530697927294607,4.0414929102629875,-5.840799637432062,5.913312396774536,4.604873919071004,0.07307115802896791,0.03315086576715107,-2.2873066245925533,3.235332341919098,-4.389546280001467
181,1548266071.44950,266447,1712,0.03704171503074738,4.641628867879559,2.27922991897019,0.0733231921889373,0.03188448491694175,-3.657581273533536,-2.8396391500577436,0.32135225545966367,2.8409334925924727,3.1542754385233938,0.12861993950640804,0.05560839653443507,-2.586002481467467,1.124949141025044,-0.34348756205252196,5.128432474309489,2.494561558216104,0.07413847812458728,0.032247978539657655,-4.273708449509288,-2.8103969196188943,0.37135547167329586,4.632808891044004,2.279726443657041,0.0734540424337853,0.03195316043746847,-3.66191380872476,-2.819378519254397,0.32309392816926624,7.319715953537016,2.8835835638234992,0.11105554144701059,0.051583684635996,-5.6577517229482694,-4.644091620242864,-0.022363021491041874
183,1548266071.51624,266944,677,0.023663407217510306,6.570643023817068,4.901974304828442,0.04845329844213599,0.020993218276963054,-1.487513849801361,3.5743471490186502,-5.308925950829158,5.999625769993115,4.285075745711526,0.10032574392568537,0.042614779580176454,-2.15756739170685,3.3709877346368717,-4.4695474069682435,6.491656790164025,4.888497772348944,0.048707844301331564,0.021122942162681145,-1.631957801198955,3.3911554763396263,-5.289459911151641,6.571433988295969,4.904931238132868,0.04846314799721306,0.020998342417406043,-1.4907553620516778,3.587955352115868,-5.303986842395389,7.716850592659664,5.946383859104806,0.08767754816625468,0.037890285072119397,-0.5562046113110486,6.5261470853127665,-4.080419552037734
185,1548266071.58297,266277,1249,0.02156810543253101,3.0713847652115005,3.073000470328752,0.04012748378519951,0.01737584686192935,1.139973698938221,1.8107560429958403,-2.2034125565713882,2.197414565821518,2.477251805506244,0.08584672624543255,0.036481890550446094,0.2374477121459101,1.2309741834041146,-1.8047027228532169,3.025197989627428,3.0169065154858834,0.04020544778863372,0.01741965893264642,1.1453242870200366,1.7097940150959738,-2.2173541845970086,3.0790067838300588,3.0766713962518963,0.0403303922943415,0.017462978466435554,1.1575641094859752,1.8496990710811403,-2.2124808224945376,2.046370531198814,2.336073942230548,0.056377844641915476,0.02488129565081131,1.3901915379487733,-0.208897537157124,-1.4870647792696279
187,1548266071.64971,265765,728,0.016271048180132707,5.700225301613761,6.420012614439417,0.030110933481460635,0.013030731338180442,-1.495297791889763,-4.557247051380803,-3.0802844536516885,3.973320178274858,4.997511724685397,0.059967746305836775,0.025869589180724496,-0.1359768068381018,-3.3193994357775725,-2.17953456794055,5.685826317130499,6.398042114678838,0.03022202052321818,0.01306990208341712,-1.5617372701720014,-4.509346021687076,-3.091180367468781,5.7035471461277485,6.421058727275199,0.03013163878994135,0.013042178453450695,-1.506158679713037,-4.55105403078405,-3.08654132377639,9.537930431691972,7.8531090280230424,0.0456670536485399,0.019816109772478444,-5.230716137987737,-5.998659933327219,-5.256215806821973
189,1548266071.71646,267091,2209,0.02085016422262741,5.245140008135491,4.081052892634067,0.03839414446084917,0.016621252513671154,-4.258046162449906,2.9837777542758115,0.6910910913027274,4.396102199449403,3.5973920299713065,0.07959263847025953,0.03423613618348428,-2.9711235106257665,3.239561559327998,-0.05814237641385424,4.943105810920508,3.9223259214764106,0.03880131360188761,0.01680924211331404,-4.230485158626641,2.4966090850508746,0.5515736188735312,5.206427356897551,4.05822334414034,0.03852673237949343,0.016687325837217333,-4.243879914658486,2.9256540335743058,0.6814730645700597,7.4080231492317985,5.0677649873697606,0.05643682419492829,0.02559355879152765,-4.904117840999306,5.387545538905157,1.3426795028485616
191,1548266071.78321,266558,3727,0.022692415001422304,2.3396373893731606,3.2458645134979722,0.04821970173958826,0.0204314488988029,-1.3875039629935728,-0.03156897237838562,-1.8835443361951858,2.897947571399678,3.27972723196116,0.10110877579323409,0.04198010131449099,2.817615655780172,0.175410435102658,-0.6545023469330438,2.386435084690311,3.3116083020779783,0.04901474308271036,0.020811653956826746,-1.1095810999494484,-0.08266712283796002,-2.1111770041560978,2.3739248884841655,3.2633645707161802,0.04862176168197405,0.020639792644540952,-1.3565327708317971,-0.015704451949730466,-1.9653995415441075,3.8686553241481034,2.824197233944673,0.10058350504384105,0.04129512567885561,0.7197264239868492,-3.6056010068129347,-1.2033824293814992
193,1548266071.84995,265580,1307,0.022616560053477095,4.543290047438748,1.8323539364477135,0.040819280187633825,0.017499911082202595,-4.355291127329348,0.2739751851507511,-1.2640653659063048,4.239243354689148,3.2353232671932015,0.086123380055596,0.0364642861031437,-1.0156323924073658,3.5599952791458396,-2.065456045581296,4.413068677096171,1.7780000248737706,0.041043938840982015,0.017609966381009437,-4.200021609734615,0.20863158778443577,-1.3384567557856102,4.547596283083356,1.8288273433763456,0.04084366854617305,0.01751198554325279,-4.3605026452546065,0.2662272757573712,-1.26373122568583,10.429059668853641,4.442752529933123,0.06423577473609374,0.028294944771375646,-10.28149949183123,0.6941811609674635,1.6044208586719515
195,1548266071.91669,265354,1527,0.027847215164635456,7.971890511021687,3.5546114326122744,0.05704711903992198,0.02407042083360715,-7.495170159177052,-2.393646474267466,1.2821541096632643,4.051970791064622,2.977680360920224,0.11062607558395297,0.04644016197360891,-3.9278621169263106,0.5859987488412962,0.8043456647564273,8.111193888454315,3.568916543527194,0.057233481795979306,0.024154992419387865,-7.611932155774089,-2.534045401312442,1.1952276168489029,7.995654496027832,3.56284586473019,0.057178790664577164,0.024136566470210827,-7.519958241176373,-2.3842950094628677,1.277602937195711,10.021070811575681,4.107785907759978,0.09320518797346629,0.038927977014449014,-7.318781321428447,-2.1756574028763724,6.4902862067117955
197,1548266071.98341,266903,3670,0.029909122717676002,2.0426761066704957,2.352458393071784,0.058344940656849524,0.02463313526227132,-1.2472392410496593,-1.4198482621692217,-0.7752102068235721,2.3262109339019528,2.731018801858717,0.11410629773506513,0.04729908134731366,1.9175833506495665,-0.23342945845711516,-1.2960100656403075,2.1753143476818706,2.3291612249366542,0.05909563915567037,0.024958292522281038,-1.1840574204896726,-1.5474873442004204,-0.9671005406644517,2.095000646010458,2.32960711569124,0.05909848364479503,0.024904445218429598,-1.2109494101136353,-1.5456363087561744,-0.7579164244221266,2.811168985912928,3.4370840354567367,0.10131924966944444,0.04292712515545339,-1.8275204189190244,0.7520891478114455,-1.999300402525095
205,1548266072.25035,265298,757,0.01640517846786768,4.546699710005889,3.96223150870961,0.031067932846531914,0.013052173997373835,0.3032604898095394,4.245104374449161,-1.59987505084638,2.3965066494931295,2.7826694866444655,0.0722188440310064,0.029558368937968378,-1.4973526581036893,1.7367126662033145,-0.6964253394180714,4.415758982663458,3.926342145862163,0.031151825907509444,0.013086858271547394,0.2575905215613735,4.121586628901768,-1.5636809702215206,4.549076179840254,3.9627756153427764,0.031071988760397545,0.013053772400629899,0.30302190419924674,4.247123224442895,-1.6018558796742253,6.384828033125368,4.427081859491399,0.0377896055881821,0.01623934746942908,2.088079752840659,5.931303658645335,-1.1070631722268203
207,1548266072.31709,265424,4959,0.022407208022831228,3.152160268124378,3.7535432074328767,0.05136968261127873,0.021289720619576923,0.8818637257619694,0.8548882307213623,-2.903032352231244,2.9810438159787163,2.753224845942396,0.10697224849354774,0.04350908030270823,2.6710929845103752,-0.6480687254523623,-1.1540760061516542,2.957796890326799,3.6918404989156977,0.05176334122342752,0.021485427791077746,0.6557043677889242,0.7329280669916842,-2.7895215853449216,3.1455687320620753,3.7057332624624273,0.052385845457641196,0.021656845253692825,1.090680250928329,0.6083566829941738,-2.8415881312970654,7.307518948090192,2.0919207696898705,0.11039837469874672,0.04485048558121925,2.0776503997322138,-6.99414876369344,0.40630661392017026
209,1548266072.38383,266253,4826,0.029863982639647135,0.8620973203861473,2.5572832958704383,0.0615364407065361,0.025378841263388227,-0.44448812507887825,-0.6952650217597441,0.24949678554695143,1.4298989722355782,2.815832959246747,0.12295456632282055,0.05037959371239945,0.5531962865391146,1.2716203893942386,-0.34866391358519155,1.3027195331927768,2.671727254831368,0.06235098593285125,0.025687999335437865,-1.0021513343976072,-0.6506086516202737,0.5191139254190263,0.8749457328294412,2.5611327533123385,0.06194815643353198,0.02560608540554688,-0.4317267915615502,-0.7000765183731974,0.2647176879159199,6.396382058046132,3.8992615259663133,0.08665647864953348,0.037210077777282656,-5.262867683487901,-1.8182412617481714,3.1480034772327663
216,1548266072.61739,265024,639,0.01891399502684141,3.0062227401562316,1.8559830189258288,0.03904457449885458,0.015946408111700828,0.2534294087499586,-1.8655491479641586,-2.3436883484677073,2.6957367443262763,2.4137443108962677,0.08377486951679018,0.03423025153552072,1.8120206254633706,-0.09993752038465004,-1.9933866508095046,3.0421667434211086,1.8768588726708595,0.03909699883034134,0.01595839877002315,0.34663594773140094,-1.8488411031152918,-2.390901208738909,3.0066398384102433,1.856138326839491,0.03909377949429677,0.0159676025068909,0.2543596317953657,-1.8663453322225347,-2.3484100555887344,4.631845499366683,1.9071695599041745,0.07595094333562244,0.031029168333876058,-4.051176993457788,-2.0084209987189907,-1.0040930183933794
218,1548266072.68413,265992,854,0.012969991838838058,6.071642329066669,3.616104187371388,0.027801800843801384,0.01133106866129101,5.481097613301873,-1.6713859058058413,-2.007206685781066,3.3153653258874063,2.3135778941570218,0.06341509266818082,0.025209706031800654,0.9033450209813385,-0.5148498747883713,-3.1481017492443177,6.045336674264467,3.6188073844364856,0.02793835725446051,0.011371398343137003,5.4529067393819535,-1.7054254925998273,-1.975709362735441,6.068123190252866,3.6164821787252253,0.027805364170851575,0.011332722735468228,5.476165824483477,-1.677862031230394,-2.004785424406265,7.532617163577123,3.5406878711272447,0.0548134337694798,0.022879384011014407,6.280878145869205,-0.975842533475178,-4.042106183615172
220,1548266072.75087,266860,1243,0.025275432058730465,1.8468701792024789,2.5691211974009773,0.04911566551015297,0.0202295759403507,0.614575438653291,1.1845390690287954,-1.2767512220381485,2.658966192669995,3.033558970230214,0.10512803103813512,0.04220595187991466,-1.9257840174761767,-0.37189225486827415,-1.795314257327746,1.932216233979289,2.520163668574279,0.04932909332141901,0.020337002133129035,0.6329060463480456,1.3433078784615944,-1.236290198542479,1.8699364102496259,2.5653732250289756,0.049248790236058465,0.020282129842281275,0.6171794281102084,1.2136906293938403,-1.279919626503209,2.2947510779038582,3.7234124983008803,0.056875200213117885,0.0239019677973913,-1.0689121528528793,-0.907948622062556,-1.8162980533819462
222,1548266072.81760,264370,969,0.014615608749234905,2.0543716079954817,2.8342928896769957,0.028306590583148706,0.011545685310826052,0.7527589296784595,-1.6498678261113249,-0.9652631008642006,2.927823149183107,2.6991068582310107,0.06666044030306745,0.026010695015242356,-2.1417736931748785,-1.022059487756532,-1.7147443668382123,2.039573630943593,2.8269637269153334,0.02855814833847351,0.011615317492109496,0.8004025090250022,-1.6213997634603015,-0.9435460914220305,2.0668150551033815,2.835483317576552,0.028436878761046686,0.011588808731084897,0.7501323412403837,-1.6487187776297019,-0.963502670533108,1.0183281559133897,2.9240173530730034,0.04512610122482506,0.018003277486997853,-0.5314962012173344,-0.5199648933778532,-0.695802077369754
230,1548266073.08459,265090,939,0.026804086934476168,5.394082154971152,2.404229949072618,0.05406079843617761,0.021668995033421637,5.148871846768706,-0.04128097450324461,1.6073384463997977,5.100952132908544,2.8863396057179376,0.11076022282415492,0.04401938184653491,4.56857736268603,2.2356071916015865,0.38713567161429907,5.383170258166659,2.3828924563381744,0.054634244794623296,0.0218394003332642,5.118765838152302,-0.09150553475006326,1.6638464651779505,5.392570402810663,2.4102928331188975,0.054112932347085196,0.02168963325490815,5.146992149181347,-0.03644917030852895,1.605143501651848,6.96515468015083,3.0965569710660135,0.08279095558812492,0.03287764116915929,5.215963576017348,-0.3090290245040893,4.605605796646233
232,1548266073.15133,264754,879,0.01456450448428035,3.0692149026672366,2.8100118438665613,0.028777043771480968,0.011671985796536515,1.627540562001336,-0.9643156313141501,-2.4168755038268364,3.2792431249123295,2.988377532047472,0.06585230383765425,0.025390869179307725,-1.5992189607716285,-1.3102819423171193,-2.5454067296663947,3.06555182546106,2.80287779341718,0.028837718470738773,0.011700699544709143,1.6301727057441215,-0.9174163575385591,-2.42868115876811,3.0675849127971446,2.8097942667216342,0.02884653530960868,0.01169119897512804,1.6284089317976589,-0.9582315551095184,-2.4223172254971397,3.168248716144222,3.214543305045238,0.041161672268629136,0.016944492573929756,1.4139655753102516,-1.865061535873656,-2.1354265959268326
236,1548266073.28478,266256,1496,0.014824688688411062,3.7458554097885606,2.9373045432841525,0.031440620948444915,0.012544009111298587,-0.6105735879896816,-2.301164280977822,-2.8919328478793305,3.7314731310272897,2.523838464034652,0.07478445739855712,0.02860010586856658,-2.397386158666646,-0.7335734337907409,-2.7637477003244433,3.6700308728027813,2.877360668998354,0.031844747948739656,0.01266594714240063,-0.4669700481220781,-2.208545093937553,-2.893681763692541,3.7500423261623146,2.9386933421692354,0.031537963703938146,0.01257625597402623,-0.6034098892217115,-2.299750998096477,-2.8952729602234175,3.1149836743225747,3.2601442054898566,0.04199103342721387,0.01738134461062023,-2.28217129042042,-1.0633702822090998,-1.8341377089497675
240,1548266073.41825,265858,2705,0.01803572924954172,4.437214865385404,2.4151861311306493,0.037417489895708464,0.014765972775790783,0.1102961737117916,-1.3348236819956565,-4.230243049003841,3.8773629962852754,2.3612483147737224,0.08967533708768892,0.03470591038868775,-2.0316334304890393,-0.04848647208414971,-3.3021293843679866,4.507603291791526,2.361755311946438,0.03770773142444434,0.014899465987499725,0.26404077664041353,-1.4021151633831899,-4.275844124035844,4.451097101128363,2.414930195017479,0.03769302224311148,0.014884848796575416,0.11855760688145289,-1.36408677182535,-4.229455610475398,3.3288967250193577,3.659187340489073,0.05179119253312479,0.02034698961828281,-2.8669618222281605,0.5501954342813363,-1.5998025815164705
242,1548266073.48498,263612,717,0.02069468551980449,3.408243903289342,2.232165184867159,0.044868152002738144,0.017617188379925697,3.0671609130358575,0.8393100930130157,-1.2264619870262994,5.779766873353479,3.9508976965474605,0.101063280579457,0.03885844010751907,0.29844546042914094,5.516827775689634,-1.6974235508095379,3.3603691672676446,2.178557156578151,0.04504229670216348,0.017670670023110985,3.041121339990575,0.6858578103765718,-1.2542970141567047,3.408070366772354,2.228797701867123,0.04490935960807513,0.01762997040236329,3.0691939096640626,0.8322268696346242,-1.2249304281061497,8.057919056255946,1.0844818430729746,0.08617131844608145,0.033659597384364394,6.590680060775301,-3.535739605638247,-2.9985898843944447
244,1548266073.55172,265738,666,0.016166891222651258,4.2425966103704615,3.021940019135717,0.03520636397810341,0.01381749765436139,0.4033221957562319,-0.7538646684222025,-4.155555951547516,3.437118162502312,2.619273360836763,0.08899962889070585,0.03382081240962738,-1.2970528941488269,0.8195587327621375,-3.0756720462911415,4.237071385073895,3.0172763004813667,0.035228175764889486,0.013829095024263433,0.4175196712085148,-0.7617001849156253,-4.147078981001622,4.242562053315684,3.022157236815791,0.03521437438147115,0.013820726276083755,0.4042636627825159,-0.7533561186706346,-4.156261430564571,4.240000743687507,3.2008272837297365,0.04545362717213061,0.01803051078144277,1.2149339717277465,2.006395247492024,-3.532126818455685
249,1548266073.71856,265079,1406,0.013019946937631898,7.048893081429632,3.7810511512911376,0.027798332549485452,0.010904818251706033,2.538951930963096,-2.6756731460638257,-6.00677866923014,5.822656845743799,2.5523057778725518,0.05943998250467729,0.02294971980090888,2.5065813330260176,-4.185954609785678,-3.1777612825740484,6.905785490419691,3.8765059468564336,0.02803550790892706,0.010974696138701442,3.6547336369556436,-2.9469996156227167,-5.064384320735905,7.056538024312555,3.7807905258037398,0.027818207259338444,0.010913022584335647,2.537797043459882,-2.682852516437195,-6.008998836846034,6.307767504875941,3.8695458180601827,0.04091770838875686,0.016360338563146753,3.913645305253311,-1.7564687795259442,-4.624513893025753
251,1548266073.81866,265426,5166,0.020166294858861435,5.761278556932287,3.625932395057722,0.04701336798900161,0.01817482718461893,-3.4855007735395374,2.4311331499429034,-3.890142230750921,4.3735826942877685,3.3156162589755627,0.10800591298283177,0.04086028966100236,-2.120483837028969,3.539370066781527,-1.4507354724563992,2.0683712036492925,2.4422536803092685,0.049173417014992796,0.018807737410902664,1.4434153121524902,1.2722511663425529,-0.7590050345481025,5.770075567255972,3.6106692039421446,0.04765659218326228,0.018399306492478312,-3.5562916267273526,2.4084094519302552,-3.9839351525587294,4.710512459435073,2.153089018909748,0.11805216419266897,0.042716492215048224,2.6249860946265606,0.7162370407013215,-3.845176216383024
253,1548266073.88539,265761,6913,0.01772848165678206,4.849996622589054,2.934295245127978,0.037076884632109675,0.014697483260892331,-0.8835248985262457,0.5183699482159421,-4.74058473076856,1.946849459387364,2.5349482274045387,0.08556070071354048,0.033089876422668675,-0.5791173665186666,1.2775579748623012,-1.35007092931412,3.6591167767573762,2.1941927082224284,0.03899178468617932,0.015347793153066724,2.3723521256162265,-0.19015298778356463,-2.7793745374217647,4.989459585404678,2.8681929063322125,0.03760499365880075,0.01491313609443666,-0.884913645064619,0.46508922738022845,-4.849991220139808,9.516374234901757,2.754434324694023,0.0627581733960495,0.024717962799442963,8.743278782687872,-1.2553479159903367,-3.541264790540353
255,1548266073.95213,265486,5712,0.01819681714849381,4.625813240045935,2.459822622507381,0.033973403642284065,0.013532511872602048,-1.0420532610164301,0.7652591964866873,-4.441469519785297,3.7737563245864423,2.5804157042267772,0.07324561483982422,0.029112167232215592,0.15328757684455205,2.3790232265589,-2.925403938541579,5.442780324804043,1.9053329917804305,0.04061020522098768,0.0158326746681922,-2.409323017172339,-1.2398765434394712,-4.72035236185035,4.661431503398594,2.4372758692171352,0.03454148899883074,0.013795197815332998,-1.135269749560725,0.6970269203911961,-4.462181113962461,3.325448132863211,1.5524907902435907,0.06579862796259331,0.0255320653402204,-1.9016340770170126,-2.576723107812187,-0.8960419338165889
257,1548266074.01887,267151,21544,0.01451800067390624,10.088361696383691,6.493045899811388,0.025038759945767684,0.010427087676537616,-2.47371016582401,7.021397332401449,-6.808507856579618,6.840399641773036,4.678399174942522,0.06485763327536576,0.02587265654357401,-2.526031936021867,4.25030664247361,-4.727062868453413,5.730922579844664,5.77212521975798,0.038402595829842144,0.014900707886399678,1.3148402383119335,-0.5593792754244088,-5.5499336563705794,10.350792276193104,6.476090791213108,0.025764742564630492,0.010787385643027218,-2.8727289985260067,7.297208484875555,-6.876358652639713,7.287759030617839,5.489758707365711,0.06084636775979322,0.023168735969511082,1.1614894593247604,-1.380840446346336,-7.060853601793723
259,1548266074.08561,266454,27572,0.022045884371686985,14.457731267713958,7.558245459916366,0.03877745207348745,0.016254434571505133,-13.1432401035659,4.756019184637991,-3.6961486042644798,10.267963439607522,5.574767784273625,0.09125514758812919,0.03740960848397933,-8.69229249983007,4.787600051987617,-2.637045702433462,3.1502580270223097,2.0430463702789226,0.06121717146327669,0.023684249943287494,3.048155640264447,0.18790018898157967,-0.7730241577875953,15.415256729954738,7.778063234129233,0.04283333245541787,0.018015458750672023,-13.812497634680827,5.276398332192242,-3.5012289369241207,6.187588563451518,1.5487015322682536,0.08950742447494822,0.034155072205627884,5.7768888650891315,-0.9986920639380389,-1.9789950561819019
261,1548266074.15235,266449,3081,0.020266371793204813,11.421053612210942,1.9030839192755875,0.03443162938801528,0.014658336176925153,-4.437522669027392,6.231070083442416,-8.480720711713927,5.994727492468992,2.587089081438851,0.07862000631477978,0.033106286341316016,-3.501905512162627,-0.3510196005111276,-4.852854905404197,11.520011325201075,1.700129075858637,0.03460040425749679,0.014727945558259275,-3.965545758141914,6.326802146699771,-8.772495789076153,11.49616801947262,1.927400298978598,0.03470398660054483,0.014765657638499817,-4.5058340650844535,6.296198978024682,-8.446330909699052,7.359001925509862,2.455077159611382,0.09325316741735384,0.035101955313621466,1.2950459799533265,4.906691349466498,-5.329366308533803
267,1548266074.35254,265348,2096,0.017670191078733757,5.977754210200308,1.5559873519479381,0.030608186628367215,0.012750588796113639,-3.2379073138896795,4.88396797458989,-1.1816761178121318,1.3979427517114793,1.789509487711451,0.07219407877979422,0.028648869881108676,-0.661201010676623,-0.09028793269809242,-1.228375044419244,5.756333921073819,1.3365453445849562,0.03100434988438356,0.012919765812128245,-3.5445383625114673,4.399613192846073,-1.1022847912061513,5.994301192470662,1.5596034065460795,0.030700336939767304,0.012805401105959104,-3.2324639850259524,4.892618526888645,-1.1813821549511447,3.5810631041443792,3.832423137056163,0.06439008018525473,0.02419908140741515,1.1179978409222746,-3.39473914431643,-0.2232485735745276
269,1548266074.41928,263812,530,0.022211715424678365,12.05664090290146,5.815081834443155,0.041265243372683974,0.01680484221932801,-10.836551040487358,4.470150197773605,-2.819487296969698,6.683310086815925,3.6179602099693544,0.08738181948054642,0.03548606434230006,-5.453530199980119,3.382511424722017,-1.8666168691151679,12.02545554267081,5.797193770735443,0.041326948457991314,0.016840668786923443,-10.82093522561721,4.426195222344604,-2.8156238572370627,12.055656262493953,5.81560722983194,0.041278537087773404,0.01681086885333419,-10.834150529360274,4.4699508121257345,-2.8202466376188067,8.737379838786023,3.477638768730711,0.08875137503183629,0.03288243500202873,-5.547499644039295,-6.405581632202531,-2.129689672181821
271,1548266074.48600,262765,1260,0.024211067907457876,9.237922535868172,5.526994401791725,0.040996420206825604,0.01663831014637909,-1.4145347514215543,8.230280846532661,-3.949782450074868,5.537755676810626,3.8030181010423787,0.09628000072447039,0.03821854843616774,0.8549900950666564,4.819160897001876,-2.590640484936938,9.191742167728165,5.510908752042613,0.04105026063583787,0.016671270794565197,-1.4135409594925776,8.22453562383443,-3.853185669820139,9.23967554955945,5.527390938827828,0.041049096546377256,0.016659939490385377,-1.4033326827895027,8.225975767432477,-3.95240895731787,7.4380872689018735,3.2783288235676076,0.08540080028727066,0.03189093827315064,3.561271693947269,-5.204573970073894,-3.9439695652628135
286,1548266074.98655,261451,804,0.020623345734875696,5.444383014830314,1.7993179653117177,0.035824042958032036,0.01453462808500364,-2.796625884350527,3.8544098858187366,-2.6388850879218366,2.2068745612992733,1.6267928911880118,0.08271991308610108,0.03302120694718413,-0.7416309335265705,1.1886909721645613,-1.705078490991203,5.495315811988526,1.7777764269335068,0.03592997108037009,0.01459735855328682,-2.79755200560972,3.9171405737292666,-2.651076833108406,5.448704864146353,1.7983528005569274,0.03586887113092188,0.014550053664116575,-2.800291229298339,3.8632031403417026,-2.6313794981758134,8.171931497187785,2.707421938721423,0.07576571176274886,0.03078773941682886,-5.364635882076739,4.62190835749926,-4.079106444105498
288,1548266075.05329,263280,3704,0.023620947015581824,2.2465597068429037,1.9716605730781775,0.03951042510261871,0.015715889830392044,-1.8215888734242214,1.3148357006106368,0.0071814362689156174,1.3984274937843544,2.579950323625847,0.09557842707722455,0.03727806392326049,0.19511082168111715,-1.3539692933800502,0.2903418247838863,1.9543268185105216,2.0956344060472145,0.04005807930056512,0.015939730162650316,-1.4598583747278262,1.2891132385282178,-0.16246198797804437,2.31636753559678,1.9276881049064474,0.04010035334697537,0.01591668657329376,-1.8483539316222628,1.3940309093894587,0.0582963196722268,4.568565445737287,1.2175591474693204,0.07050424803933668,0.02786768495605589,-2.5006832657547897,3.7087769897960836,-0.9291645044435319
290,1548266075.12003,262301,1566,0.028281744962513514,6.77684420453741,0.4248471481475934,0.04323863802820894,0.017217984702314566,-4.0866120670402735,5.286055925166077,-1.1326217118304351,4.625734879570002,0.5499538645838484,0.1015319646891215,0.03988957452752259,-1.2447704568246012,4.392009471006558,-0.7471428862512671,6.791350352344594,0.3830657526439942,0.04344578357074963,0.017325484818245064,-4.05394492729598,5.312407923806129,-1.2109055230793557,6.803387138758554,0.4310528603274695,0.043311470115161635,0.017260294717108153,-4.115141117896288,5.312161191629641,-1.1347439058828312,5.2923789716807565,2.5827027816836585,0.07380567216817643,0.029974847504008986,-5.193010646843971,-0.9676587468338007,0.3248879057919202
292,1548266075.18676,260952,1239,0.02135721779844563,1.8632706393416354,5.368675505227391,0.038391242269322653,0.0149724615794576,-1.0840649996133815,-0.028748952240890406,1.5151745938309804,2.8465015380891217,4.128152162943744,0.0848020586460747,0.03234276947233673,-1.0766538300761213,2.6336575798043302,0.08506050120563591,1.9984278149160228,5.329982366592222,0.03864509187840962,0.015086782751861778,-1.2369392245947475,-0.024242717242386313,1.5694289970399042,1.8581950424832603,5.363215591901735,0.03846624692076185,0.015004931735287514,-1.0817228755205046,-0.01450029834608731,1.507229835005988,1.354139942028011,6.089849224411895,0.06418498701480989,0.025439830989860558,-0.5166022650472247,0.4690604837148718,1.1605168438936473
294,1548266075.25350,265702,629,0.027007859205053546,3.1697844905078125,4.993470120849035,0.048317629700834745,0.018712106966650054,-1.0708462172400042,2.6831885455511157,-1.304347087362078,2.419452559405357,3.3548922600919604,0.10105359094258032,0.0389279919548114,-0.48967898831480144,2.228722044007095,-0.804215907684598,3.172039899893396,4.982528982041393,0.04835858941251375,0.018727797175603144,-1.1288688637052287,2.670047019827558,-1.2877659441771814,3.1711893481745324,4.9957043005520205,0.04832158035160365,0.018715738257704215,-1.0713807109738973,2.6854741407572984,-1.307468470028231,3.793871767476137,3.683689494461743,0.06789192603858697,0.026479602300209567,-1.5980882130099818,0.07386670661718567,-3.4400756911941053
296,1548266075.32024,265987,131807,0.0481986430139103,8.194644154936737,6.190803366053426,0.09796757455317366,0.03850499624956824,-4.890486212916486,6.547580033825137,0.603765789000193,6.41261448928173,4.901653937273095,0.17744857718319493,0.06943159748461329,-3.291555177656467,5.389008395255655,1.1161888802765236,13.869891555058718,1.2693310434804075,0.33071270731855046,0.10889812421010568,1.0002786189850066,-13.77468202318962,-1.2772899410499157,4.985582672355424,3.7669190558210293,0.20644342324796494,0.0715524206971067,-3.592584103064773,-1.0066844773158343,0.2817489240328657,12.490328568916674,8.068896657909146,0.12790908380931043,0.05115306156167076,-6.101375628642563,10.449112498487628,3.0979947049103016
298,1548266075.38698,262599,120782,0.04916505742626269,16.437677873530657,11.34709409432767,0.12140787548118875,0.047640825735582384,0.5452884573580253,15.923698481216189,-4.041749751227141,14.16653545349438,9.492176129133705,0.21983177398213782,0.08574982464347992,-2.4439137314217096,13.675084018344032,-2.776704795204798,12.891487993057755,10.34252875373067,0.35012037425691805,0.116056678906976,-1.7550539118727435,10.840570153111258,-6.7522060985314845,19.25525351526279,12.792852693232524,0.21611686263102564,0.0776898342346173,-1.412309739600025,18.671951936800628,-2.35211934852172,18.195526700401867,10.906140864704675,0.22164165511738204,0.08602440405880078,4.3128541084960235,16.386653045060648,-6.629787577643114
300,1548266075.45372,262349,1250,0.018758079521558595,5.782809802164561,2.857554981986705,0.03675881123318232,0.014026933528099974,-1.2197758559726222,-0.378303530360206,-5.640028591072371,3.8393561789801818,2.4197922971229318,0.08490325947946267,0.0322750074089004,-1.6140242205411437,0.4035031582253675,-3.460168621018636,5.818129221037866,2.84386594833648,0.03678721369313365,0.014040970026701008,-1.2548294681180807,-0.4040631526407719,-5.666812473279417,5.787309856528362,2.85797235150995,0.036788423600886036,0.014036352737528448,-1.2241024308138444,-0.3768467433928696,-5.642908966025459,6.073488166918277,1.794367180058024,0.062828072943865,0.024335172894447667,-1.3852270756896041,-3.0706611579236123,-5.05365654904367
302,1548266075.52042,263954,120142,0.023156743629902915,5.437602809466501,1.2628903280673094,0.037495945983747725,0.015041684705759777,-0.9255198372213724,4.674161483416556,-2.619761777599797,2.484456260807108,1.4501564198060535,0.0883485235482829,0.034851116197647025,0.2109670066741414,1.0232678439325467,-2.254093776561265,7.816999000229575,2.4725973269125983,0.14805258764082305,0.04791614771552167,-4.426467341883086,1.9483033568794816,-6.141333264886772,7.915993337585393,1.65845708865031,0.062192327270141026,0.022866215715177433,-2.8433774653735706,5.300928892717193,-4.985200426178283,7.73683701314498,2.8229669192602564,0.08329954295484884,0.03377637392040477,-3.9616239134923954,6.386252668665914,-1.8384666948228414
304,1548266075.58715,260618,1462,0.012466030791798324,7.433051624611379,3.216884941257641,0.023708026589446974,0.00907491161676266,-1.3899771794580804,-2.3141820127494377,-6.925516696001144,7.102716923858257,3.1446188427691317,0.05927804479387598,0.02200744146955785,-1.2932260125950437,-5.458161752466643,-4.35713489172877,7.451708334101727,3.207304279713372,0.02374754492790583,0.009096116900027642,-1.427872825025442,-2.320935795646731,-6.935588895296539,7.438016743645983,3.2146813427310046,0.02372957742700632,0.009083204824658936,-1.395072278645199,-2.292926490227449,-6.938057685899267,9.242727286756512,4.761895490953433,0.04568908720464569,0.017609861322569243,-1.7425830310221397,-7.4997375007158285,-5.113252340507338
306,1548266075.65389,263034,2811,0.03841788724360779,3.3201227056223286,2.6966882431584684,0.06653852527603045,0.024644708480354792,-2.4853226471785472,2.127464281298371,0.5659344940979969,4.325120447144923,3.410935494039573,0.13803843062592105,0.05132191300383595,-0.6426085679590738,4.23415502794065,-0.6046919133423124,3.558816127405273,2.874496540045311,0.06671510551716975,0.024777503442731427,-2.532282564625974,2.4627869703475063,0.4328944216061459,3.3349433878115535,2.693089181506543,0.06663112815626697,0.024692930941450426,-2.493938335099168,2.117082226750207,0.56968196438635,9.69455724660454,5.29272727397422,0.13439318226525007,0.048085965090822864,-2.926935962884731,8.333584967180833,3.9961040616633423
308,1548266075.72063,261093,846,0.01338802515908694,9.65665391525482,3.5951443519843127,0.02930442602167491,0.010936998916668866,0.8042760772550351,2.536405553930849,-9.282820244761298,6.2589407086214734,3.1904641992038125,0.0703279397634466,0.026543618335391744,0.20362939855230672,-4.345947605879811,-4.499512559048128,9.653304242469025,3.5827396646457594,0.029328520197880795,0.010957313600187608,0.8072889097059474,2.5653021348869243,-9.271126812350312,9.658067973303357,3.5947686313138982,0.029315658569234355,0.010943257317469299,0.8038572612783206,2.5363338231010166,-9.283855378077948,7.7374033778533775,4.065396682702685,0.05810718589086868,0.021749334355508663,1.5839270913567836,-5.536729328423223,-5.167515296993423
310,1548266075.78737,260488,6291,0.015847563031728122,2.5761059662294623,2.9717887625504003,0.029032048988778376,0.010699032346299306,-0.6520720303280746,-2.4122188680585,-0.6263578442786718,2.1893033594886893,1.9933772045461862,0.07409460979773921,0.027424443282156562,0.3599423321068828,-2.0545006404052546,-0.6652201410062074,2.6682294034860563,2.965112343435675,0.029252150756919705,0.010824641100895318,-0.6498169953046627,-2.4992066172954774,-0.6716787225357632,2.492299435618113,2.9716987739597043,0.029285118782542037,0.01080676070691353,-0.5940319070676221,-2.3425823816109217,-0.5821617529728447,3.9345975449637716,2.2042319108421142,0.0566335474310944,0.020269421331994882,-2.7385542038114687,-2.547549620770482,1.22121646047441
312,1548266075.85412,255090,110372,0.06781029433314062,7.963208246056076,1.8870603809509345,0.09673284667217741,0.03880440749319349,-0.9832773945037223,7.485555157664506,-2.532254947092763,4.696954490529,0.9547030605570624,0.16848914221737502,0.06638450375310022,-0.45007353513365606,3.608551957904505,-2.972737470106702,13.522978957411349,2.676064450484384,0.4000729761253377,0.12612100705921367,5.045324948749254,11.986599422299252,-3.706358095685534,7.729309206731079,1.2815539943475738,0.22233104043996982,0.07539272261171776,1.2252958145680548,5.640343941622081,-3.8917715741165235,8.880775843901414,3.7555197569200467,0.29594070336203565,0.10993095490333402,-6.142852687339863,5.89645722530941,-2.522961085978295
314,1548266075.92085,260669,680,0.0178049931310612,3.505497844353568,2.878524374178096,0.03004379113738628,0.011687274249017861,3.161630774451366,1.0744914844255171,-1.0668055271260175,5.510914845879164,1.7757169504270358,0.07186189869852307,0.027881665143506224,2.9038893486438013,4.305116237609592,-1.8448802860984443,3.434866275668712,2.8758346665301464,0.030425414041512878,0.011797142945897714,3.105115856894799,1.0031130635801944,-1.0725325303511684,3.5050915966532123,2.8785277354549885,0.030047754910212405,0.01168901099541425,3.162222691109412,1.0734082163576026,-1.0673593898563563,5.453883455690609,2.4868247496037528,0.055674692930190076,0.021288310802042684,3.0489554809574764,2.9109882161618943,-3.460471474923857
316,1548266075.98759,261083,2149,0.013672526733530902,6.636155715455143,4.522222511747114,0.024669059586729013,0.009338535998510932,3.095635462082948,1.4708678439888632,-5.682618371066457,4.844669566926215,3.7969380599668816,0.057447024638036866,0.021606077766930916,2.2664681832901965,0.35567785698119214,-4.267017512137436,6.781757943370375,4.542300890322327,0.02536325285427559,0.0095432595678565,3.103823468702274,1.130639991308616,-5.922851837388289,6.643811109975048,4.5228066480475535,0.024714980247794307,0.009355250813370684,3.0988310157598695,1.5039701737755613,-5.689521992082728,8.418292271764253,5.562266050532796,0.04127819708588943,0.015194833446817255,6.2582183911349984,0.30446796873481025,-5.622245689910743
318,1548266076.05433,260876,2436,0.02218896960843673,8.202689612378675,4.945892081330766,0.040527684836995835,0.015524696448291957,5.623332795808176,-1.445254636586759,-5.794263040287149,6.961645788564304,3.901048715241215,0.09647187071909308,0.0364400376546698,5.282811213832822,-1.4988899631730332,-4.278988974364908,7.997786627910633,4.899920469673926,0.04205248432841811,0.015955135040966142,5.3989795472630036,-1.4532633868575098,-5.718709323111409,8.213159684237164,4.9504995626063035,0.04059190172608249,0.015543435799554027,5.629808586918289,-1.4530789802135482,-5.803777170719808,8.692379698604134,5.522409349135297,0.07217822988472622,0.02716044022411413,8.527374798030213,1.608105110202494,-0.5053135988325634
319,1548266076.08770,262911,1977,0.02312673037274552,4.196044741670889,4.6897060520897185,0.0407857854688811,0.015607176490864781,1.459466982750997,0.9660231313281402,-3.8136002556773825,3.8390089510466083,3.220777125835094,0.09231373540996855,0.03546597169031073,2.7177359918055406,-2.5474173563600253,-0.9287441076940586,4.115047515669945,4.707085092623538,0.040919431087557516,0.015678123209238986,1.4388530751381359,1.0650268371864955,-3.7052713423526,4.197374904849479,4.688112290383702,0.04083650835879399,0.015627686413672442,1.4397012432472527,0.9677884822940199,-3.8153260984455213,7.3982917370882335,5.521144927578437,0.06608151049757702,0.025030211178325913,2.117179741553732,-5.336219805052197,-4.666586414199483
321,1548266076.15444,258193,43046,0.03954229324247758,4.38852834033149,1.2387168606200714,0.0639004468634577,0.025556029234860993,1.9825622137242698,3.1590172342799665,-2.3128420127902243,4.244651682129409,2.9821116950785598,0.12909805299839047,0.05076774908782097,2.6753293569795935,-1.400585603432911,-2.9829583808265983,7.694759995637902,2.752092101436198,0.1489675561857176,0.04971503384280866,6.688017006978804,2.273842958703543,-3.051130627158728,7.934605263799646,1.874559186768105,0.07506911318315149,0.028865734311498963,4.804616012367207,5.051268015046899,-2.6537385361899704,7.317609386596476,2.887441129263144,0.11519094437475558,0.041510226826163156,6.147741315558954,3.914723217554577,-0.6539311750585354
323,1548266076.22118,260882,43569,0.02973873405302077,6.671134985028339,5.603596563006651,0.06949255905577098,0.026652309358246393,5.553282517231702,0.10345662420465239,-3.69518497496214,8.900399062961132,3.216163952525499,0.14287320639785728,0.054141461946322085,7.9461833578709316,-2.3180221191196617,-3.271398321563182,8.793078407745048,7.778545848294147,0.12783613685186093,0.04420634081815598,-5.511384614995209,-0.41192461147934467,-6.839092456225743,7.513552595661704,4.97968857729866,0.09196184349806262,0.034318358396967674,6.418911366797558,1.6329928474343385,-3.3850537189926713,12.089210842318685,4.147393536590805,0.16086758556999917,0.055845132672714536,10.116737410190588,0.06670607308342087,-6.617869238894018
331,1548266076.48812,260480,7188,0.018471149962341185,11.502207163682428,5.1157454952697705,0.028661401776266752,0.011519830674655259,3.571653183620904,-7.981218448562903,-7.472898717935173,9.110886953875186,4.800845715513122,0.06375240332918794,0.025316089696951278,4.536256581973099,-7.0385181876417,-3.5902505526823347,12.424321935331092,5.418763162259659,0.030740547909438108,0.012418454333316738,4.642503885126406,-8.089131059706618,-8.208342824725662,11.508889752261728,5.137696071251163,0.029077088392497244,0.011669110106346942,3.4633593624969237,-8.039402723005317,-7.410435200287107,8.358189870130664,5.064884896033212,0.07097648591686954,0.026773113462675167,6.421499992309911,-2.8596581223447397,-4.521728781918087
333,1548266076.55486,258425,7174,0.02158340167225252,9.586024320009432,6.921798901167474,0.031923367959527056,0.013010615698547919,3.7429942474482876,-8.823333089895842,0.17507002065010183,7.863222489692665,5.368310095799686,0.07736530586406011,0.030906301595638883,3.5254847960577016,-7.027926544067235,0.09733121991254279,9.254481697003817,6.55135723115181,0.03321855591902843,0.013634785536136724,2.9883124880247642,-8.714033744126185,0.883762332487664,9.923987216045067,7.079515861601898,0.0330971023385493,0.013467402162632857,3.836536502434194,-9.042838861756827,0.00719587618677988,1.8942511444705303,5.265418763934432,0.12495824126288195,0.04158820548914661,0.7799720885366888,1.3755577491180992,-1.0429150580333846
335,1548266076.62160,261450,7663,0.026515212020835274,5.946921410205466,4.031185161332035,0.033201992252500416,0.014233262299259303,-0.9017350471226433,-5.470131077835256,2.151839714117153,6.751310280025457,4.36890541313303,0.07664604614007998,0.03227045763596317,-0.007938719610939601,-6.619711097786949,1.3264812308301441,5.677132302437856,4.027748809997018,0.034198597932747175,0.014685574130990219,-0.5681577516702128,-5.292668661328949,1.9734959817508724,6.180946378363787,4.035087270140693,0.03407815567713983,0.014596488061005696,-1.210555809887702,-5.5902199840739355,2.183449783508478,3.286635215442569,2.045527003875802,0.07192049146456754,0.028608488944621948,-0.5807481535732472,3.2022702188168184,-0.4584409091555538
337,1548266076.68834,259793,25288,0.03937776675662159,8.325653273988122,6.367006974424175,0.05738875664422821,0.024879691029896893,7.03466373597643,0.23663376251452653,-4.446798064095728,8.443047864809644,6.032306070703198,0.1135922643534886,0.048738377488019506,7.427162592919694,-2.8621258570464434,-2.8161229810196993,9.948748042204404,7.63244232526938,0.060376775168788185,0.027002775037111026,8.315321926528608,-1.2352339154192604,-5.320451676282429,7.929102473124473,6.09057927809763,0.05926627590486683,0.02616937278934115,6.39691105559745,0.2752802756046591,-5.121284142867443,13.403163794490565,9.402990859338772,0.16843399148768562,0.06359978614504848,12.39509031946934,-5.094175685140261,0.23645245413395075
339,1548266076.75506,259695,653,0.025569838562539634,12.615149690587275,7.215061844120534,0.03464769080119712,0.015503815881742522,0.6828175132703919,-12.596604219100094,-0.03638827895390651,8.755169289177756,5.493835822547934,0.07325175332356167,0.03151158761467523,1.715489590491595,-8.582437843823977,0.22769585849191035,12.533359529705624,7.164608105832298,0.03469080405608278,0.015551228543578353,0.702825637043748,-12.513267356185825,-0.09631872814261389,12.614995051082175,7.216772114987277,0.03466863726829587,0.015512208736971095,0.6893795321361218,-12.59671062388594,-0.024749474588464552,5.627271013935002,4.304516251411883,0.10341001304374951,0.03837050324999725,5.607319159281063,0.4683829678229479,-0.06905291945998353
345,1548266076.95530,258726,2621,0.026381120290231635,13.350119245760183,7.181918657981552,0.03552095237942697,0.01581339697935276,-3.97505788203233,-12.415697615138928,2.8766389137225175,9.123788639446554,5.106463676879334,0.07598102255787112,0.03317096461958086,-0.14448977655171535,-8.959668501123765,1.7166776609884153,12.964868687296184,7.02970478699909,0.03760280512856804,0.01686777368040208,-4.154287264498332,-11.896363329056483,3.0506158306053943,13.433840965265643,7.223320310841729,0.03606626262989017,0.01609428029649463,-4.035670445015814,-12.565219206821165,2.86074639932749,14.571142145953631,2.794777281910991,0.10843870201775388,0.04047987085813291,8.65829183527395,6.770915151899546,-9.565922534632604
347,1548266077.02204,258245,7203,0.03134246325488713,4.971077593582316,3.9171274346188576,0.03667411121353206,0.01668012629160307,-2.244558154443995,-4.412851666738455,-0.44756150426366786,6.49023678335464,4.821669233987294,0.07485392884645986,0.034068560000776196,0.3352103616317969,-6.48108880117254,0.07934399019561987,5.036858874090823,3.9292342276061087,0.03701306027547437,0.016898059281415224,-2.100810901049401,-4.556748921776946,-0.4388395372161892,4.891044502605052,3.9426410174439424,0.03713797541984759,0.016880722661633485,-2.0159055527458793,-4.465877034702271,-0.4354837501920129,9.458084705221223,5.571314532054985,0.10923058299701022,0.03928166404729821,7.8725394444004015,-1.6919816434402684,-4.961419867916908
349,1548266077.08875,259002,2095,0.03469413202723965,3.811460939295846,3.3055019153871728,0.039856450931983416,0.01892798588144529,-2.268401891622185,-2.7575081983019127,1.3333176238843483,4.615479691569998,3.653558419085201,0.07995942560101359,0.03777453112155244,-1.8259136789239436,-3.953684791506882,1.5287473924166473,3.924510667286332,3.186537739905354,0.04029009411617878,0.019198487969887996,-2.50818602147512,-2.612298937786002,1.5121776082732945,3.8361625230867524,3.3011269745627505,0.040011552792446815,0.01898332651019595,-2.274019492315997,-2.7620262797523383,1.355964533726211,3.635321594374479,3.6121280952792856,0.10680563542797668,0.04065131655886726,-1.5645132799944013,-3.0209125567601025,-1.2813854282204502
351,1548266077.15549,259210,3151,0.03596664993792471,3.256061578777865,3.2973582702241626,0.03647174599096098,0.017449565219596775,-0.8878715048531232,-2.9803270939219213,0.9650241493859982,5.857312635475205,4.371150683388878,0.07783048059810507,0.037359392291519584,-0.8104432170546491,-5.610732578946263,1.4734222168742521,3.229648271761073,3.3345601864702963,0.03669648225496684,0.01765773794471927,-0.7521609403984781,-2.999006372547766,0.9331895072524399,3.1558403998480222,3.2737115938204857,0.036620356169303925,0.017510504765524706,-0.8831238611121572,-2.888063969418858,0.9692106511717405,6.324119911159329,5.128867020790408,0.10616652840559047,0.04024426408603856,2.947274570198778,-5.02877146365281,-2.4534715863308176
353,1548266077.22224,257559,949,0.029994637495036666,9.49001865571262,5.606305426917258,0.03177569023013441,0.014958211622399107,-2.3660296147374904,-9.14313181126638,0.9303217882901808,8.3106790478426,4.7745568580203015,0.06521303135867747,0.030062004777667323,-2.074601039024443,-7.824530351603301,1.8815263862001517,9.552765547921169,5.628963986237823,0.032045003533273476,0.015153849718851385,-2.4178176006145513,-9.195347220473105,0.9247038221212462,9.491144587252325,5.604857582921909,0.0317959535277027,0.01496661740645158,-2.3718009392894275,-9.140384342223314,0.9284652217974263,1.582314260673949,2.8534691420667952,0.1131526772009575,0.04134784286151206,-1.355987431177878,-0.2950288428863217,-0.7602463336872624
354,1548266077.25561,259797,63171,0.02623731289242303,4.746203859105383,5.193730156481638,0.026738436859580123,0.012279505727157117,2.6708816107742472,-3.8798648578675468,0.5826587149431723,3.3200501193345033,3.660928217473635,0.06042484165288504,0.02628973618131744,0.5398930866502933,-3.264040782868533,0.27800362884545693,10.125395742510888,4.764055783185819,0.08970868262652695,0.03146488216355079,-3.9247923330301964,-9.293310954687653,-0.868340707630062,3.9091066551535727,4.842157558800232,0.03389778974431936,0.014854547448020408,1.5724766499799685,-3.5095647291947714,0.41209615622248297,3.5867688382893697,4.799827703053922,0.050881128165460233,0.02123923747758546,1.1972907190065691,-2.9091841684588435,1.7228038505566534
362,1548266077.52257,261421,74544,0.03723514963451773,11.038684164460694,5.850776179560415,0.038273812890977116,0.017933650578938348,-10.86277761515489,-1.6379205755366553,-1.0815852969779152,9.667842124144524,4.9177541088840035,0.077148778510667,0.03664807163499547,-9.399103129503194,-2.2216754568608024,0.43380855538925955,11.173604522829065,5.443092451618256,0.042234132668248686,0.020090596978778522,-11.123820007965232,-1.0216747012632943,0.2573854459309369,11.813045141794177,6.104705296666895,0.04387957097433462,0.02093998985247382,-11.65182598793493,-1.6025128079984001,-1.2080076500416421,12.358267377553775,6.010160040450509,0.06329327971395765,0.029248994485630973,-11.858573633298507,-2.982212609295629,1.790924876064168
364,1548266077.58931,261413,6328,0.03639673717461388,13.762385697067389,5.786671509145026,0.043450898460444906,0.019741488587499113,-7.950600202717348,-10.639130601744764,-3.6055674352886475,15.701397499419608,7.9197003491819995,0.08078114853579874,0.03539403455997213,-9.984249988889093,-12.116210811085722,0.21464197044847003,13.548853532045989,5.650895870988711,0.04376111020647224,0.020023352381226506,-7.896618089576446,-10.385164163336649,-3.6555738374101154,13.636642885107179,5.684266895730408,0.043793532575944996,0.019885263475896843,-7.9783926828971925,-10.516010266820233,-3.5759200697916294,7.7416536718488045,5.473910634569488,0.16561600831858023,0.058209493759242746,-1.0202595416327787,-7.581421066346157,1.1892546646198408
366,1548266077.65605,262581,2426,0.0339235453438651,13.11376119465105,5.326321235257032,0.039976590450163024,0.0187033599054686,-6.150439348973534,-6.795645281607423,-9.378807690293073,9.34635898769654,4.6722232959058205,0.08214100412036582,0.03964163664787007,-6.731502250364736,-5.292317160241721,-3.746022271108567,13.120877819823985,5.1568864143297,0.040352068659645975,0.018937027350346497,-6.128259174821008,-6.679313772140395,-9.48623433098017,13.142556494731137,5.289134552112746,0.04007009992070183,0.018767732567373407,-6.166370195697764,-6.791267753444528,-9.405731658996828,12.525858499004674,6.385885310408743,0.09379287631632713,0.03507185587706539,-7.809216214371653,-3.1128084032888848,-9.285671601919624
368,1548266077.72276,263618,2980,0.03302871410003168,16.115117930327283,6.353078978747085,0.03499356344498914,0.015485410537941405,-13.296699110299343,-8.153861358404939,-4.050847272661764,12.521462368609408,4.991804316761374,0.0694525397428687,0.030746890955389294,-11.091977121761587,-5.5378095607872915,-1.75719340064544,16.39358965587562,6.347901148510842,0.035193627915132045,0.015712479049250678,-13.619320325228696,-8.007371991389507,-4.37560161298483,16.11662164969352,6.352502124167792,0.0351039232471114,0.015539515906489904,-13.316987933959249,-8.158720480791665,-3.972259330189403,11.895157375464926,4.73548070681299,0.07964003672714617,0.029987491994145316,-11.417660254065222,1.035556527634608,-3.1716598159150484
370,1548266077.78946,261822,3873,0.03226866118972582,7.3780341817957,4.478913816110225,0.04008557965880718,0.017661255558475294,-4.067791418799925,1.9798566252169831,-5.828261241954401,5.701012325587092,3.7908752903937084,0.08311618555491254,0.03577389574413037,-3.986188150738205,1.9493652924921305,-3.5793603506544773,7.348068989122383,4.662551923142479,0.04084725979272112,0.01816607793851438,-3.9493184062996836,2.277100865620784,-5.762969168957409,7.368400143598636,4.504742561299208,0.04048705916068031,0.017902228128760977,-4.21326374219143,1.9140089854588513,-5.747177301599875,12.304104541825918,3.649626862210359,0.14347748134918242,0.04969096238479599,-7.196975332792818,-4.489679729108564,-8.912761107837712
372,1548266077.85620,262877,2134,0.02675651318895401,9.62998830911843,6.405492899412265,0.03193578057514904,0.014231631445349715,-8.88707004406184,-3.473149385399698,-1.3014969121722926,8.117560497935502,4.71588755613662,0.06985632379132058,0.03130202481302055,-6.697633234821147,-4.549680735746125,-0.580433193608603,9.682515412246428,6.450337697388208,0.03212808093762661,0.014362452839732354,-8.843554558531164,-3.6409087838967342,-1.5120948072180798,9.63326851728806,6.417110685861703,0.03199632702018898,0.014266959605541783,-8.887629719762046,-3.4837767826708497,-1.3160945653555722,9.227337138014308,5.366771637886864,0.08729151728648608,0.030497715477615105,-8.448155005122324,-2.359187433689553,-2.864727268122748
376,1548266077.98967,261123,3690,0.03415465593714359,7.723660528926531,5.009679115119017,0.04188478494407773,0.018807389646675506,-6.7423075859841894,0.5961407744154985,-3.720327480095937,6.604660549291241,3.974386052049226,0.08704755380273659,0.039203839300547993,-5.985688142544708,-1.9538511410904276,-1.993876663693969,8.171575898384726,5.142780555916811,0.04388627098061683,0.01947066187842732,-6.6438877012826225,-0.8264885623000285,-4.685117451270019,7.739050439706456,5.045478149109688,0.04199214012760544,0.018868148939330483,-6.743100681736332,0.543924505674307,-3.764125149203113,12.693535297602285,7.071152600929725,0.11193743302730208,0.04101779756637128,-11.87351956573976,4.283168455705114,1.3415809530262717
382,1548266078.18993,263902,2076,0.023927250986573022,4.566703602488493,1.7662228963844897,0.0333738025569435,0.013610603187019892,3.3237772786868827,0.8217673822143534,-3.0219173986386147,5.096756663910511,3.2550472108196904,0.06562685999115389,0.027379765575476066,1.9272572520937838,-4.245612308284412,-2.058490734278885,4.553366088239405,1.731309447190275,0.03388481237734909,0.01384705576083641,3.2787323216431528,0.9742174008537675,-3.0056542636196286,4.576344480585643,1.7691697933980193,0.03341649338141689,0.013630868336974165,3.328723875866208,0.8184409578225298,-3.035997602160977,4.147403921801626,2.1934821161896503,0.06740392721944731,0.023549932384780422,2.125939389553388,-0.9871485517467397,-3.4215316364612476
384,1548266078.25668,265022,7156,0.045629005960518894,3.983311127119079,0.8902398934260733,0.06780251764708072,0.027016506946989097,0.4173673899514932,-3.8410190629732193,0.9690947090517414,1.852407629399996,1.2411639544838553,0.11889904828370072,0.04723819835886061,0.3917197167560506,-1.8103552441770476,-0.024157376607051122,3.3153079472993157,1.0302163447214447,0.06864711532773224,0.02765461161785741,0.7602966177195866,-3.171005312159571,0.5982818305497326,4.224447432131889,0.893299339208464,0.06897291206754752,0.02760603035506182,0.6141122911109057,-4.071558837270393,0.7340612855814808,8.376075097134263,1.9361573406645056,0.18409582982269282,0.06445433129754484,3.163031582231777,-7.74349173739087,0.4384072941870703
393,1548266078.55702,263222,1671,0.029089447820106223,2.652354402848688,1.3445325882519596,0.0383169959377715,0.015813923623538683,1.4614858685285699,2.0974235500680174,-0.7070059306838852,1.442176359879487,2.072227373374419,0.07974956136413329,0.033693029628432784,-0.3469251226188638,-1.237064198183067,-0.6551242491808857,2.6825851166181445,1.2633334004204968,0.03847682426015725,0.01594240624191265,1.3448197560919468,2.207706404720833,-0.7167671602972574,2.658817972271099,1.3476782911205767,0.038387907861543405,0.015851144727600887,1.476873533359703,2.0928215672880066,-0.7008053256340114,5.115963730902145,3.1959320815403216,0.058196927190521504,0.024066213580766445,4.738977003398114,0.9555287251826899,1.6739613832226723
397,1548266078.69051,265845,669,0.026375276025859117,3.151739804391934,2.4260292688811944,0.037183917192995665,0.015125698662016653,2.408930522202669,1.6596950612265804,-1.173000357002922,3.590266947571412,2.552556004564608,0.07924957535064281,0.03193751567368972,2.13706181973763,2.881787085379745,-0.13522842889699324,3.106977955499514,2.416781545743993,0.03733581733784825,0.015205540764454448,2.379130764571041,1.6110609412482015,-1.182172349793384,3.1505428349648694,2.424681425907437,0.03720836411189557,0.015133421050109763,2.4104968453695452,1.6555978080845153,-1.172976871435176,5.757922113293003,2.5155226157515833,0.05482500673881969,0.02170632487910101,5.710029784092951,-0.615651432360682,-0.4125533194051446
409,1548266079.09092,265253,1421,0.01875989194712696,5.059073660616737,3.2288517732313387,0.028749008474102094,0.01157111350155937,5.008154226330757,-0.6972378635314054,-0.16271727163878907,4.868395902830167,3.311296373273356,0.05767418851921084,0.02399893883068461,4.333891250420425,2.048276658151186,0.850428143875683,5.0465757774278845,3.2178336629539537,0.02885043062213141,0.01164322773762364,4.995536034180115,-0.7032280533847697,-0.13422784160720577,5.051919573711557,3.21988700527349,0.02879803061898535,0.011608502644951044,5.001173869009632,-0.7023863188397614,-0.16595151444223055,4.470414557459581,2.6928184969287385,0.04719479656130536,0.01868420426790765,3.569260327607275,-2.5398822192482062,-0.8910585511974819
415,1548266079.29114,266696,855,0.01254528805893487,9.36626287895452,3.740136603919849,0.018601601825103467,0.007713779455191882,-1.36174864609775,9.001700094301112,2.2004354920769043,5.487610180280075,2.409342459712566,0.038876672387263125,0.01576138576316406,-1.2555104792973246,5.277011145961474,0.831091025391624,9.451687617905698,3.762589180178403,0.018907826714688238,0.00783711841468463,-1.1719346503462404,9.109125452839145,2.2326668999713726,9.370662030946537,3.7417561568468924,0.018617461454078884,0.007720718145863814,-1.3583169830371373,9.007828599033925,2.1977840339547594,2.8108102393729437,1.794388439948749,0.032339859455670195,0.012892744393534201,-2.747902670900053,-0.12004174389154498,-0.5790294403116457
417,1548266079.35786,266381,1389,0.017536655575476585,9.38067362699739,5.5851565196649515,0.02789872341457047,0.011510246700006402,-0.4451298342289255,8.945592758421851,2.7884166344709373,6.490447200859821,4.082473513923056,0.06000999112825762,0.02522816141758595,-0.7708930194615226,6.166884079913685,1.8711412465663078,9.313237681465054,5.560357638404352,0.02793866732621122,0.011520185330520367,-0.3504510033358592,8.86904377162231,2.8202203429464436,9.3894570204631,5.584370498257476,0.027984527290719177,0.011552816732828795,-0.4290462793796013,8.952547712670466,2.788260825785004,3.264135421568302,3.39703695507342,0.05070353312431549,0.0186407897602681,0.30211616092800236,-3.058133525007453,-1.1005113442706969
421,1548266079.49132,262716,1683,0.015473259213126278,14.311311004458272,7.156624377367549,0.02125392142072679,0.009329185331484519,-2.1625803852293015,13.554262754194038,4.052015539705914,7.826835875720098,4.425931366008889,0.04732538988363777,0.02028114294740588,-1.1503274693252472,7.572842700968884,1.6087759213629678,14.312801409483386,7.158348396142656,0.02128866681336689,0.009342995988745089,-2.1631188388477915,13.556025711175739,4.051094666170326,14.316183746883038,7.1586487260930936,0.02130544826059404,0.009349764389903998,-2.1909954481597014,13.557252907113625,4.051880742755408,0.8805852645560023,4.590758503715865,0.04007049651744299,0.01599992006962971,-0.000988392360407148,0.47905208994436815,0.7388765298435453
423,1548266079.55806,263275,48510,0.016323021578916578,13.793336138545335,7.391137185509911,0.023163783754306444,0.0102752408874481,-4.942308744902865,11.874625626313483,4.982265783341601,8.200993448467708,4.616700686607596,0.054272973792575584,0.023249975648426482,-2.8900106365160165,7.377589933781678,2.115490210707157,8.166804707656587,6.0346664851303435,0.037092630674981565,0.014499017903450448,-8.083970069061968,-0.32861686993021083,-1.1127164995223595,13.12178781749191,6.9788179018654155,0.026229617940224857,0.011678938867998203,-5.117383703666036,10.65559493515104,4.977303103880098,7.046211768507766,6.5160095134055505,0.04962671088087334,0.018507903494156843,-6.370332738899426,0.2535473299957638,-3.0006124097949574
424,1548266079.59143,261972,57242,0.017436677162502103,6.82495551501178,1.3989716668972556,0.02224750225708836,0.010176650343109099,2.8155910779497875,5.0149252697781685,3.6746413705557224,2.6767753993190144,1.3471572011541662,0.047691524677679197,0.02136787097598802,1.9751336721380024,1.4711258894011214,1.048695443453378,1.9846590712056804,2.5267500137357524,0.03534496699575718,0.01424156597918918,1.6239875524536294,-0.48271774631163894,1.0336922345604014,6.213823792743903,1.434912909371943,0.02537127142894624,0.011963328331107675,3.153208193292965,4.385923712310625,2.902314703615735,3.0178082937509596,2.2551779770202858,0.04687537447273863,0.018826736984406442,2.791196036332442,0.5104940848651155,1.027515145344278
426,1548266079.65816,261824,50043,0.017565891922212685,14.270497584716898,9.370492441307565,0.02618876006585452,0.012156822343836662,-2.051352015668885,12.823532281213298,5.915748139999071,4.28778499129628,4.091474749851734,0.058694853368006006,0.02647584871634396,1.623387726940922,3.744824653934783,1.3137734701558919,7.255572294998949,8.635278582313537,0.04271158820785509,0.01732571415750123,-4.935123758376077,-4.219778131630656,-3.2374921370221093,13.672620710086253,8.606650876695912,0.029421247173890077,0.014342858584989356,-0.1853969706282665,11.989664441047024,6.286986801174113,6.220392048071573,9.280480948955988,0.05552012728307109,0.021502409883060136,-2.6066278238268064,-3.626747329506203,-4.329604188339114
428,1548266079.72490,260993,60132,0.018219644820994,12.510208398779318,5.710899072079269,0.023103433001149445,0.010687706331662768,-0.3622650451636194,10.633392910160165,6.580656003476911,8.379724815305575,4.558021499891477,0.04866169476130438,0.021762078203446163,0.25436564110155513,7.8003338211213595,3.051209330731878,3.4253914313044596,2.8053411811593025,0.03780062323782687,0.01528883026097713,-2.785251625922936,0.7756375965963844,1.8368631295482631,11.842506536672486,5.168834928295448,0.025811442769411656,0.012635697935387803,0.3115741473560635,9.816097079887012,7.094864564011029,1.0177742888769132,2.546419987785859,0.046283744283824514,0.01825298151870678,-0.7120236862079491,0.2597702179253861,-0.6792688769969869
434,1548266079.92513,259593,1851,0.022646163260928505,10.003004468570218,7.5414214049315715,0.028122080182027925,0.013447218797586322,6.205121058983771,5.012132884596029,6.036149019759449,8.478516667123344,4.97341746233897,0.06043545686231046,0.029152817957357614,4.139328556542465,6.250668347145827,3.9598420662533584,10.023219922403081,7.55477962828244,0.028156021040578683,0.013482857068695217,6.190195099433127,5.065388903828399,6.0405510921425245,10.001767959318567,7.545885482263818,0.028245608004663622,0.013505413153454257,6.18134115058616,5.028894550115749,6.042993795969679,13.081276493903438,8.167842271350281,0.06980833554445642,0.027290971027483128,11.016028815083637,3.633316614656168,6.046975626944523
444,1548266080.25880,263819,649,0.024886533059339577,6.322114619943948,5.675144889483338,0.036913998005499105,0.016559741671752663,1.7260045829968729,5.262851110564168,3.048350313729757,5.408480621370572,4.010480500999751,0.08183286731370182,0.03610530632448141,0.4454207349945809,4.726150145418896,2.591672780953422,6.2543020791952655,5.671607575414645,0.03704209876510263,0.0166093581920269,1.6787884413852057,5.2071914148503335,3.030366551426846,6.331271302924394,5.680361669218181,0.03693800765230937,0.016577686486451457,1.7204948738077226,5.273027931810886,3.0523652707619116,9.382174337277068,3.123922687622854,0.091711776446852,0.034796843025347544,8.53029406012329,-3.8983999722096754,-0.2485079466763325
446,1548266080.32554,265054,4203,0.023285628957038448,2.8188256150907725,3.261460679066158,0.031266816626742126,0.013787771831302708,-0.9979133239304588,2.2014379761666607,1.4503853568294098,3.380353553200224,2.5217414652917753,0.06983203536472804,0.03032157013537748,-1.2349236313501704,2.7457469803120156,1.5370840216051094,4.997865684657905,3.886982604070651,0.034291524679151975,0.014640509868489828,-2.3303554090265672,3.936182485511379,2.0135969085830236,2.781423709635045,3.2094242978004557,0.03161889190832158,0.01396656504505795,-0.9588693238735004,2.211396960247353,1.5530389160533966,5.884954188504538,3.9936285339370916,0.060314208371345976,0.023353164095300496,-3.613058549295987,4.6091166479856245,0.5783921208125522
448,1548266080.39228,264221,3662,0.024055937094063007,7.280287410516379,3.803652681575131,0.03398615660340433,0.014985247423062467,6.939874393040233,-0.5527366529894625,2.129603338884908,5.353163705464502,3.1682607102733424,0.07425240346948345,0.032993417917332506,3.160939666465932,-3.8616573376656205,1.9371176239242562,7.72014902463846,4.0507473228047655,0.03687854640984814,0.015819285965292758,7.384865405526568,-1.1324076800783682,1.9447665029464625,7.2816643065275874,3.7915013073816057,0.034156275414276224,0.015104411058667283,6.953836539948246,-0.5539712764444646,2.112957741731204,7.50139076730803,2.5090875976259555,0.06710518409991453,0.026647358948803358,6.370110084288451,2.956845820605286,2.636213904649963
450,1548266080.45901,264968,63321,0.02450799095936277,5.853561646081826,4.07655602952173,0.040230259137253865,0.017007059137027006,4.6900831171477275,-1.8487698835556472,2.9747864152546613,4.756253139463336,3.376610237213007,0.08582340018411175,0.03670861506829872,0.5706675217367251,-3.659315862202396,2.9842402595842787,3.3850146549680624,3.64812747092547,0.05884930552247415,0.022974804468815432,2.3054529180821635,0.7237733500509129,2.370519604350714,6.304963561202066,4.720930918225997,0.05195074792235602,0.02148701831705593,1.7927174614080943,-2.6263522304373312,4.472561827775625,2.7299643240850995,3.496005283219666,0.08327887380422841,0.030832715826771072,2.244013850371432,-0.9579296568826846,1.224531674797845
452,1548266080.52574,264322,56794,0.024248242493033482,5.9978074301865165,4.467656541621952,0.03563894357800924,0.014895622523146034,-3.8504471046188895,-2.4331365693895983,3.9022554374145746,6.031124815444337,4.0511227835264885,0.08111024170762483,0.0335822364789566,-2.8874854275888224,-4.241381729320747,3.1697910768873756,4.399857795751254,3.6248224812062646,0.054399466046439714,0.020964315325670134,-2.5387797462664867,-0.4830892410883722,3.5608946639748855,6.289477491864655,4.643213220059064,0.0393043764385156,0.01654115662179701,-4.169451233471564,-3.1896845956581705,3.945191684412225,4.430236255687482,3.9760187578201047,0.0676758033454225,0.026289721975045092,-2.623462496078724,-1.9046723482957857,3.019380906496172
454,1548266080.59248,264379,49526,0.01466196992214838,11.953741615515343,3.608504910434243,0.023581628852836975,0.00967088249833699,10.303723902647759,-0.37428276749515255,6.048563859170599,7.482462382045494,2.287032675499635,0.04995313612282022,0.02021656030926169,6.802650546494989,-0.9354132259397038,2.9725731173066934,9.027773532399443,2.6386924082144505,0.03039809600282361,0.011851578106769423,7.982641153311163,1.6848685084446366,3.8651459583056518,11.976410773654699,3.600524043331765,0.028265311221973108,0.011346981673227598,9.78975809606359,-0.8318651485901187,6.103252175219845,9.79523753869465,2.563860962660792,0.03768909456792751,0.015054263517059376,8.139184371942207,2.6186197330793832,4.779454664761641
456,1548266080.65920,263456,45118,0.03116000901776295,7.749742322790342,2.4611164908914067,0.04636955986798782,0.018910629726406968,7.276480543934706,-0.07052805615362301,2.6657762015373185,6.822331491432501,2.9283971091832175,0.10491848396970509,0.04320540542149211,4.581187061696753,-3.5535697182628088,3.5957022043238585,3.1413390330782454,1.25472268611618,0.06201511092136636,0.023957295134977245,1.7146137360673597,2.57441871078353,0.5481596103305708,8.666970648618953,2.3595394774123166,0.051986611068566835,0.021015784455080913,8.109387790571205,-0.49715853108402,2.7967222540634,5.1044196488061,1.2128002386611045,0.08074703915821596,0.031418027583804485,1.108775545728754,3.8201848942866152,3.1987347676504942
458,1548266080.72593,264986,38202,0.016973533414118544,6.115337715969322,3.0435904147863506,0.029281399898368574,0.011752460563891056,5.517907900119766,2.344365519839065,1.205818433903907,4.644031687470884,2.287048597591132,0.06421324248184626,0.025749928113361957,4.10156343929347,0.5262829860551937,2.113583186504287,5.071776808128606,2.852334936006934,0.035423367652693265,0.013620196455231527,5.0656593073708205,-0.12932561450318134,0.2128160204306597,6.219202662836771,3.2449879118659615,0.03180758596150555,0.012809500509170148,5.289640426682273,2.588732021555896,1.5413189495398734,8.530724175699149,3.520397825764883,0.04609209561791488,0.017935973093251963,6.6784838281951,4.50408688169633,2.807901365882621
459,1548266080.75930,265143,34860,0.027170559551924,6.724550563615416,4.711026230797331,0.050331394328805984,0.020238150997743672,3.2615840190344496,0.18272215881169013,5.877777010237688,8.74170547964529,6.838602872056684,0.10100718373635491,0.040257806809910375,2.4725001180269808,-6.6068698311624185,5.162695893938834,5.430285442345494,6.000969814810352,0.05925652282603507,0.02315304388003004,-4.72593931813796,-2.518156552728303,-0.9013240940852665,9.235074451201235,4.218045365581384,0.05592894376015203,0.02229151703394642,4.553650214901726,-0.2813463615969083,7.806591179506949,3.687612247500724,4.655453169364243,0.08130390432253588,0.030553364597538397,-2.1295209460723235,1.0732116221264607,2.812799573785745
461,1548266080.82604,266448,5672,0.021870777794469585,4.052147152727571,3.5345617686029374,0.04220119518462082,0.01680220777688705,-0.9784008550672706,0.8492846911420973,3.8394457708832754,4.723675171814693,3.510660494450347,0.09043312650969432,0.0362734229458695,-1.985547308951602,-2.719105535097468,3.3131818697040973,4.236831714143956,4.1472363102521035,0.04534988100171307,0.017849163393660866,-3.114545979302047,0.6856952900364278,2.7892953027622083,4.094717507576894,3.7449211785154257,0.04382247337162605,0.01748454194940772,-1.5248564167598637,0.746292840885734,3.4610845378370034,3.5433446954364545,4.306156486290445,0.0669789381573208,0.024420507664735726,-2.8797823932491595,-0.9279486896725124,1.8441952791244405
463,1548266080.89278,264846,1285,0.02071718808140411,1.730049457956636,3.0359076306632256,0.03835086377690089,0.015223310266751366,1.2084432895499602,-0.40471859172481994,1.1700165829722242,4.895650859435305,3.6053834557275635,0.08152229279892886,0.03286936310946063,1.5889282266019564,-4.264564844304977,1.804491927639265,1.8113118410398208,3.060106249597029,0.03858683038284627,0.015362384669727924,1.2752550017907074,-0.4249443357960042,1.2140830191439713,1.7289043386768213,3.0258996010591277,0.038428280429097544,0.015249593907635552,1.2103209550758218,-0.38198772903626255,1.1699964611197031,4.585975573368979,4.366352994888653,0.05255788306672706,0.02114000687388548,2.4096787538004585,-3.2908755967708276,2.096367827838868
469,1548266081.09300,265524,771,0.021391568331959845,3.36353497759115,2.7385534430104763,0.04221275462978283,0.016656387996077878,-3.3421440869844017,-0.37831922864646955,0.01774848023458314,6.073666907954483,4.226256041206697,0.0875501568624991,0.034867960643487836,-1.2803517140051088,-5.86848423963318,-0.9005675579336194,3.3347584947185323,2.7153755119048473,0.042380851623921974,0.01673263501238772,-3.316896324548861,-0.34468916646306974,-0.0015390954039919786,3.3674962143915654,2.7390875411908517,0.04225551417781568,0.016675594174361104,-3.3447510802377494,-0.37753169454030955,0.01756631740351986,5.700281981275388,3.51866624694732,0.067658009275207,0.027705008578643418,-5.248936776665381,-2.223015834243907,-0.008830703447312344
477,1548266081.35992,266833,2643,0.0214977100583942,9.224892607208291,7.84137763200065,0.04581357984379112,0.0186751870431397,-8.982065582806873,-0.31219587410319366,-2.079344900894351,7.699466197146336,5.537492330892512,0.09558314446494375,0.03924179230501474,-6.574331954170172,-3.968405622206416,-0.558297317758713,9.007271970848096,7.780525046751001,0.04620800329799086,0.018903635741760082,-8.775740134508466,-0.36751134865001106,-1.9955622909387112,9.198661455987832,7.834157856481786,0.045918128304671804,0.01873880112288296,-8.955322601571202,-0.3029089732239165,-2.0755039770876618,8.569514627743082,8.095295769394761,0.06542465798381386,0.026501041100597044,-7.780344222423979,-1.458815538692735,-3.2824810676933223
479,1548266081.46003,266184,1451,0.03509767903456286,2.282753917059464,2.0483900441309593,0.059561660891223486,0.024134085304262868,-1.05120608078793,1.239942531258983,1.6026458563075843,2.6939902112124403,2.106141336967579,0.1122555943810823,0.04624845188549592,0.3768035719144275,-0.47011158310287476,2.6257565435000796,2.353205048768859,1.9859310595854345,0.05992815016006071,0.024339636958243135,-0.9580711638110616,1.3334938718671008,1.6856653702078166,2.3055391656389905,2.041445506583304,0.05969918349612177,0.0241732835044544,-1.0615620224642897,1.2388848865118427,1.6039109498462603,2.5369837979860157,2.8412197750240344,0.08252086839049826,0.031626097491056916,0.806652583397669,-2.4022154152495268,-0.12230903351331897
481,1548266081.52679,264377,5843,0.031019673156098264,19.210877010043056,14.846823344662608,0.06565133879962591,0.028087623860334462,-15.969839198175562,-3.841488138237679,-9.963182240790104,9.010987582688795,9.927192262338247,0.12424567095350308,0.05347025787361803,-5.074383422390978,-4.935228143660049,-5.5760248625666184,18.258167400791415,14.295962103086833,0.06646558051478083,0.02864342263005462,-14.89354212609137,-3.6909903387083274,-9.895436831854665,19.21218661012386,14.902086111285733,0.06658257659168368,0.02844309980332734,-16.005962023655904,-3.891360406121544,-9.971577993794321,23.970239053557126,15.917982100040064,0.09606712617265548,0.04156691075762128,-20.91745020015191,-3.589923477778628,-11.142041412260761
483,1548266081.59354,266111,26600,0.028919999708994445,6.474581994806497,1.7378674407760593,0.053251504318838835,0.0218351832119493,6.463731514234116,0.24875107200866625,0.28019604483963023,2.830127237467191,1.4982021568358885,0.10979468139978925,0.04517479467004014,2.091968656765974,-0.9267434403133818,1.6656632058127947,5.409542671800891,0.8375705143175718,0.056436403688878194,0.023545854594323175,5.315353702785209,1.0049538300240788,0.015320960878453319,6.636095446294968,1.8030222582945823,0.056010470301325735,0.023199440860590136,6.622690337863553,0.0653470654820394,0.15745238280704513,8.558210375506013,1.326391012370678,0.09491198451405142,0.040255239960408466,7.790409549811377,1.9168633430421453,2.9796172240285785
485,1548266081.66027,265810,25477,0.02241380684865108,2.087329082741984,2.942090180159752,0.03574440515421967,0.01581628612189307,-0.5943525817066431,1.911337263948621,0.5920114624908377,2.4841850714179357,2.7702792564153937,0.08094275659133224,0.03568108191247638,-1.5710458852885005,-1.5251337508884115,1.1734382545642739,2.180193853796689,2.909541236589507,0.03726096352063901,0.016881667512261677,-0.837191451234603,2.013029490097078,-0.008245369128041602,2.29810134862965,3.0654147266913885,0.03769852370371386,0.016962699624417633,-0.962275194518118,1.8366380660445554,0.4520412385372339,0.8439047232196761,3.432419520343589,0.07121635453267564,0.028532925782120317,-0.8010021968778431,0.2634054844514871,-0.03447046895858379
487,1548266081.72701,264545,647,0.01899889877353029,2.682853398607309,5.689972823318534,0.033841091815798204,0.015164342320929478,-1.9379960398773295,0.3667240112588287,-1.8186223377614201,3.276812221015745,4.093508809132688,0.07487803740426728,0.03304157640546477,-2.5687483190727756,1.9370370547761173,-0.6220272128156391,2.5149144188012356,5.679368420611573,0.033958028077772116,0.015261156258777105,-1.753905695934967,0.2874905812087213,-1.7793140558590286,2.6835179790434607,5.689650129585537,0.0338692685903187,0.015182858301327562,-1.937897256258619,0.36631312424792833,-1.8200344736499097,1.8795085279988457,5.520655808765242,0.08422523533446355,0.03484463539610367,1.5943234577168204,-0.9421588220571175,-0.320970050026814
489,1548266081.79375,264731,1839,0.024790571096598723,7.716432159618125,4.769326051164082,0.03991637376308333,0.01752402585957028,-6.280387428823249,2.2599347469381246,-3.8720477731362584,4.396755424509229,3.6316014196513344,0.0890676785621171,0.04004107081179819,-3.593580339082218,-2.470009926211153,-0.5627517871419323,7.919093002359133,4.8571137331708085,0.04013203540127683,0.017661720046705826,-6.4734695047993345,2.2788662585496025,-3.9513282736430027,7.715099517516903,4.765692981352677,0.03998771092099694,0.017561868636856486,-6.26827146571828,2.271142478587886,-3.8779770560519014,8.174378947998251,6.734184103052507,0.058270094429036266,0.02727078526431948,-5.7476040645557545,-3.2245084505081643,-4.836120754817914
496,1548266082.02731,264424,595,0.0164745340864463,7.005572801082658,4.177615268580006,0.024221684654724858,0.010904135511170726,-5.950926362691851,-2.25780116191694,-2.9269198161778824,5.67655421625721,4.17393729562982,0.0562649407120098,0.025272424152794713,-1.635529788712807,-5.247939515712777,-1.416841882413448,6.924375567936043,4.172183889262385,0.02431915119588799,0.010978388310754154,-5.858289145730485,-2.282061801559591,-2.901658013051947,7.000326158735467,4.177502950898472,0.02424055115882507,0.010914431071909134,-5.948410736895542,-2.2554016902209506,-2.9256421829390398,6.4929470826607405,5.276888490400443,0.053057260806086755,0.020841710030621876,-4.582526248869391,-4.386309198090232,-1.385318236148167
500,1548266082.16079,265103,697,0.022778659962785375,2.2892838895158913,2.288118166251141,0.035711807260562944,0.015534992597164225,-0.18332129623869223,0.2682834394519169,-2.2661063578875162,2.8425254674900526,2.407683023899567,0.07712930384916482,0.033476817772841165,1.0153104178401586,1.4022121999631698,-2.2545280515063975,2.2858656361904717,2.2757606448375123,0.03577699444864241,0.015586194423490084,-0.23378653441793967,0.29107131583989104,-2.255172510504807,2.28875673824524,2.288261447701889,0.035715835106542075,0.015538000816417792,-0.18255748887103496,0.26843105875395495,-2.265579958093202,2.412027328890087,1.9794781529752612,0.04430538045668542,0.019256944518527386,-1.6683206976964768,0.3158832880504954,-1.7131256910339636
502,1548266082.22753,265206,671,0.023029194375209498,2.5518537989670667,2.23736861043448,0.033462520084386604,0.014535145337808563,0.12057826701903171,0.853258058147856,-2.4019511608338515,3.226357327233635,2.422031305053247,0.0745688801576884,0.03207952105197775,0.2797348758357444,2.3964137629835176,-2.1420390003028666,2.5549264229808526,2.22967670072181,0.03356389343628857,0.014601369505283247,-0.022485750365329935,0.9381776728459235,-2.376334587563302,2.551517983686689,2.2357145827095994,0.033495828978163514,0.014549085703276194,0.12133032947382318,0.8461361365332425,-2.4025169275436165,1.693645752026311,2.405555764774191,0.0505067900181472,0.021685878535186515,1.211867165080183,0.22374434124843545,-1.1617884391388102
506,1548266082.36099,266356,1298,0.019193098031252128,3.6409660548818854,1.7592456370717815,0.030729629027361677,0.013101221696280337,-3.5900282326478874,-0.5652954395294584,0.22084421577311247,0.6698208401702749,1.9188537487346002,0.06836446670483493,0.02947298505519281,-0.11631637751475245,-0.19627300953491686,-0.629767706361929,3.7074939869534087,1.7600233207667582,0.0307971594675339,0.0131459832111759,-3.659578969002648,-0.5606342974619943,0.1966789705039462,3.650790741459218,1.7633029189971936,0.0307613649653322,0.013116565236684218,-3.6085841418663716,-0.5705161625765205,0.21779975035633586,7.491848227296768,1.9931377379652322,0.060095826171307376,0.02460520942926704,-6.159708098091465,1.5377012181950385,-3.977594872623109
508,1548266082.42771,264188,659,0.02160678331307915,3.0156799908156904,3.4859084253864276,0.03371323417666645,0.014851153747018377,1.9859453514780523,-1.304588955632131,1.8569853324115144,4.102741493619626,3.5692069363345826,0.07719794147742998,0.033504572113749576,2.772260286527652,-2.944250726083654,0.6916995945970333,3.053520659900069,3.4994592040344057,0.03388179440779299,0.014946680057668445,2.0293086882528084,-1.2937087747991924,1.879418067973646,3.0151274781381083,3.483287621243739,0.03374239793933996,0.014868763628486102,1.9848494605910418,-1.3040853278096178,1.8575459817813418,3.86707646432998,2.390434523474775,0.049824907929354144,0.022951330576763695,1.48717056123705,-0.015437826221882375,3.5696450490610805
510,1548266082.49444,265889,24937,0.026605657133572085,2.463290900370573,2.227263380952182,0.044674175134284906,0.018773067008707952,-1.9620811921307992,-0.761640584949769,1.2798215011056906,3.78381886086812,3.3463449440691995,0.09562007580807147,0.04049540258279549,1.6021998257555206,-3.3680449385374374,-0.6375846470882501,2.331871596296289,2.3074450252120435,0.04724682864915523,0.020073105423166676,-1.7304097048250897,-1.5472107226721836,-0.22236540807591346,2.6399192070855118,2.240978174740568,0.04686692903400971,0.020009520736541636,-2.3059800783855104,-0.8928882424538371,0.8287235250297212,3.32689379666739,2.2092581720468787,0.06659301862075179,0.030221055595440634,-2.606528105737383,-1.9642439203528088,-0.6449646421797721
512,1548266082.56117,266697,593,0.018419916749235002,2.1460163876162,3.370977432202279,0.02664157088834515,0.011606351318916104,0.6664828092309734,-2.021998483221464,0.2696463142098799,2.6430303877073364,3.032244542740149,0.06313213418104088,0.026820983263219605,1.4904853558546436,-2.1826148930672415,-0.015976948654944326,2.142040488559577,3.373657091834476,0.026674647840235804,0.011626617572201497,0.6620209515986919,-2.0212392878528664,0.2542783032681925,2.145099925097518,3.370994232624418,0.02664785261991423,0.011609690943493851,0.6675600665012533,-2.0211750209414125,0.27222382264189904,2.1109156983089794,3.246117920279341,0.03563891030913579,0.014957426964398878,-0.2526571060820298,-2.0921720440396783,0.12225224027548502
514,1548266082.62792,265896,833,0.02529278571912792,2.347244165058252,3.5839824951353765,0.04499376594207022,0.019062980192956207,1.117307437322469,1.320895809595263,-1.5863207497532084,3.4796808182471866,2.981871876439641,0.09420568680544605,0.0395456863530938,1.0628110502399812,2.4637284203540464,-2.2155481351360775,2.3787751927652128,3.632297878825785,0.04517316667286602,0.019182676944481537,1.1278310592093863,1.4166558116189687,-1.5426129880835344,2.346739184139585,3.5904305366346616,0.04505747928358937,0.01910185425968462,1.1290471167119653,1.3254703650718387,-1.551866791741364,2.746620957515244,2.354673623693422,0.06027635700716532,0.0269445190580272,-1.6778078716088711,1.171647201572191,-1.8319744172005565
516,1548266082.69466,265842,1039,0.024297496115028412,1.1750204764972936,3.4718639532747715,0.04491564519210391,0.018820952164072334,-0.09835616987417216,0.4590003551381582,-1.0771805132003895,3.125524562251469,3.119324771351979,0.09384878598086761,0.03900440820146659,1.3634515115630694,1.6038097511496872,-2.3103458717193837,1.1968247692759568,3.443342366614322,0.04504607222026218,0.018905436592966243,-0.11288807344843299,0.44136669675400414,-1.1067254628958383,1.1735472480600753,3.4734077679272977,0.044987514577639595,0.018875767742135747,-0.09833815206478316,0.47280574957069244,-1.075029458009301,1.4189033679108214,3.7635872794711807,0.060558066674638894,0.024089614686572183,1.3876869675371792,-0.29552384727866143,0.016652425822029988
518,1548266082.76142,265466,1521,0.025756627584601937,1.0134581871734387,2.33647716537541,0.04494674556353453,0.018272414427467177,-0.4486778771048407,0.22500694136888194,-0.8804303130182347,2.508197404808201,2.4229614950075375,0.09385742283181704,0.03830116057995129,0.09888076371374406,1.6876298861856336,-1.852884827318484,1.141889582181192,2.3550089827474996,0.045165433084515934,0.018422419681870913,-0.5902375028454726,0.365561442713136,-0.9065849875936446,0.9983975214746525,2.328505768298621,0.045031559408087334,0.018315332061714686,-0.4422373994269297,0.21590732739245722,-0.8801930241543796,5.339008094977674,1.2637398830629853,0.09396632607895955,0.0356676310787461,-3.883470731376804,-2.7252784231526963,-2.448779294480252
520,1548266082.82816,266502,1178,0.020032800350491806,6.395467353204546,4.960193640864889,0.032934373540392387,0.013915461489439958,5.904792970334471,-1.9697234488441588,1.4682003195978581,5.7945882374887905,4.202570611104806,0.0742751733783468,0.030372565782188752,4.866139759585514,-3.1241231958216615,0.37120201986726475,6.464685344220076,4.988221949197825,0.0330156421858777,0.013969489948572677,5.978786372830501,-1.9656605363783928,1.4773113292582427,6.3867566981744455,4.955076722304197,0.03299081999038764,0.013934879795345837,5.911758645531542,-1.9569204751338356,1.4732854572289609,3.6113859814942857,4.170448654855237,0.06010039776050376,0.023208366758812826,2.345430790335747,-2.630432223372261,-0.7885996660684936
530,1548266083.16182,267235,1213,0.02101679646368972,2.5168886457219988,2.3685824827770525,0.0349193728776315,0.014443907783531633,-2.1608460644906353,0.9425134358791861,-0.8815561035616863,4.811951750918469,3.364037903228712,0.06872137005723906,0.029205998978751018,-2.1633558902524315,4.288872110734206,-0.28345539868513103,2.5821621154456413,2.456061729493755,0.03501991549932838,0.0145318552377496,-2.103216762366042,1.127676828072308,-0.9860960462216607,2.5178496041225826,2.362427893718878,0.03503743357874854,0.014484899379136346,-2.1562325511055276,0.9297322542358593,-0.8828197960719613,4.921860681955008,3.0822194328847194,0.04501495098347487,0.019156066111187576,-4.593571987576088,1.7228426104469095,-0.3944899328998825
531,1548266083.19519,264743,2565,0.01885392841341816,16.995559579721146,9.509923510445848,0.036268018878725494,0.015080123024288114,-16.692146072990436,2.5899171733013584,-1.874468975800867,9.463342333417973,5.714000170148008,0.07713478169230893,0.03249830646790138,-8.857293283738896,3.1298327827864973,-1.1433943139134104,17.01327173426405,9.525844175104103,0.03673485077458332,0.015385278860283954,-16.716320038597086,2.4713614026530197,-1.9769755407142744,16.995134426183785,9.509816554336417,0.036370882320753306,0.0151137007021561,-16.69257676440943,2.5901390548136867,-1.8764237200694587,9.415104070183977,7.675790788012842,0.06370287624294221,0.02414462396681472,-9.362546071585712,0.7466354058738214,-0.6553253241905681
535,1548266083.32867,264740,24348,0.020961953005398198,4.252203767975381,1.8922103477689465,0.03365753311340107,0.013806358915509652,-4.117534617635549,0.36278625432514494,-0.9977633439997844,5.149707826664759,3.208789712518909,0.07947607929884483,0.032768720269696794,-2.324748663964804,-4.338127200508218,-1.5151523823090738,4.1013973135834165,1.653209893533547,0.03593349229431026,0.015008085399553305,-3.977488764818274,0.11470755197307779,-0.9939241556245694,4.706710411628835,1.8577600403901737,0.0349805442960788,0.014445482254151439,-4.546921480611494,0.6275111454633916,-0.9868627951134323,1.6012111742723025,2.248332489820141,0.050797747456846246,0.019514142880541933,-1.0440054077770338,-1.0709252047495594,-0.5718821023418286
539,1548266083.46213,265054,13047,0.03127793426249555,3.116987289440809,2.8316643887462445,0.0502343003323235,0.02118714163985374,1.1257477155779476,2.443161626623639,-1.5745675944843804,3.089684883579191,2.478881548846298,0.10251381054635866,0.04330574723110152,0.07807179454195978,2.401101664118632,-1.9428762887228548,3.411896849606069,2.902237172458292,0.05120300648481304,0.02186357297931479,0.9143895133515634,2.657878254702865,-1.9340669878269892,3.266600192786919,2.921812936086736,0.051847482612230475,0.02200789726744804,1.3929988750460098,2.526149441788073,-1.3287197155202357,7.587137268776324,4.910422907978348,0.0770696574108167,0.032197783402020244,3.712463651855445,6.5952370847226405,0.5339600782886325
541,1548266083.52887,263688,19658,0.026925082329540686,2.936747115284533,2.7658676958571964,0.0402984391675512,0.017173276441069807,2.7060842787412094,0.028586794448818082,1.140514923473093,4.554658547871641,3.3299610757906786,0.0934478899961636,0.039447539808126764,3.306880195134615,-3.1200469911810664,-0.27343122635980543,4.874209877039933,2.9630858210012274,0.055462385230032094,0.02132249423872841,3.3058308102246445,3.4965957341267355,0.7766742249423686,3.374316571842151,2.7632270514048534,0.04155329415715722,0.017819100075414186,2.793275037844205,0.3719369159172985,1.2390694775954367,3.941395623335198,3.0588592170050433,0.05871547426083029,0.02659911294353318,1.8458191360745029,-3.0193557169886156,1.7352354972265847
543,1548266083.59561,264932,1147,0.015977522811791014,6.2360510530517645,5.462298498241177,0.02577652656271156,0.01087532774780284,-4.878570566931148,-3.8558386124869966,0.4694577235443737,4.993671174508339,4.272984277231231,0.05837336639191546,0.025127755525995357,-3.60111706158713,-3.4558714867052927,-0.16018731297740918,6.205095336450525,5.450068605665182,0.02598186157837696,0.011001235605054687,-4.890288620100291,-3.7846341991611108,0.5146157062292074,6.2222922558257245,5.456498912749597,0.025809661485535394,0.010890527525610028,-4.873354677246985,-3.8390376670151367,0.4851481800118174,6.857732353206009,5.646394328212431,0.03634812480981878,0.015295414648586261,-4.569652723242966,-5.080893401092232,-0.5755773309503975
545,1548266083.66235,266406,522,0.019452207954328816,9.145808800065486,5.069266078788711,0.030956039549636306,0.013113570083827245,-8.768332853418734,2.5854790304198305,-0.2783087534957022,8.580986634508287,4.554591718943606,0.06345859071548493,0.027528999668354707,-7.969897015683572,3.165331404693618,-0.3078153333871881,9.135118537187047,5.063218391019998,0.030967617016680604,0.013120810717937062,-8.757303471409465,2.5853132961688323,-0.2760104323224243,9.147328984929029,5.069686487475759,0.03097559988137752,0.0131223471569563,-8.770250739104576,2.583184122401752,-0.2803165098581295,11.053865569173054,5.791836010736191,0.043918352162446356,0.019611822633811563,-10.15808133023606,4.350684669166582,0.2699455855130988
551,1548266083.86257,266086,1327,0.01929068198418751,11.278833758053981,4.96119578981358,0.03130372169240905,0.013307094251318442,-10.20040178928468,4.241610533210482,-2.2743426222831724,8.597685950412398,4.077764702359403,0.06347938499867967,0.02683190234062766,-7.397886892599859,4.105220810686579,-1.529259729975181,11.459140933179482,5.025816741985759,0.03158411832951371,0.013480756023780639,-10.358823059122546,4.314410580235975,-2.322187998721984,11.236302928209241,4.950791086190135,0.03141719684066149,0.013369043249808202,-10.15929686686243,4.234246673707685,-2.256062482550995,12.199207992147219,5.2792953024940115,0.049187170092153426,0.021385901541193325,-11.149731865311939,3.3607777035566833,-3.6344639487264754
553,1548266083.92931,266105,645,0.014793592137688534,4.219134164828739,3.912842671402724,0.024163112283451207,0.010374391488223427,2.5942322675455682,-3.170439152972049,-1.0096373706199429,5.85247022704703,3.8401987715954515,0.05600082799198645,0.023596770456281443,2.2914911761537766,-5.27146587892575,-1.100964774823824,4.210303154090505,3.901452056409444,0.024199286462879905,0.010396628149915122,2.5309408792535555,-3.20357483450399,-1.0286394872842621,4.217964042840082,3.9125512066582226,0.024220871936465785,0.010407961376544143,2.5965179819800444,-3.170152189744971,-1.0096368360372043,2.831356183830663,3.5411441798808188,0.030297325287039396,0.013025736883029665,1.8976121397284778,-2.1013297661424577,0.0076955048521386606
555,1548266083.99605,266082,918,0.01986544749947311,11.942442368135318,7.928851244895183,0.03446172134943562,0.015052879868368368,-11.425236815573687,1.7942386578347904,-2.9776838420195526,7.585624802709045,5.116159898657044,0.07500701193734023,0.03304693092991718,-6.8684707230086035,2.1709771368452526,-2.3775348253902617,11.932444476350588,7.896254295042189,0.034492850249919174,0.015083369419889664,-11.413820127782085,1.8056365927981384,-2.974494539678047,11.952822757460932,7.932004681427621,0.03455512489073038,0.015088616698843031,-11.438351375092934,1.7908713278858546,-2.983670359041654,11.174477804534725,7.887289570119436,0.04954805924554344,0.022118661066527916,-8.771015338936216,0.6635239479706032,-6.891877835441828
561,1548266084.19624,267809,1352,0.01614181951808918,3.9049799295646763,4.204551392282573,0.025798558576647607,0.011270592588144019,3.6550336639086596,-1.038892617413436,-0.9001662599104917,5.012931713179516,3.8317716863548164,0.060542860132569175,0.025142883955418045,4.758133952926998,-1.437626811958344,-0.6502882411228936,3.9219992798593744,4.2033110657543995,0.02582031195868628,0.011286732336260123,3.664843615314657,-1.0564300145575678,-0.913758858149536,3.894980954199946,4.204324231451511,0.025847485093149453,0.011292378747631981,3.646254173590493,-1.0264950007480143,-0.9034665204771003,2.9360370164615905,3.7852641225804478,0.03861320862890693,0.016393749375248467,2.6023315069285915,-1.3194743274813578,-0.3273707213497626
563,1548266084.26299,266145,1102,0.020232036069254028,10.69310675743586,4.6291940315925455,0.03718446270567938,0.016205578292048453,-9.564188729503936,4.066937702364381,-2.5157193399577547,6.64365254166716,3.4553208130473707,0.08183860622308765,0.035431353354589426,-5.032811383968386,3.5330109226369566,-2.5153056451108893,10.723620624053614,4.615228538980558,0.03721268448058548,0.01622594244836672,-9.600641937116638,4.0499582246618875,-2.5340781484395523,10.688093956566899,4.62805084906328,0.037217971366316986,0.016225614403204955,-9.561569316514523,4.0603940394066225,-2.5171748300873187,10.578676795415511,4.85703497503417,0.04930751693474642,0.02213849471272787,-7.540119319659985,6.562174802540733,-3.4630716492807845
565,1548266084.32972,265170,3105,0.022540841756311162,3.718828813746809,2.066372120103861,0.03416194008930439,0.014894680541897935,-3.1227928811963905,0.27883437901009567,-2.0000259388779678,4.539567888661679,2.6138322663332545,0.07487794771132693,0.03259222133055212,-3.302804620115936,2.6954417648321565,-1.5600487010050668,3.765646248420679,2.054103244330631,0.034349745132894356,0.01502089804329988,-3.1622565703340726,0.23721096068978947,-2.03075257275532,3.733621299035785,2.0424775910036983,0.03441171808655674,0.015013136568758124,-3.0954748524790716,0.24798755220877583,-2.033738091812555,4.677936517439453,3.0795599595484138,0.05220350385481643,0.021795392165760333,-3.078983306410441,3.376352539391375,-1.0015964206130121
570,1548266084.49657,265314,779,0.018367606823124723,10.003272347185545,5.128910435555981,0.028518665147955497,0.012395637717941216,-9.149925718434018,3.203038936136478,-2.466750610155078,6.962504199652324,3.9040184198269756,0.06360144860337362,0.027621663108068836,-5.702812103931657,3.1086842120538036,-2.5080831938263657,10.0348037198198,5.128275526907601,0.028536076647117783,0.012407210461675196,-9.182814984645146,3.2070003560395044,-2.4674568627330427,10.005619687651269,5.133520131531062,0.028564584309063293,0.01240949087228585,-9.143930171743973,3.2337304052917766,-2.464116162594399,8.549313472281964,5.207653351314546,0.041758152447752835,0.018085068867622255,-8.34029837186177,0.2849803545546454,-1.8571403051949862
572,1548266084.56331,266344,1074,0.020535444494559903,1.7554675730837688,2.610684580657952,0.03190997697707971,0.013769438277511396,-1.5139348252650913,0.8832450795050126,-0.09770299139923196,4.3306519400520225,3.045224531266026,0.07265505328095592,0.030629923921087987,-2.8569442188009675,3.250478209405313,0.16372955358552047,1.7062017941357668,2.5940465259868577,0.03196873124908978,0.013805289308175173,-1.4765448249564255,0.8311641764330618,-0.20026495954324694,1.7540482783268034,2.6109457606686384,0.03192567342093421,0.01377278383659794,-1.5139754670723948,0.881789852271011,-0.10095026978542587,2.840095322572603,3.2299418322566815,0.03845001605752565,0.017270572854898164,-2.581403796703969,1.0066429650165243,-0.6238315643215357
574,1548266084.63006,266722,565,0.014409764531307902,6.7762956226475115,1.3288220165870825,0.022709795300798728,0.009687784920517683,-5.027800547760475,-2.3895206332097194,-3.8638834300372347,4.6503919186409775,1.1064304446702042,0.05240218569832137,0.021484587518543128,-3.12646065719394,-1.6338558453225251,-3.0301656444302125,6.8620643028738755,1.3290979369989229,0.02274028877332595,0.009704626570345036,-5.109425727498948,-2.4090123259510756,-3.8959408164605827,6.777278217138953,1.329249271473007,0.02271158243710493,0.00968853125229619,-5.028733898210966,-2.390139110504677,-3.864277809458494,5.404168772625226,1.7522747173595168,0.03663757634564344,0.01589861880839383,-3.232840152062095,-2.6455067474988514,-3.4285680280797726
576,1548266084.69679,265773,2961,0.02596569945025713,3.0435318957298394,1.8120783031317207,0.04056530638587116,0.017297037278131106,0.6558145214420547,-0.31952692540104544,-2.9548090052885576,3.8331119431708287,2.170914245200536,0.08722178422889834,0.03730955020646213,-1.1921597678650107,2.2567412136395926,-2.8598289024736054,3.0982490975897075,1.866480385541144,0.040717355471039746,0.017428454754679946,0.552507753886424,-0.11988311096513782,-3.046228929728713,3.0345015893875935,1.78565424803549,0.04076988003767132,0.017395755015777378,0.6215295769713981,-0.32648410899727176,-2.9469689851047844,3.1584893247333867,2.3335410812518145,0.05045385948477241,0.022027395605403337,1.6091552737053927,0.6085322430479211,-2.6488417523007968
578,1548266084.76351,267528,2014,0.017746518818357704,2.3585143279035754,2.956094835373633,0.028850290692658598,0.012379753617920411,1.264930675058705,0.10219146716310212,-1.987988210795284,2.951916867993389,3.1158368404133854,0.06695701483776641,0.02851907615424051,1.8591947298211038,1.8559203499911714,-1.3463906589983385,2.3586968482773867,2.9680623127925503,0.028960123804897608,0.01244715322874876,1.3113104772199713,0.10147845304937629,-1.957962660004913,2.3664574320046716,2.947586010827543,0.02896492029940703,0.012424120061169039,1.2516856662640024,0.08011304679539065,-1.9972546145267507,3.5726896428761807,2.922627082301861,0.038263848245043086,0.017282034552066932,1.2295630882155215,-1.4677888539326138,-3.0162695132702955
580,1548266084.83026,267132,2127,0.020043860722217102,7.129679007964428,2.037070539264873,0.03630337357307315,0.015081651308511178,-4.801057195753634,0.3556620690286817,-5.258866517831112,5.364782550738375,2.1033498639674475,0.08120207290975627,0.033258427279372484,-2.136874702958021,1.504028596622557,-4.685355514910964,7.145247104544466,2.0386330984572534,0.036363681795349635,0.015120461159959355,-4.80761579983115,0.38709230154218627,-5.271768778721402,7.14046009773476,2.0353681127971064,0.03636308418019776,0.015112775663671606,-4.814856364085959,0.34365759331021817,-5.253780135184236,7.164385699618469,1.6130295758443176,0.048175582574994935,0.021452166394532277,-4.951115821200529,-0.9284120362365083,-5.094401404377812
584,1548266084.96375,267499,2094,0.023190976978103243,4.144798852669607,2.86995804484952,0.03770841420843846,0.016091501507053754,1.4302936564486808,2.144286354679631,-3.245867159103818,5.23444067984617,3.2964405269929165,0.08592437810130593,0.03555685368020754,3.0421360886341695,3.374647717950375,-2.5993326121892055,4.135679428129581,2.861233857053366,0.03778949803267711,0.016141006813214755,1.458717466207577,2.101805540253889,-3.2493693475801155,4.193310526074834,2.899598103762825,0.03781914951722744,0.016143133882917212,1.4936725850103727,2.145157192441964,-3.236149732043813,6.446113290021521,3.77878563541563,0.05163111014107421,0.02193058073216185,1.1363702298871285,5.722470388654621,-2.741235469526357
586,1548266085.03049,267108,6216,0.02980938610396623,2.7909395349441937,2.6291456656780285,0.05008598103307883,0.020807425558231483,1.5320579967693233,1.7289193291374514,1.5661991366312853,1.865215854869408,2.618949578915033,0.10529771789444628,0.04298511024219022,0.7916714130395591,-1.3488619358878002,-1.0162962348376485,2.908267471706165,2.531478977717703,0.05083411794184145,0.021265405085319076,1.2257894951147121,2.199236576796945,1.455616116951528,2.9203023840031923,2.6346324307839057,0.05056703318790448,0.021007883182574606,1.567195600273456,1.8266565639662824,1.589044161311834,5.328323287585653,3.4826162020688782,0.0670284916800508,0.02962102355350403,4.644326913949697,-1.0274899079455952,2.401149945850951
588,1548266085.09720,267526,32214,0.028120313752973837,3.054338615041748,3.373892197268154,0.054610701962934736,0.022752798044230926,2.3122266574670216,-0.5001379160330033,1.9319560876945923,5.514559876070541,4.041032908876199,0.12067407361107074,0.04972991148392595,3.251651685368838,-4.380269086955102,-0.8064581016213108,5.008861091166291,4.177723332683156,0.06085324534218782,0.025392007667683035,3.938295511415762,-3.0822575271020445,0.27965412921109667,3.4781446520173995,3.6120823687226267,0.059511341684834504,0.025071389036924567,2.821796500858057,-0.0707490961102207,1.6318539946043904,6.340083075982045,4.648932450154513,0.07377774979372381,0.030064253211319388,2.5873656214573066,-5.569430790142079,-1.575954702734872
590,1548266085.16392,267717,3216,0.023088618247155624,4.230837453437889,4.168812136518659,0.04992909268432977,0.02041497711603936,0.1802745332940598,-4.177895481842917,-0.6423986245742975,6.14494344383521,4.287273418581498,0.10701396529518706,0.04385722272791889,1.8435324836630829,-5.708297400475681,-1.3330636508940337,3.9652761352375063,3.9609937196765497,0.050633351579123756,0.020858699306697922,-0.30516136903473906,-3.88907023607202,-0.7109318296655865,4.197446763078905,4.155058587180296,0.0502210473805204,0.020540770600949672,0.18800266230361884,-4.145312466708196,-0.6338465852676859,8.400290252926332,4.965105272100202,0.06448523398418042,0.027060478047467192,0.20996029932983581,-7.780808586298239,-3.159083846545081
592,1548266085.23066,267331,6098,0.029640567257842854,4.652320294507198,3.6011456007995153,0.0529874812768872,0.02228300657572889,4.074008744099836,-2.245908921963205,-0.04929492801186574,6.3578845625207006,4.06822380070283,0.11908779440913364,0.049370988510411884,3.688057854812876,-5.067149262247276,-1.0700110859233978,4.166864130721791,3.401109328213098,0.053932266877026146,0.02286889669902264,3.704463877722935,-1.8976459803817631,-0.19658025252493008,4.37796800111203,3.5115380773251985,0.0537450043157495,0.02265048970753781,3.8750356718759615,-2.0527779112008546,-0.00854535036377239,9.741279963023127,5.138950428734616,0.08003337072130308,0.031779307365198496,2.7773096955865313,-8.683955477180023,-3.430452367130604
594,1548266085.29740,266222,10577,0.03184573612571065,3.1512745419087516,3.0851606400711713,0.05731885188343537,0.023890132645039742,2.400552428981398,-1.1079920178138642,1.7147107518921323,5.740905247903311,3.9684428361809188,0.12476080672140728,0.05177082527775814,1.462122674827209,-5.545216927365309,-0.2660067247667686,2.5474600759229653,3.0015160792815996,0.058499074687141155,0.024543474229260415,1.9308131148322982,-1.2566940592683515,1.0873056586869545,3.187664003190701,3.0859747722300126,0.058283972740958485,0.02423377254169523,2.3530885106713963,-0.9893915325898384,1.761774576134562,4.409839073380031,3.65245675760958,0.07732326885036468,0.03386870084019807,2.2441703533456763,-3.6320740678951275,1.1038197514075079
596,1548266085.36411,267520,934,0.016542379420403854,9.095550603691356,5.147807030963571,0.03216306573231997,0.013019167695647045,-5.682251875705153,-7.095143541174905,-0.31621596335339,9.506527440680864,4.6540567858788195,0.06972089719337497,0.02823432677556123,-4.489936653011574,-8.267461427205971,-1.365142623326561,8.985334399614217,5.075748815021617,0.03226621196840622,0.013081384106989218,-5.684949950809311,-6.9539599090749435,-0.24498961745799774,9.099415444610582,5.146592875288095,0.03221480039739888,0.013039319955040457,-5.693032296878938,-7.090767681891629,-0.313718602824023,8.87248155165516,6.088914464986962,0.04631732742058734,0.019733730117001066,-1.4481466401741814,-8.706141731291316,-0.9093384120783693
598,1548266085.43085,267826,2782,0.021346665356531642,4.726540953101735,3.897085914188982,0.040467187322793655,0.016673944414297086,-0.40276126491298936,-4.709034974796485,-0.05442748365500326,6.5938586849496055,4.018626111994547,0.09107543510722484,0.03732653400211801,-1.5442178005707228,-6.375258687220089,-0.6711485770756294,4.780236644054448,3.959570884959407,0.04111944531673977,0.01704044833693719,-0.22427394754297356,-4.774443594515872,-0.07107694704176408,4.781171505455162,3.9174139386478437,0.04062304491821647,0.016737620774355328,-0.3897154314493202,-4.763466723437622,-0.06596480875916155,6.267513788517167,4.43277044093817,0.06421215061861832,0.026294202484215275,-0.7157195828050322,-6.1990427728190225,-0.5842458975486633
600,1548266085.49761,266159,39305,0.049708510230242135,3.0531807371956075,2.2871567373199593,0.08851520840614971,0.036555316504002525,1.7877231974420216,2.1014027793742667,-1.3076944376069266,4.102015731039644,2.4867311922717543,0.16274705748715468,0.06686404302191937,0.01594340950813668,3.6388293644806753,-1.8934623633922913,4.98097241011636,3.0469748760816984,0.09636051067500835,0.04047360418335155,3.778520831139437,3.0445025199185096,-1.1242201231055977,2.898464161879187,2.0179307440601306,0.10156052383390185,0.04151806519466757,0.7506116970646639,2.1049557820975426,-1.688743356450178,8.3288201179231,4.12785456459647,0.1290596226046447,0.05186931102476819,7.984641738119417,2.3250250205061858,-0.4571646581070183
601,1548266085.53098,261319,885,0.04533123513677173,1.7403035197054004,1.801436552008565,0.0703508238131401,0.029854774929281458,-1.1376968100147675,-1.0966919140148257,0.7290878924489999,4.606122400318898,2.9600804038775754,0.14341380103048107,0.06084616511350272,-2.8429194625709053,-3.5989487182453814,0.4263104731237713,1.6171071861267492,1.7597231453340192,0.07061043984864651,0.030013527639830957,-0.9243850337552195,-1.1017348379174117,0.7394107841458825,1.7348641908908071,1.7994901248137967,0.07040420474134315,0.029883999426531166,-1.1323356681319117,-1.0853290678733205,0.7294176369903411,13.718466573890058,6.941994939276309,0.11092826207045964,0.04786409720876065,-2.195473734719204,-13.084309829406555,-3.4895639422701525
603,1548266085.59774,267326,558,0.018944646920124788,7.3635500363821,4.4108285612000975,0.033241150692890485,0.013965099168342564,2.4838110892737864,-6.879269528138271,-0.8533477429112067,5.523727192954436,3.325106379350423,0.07898548098323965,0.0325691598191044,0.9436891690307003,-5.44068104307373,0.1414306967266555,7.385360975287565,4.412871019828053,0.03329674251083372,0.013994520237605461,2.4899371890230766,-6.902575407956783,-0.8355969527772419,7.363050082472024,4.410724387398996,0.03325191366852912,0.013971448907830463,2.4833020127161975,-6.88869255466145,-0.8541416415919296,7.157959872998187,3.9942178954619028,0.047703218411728116,0.021914503734110174,2.0310403038851,-6.854396970322152,0.3584787311473915
607,1548266085.73121,266748,939,0.024426989439997104,7.246636788931711,1.797666770492436,0.041213561592170926,0.017109588582325672,-3.005257818891595,1.1871188152546477,-6.48636409024022,7.253095409093257,3.377645086975292,0.08783348658424936,0.036212134392224,-2.1130228724884312,5.510973731041962,-4.215648928636712,7.285537001818863,1.8115822277977336,0.04138336299896553,0.01721307281789424,-3.081118882213756,1.2125496675076617,-6.489643991958626,7.261052603301218,1.7988794404742223,0.04135180252161416,0.017161434255350216,-3.024849108640317,1.1929427408461104,-6.491442205801823,6.453293114377527,2.8915598478457567,0.05443319104589133,0.021819569298490854,-2.934357734146138,3.9156897862794167,-4.207363807154809
609,1548266085.79794,267528,1250,0.02232837145796761,3.3912488382485657,3.715636339047277,0.0458649430545275,0.018601736442346917,3.3382604262557574,-0.2248420454795021,0.5532016485889834,6.654064668597913,4.434810099995137,0.09855942914403945,0.040255477013877695,4.1602036723585165,5.098536451448272,0.9870197929276934,3.3203841808449783,3.7197534202746314,0.04600620015715221,0.018689037703883502,3.2723277283844,-0.19217228858014646,0.5290483512440401,3.3999135124543023,3.7166336281547276,0.04595351626183871,0.018634149210804897,3.3448650104106328,-0.25965218936863027,0.5473956130905326,9.334734058686678,5.565935410121085,0.0644032712316205,0.026583574930207417,4.713621584390602,6.228220159342297,5.111585385409725
611,1548266085.86468,266370,709,0.024410085494162886,7.11391446750741,4.260740819341687,0.043131952724851694,0.01791791342090459,-6.905682145251425,1.320415730572396,-1.0843594690986422,6.3870232003487475,4.065484363325769,0.09069464050751702,0.03775438927866166,-3.724474652733509,5.18852450251945,-0.03959052530662441,7.1517324451008735,4.264410385511344,0.043158458234093824,0.017931312258335726,-6.945776882637007,1.3217796327166589,-1.0753413715975382,7.113875206204316,4.260881664858417,0.04315109016840257,0.01792617646122444,-6.905569326504883,1.3206475606294346,-1.0842014743168615,6.772039496084968,4.478327121279114,0.0579073482942684,0.02306071182128051,-6.267350688110393,2.548762113679858,-0.29093981619420006
615,1548266085.99814,267765,845,0.014494008438927154,7.459695036985321,6.10465382901304,0.025573903147451022,0.010740143451839199,-5.178390914243701,-4.964995309536636,-2.0445388625264433,7.074847603852712,4.9763512103080645,0.05490690665356911,0.022707738049260753,-2.729978828349004,-6.298453584107145,-1.7117729590557624,7.451061025201026,6.098456598530808,0.025581741858258785,0.010747062373036966,-5.168211700097835,-4.962389153793099,-2.0451386531377813,7.467426696163098,6.105427443859915,0.025585850259682495,0.010743514204864113,-5.181362889218044,-4.967437005380393,-2.0476166454352396,6.862519885212243,6.274220909274881,0.03637703034302521,0.015597218307554592,-5.127751894932061,-4.3124924009071774,-1.484166086080654
617,1548266086.06488,268699,672,0.017974790742946428,11.170878193022684,9.127697170773635,0.03668500971884074,0.015170128394919092,-10.336741390167223,-3.0823798447652093,-2.9050355468976106,8.696109070033597,5.847498743112269,0.07744011756823278,0.03235718082849411,-7.684240189162128,-3.4797974424799314,-2.11323813908804,11.170646313638498,9.128271248955757,0.03669386283096855,0.015178042237556514,-10.335596892008704,-3.086448927741497,-2.903895481374757,11.165661563345875,9.123613102618366,0.03670587925873152,0.015176977319390487,-10.334554407647897,-3.0814603462678205,-2.911732208296699,10.791833129147081,8.639573396227883,0.055879351137993874,0.022876378310063235,-10.57363997947807,-0.5491591594955684,-2.0881149607436735
619,1548266086.13162,268162,1940,0.016575503483090736,5.197009659260331,4.6613876305535085,0.02900850512223437,0.012355779122074825,-2.6160017146909524,2.20892972553721,3.9097408986807913,3.1721642006461943,3.56775608659796,0.06465742055803193,0.027290564926289947,-2.4518232097257617,-1.552681397048557,1.280768965649431,5.5101024583539155,4.569232422940294,0.029276373994193666,0.012517025018681774,-2.6871501927888604,2.69225727998782,3.9865026879841987,5.179560508724654,4.6545083596086965,0.029130212952712894,0.012432069119426042,-2.613545033017167,2.2007468174525533,3.8987938629382386,10.492634609990239,5.212926100320928,0.03953521707158579,0.016548161710235636,-3.881967051955167,6.549462778968015,7.220128127201903
621,1548266086.19836,267419,748,0.019136140605071045,10.011515840196692,9.228947748874132,0.036185704523368036,0.01542925743537356,-7.481299513020615,-6.343356060072573,-2.005602380863999,6.652405589363756,5.438770356779335,0.08006057745207583,0.03346987725676367,-4.24666360139035,-4.8430130133870914,-1.663001303122692,10.00391526709606,9.224706469542227,0.03626740037351626,0.015477714175169934,-7.471672408098259,-6.344141826427353,-2.001073857576428,10.00753386924432,9.231591689366761,0.03622239647999585,0.015443827833683131,-7.478270267539339,-6.34282745520408,-2.0042576204171687,12.249681077684208,9.866550926846259,0.05024186682121837,0.021797766270036333,-6.82859173708838,-8.576527595313738,-5.465180308092755
623,1548266086.26509,268491,1329,0.021146490186246095,9.300131193953169,6.064469495956508,0.04082948290929772,0.017241201114706138,-7.195002550401142,-5.078946184868671,-2.9880903894744977,10.137848223442333,5.494354678664897,0.09662871842252456,0.040581846786807894,-8.194390004918368,-5.905235713015787,-0.8695574866388982,9.00872874308975,5.891451427645138,0.04100117618047004,0.01735406848336721,-7.037194070701632,-4.838336490183769,-2.8680294952474656,9.303715367164244,6.063342372570523,0.04083836924702961,0.017244929402354073,-7.194093817206502,-5.0787171063568195,-2.994307521439903,8.858156527557245,5.845419296009488,0.06185476060636323,0.025359645521238323,-5.688171769419003,-6.098428784666819,-2.9867717265698257
625,1548266086.33183,268395,744,0.021263487292292407,1.3783023971878168,2.854020552156094,0.03629079892980948,0.015425359091607254,-1.1738343117315535,0.4444770197971121,0.5694477022235407,1.8565963313689826,2.312397226608426,0.08235251801303092,0.03466118250008148,0.21764388687007133,1.8326168919950108,0.20272247861399054,1.2723692986789312,2.829869370579475,0.036418692792669786,0.015490157822212464,-1.1295737081389972,0.3477965555286491,0.4711946795797232,1.3763755873797194,2.8537808601538197,0.03629481692332595,0.015426579142144205,-1.173816846979484,0.4433844902942731,0.5687986968826777,1.9735232483586485,3.037106282417935,0.04758156943703185,0.021062968162963523,-1.4974637309739687,1.2175763668001276,0.4121943440167447
627,1548266086.39858,267111,961,0.02752263773480279,4.2376263343549265,4.622247072406026,0.050088604496196794,0.021466438967733887,-2.1238301504840016,3.65715730973266,0.26837073868521044,4.47972546416835,3.6023560827304704,0.11084460825189847,0.047052734065750376,-0.9395703987004009,4.364998459237844,0.363230162645606,4.4139157472775175,4.687487638748048,0.0504615121163602,0.02164350911824626,-2.1543985321725208,3.8477258936996583,0.19032770578794642,4.218763614511669,4.615785288479571,0.05020125002354388,0.021516878446418614,-2.1061803512103734,3.665848238595048,0.2774521848910503,6.989020061487203,5.156073637083346,0.07051348600915712,0.031086225512308892,-3.214621995657842,5.895640349974541,1.9375323761567027
633,1548266086.59879,268559,855,0.02347314819846793,5.5377640139139475,2.1298904740543616,0.04277580693574183,0.017739309647572588,-0.21811650098498106,-1.8753428287908416,-5.205991235134875,4.080349839305109,2.4937475685376476,0.09618832601200254,0.03938377502820368,2.4986855750356067,0.24556241745719778,-3.216445912394422,5.540604029009279,2.1084276244202957,0.04283229410740018,0.017774540889487336,-0.2695687749782768,-1.8650200454663488,-5.2103095792706275,5.542035094015835,2.1301764430306753,0.04282169768614731,0.01775933598513999,-0.2147336713681054,-1.8824758956620626,-5.208580742451776,5.086416533885419,2.1787719785375113,0.05652508950770723,0.02384833205901168,-0.6580287659134368,-1.9129903205063579,-4.666808259727668
635,1548266086.66553,268585,2556,0.020227370986843827,5.905241363265361,2.655243221879011,0.043974847520472884,0.018066313451681398,-1.1062600571100196,-2.773505801326372,-5.09467661529876,4.004874651296786,2.238677746697832,0.09193818826783105,0.037453790222136296,1.5072945958254116,-1.1183639934034861,-3.5378448174352797,6.042138416284676,2.560155929222123,0.04413673274716009,0.018156935263965966,-1.3433513818345018,-2.8151154593769436,-5.1747433421227145,5.895163183189604,2.6564386733858,0.04407143705716965,0.018101550339754146,-1.1062197424412776,-2.7676780729021133,-5.086063097137073,5.515289772147149,2.990904756982481,0.05721152937279445,0.02293353466670944,-0.19439380308107168,-2.8482439766059855,-4.718912858890525
636,1548266086.69891,268854,37982,0.02265877753600379,9.108647415686479,5.495340444150986,0.07012020887827687,0.027646121644854645,-3.7701988007813863,-6.024732387748997,-5.696986782667382,5.3201052386931345,3.8875249683026154,0.12844842749268737,0.05164808456029856,2.6098684681949025,-1.0508468834415898,-4.51528815880595,11.034831772045667,5.731716026745556,0.08440334316854223,0.03375268562386068,0.19118706733819432,-8.419121897828607,-7.130872752485069,9.275527334805346,5.379510177519395,0.07693459227598867,0.03065543678926187,-4.0867990792392055,-6.306378993044478,-5.49734502457326,6.88363143277799,8.518984043965043,0.13366579215923702,0.05117912898179279,4.900535174616931,2.5808763641664267,-4.087568213199438
638,1548266086.76565,268868,36079,0.02728336551275301,5.594613047832974,1.451720478631784,0.05148382166356754,0.021323655475883108,-1.3124058209857765,-0.6162873720919415,-5.403468884987273,5.010778356296308,3.172140563845422,0.10579244333399347,0.0433630210103845,1.4615393107459458,3.819295516948414,-2.895649207568061,5.110029392824966,2.820487287351381,0.05837235001067016,0.02455690091036831,0.2129992203335738,2.3232712544822545,-4.546365846010288,5.7911585574005455,1.3688783687356876,0.05635774779258328,0.023590474188266417,-1.5068748576969204,-0.904650143658855,-5.5860455569006096,4.055002269666664,2.866163471079284,0.06655208502732367,0.026603335312560535,0.34002173010348746,2.499591398975529,-3.174818336255916
640,1548266086.83238,267997,5647,0.019475938352917853,4.103536705494213,9.262645920857635,0.03842473785476239,0.01633229206159269,3.0217286656559734,-2.7164645047508293,-0.5735764630109097,3.3459391421929188,5.354114419154394,0.08091890468473178,0.03459225379977241,2.886616943630991,-0.9937739274652737,1.3693665488434437,4.404197303307692,9.114544708496751,0.039006281706857875,0.016711867475505748,3.081958744552066,-3.0869070030138483,-0.6078563465868084,4.043265240164157,9.265948361720323,0.03885010042891403,0.016558242300483833,3.0607111764915693,-2.6662193898054727,-0.567997761586648,5.084285313181146,7.901356776978412,0.05320469484147523,0.024265626316116364,-0.547362444385893,-4.843585026332703,-1.4456955395210398
642,1548266086.89912,269166,47907,0.033115699474358044,3.6662004614592067,7.615193317451078,0.1009140636971006,0.03915733100560905,-2.439391709697544,2.576195636218984,0.9239101440014925,2.7139819438228914,4.516249740558741,0.1808964512419149,0.07147384837991089,-1.16223869150366,2.224332267593846,-1.033075591962833,12.07096403749404,8.117588446640369,0.131006457115587,0.0499338550200249,6.06021595080466,-7.000874886040525,-7.744010992637745,5.448385177414367,7.603279159586199,0.11069624840781266,0.04275185337864178,-1.3663339406928043,4.070467916930547,3.0210943609056238,8.012037340469337,8.563527478609979,0.16843522133571678,0.05971078428716083,-0.7255523782985672,5.607051830206491,5.67690812544983
644,1548266086.96585,269176,50454,0.03177222236622485,6.770949782546262,3.7402786755102575,0.06452057057295103,0.02658029688060775,-5.405403749650609,-1.16854249178934,3.9066455823262465,6.641518170415114,3.7102367086079378,0.13129786768191407,0.05314032299922253,-4.947608673684279,-4.264309772257215,1.2027444393011428,5.59460682334912,3.231596683281038,0.07710234022568555,0.032319908551458484,-1.727073695694165,-5.305986088155691,-0.40417024853903055,7.884755973655236,4.0840149751471735,0.07460075195391949,0.03093094187911285,-6.359688559740012,-2.088083851396708,3.339356825482315,8.245863372692568,3.3609542882741295,0.09632544451485224,0.04093490115212393,-2.065493081434807,-6.83725163606452,-4.120678482579154
646,1548266087.03259,267732,51739,0.03405496082649368,16.856885416118132,10.985346417301184,0.07482377042506799,0.031465433751720555,16.767072872155193,1.3177692316079836,-1.1328448632539903,10.064681554359046,7.224821355908092,0.13999042295991165,0.06007689070768319,6.523025619529902,-6.811478925054472,-3.5144994538554886,12.007695501503205,9.36109189632415,0.0964515691970918,0.040977504760151266,11.43277413044768,-2.433070644288951,-2.7489260046218003,19.227166749367584,11.928225485179206,0.08652511589188967,0.03600383410760863,18.514354338418702,3.4915136310523787,-0.37429980724355777,13.705605022705894,9.33067218537585,0.12555497464172835,0.056373620169604746,6.839249683136642,-9.727072706421565,-6.815594572311721
648,1548266087.09933,268019,2827,0.027668149986210592,19.30370041918874,9.833307645128784,0.0578062680430742,0.024173391285858527,19.2353823892207,1.3577119420002894,0.8885564117125742,13.115188626566624,7.377077084687779,0.11205302438149019,0.04710464606853669,8.021770025457192,-10.11903997707526,-2.2944298445260385,19.484881450142066,9.917433852791984,0.05820591765002133,0.02442209919497726,19.40129584017625,1.4889876088656333,1.0164845048964766,19.283626801655288,9.820496794871575,0.058006786155306314,0.024234686399559953,19.20751941757061,1.353375819360537,0.8591060366906236,17.115461909925664,9.052423629878964,0.09333417330429923,0.04051886377156109,16.592462973891966,-4.1523812751334646,0.6220438859609622
652,1548266087.23281,268007,1262,0.025625503402305003,2.7992542726629597,3.219459682102936,0.040458071992103856,0.016784408554914594,-2.692733179768138,0.5837302492938462,0.49423830452217127,2.941274669445325,2.9223321740857084,0.08325807132248009,0.03448903997574876,0.24257265055840352,2.923247606929907,0.21651470827716637,2.713675139055242,3.1154221476319086,0.040971555914535836,0.016920539863343492,-2.685961000026962,0.33355188112028755,0.19593215474180456,2.7996146235994304,3.2146734796277334,0.04051225458368862,0.016808685413819746,-2.6991506115203316,0.5710717758748982,0.49423799211465647,5.289070942637459,3.9632441328883186,0.060081500962559764,0.02657397574080603,-4.324352264764894,2.2838200190267726,2.014550830127446
654,1548266087.29956,267739,823,0.012368898562385537,3.6334345397784786,1.7128308818129578,0.01828305325349622,0.007629716769635327,0.29598962434307197,1.7680145222644459,3.1604368916652192,3.607483325991509,1.2298961370536885,0.037658825478463824,0.015723360149941447,0.5949749823387633,1.4983669829066335,3.2272026744896296,3.626330967191692,1.711929124952697,0.018293371669192093,0.0076356696263847204,0.29359561596065237,1.760485653178052,3.156702102330273,3.634875124401492,1.7132613284482945,0.018317104021142408,0.007644235035067808,0.29713662072561586,1.770764314866733,3.1598440372112133,7.017378987087811,2.2438483225870742,0.026735609351415585,0.01189176916570245,1.689739762793086,4.205451438862644,5.357477538714058
656,1548266087.36629,268738,1371,0.026547174128941205,1.7993034484263486,2.929476191445604,0.044367694015976004,0.018633968233177065,-1.357133607918155,-1.1783678088039167,-0.08444274363530013,3.9480945465760207,3.308196316259965,0.09309310259454355,0.03901084701415789,-1.8513734009724585,-3.4751364836494796,-0.28860613105634914,1.9743959123164094,2.911249536820969,0.044513952982302596,0.018718785020670994,-1.5638973226292452,-1.1898733755265614,-0.1914829837292385,1.7915971035773341,2.9304011562598222,0.044432226998639815,0.018662284333165764,-1.3551131945157495,-1.176745343685905,-0.08135629860830637,4.075312265569319,4.009137186075475,0.08707182054968232,0.0403527893838527,-1.3834036612282967,-3.8267181449424426,-0.22492801330235856
658,1548266087.43301,267696,4220,0.03317246527938978,4.302135225423175,3.081000682995312,0.05655905363329238,0.02438539758392202,3.6331617992475023,0.9840968644115847,2.083280153932941,5.913066469780745,4.53498373044586,0.11077035039161198,0.04782180009974163,-0.15535736762914673,-5.732752995400808,1.4407505884405274,4.035172130472462,2.872273993426815,0.05755835832941476,0.024945597297794605,3.2483182953373233,1.339851185931517,1.98389545447244,4.390853155107055,3.0668542593241446,0.05698952417616484,0.024562068927094977,3.679787393503842,1.088917123633034,2.1291245818301285,7.483965950410789,5.049412716408659,0.08089210821718343,0.03903426723888597,0.2944028499991069,-6.819578667111557,-3.068618599939952
660,1548266087.49975,267855,3791,0.03996847392668166,6.502225024858792,2.280385953838229,0.06760463457585737,0.028475503024524444,5.403295965717009,2.624495376422481,-2.4890453993254575,6.263810551787798,4.623668751566139,0.13803517787240524,0.05961539262020048,-0.4281251152152125,-5.9932436764496355,-1.7700456912482714,6.376929582155048,2.041419791594639,0.0683266558064956,0.02888855881946827,5.022988496933338,2.9501109666123426,-2.594544804028852,6.68642030776486,2.2809992727087964,0.06805124896016967,0.028657494654424527,5.532500365499764,2.8233115274782543,-2.428326244312646,20.32834669249959,9.26081929589163,0.11660834203781759,0.05105177366035852,-11.581438775255467,-12.6251760773838,-10.941521108169738
662,1548266087.56647,267953,3074,0.03646556922502327,4.552415618786699,2.22994733553976,0.06787400407258949,0.030006817884454105,1.3758767162493344,0.8963341079708899,4.245943522321518,6.7904366053887095,4.819878107330816,0.1261153874441321,0.05622167818357691,-1.8196897220910786,-6.243621104554065,1.9534467256329506,3.762892817272877,2.5455252701193234,0.06907072454919803,0.030603709057784565,1.5262751869484021,0.21829934266278447,3.432519745752735,4.556677152640011,2.224816745619768,0.0683287937431463,0.03015763991395784,1.4462726958681718,0.9159104360716626,4.2282563275190554,9.151921411673248,6.153383611350138,0.12005437691943625,0.057479352321985276,-6.149840389897363,-6.775708141278446,-0.16403624124957566
668,1548266087.76669,267897,1662,0.03179802503452244,4.956393573018568,4.048739449202248,0.04885131207314463,0.021229159153925096,-2.0258245329413165,4.104322583296726,1.9016856587336797,5.52910964445536,3.892788498242394,0.09540493142164821,0.04118894329476581,0.19128415579659924,5.4681152939236615,0.7963535424097873,4.835041968104849,3.991335832213243,0.04905088984094197,0.021362794093307057,-2.041892715644925,3.9721548587060207,1.8521044110928406,4.951401278095959,4.0485075094710865,0.0489527737835609,0.021270600478456844,-2.0360353947612184,4.0852705680434696,1.9080333499327289,5.950206461062368,4.095534059055925,0.0840015430892333,0.03725337923790403,-0.858061640655401,4.978576124252908,3.143639121324681
670,1548266087.83343,268642,2603,0.03255182311039432,3.2253645963791393,3.1207771912909443,0.050526714820694874,0.021568146073695466,1.3946070127128523,2.868530878433482,-0.47914367275561326,6.045099056929756,4.064385225661002,0.1006029197771178,0.04327832049851791,2.0284170677890354,5.6619446663541,-0.6092039086705877,3.1396708468684906,3.077592948855004,0.05098524908961881,0.02183886506801037,1.4142462830644353,2.759872503278212,-0.4904530998609229,3.2531774878638373,3.1279307450333502,0.05083421157346396,0.021688629869386064,1.4439824424831555,2.8936759984127445,-0.4662842522137748,6.824820086616586,4.276254366987549,0.07825516714543217,0.035805793082808554,2.678395520920908,5.835789770716099,2.31255797769513
671,1548266087.86681,268848,4480,0.03602173234454079,3.7710857546967445,3.5877150426787554,0.06571653679418586,0.027886716551632777,0.4283512579430211,2.598971917703394,2.6986937469977006,5.891145895982546,4.419900790282227,0.12392444303097383,0.052835973048112134,2.287055573264014,5.341443989944387,0.9715723724154572,3.636187437817989,3.5482305475349687,0.06699081125384597,0.028576834154710594,0.11151942944942203,2.54306726193563,2.5965807133751584,3.6424033096025425,3.5540229499126843,0.06620768507166608,0.0280481451877945,0.40372755107044245,2.552480288590621,2.695469508977893,2.2992537561194286,2.8341868968056954,0.12843065437567458,0.05357505999250162,0.642622123164295,-2.0744870781324773,0.7550549678735258
673,1548266087.93354,268556,3388,0.03000125624018319,3.9537448853743724,3.3974299027739017,0.0472812467260913,0.02019284012492261,1.2141506566578324,2.5220460962609947,-2.7923503164710617,6.241002852342441,4.319025625368082,0.09465211742188741,0.04045262156993654,2.849985777375695,5.243751133159263,-1.8250401982404902,3.914385121684914,3.362449254694249,0.04789048615005215,0.020525118250336313,1.2942726213662203,2.4205830616573207,-2.7907072408383695,3.8799800568130722,3.299627414465772,0.047613555757855315,0.020322827352836782,1.107003255376306,2.355441556132524,-2.8623898613289955,8.566147037643475,5.782900537951167,0.07832174240085886,0.03805861045105285,3.9793889837333096,7.5828918283866535,0.20758108212689935
675,1548266088.00029,268688,3941,0.03370425010251891,3.2757133778048004,3.9284438614026267,0.056072899761297555,0.02382814622710773,-0.43333587432323944,3.1720553171277905,0.6932410970471673,6.052227054932401,4.418252014796527,0.10520943804862412,0.04441807283977443,1.97518597874562,5.7206700648718565,0.04501869280048876,2.921318653817923,3.7788440551761764,0.05726082803265527,0.024275035058567356,-0.4605657084611167,2.860900808015913,0.3704436151807341,3.259132097357253,3.934079226444919,0.05647561490361798,0.024005801938640662,-0.4644418957096761,3.1589357993962777,0.6954571633588839,10.948255945953646,5.791944839290675,0.0861347854608326,0.03960719521950867,1.3569975097136224,9.279356978180857,5.649460159008703
677,1548266088.06703,269099,1271,0.01706226798916507,19.040935571758435,10.796366573159755,0.037203958926168366,0.015553818152302409,17.4431204525717,7.586825565106004,-0.857236355729524,13.550144770817637,7.5005647857740385,0.07079329586064542,0.030089634578088588,12.621465947012258,4.762206613733481,-1.2753073459521937,18.893355970785883,10.73102279226377,0.03728329329035402,0.015602260540243952,17.3159072431558,7.505562549163545,-0.8858820496255136,19.02996664093361,10.799219594538425,0.03732577265102139,0.015616282363269274,17.459151089676183,7.578013444484531,-0.8135935088005988,20.16013499408979,10.5036935262193,0.060500465866317445,0.027928389292674386,16.33109805302154,10.569341441379628,5.292948219853954
683,1548266088.26721,269073,635,0.017760310432865575,2.3227030137751306,4.643198359429103,0.02910489718519704,0.012397255871556618,1.39361304522759,-1.6764807703310871,0.8013764390607213,2.961540432247465,3.7944036060746678,0.05169238840321845,0.02252547920636543,2.4873088174446663,-0.7086755634419943,1.442842861949523,2.3223315068653405,4.640287062148917,0.029125172552508096,0.012410462356025359,1.384025906960368,-1.6879798110044384,0.7927295089016148,2.3243897019723545,4.642688045110292,0.029111078706439218,0.01240084484580142,1.393524275327438,-1.677985127677832,0.8009982445193322,2.7258063374130828,4.861368230910457,0.05311068831743,0.024589530566272156,-2.4546591507114144,0.7762610994817148,0.895593294046734
685,1548266088.33394,269345,2547,0.027736341025101297,5.327321282671221,4.340563888225042,0.0523087776621166,0.02138500437838498,4.481258864969111,-2.3231627395303924,-1.703404214975159,6.2070817928772755,4.647111866655698,0.09596779634300477,0.039693444422760175,5.704949130217283,2.1964675177161723,-1.0756162181370281,5.389010509259432,4.253344900226224,0.052782661553613455,0.021644895213921475,4.3683959188199255,-2.5363244423586635,-1.8776606957701476,5.316453961293075,4.3288952061715875,0.05255423197976651,0.021462161440254958,4.4776312432997045,-2.345545877791083,-1.710281903038469,12.109797820360178,8.041260851280587,0.07990521958664387,0.03558292123275595,10.726415326949807,5.508969906958724,1.1146605079572702
687,1548266088.40068,268750,2188,0.028551456998740905,2.811958650205769,2.3362610372256682,0.043775106136926256,0.018462854610178638,1.4402740888786836,-0.45371122754196963,-2.3721020469984184,4.52153048963739,3.45416244481898,0.08603469895038182,0.03630026959719993,2.7526859971733755,3.291844736483925,-1.4250319296665728,2.9218888104786953,2.3430946769251184,0.04455289553163984,0.018863643965590673,1.7026119296246083,-0.5494370172633966,-2.3101224647107506,2.8085217851546784,2.328310326469044,0.04393432869116754,0.01850864870716788,1.431108640005995,-0.46377299873404276,-2.361000552966948,6.025774598006173,4.453060706057935,0.0672274560516175,0.03145781757661909,4.161573476515643,3.8714508607832245,-2.0007833311177867
689,1548266088.46746,269725,5679,0.04007826391127664,4.035619148598123,3.1304808053148294,0.0671095309134497,0.02786389848708016,-3.9200396726984006,-0.29542939191325807,0.9122676972228136,2.4652499897710336,2.809925048622378,0.12223575463877055,0.05064709877146263,-1.2703390261813183,2.098719349001769,-0.24305012806491572,4.2307105162485374,2.89506801392451,0.07013588689274144,0.028936064641647996,-4.051439141855209,-1.2148859206700127,0.09383257375383021,4.146989179213401,3.1423746895694022,0.06781469196731713,0.028129110570037218,-4.032396955908414,-0.3924758382255106,0.9193811782819774,3.450274392636647,4.027345116924639,0.15048451388929693,0.06271066094208705,-3.392782289620785,-0.16680839856766033,0.6046459111637291
691,1548266088.53416,269103,4389,0.04006821499764511,5.764358187744239,4.455750960763911,0.06959688925887828,0.029188420903175916,1.322457268751205,4.550311076689722,3.2823164372582934,6.882859680625341,5.015209569832255,0.13237518340295057,0.05475678881583222,3.2644839832063015,6.032198018840625,0.5740111218981075,5.857222414257553,4.487229043524252,0.07080565672224967,0.02985999476073244,1.3848935029324956,4.603664724788285,3.345952106255625,5.565760028350814,4.385777177459691,0.07012826788481952,0.029364744685847363,1.1808488906186387,4.451687966261644,3.17028994436282,4.539259547871558,1.8873538100315683,0.1316703353029263,0.05036027279038446,-1.2005013366188377,-1.9561846434502346,3.9162501738843196
693,1548266088.60090,268611,3417,0.04386982018865915,4.812265675772505,4.1673858734599385,0.0748264186528526,0.031112117125269373,-1.9571294198811708,3.12624463458339,3.0909771679506717,2.9747366139720404,3.7738395203943607,0.12997221947572254,0.05357229086453618,-0.5078827932688754,2.7874506415582485,0.9062184679666112,4.705150565611588,4.133439612576532,0.07588336254641029,0.03170257489693267,-1.9517706736032947,3.1069591699823067,2.9454775162611657,4.7440670518275425,4.13485566665007,0.0755574101903903,0.031340933824472526,-1.9869017608930548,3.0445168644669387,3.079227594863794,8.452047177253165,5.306194344561583,0.11088916546065031,0.04734010016460795,-0.2791914135463536,7.156986189401733,4.4873937119254474
695,1548266088.66763,268709,2740,0.023591594121824003,3.753806655771083,2.9077764243686697,0.044927636416833415,0.01824065852036202,-1.1550114563223004,-2.6647881903822705,-2.378217156837177,2.7330499977420173,2.3443100765255314,0.0947256521477728,0.03817077199058768,0.3574044410458657,-0.2939161360457651,-2.693591962538176,5.695104704201865,2.61024134752774,0.046638733038214475,0.018807488987975157,-1.1074488329599215,-3.924344533254735,-3.9758388622417282,3.7501514369559317,2.9084726783819272,0.045019690219364764,0.018280743212420354,-1.1521808522505128,-2.663301591118906,-2.3828419428969854,1.7534474361257473,3.754850977898466,0.06663675257199103,0.02668833383388117,-1.688301239329735,-0.11080292499749902,0.46036892634672466
697,1548266088.73436,268254,4760,0.02933846567797369,3.672385219036813,1.7325154083561023,0.04811803552421482,0.01990144500360084,2.394576810366822,-1.9716118001906553,-1.9660015273652462,3.2325301493876966,1.6377780140274627,0.09972504090200619,0.04032531102014911,2.0947172201846316,-2.2827305816126007,-0.9222537752338082,3.8859240464365885,1.9046954178431537,0.04970217301765837,0.020724749311449103,2.1946392108840134,-2.3493499884082025,-2.1827778312716304,3.7455211040131355,1.756262392188543,0.04862425079866196,0.02011043937491963,2.427064433948341,-2.0224899693787783,-2.0257554368114246,6.2570059003200615,0.9868156792217018,0.0734153404645644,0.032779916810426114,5.55253959266283,1.9999126055919163,2.078407197482321
699,1548266088.80114,268430,1054,0.02281429834018198,5.825964453004129,4.428305425927038,0.037726324906382634,0.015903954638058142,4.110211980810779,-0.0978159831595041,-4.127765898631581,4.798623964710799,4.0262097889734445,0.0775905988745341,0.032660191159094784,3.967078166542632,1.4415594687830522,-2.282759092238921,5.836435764529838,4.427164982909227,0.03781007250525381,0.015946005056739678,4.134897309970847,-0.08921659068171278,-4.118087792826422,5.8277866339448625,4.429687058781378,0.037748996794763304,0.015918248925239846,4.118727314995413,-0.09911181461790683,-4.12139962774561,6.6819284834086,5.414020836038859,0.05909842142789483,0.02571589188433119,6.079507572319952,2.7241541858914813,-0.5164686892556493
706,1548266089.06812,267794,585,0.016533747167624173,4.050186001728678,4.400045445888754,0.02612397189248546,0.010792456126339509,2.400437303125826,-0.760155755200484,-3.172391941453094,3.3632274876798505,3.681544905000962,0.05507940122074149,0.022761390900037776,2.2660964052391885,-0.6285305610032924,-2.4043825714582594,4.051545316189564,4.398805676607581,0.026132444104924577,0.010796950662383306,2.407122572547109,-0.7552457595924531,-3.1702340942727565,4.052829666059202,4.399582612157294,0.026134141993855747,0.010796832539969596,2.3967780420617375,-0.7648799685934335,-3.174793312528792,2.9617803022600087,5.165161667711932,0.039253776551795884,0.016524314153318734,2.5988047676733714,0.9433040084643168,-1.0623247554249557
708,1548266089.13485,267473,1951,0.021738833205873727,2.714121794641539,2.8356212998216113,0.0356585869136332,0.014546852737492141,-2.172079275714696,-1.3908871617389202,-0.84496250772965,1.2931277238160361,2.4382800506776072,0.07872402782732797,0.03220857708250465,0.33781635510214614,0.5159363792070688,-1.136604184814504,2.670326654993469,2.8185615395784143,0.03576742448312411,0.014611437696114114,-2.130632853836331,-1.3795999301282829,-0.8293082173184451,2.711198949737512,2.832029275053577,0.03595663439726436,0.014670334935440729,-2.1702348256209403,-1.3952507347352276,-0.8634264250633992,1.6851232155813023,2.9558554059005147,0.05861386251773945,0.025406225905232116,-1.33506967814255,0.7201610503446454,0.7338918638068644
710,1548266089.20157,267653,30844,0.01678037158844243,2.3534302916526175,4.859606071993429,0.027174277657386232,0.01126217110594996,2.2398746693537457,0.5705269109751941,-0.4428257525355482,2.0697789897093513,4.058431344366742,0.061923564860638027,0.02528373327928082,0.8328838470548252,-1.037382494836186,-1.5855999252538038,5.34951703075505,4.82777142469542,0.03372973666869799,0.01328265210261662,4.34117198741712,2.7615242043768364,1.4647669803228407,2.7484623052414987,4.817220868519332,0.02882276831216487,0.011886703761855367,2.4762369923674115,0.8854402540841413,-0.37901343072550764,6.5714262341088086,5.052774078398677,0.04595558412944788,0.01863578411685578,4.260896597784274,4.020493490101888,2.977252933388801
712,1548266089.26826,268025,3952,0.021852136234716543,8.392678271312192,3.7892379864177443,0.03973778105622959,0.01622509166447943,6.262396829838874,-1.137055787236424,-5.47051539145006,6.001138543786311,3.1075110683036424,0.09311071957911773,0.03710402829277195,4.753124295330769,-0.4698430517091229,-3.6332796151156237,8.581133534797418,3.7556891530845466,0.040319133110693454,0.01639483591678136,5.9872690559392625,-1.5899183238155674,-5.93806548611688,8.43890779479253,3.803435428986148,0.03989628032462071,0.01629871730542271,6.3228489561070145,-1.1197484420596484,-5.4802323714183405,11.45040683982195,4.99528388592108,0.06159663434742975,0.024819920189870746,10.502469874871728,4.284293363899848,-1.5667717437127957
714,1548266089.33499,267677,30930,0.025067954181523276,6.390613026609429,3.793056173233237,0.04383323097629446,0.018114080206269582,4.468043178076335,-2.428180812016096,-3.870460303229128,4.689942159011175,2.8168602113586423,0.10073267918566602,0.04059628683314331,2.8979463767436178,-2.1123674691619367,-3.0224771177984686,8.413415761409013,4.2362030516344875,0.05241135234075044,0.02099282561642401,8.28245336598862,0.9178704916311186,-1.159329450649052,6.8038133627885955,3.751615631808212,0.047640647341911126,0.019647649644541135,5.044449751960011,-1.7485232340841392,-3.449826405600094,10.140282313451753,3.8246996206634796,0.06737199178446107,0.02894016254315468,9.556937763175569,2.419754009516104,2.3738273991008496
716,1548266089.40172,267944,3514,0.03213030035388467,4.725687840233737,4.344683342830648,0.0597271843714318,0.024538871843756502,1.9815443596001687,0.8710107559860797,-4.200827034909473,4.954266484296657,3.9752040113489793,0.12202174100123951,0.04912482311969363,2.874014429654176,2.312373893122328,-3.3072230698837086,4.887529688920734,4.188850931966359,0.061095071410524976,0.02510142476753301,2.2043446217004927,1.0417652188154,-4.235981170605957,4.727809683879045,4.326771063393979,0.060057096638961,0.024728208713184808,1.9727015103112922,0.7888331903403287,-4.232541090924861,7.422138816117064,5.347447783375435,0.09114385677343184,0.034870868218095694,5.463773896719045,4.811398359570684,-1.4442178633307818
718,1548266089.46848,268630,33515,0.027011484669617183,7.219160227739828,4.8770814024717755,0.050011638922526656,0.020515147153301258,4.131506029310921,3.551893523486328,-4.736136053932991,6.543756422778942,4.303572377373261,0.10958336972641886,0.043717967804090985,4.140330092325495,3.7642430327018332,-3.392475385024969,11.111618385322044,5.88511222308236,0.06245882876493266,0.024772967674854294,6.862986741498223,8.354674429553052,-2.562594642782755,7.624723490854675,4.8576130312933214,0.053451454270599746,0.021690960174345505,4.570714816340757,3.0790665257147167,-5.1156452363697875,11.87098281435318,6.430632063493925,0.07056954828025448,0.02954822731232018,7.5601732378098365,8.994457168129806,-1.692262935731572
720,1548266089.53522,268166,2133,0.028370086486732216,4.710494571207818,4.648411974362812,0.05461967931958651,0.022120118011540308,-0.29614856699431413,1.3656290169977796,-4.498456681972075,4.4994307850378785,3.838801128502508,0.1145523367684182,0.04547777489990579,0.9881434394686273,3.15109351080716,-3.0559875030063033,4.7687700855609805,4.61203142607263,0.055288405051551144,0.0224277892913553,-0.3201181984153925,1.1711659627010336,-4.6116225729991305,4.716500901297357,4.649506065047042,0.05488458345796457,0.022220502110660532,-0.2476909333315201,1.3816135362053896,-4.50345839927221,4.139309436703581,4.7335109087709615,0.07664716116905673,0.031503497036146154,1.3367811721412834,1.5368572158795761,-3.6034661936239627
722,1548266089.60196,268388,2636,0.023505530704918964,2.947195126331058,2.258056252857843,0.048529642273836084,0.019207747113751016,0.294620084304102,-2.1295383506320453,-2.015992195367217,2.6453252416197977,2.582537056531443,0.09806198710436909,0.03853948779129864,2.4406099661412024,0.7480958158858165,-0.6939173418911024,3.336123944032587,2.1444822731934696,0.04909505640349502,0.019435721701301457,0.1507242734256573,-2.435228039306054,-2.27522956202785,2.9420556696591342,2.251830056588063,0.04882652068435242,0.019330280674974804,0.32726335254443484,-2.1356887602065537,-1.9974734079726386,3.6584521966923167,2.728685987289233,0.06461286172127464,0.027280463288989767,-0.8936767859486897,-2.0451425666084404,-2.898793914714445
724,1548266089.66869,268603,3263,0.03653321483177837,6.3976046646273,4.395636109563882,0.06908748911091694,0.02725137132782734,2.7150116165714215,5.765098338586269,-0.5671847257931696,8.419914688996693,4.851335260492908,0.14651688521599368,0.0566300063505155,4.932507596537399,6.75910990846927,0.9379581149047559,6.316902839951918,4.393266150340288,0.06984333348299632,0.027588506490632103,2.327456509667226,5.806686556978846,-0.8766977324034896,6.412588542570873,4.383088751064809,0.06957754543305054,0.02749003306351662,2.8738852073578114,5.795021486165886,-0.5680371300307758,25.83932051380075,10.562985796420877,0.14139128007551466,0.052047228103357365,12.058549483787756,21.543835875055073,7.623975652548767
726,1548266089.73543,261218,3042,0.055531594756406406,7.801954575918551,4.96126110144389,0.1052266772671189,0.04201403832721053,-7.588787425131333,-1.5852566138149786,-0.8762203428481085,10.241339358785606,5.56532191329013,0.19116533262553617,0.07609403349851866,-9.74992950421574,-2.0322946247799933,-2.3861443968722655,7.909902310704542,4.98088102421571,0.10569722779757086,0.042224240210968815,-7.683909812363938,-1.6126418956373865,-0.960973816907251,7.812040950350415,4.978361831723985,0.10575979217726844,0.04221215658951459,-7.601317955977075,-1.5632382114831702,-0.9740816107358545,18.48174559266284,8.015683699659194,0.19559005876415567,0.07725325482472221,-13.268561174811898,-11.352292812939165,-6.053565262841097
730,1548266089.86885,259321,37902,0.07287371985289617,3.5857801677855647,2.5913560176520902,0.10965258332219072,0.04433425391552929,-3.3299047344529376,0.362560884719605,1.2798841650803876,6.357428219032874,3.5207403922280083,0.18488184435003976,0.07459441359929345,-5.682968171616144,2.55553738587952,1.2609500346664966,8.607443262803272,4.697633996186476,0.13386126596816653,0.05252931912857832,-8.281378122446995,-2.342790628003383,-0.1348628517170402,4.8136911998259855,3.2021858874881683,0.1190884468138457,0.04852745398518932,-4.7443781265666995,-0.00770077839060696,0.8344811609134124,5.2526635939254875,1.274607966628653,0.19912090658396828,0.08218743086816926,1.710330665435453,4.719508747406614,1.5464414081929503
732,1548266089.93558,262353,15324,0.06002885784969817,3.7629077914291416,2.396977645416193,0.08980230090698217,0.03612090083402124,-2.707255408421646,1.040904453121741,2.3972403133272264,6.034898503563874,3.4326387820181687,0.15996997884115258,0.06398919537069848,-5.610016512722779,1.3877029474039704,1.7383886806642426,4.026169586095022,2.5855183953290455,0.09156030597585905,0.03713196985743302,-3.113574287413902,1.3237430299856083,2.182521725737477,3.8059950856116296,2.478368320431829,0.09352092117051297,0.0379285844889448,-2.8460939550550286,1.081170243193246,2.243059924372809,7.956070541021914,4.542076851706005,0.12848084550613137,0.05128574095702224,-7.309772242839278,-3.045289098795149,0.7697418504229829
734,1548266090.00232,267568,3868,0.01984791298443301,2.6637644062153054,2.2944701949555344,0.03240790419243054,0.013083445647437268,-0.6964415696250088,1.0163324836324013,2.361710870244583,3.2520514867113715,2.733691513431651,0.06978694686556926,0.02775038565629336,-2.8696969234175738,0.31799563751792415,1.496515023135057,2.585547423679641,2.3811347240358645,0.033003471137405406,0.013370017769185689,-0.8837666242647175,0.8491537096353562,2.276609323389652,2.7010919943418226,2.2443274500213906,0.032669974170466395,0.013169179388532294,-0.5986632114374436,1.0800760032708667,2.4094282554275077,4.232726952208063,2.7568357681731626,0.04882877066304172,0.020463851423565094,-2.51678489682745,1.645987559142093,2.978673562208396
736,1548266090.06908,267299,2866,0.023950852463866516,3.5908422064105676,2.141748202017948,0.0395354489714369,0.016007447181404465,3.3084919316623393,1.2205861387696264,0.6769035140314824,3.266466753894138,3.228157590584903,0.08601472835353392,0.035016740300985574,-1.0796126387319327,-3.0808975127369727,-0.11095999548087172,3.5847833427890383,2.091418116345652,0.04041779044646251,0.016456238044229205,3.2709242457807046,1.3105827138455328,0.6588620062433106,3.613027040121912,2.130631513300937,0.039774862054159456,0.0161219724421039,3.323931345222891,1.2556468012414221,0.6677814758865457,3.1174476759784064,3.0687999660636764,0.05686460238741815,0.02159493633777014,-0.36311637068370556,-2.32248945892332,-2.047600846599435
738,1548266090.13582,265453,3195,0.03264494042658363,4.113712860739249,3.2665490686516274,0.054492870597895315,0.022017418742842607,-3.175529422951588,0.8870102769711149,2.4600526728360665,6.685991840471715,4.330685370532558,0.11966103225801426,0.048095504789204074,-6.461525477780737,-1.7178803583972702,0.00790348515814488,4.17379229213138,3.2637461294607184,0.055108708225792016,0.02232593430926326,-3.2601275554334532,0.9387021241156804,2.431244278623504,4.156144586586366,3.2904143305965743,0.05488494667449684,0.022203107367634697,-3.232231425609789,0.8513950350320706,2.3720551729965558,9.548780015793083,5.8004235501051635,0.08577563468373682,0.035920426920849687,-5.991889420296889,-7.377857045541961,0.9185240228161841
740,1548266090.20256,267364,3656,0.023798160167625735,3.935632799082076,3.7665864162372253,0.041767070549732624,0.01658616528855776,0.585039547635542,2.825861759456511,-2.676086615443224,4.932187823653835,3.7233380365197966,0.09435732916928176,0.037229635512020555,3.6497224123106187,2.9991403052317516,-1.4181538951789057,4.056249365499126,3.802676678890063,0.04233095165450605,0.016888693940208088,0.4698406529645003,3.026627840577634,-2.6593105479756076,3.9765753579810874,3.805033351238566,0.042146467428931855,0.0167319718209395,0.6910300348357468,2.9474735976314603,-2.590890605650877,3.821612063212604,3.766288486654091,0.06598397326607042,0.025685491410919054,0.7818959346680119,-0.8271159449827898,-3.648182660256605
741,1548266090.23593,266456,3031,0.017891434458808187,4.794252224714037,4.068290237391109,0.030814290117540756,0.012584039414886877,-4.131237357619453,-2.2852723250404554,-0.8338241358878525,5.739046682539347,3.7227416514496725,0.07289418095210802,0.029644799896608717,-4.583375148337081,-2.9820105243693127,-1.7426825030746682,4.930957594561345,4.161740077727188,0.03137518263800544,0.012867619125258271,-4.161354975986724,-2.485209521779171,-0.9062015206624209,4.776976501067183,4.06534117985699,0.030921426188485472,0.012645690985241178,-4.117589686285269,-2.2846071096958873,-0.834196854460282,6.224749731468943,4.25445737828251,0.045812843760790964,0.018848630520992317,-4.45116166605991,-3.692094775516346,-2.3028471965430866
743,1548266090.30268,267176,2712,0.023369485633123414,4.027725022072843,4.121573322438349,0.040921618490009276,0.01624560372785257,1.150439388717844,3.0910001122431576,-2.3118772399136986,5.027538805398517,3.817600252915329,0.09511286688925127,0.03726205691526119,3.894269226190824,3.05447947692798,-0.8837243680904332,4.203183039276121,4.22320162104479,0.04123070665963059,0.01642478654565741,1.230789548616637,3.337060848482676,-2.2396271212410768,4.107955600424425,4.131768803896195,0.04114851215760222,0.016344777189651535,1.1644784892747984,3.109244653592646,-2.335665573739286,3.7643503616507945,5.053346740519185,0.056521983746274644,0.022975434408107023,2.1548089896469853,2.5991916784744573,-1.6647325556815835
745,1548266090.36942,267675,1092,0.016052677992868816,7.967641934529719,6.0766667498998554,0.026617561047228486,0.01083448444848958,1.90452238568159,-7.468492340809828,-2.019340148310613,6.421404348041632,4.812594169903826,0.06216826228453128,0.025250716936587755,0.2572124523124352,-6.232546628676734,-1.5243484105655327,7.95358027584075,6.046208728160973,0.02683785862935499,0.01093831470070483,1.7843058825611287,-7.468758021951837,-2.072038930915836,7.966188849994316,6.078413869327374,0.02667749482986475,0.010854879354430138,1.9011875112116627,-7.467650457361968,-1.9976735366386622,12.086587174159686,7.5605908387562835,0.043737206618374984,0.01680957982051316,2.1107639197764017,-11.006289201220879,-4.526793922040214
747,1548266090.43615,267162,3784,0.03959146031800193,5.700506438696874,3.67934257477328,0.07687484749893224,0.030401071694750866,2.311433301350861,5.099415505559094,1.0719194245344537,6.517030363427993,3.8155589163233445,0.15905655393008922,0.06175226499619992,4.809074714113372,4.352484577718519,0.6327425642709887,6.0442767007470035,3.894485706623735,0.07740936513328486,0.030706369569995354,2.415195883349453,5.487239479875375,0.7683180140683693,5.5863597503050935,3.639934801743533,0.07731109547640472,0.030616044960476256,2.386255622109818,5.003350389379717,1.0300931716450217,4.031711393144371,2.1822670500425136,0.10945464169054933,0.0444064851772709,-2.645762724351741,1.4745355920368328,-2.660898560986037
749,1548266090.50288,267661,636,0.018465130599814486,8.492407154376616,3.714609848039373,0.03568118546128632,0.014090329091903555,2.2112457892434056,-5.764755601965912,-5.830863073753583,6.466955442016536,3.3435555853112913,0.08181665719313119,0.032109059318656014,5.252094316161863,-3.0355417212663856,-2.2410944740502665,8.494837569317504,3.7143495189869173,0.03569337695984704,0.014097598361283652,2.217308377769221,-5.768348261523812,-5.828547608172879,8.49705846402519,3.7134049290379165,0.03571370821942514,0.014105243446583891,2.209333087187228,-5.7741857578719795,-5.831652421685684,8.323518608689565,3.6916858087644964,0.045168566826148296,0.018378836412232487,2.0111784090684366,-5.622991843039749,-5.798110568901466
751,1548266090.56962,267148,1652,0.019614251332732036,5.048102180529116,5.920676858416381,0.035016897179127704,0.013979348867802138,4.266845862260886,2.298660836144706,-1.4119208097993647,3.8815443104798257,4.148718659938448,0.08283480991387701,0.0327020513619065,2.296987937532432,2.928775770645376,-1.101138108653676,5.313417704363822,5.920480584435715,0.035414322424712194,0.014162088373074817,4.543853092345334,2.439079931973982,-1.2793341477786184,5.004170247214763,5.918337313499204,0.03511875904667605,0.014012921049607874,4.241461820172905,2.2525972581488647,-1.4216330176573229,10.820493218348938,6.427968624053305,0.048317320899999405,0.018681056862015738,7.424204729305973,7.792890879152499,1.1113547459330624
757,1548266090.76984,266276,1290,0.016030166945459487,2.7314480485074086,1.324069063286752,0.025882974880881367,0.010374100525907173,2.6871533642485086,-0.33793354197210546,-0.35470573707375946,2.640374044603698,0.8661622559850334,0.05600180999263319,0.021939321159317394,2.4649023321631396,0.9356924968791809,0.1425171554501768,2.8032236990415056,1.2535490882408775,0.026466064676124466,0.01056511419600281,2.776200530891127,-0.22349770225793641,-0.3175255835884561,2.7231346022761524,1.328116755024189,0.02593572085997954,0.010399140917042072,2.67637999295508,-0.3430936722193352,-0.35671275465636376,3.3485343619375976,1.1821891642095046,0.03533974410125948,0.014899991357684989,3.2090173339226498,0.26154159397716104,0.9200468022229574
759,1548266090.83657,267717,1423,0.02870516794695542,2.5641945504016577,1.4779087040109546,0.04482877295877637,0.018088582388260634,0.15901266465046315,1.6530243291539963,1.9537961080970803,3.990803743558731,2.7959123609158154,0.10388629966452106,0.041733364328346824,-3.9133105176001983,-0.1650102141595373,0.7650404836772197,2.459370158645549,1.5708199420576237,0.04542171524966956,0.018377942176984807,-0.08719607473282645,1.6125615249413214,1.8548702785009903,2.5414860732587563,1.4874362461609418,0.044974439891852555,0.018169672954986067,0.1288336638912589,1.6307278987058815,1.941068444332804,3.2976684508602867,2.958785857684983,0.06254344879891247,0.02572251821142122,-1.9513661003459202,-1.7207417763853186,2.0262860837557803
761,1548266090.90332,265064,3206,0.039609875857257386,3.5685278059371655,2.703581961086536,0.06176573846495463,0.024845493187675923,1.5560540721415024,-2.6570412538422654,-1.803667985439363,4.771039360651138,3.0939293225373166,0.12806049224618976,0.051396115814984045,-1.7370016805167086,-3.788000046887679,-2.323079289982048,3.4902650080393016,2.670794429336824,0.062001168050911784,0.025006768548162545,1.7472622351996236,-2.4555056710274155,-1.7605443497228348,3.5410922836508365,2.68587259051529,0.062090251592842954,0.025015780889786992,1.543334691199861,-2.592459888930776,-1.7851062641483413,6.766140943338277,3.391132600375327,0.10173987155543096,0.0387645485541224,-2.867212226842269,-5.265521769360075,-3.135926945539377
763,1548266090.97006,267352,3107,0.020390141976560153,9.495804440151513,8.027302537761322,0.0386805748850685,0.015554313745557869,-2.53161280427254,9.021562346557893,1.540341326464154,7.2070622508433155,5.621099182344024,0.0946248852146577,0.03718088087159851,1.954021421696219,6.896998578351988,0.7449544826992247,10.366658295815606,8.199484373995544,0.039717455759752364,0.015872230910606272,-2.1866903293429423,9.865279251766403,2.315654315831247,9.50053233159906,8.044938339809825,0.03893731173042812,0.015647728274606282,-2.5596593454415535,9.022927564749985,1.5204603248558513,9.475967876516657,8.56133803261601,0.0498463830765352,0.020795348247580378,-3.5696383812950545,8.473754919759013,2.2906607307545017
765,1548266091.03677,268219,2886,0.018361725063603142,12.433636750343608,7.99326765799356,0.03401325665844776,0.013637933718997809,-1.5798221074531007,11.863566316103723,3.3697595183791282,9.949919516791041,5.892106865471803,0.08499605660385143,0.03346161605800716,1.4121543026442074,9.541095409146537,2.4442211458265404,12.172890880522816,7.950342728340777,0.03482738245087211,0.013960124515097235,-1.4289812352410232,11.68473152774245,3.099086017364828,12.532186265125992,8.048538484038655,0.03420980548433333,0.01374082758156571,-1.5815163792617635,11.955383995798627,3.35809358067063,12.749286101649213,7.644633647334109,0.04400885517534871,0.017089254616897618,-0.09609488838903366,11.95381299006841,4.431863814762707
767,1548266091.10351,266823,4309,0.02763333329364327,5.045475641541875,5.561278414917979,0.04862990848588722,0.01953410594760252,1.026018181977819,4.90053623222508,-0.6235830147562859,5.323356108839357,4.074020303881061,0.11092184399486657,0.043784018239136344,3.156197315255445,4.280671852902602,-0.22888262594399889,5.062749611382699,5.5748655817690205,0.04899160885288316,0.019741466568924844,0.7539205009153566,4.94928850103702,-0.753379611721698,5.155999931227709,5.60934952533928,0.04901798847733231,0.019697669418762442,1.0112332105691633,5.033615127906277,-0.5983057985397746,2.6622466344019133,3.9228262305978254,0.0698153948972105,0.02857431383887942,0.28777651852726427,1.9977447974258014,-1.7360177251764417
769,1548266091.17026,267000,4092,0.027784754107495865,3.411594319160824,6.634780246938839,0.05365148943105912,0.021441938945171355,-3.2547338920671,0.7483925737796252,0.6968440613736056,5.168284960673132,4.838027103733375,0.11788624354969801,0.0465468409612588,-5.09892323985091,-0.5032349886890994,-0.6774258446409177,3.9668939733246145,6.811224576581795,0.05456165115238093,0.021839617046325834,-3.9594200912360273,-0.15086616786642232,-0.1909966913559864,3.3879049386043114,6.61869474984166,0.05384450369950154,0.021534653357045404,-3.2144011716209246,0.7907281816050998,0.6704789467036958,13.991369475491421,6.0707858392973,0.09162462520538812,0.03516244224532749,-3.3680642042358886,10.358447770704744,8.781635559361359
771,1548266091.23699,268100,59477,0.028727851498229363,6.890714026723355,3.1132462660169145,0.05487179812344206,0.021887341717104287,5.736514067758358,-0.6615956732382465,-3.7598719810180876,4.199919199609577,2.4144899992761872,0.12422264121601033,0.04834946676915749,3.949140014593378,0.8225853239366648,-1.1691739875786569,6.090102472681537,2.74117214099037,0.06805206875989524,0.026753787048226636,4.95811204228514,1.4426547701814483,-3.228810975882852,6.425522627585917,2.931391334766396,0.06711777273047989,0.02705339882711946,5.213708305439239,-0.07629833759135901,-3.221360725803469,9.463417023209717,4.78893952707344,0.07127899189568787,0.027861852310511727,8.720569898227087,3.6574767869633864,-0.36164341295679703
773,1548266091.30375,267503,6169,0.023386705769694788,5.586846399840593,5.845249372351189,0.046491893457605175,0.018765046669287255,-4.904968477789526,2.38649033105922,-1.2078082741328384,4.041687958433642,4.164169722404796,0.1041220964472452,0.04123875938700818,-0.021167792992510447,4.040113899742343,0.11078427233162877,5.750253545474823,5.641644206583385,0.04787217461068919,0.019248800464388392,-5.202941535933604,1.508996446634332,-1.92814546519385,5.502309131355048,5.800256241639223,0.047050126354222885,0.018986068993287183,-4.851862608388126,2.270040778240186,-1.2288860002739506,6.208387836738624,5.4461030075580545,0.06217320625976733,0.025357597544966082,-5.533501952326376,1.7015810147081527,-2.242556069610981
775,1548266091.37049,267469,3707,0.02306054399049497,4.590732323361861,4.206452767127237,0.03990453688208635,0.016100454774322252,-3.0297200665782977,3.3120696452111944,-0.962192417452338,3.0967437222375227,3.0613574815694724,0.09421428846373325,0.03715076497114079,-0.15734435068406408,3.0876878049529934,0.17677232721747602,4.399791180778638,3.997454770593707,0.040978846296294016,0.016423770384527893,-3.220252862079131,2.5949060462398177,-1.5015314015752987,4.588021975326697,4.199665417387737,0.04015201213467086,0.016183004772127557,-3.008768815740156,3.2708708303612104,-0.9511412756646125,4.45416001765877,4.408999398105093,0.05117622995425598,0.021274638122544258,-1.8993470410520796,4.017328856739116,-0.3051084026503917
