frame,stem,n_valid,n_removed,sigma,all_dt_mm,all_dr_mrad,all_sdt_mm,all_sdr_mrad,all_tx,all_ty,all_tz,robust_dt_mm,robust_dr_mrad,robust_sdt_mm,robust_sdr_mrad,robust_tx,robust_ty,robust_tz,oracle_dt_mm,oracle_dr_mrad,oracle_sdt_mm,oracle_sdr_mrad,oracle_tx,oracle_ty,oracle_tz,shift_dt_mm,shift_dr_mrad,shift_sdt_mm,shift_sdr_mrad,shift_tx,shift_ty,shift_tz,mrcs_dt_mm,mrcs_dr_mrad,mrcs_sdt_mm,mrcs_sdr_mrad,mrcs_tx,mrcs_ty,mrcs_tz
1,1548266469.88217,261303,6178,0.020144361310054735,4.742382083582819,3.5550218969507705,0.02552527035750213,0.009338789668061235,2.2902709414661184,2.7231086279240095,-3.135207527722693,2.086767526037876,1.7937078410955136,0.06047596382157505,0.02216628419291811,1.288468566061717,-0.24857524044616358,-1.622546705594089,4.715962033419217,3.5479353039696124,0.025673205778753986,0.009413379273039977,2.3153569707247037,2.695927293878342,-3.100225157128082,4.739670685714112,3.5392078849833566,0.025821717937079474,0.009488315721472759,2.289159275319275,2.7202736403919188,-3.138034553326631,2.878998679354739,2.440771324936944,0.04776124210694366,0.016502051728389207,0.5740723788826031,-0.3321196367662897,-2.8015657847719067
2,1548266469.91552,262217,5734,0.024970460871155897,7.015242295383524,3.4588627702671646,0.03481762086324722,0.01246872829264152,4.967044376679804,1.4696733475838981,-4.73097821538347,4.729267183935939,2.3730025913805446,0.07572694813908905,0.02693812315602429,3.141526968062236,0.005291070105356025,-3.535074031836985,7.279195729391919,3.7158442868663757,0.03510924275982342,0.012671710532330287,4.946713511487556,2.0390880520502765,-4.935467132708899,6.99274069560736,3.4511197040331334,0.035144016549632916,0.012567120629326392,4.934660464001436,1.5008846592082805,-4.707049027261117,9.40467757619489,2.708989877963402,0.0579533484274637,0.020343117655546628,6.564292688363648,-4.6483112409059295,-4.87352279376491
3,1548266469.94889,260917,28591,0.03028833758588903,5.313867878056747,4.125363345228595,0.04794472634743379,0.017039480761903206,4.848849042691712,1.6986688994229453,-1.3566056010367278,3.500341076352089,2.915684279383185,0.10174360313973105,0.0356683920331444,2.9764215725159597,1.228182926133052,-1.3729053038773555,7.943647047423292,4.0274597356168576,0.08477208199862558,0.028148001466965323,7.377547435984645,-0.5602730361623189,-2.891265530659999,6.7670015918756565,4.335566102327424,0.05539479571175548,0.019373180839839438,6.261928973651598,1.985243836826812,-1.4338796043629407,5.653355886001059,4.432013936651582,0.07369237597085693,0.02640215060433504,5.338218756317133,1.300523338483287,-1.331349814867255
4,1548266469.98226,261992,4969,0.027746054751127125,2.866866511011334,2.829613488374354,0.03862329165196519,0.01367370380826579,1.691614849868473,1.767849040992748,-1.4940122355334926,2.749698746146736,2.6245986584370495,0.08389075158387212,0.029662553671352655,0.024986399982523912,1.767488682334927,-2.106229482320193,2.8179749128971823,2.799665511843808,0.038718911385412516,0.013742115394749344,1.6822975900266837,1.7061613185825433,-1.4831962052543726,2.883551644633161,2.8359194802691885,0.03888851056693518,0.013780640642828124,1.667091391445327,1.775022738948875,-1.530375705708574,1.6991041579703392,3.1101048652373358,0.07669231543188758,0.02541580116766443,0.2412291930799398,0.9955568430358461,-1.3555921172397678
5,1548266470.01563,262951,5410,0.02202594677257648,6.721755509099696,3.9021315955287985,0.03421263916393541,0.011973294591292353,5.151110288311804,2.0896676823538107,-3.7790671995991882,3.869779653602823,2.352769838350492,0.0762761994803531,0.02655031470603294,2.8666703229189885,0.1917396743527749,-2.592418122991162,6.665204098889491,3.805548254436255,0.03443329008364961,0.012089436732897084,5.049557456865575,1.9750101862839953,-3.8763707167582675,6.642227714312486,3.8996065785034877,0.03458434707323321,0.012089804084985663,5.116876613839306,2.151094335302677,-3.6904758127508908,10.925114628204646,4.198524677624065,0.07855987681833647,0.025210450897981122,10.426333519490694,-1.955338399293236,-2.6127285974638292
6,1548266470.04900,261683,7995,0.03034751608172022,3.2124408087945078,3.5814007282371136,0.0503067150071115,0.01770159230898463,2.318404370516083,1.8695974241570898,1.20390306767838,2.763054071143318,2.902591264688162,0.10509130085545626,0.03653440488835439,1.7476588679049,2.138681930213551,-0.07871393061629192,3.028476733797784,3.5497671429169473,0.051864432011584624,0.018298767348300493,2.4070565469927674,1.6810483387325472,0.7428503143825751,3.117447462015794,3.5847509528169774,0.0507649920137174,0.017955186783836334,2.2394580511237114,1.8825284145327066,1.1938469891153975,6.941574203383453,4.641237063314829,0.0821893003108697,0.02809066497220035,4.278275058960538,1.8261185457802072,5.152388377996403
7,1548266470.08237,261054,23804,0.01643480463767159,7.045739574297151,3.9032727607786835,0.025149822843671885,0.008649256790352505,2.6110619107071162,3.6012682040486554,-5.464034147933162,3.940220805674365,1.6219041064427957,0.061396023926349866,0.021344332590711574,2.336186229871126,-1.2661494614900588,-2.909370969470568,7.91032326022084,2.835385079462444,0.04279210665115723,0.014082267493967045,-4.0631821921114515,-3.2767919018699225,-5.943601550132624,7.168491705222456,3.9895746422037974,0.026387922032108498,0.009063747338900889,2.7758523661053576,3.860020557629994,-5.5033181751752736,5.999384991823126,2.3570688047637254,0.06186401619862441,0.019621308524362994,-1.8965320436768927,-3.7451357029364276,-4.285994056693289
8,1548266470.11574,261139,568,0.023143686742612468,5.473811098456217,2.6719020072877724,0.03458664801734781,0.011850104378433545,4.398209318420731,-1.0424994770129021,-3.087322071531787,3.4054230873443205,2.080059641855272,0.07902735490719719,0.027174544068317943,2.3214381721404242,-0.18616615486380517,-2.484587164808326,5.4627866642554626,2.7160276922141358,0.034629826546243705,0.011878133515705179,4.427086101119849,-1.0489105838863269,-3.0236953185547684,5.474990333352222,2.6717797590486967,0.03459630952379747,0.011853188199271232,4.39710849441615,-1.0415405155778223,-3.0851633107815513,8.90114268266373,2.7041605963106874,0.07754874939452824,0.024820751188120414,6.99002317923788,-5.425340308638261,-0.9672639486304238
17,1548266470.41606,260592,1298,0.01809831648095861,5.194676706621241,2.6812939520033905,0.025868112327763662,0.00881708441766401,4.240547262967805,1.054246765566237,-2.809090378421935,4.176884294507906,2.5814037698553376,0.061474524251937175,0.02107184829096943,2.3264266103626694,1.911582488936095,-2.894815024193455,5.074010471397911,2.669851844237256,0.026036126245724968,0.008870936249664766,4.130224211553133,1.0639925218057849,-2.748590573311587,5.191349915795727,2.6783166876131537,0.025907302108531628,0.008841930581489358,4.2381343638621285,1.048392806397846,-2.8063755158971517,8.131053509823113,3.2307668525566298,0.04539329547884901,0.015097232263530583,7.661813744999903,0.7918086302990879,-2.6045499437563504
18,1548266470.44942,258702,785,0.01849419787031443,5.111413118644806,4.747859434201313,0.029785683533051242,0.01011276142434483,2.060773754479215,-3.538382307750075,-3.0593473563008673,3.9784195984929065,3.6697149708485997,0.06992188839430306,0.023753929577880153,1.8651364495518599,-3.373309020780286,-0.9848222055517891,5.080009322039406,4.736425821074278,0.029836242534144797,0.010121434783203632,2.0375573470552504,-3.533092129020356,-3.0285499463147123,5.112374280959926,4.747014350133425,0.02981412823890662,0.010122200844982216,2.050408526139918,-3.5384215326525346,-3.080016664905688,5.267810822558985,3.7457395698844818,0.04694534010287238,0.015533251360105986,0.9773435981691525,0.021178004349736008,-5.1763096744224155
19,1548266470.48279,258035,5690,0.015775300215351545,4.869434238961338,3.176120839378334,0.02302729578403592,0.007868393859169407,2.9235893581149344,2.889546210391524,-2.6104669641077782,3.5844228600807835,2.1157306231872366,0.06019426459158738,0.020327427093609067,3.2460480289506957,0.6440140340279502,-1.3771366517488577,4.811914086836607,3.1427147656973045,0.023241403418033206,0.007978028525341825,2.9661054663470288,2.7853134042136145,-2.568806100489256,4.8272613655573,3.1674683302008964,0.02345322536571438,0.008002813939632442,2.8845910583397956,2.8304131929311707,-2.608677131524522,8.491449013727314,0.4071812852915415,0.0687367133257651,0.021408075009459855,4.769219101211434,-5.525384052392361,-4.3392841104194515
20,1548266470.51616,260844,7443,0.02681774664653087,3.725565072978011,1.8637862371469693,0.03962531543185948,0.013471970763810438,3.298642989363506,-1.1986653117746209,-1.2497963882428607,2.8833852094737717,1.8161612111337193,0.08808771247284451,0.03005818597004694,1.842266685900641,0.12544256016157024,-2.214549138839074,3.682944715063136,1.8587800137406527,0.04091566081339512,0.013825679127480804,3.1897722625138805,-1.2462149674559881,-1.3551320756285097,3.700925905118258,1.9589410588103653,0.04029067437718549,0.013735459314217194,3.3160275012371025,-0.9507409767483279,-1.2597688270284029,4.612727870320766,1.8294029830360732,0.06203069765303493,0.020289228407846794,3.675246099664423,-2.7198564633440183,-0.6100863310558319
21,1548266470.54953,260963,6131,0.01888663768894877,7.404413781129886,5.674408797004205,0.03335986964943895,0.011186316384602392,5.981203470066668,-0.4806431471308917,-4.338148298175701,3.885152178914877,3.49244394954873,0.08113391668737956,0.02699299515265482,3.4609973166496055,-0.7374181445397222,-1.6037828741992612,7.481454920061207,5.69691091006391,0.033630079563027555,0.011324152660471303,6.069189307339759,-0.33567296091690735,-4.361700647212055,7.516477779794647,5.687487049868578,0.03389800647309742,0.011379613645345423,6.151207034627648,-0.4685254971987258,-4.372517481979815,5.9517188148476246,5.258012593538331,0.04515540918699079,0.015703741974085826,5.671301789413662,-0.878228967893861,-1.5773416701389344
22,1548266470.58290,258198,7494,0.02472064415778151,1.7227928393425471,2.695572142949998,0.03857648810882904,0.013077808051970256,1.0446453586617908,1.3071382651921744,0.41002536212620627,2.817314753800941,2.691675887913782,0.08936993360678902,0.030154340275318395,-0.1057309809364554,2.2791808585876803,-1.6527002134392665,2.419451225410425,2.963002641907081,0.04009324916759251,0.013574549688281068,1.1785471293878713,2.0703215433811364,0.4225394691192352,1.7930844652339446,2.6945327712017226,0.03908933415578465,0.013266657179043427,1.122187122543993,1.3741889203171613,0.379728563813409,5.711698953106724,2.465056466201968,0.07705869522988457,0.025454474984902293,5.554961968035449,1.1902206655355423,0.5909968121168866
24,1548266470.64963,260094,3991,0.01820902501887605,8.44204770841524,4.9021191814083895,0.030853201502485248,0.010336345799589674,7.394606448340535,0.9245307986744392,-3.9665107824915813,5.682544527078149,3.4370840234566713,0.07483125937387208,0.024963760888096025,5.361426485835109,0.5477365169402479,-1.801777746344365,8.510107745554977,5.062897107364323,0.03103452289207903,0.010435656687992595,7.484289608887264,1.0577353821484046,-3.9100561060691112,8.412986961826014,4.884708763000528,0.031071074843182996,0.01041633557397184,7.35945112712164,0.9303738159532651,-3.976304739940004,8.851599617943567,5.585741219703233,0.051368834422387405,0.016702757779690092,8.662477726942733,1.3326984267686652,-1.2394395224810555
25,1548266470.68300,256455,4921,0.020245439303597793,5.368712631056962,4.421996495404352,0.03423850996680986,0.01167593151281362,0.5727162030274712,5.307798513099965,-0.5677555900157711,3.497892580222905,3.1370240581398425,0.08263673724743746,0.027631212649949444,0.5820288739384976,3.3856210678951526,-0.6588360018280914,5.639142149169563,4.396508405556908,0.03478751673601903,0.01181400042513662,1.0673673846725957,5.537205466181671,-0.002582627676526158,5.374145905948517,4.403068973146761,0.03450369117198347,0.011794000859030472,0.6151442007245305,5.299613493620983,-0.5442595213759991,5.175935231193588,3.9605842628722625,0.05958632364983637,0.02037554667794902,1.9659486441405043,3.161041861218116,3.596271096252318
26,1548266470.71637,257369,3473,0.02658700369838092,3.507008666994358,2.7031116210112254,0.03972890906687014,0.013567058987833744,2.7125461594171836,2.179503547286663,0.4369981816546651,2.9486063901420234,2.517358474434482,0.09172089623977883,0.030916997912787385,1.55438734345065,2.364696518418335,-0.828474505514209,3.743331565195715,2.5198708650893415,0.04080874728218909,0.013786729845091982,3.31544687264478,1.6657999748874903,0.4954328262493161,3.522655343829425,2.7052774286683734,0.03980361559696399,0.013582562298365401,2.72222047067633,2.1887008279129843,0.4213970961165028,7.79910573139328,2.2390646682657387,0.08198174269257755,0.027290449050607783,7.693484965763581,-0.1736526260197497,1.2673531696010034
27,1548266470.74974,257702,4401,0.016659333252302296,2.7446650028732007,3.2063083317331538,0.02590491971542026,0.008699136237289642,-1.2416004140957568,-0.8904614813951309,-2.280064196435219,1.9453657103440798,1.7529621975133487,0.06513245419271058,0.021231203651287146,0.8279190205999056,0.5799373387554444,-1.6621283119629096,2.066424396498391,3.144182122380608,0.026211166100413893,0.008781483073162823,-1.1584294554603576,-0.2907497594333968,-1.686302333674178,2.7136050425775515,3.2079991095387594,0.026070598875395527,0.008756314158403848,-1.2462824819571972,-0.8641350938769168,-2.2797923357945047,2.1096365289522954,2.9876552159069143,0.04063404599311648,0.013202728827175518,-0.18848759129166512,-0.8366851072978388,-1.9274326819489596
28,1548266470.78311,259114,4144,0.025105232147607275,5.401405962571912,3.4607696906320107,0.036946293970341104,0.012754071146906012,1.9903357313091818,-4.589069735652801,-2.0381827716122234,3.7480740678888202,2.4760886678669833,0.08614891418537746,0.029147137406050575,2.5383021725704156,-2.66869998374735,-0.6950695618798522,4.680827140868569,3.276333920622777,0.03724047872630885,0.012826367465479889,2.0284599231511025,-3.9636903995997455,-1.4438322198172673,5.401202501712857,3.4480820161770476,0.03712898733298564,0.012827405923938842,1.9951391605212017,-4.576850977335238,-2.0471091082851554,9.062500393672773,3.359682774171263,0.07422378973515759,0.024332151806020007,5.805404862141328,-5.043208558427839,-4.795021919464515
29,1548266470.81648,257581,6177,0.014691705653887954,7.344149689495739,2.494642695526139,0.02468465940827869,0.008377088823604292,5.891265921245012,-1.5023968018949196,-4.119748093822419,6.374542381617172,2.0159715633050173,0.06360331928784642,0.0209674234260023,5.898599696622928,0.4153381128919742,-2.380925543987623,6.8949591126511445,2.2554758163846986,0.02491943109379534,0.008442032821701381,6.0370025055113254,-0.6027175488650871,-3.275941615760437,7.288646518339398,2.488600217540653,0.02506063095085998,0.00851826623902063,5.908472005094149,-1.534525036185019,-3.8064531083094977,7.584725289641038,2.389026532185914,0.042774282647141,0.013878224088498438,6.4899083457853495,-0.36621650711335213,-3.9083286520639104
30,1548266470.84985,259200,4188,0.019411629917361534,10.936571848423842,4.191698316207378,0.029616850408823763,0.01015369214282076,10.433528951741529,-1.874938620360147,-2.689736525905507,7.9775152164656395,3.151702818034079,0.07053768769401605,0.02377560314568303,7.740827189325933,-0.21062734212100157,-1.9172844276956522,10.701163545550438,4.064844651475393,0.029815531064711843,0.01020293987656361,10.440721902543336,-1.027633140684105,-2.1095491249405005,10.899126502278767,4.182829911863966,0.029640021397829105,0.010167585784247089,10.400871117833834,-1.873937705559257,-2.685871590465139,16.100737284597965,4.926509243145422,0.06170462546178172,0.020119141284309323,15.584034238217615,1.3231048160512617,-3.8237431419285977
31,1548266470.88322,260219,4230,0.0192674686609219,5.445795039420151,3.70488016525455,0.029833711240805187,0.010297617093462094,4.127106152990271,-3.5495284219516736,-0.1566090517187223,5.071781062315175,2.305675422321824,0.07255191762635874,0.02496297140382341,5.013234818684603,-0.7611886284070151,0.10503175125190223,4.8744524500159585,3.479637456198859,0.030047816279088865,0.010354076805768688,4.0823559392913715,-2.627607683954559,0.43627345968096914,5.443365860114884,3.708885020660497,0.030060410265790993,0.010441086427066313,4.1257068343831875,-3.5819728887253888,-0.15486754749504184,5.6874963134144085,3.283913988149137,0.057814630220606844,0.018271769478390265,5.08270340368906,-2.001429787610572,-1.583672703084583
32,1548266470.91659,259243,27325,0.0174685893809326,12.20646464813838,4.597136782442009,0.030492064373037746,0.010492751959325124,12.070734882368969,0.2958653732380874,-1.790978025195097,9.785699491495242,3.5945714041429007,0.07060460182975026,0.02402584087858547,9.636624396241421,1.0360059462467825,-1.3498431253135434,12.592053095212824,4.287757610523973,0.05456639482947788,0.017457306298422258,12.337075798201125,2.4687364362626325,-0.511568480624266,12.442553041888036,4.612580108036027,0.034341030805088456,0.01175197498864225,12.30669342984994,0.76641599302895,-1.9698572635271399,14.232706464852168,4.699658682905072,0.047924067700573926,0.01685369698319336,13.801031624895012,2.651912284824076,-2.2514041478356477
33,1548266470.94997,258684,39508,0.018896042940656502,9.179080246378517,4.107077011486151,0.030192767655653298,0.010517343987804345,9.13175088924848,-0.9306517981974162,-0.02295858614551004,6.833623060621568,3.0199437485045855,0.07222561240950931,0.024521252138995257,6.7672197041255115,0.5914465431759827,-0.7438632920903397,14.21048954848358,5.976123997255112,0.058488356986307305,0.018724691406750375,12.11053518322252,-7.383012500360034,-0.8741150971228008,10.001703485018867,4.2181094740624285,0.035980825042494016,0.012277883062121759,10.000143117482844,-0.6652359756148961,-0.003822689018890796,9.896791216022743,3.7088282669898094,0.058288838980013365,0.019658397769819452,9.815893077656751,0.9003813249478583,-0.8854563406743108
34,1548266470.98334,260313,27512,0.0342674878256393,8.159822149865793,1.4372611395385435,0.049586804024034856,0.0172654398721731,4.18456960250678,5.1854443255119875,-4.7099089063624335,5.353654488623614,2.536502893952645,0.10403319306005952,0.03621613121584039,4.712740973455835,0.9455563488089859,-2.357458820827489,13.14890434722602,2.846957098908848,0.09204736182302117,0.028925324734427646,9.46540722265666,6.563348047393609,-6.342098552573347,9.303125464783314,1.4577626976453337,0.055247677910634174,0.0189200811927153,4.565985418395677,6.554918285111608,-5.017861801802827,13.651874016602926,3.534663428095028,0.1215175458284538,0.040222155081444576,11.007703415813804,3.9166474045802433,-7.061444808456276
36,1548266471.05008,260741,24851,0.027591652708140447,8.167202125493825,2.7467402404555012,0.04604425154599641,0.016213098130813165,7.011052857767568,2.948181756235922,-2.9759960881119714,6.3131555020853725,2.984975291114133,0.1013037271364292,0.03555090968056438,6.148006874659392,0.10959743795908282,-1.430360886015998,11.239728167430709,3.3339449377395827,0.07997849990906426,0.02601663438734823,9.928064672504789,2.250861093440075,-4.764309548542729,8.97509181486182,2.6036268762272474,0.05098170224323584,0.017735794916510048,7.443090067539733,3.8617220902165945,-3.2221245719595006,11.28819090933496,2.2153564268387793,0.08718583911150277,0.029886005614732595,8.196093310217673,6.268950413625052,-4.576851446934655
37,1548266471.08345,261335,38628,0.021607901194181815,6.003198323581856,4.311959016328196,0.03649039282460426,0.012776549296742006,5.541411452504096,2.2001050852799633,0.7004904282270479,5.312313462749685,3.5016228890935834,0.08053157453936842,0.028003013911412668,5.056873614486496,1.608547203080094,0.2475469027983348,11.999863221555502,5.018700932430999,0.07238413825598143,0.023228353834055717,10.680476899308967,5.465863268357316,0.2201573777782893,6.211795144546635,4.294431798487433,0.04156128282727629,0.014384373522620685,6.0185754775855855,1.7257555251202346,0.13566588796400936,8.127106205987632,4.342659517966741,0.0653742702320251,0.023038285966849346,6.870355973367894,3.804544952128571,-2.091291894940494
38,1548266471.11681,259909,39735,0.04187353528856058,11.665891633794702,1.8131326718240168,0.06337966884724373,0.022081013367470776,4.000683925790112,9.257513522807285,-5.863957632214451,5.841962801123358,3.1010126521646213,0.13417286275939383,0.04744468098049566,4.847478788900087,1.7426334737506088,-2.7556682196949454,16.94261290068478,3.0483789216453436,0.131515082618801,0.04071499984543407,5.993892044548726,14.482180401182124,-6.433649111380118,13.664138536319367,1.9497897490292062,0.07488120542511978,0.025401901490717957,4.05714175691329,11.325585915587375,-6.0280692138662335,6.150428220043628,3.418511701334742,0.11669903855275207,0.04219194601358614,4.7821020357906034,2.0129350617272177,-3.3026292323640645
39,1548266471.15018,258787,40741,0.03819662811572538,11.433407851992559,2.2087012455724517,0.063249583371116,0.02221418118888828,5.463519421880129,9.012469611829646,-4.432624745293797,6.004532612122909,3.2638332490328223,0.13097804039706393,0.04591335018093901,5.493856548001861,1.2002208567518948,-2.105094300748161,9.825772975922176,1.7717476008503972,0.1313099878315462,0.0413420584927037,3.6565514551745255,7.0149264659386406,-5.828057369955895,12.355401510042157,2.0602369995118384,0.07493441666948969,0.025723023549302962,4.807852771411401,10.34480040678916,-5.01170931668463,9.535764163114099,3.496276218332953,0.13693904182075142,0.044131831421176396,4.242802057795696,3.0292536999155,-7.984550763470916
40,1548266471.18355,259725,29171,0.030502868065563876,6.282967144804612,3.93764739239557,0.05303936167189758,0.0186778506603985,3.6689185704423513,4.5898108758511915,-2.224488433342732,4.553376132411905,4.267326637860493,0.11450223677482738,0.03984356933958434,4.50884926311745,-0.47976881847703123,0.41633448874765927,18.026734084993137,6.171303183125834,0.1021913505031595,0.03290090731420362,13.359195448749597,11.969280424945978,-1.7975997447058234,7.222758712260666,3.79684751989807,0.058962326564724624,0.02065284055859523,3.829188668318279,5.6281632148576115,-2.769556529632965,11.348071877184646,3.642412028741504,0.10938099242593302,0.03726931373758929,4.606380640122706,5.8521385152656515,-8.562269998440607
41,1548266471.21691,259959,29096,0.03445173959365427,4.603655832296214,2.3122045723693296,0.05583567658940429,0.020024623914472073,1.0020616201016401,3.1487912778420597,-3.2054068416255665,2.8989284904563353,2.7499211751608406,0.11793352259857454,0.04159022811946838,2.8965482398643885,0.10086087560679559,0.06018114895704428,15.62209811294976,2.998538744785579,0.10462071691438933,0.03390739207427198,11.728228963171087,9.999699220530964,-2.550413757996079,5.838998603053789,2.085839285936535,0.061790562343318554,0.02189656103304065,0.9182141305378984,4.743407940593173,-3.321683208403284,4.460725460375867,3.107489590190736,0.10756178962470164,0.038159908364117985,4.282395081153469,0.19268730604091375,-1.2337080707561074
42,1548266471.25028,259921,2790,0.015343496778336161,10.031854174461213,3.405347113151064,0.026057140517172558,0.009223875451204396,7.308384504274753,4.257099053965038,5.394693852301679,6.850423757070522,2.696414592649427,0.06009330952307948,0.02076403155374149,5.0470903519397305,3.117474999503621,3.42586255682609,10.12431255491421,3.4064408965226702,0.026330956669574083,0.009351929370590754,7.356786102454523,4.447992596234603,5.347407298510899,10.05149405946276,3.41842569265164,0.0261913053355681,0.009281669346435836,7.327197043981803,4.258458987961351,5.375733099371753,6.035870998552216,2.6963886741491376,0.057774287474330804,0.01886321302393619,-3.589280083425163,1.558821596569371,4.595528524986011
43,1548266471.28365,259318,2952,0.025064138189952297,4.940833255380622,3.5105694437700596,0.04107289953421817,0.014382819452908781,2.0289705797173054,3.717554323728507,-2.544582774099555,3.6546648598858336,3.69539968947546,0.09569620718653861,0.03314702702271672,3.560194270465961,-0.7858904779289757,0.25291925851198155,4.926999488711234,3.5256351483752226,0.041327478694322496,0.014529311312297562,2.0070263250745666,3.7746407483737463,-2.449337974419808,4.884356420237275,3.507274483153623,0.04125580101042582,0.014481708930128812,1.9587054583298698,3.714315810550228,-2.5044834509814997,11.235098040263042,5.2925260758903105,0.06905991200877229,0.022357881163801697,9.339174852462106,-1.9136035997960579,-5.945196574740774
44,1548266471.31702,261443,717,0.022483994292054527,1.7179485185351768,2.559282716400333,0.03629910628031055,0.012691737260769727,-1.0664474564163133,1.3403440363865096,-0.13234348931286224,2.2976373822878022,2.981502654640788,0.08111776131981961,0.028298005171415133,1.4732650499205544,-0.9237521066905223,1.5017688499079178,1.6921485641663492,2.5626025764704066,0.036338918870813676,0.012718612666150533,-1.112859126655538,1.2734120173450503,-0.05773353887402897,1.6975634677432625,2.570043088135185,0.03638877317819597,0.012721868837953898,-1.0664413381620927,1.330966372447672,-0.125409712533865,2.8629077299210723,3.4838145097832247,0.06386972887755012,0.022650302197571425,2.575199272646084,-0.366701936705811,1.1958758571946824
50,1548266471.51724,259745,2476,0.02048215855945693,3.1952509306439634,3.544209131757686,0.033361386315054385,0.011650896066775617,-0.649714267485957,-2.9092234457778376,1.150616714176718,1.9281945486040908,2.5735003994510803,0.07368237369360112,0.025216008134790024,-0.7007118035563905,0.19849285407410416,1.7853676855216127,3.1797365590080395,3.5470294058467338,0.03364565150394762,0.01176683215937252,-0.6926080302906678,-2.8639239859780954,1.1953903561634183,3.2005042594436666,3.5502555379188596,0.03347919027781519,0.011706153265525876,-0.6652265382273521,-2.901538235941349,1.1474319064132823,5.7226169040037185,3.405469557401121,0.04744581620052584,0.015404445085158992,3.136616632101089,-4.539570676294164,1.5173260717940877
51,1548266471.55062,260428,12417,0.023604495052015777,2.968404320407224,4.781044054848891,0.03979891075493306,0.013996686505184415,-2.7011535760128984,1.2157164632062998,0.19294312450607964,1.3705410593799825,3.063617105278149,0.08712125172564979,0.03079214929009547,0.4814450615137691,1.0850366765911947,-0.6850466105618965,2.576819557104409,4.592651665570023,0.04035207837055331,0.014195801982624491,-2.303958404757087,1.1288989407340337,0.23950340422323002,3.131486185926424,4.938350207497012,0.040399100227764564,0.014316573267436149,-2.881841833574753,1.3199967252731595,0.17121725209060085,1.7187669313661393,5.427353251256173,0.07423108570319986,0.02488119010265776,0.029213290659997896,-0.3517328661606214,-1.6821386205866105
52,1548266471.58399,259869,28695,0.02379211926779275,4.610025856181007,4.720307519218241,0.039446926738675024,0.01385597074752175,-2.4611679654149268,3.6941815513162304,1.2441918286934657,2.9040485086113215,3.181182516622788,0.08526811789383082,0.029828790860203326,-0.8054163422946818,2.773085412845475,-0.30789535396939455,6.347409470714903,5.326194744255145,0.07316879659465342,0.023486221254363438,-5.881356823030849,2.27059021738057,0.7373391172624637,5.181921088748265,4.936914508536672,0.04382177130234876,0.015266393256886793,-2.7327169890801732,3.869534153749355,1.4997098729179927,4.054408637783085,4.111814433367063,0.07109950795924683,0.023143437100869763,0.883723321064736,3.9561854868548654,-0.0765433702898592
53,1548266471.61736,258757,25215,0.013221936230860699,11.288167370535406,5.707566251032021,0.02039071390175337,0.00718939677317161,-9.933489031613384,2.060574404562593,4.950005188613274,7.903843275375567,3.9008245606600185,0.04651159565088228,0.015871714493893466,-6.584736524293523,2.038695988002357,3.867260282918324,14.663976654887303,6.516871928151153,0.036599698147903266,0.011874153635868736,-10.32058211052413,8.105361340828528,6.543769079789676,11.145274197979237,5.640604636989562,0.02200209294667088,0.007758130656675733,-9.79356884887587,2.3875052864419404,4.792920319060812,9.623406463349971,4.863983527726194,0.038298667573558945,0.012381721251427152,-6.8838337731412595,2.9431016155344563,6.046564100647924
54,1548266471.65073,259950,25162,0.01935217968543868,2.2447745962925336,3.0807571876045046,0.029044118587583555,0.010195723493834645,0.18933286269793173,1.638406851735733,-1.522757053324107,1.3147847015080942,2.4693078976194163,0.06379338634782018,0.022504750222086513,-0.34009224392132936,1.2647078767624562,-0.11623279829412819,2.356763818924359,2.5791370607949493,0.05027516531067617,0.01633749032089386,1.5318998890330968,0.04860523227851844,-1.7903228646158953,1.9433621769717473,2.960641719931471,0.031126511568824743,0.010975142446916495,0.5530761767967833,1.1141818458803552,-1.4489399804332157,4.075878121001753,1.9276494242173523,0.05341083589840193,0.017548148852700826,2.8723827756927953,1.5073632897931069,-2.467803792798008
55,1548266471.68410,258548,5322,0.02030414024679146,7.546332557163279,4.476570410230431,0.03101338070227979,0.010951647416787402,-5.789815907598929,4.83865516374166,0.11217408708347579,6.06251327718145,3.2331905102036065,0.06763079374728892,0.02387764638378338,-5.173764638172697,2.862402828252207,-1.3389834777206455,7.582971859861123,4.464404121187298,0.03151339321960709,0.011229604013885461,-5.711007850125861,4.980522058914655,-0.2832871050912503,7.59850664814853,4.503214860079045,0.031378955226072765,0.011085960593051388,-5.816974935761111,4.90414623638307,0.1069238018282406,8.850312588365298,4.9563122955205365,0.0468943030429208,0.01575735952978875,-6.4026186429868,6.04920851915074,-0.8611525509973614
56,1548266471.71747,263845,28264,0.036382457659506685,5.876041507342842,4.018590803285037,0.06448377075315256,0.02206198714096717,-5.4946564339042965,0.7431022623399378,1.9453569073759518,8.322005191689247,4.387280467041565,0.12026900503516422,0.04091085491168545,-7.656958492312687,2.8553559494546388,1.5727998790111186,16.652937943045302,5.550322442464939,0.11832250492808592,0.03691631346728112,-15.435611238789896,4.858444022574003,3.9316369999500043,6.395373041355528,3.996305193041535,0.06940220936019673,0.023586126775963643,-5.872336786126324,-0.9615987754980035,2.2893241564540805,13.487782424832558,6.685436576503496,0.1346971051928116,0.04498345738936134,-13.035434709741068,3.119028864182491,1.5064446926775312
57,1548266471.75084,262235,4357,0.027117050163211327,9.089273638951338,8.37446257293179,0.06992950839257904,0.023986679796807263,-7.906377465427961,2.7465315515514646,-3.544101450895693,8.524447245485177,6.010351622143463,0.14437148944218148,0.04792537156211536,-7.832003443804705,3.1063408714006595,-1.2948240374494218,10.15560216012786,8.479816802480949,0.07161468127283888,0.024686733794557436,-9.125004689465275,2.035983851793354,-3.9655156546491006,9.29797186191413,8.40372158871197,0.0704411679793518,0.024234013017016026,-8.081460363812958,2.742422816837667,-3.7528995109374144,21.739874788060632,12.22070624142096,0.16173526593335613,0.05127525253560604,19.12273042794881,10.151608396246267,-1.9718478008754563
59,1548266471.81757,262157,10998,0.02836591476267667,6.0700148848803845,1.9637892358696116,0.04478758727180306,0.015781724894623792,-5.884869683790822,-1.4367683271087237,0.3861169274796507,5.320282340191868,1.6537108898398751,0.09168207172661295,0.0321227957960584,-4.653078612295177,-0.03333513826984236,2.5793705386615526,6.667345790712291,2.080547027039805,0.046226753568947225,0.016259960313809975,-6.494877042955276,-1.4966220211584855,0.17376597942329924,6.047602779656808,1.9486334901765927,0.04565494634332407,0.0161204234657145,-5.802701067089572,-1.6218099775588353,0.44667302551738397,7.803106721162241,1.5782113646678868,0.09007140353237163,0.02938530092127504,-6.718713851425376,2.9739704325220577,2.62732916685304
60,1548266471.85094,262599,111006,0.038957631622893105,11.258371346731106,5.544425036235444,0.09393250758377585,0.032141026741669285,-9.928707883671862,5.170317017199712,1.1997946004476354,12.834221436077861,4.765217195299766,0.17157436152778288,0.058247571517555746,-11.449509131549373,5.638561953654438,1.3537354289700128,15.192638651185394,10.208175956152392,0.262460301510266,0.07711484664311587,12.382322415037464,6.167942566356779,6.280990789173095,17.049389264471202,5.879209769228946,0.1731060230310756,0.05245113435609966,-16.101627044234263,-0.3047379218814765,2.5304293377799736,7.438908647658619,4.495652955640487,0.23341611575206367,0.07289028305599989,-5.514001355717576,3.729493459557834,-3.3202453903996676
61,1548266471.88431,260540,103995,0.031009313263763428,16.477451541636885,2.9813930525303256,0.07466975148874275,0.025804761194148738,-15.927478123441187,3.4928788000622504,-2.3710013965347763,10.376464531126345,2.8334689715241645,0.1465075083771549,0.0505931402595606,-10.36119617886642,-0.5193562681305743,-0.2165617129606121,19.293344626139255,9.546345569388741,0.19417084620313016,0.05793735093417761,16.349540132391137,9.958208928242852,2.399949846095203,18.21129043373889,3.2177472165210643,0.1320458201341389,0.0405582497614224,-17.620160293495196,3.5960343867796216,-1.0167112137643641,8.774732474339817,6.569383320554361,0.16921692924184983,0.05450617593319297,7.386415187370375,0.7279241594496807,-4.6804836389103555
62,1548266471.91768,260181,2484,0.028615667626650777,16.460655914346496,2.863637063444908,0.057770197771080285,0.01992892865632791,-16.255786359587333,2.573612834498108,0.2812826693403587,9.980697968345364,2.304414083041966,0.11421239453618323,0.03968859225797031,-9.771782735117638,0.13566694764280876,2.0268666932749717,16.523963483635097,2.903702479281007,0.05814820864925442,0.0200776318053808,-16.29529550744033,2.70117975810559,0.45644435378441445,16.585500607155634,2.908212326132227,0.05800849209247678,0.020041259981533485,-16.351116499611337,2.67731152221654,0.25491547115716195,13.145097473336655,2.3672333780857264,0.1507594173765914,0.04587954403432423,-3.6549512617915876,12.493768067728872,1.8277522609063228
63,1548266471.95106,260801,103585,0.03450874231437349,15.057257177461953,2.489831799827297,0.06850984521789102,0.023736815159450364,-14.901716086393975,1.5134341655986299,-1.5392752889380443,8.632519232224041,2.2035381675678005,0.13212584927199203,0.04596718914946418,-8.516696943947698,-0.36695317763388036,1.3607376033219105,11.671216141263704,2.2969439075537736,0.17066116143029086,0.05152304272182356,-2.9391694658680043,11.233809385846067,1.1747747654254448,21.73421902025061,3.7465596491792015,0.11608515266470489,0.03640041130289912,-19.235379072450066,7.953681972997621,0.609654292516882,13.437577844104316,1.5663268599110267,0.14462908245452222,0.044751922148400916,-11.258317274539879,7.028844149877392,-2.1009855732238005
66,1548266472.05117,261894,1608,0.018600527137490032,8.227925239399042,5.14457297337277,0.03633012480759188,0.012556654342145264,-6.117617858398947,5.091161945657822,2.086522352342218,5.661194200510591,4.0915027176620535,0.07621707944873249,0.02594115133083709,-4.475306825418542,2.8261061555998213,2.00845029600878,7.852082270944872,5.065364612399012,0.036845605099774574,0.012816332722885817,-5.69737071787278,4.8886040870409655,2.301458879271785,8.235576757292609,5.149093218970888,0.03640166531267906,0.012583129751250125,-6.095496754550217,5.103170599740926,2.0777060230738282,6.534766770549632,4.483046661072162,0.09723928684952703,0.030095665761318037,-6.161321702005989,-2.1758537211650326,0.08337993740682843
67,1548266472.08453,260977,2511,0.032274558170927906,7.8046277585795885,3.776193561778486,0.0706655521984545,0.024473593410854585,-5.040503603372175,0.3776715169647954,5.946671514356304,6.889220119626344,3.384067463854271,0.13078574190485523,0.04584762246372836,-6.719603208277846,1.4838967165156112,0.3260937207010904,7.875863061461038,3.906653429265759,0.07126901043978925,0.024704137826387994,-5.229965809708666,0.6745671523845214,5.849926131934374,7.789846494047831,3.7693642661080107,0.07084259817615558,0.024534069398590198,-5.028063077159402,0.36662339196925875,5.951655984794552,10.840490147338867,2.426101038547207,0.14269314906744876,0.04688705150582937,-0.9753533378693029,-3.523083407992698,10.205527708119009
68,1548266472.11790,260298,2076,0.021176658107865575,9.517594537175778,5.547915671618453,0.04356411375846091,0.015274362057212481,-8.117286909752025,2.005296328114759,4.54676210454166,7.468831602225214,3.872041021566124,0.0847399496302671,0.030219158315749395,-7.428315092500658,-0.6991657270742264,0.33874426195843443,9.619569246899731,5.6257317537295135,0.04380785525905826,0.01542260190063394,-8.27856907726374,2.2060763409943362,4.374315227161468,9.484637339283616,5.541007587589588,0.0437838509728189,0.015363502664268999,-8.10716712281047,1.9866972248922352,4.533158307856434,11.428119917260002,5.879718070783946,0.07115237023490323,0.025253103158079663,-9.916529513819384,-3.229601428108144,4.6726910726460025
70,1548266472.18464,263235,2516,0.03134486549739355,6.35353230420845,3.5849025916112485,0.0740098216319384,0.025596123672881135,-3.6351170971688167,-2.157797234229004,4.743122128560992,5.380793213496708,3.3783007318987863,0.13998524794957173,0.04839776929873876,-5.228622244513349,1.26647422589464,0.10241125786258505,6.335318345909123,3.721536346556139,0.07436868524373089,0.02576820587659374,-3.660688800107254,-1.9385820197117758,4.793486810833239,6.316546380043947,3.578897392020308,0.07424703024851485,0.025676847374430684,-3.6100805267861897,-2.1328315793414507,4.7185693126436545,17.589389931031945,3.6504866628287935,0.13869306785424906,0.04390425889683716,-6.072084422812036,-10.738877853850681,12.537660521333589
71,1548266472.21800,261885,5598,0.02620765337851256,5.62184002394895,3.1910966335179434,0.05744503442033507,0.01998207822558579,-4.3473289177858465,-2.1833973187545266,2.8175508307593695,5.633790607021971,2.780372754771665,0.1071716509747543,0.03786879496812179,-5.135304178859126,-1.5717700596859674,-1.7022885988679328,5.5362861111904085,3.2184099800560277,0.058386191287119055,0.020269223127921253,-4.750669350843835,-1.899288998324906,2.115255522331713,5.580395794075958,3.2028464208600944,0.058047212274748364,0.020207724791114157,-4.463632881058916,-2.10111931665879,2.799753971665845,16.093635453346792,5.284456988229681,0.15741981219617965,0.049148470017650395,-13.160421643399097,-9.053997545170482,-1.9579409401767893
72,1548266472.25137,262236,3423,0.03052887625634931,4.932247593645396,2.8459773542383284,0.06035702782749521,0.021097717029257303,-2.295632657763705,-1.8364067561587585,3.960397360311718,4.00897038486844,2.9992720459238082,0.11119613428938444,0.03914202278220504,-3.9662818928041697,-0.2325633955887955,-0.5351315357911448,4.601260456567892,2.835371548550207,0.06086475817163294,0.021335380954949468,-2.328302673488463,-1.434393402888125,3.700421599703589,4.904413907618016,2.8677747600621926,0.06068486616845099,0.021239043804591844,-2.334048027809541,-1.808315315036815,3.927147447881601,7.470499596715155,2.584512644832077,0.13230546754800168,0.040723994252771435,0.29729277896064976,-0.37859085348491006,7.454974862047271
73,1548266472.28473,263707,3226,0.030317567411651945,8.014279598033847,3.59765769013153,0.0755545808007329,0.026380319935828924,-5.468813051795436,-4.628464023973788,3.5913899897886106,6.2686605672691,3.580795882066944,0.14521893975367034,0.050055252498649096,-6.19258591238175,-0.49189681063156504,-0.8402514820553033,7.65495273679359,3.7698283594040065,0.07620925011447269,0.026817994006207845,-5.640504758234106,-4.003062268208747,3.280015236508139,8.054352140307,3.5607089504906453,0.07587975199621341,0.026494802351956094,-5.5195875421000995,-4.657467041609715,3.468832274180368,15.189979469892055,4.3608493266098876,0.13848041005647801,0.044614531190046935,-9.846724663479675,-9.423585477654777,6.706230419743807
74,1548266472.31810,261433,2750,0.04887806876599859,8.461576072821227,1.442419481526295,0.1142721409409178,0.04004487670165137,-0.7754213544539368,-5.388943542972722,6.477366660136673,2.7604196981438305,2.8973246543761917,0.18468819450907953,0.06486622342694164,-2.121366022485104,-0.8800541808561608,1.5314136434366117,8.364725449965606,1.4538389430111143,0.11516412047094,0.04035296634791507,-0.8832082379512249,-5.269552093221332,6.435867913385427,8.45879973322116,1.4374335738012598,0.11493829928139665,0.04028509192774003,-0.7432474107873366,-5.345131490925123,6.50645906012616,13.304620678880166,2.1860062230040715,0.23201880978393355,0.07364007629883407,0.5094453204354699,-12.496711290896238,4.537136077566843
75,1548266472.35147,262562,4698,0.01822471932760515,5.2605160344280515,3.1144928886859833,0.03973504543407563,0.014007951501145446,-4.008512538890988,-3.393916430524165,0.2935769688624402,4.1005323630151,2.31990237143297,0.07940009394482712,0.02785590358018359,-2.8933500182409615,-2.821706263882655,-0.6934443686732324,5.322479338831517,3.0863310709904,0.04015939591427549,0.014269990012885671,-3.8762401881262027,-3.6172712263516913,0.46786450095284904,5.309654121817992,3.1118618823641646,0.040238832370769,0.0141531472263546,-3.964863587686244,-3.506213872059888,0.34844162969286596,6.236622514205209,2.845539530230963,0.07321588151272684,0.024088972729526,-2.610276083374696,-5.1654615056140605,2.323774211766856
76,1548266472.38484,264604,9604,0.029341662053385925,8.905679844376749,3.429550545423328,0.07706603103333048,0.026855974958225604,-6.542322355624863,-4.241944136151687,4.302913156385768,6.241820665205446,3.2592272693133757,0.14970762464786225,0.051620468570508546,-5.9884726755891835,-1.0850004698936484,1.386107575420483,8.88037929446678,3.5366685337779185,0.07807955579576616,0.027230863367953027,-6.651110058247568,-4.130628977982395,4.190677230821347,8.893434797828188,3.45852990918981,0.07786584607913057,0.027202455980710995,-6.646916870198642,-4.305891801444248,4.249441675226954,13.074782571629385,1.9018277466942686,0.17546481604637723,0.05472769507007587,-2.4775601312097204,-9.39194263601711,8.752316756915713
77,1548266472.41820,262029,5967,0.020871964491060227,5.483537587138082,4.78832841111074,0.051052493085057805,0.017968873522404036,-2.5260425546570566,3.6747256822703855,-3.1913452714615884,4.615270521865841,3.34737507186907,0.10530903303400078,0.03715192336165221,-2.692081872612443,1.297233468108405,-3.5171867323721546,6.49540566954908,5.023963950593661,0.05229353007662655,0.01834060950614498,-3.533479620413105,3.8015938165504415,-3.905470655132495,5.803332634194638,4.820611500348571,0.051367030639686444,0.01810274369253766,-2.7597095023616394,3.769130092187857,-3.3344953204563303,7.62302220571321,5.01698915152147,0.09268209683369358,0.030740798562231133,4.624175931698048,5.828794605181504,-1.6591015496672221
78,1548266472.45157,261829,1338,0.018228934029795127,5.797552444667611,5.856048979408951,0.04155742585253588,0.014340726258924274,-5.697515026708488,-0.8552673229131599,0.6468807273828139,3.1933660846742105,3.9787129406543413,0.08291266880776835,0.028900070223414676,-3.0959305536917667,-0.7412234757200632,0.25177115900507,5.638244143625088,5.825134295309009,0.0416760712566815,0.014397325922411686,-5.517498574285774,-0.8698968130162458,0.7683007487834612,5.794906561262156,5.8592062536141984,0.04160878264046418,0.0143641620963229,-5.692750058649761,-0.8466695748997126,0.6471000096803203,10.502247848640117,7.997127678021196,0.0828486479266788,0.028064661921356083,-9.996214823951624,-3.0896034272371313,0.9095326987417002
79,1548266472.48495,263933,10840,0.02753439250642835,4.865534086785104,3.1242538571919014,0.06143406939726727,0.02108864891853387,-3.9431533533740595,-2.5562513137789376,1.26116723801648,4.673544551087436,2.8645866858158033,0.12316853859470347,0.04216906805951702,-4.352761244110387,-0.9441928901481953,-1.4156228342900001,4.7971069060904545,3.241760546833566,0.06270521931979144,0.02156217235895748,-4.145576461327128,-2.172123172788709,1.0527636933260447,4.805147181317042,3.251524420082311,0.06255697059111093,0.021564206532232233,-4.022329003511468,-2.321605475701901,1.2721516249422693,7.112275886724248,3.5453127106386026,0.1195066867327338,0.03798792526554316,-0.26089394420843726,-4.361648843370719,5.611810938180065
80,1548266472.51831,262277,5004,0.024719288866205065,4.484963304548304,3.028919107518569,0.057161310501072836,0.019299534189050196,-3.06130347234255,-1.0570715180371646,3.1025661474210184,4.150019156635546,2.8081513450524014,0.11241545667146957,0.038621547905960264,-4.103146129966536,-0.25940754189491316,-0.5652951121234719,4.412163382990899,2.963400450970887,0.05761793817625143,0.01945854949122647,-2.891595097868309,-1.0676432655573258,3.1568974271743047,4.497649846516492,2.9872399440198407,0.05758685654349971,0.01946207740562835,-3.1129204475288557,-1.054664077489649,3.0349948199794676,6.971782803648535,2.243794295827816,0.12139837525619372,0.03797370229975615,1.447722973801502,-0.9638148621970077,6.751363903966733
82,1548266472.58506,262635,5533,0.023455950163621557,4.916673177522112,3.5002343259420114,0.05035037986771913,0.017028838747376686,-4.366654907625251,-1.1639186576740355,1.9368256014922896,3.3078456194816943,2.808157050299807,0.10253245941341238,0.03507354282755014,-3.176348503927787,-0.6962857813748384,0.6064972667499623,4.706664414142942,3.564221529089354,0.051271692732154164,0.01734932009257729,-4.064063267839441,-0.8783479458012446,2.2055803201117987,4.965715520737593,3.5473291235029114,0.05098614884653279,0.017261534627514334,-4.446055101616407,-0.9927456221078303,2.024616414404588,8.898245705463427,3.65724123216609,0.10408115593593457,0.03363897602365967,-6.211582324677686,-5.249065824299242,3.611416568429045
83,1548266472.61843,263456,2504,0.03033767890082997,4.580726860729517,2.4066547989167595,0.06598334453260618,0.022571181058417482,-0.9402293160491346,-4.147749139002642,1.7015300425656643,2.99698994015874,2.4732451845275794,0.13408714007561978,0.045370463313914165,-2.263469188725952,-1.3730350088773646,-1.4047885241195919,4.439443976685915,2.4532739434462525,0.06636165748215857,0.022684502525879578,-1.1612238464568467,-3.990459014865634,1.5609160295257427,4.5933926152153415,2.400392983853883,0.06622931300583279,0.022675344062655638,-1.008014798719659,-4.1639112298868834,1.7073182149474015,10.537120589042141,2.365718533373014,0.11856784380329627,0.038208281972587854,4.759705465305117,-7.617054249593826,5.509682273081184
84,1548266472.65180,263584,8999,0.03280514087691995,2.813800298867432,2.881772009475963,0.07462595184668933,0.025097631554735222,1.5830876157312825,-1.575710248379151,1.711269393163335,4.397604615050287,4.382491533769676,0.13672649488087743,0.04567281136292842,-0.4795984802006334,3.291263047709524,-2.8768905434309864,3.5405679158732513,3.1564967138662925,0.07725317458525134,0.02588848523520683,2.3933509519614833,0.3388596701854412,2.5870188463901713,2.923676666891044,2.9168895576010696,0.07669504922841011,0.02570656946962104,1.696457799394921,-1.3594853476422648,1.7421749930784662,8.307081337473162,2.191275114851101,0.13509791710289715,0.042359886019235064,7.679431187457076,-1.7687453373261846,2.6278274137000315
85,1548266472.68517,263915,15079,0.03129716204598994,5.0586198921635175,2.2449883831888124,0.07169497847105082,0.024181093358595005,-4.134808326579507,-2.778630175089115,-0.8787546107562992,3.633422772530394,2.1070684455962216,0.14241234456001553,0.047449713085454134,-1.7178960609920189,-3.033240057502161,1.0247189473874516,5.5279093953719896,2.975453362071347,0.07755255441879193,0.025804076190259314,-5.46552305166631,-0.1572852415815878,-0.8130814276114882,5.483961151590051,2.5916475968742505,0.07473740394187287,0.025161563499375927,-5.029455336101314,-1.8294185403676995,-0.8284800889437627,10.59587627147991,3.596592828010135,0.16236534863375315,0.05200757030925833,-9.193680553194822,-4.906266904519063,-1.9176487968184461
86,1548266472.71854,264034,10967,0.02766079340790341,4.113957892791639,3.531638756635966,0.06383447901541178,0.02193228056363825,-0.5044984760268332,-3.8651877944921536,1.3154672723629832,4.025671807997837,1.8475003898086046,0.132255783089965,0.044871094348777125,0.4899027020756662,-3.1850398219787257,2.4127888802415467,2.578465573178951,4.102441733561419,0.06738592671813888,0.022962844451352833,0.6571804091767263,-1.0693713861831247,2.2523417725283497,3.0927492139888653,3.83037830291359,0.06548416958321678,0.022459474177396514,-0.08929345308765085,-2.4752463880592526,1.7148553278963985,10.726629261156832,4.374677421396149,0.11206958649510719,0.0364958791073175,5.354677646182973,-1.4446427982512766,9.181558135590878
87,1548266472.75190,264597,16787,0.033399161392362514,2.7580770199004774,2.810394817046252,0.07477249080672542,0.024873290599765608,2.540244897640346,-1.0264354840746182,0.31713546750212646,2.908886289342038,2.5612824505086746,0.14054756290467163,0.046950193380346075,2.1467244241536956,-1.2050143615846334,1.549559317818732,3.5220390470759484,3.5292935129206477,0.07844210970118767,0.025812642470004005,2.814386920970364,1.9063031820669825,0.9219509131401243,2.481198588303786,3.0549487684983347,0.07609449172094261,0.025344681810753444,2.455159033947848,-0.20237087114707053,0.2815118802260817,15.241912805226459,2.1090718515788,0.2036565068071971,0.06184550306351114,7.418396758396392,-13.266752634796806,1.1298539835979797
88,1548266472.78525,262354,12094,0.030643414575194032,4.082803386893328,2.1456923591133914,0.07210393724280693,0.023850062219189866,-1.3831058563658565,-2.7638041589756286,-2.6678995964884282,9.352971615846586,3.6602004557705676,0.13403019595397514,0.04464870869148536,-5.566345306430193,1.9760011388916792,-7.251847866269208,3.3116460827708147,2.5906313433765096,0.07734039406030577,0.025331159469740853,-1.8160701968756032,-1.629450915369127,-2.2391468312627922,3.5036715011722674,2.2919479339411453,0.07465701191463336,0.024574665279782103,-1.3430037594953583,-2.142879042375533,-2.3368593475162402,11.930481879628912,2.4265761786157767,0.1464249747304045,0.04723645361696073,-7.4027877709640295,-3.6574617682607142,-8.611510001848133
89,1548266472.81862,262743,11830,0.024047616826459534,2.412542345589926,3.716806090938861,0.05178840138056096,0.01747644360082254,0.719324645875615,0.27142559127982563,2.2867576984671687,6.631258693212931,5.325174146679892,0.11236009756145703,0.037441700673233706,-2.754411049764152,5.342430632960292,-2.8009367285350644,3.6952554268295956,4.266810779481776,0.0550756607952693,0.018408110222735457,0.6036972380791255,2.4547689966767345,2.695286902577147,2.228470247873638,3.4833118763143074,0.055013744664696,0.018473571293198023,0.9325933928660985,-0.4905776445067572,1.9168138215636925,8.2938852629256,3.0642078105184267,0.12385426827537448,0.037753264258465806,-0.4602403618242914,-6.668532491806011,4.909927287613313
90,1548266472.85199,264387,9419,0.02607580213453393,3.709526243631618,3.7390591254479433,0.05767635699489254,0.01929296266476194,1.938655047840719,2.5055319576764834,-1.9298992633646057,4.576390365384295,3.7577761502174716,0.11707738661136936,0.03900900188664475,0.12050512653302889,3.7402794468521203,-2.6342241647811706,5.971320996460453,4.512350120700538,0.0600319018177323,0.01998066631893206,2.2573195203874588,5.415788297613811,-1.1092430486942402,3.7193934405740485,3.6929357625124077,0.05922631144706976,0.019813996496001074,2.0916088238532353,2.4545464685906166,-1.8115563912767727,8.71415663684015,2.2255676460578577,0.1340361187870756,0.041870830214364115,7.734439379031147,-3.1088963072136417,2.539633267712265
91,1548266472.88536,263394,11525,0.028901475001501607,2.3506455596115083,2.2227930853051596,0.07399681251956307,0.02400644349314786,0.032076387247014775,-2.1603785461612586,-0.9258888645991199,6.8426946876953485,2.5351289500393692,0.14677498256483243,0.047779855962499666,-5.180449855921852,0.3310157063436465,-4.458232663449411,2.027273473795623,2.6356672197132442,0.07911186122672267,0.025544735425130086,-1.5059306652334024,0.7030067023251323,-1.1609445058016328,2.513713348385304,2.342353508167008,0.07757736808449178,0.025169360500756688,-0.7926047308428377,-1.274394653465069,-0.6756778636171802,6.127426934896063,2.4837933454358954,0.1342073891510366,0.04129211765775,1.3057011504637837,-1.1877254993708348,-5.86769234761943
93,1548266472.98544,264307,56353,0.01636898152036693,1.9695196771292722,3.424870609296177,0.03174401046739543,0.01070772613409006,-1.6844005737427605,1.017714821281611,0.07783963205328681,3.5492945228769925,2.1477349060356064,0.07161439761407529,0.024062794238726613,0.7514417945242875,3.20906113247187,1.3171004090900191,10.733591011163218,3.157389409312085,0.07369188315912252,0.022445450430576493,10.241672356599507,3.046675230403805,-1.0177884728337532,2.9652772974900277,2.977114860272262,0.04173701096211234,0.013516258687391737,-0.19796014149733995,0.04878634023875021,-1.9225981430172085,15.994648156170115,4.218802543307732,0.09776408863852665,0.029919313271535953,15.476916242407173,2.0212323391405835,3.4940596870118523
94,1548266473.01881,262585,9792,0.025827029116828035,2.468745169551311,2.5635373482911534,0.056717219522458985,0.01877517599010534,-1.5806901255873052,0.11928188241354018,1.8925890392744018,5.070746271223677,3.015891822689697,0.12202982128416884,0.040351430274105406,-4.129903317385011,2.1842331640888157,-1.9711650922933042,6.0850829903875345,3.216940413412468,0.06980468496298782,0.022566397490949353,-4.247646242727442,4.084668104503533,1.5169782043914355,2.6704687087595502,2.6836608146406773,0.05785094812917536,0.019148531925556603,-1.443912622004178,0.1276027610632146,1.9589317737495717,13.257124524120833,5.231948118257795,0.13445638592397244,0.042122992277695906,-6.108294088968896,11.363456027520705,3.0515506027783696
95,1548266473.05218,263315,40935,0.017645471436891175,6.763136581760995,5.814314189179873,0.03408879235925633,0.011751224397511723,-5.276934344038417,-2.2102692439638165,3.6067561910183605,7.201218007886028,5.4834462425063935,0.07168809427920779,0.024166569982492253,-2.6013994547868147,-3.4200474044842966,5.778714167080518,10.990146445457539,6.464436919169508,0.08242698195824022,0.02539009319539268,-9.743947802364742,-1.0541830508293923,4.972675156566967,6.83262101839064,5.841939433311239,0.044109686415539306,0.014730776757567416,-4.630847207590453,-2.4862603993064987,4.41280139528976,10.536477551652897,5.914301535524682,0.09094180378905695,0.02823813416591502,-7.599135245823511,1.5043879778303253,7.141940879363806
96,1548266473.08555,264500,42758,0.02049513148874105,1.8863263681345126,1.8492422061332345,0.03683885003841283,0.01248531234794196,1.6812700175824804,0.8298856634185796,0.2069977795775884,1.554091487097816,1.5750227600004696,0.08919740014846086,0.0299008264066298,1.2005059203219504,0.7187009057598674,0.6763541184925204,6.585130829406829,0.9631710056901587,0.0799726295204389,0.024438428655335572,2.732228819009689,5.9912313270113575,0.06341062383309609,3.851892543146077,1.4046427282145744,0.05235386451082316,0.01686856701638307,2.0468526869266577,2.728460744496749,-0.33740988888415346,15.147349598509518,2.412204698248425,0.14432331920736552,0.043289145413088974,12.555072507265631,8.447016760724328,-0.6784261498582085
97,1548266473.11892,263309,41715,0.01780902695112835,4.837831909017,5.790005884540917,0.03719212593053953,0.012550446838242186,-0.36536231743248,-0.0702207366789946,4.823504639268391,1.2823088024894598,4.097047506582541,0.09068337445155904,0.03033569758806156,-0.37934587775227574,0.7754704503126444,0.9481867699278517,6.636915117572164,5.541514825439839,0.08591478695296399,0.026277906892990414,4.594925443615289,0.7925031600681504,4.723054222296921,6.201325799271478,5.645044010131219,0.04794971298822499,0.015618508715968517,-0.7588374666401045,0.7216216221098204,6.0160966267194675,4.289662442810223,6.103755031563156,0.11031317220865583,0.03376274303826955,-3.420170415084616,-0.36196832742926804,2.563711593564017
98,1548266473.15232,262595,37184,0.017192293636985115,5.387729407301165,6.579165986011876,0.040117911254545106,0.013394148644733301,2.471956147793218,4.593517326765743,1.3478351302692675,5.124332064719384,4.971762921898968,0.09140341944943096,0.030266299532028897,1.828593989065143,4.707774574061539,0.8671111188802414,1.6660180321817741,6.243809002604073,0.07692508907078237,0.023964755614005528,0.45323198227531974,-1.5902621117765852,0.2031336250980897,6.476934846624594,6.916810721540793,0.0492983134000852,0.01616472392136043,2.2772423171584593,5.9210129493583885,0.7356176408883899,7.5077731697318635,6.48111780929092,0.07852030577828005,0.023638001159776434,1.518607492477105,5.386238828260131,5.004889662807858
99,1548266473.18569,264539,41305,0.013243134114444607,7.464095446948546,3.1038403692592182,0.027153923775316644,0.009184232045159552,-4.6470563392859825,3.8278336616021313,4.411947152875429,5.0491661275036925,1.595124127919428,0.06602112038935727,0.021610952961831523,-0.07486928084092391,1.6321187670067505,4.7775162484602145,6.1650434651705375,1.25879019987393,0.05225053993226075,0.01626587421185559,2.3957897964189914,4.531118062265896,3.425919042333657,7.465768551080101,3.096790677988909,0.03020051373338776,0.010230633626949792,-4.735302484486553,3.8734637641843666,4.314169370937631,9.326300930913453,0.5506862592921902,0.05576245515976127,0.01787150925197559,2.670826069699947,3.9297046195157996,8.025210200532099
100,1548266473.21906,261831,34828,0.017278143870252647,5.6256620619320685,5.137564093739065,0.03533577689922855,0.011906299615174195,-2.306159144859651,0.6176620161688994,5.093937305015066,2.9185640286478494,3.274145399591358,0.09145370022658939,0.030518003958371055,-0.18592401158280036,2.258753906645425,1.8388798330636382,6.761888926349074,4.947371655349905,0.07253164100723444,0.022531012950325825,1.2539893320892002,2.7773854420590447,6.036288819591653,6.057308916116119,5.2603722012346905,0.04130509439549923,0.013838667046971877,-1.4161256035877954,1.3655754449312942,5.30913636387627,8.03218862369366,5.761552439570375,0.06198328572295974,0.020238294456144116,-1.7310556660661103,-3.876521420449063,6.8185102511013245
101,1548266473.25243,263362,5807,0.017277460031008954,6.34245149864912,5.695561096869773,0.03815441746494649,0.012684925964763154,-1.360998572028894,6.147505774287784,0.7632474400547545,5.609398908473136,4.601465115583921,0.0849524167106327,0.028291381712450325,0.5535403617508894,5.488671264024394,1.0165810040351813,6.04652095967189,5.660780327263965,0.038613665421602605,0.012801502474260186,-1.5574835226276804,5.793744194239734,0.75311951522193,6.4578903805524135,5.61704251320562,0.03852035559334499,0.01281737647887643,-1.417728824617515,6.294758588068833,0.6637162959576856,5.470128802542922,5.438361611226074,0.07195416999037256,0.023042134371878308,-4.708105612746651,2.0283105953486653,1.9084042507889896
102,1548266473.28580,263975,5817,0.015076536659091063,4.995729500817999,1.4307438163496462,0.030747797860167795,0.010485599757241186,-3.3670571319232345,3.4901740876655225,1.1995517302293677,2.99030866219998,1.1980061290635133,0.07606776358056877,0.025689220832515885,-0.21245097904420004,2.611350415246052,1.441408854394084,6.049677268270654,1.6061179947096256,0.03253840600304426,0.010998970335222527,-4.8479012908171635,3.5712564269279086,0.5852996308302787,4.87070521144725,1.4558535647683755,0.031014389236328196,0.010572053049532883,-3.2222843075256096,3.3947383580565433,1.203168139225828,5.387984565441007,1.3978126179089492,0.05513553505131706,0.018320330835750326,-4.497585443695878,2.960200447642415,-0.1982830397767693
103,1548266473.31917,262485,5599,0.016833923847500747,8.137008138042905,5.864098250542433,0.027317520163099372,0.009696479891201456,-6.965413462328872,2.888931050676804,3.057448956535434,3.764532136613967,2.9269745565132936,0.07769020076589067,0.026351127100251667,-0.4592653826676298,2.9008247090594903,2.354993317016505,7.069885286518596,5.385248154262456,0.0317757004430161,0.010794781840222046,-4.674642017997053,2.912542715710385,4.432617161144299,8.141110122930808,5.867191146243725,0.02740252894281998,0.009748302987307837,-6.964096716246525,2.8540052340124125,3.0638124910446214,10.705615720579077,5.1167487900707105,0.05048810512889882,0.016793475248420037,3.3877227475181826,-5.102668880775977,8.780450605510982
105,1548266473.38590,262139,8143,0.019436097236720615,3.8019248323504997,3.0688572705283352,0.034482573140157326,0.011980973808075841,-0.2981229550426784,3.2426973104545915,1.962312229817303,1.921740054276421,1.8233443835240564,0.08065369716838901,0.027699531798737232,-1.55763094519235,0.671854286164129,0.903040692855209,1.9648428773938287,2.1329106969931084,0.036871608483450426,0.012576348288346096,-1.8602730446073072,0.5499960694885421,0.31224358424133336,3.493873931636103,2.9505624886358746,0.034905664267774306,0.012131114025401898,-0.3449966012657092,2.934297159534454,1.8357026029002248,4.14111860946899,2.868503034720551,0.05757617535345028,0.018281023334556924,-1.587932054760329,3.1902562769554406,2.1094075031869552
106,1548266473.41924,261321,8753,0.021872240265846474,6.343497473372438,1.244449878606309,0.036898533598290054,0.013111205157384216,-1.8596740598845332,5.806646751213321,-1.75055022558591,1.6452933452569072,1.4658682065004751,0.0889811194130597,0.03135877604569013,-0.6278740606607386,1.5091424751920062,0.18775874271896015,5.204501179897994,1.2533204240556959,0.03832267225894751,0.013637810745327071,-1.6392657521709173,4.569179939511164,-1.8767618404283166,5.75926626188863,1.211614589138652,0.038344156493314616,0.013603652271726944,-1.6205494779684573,5.1784175247177675,-1.9322080270658026,8.344800303612937,2.0607885884020787,0.10003659402091522,0.03231749474044258,-3.8304622776754353,7.380885939007191,0.6969746063164777
107,1548266473.45259,263041,12345,0.0225992588570658,4.749560939808967,1.686020721621563,0.039567803300872596,0.014073763378501853,0.6985974629327252,4.69653824618749,-0.1132219406348797,3.4172459517098512,2.8325797365403167,0.09036149376389647,0.03160548800038632,2.7819141340127795,-0.5696908406677116,1.9010460256176362,3.5604377077109834,1.8572040382573178,0.04339683434781226,0.015508595432444556,1.0236395815221915,3.3746274576316093,-0.4906813628314576,4.735899581480133,1.7093615496898558,0.04002606163243558,0.014275181612831077,0.7705744185884473,4.685820820866593,-0.028738941111085794,8.440826699894837,0.6434405843122328,0.09936711386514713,0.0330398695240259,-4.8192187963753135,6.697976851187493,-1.7775802854658702
108,1548266473.48601,264866,9061,0.02111269974636159,1.4641976221555726,1.8197144430371373,0.036332585710601696,0.01318741217081314,-0.11387892889095289,0.4366944398120659,1.3929121409902017,5.074544031795611,3.0599089843980813,0.08190539917122626,0.02932648492603406,3.0290557795414106,-2.523585886668862,3.194891623774578,2.571524416342392,1.7719902603300342,0.0389104393023422,0.013961457989624669,1.0154633559980042,1.0108279270725535,2.135368562642186,2.5445410909607538,1.7591228714395508,0.03802852140437152,0.013670303486682142,0.8978628113972041,0.9057786042914587,2.1574176775904124,7.896481091063365,1.7893848933465382,0.10740918028272409,0.03467250836449475,3.5618542516704563,6.055521491983349,3.605310995116253
109,1548266473.51934,263361,10039,0.022311859243484913,3.6948622563589266,4.821276643786251,0.049221191177904446,0.017013165678908253,-0.15997208410218927,-2.0206841879818294,-3.089215343451148,5.338364200115644,5.048224780789047,0.1079804027110904,0.03698315664870143,1.0659759962977948,-5.19030867650307,-0.6500179620673733,4.408931254712916,4.896982101693231,0.05229641963321301,0.0179388400485072,0.5739498427560811,-2.643166183486728,-3.481799665870637,4.274782892530497,4.9004963952724285,0.05100336010091763,0.017586253021673603,0.43747723581667974,-2.373024605730855,-3.529667196005717,15.839937998246203,4.779866063899685,0.11716780284785176,0.03797528923298189,-13.889901600546606,-0.5069549088428436,-7.597188034780818
110,1548266473.55271,263643,11222,0.021486152503616532,2.088107024201506,2.882633366355631,0.040398788589671275,0.014098183653390895,2.016177664565671,-0.32443410876186707,-0.43584524604276564,5.726859303049165,4.07855573101922,0.09125955224089148,0.031630810680630166,2.773933468970978,-4.821967403693175,1.3604561530471662,3.400723455633639,3.117973912842034,0.04427586543736057,0.015383941635215618,3.337949235782843,-0.3921658936868541,0.5188649466502085,2.251320520629037,3.014998083774811,0.04305120863347506,0.01505955052812577,2.115037487221076,-0.6587369679576484,0.18462989879845285,8.325747685803258,0.8584016248225764,0.09879549808274331,0.03213400837958195,-6.7760160380968,4.404826655437301,-2.000295806790158
111,1548266473.58608,263814,9174,0.020204047870021363,5.704581263568741,2.1122834499052945,0.03963471537145341,0.013917712469446071,4.121175611089351,-0.756782129514176,3.8711031739892756,5.679881261735636,2.361020536162093,0.09023410148879461,0.03140383523820236,4.374853720277564,-1.3573540105755884,3.358466340990114,6.339369543987374,2.0638799257648563,0.041429006845494165,0.01470622200925433,4.7504098885586625,0.18587594955281486,4.193645459179471,5.697838694103856,2.08394173317318,0.040772080451035524,0.014404597833793747,4.166379949026583,-0.4100466799382272,3.9567860745168657,5.154941202318208,0.9054525697825843,0.08275287945681488,0.027757856087320006,-0.47598840585962227,4.654799928674491,2.163259452968383
112,1548266473.61943,263145,6784,0.02305959751141838,4.116208745050522,3.734816135983804,0.04527342877465129,0.015957735854842364,3.2987639296045272,-0.41943182480536534,-2.425985967377167,5.76118686614824,4.315674093110267,0.0977160256110535,0.03418862722384392,4.032892022031961,-4.111227545769494,0.15768358258259835,3.7537079521373005,3.3590790721438473,0.04807318504259099,0.01674893336979953,3.4668631653446362,0.6963960365681107,-1.2594505718636213,4.067027731616248,3.706442813104859,0.04608732918302312,0.01625351957882637,3.2706686921762778,-0.32622242464178486,-2.404763870833547,9.335219459586975,1.6640160993687951,0.09615719424979989,0.03130532701725158,-4.614730382284101,8.063919286065053,-0.9076296630804044
113,1548266473.65280,264052,3509,0.017418097317319255,6.21709978703354,2.949251831964789,0.03495137580644726,0.012205881737625329,5.472976044482288,1.2355848349827883,2.678095049473797,5.03359542000019,2.792837978839833,0.07629544500847717,0.026888132942465486,4.099688352903084,-0.635493800011611,2.850576413896756,5.698125977950053,2.870397123040496,0.03542440230970344,0.012361386069662276,4.857625975037943,0.9948012784488599,2.8075754600050242,6.247071370956032,2.9681585858188315,0.03508837646267225,0.012279755731849366,5.505773214633591,1.174742966852544,2.703326726251137,14.617708828903298,2.5587449560243685,0.10487389740467634,0.033134803620581875,-0.8012734931996132,14.292451358152892,2.959933507788087
114,1548266473.68617,264414,27192,0.015399606406630992,6.102530250222468,7.274914486495612,0.030361191702807336,0.010475836978278339,4.92733356094783,-3.544232801387838,0.6329875856634072,3.190089464550912,5.088193532825883,0.0699634200583172,0.023959880004717878,2.1589392416947355,-2.3007310339156333,0.4714751871379725,4.926151487618828,6.963508840258288,0.05002712869302939,0.016287702763688443,4.45300661284684,-2.0923345920247787,0.24461508524213132,7.56035263680443,7.556514505615129,0.035538537399687035,0.012025634952588979,6.476007996450242,-3.5848343011427803,0.3671720962501631,6.433256282770548,7.610874974694078,0.08308221248049945,0.026271671335057,-5.370368047720246,-2.8024945213449928,2.1660927703271327
116,1548266473.75291,264221,6910,0.015771481267167587,4.845000660558424,3.3854367495036786,0.03052126060018946,0.010725960453716385,4.266464248103064,1.4399297901304835,1.7882719088451537,4.569092029164777,3.0381516567057147,0.07072558440861201,0.024635281024802745,3.9921140365295327,-0.20425780990376374,2.2131213788254587,4.056512751943693,3.3812428517452577,0.03152434721638394,0.011143019443329825,3.4453528501140145,1.3179638732973193,1.6875457545133876,4.8212273115883875,3.370094890116357,0.030849669092322597,0.010840218404589565,4.211880081615895,1.4522529387121543,1.7507896455062253,7.111038242711063,2.4913687795120123,0.0677101138459892,0.0221130999053924,1.6071606789459212,6.361981852643183,2.7402712179614905
117,1548266473.78628,263313,8013,0.015720305998548737,1.1117425620690689,2.9577985080767943,0.03136684113373365,0.010806247687223424,0.5321052122669335,-0.9618527319842491,0.16635771508618197,4.262914782038468,2.973409632063014,0.07310047934158946,0.025017401823157984,0.974643519898329,-3.1068950156859656,2.7513116525664585,3.406624577397185,3.2922806009273677,0.03253119339648145,0.011240205505065002,0.04009629781583261,-3.296537763532676,0.8580921115072666,1.1440861091468384,2.9633857315157384,0.03197868673083195,0.011056626587527613,0.3163702806731362,-0.9572174627032132,0.1591863498288369,5.8124239473522215,1.1898746686446127,0.09554566105265189,0.030639780711806744,-4.9118254362654135,2.5735559434684347,-1.7421403024004585
118,1548266473.81965,263914,8145,0.019174468801391203,2.7393923511260048,2.1005592852165127,0.03805082221281423,0.01355812442271657,1.8624078952244698,1.8501419598479512,0.7827400677256808,4.502131684217467,2.966682723753732,0.08372247359019007,0.03017660565745683,4.210650085253887,-0.6426037530530957,1.4583127161717806,3.432264643344917,2.108196773151909,0.03971263710975242,0.014259178029796395,1.042985729819421,3.2438667693149514,0.41224959949384843,2.7177106919888914,2.072088404303737,0.03870284302731902,0.013759032695982713,1.8391567981914465,1.9003659111592153,0.6106635924735845,5.378525375572764,2.831330488251473,0.07421517996465155,0.025854738632173864,3.398994456393393,3.9147505816315804,1.431816952233186
119,1548266473.85302,263402,2813,0.01852157547355208,2.190468042915804,3.3655757653014993,0.03885999361165766,0.013573697661088284,2.020045411004994,0.3129136834894718,0.787179656239988,5.211229423907746,3.7730638152834444,0.08925730119147993,0.0313030209092857,4.111616802897929,-2.0883904865045726,2.42696200023949,2.296097579987226,3.456941693986224,0.039229206313442504,0.01369584994883779,2.243848631922313,-0.009343231430665297,0.4869498104219679,2.149244877045918,3.361732216220651,0.039074814501576745,0.013645047563614817,1.9822061219552658,0.29245668275671,0.7849895125133839,8.367005942090815,3.9497480685632778,0.11384064098664441,0.03553728042355184,7.657519943020669,3.3400439789047724,-0.46182569894467007
120,1548266473.88639,264536,5957,0.03343386553961074,3.7627849524658115,3.48543048921813,0.06342581426218295,0.022071671171856586,-2.7166756412083535,2.5608984588016424,-0.46906624550877324,4.8768585459737075,4.39474601148781,0.11995186646478469,0.04193440000030559,1.713629870768132,-3.2699087687233415,3.186678299997379,2.9856653204089096,3.1896159017879193,0.06462264832198455,0.022631260107520937,-2.4616061947575836,1.687480609401797,0.08427063733274402,3.6731086058267435,3.4863669951321863,0.06367506718808119,0.022194677377700082,-2.6876916184352724,2.5301527757001105,-0.45953865745490075,13.186976538183606,3.0280809484437015,0.1971134200578884,0.061987965858515334,-13.029256370586296,1.9193210695786598,0.6715916021010934
121,1548266473.91976,265676,29402,0.02395830701134504,1.1578765426192807,2.549131498643207,0.03845287754410191,0.013953358908734281,-1.1019752709976822,0.3502007444310111,-0.060729141748667274,3.5026038883610737,2.0561920825410205,0.08203577976832441,0.029773278184321537,-1.805535675957071,2.503876498623205,-1.6549554076321078,2.7020558704422797,2.7184295677290464,0.04216254777767272,0.015132992479402385,-2.418875256692858,1.0627714380002093,-0.5662731585742095,1.6028125352152696,2.6369183346572296,0.04104055762420064,0.014860165095253992,-1.3897287626635488,0.28760254692649817,-0.24516297283313507,5.330839256607324,2.7978947314426863,0.07114755815505355,0.02502796361596158,3.3959795332202503,0.18365654009496946,4.105050604440248
122,1548266473.95313,263958,9290,0.028622640458512948,1.1923990834811395,3.444860296232381,0.05895466841475962,0.021099434186301905,0.71363089516016,0.19843839353497034,0.9344349756568567,4.09200503826537,2.161432709171293,0.11718254115669158,0.04132104686488573,0.25501314721141605,3.3298797913594487,-2.3646086574810767,1.1557094658747378,3.6559037747713727,0.06118497548168492,0.02211564941416088,0.5083242017825652,-0.9466846252391861,0.42551039438576754,1.1277003168428128,3.446580642493494,0.05981404345315218,0.021447292546006427,0.6162273394272586,0.24352267610385375,0.6934076042479282,9.289150864742982,2.9842706456967854,0.13134554029170253,0.04266753519313374,-6.147810198006187,-0.3026733913499936,-6.957092954346312
123,1548266473.98650,264787,6958,0.02563342038780398,1.955031886525815,2.9176718784284255,0.04296959768894102,0.015524813309859458,-0.45436371620487337,-0.671210686079388,1.7790951367540808,6.384693352317754,4.217659290956101,0.09383912453823497,0.03339591085425854,3.0085023898468437,-4.026082751151442,3.937496698956989,1.7902826637709957,2.8169055716100284,0.043955299438863504,0.016061342602062573,-0.5409697267371651,-0.3619811351543935,1.6677630013719653,1.9310398366359032,2.8910718048010167,0.043303248392682556,0.015654090423508047,-0.48574328621288865,-0.6303381381880706,1.7680421583729458,1.757117545849467,2.3189402547497675,0.07990512316348003,0.02702261326678411,-1.7342739671529364,0.1808387473934051,0.21691755168463062
124,1548266474.01987,264720,11865,0.01863775702024654,2.3632960922698647,3.1678736762920505,0.030658851416318845,0.011217739946750085,1.589705980458773,0.9299981359817022,1.4809141712139107,2.933737098294533,2.739789016176154,0.0657308820552405,0.02426686071169345,1.7304151552701155,0.09933034303464294,2.366983361849793,2.2734057629261817,3.4164198666167365,0.0320480512480863,0.011796041878838136,1.5161767583153944,0.9485645595924616,1.4034981570117413,2.5549305427216247,3.296442773014414,0.0314992511927871,0.011569146215042708,1.7720812373547448,1.1554784890379417,1.6096287663095818,0.707113231506829,2.797059241696922,0.05184223100161841,0.018323145404853157,0.6275421373513623,-0.08511036953839103,0.314573064672665
125,1548266474.05322,264907,25800,0.018387969677592507,5.935613786501652,4.1226852016891,0.032469731616439984,0.011857524894731969,5.586591301087982,0.9034526479085954,1.7903301288040443,4.335124303397901,2.826968421563118,0.07100045876187629,0.0259973755254028,3.657660298816496,1.2676587590694763,1.9513751907122299,6.136487878938419,4.302842227721562,0.03484092311216147,0.012713101638741005,5.534016278134635,-0.6606184852963287,2.5680207434099533,6.790751887396411,4.225216788632444,0.03405925128468846,0.012332804170086826,6.151818080962865,0.715738260624331,2.76563998711382,4.35099884902217,3.2040415943798797,0.055670723434355036,0.01948805468861143,3.624147337528003,2.381170076413975,-0.3560563540671502
126,1548266474.08658,263933,31298,0.03490551577376878,7.404112708748032,2.4449549840971088,0.054569508463177256,0.020238626518132536,3.9165520509862373,5.990347773648478,-1.8966387601502699,5.1736721686352505,2.9987312099960457,0.1128695530777137,0.04227231313988424,4.911404009831408,1.6098493586306697,0.2310398304175449,6.761639504814157,2.315996467630646,0.05940699846762159,0.022067870224781107,3.564114815901266,5.611805196624561,-1.2347051499342316,7.418123125133697,2.4472845014591282,0.05760794298244173,0.02138117917851083,3.9822218272158345,6.061435501478375,-1.730616444489215,6.605523348333242,1.8619514834550326,0.10968967794121576,0.03780616315309707,1.4559566418954477,6.276480226269884,-1.4556527510156017
128,1548266474.15332,264396,30823,0.027834407149712196,7.898726314807791,3.52752207951185,0.046254750375162364,0.01741990919843187,6.836374546791972,3.9487068540296035,0.24814236468518583,6.132201367054799,3.3321746454331698,0.09648102924565856,0.036329472524687274,5.894903308472002,1.0280659126805103,1.3405555076381546,7.972824391973212,3.475869014196158,0.05070907758326422,0.01902473726447375,6.819475667718043,4.039073570718963,0.8640399834290898,8.277984206914272,3.6146357847994928,0.04918294530774864,0.0184538981129055,7.224269863228635,3.8163802618535625,1.0548017312263507,7.673754377474846,3.8424260075782386,0.07726035227294308,0.027883107111166133,7.145439194828048,2.7721524015607137,0.3799684478356331
129,1548266474.18669,263651,18072,0.0370579037764229,7.570421933926757,2.0044867549519734,0.058719974973331646,0.02228838860975001,2.801050690681949,6.851893852374879,-1.5864910720507917,4.366596745893084,2.4283246983490363,0.11258456045978034,0.04325168000326936,3.468648098541213,2.611638017938821,-0.46367485697100097,7.0720438392561835,1.955071427029421,0.06191238672295973,0.02386364747241506,2.415382497892534,6.493026288685499,-1.4213870224800809,7.623655403620045,2.0209982302124265,0.06117399524897352,0.02332874752121018,2.6975005389201794,6.919281185729332,-1.7038089599222943,6.0323058106881655,1.857556677110729,0.10319016346791819,0.037627824845002746,1.6389519214246664,5.315049244827541,-2.335123448124059
130,1548266474.22006,262754,11092,0.038096227071314395,8.758372566603649,2.7647289859469506,0.05922631444312663,0.022758757873124126,4.243049073498035,7.558216322210614,-1.2565789278799355,5.213275739340803,3.3697885022540355,0.12138594175611177,0.04745619964387267,4.991510086819674,1.2454585150378454,0.8437440813994307,7.90798572234804,2.7755430217961874,0.0609829324434456,0.023447433724877467,4.006030481736296,6.716621825745791,-1.172582284607515,8.59406101664452,2.7130758842169413,0.06072173319120129,0.023362282350032862,4.068857934283266,7.479405554228783,-1.3496783280711366,12.250405578691883,4.851234450030916,0.13874524466401078,0.04907187895820035,10.244254418371067,6.622455507960166,-1.1272849237074745
131,1548266474.25343,262344,17106,0.04858072183698877,5.9754904341877415,3.423269486205007,0.07688902457788106,0.029694346059458362,5.172113319740617,2.984937826227522,0.2141866251356906,6.135792519460703,5.436493337294727,0.1365971566529835,0.053182461424794,4.9313584258724426,-3.3156013422144377,1.5285423307689618,5.609740650610826,3.1786109771961293,0.08064711586383741,0.031662049324439855,4.411243647331728,3.4635982831692314,-0.11664726236907212,5.563547624486986,3.575821331687786,0.07879715439111917,0.030818345916681863,5.0275220600754285,2.5547556633609423,0.0322674385209244,4.92778749636769,5.162326953422747,0.17312076328131665,0.0633896222920258,3.5455062188056643,-3.3930201085674327,0.4470903763504185
132,1548266474.28679,260935,64350,0.04048994812726471,8.71347611947506,2.8665941646764717,0.05581518920531551,0.02141001102327304,5.541720547058339,6.720719312949488,-0.21431607387530616,7.427130975171827,2.346374281034722,0.11188541563985638,0.04363769815932811,3.995430799305185,6.041219800674485,-1.6439192712109933,14.895153663753476,4.087019188137798,0.13452415410978671,0.0446693596662982,6.932816533808964,13.08918757163697,-1.5731580625855504,13.64486324829318,3.5891959234177127,0.07829910457031122,0.028704603009321015,6.618785104001994,12.028799882212347,-0.9999265709151599,6.869265730275219,3.486486319887982,0.12833510710726975,0.04436967938384861,6.2749389027611535,2.230413263142815,1.6844020052662037
133,1548266474.32017,262145,34030,0.03324723179815756,6.171045842821549,1.769538501494487,0.04483956728929492,0.01764067036167911,3.102003236284033,5.101209202231031,-1.5611045420989424,4.805260292021443,1.8142365058984424,0.09377358535202626,0.03689257999730844,2.3716254623553685,3.5426106359568976,-2.2171668909648536,7.027768375833029,2.383212099003591,0.04897406097331251,0.01928697409970687,2.7575391186033578,6.23896278589866,-1.691404655871166,6.85488450494822,2.001303367648695,0.048166443032393355,0.019068352913059146,2.87963523965779,6.089457932229227,-1.7301371326415214,6.257649799028344,3.0211093689297477,0.08392529527397388,0.033198978684078354,6.083354737034467,1.149184960615603,0.9112354673599427
134,1548266474.35354,262518,67091,0.030284903635199503,8.19502752547844,3.8208774660536085,0.04883495470353936,0.019466725672855893,6.90881982674692,4.28810217792986,1.0192470046711644,5.787270038435773,3.441934998719494,0.10023000759017746,0.03973483834270516,5.39351206349834,0.7757196726423905,1.9495592086802238,7.342069434840758,1.641127577553783,0.11513732989560718,0.039857339886974236,0.5761177200541303,7.234636447780231,-1.1109038784306937,9.044805496600024,3.870997556289889,0.061680953637846654,0.02366503542794121,6.562007499288185,6.071687169136097,0.9030442566045149,6.659075268671963,3.9645779521766844,0.09060334300039362,0.03347526870839548,5.691554757826637,3.0140236595430445,1.692675176226763
135,1548266474.38691,258900,49315,0.04781205748163391,6.8386889149175225,2.868879160326063,0.06760761916301478,0.02673430729891881,5.022169271769707,3.993524486499233,-2.3658495422234607,5.6385747589140145,3.4418692839683063,0.13358147159521672,0.05409641420969011,5.565676195125219,0.8617777310581374,0.2722369283014186,13.491912383202887,4.074321893801681,0.14460004201038287,0.04999515529466063,8.160142577780189,10.150993430215035,-3.521520303228928,7.983853415402078,2.8260999216855067,0.07901244239436025,0.03034122702398368,5.037008244550619,5.568671363816089,-2.8544782988686235,6.743828423253356,4.036453991538362,0.15247665541424313,0.05579179261905078,6.498509349856942,1.1137652383392398,1.4170832812396323
136,1548266474.42028,261924,67182,0.031829137166399714,9.097913792869942,4.419402597502307,0.04783368123455241,0.019418526418933865,8.620154087539134,2.401715769173605,1.6421754637304549,7.451395332012548,4.162066596513536,0.09868131248655435,0.039591539482364255,7.020532982703768,-0.5895245187811645,2.426493328748868,19.818934571899053,6.955328024096961,0.11437664699644653,0.03973745271721223,18.37049682649097,7.174609102945384,1.9595913178603956,10.972772311798714,4.346655820420082,0.06285333666210587,0.024391639024187336,9.048369855997048,3.723341513574757,1.591678709260774,6.7528546118867325,4.327330546977199,0.09751580743465596,0.036280197447866626,5.05082034503255,1.4960934981317584,4.225158398963649
137,1548266474.45365,258102,50549,0.04705792984284406,5.890892391765707,3.4482055154365856,0.06354940833764891,0.02531852341362303,5.7622655536856975,0.6600406183056815,-1.031142687680517,5.5961310037957785,3.4950948487431077,0.12304257941366217,0.0494280172571394,5.373127852555379,-0.5417448531846533,1.4672054408929578,9.722006488099087,4.47228082033725,0.13087939874550272,0.04616993140630735,8.998305590026831,1.6045341651197096,-3.3126087568706675,6.198855992954677,3.2246872313438777,0.07739766936809428,0.029894466902861835,5.557773945608412,1.7039147631101614,-1.9276048556500065,2.2433208195242966,2.3403139172817364,0.10680314626558071,0.03905217690018296,1.943293971037374,1.120669949452558,-0.013989490160720227
139,1548266474.52038,259900,52913,0.034608454141661575,3.1093225285902033,1.7891909271396162,0.04462377382644636,0.018272204756744476,2.4504313687462473,0.5598303452196165,-1.830263007994821,3.027211828020218,1.8249319286284276,0.09330504942664368,0.03758048631712363,2.9583577188793244,-0.054906255495070035,0.6396220461805094,10.90418946057755,2.336573234754045,0.09794319726063368,0.03514084658495832,9.804911214664227,4.318169278871716,-2.0294033467329027,5.438389618831819,1.290951773749086,0.06088629949659158,0.023977060938632225,2.953128687796055,2.0061813718893284,-2.5353347598354032,6.916371718470393,2.3449574161141045,0.09676789262085075,0.0359051257902199,6.734627237823643,1.4171629282085056,0.6874903275919505
140,1548266474.55375,257313,52364,0.04000775350333077,7.176276545197212,3.249633570877491,0.05029205872831346,0.02047742750466355,6.74962565254687,1.404467456849928,-1.9922273380009536,6.019564185492426,3.1668886188722265,0.0991355271634292,0.04078302002929413,5.994770132633906,0.4299536349450283,-0.3361902912653914,11.241581762464012,4.569432886289564,0.10572405698855332,0.03783553016997079,10.41846748473432,0.6460407942913766,-4.1726882322800725,7.880686424804573,3.1399555492513027,0.05973042670541745,0.02380969786045932,6.924362158344794,2.9404783562569694,-2.4401395614827877,5.318072431569401,3.2667074451488545,0.08357970440862363,0.031696639139717986,5.057305511877979,-1.225677482715785,-1.0969366687783726
141,1548266474.58711,258813,43514,0.05943581331616829,2.074141743720666,2.393029154948591,0.07316960095365614,0.03050381866084934,1.0176243879590952,-0.5092428118900684,-1.7341212000935167,3.456745002076543,3.5530147272487618,0.11997455366924024,0.049933389388190585,-1.729211162455562,-1.5475604800464324,-2.562024848751218,8.187603965510469,2.012055228894196,0.14340784034453552,0.0524006256200555,7.666466442475966,2.445037646228871,-1.511271613892167,3.6234751716845843,1.599485711040876,0.0951226896236041,0.037567040459226,2.4481700568358593,1.480530093233561,-2.1103159337508934,3.299502186051038,2.5070629286291344,0.11787639576752042,0.049015106612190065,-2.086538484156595,1.4155978040644408,-2.1281810747718364
142,1548266474.62048,260610,67493,0.03583325816104942,3.3916477627595767,2.3810042630535078,0.04247832401996808,0.017582757655794524,2.1461218914666893,-1.2501265481179094,2.3096794122324162,2.675506804227227,1.4430080230913185,0.07911324599677211,0.03209517958660502,1.8488840931853927,0.6165370364136127,1.8329883666195315,8.610093279885167,2.5637143926603043,0.09975101739024254,0.03572231429409725,8.245827733921914,-1.844949407098815,1.6541441763200861,2.625624610320965,2.185978864109244,0.05258178512749864,0.021846599256839728,2.18890408975762,-0.6946095627072388,1.4591723234126084,3.05044672788362,2.249032159675164,0.07694763249776014,0.031068495926586073,2.319489388271176,-1.0930531917213588,1.6524009614560986
143,1548266474.65385,257221,39483,0.03636195432657491,9.970479237855322,4.028895501178465,0.04508871451209237,0.018554418082879567,9.627365762760046,2.028400650287431,-1.6155109112764436,7.422562405560689,3.2493318151088353,0.09170469400237734,0.037739137077273145,7.26366369350234,1.4478054635095836,-0.487320994797701,12.172424337764411,4.404454144175884,0.07474896159248365,0.02782073975592794,11.126353223028397,4.341071415270747,-2.351016202097328,9.14646659845029,3.6426783591104517,0.052895461332618535,0.021199999576488493,8.49594598158584,2.2898338480271057,-2.2316812342924166,5.292686391891819,3.0831746700329945,0.07571663628015106,0.028974314912818447,5.137704296531252,0.4992762437661522,-1.169293392067152
144,1548266474.68722,258746,42607,0.023434199258409782,11.515467074606738,5.512265406497588,0.0299766703362039,0.012536092434074811,10.804518526804628,2.487483957423968,3.1113959747749567,9.79571502640315,4.59846549718913,0.06044526749306637,0.025171832977782995,8.61871489530118,3.7151407622118024,2.805622132249158,9.495677193394988,5.544061557262801,0.04856954346155663,0.0186494975355305,9.085765132257842,-2.3824728471953014,1.3930471833310072,10.61235303625952,5.287212205965262,0.03551396813938196,0.014585399814259856,10.027490887478699,1.971047406341019,2.591942044050182,10.42901537278062,5.581448325595081,0.04547517841085462,0.01787495522930143,9.081739565168213,4.20837685875041,2.928469281192278
145,1548266474.72060,260503,41882,0.037001044341797275,2.2255991356684133,2.162447930510145,0.04190148506502798,0.017693485903394358,2.1010691209506707,-0.6823759355292047,0.2704868652748326,3.265411051801765,2.0141585538214333,0.08312706928661087,0.034483756766920746,2.414681077743963,-1.5708055329337927,1.5377888696823576,4.597217627042309,2.0322725367170618,0.06653011956333449,0.025696215629929478,4.389479728496316,-1.2894363561443172,-0.451919801471114,2.2133749211209484,2.116624788788587,0.047865828610458155,0.02007605264084374,1.9935235379965,-0.7980562442464794,0.0060892595992171035,1.4845756896888738,1.9382012895398002,0.0707561646774091,0.028346375806816985,0.9683156948521654,0.1126656488942167,1.1196589414091276
146,1548266474.75397,258609,41411,0.033774782603930686,5.742074636186706,2.0943189868741756,0.04292579793686812,0.01797149097586814,5.444088491360374,-0.18423103361481588,1.8164197070141652,5.137190450362789,2.087905211118197,0.0835726984862624,0.03443007740449309,4.01781086518089,-1.2707110875810848,2.9382332968693152,11.474748710845823,2.688647538442618,0.06961631835875418,0.026586973729992632,11.356868278759242,0.5346571459473985,1.550981177273714,5.9230348969339826,1.9709555619004464,0.049421237243861695,0.020209870611088268,5.741238532206169,0.34347698712644303,1.447511319450281,8.628558599470956,2.9177912851128953,0.07279095829751951,0.02802151102713216,7.888923050231037,-2.082696926409091,2.80700732538477
147,1548266474.78734,258708,42897,0.018659656215707584,13.65993257832522,3.3321216583342483,0.02345112833046452,0.009755952920720738,10.484139803303528,-0.47301886472750865,8.743730541524553,10.524532338914625,2.3713693273601804,0.05327980906145472,0.021182516021778692,7.703836920948195,0.8656192019291328,7.118102348628234,11.975566544942618,3.2990471691395724,0.03970672644471334,0.015244706758544283,8.571759395431114,-2.6300592539498884,7.938634848631084,13.16354573281458,3.178452544127122,0.030371233528329912,0.012231476083802867,10.07847149662451,-0.6032106009117625,8.387861709960566,13.586705727411612,2.7791287189358447,0.0540692561091061,0.02079379305781386,9.412799671996083,2.156305226148635,9.557621180494339
148,1548266474.82071,258093,48075,0.035472738098617354,8.217964754056641,3.9258575784555503,0.039264515585919216,0.016838303657760328,7.801278319304567,2.526988063513576,-0.5378964682219585,6.36793906525046,3.5267098118126268,0.08082544052340794,0.03435040754098282,6.275980470505,-0.07435734107123217,1.075726758248371,12.981370535549216,5.477332125477838,0.06275372794386191,0.024578254089382853,12.460629527172587,3.041171672281145,-1.999991906857293,8.558485043008666,3.4939458160003225,0.045454082371991514,0.018815211362998796,6.9282976617819205,3.8764616417143403,-1.3203679738149363,12.261941285854164,5.66283823804858,0.08645921455879156,0.03269352308955509,12.220620120673024,0.3665598303787217,0.9366332551694033
149,1548266474.85408,257073,43724,0.05598759053112092,0.7121052773774805,1.9966769500897983,0.058863346782288425,0.025247459378493743,-0.1143879437746911,0.6710291966655966,0.20911513960060585,2.093143382143076,2.199482287858501,0.10707083647307719,0.04602070917324924,0.4077823341889528,-0.8340667193465696,1.875978543003948,1.9702064521387872,1.8100966066523867,0.09677024546363264,0.03743911055681677,1.753187174850819,-0.33753242716137793,-0.833138676693418,1.8782000295270092,1.6510184382119688,0.06822239792488431,0.028333371090369503,0.15116345308006676,1.7974164393524,-0.36327883154915624,2.9064096901577723,3.100188117528253,0.09538654202527043,0.040093967002533336,0.036779384816295876,-2.895270303426464,-0.25154409949821105
151,1548266474.92082,259874,42826,0.019072126113942947,16.489571888081286,7.437019576592307,0.02303959460992431,0.009836766332146751,13.87844527379994,6.410175837601365,6.180969468082854,12.47002701241285,5.729251257281444,0.05408955648859681,0.022091119379267946,10.52771858884064,4.338001150838769,5.084334865034654,10.73455072612735,6.249477618611797,0.044380348004626244,0.01689650604224085,9.398818419178069,0.1441089980159472,5.18382331988766,16.414696012837776,7.384052254307658,0.028617526148056703,0.011892981787150524,13.746280088974899,5.93729821236534,5.740717361710969,19.322910301538737,8.425642082159689,0.05029262821497631,0.01944621578461833,16.59134749028286,0.5838856043060524,9.887422747060056
152,1548266474.95418,260747,45070,0.027167192299414198,6.074694851662658,3.791721616893878,0.029637950834539073,0.012844397790261686,2.3293852156772124,4.05089244271843,3.8815141987796395,5.1833689870792945,3.5106321295223037,0.06229443024896242,0.026312784173929914,2.689540977502926,3.342940053714261,2.908338904567508,4.972404038127201,4.042647991992388,0.061685881829403,0.023500469638099486,4.136062071162997,-2.5994375328858466,0.9277483357543077,5.345514120968545,3.5038293363071737,0.032246022439097966,0.014209525963616333,1.98429597551345,3.4265406587240266,3.521626665256864,4.387506621621447,2.749080663526734,0.043892223330517746,0.019227346820077235,2.7279895993200856,-0.1650387152173493,3.4323533214476756
153,1548266474.98755,253494,46049,0.06434222364451817,2.829013255206673,1.9862482359510694,0.07567361295379027,0.031902810763145766,0.7320632819044096,2.2787700542795015,-1.5081798265264654,2.166112836656918,2.977503613146308,0.13963865304913817,0.05933459891779483,1.061302211150309,-1.17615629352848,1.477274115027639,11.139466259790352,3.4001693503195427,0.16119193449324995,0.05911793215896681,10.038750993300795,-2.946736226157448,-3.824648044063833,3.815239476787239,1.8972443580037373,0.08438952905656219,0.035437475020035594,0.7478739852528253,2.7112545942145676,-2.3009551755916693,6.661828350191702,2.858328185222702,0.12333593082836883,0.04862998448050856,6.156375208885102,-2.5396052634160866,-0.17148282967143294
155,1548266475.05429,259822,6668,0.048385781308395055,9.581837401804092,5.9328027352699,0.050835944751514615,0.022352470249993473,6.359070782304863,5.852094336657591,4.13845607142429,6.800575967729624,5.596987193779401,0.0840487825094463,0.036998800522953415,4.994913145817856,2.910408461762964,3.58164749023354,9.71261121994313,6.261129933278392,0.05151945640739676,0.022892946050048664,6.472470037621682,5.976611542717774,4.0892618880804665,9.630441080306213,5.979576420514801,0.05116468892702353,0.022521519654163605,6.395734738348295,5.874255271195381,4.165195107860845,8.393412241417096,6.185495984237625,0.07029749581993347,0.02965856616847687,5.534662028211031,5.167779725494016,3.6209029256005056
156,1548266475.08766,257535,5618,0.04531584911516943,2.867550794288399,1.6879565425952345,0.041539936732450634,0.01802059688752465,2.4616727059053636,1.2845518893201522,-0.7161993371042877,2.956724753045907,2.2453279966523954,0.08215054145080253,0.035193116699049405,2.43484696956957,-0.8565919071879535,1.4422176689364077,2.9244719388873914,1.7141313674157679,0.042017922556085545,0.018262055948437845,2.528560792624145,1.2764128419539498,-0.7277957792119827,2.89061214556289,1.684626413151734,0.041749806378179884,0.018157426325474606,2.4616914584058422,1.3209123703399088,-0.7465943744933723,5.336442613030544,2.4858020041657323,0.07906687888173548,0.03115255617227218,5.299436730359758,-0.605702472553117,0.16344607008177772
157,1548266475.12103,259975,1021,0.025857956779756924,9.22958224026212,4.9627446549051175,0.026529053947263986,0.011615997884274707,8.404174401205713,1.7786316114129912,3.375131190748432,7.251159578541763,3.8282760492351633,0.05652520351870094,0.024099872702676665,6.648349472738421,1.8510139822790503,2.2254239504472304,9.224397292029183,4.949743239780595,0.026612266747594218,0.011675954683332334,8.395154568410229,1.8368304324829066,3.3521544021719585,9.223717095054727,4.960812480290934,0.026560739833853445,0.011626638258066736,8.399145358216156,1.7768298202027397,3.3742199314189287,8.716000771889775,5.007092243800971,0.039963170215133785,0.017531856901726397,8.106263196348454,2.219687152589602,2.308712929694459
158,1548266475.15439,258589,1740,0.025776721708552115,8.230407748687519,4.883138284743423,0.02373718538062014,0.010889260501122265,7.408048440096267,1.5700160097139964,3.224202187841908,7.232404844704241,4.293226117811731,0.05392276892365685,0.023816337285181184,6.473913286982651,0.42760657766837873,3.195822148534802,8.203768618042039,4.8444292518030165,0.02391260324152535,0.011045537712058797,7.3630965826006705,1.5745768635293662,3.2568905346209824,8.243585586394179,4.8974365142505585,0.023844308940194785,0.010922090764772978,7.427088326393765,1.5334435593805815,3.2332059268229507,13.039977108424852,6.675947408066962,0.0634607648073182,0.0240427139946535,12.726581535719701,2.300498267584464,1.6681825810634279
159,1548266475.18776,260569,2049,0.022814827642337367,6.705149342369012,3.847046615197408,0.020764522617254113,0.009585328382313288,5.906293834795493,-0.003306113480932759,3.1740683530985896,5.720622565751258,3.404755152331465,0.04641622051534741,0.020536889257642212,4.72806150926864,-0.0008776522548109542,3.220396890770046,6.532470903652478,3.7144534485253438,0.020921588461658543,0.009711169187918912,5.700832810402833,0.06589741632511172,3.188940091225051,6.676610706834905,3.8434410073291057,0.02083604233042495,0.009625164262609825,5.893060648189703,0.007234642427727973,3.1394066296162695,6.088495877057116,3.9028178361367845,0.03566292560100909,0.015750327417620974,4.932449595409867,0.021249124619343758,3.5693516930088913
160,1548266475.22112,256759,11571,0.04096900376752385,3.218116633042897,1.5379451579458345,0.03764485988152602,0.01689023818816691,1.9814416067537883,1.8318040851224835,-1.7534701641661592,2.4202057377408064,2.45611050749085,0.07692581118461381,0.0340357939961158,2.179864283633018,-1.036940611717325,0.17418864976205828,3.099049282833116,1.4698350675102074,0.03840730494702359,0.01747244528064172,1.7421810335265766,1.8581860473871883,-1.7652354848983454,3.1524853967513815,1.4873071263628306,0.03862397919306877,0.017351461952567537,1.9189927648750467,1.8863979422259582,-1.6525392116205273,5.210834928559068,3.118434705921713,0.07400034888244435,0.029778144394392816,5.014844956906484,-0.977685233906495,-1.0238468119215867
162,1548266475.28786,258750,1495,0.03639931214903612,5.169867298257432,3.968325804146555,0.03378663378045161,0.015597890954357783,4.8316120753240694,1.082988215661725,1.4866704947338087,4.811680779446565,3.719822608910616,0.06939792773714001,0.031481792052018794,4.304764409413327,-1.1561137581128118,1.8123675899348088,4.909120514366892,3.7400594151556517,0.03392861802036149,0.015711461113018993,4.53691340378379,1.197822209018623,1.4426028374873654,5.195871536793426,3.9796280731528793,0.03383319999982411,0.01563188080336933,4.86282663348601,1.0787573331471254,1.4792267896919138,3.2976307651590346,2.065933171509288,0.08913048286154159,0.03480588497319926,-0.531000742710589,2.782913232442134,-1.6875428336082723
163,1548266475.32123,260664,1685,0.025809740707378036,5.999411983734131,4.122457376368206,0.024386558770600447,0.01126981189438402,5.52635612763878,0.8724229866059721,2.165920181706501,5.4505648868075625,3.780966340114998,0.05562882905937697,0.024773033001316665,4.853744380196179,0.12078383685991698,2.4769405204338137,5.971894101759882,4.083111894472773,0.024453650627669257,0.011324576592929732,5.489956906895219,0.8536864856898249,2.189774350753636,5.999089423551582,4.127201501576989,0.024430926127820034,0.01128874546689481,5.5294691726556655,0.8735199638830791,2.165061548525707,7.564131943998454,5.196252947765414,0.05962974850200914,0.024717240746189622,5.873814057507818,3.520134461283935,3.2129509580014806
164,1548266475.35460,258798,46205,0.04457895459542331,2.758285225843223,3.102240136781605,0.04133219257535883,0.019355786715946295,2.4990397759812613,0.8610558999103869,-0.788365601988089,4.280839371197715,3.943443006740184,0.08326810711627188,0.03865892058151118,3.6133720432408776,-1.755564736148337,1.4788916986426388,2.6572356553614207,2.6553748657391916,0.043336104182258924,0.020959606186007843,1.7538383043226746,1.6657307181335466,-1.1001334942091812,2.6080793717953155,3.0502135809737263,0.044088334097085805,0.021361303079076376,2.2790237717101722,0.6475865687365212,-0.8520914469324026,2.5390939414050644,2.655701882812349,0.11934242552593205,0.04843568829636918,1.1140634438825385,2.1960561065011146,0.6190300989319084
165,1548266475.38797,259991,1250,0.03965594135763006,2.908454162754814,3.4566002391432464,0.03936292385982819,0.018541203196455927,2.8305577900536387,0.6529133765710142,0.1440567135093087,4.925741950082891,4.436075920837145,0.08231494889664182,0.038140402244665896,3.8823723341267584,-2.5182050485753953,1.687827642664657,2.954205883233292,3.4555032465341458,0.03941190038943868,0.018598810106255075,2.859183614477356,0.7367353642213265,0.09809415038657908,2.9012504592727355,3.4544320734527605,0.039417055159457114,0.018584382498744483,2.825922444583189,0.6557777459951706,0.15869442507135711,3.076616740027505,4.0039192257398515,0.12904824376014254,0.051087435810144986,2.8602362230497995,0.8722911664789053,0.7236901507234706
166,1548266475.42134,259211,7443,0.04028456180567941,2.7163563111594926,2.7420150407511947,0.04191443316441986,0.01963915382327106,1.6856272423048968,2.1204626337377386,0.20221431229665843,4.792999539393016,4.4034224664782515,0.08540214004804296,0.03953619095740531,3.7124519107121965,-2.3634627038350886,1.8985756352728096,2.463227391556928,2.585574972856206,0.04239391846457654,0.020054616844836348,1.3694470561943877,2.045641314219342,-0.08634556361410425,2.720675254641682,2.7244393920286303,0.04222801676571894,0.0198679385868655,1.6642832463362096,2.1502547784333563,0.13271409160918637,5.064064341611952,2.236999518394098,0.12503388535907023,0.05065153955912626,0.8948713605330036,4.926207501830339,0.7592315542665492
167,1548266475.45471,258457,13558,0.04527716125234213,5.177044365067996,2.856394239278178,0.04499538081028859,0.021343858438668574,2.6602282809040654,0.9659395302572445,-4.334966513739973,4.498611733828136,4.306036840349622,0.09227540538739443,0.04329618213748952,3.14889383114865,-2.998183254716726,-1.1545009064640803,5.167289527172001,2.8011433684909397,0.04573613227360929,0.022010171757239388,2.507220509813544,0.9532062944420879,-4.416573800246945,5.2535430967934245,2.766391938610113,0.04604926451604993,0.021894779056643596,2.578294266284596,1.2350707821772333,-4.43339197223788,9.896054455052429,2.89771015471257,0.1744843081782414,0.07000066511494092,6.675963580134305,6.345605948787874,-3.6189348152172265
168,1548266475.48807,259167,14836,0.04277915158913986,5.94930589482803,3.2407181398163516,0.04350714026735533,0.020487536747929323,5.045650339899912,2.926700268591855,-1.1705036589126168,6.339071097965737,4.728368444919455,0.09419621325771338,0.044529527252165704,4.924965373609491,-3.3326102498599184,2.195961606299315,5.677655055014358,3.0581623525697523,0.044255005045712545,0.021123298432331006,4.810961800619394,2.7138393354130455,-1.3135789044728023,5.958430893116502,3.052672645774612,0.04437045698937646,0.02095736223763381,4.879958990070426,3.092913191046083,-1.3969745604385295,6.539208764510731,3.025433035689805,0.12410191257565716,0.05159754775494199,3.781773585139808,4.652945419430627,2.609509291110552
169,1548266475.52144,256925,14945,0.04822374195405751,5.094340067320848,4.059708148686254,0.05093356839570827,0.0240694623857628,4.996133413684818,0.9872874136019616,0.12733890652830943,6.916230331103355,5.094290467762811,0.10006256430871717,0.04756836929226618,5.736876932065359,-2.797407087512889,2.6640192653100394,4.733047105864922,3.866708953135608,0.05205026000082121,0.024952466422422985,4.6524153478707815,0.8458008744378556,-0.20343848709836834,5.029038029004113,3.93301994414849,0.05198377959330121,0.024732744460343764,4.8806069486258,1.2353683385177479,0.15459412768454808,11.553703859366886,3.7121249560261984,0.140210685984705,0.056812667276583455,4.006800551978178,10.832499830368482,0.3009478886509062
170,1548266475.55483,255454,17269,0.048474135130769265,4.224165337152881,2.604595889510639,0.04761877360559655,0.022663030375960617,3.3043561468933236,-0.30807589255762974,-2.6134063010785433,4.002820790107627,3.3930162270151554,0.09217673226323489,0.042846032990848375,2.841448058440748,-2.7140111118614136,0.7634729160840783,4.184954886890534,2.6956902512728464,0.04878290925726855,0.02368896513517633,3.1749344867670612,-0.4353306615589251,-2.6914913384874204,4.1345478471373305,2.5166240961817206,0.04885874256796012,0.023434269268495435,3.2927899377026706,0.03087293716361051,-2.5755157445578316,7.003646800993011,3.1463563134817596,0.10267162694377564,0.042343509078823525,5.996471436434194,0.5266087643933073,-3.579955591114592
171,1548266475.58819,257280,1699,0.035308916656842104,3.4425639571136704,2.7264048374169474,0.03671352868132701,0.01713631064843232,2.4066680812479775,-1.9378783984543149,-1.517834858713046,4.614613930095023,3.422344891405667,0.07326480783680034,0.03329815311150173,2.077609534431873,-3.9005658708107847,1.3280761400352439,3.382263694150301,2.7265145152236823,0.03685761262885107,0.01729529593721924,2.3592562030882855,-1.9248955966638301,-1.4725470474320626,3.4341136943872215,2.715300933821675,0.03676700314058324,0.017158396969334376,2.4025686872765633,-1.9172767281573162,-1.5256658967536638,11.517765858593846,3.952148058135139,0.1223412647988865,0.049836023170662165,11.223066499667175,-0.6975881848766956,2.493006105439557
172,1548266475.62156,256248,3043,0.032895458042356905,8.824088072070618,5.143164801472012,0.039360316291980474,0.018036802287667818,5.855930207991281,-6.248170555382793,-2.1290787711218213,6.754344787282374,4.487373447538523,0.07830397238927095,0.034496474243333436,3.7179165314616496,-5.337838232803972,1.8181730310916255,8.718641189028952,4.983019389353638,0.0397113059802609,0.01836829835920212,5.856698843786445,-6.0540343988183665,-2.249988963116632,8.848863627237733,5.129542828334316,0.03952257254271885,0.018124382560263365,5.890411903724047,-6.204994278153967,-2.173146552215945,13.10433112090777,5.574430123842788,0.13393712292311158,0.05439848843982052,12.270231367593635,-2.73736422666794,3.697533421440805
174,1548266475.68829,258743,33235,0.03105509003835622,7.454895519988779,4.74132538437553,0.036318402950911106,0.016017701548330154,4.073474169746702,-5.759713158607031,-2.4099750481953546,5.794351580790431,3.883071752231941,0.0739808519815351,0.031993670922303714,3.237836372409363,-4.768730003320054,0.5917263072964187,5.9218023073331425,4.452600977748385,0.04605877390918175,0.01953645189354798,2.706559119347051,-4.902064779563363,-1.9266658240545607,7.545457727724045,4.318399528560205,0.041548635798789826,0.018209915295614457,5.776623093615296,-4.769532535708262,-1.8725264243624706,8.787830450417767,3.00107962456142,0.08425150503762589,0.03407606592353844,8.425538145874743,0.7470394170966689,2.382898043770066
175,1548266475.72166,258709,35430,0.034794767287481404,8.102264575958849,3.9458908237156023,0.0359906789575535,0.016118797717285676,6.945725944022072,-2.3859612135543227,-3.422100445163862,6.374040033971682,3.6382997385128872,0.07147069786977102,0.0314581657315708,5.502028384809955,-3.1935380819877106,0.3967171868139049,9.245738028452593,2.893671241052538,0.05869092792677632,0.023732978043964816,7.87286582191369,4.78178223258173,-0.7976303160508554,8.257922203891624,3.928612385832409,0.039747566483615944,0.01819702403836082,6.958397281534401,-2.387043134299013,-3.29114502305859,9.643986211795271,5.233817032360009,0.1025864270084625,0.043924353846071525,9.111495190831732,-3.080636763247339,0.7048422331816296
176,1548266475.75504,256483,29908,0.03404872736492505,3.5747416085890604,5.559832415309454,0.03792064670752028,0.017094537033290495,-3.2617510052431538,-1.4530609766079594,0.16843914697095377,4.066706152604907,3.807311153600745,0.0757849130430761,0.03308268670687259,-0.8335550850911871,-2.9557782625944022,2.6658318990753425,1.6021264370233625,4.504362868663684,0.05553441670676066,0.023179938741967533,-0.28035724412640844,-1.404264379762376,0.7185057324792954,3.521382493848301,5.4819877694568415,0.0435019859513932,0.01906387856150326,-3.2987820978143674,-1.0114729007883503,0.3418509109330235,7.80013372209239,7.534741373779955,0.07110915853302062,0.03049894275695439,-6.008914731993165,-4.853774803319709,1.0843892220126123
177,1548266475.78837,257667,30102,0.03413004181148854,4.265920422049348,3.186802460313147,0.034971369092321895,0.015490272034540146,1.0353563645559052,3.472742464784757,-2.2508163005700754,5.064723600623063,3.196039367836125,0.07158804255623404,0.031184856193161865,1.1564049477324525,4.57459525741559,-1.8404431472878886,4.415331171310339,2.481354456445574,0.051333007644155396,0.02135569141754696,2.9161527844653055,2.3727490331731844,-2.3154404150346197,4.176530555076999,3.2649155282439186,0.03659286196734387,0.016148162339921494,0.9019726471094451,3.539332718864384,-1.9022336885892022,6.985423310988585,1.4060355790722947,0.09260909935078881,0.03561672729754747,6.5774274892711615,0.36798554686482404,-2.323396886969892
178,1548266475.82174,258279,32635,0.0537976428311866,4.9683675475884455,3.205064875055149,0.053000172857743603,0.023422832150621235,0.9437973946818641,-0.24233775616908562,-4.871877972369247,1.4365544697565884,3.0952273062970184,0.09745683534097892,0.041432291054989176,0.7711036906185226,0.665128196253762,-1.0132582718341578,6.624014125331176,3.566336339666316,0.09454863098222974,0.0371617741284207,2.0149614057228185,-3.041952548348463,-5.52847342036034,4.685911342742737,2.9049036847577367,0.05966577204485409,0.02587440182396009,1.737811839629222,-0.3680550094151305,-4.311496902652192,5.235615398413125,4.050260605870185,0.24248520809531393,0.10144247056171865,2.578887620218716,3.1545933278925506,-3.287787733111594
179,1548266475.85511,259179,30391,0.03698268926503159,8.95221961925476,5.00644798585577,0.045964317874526164,0.02050340755466675,8.600990247564246,1.5132812466854675,-1.9685483842427307,7.502308741119388,4.1783992019222715,0.08329442551665361,0.03724877945502173,4.941243714140635,4.1828523892508205,-3.791107080297357,12.69281471819341,4.894014485090025,0.07073817491291506,0.029078566308263668,11.125990660465357,-4.34354760776425,-4.295750396928388,8.981962637072055,5.181308994958788,0.04860188073936922,0.02148078423060716,8.732798561066973,1.6878302789026662,-1.3259607543357101,10.589029013482115,4.643805839372059,0.09214242184945258,0.04011928167600897,8.149375817767039,2.425009685162776,-6.311460786222674
180,1548266475.88848,258586,35737,0.03981313573391896,5.424436566242724,2.7044980359849218,0.039602144232228235,0.017702817046977133,1.9311544982101354,2.8380204711811996,-4.200094543029998,5.292755148030628,2.875848268723544,0.08032485758270154,0.03486731463756233,2.137577921309164,3.903689861378402,-2.864476069634339,5.91057234082175,2.619088716850392,0.043398781512733575,0.020305986875960233,2.52779460740592,2.6259949243901275,-4.652877655379941,5.765190727831664,2.635318167742297,0.04262329458122728,0.019223442487762726,1.9665619787774498,2.4659986812489216,-4.769372771175416,12.122687943708785,2.9666372363259548,0.1370424015222504,0.05262288782773394,10.98986269726337,2.408854191368716,-4.5144105219360355
181,1548266475.92185,259122,1814,0.03558774507564116,7.565410511196153,3.302981009207564,0.0399884029715646,0.01719235299608662,7.049920267852931,1.8488155220089475,-2.0287783480243653,5.919687169244188,3.152418020057346,0.07625838557277051,0.032114509135580505,3.686985117136847,3.386799508742692,-3.158864671888608,7.545660085104636,3.301566729431905,0.04011502081313344,0.01727600922744907,7.033240103884553,1.8455338379032171,-2.016066619485955,7.543780628033558,3.3080619699804177,0.04016385666758212,0.017273486377045025,7.027874817482537,1.8687447682169553,-2.013993125392461,7.940880893579632,3.181221116173077,0.11146997748571612,0.04751480211998408,5.997147013901679,0.8521079297774489,-5.134756969485374
182,1548266475.95522,259188,2577,0.041207223086253776,4.99668741555225,3.1626690263488584,0.04687377656076534,0.020335289627230198,4.846788253037953,1.0572541091670882,-0.5981157978191414,5.641344226776845,3.2752608764714486,0.08716819310669763,0.037473463230548135,3.3264147661266024,2.9872248814899307,-3.4403803563110307,5.18219434912721,3.183449938677023,0.04724195676924428,0.020531404459516046,5.0054681398281025,1.0124872007817136,-0.8805093080399548,5.02414508340924,3.1586191880647876,0.04704562252828334,0.02039224624605248,4.880611606774279,1.0369386272906076,-0.5867887848525726,6.038579321895909,1.6630894043443363,0.0990299919326316,0.03895691804935755,5.0241386066626275,-2.8837072322219623,-1.7049058879309804
183,1548266475.98859,259134,1954,0.034531413763727946,5.633208047638146,3.6931720374679493,0.034725301282899045,0.015445292489371086,2.350336438538645,4.0870862413217965,-3.0829657133433566,6.382987934919743,3.841721041968079,0.0701506715750378,0.030268223402598327,2.1418962717506114,4.91036302728467,-3.4703242324986827,5.643099859825035,3.67204599360513,0.03495468502762039,0.015603702474635047,2.4297327229404253,4.055051237167391,-3.081807000280361,5.647490713506029,3.6986182735216904,0.034839368158663814,0.015495469886944325,2.363022555845036,4.102840636045668,-3.079401650515758,6.277317582589433,3.760328469229092,0.11730819181936124,0.04758903978251602,1.4709980406956906,4.256015287297863,-4.3734671224604815
185,1548266476.05533,259627,9456,0.03012751620479273,8.664936969490073,3.8502372957570308,0.033767872142522255,0.014129478959723173,7.418881597741119,2.592903477786079,-3.649408181995935,6.84150664598605,3.4990105165147765,0.06448989865726612,0.026509013071043076,4.296846188347229,3.7385304264138193,-3.7903451388409586,7.830739541438581,3.6314318281837266,0.0349551162731141,0.014855342727689779,6.762373615448989,2.622703103691174,-2.951645859654873,8.450548261207635,3.832827532197906,0.034546764235532226,0.014593873013621105,7.302100395152502,2.6353852465314995,-3.320660370837936,11.841120321533538,4.127621312280323,0.11160518090518706,0.0408479639725694,11.558858707331064,-0.2516836227090524,-2.5576495473483867
186,1548266476.08869,260493,4015,0.04632328344266779,1.5489590089061158,3.101739836097249,0.04809495077974796,0.021364788028316296,-0.12472801423817025,1.3986373297661288,-0.6538582059745772,5.153032012327901,3.4022059771326987,0.0880348178886872,0.03823160907518916,0.879859872017233,3.60125783034601,-3.5791797335509012,1.744429415172679,3.1134195647481815,0.04876040959298894,0.021643663250055494,-0.2708948155903543,1.515976581250136,-0.8194296727035896,1.5540762348788142,3.109101847000006,0.04837423946798078,0.021516412662086946,-0.1799224377149037,1.40420528455093,-0.678916797061076,5.104389411438682,4.04946504051955,0.09915145686654193,0.04292646582809744,2.1420364390566795,2.9100234580463575,-3.6053064545168185
187,1548266476.12206,260723,26999,0.025252669128491737,8.164981848435808,4.637519319135226,0.030624892247608042,0.012779645804404586,4.758072808552435,5.146350048859523,-4.1884069654707305,6.796810862536986,4.2868482385378215,0.06420009584975436,0.0266279231732205,0.7324344782455388,5.584215404549883,-3.804827979260789,8.278395233311336,4.7632325674868214,0.0325415559212169,0.013787429243060917,4.102238994446139,5.302887941380317,-4.856216876594435,8.227527167406619,4.638313221034938,0.0319653506054148,0.013358881163426279,4.811985959089711,5.212873288400823,-4.16882368005519,9.408430060867401,2.120979719960476,0.07850683677840631,0.030850443570777417,7.58741024559809,-2.0368945310343536,-5.176951095448828
188,1548266476.15543,260159,32569,0.03183187927329909,8.490784744470744,3.7884169384414945,0.036284533276292455,0.014911741812678325,7.6965096842614384,2.142454904361041,-2.8752480310029513,6.49550646538163,3.205119099518629,0.06813260785674934,0.027329764008424448,4.200034024185464,3.251043060354889,-3.7392562705994536,8.46817527187453,3.7803976585846613,0.03960501511279062,0.01650855158945361,7.605046450515088,2.553834609800534,-2.7113077483900834,8.708470893303993,3.7900289334891197,0.038636391372534745,0.016055305713192816,7.799703364266838,2.5286599037739514,-2.875174795365266,14.733456354434695,4.622969691567264,0.13175684665828596,0.052738567613840666,12.670670692670699,-6.318374657103781,-4.07516650437705
189,1548266476.18881,259343,33525,0.03297449652176058,10.458429553163457,7.526951229875699,0.03899503000754875,0.016960800926757707,9.804943243462729,3.5854818433592492,0.6214150480142312,7.9129358640676255,5.169915229555415,0.07760580683452716,0.03320704392412531,6.144206183184103,3.9648422293004497,-3.0237907441034566,11.01268314867538,7.3853799988791025,0.044738144806416566,0.01969154126384857,10.522148187094734,3.2498707229528225,-0.04390838224985709,10.675850177159187,7.594996503142413,0.041104430654758356,0.01801151207593507,9.913714864304557,3.5960988188438705,1.245212669692667,15.480386600460266,8.756164814294545,0.0890864447165121,0.03606256001397714,14.087890514674102,3.569064765552382,-5.332493492312739
190,1548266476.22217,259538,21833,0.0403750272385113,5.7746036258667095,3.9872753173617714,0.04304415823024899,0.01881668066102273,2.7827730401646855,4.3495516840662045,-2.5852700807541154,7.331240225466505,4.151096868555912,0.0849984919484613,0.03563608334916575,2.8256386275000063,4.948658163200709,-4.612334763876646,6.589727247626612,4.191609256145608,0.04530035945260066,0.01993130595020469,2.698832496285084,5.05151824732469,-3.2592900687195536,6.037955383116389,4.07047176740012,0.04472798040923056,0.019687698457948266,2.6178591438704384,4.676576027335268,-2.875223400753904,9.010108257242486,1.0131397280481294,0.1242646287450188,0.0470548360347852,4.498571940114972,-5.993644745505773,-5.002111951117293
191,1548266476.25554,260263,33957,0.03713309239121334,7.589376644650517,4.54551688449959,0.04229223778829403,0.01785861405249989,6.858418613479384,3.2433270100477425,-0.2038673160195426,6.782332469789345,3.8923425749797596,0.08167719256470155,0.03358436791676849,4.747769396650314,3.596307075591958,-3.244271089942511,7.681816917232219,4.58763305239999,0.04571016998047074,0.019472353872783458,6.65629710039543,3.826758335045873,-0.24482791160207382,7.710245465555672,4.584197171934671,0.04474404552921056,0.018832187296414844,6.917420351434302,3.365114712421566,0.3692601438733619,5.53938147671893,2.8622157218407205,0.08584243153970168,0.03404612173791014,4.879223845682767,-1.6219478473557345,-2.060875296759984
192,1548266476.28891,260517,30055,0.05179329448443747,7.973134663744011,5.194085250515232,0.06826069019775619,0.02821683774307365,6.912083570552197,2.616654238310689,2.9911699512113015,6.942165198992065,4.668374612145499,0.11911286410775043,0.04854921613043336,5.2641062134068175,3.533786388430804,-2.827577971517221,8.532294367040505,5.607201735303077,0.07243398665279856,0.030647204666862167,7.314602217966486,3.5050875916840094,2.6478297780208035,8.342551189141487,5.394124255478458,0.07299916667340543,0.0302569661233993,7.2659837953194355,3.1622199831483133,2.5864868774378973,19.775979308407077,7.278728326779676,0.18885163577901878,0.06874771277669249,14.007204150893664,-13.952493162873086,0.46424564802683316
193,1548266476.32228,259038,30180,0.02258029803078675,12.470560874839652,5.841847827000504,0.02843136852062028,0.011633328342335846,6.519330151943866,0.585783552046853,-10.614616362977442,9.178409480706616,5.268127764125773,0.06110376006559327,0.024063295082503572,3.424005132376634,1.2473499555115433,-8.423984065599182,12.745182635178924,5.047343217073731,0.02968069191008706,0.01238832458130751,6.424732089294887,0.6998971537829791,-10.985110011236912,12.677836122701603,5.656334863574898,0.02927729059196476,0.012011338014275178,6.517875891082791,0.5981481576601979,-10.84437709468877,11.001414813453815,6.290229946298449,0.1061407950458152,0.03736693973491481,-1.288348728874662,-3.7095318083410227,-10.276704686493346
194,1548266476.35564,259815,26465,0.047923077430212506,7.220101523255649,4.600018436086583,0.06383045628397913,0.02598295297324367,7.1965816408897005,0.25324417249819253,0.5243530120286948,7.2927915173853375,4.671139309180063,0.11501111234677439,0.04705648889110244,5.306490109656867,3.308296546929264,-3.752485148503228,6.947723942005574,4.351499127224203,0.06676545609633523,0.027605446051740427,6.844998895395198,0.7775549801061945,-0.901258203440078,7.03465645210834,4.51712600555341,0.06672020282267274,0.027170797216128716,6.981808745784077,0.5590801918321561,0.17334630532079087,10.124607515235068,4.319137941322841,0.15488803826677636,0.05733725599415538,7.5441644308371005,-6.737194886566266,-0.45107143389060134
195,1548266476.38901,260108,23936,0.021803128376560864,11.61190526555467,6.2174704400382685,0.026020381355507632,0.010440784869507091,9.350593259134202,-1.0596090966941116,-6.802938935537596,7.3886934384503915,4.833076447235651,0.056908527641604534,0.022267924749586804,5.173825277825376,-1.0517358342921712,-5.168962609344431,11.99999682063292,5.4747679072692215,0.027641329502685524,0.011228261570154708,9.295411808982104,-0.9361920341736999,-7.5311876534704645,11.717031800569654,5.9604283836327525,0.026921780390853994,0.010933486147496937,9.28835106793286,-1.1617940618071043,-7.070447538595605,10.777671004706484,6.356321585713231,0.0779068782826189,0.02859928076096075,-3.8593184707036063,-6.399750284762779,-7.765761361261083
197,1548266476.45575,260694,23082,0.03699712502027474,6.582708891545837,4.945870154985832,0.04577710161109958,0.018636620323437377,5.827571130393614,1.3532152456663133,-2.745956949760099,7.219639301165135,4.521183419531604,0.0917931706815147,0.03678700717903375,5.213987133640894,2.428691402080067,-4.363368868502613,7.468043312722694,5.303609820328881,0.0484068093364292,0.019700631314878748,5.569369049408769,3.1452074781447332,-3.8550576171585638,6.406219343660354,4.849585435021178,0.04799675713073499,0.01941544721118773,5.735581256069372,1.372510851886898,-2.167714763666028,12.390978286443238,4.826792078166417,0.15421675989107816,0.055447948634782425,9.010859973563273,-7.974962416086363,-2.9564708511928544
198,1548266476.48912,261849,25339,0.04577802188956997,3.2224826905032424,2.3717280744506906,0.05445968997352937,0.022247885106592796,2.4972603056859515,-0.9589372851328771,-1.796809655867953,4.555660324530092,3.1622893757660577,0.10085045171750366,0.0406376722215622,2.0121870582740002,2.012775675748547,-3.557229021883077,3.486784902541871,3.1290204725436417,0.05914484606017843,0.02376396709038691,2.238792830555111,1.264454366243171,-2.355128610954727,3.1919707113199918,2.3424214728803863,0.055917209843284854,0.022873814421180187,2.280455936768324,-0.9873040295545266,-1.9155960437982036,5.506175890510379,0.6582763117610473,0.13604164248805498,0.050140066205492315,1.154784074927426,-5.364220437980993,-0.457805384720169
199,1548266476.52250,264223,24373,0.06661782459968904,3.75899965543933,2.6604784965697585,0.08032898967771245,0.0327857528873872,3.0854435421605677,-1.6673766400185717,1.3527644651058193,5.2581124638903916,3.6147585819679793,0.13462281581087385,0.05463574385973439,3.8556147712439834,1.5967343916636272,-3.1988155153374014,3.25042931376369,3.409937934270035,0.08664980901082682,0.0352055695078792,2.7865070132758034,0.807456985700165,1.46583853305303,3.740299477875581,2.725635769831462,0.08349618371153952,0.03416497238716469,2.9509103325816337,-1.6034932101555512,1.7109153285667524,5.5434654801718475,4.7316267880130045,0.1179441918956207,0.04962600987232997,5.133395793709924,1.1903159815459123,1.7208733303339174
200,1548266476.55587,262728,25643,0.03595424554385421,5.133311762562891,5.358063326952994,0.051367763514861275,0.020465510755632164,4.870355434910089,-0.6765681951655376,-1.474036317937496,6.585284091904917,4.647647190945577,0.10330084176082745,0.04036848554503834,5.110057800155024,1.435385589954126,-3.8978127274566194,5.644841841872613,6.1994669702786,0.05634641740478252,0.022221113664119416,4.729168608856529,2.291566151311536,-2.0610502815130505,5.611001368709083,6.13735847618573,0.055172927767069446,0.022153986772505484,4.68264228263817,1.5134460185251104,-2.145690286655833,16.632637502570034,9.37280418540883,0.14959119931533182,0.055643658116785066,15.580492186530275,1.6252734695963909,-5.590293343501241
201,1548266476.58925,262608,24836,0.04294156760022687,3.5349189605455207,4.002298297547699,0.05490890771128159,0.02246825495241019,2.5635205385778788,0.3679771438048002,-2.405952478240348,5.109572062556708,4.3549115105506795,0.10442162421042295,0.042340579466339665,2.479826612671102,2.774991821099142,-3.5010865493987793,4.580236314032477,4.873151821566201,0.0606057039800499,0.02414901321055752,2.756348872657164,3.0919431374780544,-1.9547360996272005,4.748731739354314,4.746752670091224,0.058377172219680536,0.02394783267932605,2.717394989367321,2.167501648869463,-2.71585949412418,3.9476332327936157,5.0384906933836495,0.13513605719009103,0.04962669022949772,1.7663659810988113,1.3275840653390567,-3.27128108100347
202,1548266476.62262,263814,25754,0.04028639535254591,4.590113049024223,3.4282085707819254,0.046752737730635686,0.018711068318331445,3.5556563042385965,-1.278094708814469,-2.606323073652081,5.6499257074384275,3.2946722047093977,0.09249193694049809,0.03675880124633827,3.5350534582448345,0.05121652017942304,-4.4070891090362085,3.964408327944262,3.8724971019288157,0.052138423396797424,0.02040548952476981,3.6531963048622424,0.6363760151890513,-1.4020398411267707,4.343899141442622,3.593034302032825,0.05059799156456362,0.020237695216297057,3.513579114579259,-0.8148213895201228,-2.5661219223719485,4.911002150897822,4.320089953361288,0.0666700863286069,0.02701067304953498,4.887870418393805,-0.21625631087876138,0.42414396980141794
203,1548266476.65599,264471,24158,0.055247935066508054,2.591050454495371,4.549274429832543,0.07895284551194012,0.030580852976674965,2.210094010758717,0.28124602316598407,1.3228482890348519,4.7006880192303955,4.626971538792538,0.14262035089943847,0.05487921058358479,3.4576293533769404,2.368496491869949,-2.1287300150094395,6.637051965458886,6.2620047850799105,0.08568820190189905,0.032967397303416836,3.473277920966997,4.555697031979682,3.351480841171012,2.461403803569355,4.6687135967290185,0.08306030724373162,0.03243978705810348,1.9253046137763268,0.5341671697175384,1.1132119874715756,17.395413864265336,9.014811219965111,0.20918686174335077,0.07337386461475022,16.884360067471324,4.127621015278549,0.6939404695542915
204,1548266476.68936,263591,16581,0.041593136721823895,4.552654854224267,6.369730001073121,0.06091782745429763,0.023675422571165537,3.8477919628247346,1.8423653691617503,-1.5896078381244358,6.153386663682236,5.235826341660681,0.11836203733751449,0.04530072480109059,3.773548563063477,2.1113134859118277,-4.377996578252524,4.890359967298002,6.745276129662357,0.06346405115019005,0.02487354646373939,3.7760076997065135,2.385706176200075,-1.9914297633481464,5.1501521599733575,6.619287991335005,0.06288487423427765,0.024451714317324312,3.819804747036777,2.3312007340262384,-2.533267595831634,11.5928477024177,9.061898863302527,0.15941938965752306,0.055912185790447565,11.396888508801762,1.738890624291863,1.2170906154200465
205,1548266476.72273,261426,14675,0.031312256497449606,11.283192532959186,8.36580710811929,0.039954304538384076,0.01592007673117961,7.028112871798002,7.2300152460694935,5.063886130107574,5.456871685925229,5.306781211839077,0.08707708287970654,0.03370776410878893,4.011677754633375,3.539756893135443,-1.074249192288405,11.29528095889639,8.342423312352842,0.04098665769950056,0.016552617109294496,6.901210341538191,7.687381701263234,4.5673657989411,11.37335191307072,8.383022244429322,0.04090801933509627,0.016302950975644798,7.00332930030606,7.413206728445015,4.927355731130692,5.353831475340237,5.469356968410404,0.10244962907565945,0.03438451614426276,3.6716254614157084,-1.3116372795953601,3.669098742770952
206,1548266476.75610,261630,20980,0.02920907707565145,7.273535112943097,5.354454857398068,0.03352884356966948,0.013034694341664464,4.683196453363675,4.077417182427255,3.7876976039363335,3.0073916002889267,3.357384630353526,0.07262915836171309,0.02777326044540775,2.5593800157217848,1.259591575711578,-0.9525792539252433,3.3285166182020607,4.282210769397338,0.03649575774861762,0.014019312980294987,2.7557885028591045,1.7778816928068493,-0.5690248602118468,6.9581308816229175,5.312277801033234,0.034679201306631706,0.013501849639183001,4.3882629136862406,3.871603087583246,3.606933313936298,3.604852979088872,3.7811278221455966,0.05437945929738567,0.01931615452141475,3.0853343684529015,-1.1610265829353157,1.4586617529114816
208,1548266476.82284,262353,20708,0.029585828152984935,6.048491044254029,7.161092558221317,0.04087098306958131,0.015855283165278938,3.805447186993763,3.225967028680663,3.419934553363222,3.369421855423962,4.837507324938639,0.08533485006220198,0.03223656201102601,2.163811863604762,2.000163368947491,-1.6340955774533408,3.0451275205617923,6.729750664267317,0.04442032620053145,0.017151303756513223,2.17578373835544,2.1280635271316215,0.10056025498653834,5.265976936394105,6.914611299680022,0.04277879508486306,0.016811337146383172,3.2801128936395934,3.3113345742881917,2.2564883937415026,2.337579116413735,5.430305646050265,0.08237638861960644,0.02954208582316881,-0.03897722996085021,-0.7260972830645818,2.2216074442989315
209,1548266476.85621,263409,7237,0.022661227628945447,3.452429399557083,6.428626047417526,0.028448442030571747,0.010727547619177005,2.468871549511074,0.8771611848290901,2.2482282550422004,2.186562272953697,4.508657188770128,0.06357983420946624,0.02334232853443172,1.3439579842173186,0.3050655068263776,-1.6975766688747005,1.4239036157950693,6.063592722607005,0.02945438307902311,0.010889346326033963,1.4104369534559458,0.043456745481037326,-0.19047471924740622,3.491595069631158,6.470234149511068,0.028784946415771354,0.010926078807140915,2.5478501200713177,0.9142361902921228,2.180975237937917,0.5828938334718794,5.935661799827271,0.041653785735751854,0.01480674979168391,0.034572202189010894,-0.11261645508116393,-0.5708655866141323
210,1548266476.88957,262937,18639,0.03044405346706212,5.45467142382938,5.053934259874837,0.04171496190203569,0.015487936665429124,2.4018974761362273,1.1474427695679532,4.76106122063532,1.8772768573597345,3.6024953950417915,0.08698939514322611,0.031939101126153537,1.6649474058192955,0.7842943500101678,-0.3701363364709919,3.3038979386034555,4.993866360880267,0.0447678649236931,0.01658342409799266,1.511303920537888,0.7298912679497987,2.8458673169080826,4.840621002909632,5.054571751064961,0.0433715338541067,0.01621485503237321,2.0344801479897496,1.272636010077179,4.110210957435479,5.782644095801568,3.263057158620612,0.15424840190033673,0.04892877217987839,-2.103160145671024,-4.19694789169927,3.3765838557232413
211,1548266476.92291,263424,17319,0.02130606980699252,1.8297189383242396,4.851242519512216,0.028477129890550144,0.010457139911084124,0.001084916159293851,1.188196770796158,-1.3914232462083174,4.143839529906434,3.3083396248285566,0.064062206783322,0.023175010092393106,-0.8019460811901045,0.5487779829051231,-4.028291357133641,2.853911425660075,4.34827746778634,0.030493983815072408,0.011224691104948168,-0.6556799223176029,0.9489248451290299,-2.6104474526945665,2.4233946857278195,4.788631614978117,0.029498221330063887,0.010913066158836852,-0.030386472787893866,1.6726960442221872,-1.7400855736056466,2.652718538417086,5.005019584156931,0.04068242453494447,0.01386410880621155,-0.5809939022540187,1.4566880934506043,-2.139490950671344
212,1548266476.95627,266303,4952,0.02575415036162383,1.2474265878523987,3.589878650426492,0.03418343803732844,0.012010010884485276,-0.1140762365776872,-0.9271036023628251,-0.8267639414096521,3.399936272956378,3.035136593632579,0.07051179517798285,0.024668879201492407,0.6057291314975185,-2.2023143917907286,-2.518426135333573,1.093007231403822,3.5910510341361572,0.034822578166613764,0.012207026971978226,-0.18679865317207187,-0.7999270328444926,-0.7210324633459674,1.1713028217266068,3.585320416570423,0.034403289607027716,0.012088887962055211,-0.10573882593066346,-0.8946175057870299,-0.7809944903696491,4.415549967691057,3.2444966183100377,0.05565488559493989,0.018734351111862658,-0.5609028256014357,-2.479795178382158,-3.610136480893959
213,1548266476.98963,266088,3147,0.02215736328182562,4.242593409266579,6.0734545262228705,0.036440800447107353,0.013019438893864348,-2.938217796005916,-3.005931500856945,-0.5751963419061912,5.491587248657059,4.2799882716331625,0.07879368154523213,0.02807538130103377,-4.094709239571819,-1.6427633498551415,-3.269895308622388,4.250174107712551,6.004177608622612,0.0367827389429812,0.013189842659679709,-3.0624219170530136,-2.9311444101650745,-0.30650349848176905,4.207408465409691,6.054023849357991,0.036596929331774594,0.013088687203794264,-2.9373490259842248,-2.9272733724641316,-0.488313617812095,7.932635022229836,6.986279344987874,0.07818397184061873,0.025639725262740616,-7.921095418056556,0.21234670028976496,-0.37128783016257694
214,1548266477.02300,266659,54804,0.023897253036525474,2.1068828965108266,4.808360759493535,0.03864718691312175,0.013575476270603161,-1.5591329173722446,-1.2709257035236157,-0.6267439203527757,3.474334933922467,3.41679240455882,0.08139994048494074,0.028592953595096064,-0.9545746823973853,-1.9547695080376513,-2.7089973383608563,7.809243480850819,5.157882034867349,0.10540182458830814,0.032871598149603054,1.179550218298936,-5.563430683464637,-5.351745888586839,4.983996949341944,4.67465739140977,0.05074402300742015,0.01751322343953792,-3.2197231012827503,-0.6190356272589443,-1.9618027440314005,3.221564312818685,6.16410059567064,0.05683697582770111,0.01917954588836048,3.211165845560837,0.21447999075200674,0.14452981525449804
215,1548266477.05637,266375,54995,0.02705438639188941,5.057963004001242,5.229438693615446,0.04533366219665827,0.01586288238638662,-4.518056159658449,-2.0394285182060563,1.005430060792624,5.608068093450412,3.444672683868571,0.09555555944266717,0.03354284496090707,-4.943964788120587,-1.7967484781271246,-1.9440511364025808,9.681713274764167,4.707514675663437,0.12406462988732843,0.03824742457815063,-8.914258352251775,-3.2143528681992226,-1.9848187833536903,6.59049254121083,4.713070893896735,0.05550954239079865,0.019585558730253597,-5.839942748104592,-2.533796057390626,0.5446226325460727,4.437890754791247,6.119766907013229,0.07287190193951414,0.025285786885629637,-4.100811430293315,-0.9542501809999882,1.4027211257761831
216,1548266477.08974,265412,52618,0.022116286143512274,5.015452594503046,6.7968249058906505,0.040070429674148866,0.013982093768786442,-3.2993158074400726,-0.17119439914803083,3.7735887969125286,2.69140001465188,4.444581747459831,0.08538077299291338,0.030084717071808886,-2.5822348188519317,-0.7526745654921062,-0.09580384980855264,6.527684041025594,8.710112089219965,0.09532925293696026,0.029595999684170756,6.524807311220912,-0.03180964127604182,0.19114559273038595,5.470816083534114,6.806642919411562,0.04826417526317606,0.016648556418517486,-4.7219696813906165,1.9469548883049106,2.2360714329478126,3.6829356641544546,7.02651767809971,0.08445176341669966,0.02849554314584631,-0.1389428002481748,-1.3255411264040708,3.4333148307097376
217,1548266477.12311,263846,50054,0.01722356370015844,5.555888352449244,4.347928609513547,0.02616749381536025,0.00920555323109365,-4.350765340397717,-0.6022244817127412,3.402361240565284,4.257799904813066,3.1154828022758583,0.06305287525434312,0.021968680977335682,-4.156380207194544,-0.9192212701255692,0.09162892128761425,8.73335087613503,4.446234781249077,0.059528656768784376,0.018675937123253415,-3.3688120385516513,6.9537628723864096,4.070344566399544,6.519873283020879,4.288589894587369,0.02934518959750705,0.010300870047548991,-5.268656535367951,0.9056959332234453,3.123027831854182,7.406502182616387,4.602891191060417,0.05002235831202918,0.01725763571804385,-6.707518823151615,1.7769393630552646,2.589971489841701
218,1548266477.15647,266675,48937,0.022844736822731273,3.903532005953289,3.630212648170374,0.03064524608763208,0.010540502472566627,-3.4551210419937095,-0.7423011969658824,1.657917259593201,3.28133871840406,2.6111806761648966,0.07185267906831082,0.024650701600190394,-2.9632095255739967,-1.385811679164766,-0.25709741798715247,10.446243730283697,4.109876323471201,0.0724280577678607,0.022276399786471408,-10.266449919732809,1.858785125040569,0.5185865183723639,4.857684294404699,3.599876462702959,0.03513837669410917,0.0120026749929888,-4.340702078007033,-0.8882268657600787,1.350509535991817,11.31144130924538,4.615477344919804,0.06160617238942258,0.0191755025603564,-11.0715965654951,-0.3067664994835381,-2.2965949355980357
220,1548266477.22322,266557,47790,0.03211050718375587,10.852912609220427,9.13934497661524,0.058254591141296774,0.02087587862800845,-3.1291461008708015,5.145758278697535,9.028583970922382,5.138901866337685,4.9956282274431345,0.12324058774646751,0.04423711260160571,-4.082553172598879,0.1637626505030896,3.1167697667700733,14.838740649767946,10.977592277813542,0.1314060151299601,0.041028364723940565,6.663141349762018,10.075209402287246,8.618638345134913,12.034090100165596,9.477602818362083,0.0722792395336975,0.025332704205298,-1.8620455696556706,6.921093005291715,9.063733001526401,10.809971089151786,6.343770838839517,0.0952163034053842,0.03518614097680987,-10.29728314683567,1.8366452814560617,2.7291333518713743
221,1548266477.25659,266419,46807,0.027517681303483987,6.8364853340514955,5.876194180797376,0.04645398133424217,0.01619995255978778,-4.5212889590839325,2.359414151978145,4.552871921173731,3.258297853044978,3.5984182958287603,0.09369435367035264,0.032834273632593836,-2.484981386042164,0.5995293346498504,2.0203804065264013,8.233997323479176,7.551654243819475,0.101455572240885,0.031757483398431235,7.349775740386497,-3.55125288041543,-1.0807920560540047,6.943272986010228,5.99306363679737,0.051266107217007986,0.018241360857896044,-4.911600345518766,3.3281772257761135,3.240401816772981,9.129959581092551,6.597667059868518,0.08078923206048907,0.027112604101143113,-6.847964615330331,3.2026265482391416,5.119055164000604
222,1548266477.28995,266725,47050,0.03212042049914266,6.693601967569809,5.352927761551752,0.05432234860209075,0.01905042609285509,-4.881056878616281,2.3467012941125915,3.9335205712157397,3.828405437352929,3.831657041116107,0.10501896486916652,0.03708331048040543,-2.538261453758128,1.564309384752005,2.4014273118076983,2.932539104252689,5.735823057283985,0.11712182981895869,0.036878496355768856,2.4061182382003725,-1.6221752355858108,-0.42299896787441155,7.006771661200251,5.479666307303997,0.060054154007141855,0.0220626964042245,-5.345769274303292,2.920655325750923,3.228365475512598,6.57927652106458,5.753435311771558,0.13376770274817226,0.041652911487619695,-0.30461597738437424,-1.5813560283703976,6.379138010616356
223,1548266477.32331,266644,45267,0.029324547449378235,10.459579867537578,9.958425936931267,0.05237897479231246,0.018262234672352967,-2.236029501036238,8.139882633822873,6.176187641537604,6.21307420657209,6.039239442004009,0.10786277072409907,0.03824395021799064,0.2033253466307649,4.40753556594136,4.374309103704363,16.77216315878932,11.4478539129578,0.11205912980095932,0.035021050912950547,15.710152246569946,5.471536519889084,2.135149064155233,11.793591678040269,9.68142249128245,0.057036565859144336,0.020153723103679543,-2.9557861487290236,9.182633127793427,5.807701490041772,7.389455270029307,7.465287685737238,0.11186445066054206,0.03576579686576177,-1.8664018587479059,3.97014063635437,5.9463078138449905
224,1548266477.35668,265684,44720,0.02873816262709556,10.791499439799269,9.560011844068965,0.04915855515899323,0.017415226361900918,-4.940728176406168,6.512758524940957,7.044830845510984,5.148027903309555,6.566403563536904,0.09987524805233723,0.0355820911863779,-0.8231357174546737,2.2743941231538867,4.544421883635719,9.659037672539931,9.52983531614749,0.10317437758554972,0.03245536616319876,3.374785340110683,7.0656381073341725,5.655492092108943,12.105631117662575,8.811983318683179,0.05618677416935727,0.01992013409653534,-5.282001915083766,7.715067854055132,7.6025282413506305,9.036125905975203,7.923792823636056,0.09182003327582292,0.03416049936674462,-6.3529719711013986,4.9363228507045225,4.113883230798919
225,1548266477.39007,266275,41432,0.026749142049044678,7.11356716494987,4.8138059858614195,0.041569829849471544,0.014482835421257495,-6.328746578989834,1.7836882856193534,2.714454024094295,4.6598454720429165,3.203291240819591,0.08313377928520894,0.02949112592265313,-3.6436241490052046,1.371781340165558,2.5605426844476846,1.5017141964134268,4.616733965821907,0.08460376378575393,0.0267179375997382,-1.2682443579255416,-0.8019821848462539,-0.059383090934067816,6.942969605313648,5.1203776728556125,0.04483684301119162,0.015771698220015715,-6.068728781626535,2.278521951570667,2.4899305162905216,7.1339952464853225,5.412924717114874,0.09579620810149983,0.02960597682093124,-3.947036050652277,0.37726260199136646,5.930638036574577
226,1548266477.42342,266300,46168,0.026733695658885778,8.714353436587693,7.7910936832809545,0.045325136247394766,0.015927723451478467,-6.01254929796769,3.925739617995924,4.937385462871334,5.695458427491014,4.725128430218132,0.09672763255000189,0.034443774336767465,-3.2142864456343054,0.3618359515421642,4.68782295835301,4.995301298675538,7.392238249800059,0.09194430073331734,0.028761657131413355,-1.7323220403048092,3.668453033413169,2.9145407451029763,9.464288334128327,7.998073619506296,0.04909275576391887,0.01752319303880951,-5.709500991735111,4.344147277367517,6.221368138971519,17.391164690854183,7.244799481326709,0.17334916757203436,0.051175468437609374,-12.970225836983978,9.563571445787652,6.5394152829868215
227,1548266477.45681,263622,2850,0.02326969109989265,9.332158883781709,7.1166835927876075,0.039288702363566075,0.014118756952149897,-7.796294082212198,2.046006078937429,4.7032804658833625,5.544542194174674,6.345079724759796,0.08079092217192246,0.028973284909018016,-4.754926132892258,-0.1775079130755628,2.8462460460257364,9.496524826797557,7.202381651282325,0.03992721294244692,0.014443736243181392,-7.972046798346902,2.523287765083593,4.501496693937332,9.358560661505422,7.101354417625188,0.03945309984101129,0.01421623297174744,-7.815112093690453,2.037787022924811,4.638981126316203,9.76875255685477,7.194686650492609,0.11023460573055847,0.033863893838540236,-8.587715754430302,4.5539067839630745,0.9703595422013835
228,1548266477.49017,264449,1780,0.017970220113255577,5.046986529075102,4.276042402484316,0.023864160101883865,0.008424607441898616,-3.6127771933171573,0.06585574501741347,3.5235744630930044,4.5005433425092995,2.999690687238365,0.05810245281076494,0.020701253237838366,-3.2214258808273804,-1.6984273318155148,2.64436197799816,4.941277067472051,4.346406790638982,0.02404752414598407,0.008492765012617408,-3.6499117757886315,0.04708681963466249,3.330487339399652,5.032776554393639,4.27811727758624,0.02393465332313862,0.008450810615727422,-3.606571025617593,0.08029099644402934,3.5147653622480526,6.375327119665295,3.9316181108072303,0.06062740879910734,0.01767921133407796,-6.254462878475956,-1.232853089853656,-0.0810138466210586
229,1548266477.52354,266261,41038,0.021622460560763303,6.15870983801132,3.484957390745555,0.029827779124773066,0.010447257619104996,-4.867428236247702,1.695510131288838,3.37091895905151,5.020931930388761,2.6542052633677797,0.07135725413500325,0.025340158801926763,-4.029589773175344,-0.3800727041308895,2.971145982460761,6.454075778902828,2.952200400427135,0.054048592816092506,0.017147112710864058,-5.079318707399974,3.1855778587991455,2.3890812740477148,7.452172046134258,2.8688457928874613,0.03799683211468578,0.013012397629508362,-5.829118986355933,3.3027905912903597,3.299240605439808,11.226960738731776,2.6799473284609525,0.08601681629800978,0.02708671330555819,-11.185257713193558,0.0032306936139649225,0.966771369604803
231,1548266477.59028,263990,2918,0.017142540518938335,6.9864503733103,3.0924753818536135,0.025295109697519174,0.009583540643189958,-5.448411403421099,1.0412419691400676,4.247483626748886,5.895222452324598,3.3097311619091276,0.05562079254067126,0.02168943861227687,-3.6160620590962798,-1.8924053115835788,4.254003418410319,6.805342258014865,3.1256555261862973,0.02591052082975418,0.00984195665133676,-5.059174884059528,1.5216811887627912,4.289745808435458,7.005675325452709,3.091624740796395,0.025403711609254274,0.009624595004154773,-5.501779623387641,1.059448045304575,4.222417233437104,6.255632467108314,3.6939933835795724,0.06537222043008187,0.01926111662678198,-6.205494824862371,-0.052115944964646436,0.7887049324217745
232,1548266477.62365,264750,1780,0.028077533084552988,5.130739387323255,1.7167861778517506,0.03723966798239233,0.013588290918608031,-4.188783473094738,1.4370911169998863,2.591013083255007,4.40575898895231,2.9737818267253093,0.07372571823152926,0.027745393958157945,-2.0393433326424697,-1.9725461739059373,3.370586392921836,5.0860323303398305,1.749507896049063,0.03745089953926942,0.013702053479427687,-4.187231457543741,1.384631760284595,2.533300707501839,5.136774700170608,1.715715127007995,0.03729021032806629,0.013604690570233766,-4.186658329550681,1.4445167195432225,2.5907889441986285,12.734912197034689,2.818270181280022,0.11765758181911762,0.036210555546540325,-11.868947363015181,2.8181978765151894,-3.655658338652988
233,1548266477.65704,266127,5209,0.030219927030456898,5.260060498998714,4.825812404751232,0.042840548131359214,0.015861287730337945,-3.832899373524997,1.6995684152147954,3.176253460850149,3.9135352017335494,3.705479735348382,0.07889609358282217,0.029613034859742732,-3.19975808438868,1.318514236851051,1.8272455182098617,5.2463207824043945,4.850436317399259,0.04314486422180056,0.01604948669919509,-3.8177830730706543,1.7780906453814787,3.128387414574852,5.250689409752621,4.832243249556781,0.04300072577896431,0.015958915498523806,-3.8621178401207645,1.7037121660520407,3.1178211957065285,8.574427335367076,3.338186821499899,0.11258007109966602,0.0370127610545554,-8.132286205588857,-2.47903751382728,-1.114045871998276
234,1548266477.69041,264480,5961,0.02222223141427006,6.516115806528601,6.510900082722233,0.03860625119196381,0.01426609570931831,-5.922146915326609,1.311283628406653,2.3808562248174727,5.182032526944802,4.102056470823567,0.08233703864797803,0.03135582565554284,-3.9491810086963706,-2.3479103115025874,2.3968203186734023,6.441595864260677,6.431112350991787,0.039417819005306116,0.014767127862034012,-5.892546808197356,1.480317888349316,2.1402589425339205,6.49559908241825,6.546851523882368,0.038983493866027605,0.014512805217304862,-6.045497404883218,1.3382849931175416,2.2330907456338203,16.618983445608677,4.682610856542241,0.09104998534338166,0.02854580281430997,-15.212549838489936,0.20765197922288348,-6.687736450578771
235,1548266477.72378,262881,5207,0.03165274307504744,7.416761911384784,1.57881634820021,0.0430376529528538,0.016449635808288864,-6.5398230453220725,3.161131663093316,1.4987722957912217,4.213453524793893,1.5792409507644536,0.08956866649307797,0.03533173126012657,-3.745168794965925,0.9500288918673108,1.680579188086336,7.2695493091243994,1.5608616256331866,0.043723941093898405,0.01681894068816109,-6.411972100420305,3.101511387563998,1.4538184391572107,7.407769496022693,1.5762427925498694,0.043304543769141016,0.01659178008934451,-6.543744831799241,3.1793322121129775,1.478719868425105,15.733775739476302,2.385684754142422,0.11946218994712081,0.0360477574795934,-10.177459616248298,5.216244921709096,-10.805637588616053
236,1548266477.75715,265013,3372,0.02401943724508822,4.068453541741065,5.5878755627190975,0.03681988501419491,0.013393554458540081,-2.197655818880829,1.4288428596344036,3.1114355538105603,4.00316405063382,3.71481925082688,0.08009441696963751,0.029370147699470946,-0.26751193641303583,-1.6829736666184183,3.622341703598996,4.006733281735111,5.606886116498838,0.03706643544705648,0.013526810208108739,-2.225591717475557,1.4286350346581036,3.0099260847760787,4.035140328836489,5.605156884530767,0.036910647112564685,0.0134260592006101,-2.1721333784915755,1.423450816130027,3.1059972021319626,2.2550139643517784,5.7655126292837595,0.0914838471130148,0.02866665980950791,-0.7066450436530136,-1.4359941973966877,1.588603609068416
238,1548266477.82390,259623,2772,0.015336070099794631,3.8793716750412868,5.46824206853156,0.022427647463053806,0.008318411227905179,-1.327457216214905,-3.0985551250726293,1.9199838720983458,3.921309114961493,3.613782577299254,0.053378830366669724,0.019843756301336193,-1.8476713361114316,-3.3383441182151037,0.9045630752860215,3.827160771729515,5.443501305182684,0.022503805351177603,0.008371162122272662,-1.3061666357333481,-3.0645578462943064,1.8840311831491234,3.8603494888192396,5.46389071970904,0.022496844776906607,0.00835278104745386,-1.2730218883869973,-3.0846236847936135,1.925777732036921,5.831678612367369,5.639539934699564,0.050288630086411934,0.017669141219625515,2.2488153229388175,-5.3591412496228354,0.4805311101787
239,1548266477.85727,260958,32787,0.030765381730891755,4.212579091860392,2.279999459302143,0.04205801229233549,0.01501031640582144,-2.862652936986283,0.07708127371923632,3.089514402747616,3.206723067188603,2.436544968278658,0.08710401858453753,0.031699927014794606,-0.0832397410533083,-1.893434392758019,2.5867064339561097,4.461351196598241,1.6903714546663058,0.062293732003935016,0.020612894084441093,-3.1166354586377594,1.7032199478356085,2.6998666127505686,4.090026307870857,1.9990699261167149,0.04835712046568012,0.017055265349346926,-3.254046621008638,0.5226705315790586,2.3483542885152175,6.41551054555337,1.8242815415534588,0.12533550270241373,0.0373257826028166,-5.730899232157042,2.699320267617525,-1.0145144867361846
240,1548266477.89063,261695,26942,0.025504406038081726,4.311876726300629,3.997729976826474,0.04411854099612159,0.015436864633915049,-2.452464969710408,-3.261144354686719,-1.3937840482123836,1.505556911214274,2.4124460401891406,0.09083942806433955,0.032284466417566354,-0.7733210870931476,-1.2859711429616845,-0.12228789241767281,5.019518412416265,4.041827720685439,0.0626968808202094,0.020320592178991966,-1.7422957023191772,-4.161757009431085,-2.199943038516512,4.688279464397116,3.971881610383619,0.04609462453818773,0.016597593600329974,-2.5046575823557764,-3.200144518543213,-1.5954748877761133,5.794925486685152,3.796575717413128,0.092662197049887,0.028370291415056162,-3.3913662148248105,-3.803737149736635,-2.75887301064971
241,1548266477.92400,256221,23823,0.015801713874468756,2.124287406051307,8.40641452642563,0.02573374601069149,0.009488476076052086,1.7627385631592785,-0.3160460019468547,1.1425693266111963,1.2694945156407778,5.542947878242237,0.059719206017920745,0.022075025317377574,-0.9055588582356278,0.31183989033198284,0.8332678814827416,9.219413823180039,9.067294384941368,0.034024972712881234,0.011690831590624033,8.11696804818281,-3.8218179373003145,-2.12276437739851,2.0711919980387234,8.29015818303587,0.027107967589272915,0.01025731156648746,1.5984527709879277,-0.08841992701567164,1.1103510768893163,9.61928222961161,9.47463422452626,0.047825164550566124,0.01588435295269481,8.252142594460912,-4.94135412656142,-0.1255094001262871
243,1548266477.99074,257096,25434,0.022192805017417303,3.5679866737416317,6.932452649830213,0.033927822034726315,0.012190710309405946,3.103490753117978,0.08735537911909054,1.758193131327739,3.7017092554983244,4.9790645746496605,0.07806364118800009,0.028358074006258435,1.9383278454813238,0.36107027151893073,3.132916346584909,8.141710003070171,7.267665877394299,0.04519708734221082,0.015205951815093204,7.991392199650155,-1.5572407129122292,0.009687492561931223,3.523046295533663,6.85989476465612,0.034620928535644524,0.012595096874866587,3.0457080095893634,0.15112849492644578,1.7554207943481464,6.120070690886534,6.245534005930492,0.07250343511592892,0.021867254538819745,5.8949562706957845,-0.796935015358915,-1.4386279607069086
244,1548266478.02411,252550,10937,0.016197915677943937,3.2161358847683204,6.292365583665434,0.02416114770174067,0.008758429827093666,-1.8133884394621416,2.3644772015332873,-1.2101239442093858,3.319522963292578,4.462879103732476,0.05359821188078872,0.019641965844204034,-1.9155199568217036,2.6701833752312107,-0.46918732024999843,3.692409084062208,6.2246593411541875,0.025966431211992973,0.009290034337318122,-1.178007277365616,3.3376425882931344,-1.051820161125784,3.285906502411643,6.291685021447491,0.024337151198200572,0.008790931703553355,-1.853932546819045,2.378493583077077,-1.2196946516239584,7.279293401836149,5.868548587399629,0.06852156208748199,0.02065216194466098,4.349361882387327,-1.4283138966631868,-5.659600962846259
245,1548266478.05747,253204,22009,0.01567899685558113,3.4461589409978015,1.6921683448375329,0.02309243170338467,0.008147205810968217,-2.8059935106711373,-0.508958286439723,-1.9347799170331739,3.785247233494206,0.8949538491582989,0.05566122605234179,0.018987233120744518,-3.56553437378106,-0.8398260603664408,-0.9538099582152789,2.70203203976918,2.02735689882571,0.0299668829404459,0.010012720365802499,-1.8623955881495755,0.6270633070191837,-1.854521886139486,3.5417221462469057,1.6735446769241884,0.024001758289633787,0.00854351884857095,-2.963940655427569,-0.48506137317034015,-1.9099488074378907,2.939557943429679,1.7945976901821432,0.056297468933428796,0.016996002043665446,-2.124891438430903,-1.5927408018978535,-1.2605609924289092
246,1548266478.09085,255376,20104,0.020829100066627332,3.4591139285494186,6.17991603729774,0.03307506963820594,0.011486196385946085,0.10289842062257695,2.9461834669787152,1.8096640750756063,2.749800915459542,4.24933428740361,0.07978736938562993,0.027813977157644568,0.09451343869046125,1.7842309845503095,2.0902134049755956,5.222001176024613,6.242276900453495,0.04115182279730503,0.013747994562918062,3.3330975137334025,3.8562745237444354,1.1352990988573384,3.441965799240453,6.184827286962198,0.03822865340657508,0.012875216325605435,0.43081247869389905,2.7809561758540005,0.6654100146453616,6.20318457484844,5.4743343517827485,0.0589646331919612,0.01860393929921897,-3.316939255685451,4.572391447450015,2.5633277775221073
247,1548266478.12422,256869,16585,0.01667001386564879,1.3555197181626253,2.4860944876117657,0.02482914410757531,0.009079352068515801,0.8949662905579534,0.8351489031926748,-0.5822330758284794,1.6029838976166835,2.340566629889958,0.05815952748785311,0.020844222774230137,-0.9432098241483537,1.2519016410672317,-0.3356410057510524,2.8912473436229353,2.4418896636184138,0.027587794986496494,0.009840538656054337,2.816280422830042,-0.1922402925573301,-0.625235517152052,1.4539909754627813,2.51893077692049,0.025619116203015303,0.009466265405699654,0.89216172328523,0.8273723234225934,-0.45376797021649423,7.166976382838818,3.9041279947971006,0.05026016224518542,0.01563408129860306,4.555698004609291,3.0809687708088456,4.595519295604029
248,1548266478.15758,257330,8534,0.022411454149179066,9.075661538835945,2.868213644467558,0.04494034398374791,0.01582714085986121,-8.449974422175673,3.2164630811681936,-0.7873562596213513,5.006744243488086,2.319677834704576,0.09339815312849581,0.03268394688539893,-4.948492125973644,-0.4972592026424534,-0.5767554804814031,10.134862843110124,3.184614094286285,0.04680526488951771,0.016421375189478494,-9.694539347971345,2.9538940444000055,-0.07656143773307642,9.063846623595783,2.8377811503810992,0.045541290754207944,0.016152009340225898,-8.311221986531725,3.127054505808661,-0.6708443486692455,9.622036478553325,3.7143989139665736,0.08782037200403763,0.02780348477740464,-9.281339515060242,1.9599040118061335,-1.6121721574628443
249,1548266478.19094,256138,19779,0.028999634104540324,2.3035923548173938,2.2243172887808007,0.04584857226800787,0.017213236070150375,-1.758114984182839,1.4088261874066321,-0.48039381057858643,1.45159651056339,2.1964459051783645,0.09406497977205583,0.035157729506763796,-1.1322438995627784,-0.9038471479535425,-0.09064499169248065,4.481883859763746,2.7630942226077324,0.05460571419405619,0.01982604587906911,-4.389202884879944,0.740261801842246,0.5236348274376253,3.4286250231198876,2.2023985804558217,0.05220020340137353,0.019241600354427173,-3.179007675216583,1.5000466886009742,-0.22545647503090466,3.431601453831873,2.270964636954446,0.1160727932273789,0.03975468028528138,1.3066189919284392,3.1684841154754593,-0.17130019805193303
250,1548266478.22431,257838,15247,0.018122528695583937,4.643871163562325,2.47518960772664,0.027595433666100472,0.010027923898494407,4.055582520143463,-0.8434232504422507,2.0991491196877683,1.9925780002481028,1.1475568535404448,0.06035463777968308,0.022120029508828843,1.040762107764483,1.1213061939265072,1.2766572529760711,5.527608892271071,3.0213965921814516,0.029979306596871962,0.010765869976882237,4.612679624695266,-2.495833005770372,1.745985209886553,4.487530212890336,2.3692209011570258,0.028386036291943,0.010445337067569074,3.8864955068968072,-0.6654965074959562,2.114624016833906,6.958756832650863,2.9775769643175822,0.07038860643402702,0.021760763684631937,5.486818276208683,-1.3485414461728176,4.062087865590991
251,1548266478.25768,259906,22065,0.022688880347577402,6.077802580618893,4.11190122842288,0.03712568100651154,0.01377880897877288,-5.698167505238309,1.9695947732750054,-0.7689393476157086,3.82639712795932,3.2199129862374747,0.07533775641988416,0.02819661112930621,-3.803454337983663,0.23853876207821484,-0.3437285829179491,5.5246494342137265,3.960232577183391,0.04266615651117328,0.015518335785631061,-5.118662406074005,2.0610463120986555,-0.2704341749617713,6.249777963333334,4.184168609722413,0.03814274768940815,0.014345853478932575,-5.877229264027703,2.1499652509989167,-0.6747140836170059,2.3369393645955054,3.176468250540517,0.06773216116699819,0.024103006873574515,-0.6870088763538399,0.6856644547104911,-2.1258336372241464
252,1548266478.29105,258829,23410,0.020503113007568408,7.509734277731903,9.36896334632441,0.030608846310722297,0.011604946966193594,-7.087830002476153,-2.0977967397950192,-1.325904829407376,5.363817586805631,6.7143356451782115,0.06570739641683232,0.024523861260223493,-4.771382239761246,-2.2939264880572043,-0.8615984528803858,7.2117188731325825,9.309316097092216,0.03392010298547768,0.012603551970698424,-6.789647497738031,-2.114889198426043,-1.1986741174886646,7.31652375394047,9.312595059822364,0.03243798421528077,0.01227741834254711,-7.0301585446208605,-1.4605114945324122,-1.0721951126865457,5.532722523359821,11.043253771033683,0.07273760158398763,0.02409005238884382,-3.845843152582552,-3.937295185514245,0.5641060080812023
254,1548266478.35779,264589,31702,0.02953670604534486,6.671738351398998,10.024718925416506,0.04975593089388923,0.017998038704428,-6.064810320386427,-2.2041406685646368,-1.6946776449938634,5.220182784601023,6.7900031592042325,0.09412310483010214,0.03448428261324962,-3.8892809742051604,-0.9885268155469984,-3.338654900296698,6.09028458554575,9.83233282872958,0.07315959025808404,0.025012296188776085,-3.6120916353515895,-3.8139294109020927,-3.081931666895823,6.045492579624084,9.848996834465632,0.05147080910791305,0.018922274993321785,-5.342300146528967,-1.8984190055982784,-1.3370184780248153,14.680326360872934,12.780728694044601,0.08042934411760663,0.02884281225107421,-13.026357849549601,-3.2822629903252354,-5.9205348491128325
255,1548266478.39116,256708,33986,0.024672141397734073,6.371824826983924,13.203677848105663,0.04524285553014098,0.017134740494922845,-5.594686705689775,-2.696959478307733,-1.423390973454897,2.8100071640059214,7.940891338058842,0.08972496085487217,0.03490654922194915,-1.382049616724497,-2.44652264133057,-0.024618776028963826,17.132406015995862,14.05584082314631,0.06178166062038229,0.022126281815002338,-16.971152660278985,-2.054950164417092,1.129819941494647,7.54277475838796,13.525136467068947,0.05416342580237833,0.02003409570228926,-7.345486270813418,-0.6044201193203678,-0.5631474854900514,16.37174988780882,14.93595594124652,0.12730735267307908,0.04242363820209051,-14.521822499793107,-6.637786416400313,-3.618101320267621
256,1548266478.42453,256350,27382,0.020252302665366692,4.988109607816484,3.8205369757801164,0.021938149104683318,0.008672441762163358,-2.718396321916591,3.5735329649443646,-2.1728831181261,3.3719565898938977,2.791370585560002,0.04979241310811975,0.019380335839625708,-1.5381741984624604,2.4920047551719744,-1.6715333318583632,4.211684900879497,3.4010910904977787,0.02383032233965401,0.00924674729314207,-1.4684596132379033,2.6690400051574206,-2.9082884175154984,4.779973139716358,3.7729470139709784,0.02269294139091399,0.009157657951104393,-2.7063794207067127,3.305079150976363,-2.1526990042655427,5.197456636633384,3.499284687584477,0.03944220033415541,0.013989519447191647,-2.2828759569065538,2.1288299000624136,-4.155732921117845
257,1548266478.45788,261556,34167,0.020880626250522286,4.40328385610481,3.1635940567171303,0.02310225562457882,0.008754118786836669,-1.1398510098605228,4.252886278236922,-0.051055823735419045,3.5230823032971834,2.3199180747468775,0.049377071454023,0.01882114637551013,-0.715001020815081,3.4326740791399954,-0.34297393842617646,6.132050496388315,2.191143739537315,0.031789415768574754,0.011402756297439932,5.292500015461176,2.2094040780704827,-2.170258163538419,4.486125406912717,2.9775824873832084,0.026069458623667115,0.009881438090937148,-0.32289475472636703,4.198739042170829,-0.32222758899378473,5.168109512947198,2.9962190140284126,0.03638707167328647,0.01338377109070692,1.2583760854190489,4.846503747434201,1.2795495268128574
258,1548266478.49124,260105,5457,0.025592932757443083,7.016900311051458,8.420845340091017,0.03900712743609286,0.014766297449957135,-6.761392924644117,-0.8009647653425559,-1.6967354356193172,3.931922159105554,5.086339905535012,0.07974835110835767,0.03089943744412464,-3.172645036842622,-0.7070052633615793,-2.21234691968556,7.072514980576903,8.524050894118963,0.04000450610779267,0.01509593448082889,-6.824938830221161,-0.9064603735791449,-1.618334855756025,7.022787532840229,8.426707859598874,0.03908221843368381,0.014808062313125089,-6.770087742707275,-0.8128522727107166,-1.693501593978212,6.12436610625515,8.567879292398603,0.08356437449655933,0.028153023293047127,-4.467149510169108,-4.168498436894166,0.41959056096827274
259,1548266478.52459,258401,5962,0.018501115968583587,3.40099302048981,3.5389508278177657,0.021323146189171548,0.008514254987994694,-0.5896681307594167,0.8843125407004866,3.23064023861323,2.1068647191600625,2.3926485338087855,0.04805031382415475,0.019868939114485094,-0.4369088084340902,1.0721710286923247,1.7602383143162619,3.8681911218811638,3.5454241873132366,0.022491312811251888,0.008857320223766387,-0.44313872168183027,1.025086574442217,3.70347514419157,3.384346185561883,3.526219115346228,0.021416650709532768,0.008543431383203223,-0.4968081218417033,0.86016737961332,3.2287098557224523,3.4743189495711255,3.463896000029079,0.03521828550577596,0.013058688513714169,-0.17820638861942006,1.1846003827257148,3.2612661007115507
260,1548266478.55796,260128,7259,0.019121529476550304,1.4827025266386196,3.0039749626584062,0.02307405484005995,0.008804386412048794,0.1879319120618693,-0.7533639885431052,1.2631433329973842,1.024294824477479,2.407576470843022,0.049969767511863175,0.019628909112237015,-0.37616296302574004,0.8544988371276703,0.4213229759299914,1.2980131800248706,2.983097419032094,0.023600205348632358,0.008967362698640619,-0.07918623872839485,-0.8747863604652982,0.9556759799525172,1.4823639563101878,2.992419919662824,0.023333343303992324,0.008905583904815743,0.20513131002470403,-0.7911696152250014,1.2495862410364684,4.347275868120194,2.2908474243710306,0.03947128275002279,0.014571671022081333,3.280227310641725,-2.602303388772991,1.1691592435767462
261,1548266478.59133,262293,3294,0.018852631136064633,3.01392407040308,6.451660730335386,0.026200253261159597,0.0100332678029408,-2.8527624760364794,-0.05564257441870134,0.97076694493856,3.0580912997865775,4.273271727209058,0.05361744192298205,0.020705141362455208,-2.594682737731268,0.839401691089623,-1.3838167108926,3.001624930093287,6.48745317057661,0.026420992468061143,0.010097455365660186,-2.8825601471150737,-0.17531146342114004,0.8184528758667733,2.996646926385517,6.441760413668263,0.026326957794152745,0.010097049763870707,-2.8302044404332074,-0.04824722118809237,0.9781746627830183,2.7729902514037663,6.8189744471089595,0.04896914252392391,0.016138328250111425,-2.461372698402567,-0.1167158683146649,-1.2718084682932187
269,1548266478.85829,257825,1427,0.015254271211318634,4.675076848355489,4.426063677164685,0.019700940116519523,0.007578990132438672,3.5547570343494668,-2.5588733194508944,-1.6346905822738536,3.398199800556503,2.9602256256027446,0.04467168424347788,0.01741680604454985,2.006448341993461,-1.3755909324416926,-2.3726939376999603,4.7307623023800645,4.411163951454417,0.01974042833765642,0.00761513099144142,3.6210727480817173,-2.5712606465931422,-1.6298965617491399,4.67472345941788,4.415187925024748,0.01972587092660283,0.0075994499066914,3.55671131312988,-2.5522064145105574,-1.6398576040295474,6.584103134137421,5.804495895308568,0.04999002296015437,0.016861926370797545,-2.8896588414681377,-1.3076195427685509,-5.769784830672023
270,1548266478.89167,257265,54544,0.02467218325453859,4.505740517334135,2.675275125631648,0.02605496129361905,0.00992825905141846,-0.41387711759021667,0.3090864780202158,-4.476032717729703,3.6310159484515614,2.2436444516454572,0.05671037576759116,0.02198741029734948,0.12026718223335052,1.4550222181381773,-3.3245635754955116,9.602145657243264,1.4015856328899017,0.04564878741700463,0.015785018220450624,3.238922320339348,-6.674782971055349,-6.095724379844677,6.182496929892142,1.9730195444044676,0.035507503875787765,0.012894711800268972,0.31943462506419784,-2.3924435465411484,-5.71457721794169,3.2155694961584405,2.2695603710453685,0.05855661054484609,0.020274454940220885,2.8780124704340375,0.4348325449828803,-1.366693843724529
271,1548266478.92504,260831,573,0.01682399854107673,4.60461151957779,3.001582745498984,0.018742378922357115,0.0070385218450780005,3.3978450719056346,1.5953642926548008,-2.6668162455027016,4.202786606659454,2.469337883730515,0.039406240815999374,0.015578015372953242,3.5666697619422134,1.9068000938983696,-1.1429765843062247,4.601125405307744,2.9969267650337263,0.01876530552113859,0.007054150962590183,3.4088172436854416,1.5798192936473563,-2.6560291779159186,4.611460046999289,3.000877029270063,0.018751958314119854,0.007041570220462586,3.401564122481651,1.594801712198353,-2.6677097934501486,6.0692908361790066,3.585520428909552,0.043641253964355975,0.015614743082217195,4.93673751249753,3.5267618718234,-0.163904503534464
272,1548266478.95843,260459,1046,0.022115469379146498,7.5321308396577615,2.802586091689631,0.027768722185938382,0.01081749556098527,6.78113568849345,2.7213560504230316,-1.8285007538390463,6.591120573408279,2.86831440978491,0.05977310585472314,0.023424787239613054,6.40627261880521,1.3820323011743925,-0.7018035802581271,7.511116344831528,2.8430484460490284,0.02781509750506938,0.010860809682175728,6.809399894002812,2.603367460195855,-1.8087066363407864,7.536456478499357,2.800995092144252,0.027811975191298535,0.010831200117432896,6.785216411178288,2.728745080637321,-1.8282914454645187,7.508941608776962,2.3136735595215154,0.06009624586145489,0.020550088607592804,6.444346817242463,3.7799932660402393,-0.7524952437121011
273,1548266478.99180,259544,54095,0.015397041223399174,10.1765596086378,6.512916346122986,0.01822935597223024,0.006907501362465591,10.04738760422566,0.7263947388251779,-1.4438554228239133,7.867856494974141,5.011726009086879,0.03985427838803274,0.015390987987743897,7.653021693056013,1.6538440302813464,-0.7740960629170033,7.188833349660356,5.528570986844386,0.030255334490991933,0.01055238890668269,7.12715847195979,0.924224017683333,0.16954943201913591,9.912863116300642,6.480693119619589,0.020836382994995916,0.00796978419716033,9.61508103287262,1.4360865893737857,-1.8187847136294755,11.569376565338402,6.879284104922685,0.0326736368912951,0.011061792703729376,11.555523548218813,0.35579801351271784,-0.44017883949855247
274,1548266479.02517,261902,53035,0.03413331457450581,6.2325047040766135,2.62824043181188,0.037435672229541514,0.013918010851174233,0.49108807405827437,-0.019214318991518427,-6.213097311309436,5.068435578766238,2.2504658495693186,0.07641394576587257,0.028618209788206624,0.5555949210726528,1.1869602953338192,-4.89606768305778,9.119259501938439,2.2164900145413324,0.06723194577567644,0.022821784206634048,1.0812103424897774,-6.089254753278133,-6.701705350779553,7.960893960216749,2.615305830984896,0.04934594184715046,0.01742687599434161,2.407935684043388,-1.7555606151920806,-7.027110720356931,4.586509060247509,1.801238287247019,0.06905951186385988,0.02489736800524712,2.800465395877613,2.9682645713736733,-2.0935291640080873
275,1548266479.05854,263073,5102,0.02234605432652764,5.716623215612004,4.004212042685653,0.030018951416569514,0.011180623982792388,4.166725803621908,-0.9905587846946433,-3.786419200348762,4.429167693980919,2.3704095939208676,0.06288316493282833,0.02318365089853332,3.620754679086408,-0.0340538500179856,-2.5507846539010464,5.798406704269891,4.012955935494145,0.030757380045618028,0.011531518820834164,3.9033173346048478,-1.040935856860815,-4.15957769916572,5.577643915550963,4.009181462383504,0.030340122857585253,0.011280980071874879,4.124340042780428,-0.971772127287353,-3.6827172468748737,5.508825826956941,4.486317725731308,0.06409599139889964,0.022650825629004584,4.919446940444093,1.04229589572574,-2.24940504526338
277,1548266479.12527,260616,4745,0.026428463342736797,5.5226283430156435,3.036127981355325,0.02951606081121648,0.01105428130395712,5.492394895344622,-0.5730908151706271,0.06774249950449586,3.9540003736569056,2.198523916076379,0.05857037949462404,0.02160868447906867,3.894068191454066,0.6486966818228391,0.22258591639331637,5.056224409388035,3.0088189881886747,0.030561333663421952,0.011402196085559127,4.967080720414428,-0.6217848046390474,-0.711967732203253,5.484954973962676,3.024527671600124,0.02967499123988443,0.01112911290593893,5.456753774773455,-0.5513248932166865,0.017786142620987745,8.977497660059324,3.8383199572302233,0.06457337530809346,0.02206973444138847,8.409440547114876,-0.38754996956913135,3.118746373464479
278,1548266479.15863,265225,49189,0.03345968121470392,7.483380734178486,1.8201056750892284,0.041697409911033115,0.01597714471406706,6.322696812725015,2.113213908298968,-3.3998263492129244,6.430571024301522,0.8801418618909822,0.07589621269627238,0.029034072842659575,4.772399568300244,2.9298960359718107,-3.161037057275767,10.031347396411544,2.97629548185409,0.07608052270814683,0.026173492497342705,8.184573125055506,-1.5266926745650302,-5.5955252501924475,8.155276713236642,1.9418513598805545,0.0462776387291857,0.01773695402892058,7.188494413764434,2.2396136998073772,-3.1774388158751483,8.608528136950637,1.253981716335403,0.07073243001943638,0.025909783573645404,6.359028742578285,4.029950063861853,-4.174806895955056
279,1548266479.19200,263501,48168,0.046964713564423284,8.375724474774456,7.243628278315254,0.06670924420235497,0.02579045319011474,6.856266747636862,3.611367723116074,-3.1784257000943574,6.891352714096138,7.559589397804656,0.12883696445500542,0.049876081794669326,6.549304432436356,2.0767566617874267,-0.53332490010428,23.127589704350424,9.08351556744034,0.11947460756476838,0.041370637155157444,-16.000132026509046,16.611783380986843,1.7116756615155289,7.1798997166635665,6.66728552813116,0.07611942511277432,0.02825046214022405,4.848508004786995,3.5422413809512205,-2.1661341239019056,9.163456600689662,7.755188529045041,0.10807630356432435,0.03986451882442377,8.454065210435807,3.5152822535358577,-0.374845259270729
280,1548266479.22538,262194,52999,0.03556151471799352,7.893641875274077,4.075988013399158,0.04359460700927122,0.016692004569114318,2.417793105105753,-4.492091920771252,-6.023700584468419,5.408398566650348,4.274618244348873,0.08665722782854449,0.0339333713992404,1.4815829186163572,-2.8016687614750073,-4.382503766340067,14.32939236532372,5.479682153377201,0.07256003248530571,0.02543083068440127,4.944946860670844,-10.764731955479377,-8.062228726054627,9.508716325383647,4.245693500956396,0.05220601447892527,0.019024925304964795,2.86742847792258,-6.167291915973931,-6.295694997545035,5.134908259248882,5.41626157474549,0.07909804906380302,0.027430511939046585,0.5221633906995826,-0.6119332343901389,-5.071505293398039
282,1548266479.29211,249812,50172,0.11728009929892624,8.302437952909555,2.8749808088418956,0.16407258215436696,0.06480479271720922,6.233212281994302,-1.9551550090311371,-5.123954478736988,9.0917034468585,2.771885489947873,0.2461289531581072,0.09469911684819424,4.108834895828721,-1.0098185901683236,-8.047161846228107,18.04581483723244,6.3008199527333275,0.34755403894471437,0.11655884238853066,4.864923099066512,-11.100570740149147,-13.370164008821742,8.02353197270773,3.477242596661932,0.2083025843583448,0.0772903767312399,4.249155995828288,-2.3388625335886526,-5.5759870317842335,12.385364375097357,3.575083358293077,0.3019841932715443,0.10270197021571674,-1.0695144944726374,-2.702781478748247,-12.03945022532919
283,1548266479.32547,257657,54111,0.11205986950918786,9.296160327431272,3.031080696590492,0.14980038156399497,0.05700860967511498,7.923320559925985,-0.35583814473675607,-4.8490171532705055,7.0255372075118325,3.0940275826697485,0.22731546513037915,0.08466396483119044,4.934317127286369,-1.1723783874979992,-4.861709211586924,13.64752582096248,5.443267683446105,0.28428179676493315,0.09559588131869971,3.1174040131815386,-7.532555571427829,-10.945198025425983,8.51100373791547,2.9926763738595774,0.17666243298112974,0.06383246697867676,7.011095012342004,-0.1907756596983955,-4.043944412776252,16.357759615620175,6.523507257981348,0.3676005082784185,0.1298032565416558,0.9165758338259481,-6.530148462909385,-14.969747808016765
284,1548266479.35884,266079,44202,0.04021565472863529,11.214420893358847,2.2214915437679603,0.060248817558047923,0.022117330228919655,9.252356063830801,2.834106403490832,-5.667890624843522,8.517865014721625,2.5115975270879582,0.11208537579072178,0.040792960163612606,8.295007487447148,0.9845095020821141,-1.6666182023860237,7.075387836846423,5.35302523083343,0.11371408238223994,0.037544021139948015,-2.0576726706563457,-1.6750522907185035,-6.559062131554098,10.499671578611462,2.0657181133724385,0.06630960029818558,0.024373666797456037,8.756066180995763,2.9328428619649585,-3.8186744554277228,8.049848089333041,3.3162615843489065,0.13679037863301563,0.045033132968326846,6.268107410674072,0.5127336279315167,-5.02473760273905
285,1548266479.39221,266673,47315,0.05384031448624989,13.375467350432853,5.876133469488389,0.09556220252486769,0.034309373463591065,12.900084010248742,0.8655363748506771,-3.4266318966049325,9.925047390670358,4.644708614086704,0.1655654522255685,0.059022859314419245,9.36824209380598,3.1928405106392987,-0.7405236340015057,12.19256909871442,8.174350428472307,0.17542358085086243,0.05833182389056876,2.791607351698115,-9.023837150969587,-7.709476810630661,13.25943979054027,6.296954794986901,0.11540013367432056,0.04014763751321822,11.567975521219656,-2.9413833579204844,-4.7019176599838595,19.59259444655936,3.3897097264471614,0.20976996741674833,0.06753905088622521,19.37262538567588,2.8214171485185275,0.7815037348987965
286,1548266479.42558,265536,43516,0.03628478048835062,11.984363160507865,8.751040746603298,0.06292811502057362,0.02294682562148821,11.378182432211414,2.4685726066359295,-2.8404355630818863,9.9745856998783,7.057079609956207,0.11790777725888,0.04347445882827269,9.578580179027915,2.477120646777381,1.267688818069891,12.553306189391915,10.02184552560587,0.10040047973412232,0.034579732366771296,7.353865500366117,-7.736242791755533,-6.607322146994262,12.3406749668455,8.7565096105822,0.07097909757448143,0.025662716844698827,11.287435970953169,0.5236571693560623,-3.4156524444577845,10.456257159533624,8.632921961517505,0.14388602950185775,0.047489375469573304,6.211616340218722,-8.275711959712217,-1.503904181822146
287,1548266479.45895,265953,53292,0.038711698852177893,10.463066370836867,3.1191988602543796,0.06051658132977426,0.02173905919448148,10.366792927667955,1.4128748930639168,-0.09563896664348437,8.35837291821571,3.0957589789311495,0.11332158233493518,0.040525072596907685,7.555077166835049,0.49087510580302857,3.5415037023321574,1.4825173768078639,5.276278024027752,0.11790976727220157,0.03915588686138829,1.1334814641717623,0.621366215250198,-0.725934962281024,11.331749518406813,3.7661324000887015,0.07485844424810777,0.026005819798903058,11.20251234360046,-0.2775887981127448,1.4379625088810088,3.9861622259729668,3.8987005814098583,0.11193203849104034,0.035824491888616146,3.275762877204513,-1.902489189346982,1.2407262987945533
289,1548266479.52569,265494,46520,0.044486651362497194,10.267500242507978,4.62965697404532,0.07532292185255704,0.027738820407887808,8.130356629983902,4.410956900675083,-4.456716450433556,3.675367550401974,5.520828642100678,0.14301184701565933,0.05179114423158993,3.32029387776892,-0.5949641158506925,1.45944951836233,23.497696519799646,13.069432812912009,0.15723568247880224,0.05237793720655951,-23.071206161541138,2.022568228937868,-3.97119701696626,7.720269550397223,5.836089549161791,0.11524685437379786,0.03968424675645876,3.9966665324928785,2.2151425660837565,-3.699164764269778,1.870103665139413,6.1329532534474085,0.19803754757876807,0.062359926134145545,0.12778704362889864,-1.2386491416085155,-1.3952442416440711
290,1548266479.55906,265537,48645,0.04203592135838815,14.611186599908283,5.813667597450998,0.06893983626937802,0.02495951110246066,12.899100070736628,6.803911209336409,0.8982112657543455,9.448652668435386,4.884978888731292,0.12774181910416832,0.04601496685602578,7.76632050506792,4.206909557017621,3.3560713699751,9.586906837010213,6.393452422341329,0.14275686807369742,0.0477030986232094,8.839808282273705,3.6500835714420012,0.6659295425550846,18.11683472222326,6.166854248882016,0.10914437928648349,0.03722017394391405,17.92282716487065,2.3343445622708274,2.317248903163696,11.526106732625458,5.239299716880441,0.12029702400157145,0.0403570707472625,10.780726281734085,2.464923549665785,3.248265559418581
291,1548266479.59242,266199,62789,0.05126493872039793,13.075948689222878,5.568601106402181,0.08986130623097323,0.03201941287886852,11.779864548272567,5.167023779601524,2.348848783675324,8.338395737816299,5.487650284604833,0.16088136300195643,0.05704959019459315,6.297867793259859,2.559434791298326,4.828560684939658,10.313035700206958,6.757077311186852,0.23768545569210664,0.07700065928721515,9.73173453086083,-3.4013934942710367,0.28735112967381093,17.171230863044926,5.966378095571746,0.17380018300500594,0.05748866590768208,16.80208528052424,-0.3983479149049724,2.3188039515689365,8.583502153847741,6.579291695507501,0.16316707415276904,0.053991958616677764,8.246328935896786,0.09657353468077352,2.3801768544583988
292,1548266479.62579,265141,65093,0.04571537682756459,12.447619716715753,7.034693099525906,0.08331842003484288,0.03032408823645596,10.338702561642128,6.9037968043090165,0.6261434649326377,7.070584550117059,5.8784136440851205,0.151007180353323,0.05466936514189424,5.5649000680557155,3.787337727983061,2.1635910073541282,2.828252416765231,10.13742013504461,0.22985392872728586,0.07493386183455548,-1.7641320761482693,-1.2429706360121602,-1.828079251251076,13.314861561047362,7.180782913378591,0.14316232927654834,0.04835284403416652,12.2041101146255,6.504578110115601,1.0042505473322025,9.307952930065971,7.11970666327324,0.2023721104249757,0.06632690951060378,8.391229494765632,3.6955879872733313,1.602462087794931
293,1548266479.65916,263686,62278,0.041754854576970896,13.60838110444301,5.554603173779162,0.06949597989770587,0.025541828830820033,11.684018119563651,6.707639158250824,1.9181589580037484,8.508256936585264,4.6744937484845375,0.12943301961582498,0.04696613115888337,6.954504275751139,3.7373174388624895,3.171397915538933,14.872886286990697,5.946682429147698,0.20069499082025205,0.06528627481981229,14.780107468013878,0.0524265460832496,1.6578362998143257,19.16503676306054,5.544820493361668,0.13230949483199064,0.04420025715001301,17.91596029100243,5.318251196976698,3.921955420374546,16.263108355188987,5.421834162709966,0.14957604524306314,0.04927631201565343,14.914076518716517,4.88211233693713,4.2689570267236014
294,1548266479.69253,264647,63827,0.055541210984208764,14.08086463432649,3.908684185702017,0.0973938782254591,0.03632533818161541,11.304776869356228,7.911678872339791,-2.80679643103433,7.61473087863479,3.548122043578916,0.17017151946804962,0.062391637942074106,5.684740975205231,3.960442590118381,3.1595475766687318,16.869726126693738,8.947784622928054,0.274506402483558,0.08908406204646471,-5.5503488998844945,15.719649889084549,-2.5833880939201532,13.213307699962776,4.527436177548735,0.1817093089360851,0.06042704629705717,8.8260329675377,8.315523654063874,-3.628641141204187,16.669358758861485,6.040173232655967,0.27801244835516986,0.09103483515423565,3.9254913813857084,16.1797287901885,-0.8212278138519705
295,1548266479.72589,264379,67589,0.046683769088004395,14.137572986934744,6.842183758783796,0.09236137264976145,0.03397129532086001,12.379358910215446,5.920217878855065,3.401979306207089,9.941961691381586,5.988485373060487,0.16402046011404006,0.06019561934398533,7.889508761179378,3.009332449817187,5.2480636416349,19.085915183979772,8.000977752124358,0.24875797454612925,0.08206463084259223,17.77650690099565,-6.669984458416278,1.944033984633219,19.795380133297503,7.001167062954167,0.1868708490559824,0.062432006627548886,18.3960797267073,2.496998162838094,4.507357906051947,14.468426360679013,7.089175654915478,0.2633252208372599,0.08890608247976749,14.157401431495773,-2.904777589505524,0.6823585695067224
296,1548266479.75925,264630,68516,0.04205873988743245,15.24468321510631,4.251008999145751,0.07974428976264814,0.029657908197161097,13.934560534401976,5.821295968916326,2.0834832095098608,10.249101216086066,3.738798610780242,0.14560935763991675,0.05355423214983398,7.692785236746353,2.688015165773198,6.2160844192664815,14.169491829131971,7.31808897586335,0.22782588787952845,0.07495578374187474,-1.1648715914945384,13.575650901620374,3.8883512532306836,17.30433428852037,4.787637366519208,0.14150011384603653,0.047408199364054535,15.18742331513354,7.814098606082053,3.676162246802554,5.64387523634119,6.971438242408193,0.26230167549612105,0.08598501937128834,-3.365497051799651,4.395812352583889,1.0970829679582443
297,1548266479.79262,264210,69714,0.044503113555368796,12.231933698995961,6.42532895178834,0.08430948940665352,0.03137309211169686,10.272267481987877,4.883848390852668,4.499860852325685,9.345668486732718,4.944788510346997,0.15420195502607378,0.05727512534614524,6.4965887127766475,2.807017888805403,6.1038107058507745,12.881180789167892,7.1320961825742835,0.25418792865730705,0.08440864726963981,12.07083072060704,-3.016807761380515,3.3344767458405804,20.437605750177013,6.371817907193686,0.17416142437020055,0.0583256193187076,18.862344544978793,4.0663415815632025,5.251240222521966,15.257943875455801,8.73360082861766,0.26505370314185767,0.08878974136692022,9.135106044485662,-12.028978470351364,2.158324772221298
298,1548266479.82598,263899,69832,0.05486881348896726,15.345932838393598,4.948073436691629,0.10629622399849532,0.040089994476757054,14.13238209802851,4.9592296338799065,3.343571795887982,12.175063501604598,3.814592783170285,0.17678998378908536,0.06548695245598664,10.877529327101817,5.273374769474495,1.4501881073895597,15.294594434963985,5.393305821864525,0.30798903419164353,0.1033705050343609,15.064491859463063,-2.5553255305833287,0.6752891076801427,22.595950811083718,5.626190066471127,0.21673302371870345,0.0738589481861244,21.85352034003701,4.279651421267609,2.2775292416831485,18.46161284225834,4.481316876966985,0.19489063313640545,0.06711453317056684,17.893495141237523,3.3894945319455383,3.027425834906368
300,1548266479.89272,265223,121385,0.024024686314903194,13.98896784092983,4.384324162755728,0.04919847537867352,0.01891323795845277,12.164087156462186,4.782572096100569,4.985299293940222,8.8595566951803,3.701100625000675,0.0988694458909208,0.036972703546959876,6.301512800719298,1.7235507428125403,5.984317345732531,9.26574271123403,5.35327664162713,0.14349520743135735,0.04851132942113541,8.971234119389974,0.5019617835495428,2.2625164604341474,16.424206589473346,5.358826668785113,0.09346346751754302,0.0323098437841316,15.532996736529654,2.9951292158377663,4.036086631863212,13.64508753182822,5.112354582063156,0.08046602008866718,0.028165042028091728,11.12368434435701,6.862862276314999,3.918313634038657
301,1548266479.92609,265107,143789,0.04095579269543897,5.710539815689683,6.498207601489509,0.08911406422623122,0.03421839252239148,3.414609683523852,3.4316876176031106,3.0288984451367424,7.133187864205931,5.509117696261927,0.16690807228974713,0.06310228639032757,-0.5006541930200494,-0.6561502572520819,7.085279198801854,11.479676714906908,9.813884496483766,0.35745475851582603,0.11651990964835274,-8.725151164454225,5.697286090248424,-4.816185818888303,11.683642868160474,6.700494957512855,0.2195050180933955,0.07195642919624202,4.82241458037598,9.154167623310162,-4.494583060210278,11.08109396836177,10.111488420254718,0.24371936801087074,0.08580805587070103,-9.004807386110327,6.409068602734334,-0.7924185258822994
302,1548266479.95946,264579,117990,0.030369645536245295,19.284425150568598,7.234369626798899,0.06811047821688335,0.026397994462596355,16.604290657384656,2.304991934766617,9.532764411944324,12.448472082613746,5.9406511699962055,0.12949955055596285,0.04991874728398711,10.619994115207213,6.01974479652955,2.4377971140423895,16.620825056746966,2.9162733237410476,0.19559758091269344,0.06576741644627351,4.812995942593737,-13.162262221073414,8.935421022384316,17.368773073325176,4.134371655289971,0.13286854353499145,0.04558937243380632,9.675167325748822,-8.641386128327294,10.307121346353892,9.456774063097164,2.7552557000445197,0.14719383531174138,0.05347614110008925,3.829298214707927,-4.819202125999962,7.17929952934542
303,1548266479.99283,265497,151384,0.029875143837626614,15.537900173527039,3.7999299578504093,0.05632104254113686,0.021429650387695745,14.039277040132731,5.012705336418427,4.381532517639883,7.836568951780601,2.7352035225339217,0.11489264622050165,0.043244443303574784,5.343646665661589,2.5702722848445454,5.123568446925979,22.25500656841889,5.997639041486402,0.2575873451962343,0.0842122272781152,20.9873706386835,6.907192499047969,2.665761207608274,17.87442105607505,4.784775051025627,0.12735673334081304,0.04275937017954782,15.251305924908669,7.725934287370595,4.937223033275241,12.88269669983282,4.657215246731711,0.08573730390375948,0.031130831912611134,11.287345951085111,5.574729363908543,2.735340592975925
304,1548266480.02620,264774,147307,0.053532774835607394,14.03852019244508,3.6027200603470484,0.1094740571039532,0.041635126031191474,10.709596544034753,9.004319836952655,1.143160238788967,5.6159964848342385,3.785800270490654,0.18928360100680977,0.07301647580937558,2.1722699985341163,3.8678595607102038,3.443881819947047,13.559872882065978,8.699185361860497,0.3777507845250282,0.123768317728211,-8.874884053223887,9.920123048449422,-2.5880000624503774,16.356229778400994,8.424564598871356,0.2612877734137182,0.0871253027263296,-4.825753160648289,14.795345907398367,-2.006720411782701,20.187983185337266,6.293860643158563,0.3241893583489903,0.1112637562194954,6.391226883344119,19.045596463423042,1.993022671603946
305,1548266480.05957,266755,123307,0.030073860932052367,17.594569675048557,4.107236873932413,0.06719347947457179,0.0255988704179793,14.906912931651357,1.141458423631892,9.276308617409384,8.142011207623959,3.1073742109585476,0.12925090341809786,0.049228833094967006,3.091662168790908,3.332925720048394,6.75467080498977,13.911475933028413,1.1815835479251293,0.17780153678944266,0.05958868741555485,5.105327455494294,-10.413614334029438,7.682540641578248,16.784285065652732,2.8489546366003182,0.12316460754354405,0.043157438435257336,11.94155210784578,-2.6260613507238277,11.474212344504492,12.25100242423061,1.2955646529862253,0.17239169892071515,0.061256242894046006,1.7965107065151944,-6.515060830092661,10.218296925616952
306,1548266480.09294,266449,9209,0.05968303020428912,11.033723395943293,2.522602003564085,0.11178421100582653,0.041553819638029385,9.241657130636575,4.866708568129018,3.5566800771000144,4.375935822135511,3.2618937160844603,0.19103345852467862,0.07215933328410895,1.6020088751129768,0.8855661252841475,3.9746892358091674,11.155797605339085,2.6766734998008386,0.11331331771118947,0.042558343931261663,9.452371580887863,4.674308364738248,3.640787417503359,10.655521633285785,2.6662154420623665,0.11426107570249378,0.042406510697505465,8.760382716423562,4.895306729289358,3.6891189154994137,15.908335910616314,3.8440907423536883,0.300042002742052,0.10398521429049574,7.174685325571875,13.059254830926657,5.572692812720522
307,1548266480.12632,268243,34430,0.04085849042500382,11.792337443998964,2.1097115205007273,0.1045586736491963,0.03773881586548852,7.403106559616695,0.4807169268102113,9.166359522535565,7.085583721970792,3.749625984191975,0.17629023829605703,0.06469557630153858,-1.4736463691587247,3.2301959610266042,6.131859188948339,12.981459144914215,2.683534268824753,0.11613175115200776,0.041020943903470115,9.7297004479364,1.5685240443512387,8.449316128941746,12.702733457887486,2.40349768110584,0.10950783330966732,0.039300624357269956,8.880115982786576,0.9089781951437922,8.91831094099864,9.342662290688214,3.4427468252334443,0.20086734243591065,0.07098558449214672,2.5768855123686794,2.73583423739907,8.553374232398989
308,1548266480.15968,263606,36694,0.06519351647503374,11.02645449679684,3.091694975267099,0.15862058459527462,0.056680416085827474,7.332724649570356,8.014759691304505,1.8914214427660128,4.339966968433039,3.26759041307114,0.23602922251622374,0.0855615819790674,2.100761247236425,3.1435762234438664,-2.130737899554501,6.553610321338585,1.8272515934043243,0.17807790328270076,0.06289798609818414,6.131394191795349,2.2621407252401693,0.48839824731848513,9.261123931049093,2.654903285490537,0.169876327529032,0.06076793564194182,6.003942825393619,6.430521064769913,1.044162799176251,12.396972829057244,5.016950544109526,0.32076018590355415,0.10962847927556447,-2.0478898429807697,11.300200133840457,4.668678555068006
309,1548266480.19305,266705,9007,0.020657620053820346,13.324135583898178,4.533953174193706,0.05697148847600088,0.020399911438510006,13.120827248844483,1.5734164485634858,1.7031858511247746,5.514005202005485,3.4709832066733686,0.10913946195264859,0.03914000575689805,3.62429902249131,3.5803604906289253,2.109438010574258,12.455401855256298,4.371266170971143,0.05952652367242774,0.021217849274937018,12.141491428990744,2.2977153535337376,1.56260212779891,13.022045084609132,4.5836635134862025,0.0583528272103378,0.020856651068658173,12.806259327913278,1.5964241424054277,1.7477530246679445,14.023934272197614,4.681573996196809,0.11067587339338099,0.03740317020760589,12.746736185751033,5.814593865377622,0.6180188205038195
310,1548266480.22643,268382,12568,0.02147618942626991,11.256166337072637,3.4684038490522915,0.0636811212446552,0.0224935195297168,11.144273433049419,-0.035527178068010146,1.5827785937694088,4.367540109245576,4.5786094567455855,0.12214256030535312,0.04325883321599937,0.4768418132816323,4.3004070251289415,0.5954224627915782,11.758259509504846,3.529145549885428,0.06791941614216042,0.023845038969758127,11.644864684789578,-1.3687464332912345,0.8833608363257928,10.456812425989014,3.3949484248438235,0.06625223963355197,0.02327074845556896,10.41326456777732,-0.4172467220025121,1.0230969635901392,10.059893061573908,4.835454209678708,0.1000840102910442,0.03513998870987312,8.587189532482116,5.22386585095598,-0.41575222759277664
312,1548266480.29317,264965,2844,0.018225716057392982,7.22348891502776,3.9470385308769984,0.051217574470919465,0.018312550311199535,5.364764031980219,-2.121144776255442,4.347280049049582,4.553741134246742,3.135896420652137,0.10186976594421718,0.03635686444402969,0.930019720789114,-1.3699961545472863,4.242019822348759,6.769950101069599,3.986651077981765,0.0521627485742077,0.018655087015004596,4.755463167896039,-2.0210131839192256,4.3741627930589315,7.267134611917868,3.945185772462939,0.0515474654391824,0.018433060460646383,5.4186967533663495,-2.0703105622678715,4.358314533213447,5.420845055611618,3.591984801173804,0.11200007069886415,0.03821875128780762,2.643246010619254,-0.9137538712707707,4.643690935778565
313,1548266480.32654,267346,714,0.025200217294766774,9.224200078248122,0.5923745498656064,0.06905218181846724,0.0244212450813361,7.70273871400183,-5.001931991804685,-0.8569479194973811,2.005017808927897,2.5046042433752485,0.13683504795953852,0.04808394440269652,-0.12014091974445842,1.9325830237579287,-0.5203704736086048,9.483933272307286,0.6811954400995384,0.06965633258724702,0.024620798571676913,7.999579214220106,-5.020718882656624,-0.8626149838311596,9.228279660206628,0.5934879628116946,0.0690865268209245,0.024432102104093065,7.705927341824327,-5.003036890492609,-0.8529802947671801,9.812149809154034,1.3371379908920893,0.09875004641118873,0.036069299585733135,8.73427471275759,-4.431699210896229,-0.5922594224717799
314,1548266480.35989,266182,1334,0.02481223456275782,8.997929283033688,4.014504495997181,0.0740324671662372,0.02637895091736642,8.133973005023643,-0.4551479403634191,3.82021660228903,7.868038051074292,4.30139938705904,0.14227272650427233,0.051169849016401425,5.653017818466399,-4.59034929429483,2.9796150210423615,9.657763968752471,4.1114956485643,0.07493954337963603,0.02666200806560789,8.870896160696311,-0.2490593684803495,3.8101936451116365,8.999876598906424,4.022614288276017,0.07412602962541291,0.026419734518113705,8.13761178660691,-0.454277978984987,3.8166407792745414,9.763539889118666,3.3498264497343304,0.1249927325704966,0.04548468716679885,6.751104009003713,2.881436600297857,6.437905633394236
315,1548266480.39326,266775,2219,0.02738979223734958,5.918319651822474,0.4640614063093491,0.0764160800253377,0.026921717593619835,4.824694953625987,-3.093104503898543,-1.477000553001442,4.814486241406363,3.518109525042577,0.1505077239725779,0.05260082419437303,-2.6323939929069518,3.9685172384496648,-0.7075666491055094,4.793845302115371,0.9065216224118304,0.07779712716970343,0.027374929512566693,3.290774214879594,-3.0008019866217506,-1.773963157561106,5.89097710227451,0.4779856306497257,0.07684476475985216,0.027076281537605836,4.811505456225007,-3.082249775642538,-1.5171142743987023,4.652917138967972,1.4885099710961651,0.11600533118201439,0.039732688776817744,4.561692364048179,0.31431589889996814,-0.8612817155757713
316,1548266480.42665,267656,4805,0.025812624759604743,9.111517450325618,6.307619273911864,0.09420371588203898,0.032659879717182205,-8.23047549754763,-0.5783480956767846,3.8658164483176627,10.201550686751835,6.00506433727134,0.17062838207938646,0.05912880203567468,-8.558761737463342,4.989864191825816,2.4332055570450257,7.547292600161771,5.674509774235284,0.09590012053772938,0.03332254098509762,-6.3513078120060715,-0.32373703986439584,4.064198444789219,9.317170467300098,6.374120303010775,0.09500118530411443,0.032958478336152786,-8.450237440261063,-0.4860537039265058,3.8883984570368093,17.223858294814914,8.648963090090906,0.16002808555828668,0.05413091343134172,-15.774213622740442,0.16554987500035917,6.914338173889223
317,1548266480.46002,266076,5070,0.02621578530854164,7.235144862675769,6.531916386444205,0.08877583199122946,0.03125484284268816,-0.06595869855274254,-0.87302459571315,7.181977352322178,5.383875743541394,5.297871834791044,0.16518184777140704,0.05831861314509995,-1.0554496517538692,-3.4999541416748743,3.9525264149248813,8.202852317833187,5.961943523895785,0.09139230807212274,0.03222606234830213,2.6369129696252624,-1.1834089694627954,7.676784440753718,7.28184872462673,6.493384113405462,0.08959049989879705,0.031545571909058434,0.08191640974399059,-0.862459937919092,7.234388126549774,7.556304318339472,7.547173628849699,0.12870130793786996,0.0460185948668756,2.5391464705315214,-4.367704395496209,5.619041596758843
318,1548266480.52675,266455,30612,0.029834223463183148,3.1400229259835966,2.0391091387980294,0.08735307846760668,0.030232129027592775,0.24953018052409656,-3.129860427668443,-0.03810994654034619,5.369451130483619,3.8565749056170153,0.1670879717822237,0.05752887908688097,-4.066907434997002,3.487661718867238,-0.3570505462339331,2.495590571095245,2.9491305722562755,0.10551725468740526,0.03573155968098613,0.7346812353114324,2.222886198261916,0.8642874120322714,3.279229836817615,2.1423412857193633,0.0949979969427147,0.03283312530709182,0.05976830298910447,-3.254557201028832,0.15783050104557567,2.3723404746150525,2.140007912911738,0.1285087849448388,0.04428076250558996,0.6388240660233275,-1.9113503902007778,-1.251656033439511
319,1548266480.56012,264516,19728,0.03184479446219133,9.371116077827898,7.463242816057269,0.10543421834320757,0.0361321187896623,-0.6029035440760021,7.378610032469008,5.745471072889743,7.209613052633686,5.61619466116078,0.20558105899273627,0.071108745828527,-4.021782609307035,2.0945263227837647,5.605064182981978,7.139628060908278,7.612572622857727,0.1213129450979125,0.040902066365913474,-3.0880081301531868,3.6498352539873067,5.302565158012501,7.954334106268637,7.533987139037579,0.11303525104595061,0.03851009888436428,-0.6929136813239647,5.30341075523601,5.454769204031046,7.611844728797968,6.313190903209826,0.17185940562556243,0.05748089681156169,7.512722820508019,-0.004386545169892824,-1.224400569980647
320,1548266480.59347,264581,42426,0.050319684704364424,9.05760760912439,5.776848965208678,0.15836731160172476,0.05516796636445581,-6.860452501694442,4.441700313418131,3.904580054070321,12.12765219839129,6.73498173411384,0.27364551718394925,0.09506792620079521,-9.06597267186328,8.04796630186867,-0.34398511909614465,13.407765436130052,6.888960294060969,0.2087271743336748,0.07021690292815531,-12.324977603871638,4.900886458179657,1.96071746520948,8.204036688970458,5.417791050893826,0.17827932267756846,0.06157568789910797,-6.982004541702571,3.2883047260085303,1.536306265182347,14.722941168296066,7.976417841813382,0.2595003320843221,0.09131517561803221,-4.625436421093313,13.457322525489719,3.7776719027037857
321,1548266480.62684,265453,31634,0.030070527859846787,10.730077365427254,2.667591990097778,0.07939955282286293,0.027643502906609232,6.8563455985039585,6.889184097943609,4.545792314500365,4.23529221799222,2.2610875810523883,0.15171560784775018,0.05287463218555116,1.1543352942729093,-0.16339297062779345,4.071672007582483,9.196999594365817,2.228329329233752,0.09571559547242904,0.03273595713757206,7.586459786616672,3.64991119520045,3.7025096504889166,10.384757257167454,2.707084547203034,0.0874317815519613,0.030190460511199422,6.4789425982488,7.217462413753889,3.955286385324815,5.906616399213162,2.687115791246664,0.13625575729002365,0.046713700734456694,3.4188039952392195,2.9770611133025895,3.7864235971760674
323,1548266480.69358,264266,5305,0.026562033935477843,3.1460363595944227,4.706194976219931,0.08541709267037978,0.029451794924508844,-2.979398569336461,-0.6375463329771852,-0.7837497140243973,6.911934327694195,4.9851630108914895,0.16320551740728256,0.05614611136584155,-5.9662350971942395,3.3413036011286876,-1.0072562536164786,3.43903740564402,4.777594489421682,0.08698184539709747,0.02992506462573663,-3.1596451141595363,-0.4295048091125972,-1.288078665662806,3.141472376078938,4.672638781588418,0.08607562897631738,0.02969051217019268,-2.9574396536765564,-0.692423553200463,-0.8943851356278452,4.381871183474268,4.614074894810927,0.13461390949056232,0.04601821744528201,-3.290468695052398,-2.800975981379015,-0.7267354313505098
324,1548266480.72695,264837,10782,0.0319675614271934,13.789018766618254,4.649600570015006,0.10121196273357762,0.03488123716164471,12.911142597565359,2.9470583240956865,3.8411303812630404,4.767796525982055,3.784646158234719,0.18934249073820428,0.06560941369447616,0.05564735669185078,2.0680661313178077,4.295566267834308,15.724670139174373,4.925385843190573,0.10364570776193113,0.03582496566412163,14.694777184935637,3.924236392249444,3.991133073286631,13.356480079790522,4.643483626124532,0.10305417301452621,0.035596542737644864,12.605020186475304,3.310567538531684,3.7014737812807295,21.225808007414113,6.609034943924339,0.16355050796944057,0.0576239248853725,11.950982968665821,16.010642847783252,7.167164519598489
325,1548266480.76032,265194,21753,0.025845265482772408,9.93202489904195,4.544165625993759,0.07977184737451068,0.027677223585295087,8.509959204794479,2.2824523225342768,4.584334665279231,4.229482795612037,3.7025707203591227,0.1571215459139554,0.05481248263613598,1.3688773246270634,-0.5030417234647063,3.9700942826277723,7.91341800321933,4.843759945096835,0.0943272799973498,0.0320885838637101,6.768829184508365,-0.9979095827576144,3.976092608235395,10.036448631732359,4.58019342862658,0.08688190536825562,0.03007392075967026,8.666008661379394,2.2625144722146953,4.4844912037508795,10.618422616368104,3.79654364568488,0.12533949042686243,0.044115818338648416,9.591397776140475,2.928919097737216,3.4896160932909837
326,1548266480.79369,264462,8329,0.03073734281022444,2.282086315503957,2.713008880026652,0.08808287238478503,0.030520634947215783,-0.8760649367143145,-1.090374286049423,-1.8031949684913111,6.702530601776586,4.2796624000085135,0.17668327752222954,0.06093133053150741,-5.000752956967761,3.982608641342614,-2.0137563757895185,1.9637449450370845,2.780978977567841,0.09031625416544385,0.03134312536860944,-0.5312533424680058,-0.44252215090405955,-1.837998433414599,2.0265193599626588,2.8066484235555276,0.08938058706472213,0.030995090283163614,-1.0369688125196366,-0.6995094360385083,-1.672971384167127,5.415072021483821,3.379153919901691,0.13883861451395754,0.047181372620384805,2.1223402194709715,4.926974794134825,-0.7372898810053512
327,1548266480.82706,266079,21999,0.02520446904019071,8.626748628930754,3.73248307244052,0.07847198804322877,0.02707936189934163,7.577547482757843,2.98730010279969,2.8421126207667875,3.2263333445664686,3.450461589244491,0.15815243730142786,0.05456561333568308,-1.5831503545980927,0.38988218369643207,2.7840355040540508,8.414115654296781,3.760001638679107,0.09574963827472052,0.03229891925365281,7.739118720578995,1.8786302914285944,2.715535288077254,8.494456578042676,3.862706537672544,0.08344573498627547,0.02863613810150825,7.570389041025404,3.252412949094165,2.692426127358166,4.400268179851578,3.1835654474630677,0.13201044426040395,0.04468203458113127,3.2938533417836293,0.8975467473933891,2.7762024518537336
328,1548266480.86041,265087,24407,0.03408465892912434,2.601840664870999,3.1249580625725413,0.11190873233397639,0.03849788089603111,1.1791367264306278,0.6504173122656781,-2.226245436977674,9.379248510880206,5.600612684557054,0.21595379964556266,0.07407092769418862,-6.055881260271408,6.876411105399148,-2.0028916845115226,9.4469349448475,4.789705410766065,0.1402850124699995,0.04691456114498576,3.917439564978624,8.571446369394947,-0.6546405452667428,3.845775909377773,4.20043527752979,0.12336749384138124,0.04214120095767064,0.13099679115632532,2.9622588614018537,-1.6110990643250707,8.278851997231705,2.601027524814591,0.16370490632832804,0.05584808514140067,1.7492634926546824,-6.515979790700081,-4.79806992367984
329,1548266480.89377,265532,6163,0.023715058710749012,7.139661969840132,6.026211406043379,0.07835633744095921,0.027179968081759865,7.066284603644938,0.24902331546783738,0.9901425817655657,1.2764736034131439,4.559476415815482,0.15493195190225675,0.05389001271824648,0.7839278698974115,-0.6571051698040085,0.7635802189852017,7.927738801216581,5.929666090808402,0.08005260761747847,0.027705062449475387,7.79300004748222,-0.2895015705279769,1.4263174965339516,7.026474962958991,6.014795477396504,0.07957272757659703,0.027648863312812973,6.938411282248726,0.22385080251357004,0.9692716107654153,16.7693110700871,6.078943900084559,0.1304919302797045,0.04601109557272855,16.26015551655577,-2.6836368367264827,3.1008433806516855
330,1548266480.92714,266129,21169,0.02195263756294451,4.9657836047856065,4.622939346921732,0.0689843228350895,0.024031397495257838,4.677201990501962,1.3929498573089867,-0.9178665723431093,1.1114876092557255,3.5155067630686165,0.14739608718477787,0.0509469968573907,0.5706809492857006,0.8453705741176127,-0.4416747129590257,10.398919092739979,5.111039097774851,0.08760328274694627,0.029589225820822154,7.301896099349675,7.399136399797101,0.26946648929251943,5.471927874782119,4.677293271874608,0.073829055552246,0.02587826303284639,5.216703522180509,1.5329477204862627,-0.8809178360961099,8.116556344758708,5.074354426234991,0.11094413574930742,0.03763478973486946,4.120156394863329,6.866333639666754,-1.3252398002966685
331,1548266480.96051,266232,8064,0.028751325168078247,3.9433836406929603,4.281452141838816,0.095002331619948,0.032875081226651524,-1.7450884793679498,-1.1053318215702899,-3.3590448495199086,6.407473257024629,4.649874069884867,0.18980539043200997,0.06506858495090595,-4.546417372181429,3.351725301349291,-3.0251843120226107,3.3633857618300325,4.338064933869143,0.09678359750496109,0.033567754389471745,-1.025334894829239,-1.1558335838079539,-2.987490730172759,3.919583134593041,4.349351993917978,0.0966108260988102,0.03348544946589177,-1.7666753854989272,-0.9869376713434013,-3.371979425921839,10.870040425822546,6.243661128348943,0.15396599333770244,0.052230983312281265,0.38624929604286806,10.779213693812391,-1.3480142742012147
332,1548266480.99388,267371,6273,0.02098635800803603,5.112436171032368,5.006451753232153,0.07050186022239381,0.024438945733444146,4.069354543176929,0.809508674964555,-2.986980567389504,3.442473574200951,4.07813838278335,0.15351046805480373,0.05263900228887036,0.4527616916531106,3.029660807300471,-1.570600697933991,5.157990196157171,4.941102227274801,0.07205459185467472,0.024953226232706884,4.312463784836139,0.301136318024639,-2.8136872402768613,5.14372512057389,4.972465385619255,0.07150833285836275,0.024828148275084706,4.167301260356995,0.4867562920757968,-2.925196888198898,10.136087047330232,5.5159570338070045,0.09584983516911774,0.033142607510964935,9.417183863888154,3.138119156320237,-2.051613234875486
333,1548266481.02725,267252,5759,0.03210399024890429,4.891492392324219,4.205072518369158,0.11600258546874198,0.03993882644810517,-2.5970534569141837,-0.1469287426321632,-4.1425141050676375,9.429804759220714,5.597358432805894,0.22952741711047844,0.07837596945649446,-7.358220894578756,4.9075409424702645,-3.270144486346787,4.388374851083033,4.222170072304944,0.11842910325480774,0.04073560188998241,-1.9128520264105608,-0.3921761525732922,-3.93001638979125,4.8368236815605705,4.172437323577418,0.11776769666695,0.04057405280559105,-2.3858101222860233,-0.24934211614330243,-4.005737957534432,11.265195428525663,5.685837524037017,0.1616068402393022,0.05675501875053865,-10.186928916167576,-3.9434382595828663,-2.753252983778002
335,1548266481.09398,268001,6405,0.029334369059035467,4.772991728299197,5.122476614580501,0.11258584834036489,0.0384445859107949,-3.3171648366386535,0.4519707404206879,-3.40199793280128,9.781943713736313,5.906584592535788,0.22655933463838185,0.07687769563645652,-7.766041171924982,5.148293903456329,-2.9782708436785597,4.7903927012031025,5.159413206986161,0.11451022919564527,0.03905675893512537,-3.7509096424857797,-0.26141937609729876,-2.9681979373768277,5.179339458885174,5.280478094794165,0.1142997442061185,0.03908873148085905,-3.7049925939954993,0.4312102152940631,-3.3280046839877366,9.875242434717808,3.873836502865772,0.19158988035862004,0.06563988568773023,7.372416639707734,6.276073823036905,-1.9439093093050297
336,1548266481.12735,268177,4441,0.020823074082084992,4.616708703983562,6.533342165007223,0.0783013865369755,0.0269510190752352,4.380217520136193,-1.3871423272385712,-0.451142879487964,4.061489813975939,4.824174286615152,0.166222120985295,0.056913495223438484,-2.9019064830313392,-2.557509410187292,-1.2384602898657833,3.976977399121346,6.644777992300118,0.07952270633018742,0.027329559546135505,3.591784056914099,-1.6739106230186582,-0.33683786569353363,4.398084668559385,6.570683126375067,0.07946458967853602,0.027350490695431547,4.2314235144207135,-1.1162616789945565,-0.35444694584189523,13.15523863853998,6.892932932531932,0.1070110545447631,0.03796131491302774,12.760071955097718,-3.1383316721832073,0.6258926849194772
337,1548266481.16073,268093,21862,0.034249970596397936,7.141293510122746,4.828263588375567,0.12322695796044292,0.04272894282631446,-1.2792827094803016,5.906279081650463,-3.8049147371004444,11.7749837681861,6.351474755202675,0.25369912295374303,0.0864146756595923,-4.368024921957901,10.549512797088022,-2.877217538921385,10.195531675382583,6.027323979067306,0.17027149599376998,0.05649660958401296,0.8105617729280459,9.959561207870482,-2.02459781257384,7.851080270285614,5.135004667610916,0.1367725286561607,0.04696131652029815,-1.982368772715967,6.388498437976407,-3.8970344939295276,4.8899975416037185,3.6929174695739673,0.17990267005988378,0.0629614502921732,1.133351160045366,3.7668767189119374,-2.9048633168246436
338,1548266481.19409,268037,5485,0.027514588079791215,7.638431189203736,4.853152300567589,0.10286087054755505,0.035301629160625556,-4.290267721141934,-1.4998777181294227,-6.139185674320894,10.665391845105455,6.203943924911936,0.2128623171746097,0.07235089147183811,-7.672164204835149,6.821271137926639,-2.891148506489631,7.516839020431271,5.191518477945422,0.10478260708361802,0.03594573732793215,-4.665952166819457,-1.7673524807223597,-5.622119212976144,7.724406502547039,4.915398913421205,0.10481255213944077,0.035937648722230986,-4.5254357916764825,-1.0456735721398442,-6.104757982518529,5.235047592895016,4.747203022622212,0.12463298484563569,0.04370363911170862,-4.032347872459167,0.025031442620245523,-3.338452839599548
339,1548266481.22746,267553,5948,0.028485432371539377,5.18183549446015,4.809403677367296,0.10648885851837585,0.03657060086936113,-2.6548310754995974,1.3079267198915014,-4.2535419061768485,10.738205641070783,6.247379234330552,0.22606083906367927,0.07676196375824079,-7.173523699915321,7.630145667876083,-2.3728664529782164,6.158168779007271,4.853534245063439,0.10965073251890019,0.037480773934981816,-3.5767757864051526,-0.9487457016209722,-4.92235708560253,5.198298176090869,4.755090342302564,0.1090757568063612,0.03736343463526694,-2.439894777509771,0.879438371883155,-4.181924129844871,2.667257369581228,4.185478207735971,0.16080110361291677,0.05676063368172433,-2.611091396299819,0.4414972339615786,-0.3186593606952583
340,1548266481.26083,268608,26110,0.027359951847123934,5.116694955858072,3.521722123239854,0.09197097892588436,0.032017672124753205,-0.8450165492580546,1.4436785120249538,-4.835525478859651,9.435760134347051,5.528980469775925,0.20726662453461572,0.07043462443220011,-3.2035514688011704,8.624024695007675,-2.0969085243693133,15.953764843775305,7.4179856227797645,0.12861240888331732,0.04265245437502551,2.702149120275227,15.275657997059861,-3.7249530975755674,5.131756389303482,3.58358920131304,0.10056164618686908,0.03472918865822941,-0.35816661244068987,1.8897949277115953,-4.531813804341233,9.175266861916521,6.315080694390657,0.14131211445814193,0.04885641633286502,-2.2678954457701117,8.400766099856002,-2.910206379270855
341,1548266481.29420,267938,25111,0.020322975783099648,5.620380178864318,5.9884418503402115,0.07585778502580559,0.02600952241886231,3.6387750920838435,-2.86523358222218,-3.184089462233649,5.064948810149632,4.716516633878716,0.18158320847156267,0.06150076734718703,-4.503411010058719,0.16278330433558447,-2.312249406908275,4.47151184021166,5.60508666690147,0.10586877011801467,0.03476323985735205,3.3238586831277748,1.0176538234779888,-2.812607737902637,7.23224130590128,5.957148479253956,0.08497342138285527,0.028967294483733454,2.917410940342476,-4.021103644320942,-2.676639820501185,4.461442596542242,6.610059321631355,0.09649964139356974,0.034024458519941195,3.6765574065176994,-1.7571018075986993,-1.8165871618380478
342,1548266481.32757,268372,24997,0.030781999379373225,8.67058491965806,6.321163806534862,0.12013035706663895,0.040949990057052486,-5.01831544683768,5.2641742360172215,-4.720595570252192,15.016749469198082,7.694646988304767,0.25509217069567897,0.08608006524484564,-10.224973978326576,10.480656426068744,-3.3329435401622427,12.279636829275825,7.69204328169586,0.1632616201477961,0.05339343515958003,-8.505599975688709,7.336718146748996,-4.961533689055782,9.49512693235004,6.555019008869353,0.12938061815608223,0.043957471389630604,-6.223236782149375,5.077417404863237,-5.241483176835697,5.012094556152478,3.38161049994674,0.1799554793018258,0.06296565629425421,2.8722025897888495,2.46327929869875,3.286913327063208
343,1548266481.36094,268470,4802,0.024752390944025204,5.445779106722796,3.554097088241252,0.08442465808833169,0.02921483408625924,-2.0032819994359503,-0.31699651984772176,-5.053996885273958,10.559272513125972,5.761381951068137,0.19656242018864128,0.06648093184166966,-6.157764888661245,8.0959593833299,-2.8347150202270748,5.571625487134673,3.257019952460878,0.08608798679212858,0.029805748000753304,-1.505849309678848,-1.4035908343662316,-5.177389418916788,5.504120364272609,3.484750073170799,0.08518035831091673,0.02954606313110328,-1.891801713279604,-0.25659316089578493,-5.11173129452683,7.894090654597728,5.160969484078776,0.13398605935828814,0.04619047444107185,0.568008413601276,5.3349371323412775,-5.79072357301327
344,1548266481.39431,267743,23484,0.02222058549083111,6.141083833325711,3.8986433470578556,0.08097010428553283,0.02766163336840434,-2.2126391004339343,-1.6390452322722795,-5.489141060833728,11.224899488990555,6.04936684585387,0.1859195419083635,0.06256670293404475,-8.389746033857195,6.947692672068415,-2.7092612572073476,13.44044731702615,7.057078928478479,0.1101577666999187,0.03618405806440134,-1.185554245634909,12.789861656594018,-3.9572116468036684,6.452957839708885,4.2685691840182685,0.08747025882711452,0.03008714044651736,-3.0570434299256575,-1.752042367541287,-5.632895807235575,10.049099478793558,2.665853711081138,0.09983953098944458,0.03448734133620117,0.4520270433546163,-6.985159883384838,-7.210243635988742
346,1548266481.46101,267280,24244,0.015385208351334471,4.217629778603526,4.790345912761443,0.054980967119955246,0.01899987697111876,-0.5495310207845998,-1.2255523025127888,-3.998054296825427,4.818483381473287,4.038507958100691,0.1297241412738971,0.04396326215504344,-3.6378962785138325,2.210434110344274,-2.2577585805696696,6.30467709215101,5.346811376644967,0.07562395740920165,0.025051998847091302,-0.34128001265689806,4.739415624958871,-4.1437206376818345,4.285649928966114,4.908535529427458,0.05796135310084179,0.020041615290407877,-0.8966726512723777,-0.9752051228808631,-3.7912037007813284,4.021604703172993,5.2194784901603,0.06543540775468511,0.023096668224807833,-0.7995554709396698,-1.0876101234249616,-3.7882871666357505
347,1548266481.49438,267978,27417,0.03064492199345301,10.452814663737664,6.499578393744306,0.12174462980955923,0.04145201487718481,-7.3630709853224765,7.210100930681603,-1.7495612675570125,15.379703549664372,7.300332309266841,0.2570488307893467,0.0865290267425311,-9.436018325865119,11.743208432726673,-3.0974013519454746,18.7305377850132,8.655997788928104,0.16552827610596135,0.05394921589194579,-16.72221399125537,7.177428723145723,-4.436791844411149,12.913659334738405,7.181354166707539,0.13410256995134298,0.04573582633668541,-8.914057330024466,7.511323144323351,-2.033133446210637,6.227899130327538,5.1151818229236525,0.16056961876275616,0.05520140448537,-4.115252708768728,4.291775212072919,-1.8525896063463712
348,1548266481.52775,267785,26508,0.03547501980653134,11.618835190340954,6.213656244384307,0.13402449294986238,0.045894987196033396,-6.911726524382488,8.108365090622888,-4.6346287002974655,14.855537470138914,6.970382384917094,0.27827434457763156,0.0938399401853372,-9.628883237598668,10.631292865989503,-3.8661625833574846,19.85232184347993,8.807801004254257,0.17763559995783249,0.05818827178136566,-14.720483870366731,12.148857234161767,-5.461438006911605,12.075537476973548,6.288497790822811,0.14680556543559153,0.05017562693978181,-8.932909441121602,7.19179131268706,-5.217291483343775,5.869658647210858,4.829670062230283,0.17768634914548023,0.06162772982517436,-2.366520212817527,0.3576113818338854,-5.359532518483879
349,1548266481.56112,266821,23261,0.01691614413971589,3.43489792691393,5.912049631094032,0.0620104559924971,0.021266651454718552,1.140575074681107,-3.2051357269634484,0.47404349913936034,8.536912403440304,5.249048256660792,0.13007380915255734,0.04445751496785389,-7.811068944580191,-3.4242897821064875,-0.37458619193575843,6.305911005287803,6.350640510316882,0.07867784883737361,0.026095290680845994,-2.443036384992698,-5.7819009586666334,-0.6047380692345297,3.0515577789625303,6.152761428806773,0.06727936437958984,0.02303121979605534,-0.6083375880583759,-2.6689582198473816,0.5852412263360197,6.608947659486043,6.690588137628919,0.08979528366094096,0.030425155200395803,1.884248259336658,-6.025674570126398,1.9542373545567266
350,1548266481.59449,265305,16057,0.026963012310670994,9.836715027470506,6.918975281999084,0.10727740068328992,0.0368122001568139,-7.885465825707439,5.303769655737303,-2.539767446469143,16.961033329162802,8.28066009550905,0.2311835657778418,0.07860594198985314,-12.437371380542412,11.126211009545177,-3.032469836043158,19.90998453235522,9.819740957380784,0.13524040798886147,0.04462951104923667,-15.707249120957552,11.025080507976552,-5.304470654404437,11.104390652457663,7.373435916804217,0.11253560342810387,0.03882299680164247,-9.429777002174541,5.60348199837085,-2.695655988351954,3.259626857310021,2.8377450060235794,0.1803747252675886,0.06255137200553938,2.44666571307535,-1.605397293526496,1.4358599051774148
351,1548266481.62786,265989,2921,0.013008732689147172,6.496479104456603,5.624581778046278,0.04159766265041044,0.014573649451437042,0.8727770681735243,-6.217184146558009,1.6700665351115387,4.808557671096788,3.674031964382147,0.10157725135674853,0.03508089895776891,-1.909119142107526,-4.38818539330123,0.47044652354983624,6.397661743116079,5.542438688528488,0.04236192602516595,0.014829853369801254,0.7626488896063358,-6.087448309162769,1.814225877277863,6.515045406790566,5.625979450565051,0.04177130958408686,0.014646116034839837,0.8573755655037898,-6.234617985029455,1.6647400926653866,3.9142291216240683,4.172842367525379,0.07229495434566124,0.02540095064103328,-0.0872541343722549,-2.7310886920875257,2.802629281327897
352,1548266481.66123,266148,18904,0.022711656006597376,4.968730160923213,4.4666570347198,0.0784407667434879,0.027210107577233193,-4.2735121501404585,0.8659245322859346,-2.3823408696186377,10.867020239103772,5.852233766883599,0.17682664978837467,0.06064334368866098,-7.413109417189303,7.581502100483964,-2.3788155763378347,12.360066746910078,6.836653099627084,0.09979911995375354,0.03326631476414945,-8.263393206039595,8.218813444716535,-4.1156637704503645,5.391425210538836,4.6022818975148585,0.08152342814133715,0.02836536375231205,-4.562676172570415,0.63107209677812,-2.686087429709568,4.457972280908892,3.830070145475212,0.11280885325449151,0.03814103503879934,-4.087409324597653,-1.4401437799091246,-1.045269230262354
353,1548266481.69460,266941,2685,0.01731572576547664,2.563579554291097,2.101769227609303,0.05214399328799268,0.018375951331101655,1.1820751781876147,-1.6985161160410847,-1.513169325568281,4.278591422334488,3.3488512123947642,0.12114816531196494,0.04185972532571034,-1.646380633173119,3.8717692137505595,-0.7779322113398511,2.890404580002066,1.933575384006899,0.052886512701894615,0.018600489261685258,1.0111395653516642,-2.1625534620836606,-1.6295391799853536,2.500707820225796,2.1230530309259192,0.05261634587171332,0.018508150845200296,1.1021095164131096,-1.6909733081398812,-1.52996850091343,4.59897550542218,2.9814672171237073,0.07489466573981872,0.027214564526032704,3.971488669028778,0.8185031096184667,-2.1697709811853696
354,1548266481.72797,266348,20363,0.020916043873720414,3.1152274245155955,4.438031415707154,0.07794631814411641,0.026874664237325773,-1.9083828998198045,0.0014683067272593731,-2.462257999927054,13.02028158549425,6.923841661909517,0.1709708743515715,0.058381297253109116,-9.778623410026611,8.456917821826112,-1.544926446572801,11.185676707999582,7.149917929232136,0.09739319572099557,0.032302168378164575,-4.391757024153672,9.783164916247522,-3.1814333056320523,3.3060027786930206,4.523031392061027,0.08234552601090077,0.028437193522086686,-1.7811703914342965,0.12255584443175148,-2.405887407956701,4.879784591149566,4.223489519839359,0.11862012757957713,0.041482986123207395,-1.535400131727682,-4.469417580049498,-1.2162033492207807
355,1548266481.76134,265731,974,0.016227078909964193,5.789728582818369,5.735762475271953,0.05997936638279783,0.020682228406710117,-4.5199563825213795,1.9927665152322045,-3.0199061208218945,10.519046319829217,5.971173090872355,0.13009152076634273,0.04471883655090159,-8.143583912883704,6.2881374687244165,-2.188996050009785,5.8052668823907165,5.7028688733153,0.06022915540649864,0.02077782217033149,-4.502933838303397,1.8575565248618542,-3.1581947660946783,5.798945192278,5.740436877730675,0.05999345473243951,0.020688012231106258,-4.529606967123996,1.994153809759355,-3.02405535392993,8.60999090723382,5.75060981347166,0.09219338059005591,0.03134183277869331,-8.117247828374826,-1.7215484801041938,-2.297499063339139
356,1548266481.79471,265434,1456,0.0183361520908912,10.756729788390771,1.372402289965493,0.06230302637861487,0.02143281060218937,-7.67348750361284,-4.424098293273953,-6.1034563620789015,4.854294539346039,2.137015798000425,0.1344518987808779,0.046245343177328355,-2.683095162845463,0.9707387236014359,-3.927192655363461,10.183140743076924,1.2946741893641414,0.0629286405316922,0.02157428248746895,-7.216236499153117,-4.379265629568621,-5.695991461307029,10.690319224289174,1.3681658938853833,0.062467082206455464,0.02150001989572556,-7.631579791293457,-4.353953205584846,-6.108735972057261,19.834303400687496,5.727398821412339,0.09538507295599323,0.0322543700153986,-18.728270769567235,-4.418672517509358,-4.809033016657769
358,1548266481.86145,265980,3037,0.016147186277188585,1.711326203074799,4.107915421563425,0.05849159817678272,0.020134577516361003,-0.7304108635858568,-0.025851938351420547,-1.547407193006949,10.891147623977991,5.91220843337871,0.13629880692957919,0.04651941299528504,-8.885655455108504,6.125243074551055,-1.464110985562995,1.8633951325072462,4.150004567933543,0.05934882260758534,0.02047165878107627,-1.0495187584171084,-0.4657434475968768,-1.467594915704904,1.7561201745486685,4.0871711104047925,0.05936101387739093,0.02041455604971363,-0.7183870787306944,-0.14537850137036176,-1.5385956879605693,2.5176919707680283,4.569609941167721,0.0871979783105724,0.029245345377916575,-2.466703013554228,-0.40611559905153655,0.29869587007405995
359,1548266481.89482,265557,4633,0.02180857197582494,5.609115940268982,1.9439702890034412,0.07020356643491288,0.024560205248838028,-4.4223806396160015,-3.349742426925617,0.827016797280218,5.72451457587324,3.710558579170495,0.14225481492755424,0.05001277183760053,-2.8552310973726245,4.949237229275033,-0.35039029429978763,5.162868794184823,2.0148348790611914,0.07089673865348729,0.02486889016701606,-4.3455269151172535,-2.738768698178807,0.5203422276107696,5.605899264429642,1.9439270746731212,0.07067571999541018,0.02473070275255681,-4.462282963834362,-3.3473120975755135,0.8263926229073114,7.6484428165559,0.8267727238518855,0.10362593558549202,0.03700830748454315,-3.139338933245861,-6.822065837157692,1.4500504452667202
360,1548266481.92819,265272,2786,0.016977331979941845,3.2059403995785476,2.878393332826802,0.057627913133816294,0.019903791492805925,-1.8334042323348392,-2.575236103399161,0.5337057037882055,8.99831386989868,5.006081601484295,0.12970106762223074,0.044960053708721595,-6.946638043041281,5.707584691559278,-0.370606784693361,2.900557860640874,2.858610309436639,0.05843649486375498,0.02023163993957528,-1.6110051865497415,-2.3535522984109094,0.527910759958656,3.2456214912834156,2.876866014981261,0.05783770511372782,0.019987973656659157,-1.8318443414431682,-2.616971269621531,0.5376383202119001,3.4535888739269405,2.0002323217489577,0.0715679324571371,0.024835988248139443,1.6474166512452946,-2.591296451853443,1.5806572006363202
361,1548266481.96156,265360,2210,0.020104200037733375,2.3177940022713623,2.5838693447229355,0.06376908155212375,0.022518803850528343,-1.6626880249346427,-1.6079141343537267,0.14916335089271848,3.5105755073667955,3.579221244074372,0.1297222497647765,0.04570729784353627,0.7068661415483461,3.311641553830523,0.9260188279938719,2.8147423675196372,2.3525384767070174,0.0645135086821238,0.02278328915272699,-1.7458067002044753,-2.197590425976339,-0.21337731999523224,2.3078948007226794,2.5639715978397506,0.06404795556456332,0.022619268852517863,-1.6408295029424362,-1.6133508348370116,0.17379247585793794,10.921904722273904,2.8980099885826354,0.10006613016005572,0.03449245023686562,-9.230719762731063,-5.678896611325889,1.353494995272058
362,1548266481.99492,265700,624,0.018497508341275476,2.8267224419405665,1.77349482927521,0.053431592675602636,0.019021879158099646,-1.968115143837984,-2.025774654499465,0.11454079427698795,1.9762524799540195,2.5653108602610057,0.10674231185748337,0.03841565644260907,-0.4612437225765654,1.9214463611032202,-0.029529211152979656,2.7778074497466587,1.7878911663542836,0.053479480220650105,0.01904202450045378,-1.9467672971590455,-1.9795786514733802,0.08706136462824916,2.8288027564839453,1.7715858641356137,0.05347368481926497,0.0190336611022549,-1.9662034266533288,-2.03070352313127,0.11583491063248863,3.486948887180662,3.766358671499501,0.09067156933743911,0.03370523117404159,1.4283114437567068,3.1769045882926017,0.16129537603262728
363,1548266482.02829,265414,745,0.015786594593292392,4.38113152172092,4.578486233360644,0.057859869407836544,0.020056724095230287,-4.345688426099469,0.15192797131202018,0.5349985097313825,9.128873073361433,5.233102241360316,0.12692789652083952,0.044197507071648864,-7.6406884836731574,4.987001503778372,-0.2932901060725737,4.3353794958691685,4.534814195328693,0.05824718535943255,0.02022919652212302,-4.318463255207647,0.000612173278775966,0.382609607652559,4.385078885870266,4.579892604203471,0.05789723414641296,0.020070372567860973,-4.349338081687346,0.15201021359515288,0.5375074991143558,5.748504942021902,1.6788606231543988,0.083673750815086,0.02967577533143429,4.193378751608644,-3.711727456801021,1.2976759997922385
364,1548266482.06167,265155,2161,0.015186277956421444,14.000420032562383,8.786916294637564,0.0457249193869458,0.016077547036321665,0.3551843373015194,13.977046917656,-0.726474112651451,11.034269930791918,5.943257932182345,0.1037829095528967,0.03636531992960719,0.006591607367888496,11.026796977325365,-0.40597768059240485,13.534180195950665,8.723580878825393,0.04679378682709703,0.0164124553571499,-0.22213920365960885,13.499506309670798,-0.9423466166008069,14.004860512493952,8.790343589234688,0.04573780157170678,0.01608169501360284,0.35711793057778823,13.981415930204758,-0.72761278866648,13.42321018897653,9.146467555745264,0.0700220896057562,0.02429036991071249,-0.8005887527961744,13.39522708549289,0.33093920048440856
367,1548266482.16178,264387,790,0.015193810301749204,4.217906101892759,4.758829896065739,0.04457495276873207,0.015580967511778255,2.782685480384249,3.1615751478642746,0.227675176621966,6.299785628776298,4.24543286971036,0.10537945464114189,0.03718370501889318,6.107878496467019,-1.4880058863010068,-0.4086046050471178,4.224654638932309,4.747199587455197,0.044664324430322366,0.015622359520949715,2.7116480408018497,3.2334340024888104,0.19893786119531087,4.224725877596987,4.760195688694577,0.04461403448457315,0.015598251251128752,2.7839909567742582,3.1678415292590603,0.22382820835817235,7.619569616789193,5.516982545950982,0.06441964042901814,0.022163411493617294,6.5860252260577745,-1.087538432729852,3.674149292579596
370,1548266482.26188,265081,556,0.016400033186514708,6.409171330342077,5.283549965777805,0.0498386481784033,0.017440174123645256,4.944174792731138,3.884118205238089,1.2434783988227867,11.166225184581274,5.726960413217653,0.11618416976132115,0.04096935294419358,11.065520589816892,-0.9385926747215384,1.1652822576846364,6.298459060055989,5.218231915837828,0.04991493719592565,0.01747510171127412,4.748409487070863,3.964469746384429,1.1858218687051518,6.408153653241019,5.276014977527202,0.04985877764204461,0.017448905777474332,4.935588352943782,3.8784571439776814,1.2424307714271068,6.1128170332394545,4.391907416152702,0.1020036073314377,0.03399189500332845,-5.987675463816389,0.4041753825521667,1.1622895000869613
372,1548266482.32865,265003,18445,0.016105638299145072,5.954023340147128,4.66053669911917,0.04546923391623455,0.016113203979135834,4.11850777704726,4.131593476652299,1.1908916697593352,9.889448541651396,5.138553070129712,0.11143318829602274,0.03946305025070763,9.7338462306211,-0.6697190426115369,1.6139722490048556,4.952647158388115,4.596788468686581,0.05497828783355606,0.019259107629760238,3.6170741505538073,3.314190297743802,0.6794344230506566,6.9611392833653625,4.922527201637889,0.047510696994231154,0.01701351018520309,4.75786964960999,5.070716649737074,0.6966712073961028,3.5016093197726224,4.411977208733509,0.06185247371883685,0.021820426086640424,2.8813925825743807,0.8688721438123435,1.7899457564716228
373,1548266482.36202,263701,19377,0.02555355372118953,6.203681718668476,4.1180711526189056,0.07074288991094696,0.02528836630911067,5.909341530586489,1.849261929794061,0.3815492844201658,11.544830309483809,6.021251471117358,0.16759373378227846,0.05995379451731791,9.414760660653313,-6.347077140940872,2.0880613842357865,7.131093038304341,4.047010837577772,0.08640996064208666,0.03059730017808367,4.457191853925176,5.5465467415081875,-0.47090120250494794,6.6851692212079366,4.31252102977968,0.0738380106032761,0.02638810433054315,6.423721292449781,2.011912226281966,0.5845549347818022,9.08053686182865,2.751730310895276,0.10941169636457046,0.03926382726832844,1.7367410897773976,8.81062617858081,1.3463827195170903
374,1548266482.39539,265531,27414,0.017997167027465677,5.707474289549152,3.2201229851389934,0.04924080836707732,0.01784204197402677,4.783814088611595,1.6878863622989784,2.615611813597525,4.673405415938071,3.4321332772292923,0.11112714146398361,0.040677917753744554,3.540573182723373,-2.4486816344843776,1.8190706342630854,5.504476087803834,3.9077926394040015,0.0646348043824332,0.02262264131322959,4.519405714218772,-1.6155240557964605,2.695238582506911,5.663785812804267,3.6581906062541694,0.05413697054779942,0.019618820827515634,4.706754852450828,-0.8413995967641148,2.6498998014285595,2.9212971727746138,2.5410268593395604,0.09088339245607893,0.0329658163086469,-0.7163044383941672,1.3825706715812063,2.4717167032816
375,1548266482.42876,266005,28340,0.02626427778064018,6.406150092929424,4.3455616903480285,0.0799799748283503,0.028351494301322788,6.104574658208998,1.6623862674946763,1.0046885851532799,15.782819522473346,7.639285352082357,0.18409961011922654,0.06486395671082638,13.296969761038975,-8.402762567414927,1.2967530561488327,7.309022392024018,5.333770138920966,0.10545428325000546,0.03615598160393128,6.518369524748692,-3.2782066221623936,0.43131010693773486,7.70996675911128,4.9950605347214605,0.0865918219546688,0.03104058605092938,7.22364469071309,0.3225930730436001,0.9629362562026603,6.7142679445183955,5.107187430611834,0.1132197728332719,0.04045400356418381,6.377646379340196,-0.19254982891099232,2.090441401776787
376,1548266482.46213,266250,27613,0.024439511130963924,16.554248459830507,9.117164088703964,0.09080379474524472,0.03229793113038231,16.38752924501864,2.2338817602085945,0.7083781439787893,18.422633093833678,9.293509174439148,0.19597105887716745,0.06935283407916891,15.138917889211209,-10.421675213145521,1.2630364228496886,20.814111422320316,10.630312880177593,0.11995667548620555,0.04142926063403508,20.68594658660804,1.972307701971131,1.1953453247951449,17.302647479495782,9.402479834833006,0.09652255398284851,0.03467903925390997,16.832521922969637,2.434261417022064,0.4406243012744673,12.707114971776724,7.276027666408694,0.16343344696986026,0.057800514222180126,12.305842510658843,2.772368550161266,1.5332917631326686
377,1548266482.49550,264859,24389,0.024775394129026386,11.33623674928003,2.6043330982853132,0.07300592816794789,0.02615227977977421,4.1051207518553925,10.520496275437313,-0.9886381375017125,4.972795173505096,3.585599541509028,0.16602741372948807,0.059056503057212925,1.3597862114009005,-4.664426874340561,-1.059620323912824,12.275730060054505,2.1556545618181193,0.0909337875468686,0.031697554235657795,-1.9079571104536743,11.861542359426934,-2.5213212860553025,11.039630996957559,2.482457961786718,0.07711582423702731,0.027665808130130795,3.77594435457697,10.289707542765434,-1.2014940512564496,11.909787448663968,2.5643293942432193,0.1037582029946464,0.038033953706820875,5.073295387434157,10.740669987709785,0.8618115799311246
378,1548266482.52885,265820,2143,0.016723952404782156,16.973802140181675,5.0544341769084085,0.05635936784226712,0.02025094319255267,14.48053809856075,5.668707486620597,6.803655701260773,9.48426094268415,4.412223855659864,0.13236922188547107,0.047577614201552376,7.836959454284925,-4.314029763909747,3.1499871963103283,16.7952982031103,4.878915890125755,0.05725873064644938,0.020654682889160607,14.024565377201688,6.403985778581853,6.662024756762551,16.97342340021856,5.04442720239582,0.05658567556550225,0.020344858991134984,14.463196142346447,5.736558273161046,6.800548220566595,19.89424541024622,6.435471291915747,0.08151040203434626,0.028552289900114543,17.19482782455705,6.230403577325312,7.829493456833177
379,1548266482.56222,265925,5586,0.010610857190003964,7.752371822674378,2.0733032030756795,0.03202037829744381,0.011558789313431794,0.3600811537278928,2.3839323590727086,7.367935731742756,3.2570119472011423,1.0753164410264378,0.07650691557834396,0.02733458553513239,-0.7848738375560258,0.2305957324435957,3.1526061427824845,7.669581346992509,2.1037985219458073,0.03246766272112623,0.011795475315196901,0.670080248639174,2.8998207582321807,7.068557849281905,7.737926289883763,2.064070988725236,0.03258022761278856,0.01175740279816573,0.36140262598606343,2.3475988385464697,7.33238428894729,8.363656794205944,2.456385037702705,0.043882850785293935,0.015725935535563007,-0.9970749739957278,5.173220901730428,6.4957202810310495
381,1548266482.62894,265689,1166,0.01578679863794022,5.25615807717777,4.6539307773537795,0.047958251154450474,0.017372272710184808,2.6487651905193283,-2.920843749576382,3.475616850047599,4.828459533246363,3.549995080241146,0.12138013948596456,0.04324526097118725,-3.47536975805794,-3.196622342066667,1.0086783982886718,5.275786700498818,4.680942943428952,0.04821742230207932,0.01745249835712798,2.8747192215734176,-3.153369473808604,3.102607881755053,5.222747157579684,4.651973350692096,0.04809585710756681,0.017429850870272632,2.6601784991990547,-2.9067508529344908,3.4644148106396693,5.220461179628618,4.151232748732705,0.06249768592107434,0.022694151363515654,3.6526603260847703,-2.437737669153011,2.822892581492991
385,1548266482.76240,265856,4381,0.013210706813228428,4.733050071763332,2.74882925418479,0.04058573939355589,0.014631013172937291,-1.9770856010670785,-0.6049356776010202,4.257575405537463,4.940408817805121,3.5157535245989733,0.09902233770204555,0.03531877812612827,0.07233746997385436,-4.878996413504143,0.7731756427216807,5.358871693658812,2.623164431617887,0.041561307109466324,0.014884484504120681,-1.987035358640775,-0.33941725411483625,4.965278666924762,4.775208365090096,2.781474244569243,0.04098515110150327,0.014778767737729681,-2.032098705292444,-0.675776424659758,4.242398712416724,4.245657579812223,2.932393760839557,0.05932711440839335,0.021185258786352544,-3.761552231086766,-1.3649529628861703,1.4188856567501884
386,1548266482.79577,267103,1017,0.019589820571073554,6.498693213476295,3.660904657303127,0.054550018349829796,0.019765248994946555,5.397135067862841,3.5248952438360233,0.8240510069833028,9.20426377025754,5.152774732141994,0.13965598174888796,0.04999255529304526,6.726791748239205,-6.262202954894892,0.5035459065489424,6.665488641462566,3.7079125748738875,0.0548406449251848,0.019838778765806857,5.548558388932361,3.583956080427246,0.8930271259280858,6.5035905761336466,3.6632088805512737,0.05467215222114322,0.019810449518838577,5.408647248820764,3.5311497520105775,0.813970857822716,11.047485876970354,5.165853221082696,0.08440833294658558,0.02989691926768573,9.800908290167248,4.024162630659795,3.1297373710251772
387,1548266482.82914,266402,1201,0.022198864879988348,13.83493238439241,6.808608198110089,0.07417828011402969,0.026507470785040593,13.070643847798067,4.3886236780946035,1.1417555328509463,13.893237689778822,7.149384912242612,0.17601448654497936,0.06259461367293566,10.860194161384424,-8.662556336743185,0.19584175875676277,13.382332398661914,6.696991245840105,0.07430520268084434,0.026556001954987883,12.594984710747662,4.411323387948898,0.9966978134038375,13.825676234677518,6.802725518749117,0.07426170773907372,0.026541337546989403,13.047889966037229,4.410391207994126,1.149966071231046,24.13990935960907,10.433696468831611,0.1581406955006777,0.05405692549180832,24.032420893591823,-1.8634688384760951,-1.3059302322181043
388,1548266482.86252,266083,1615,0.01665264746285014,6.219658517435529,4.152108429949555,0.052230737218373915,0.018975061311876887,5.653599475860807,-2.5463959760431973,0.4866544700768198,8.168923726101102,4.8151053986128725,0.12290128033361249,0.044229703296964636,7.737477449932158,2.598213284016146,0.3347316617993147,6.133648110486539,4.072384448982451,0.0525117404623589,0.019108418788915636,5.497397004741231,-2.6887620676009005,0.4133084312807652,6.215563675096029,4.150036175632572,0.05227261904199301,0.018991117295223438,5.650877590123967,-2.558909818380254,0.494743365813492,3.1505802758174437,2.9307149684799643,0.06739342771899098,0.025035756202169288,1.5975945069705684,-2.6643538452059716,0.5244677809013053
389,1548266482.89589,265938,2570,0.021130365376387652,7.567513441033883,1.1032798214680921,0.05907026527023759,0.02144815117862015,1.2557211489132423,7.327144092231442,-1.4154093146783913,5.550409160531236,3.6521005674550198,0.13903408916742663,0.050600957493073404,-0.3642739709312311,-5.388226014462045,-1.2811583588633813,8.465695774295124,1.3068561262953313,0.06049874843315817,0.02190124316437275,1.4997135425825907,8.318646009742665,-0.4679666630275407,7.592490886741197,1.1398193166615922,0.05942183545614786,0.021574462232275025,1.2973600572500426,7.349780900768609,-1.3985858838458136,8.095215361385957,2.8215824194821515,0.09116987191532122,0.03285292464415151,-5.379373528565684,6.033900102899795,-0.4323213337458486
390,1548266482.92927,265106,1039,0.02501204428187642,10.027501008224938,4.83927513833297,0.07014218760467532,0.025144335313700247,9.017072597086921,4.37681364518164,0.2944156316639433,9.771420150060392,5.432941578957478,0.16204013439899584,0.05818281018182982,7.237594422848171,-6.526268307219325,0.7111263611678981,10.143468103347463,4.859474001942997,0.07029675908479727,0.02521354702644101,9.075914922687433,4.51804848654322,0.3239619622910042,10.01599876915892,4.838274151559648,0.0702125787422471,0.025175184836704216,9.01436986076153,4.337971843972941,0.28901983446888263,8.768146724979832,4.630998279287592,0.10317138891770261,0.038218473562549454,7.616125126329034,4.223223997328571,1.019516610586706
392,1548266482.99600,266484,1812,0.022821484741418575,8.097236465666368,3.2992321854708315,0.06305632827768227,0.02287689800020645,4.362987045369656,6.630382904201239,1.6023747896574314,8.881842537536143,4.987958303490476,0.15615382907487935,0.05601413249190769,6.725017171832883,-5.642769364112807,1.349231189814871,8.025059284940182,3.2619826554805376,0.06329032717694001,0.02297275103759217,4.268183414427574,6.612210553659811,1.569349693879546,8.061110611795247,3.2967217157407083,0.06319618955397757,0.022933413052967658,4.3477193368481455,6.620995967452869,1.5953980567422623,3.5444974151431676,2.343183280279096,0.09875877165857087,0.035113561584670924,0.8964500217847728,3.1083559236674203,1.4484345812636257
393,1548266483.02937,267945,9406,0.017621869785559394,8.823798069738446,6.016290062205032,0.053157766775050685,0.01909856246959265,-3.350013756397016,7.997038313131694,-1.6383523509228632,6.809673766372763,4.224301985417537,0.13002022670708496,0.04625244526857961,3.184072157286381,5.9594250399084645,-0.8476995312792457,9.49418350629138,6.088301963518002,0.05462803160620499,0.019722044050900115,-3.1550725758531772,8.678649378006364,-2.205919868414136,9.197473788549253,6.004685098290031,0.05471805392210381,0.019628385561092,-3.673748004351687,8.243763980566198,-1.6633006324602309,10.083604176339911,6.2165946994375565,0.07556976811335712,0.027025028507080925,-7.867876877840287,6.090697970705365,-1.6367604741963353
394,1548266483.06273,265127,2382,0.033610852477916,15.25080619095871,6.571355318409229,0.11424079171544098,0.0404073273139284,11.442187171034934,10.077958836001896,0.31334951258836913,12.60644979881574,6.606529430581431,0.24389801496576433,0.08559496719961704,11.818643052700395,-4.310576134025122,-0.8131336395028433,16.038743174089888,6.838545638257339,0.1148088890001406,0.040570632781172906,12.240670190594829,10.34478730461555,0.6266191121909842,15.168337879956951,6.55369026332977,0.11450018718525651,0.04051408874741728,11.419634614822133,10.021338592363165,0.3193034470433871,23.829533446154624,9.990393621999777,0.16479191199344753,0.05812362274124098,22.373850294151165,8.04736265622002,-1.5803295718263994
395,1548266483.09611,268545,7005,0.020325662765302784,9.31883938712893,5.169898587059406,0.0743909045973485,0.026538414943235382,5.1765709621699845,-6.5716791869818305,-4.105717143217962,11.151510695993293,5.58639395948073,0.15578871948985376,0.05533386357941628,10.933780214083576,0.728292825801621,-2.0683884047376626,8.637284141691573,4.924841714414032,0.07562705904733569,0.02710083098486624,4.168469064927096,-6.164581453911263,-4.384572783881671,9.722372474259316,5.372514719624402,0.07643235745426195,0.027261489288980513,6.104425206214138,-6.555201226614509,-4.11354322360715,9.283270219590696,3.0428134849845736,0.12344131145473257,0.04424894835221218,0.8633175608182545,-5.826977026851722,-7.174965330067077
396,1548266483.12948,262632,3736,0.0392598566224436,10.716397189905043,3.8272434148482173,0.11802871986930556,0.04204875916050349,8.219818015924218,6.699420370062489,-1.5471028479335667,6.363180075846083,3.739871986427088,0.2450234033318431,0.08665410535206935,4.943953744613986,-3.578856850014808,-1.7997682339301349,9.816570752302297,3.710281457758275,0.12015443699626689,0.042723783092998284,8.269455180402865,5.0282432030200095,-1.64254152019003,10.835438689895579,3.846984005679074,0.11875097847289537,0.04231032776970818,8.285219848489916,6.878274684717109,-1.5536249597303464,8.752628605864237,2.749034852694374,0.16527574582434307,0.06096637517059201,3.9655607141615543,7.4143100308796805,-2.431222429250026
397,1548266483.16285,266950,3209,0.03019068856304952,14.740240446697248,7.853583915198211,0.10459821982206699,0.03719865400923923,13.354669841909827,5.802796401760212,2.2923864769607314,17.809217841430172,8.890140323951398,0.2323053474529513,0.0821217586703314,15.210824929416992,-9.249502154779444,0.4957368040317647,15.253623084866838,7.99459038923451,0.10536471477950539,0.03746708068488649,13.832362095975078,6.009851632471483,2.28483247015932,14.394937032433273,7.692471592336238,0.10541334219623136,0.037484271505905,12.907200125583305,5.958033431257684,2.2472826568832636,10.051785342348262,4.9566685163080475,0.1656773576381826,0.05862066609606511,5.810834967997874,8.19883923706003,-0.22720191061137357
399,1548266483.22957,267720,2318,0.015910342640791362,4.559290504911566,3.9462349376817514,0.05221525863885373,0.018647414831878394,0.726490084786935,-3.307948764946836,-3.052346152285112,4.778837561760728,3.4032404070356126,0.11434084443190233,0.04064260858344773,4.573801847783414,-0.47864114882031616,-1.2994336264558555,4.513259081819017,3.9737975932717635,0.05267794643089952,0.018794632888800233,0.8086569256696154,-3.297522829024997,-2.9735374065660216,4.499345063034896,3.947927671010049,0.05235036506110298,0.018694098985725195,0.7360686219843333,-3.282095910685234,-3.015993551807075,7.880564256765841,4.356842627548448,0.07646214527741539,0.02741309878040996,1.1973091582983026,-5.673513763832405,-5.336757944302386
404,1548266483.39640,267605,3378,0.018386541323723596,4.232864730630823,3.1357150028202496,0.0581192257032026,0.020775710765076068,2.353182454424257,-3.4783142464318675,-0.5301001481581453,6.486052558377541,4.14911409275055,0.13372243580728402,0.047481676246418116,5.825568438034493,2.7919839097165235,-0.580048283935258,4.870721871242509,2.89783786292704,0.058854649621522856,0.02102939452771014,1.9140029752474945,-4.3267483279690175,-1.1574856647756748,4.266348076638428,3.1391234574784725,0.05838530718282644,0.020887098268383628,2.300893724641484,-3.489381335569715,-0.5829712548696386,5.931487731759223,1.8615674488690375,0.07906493898989354,0.02876936193050155,-0.7789426980025672,-5.879446304987514,0.0889164327180884
405,1548266483.42977,267558,4756,0.024661874416645777,6.763668149554911,1.3779286157510937,0.07293948494337156,0.026168412631872275,-2.4047697848033205,-5.328016413222129,3.40243004628106,7.018620997143724,4.2689568096026,0.1612834747912175,0.05719027559470547,0.08062858915659944,6.80340083541852,1.7228687717826796,5.4664108903549105,1.6011860565995844,0.07439939751476685,0.026862578904146728,-2.163223289006928,-3.869318870167436,3.1985128583538645,6.889970184763017,1.364995514955404,0.07344753017690292,0.02640166674446306,-2.517456969855517,-5.437875125723982,3.3689435151515807,8.38470548964705,1.3289575312458275,0.0933844612973203,0.03428955238935345,-1.6265038419025353,-6.285064070298625,5.306198359714322
408,1548266483.52989,267001,1499,0.014309650679628574,1.1667673409062906,2.213301793136778,0.04202692362012134,0.014931488317561217,-1.1454755707943975,-0.13051983758653374,-0.17943332052651145,3.8207128546763767,3.034124762221094,0.09966232857739799,0.034887791729279805,3.1169085051891923,-2.191660978632221,-0.28169175158217824,1.461608054224231,2.13439445524493,0.04253735241324613,0.015121312487024379,-1.4106468438883235,-0.05372985021914455,-0.3787963690381446,1.1864479036248272,2.205423546779989,0.04208461187664983,0.014955976905987354,-1.1661019802089934,-0.13113246556096164,-0.18289240793134343,3.3029725626380513,2.8520740505994877,0.061442760549389894,0.02209644365367865,-1.54041087538981,-2.5659300084444214,-1.3974137813421572
409,1548266483.56326,265966,2196,0.02066080317522442,6.2711244314149575,1.6086463530697692,0.06292590075565659,0.02235087775362225,2.270514473674851,-5.242361663691693,2.586389345434721,7.298436186317799,4.1948688323387895,0.14256056560791605,0.05035053157566845,2.4664919072794276,6.704287849992446,1.495363789023213,6.501925063360036,1.7114197569676344,0.06321133424255734,0.0224588315105802,2.330803074821102,-5.281522035044651,2.991305993925015,6.321855320026274,1.6058056531190932,0.06313182345890844,0.022432713772639824,2.2677377687243583,-5.2716458528190895,2.571527139516217,8.846290398200654,1.3957603277400148,0.08525372911766976,0.030353837609839524,0.5100078504056843,-5.986582459783907,6.492886588723795
416,1548266483.79680,266840,3555,0.01413736104258832,1.7007478468811599,2.6430860898130346,0.04015727404450382,0.014381513231254042,1.4668174668450142,-0.7533074266180271,-0.4165545326021577,2.8846602887988135,2.786119981000538,0.0848745789118121,0.03060875194373238,1.0691070864746464,-2.4877498089419183,-0.994673769399796,1.6915228100667619,2.6144000844154753,0.040822436369051224,0.01461536655459125,1.5073720280705845,-0.696864387438902,-0.32165044922389335,1.7167095904965084,2.6416253474459355,0.040500669273921486,0.014517139271541206,1.4985898759526544,-0.744497698974663,-0.40436250947860153,2.639550408038913,2.9088818315375766,0.05005558902669288,0.018001864185404212,1.9955490138502383,-1.2791592559048541,-1.161362169149948
417,1548266483.83017,266367,576,0.021038445112962836,8.958559178614982,2.2325228673714834,0.05769349866490076,0.020483108217410957,3.133142791824465,8.265394946280335,-1.456861415780048,6.70670334889692,4.048440925950753,0.13977619387829845,0.0494310763135035,2.2046972099408744,-6.297029577743069,-0.6830801707069498,8.999929914789952,2.255865990157444,0.05790413912722306,0.020563889342464076,3.2498253712479763,8.22241514737632,-1.6820412217661158,8.964133306488076,2.2335332669751846,0.057710713279549394,0.020491069286160277,3.13267665676465,8.275617043913657,-1.4538976024105494,6.456367619666341,1.1734341043736336,0.09423950405062745,0.033896704572014685,0.8051178772783427,6.3190268144834425,-1.0518403689733848
435,1548266484.43081,266402,3118,0.012387802565384227,3.8169271949793853,3.0709553648224834,0.03662466657483302,0.013056348331727361,3.0476964564717868,-2.166004489935491,0.7674008538969728,2.2336357629779977,2.5161716174148854,0.08124235410897603,0.028498702522754753,0.23287026645289058,-2.212061965931108,0.2041617484678866,3.9563559463046163,3.099865691585212,0.037092506307844816,0.013228709600096282,3.155513233838186,-2.2424864217395153,0.8165434790909002,3.824692429103124,3.0758998223801832,0.036876983856589614,0.013172896110076882,3.060025037121318,-2.1661179120386627,0.7621009960179299,5.796442629452427,3.0249992779384836,0.057272507724482107,0.01997809916738029,5.640040689764691,-1.0392721613071714,0.8417847403368117
436,1548266484.46417,266390,2955,0.023511843587346003,6.176854332688884,1.2442236491007534,0.0713588545965883,0.02524765024450223,0.5955330196790626,-5.400665857314074,-2.9379717778378036,5.156757495250187,3.412731862619675,0.16282072692888508,0.05687340724370288,-1.5514917127356957,4.573864439241543,-1.8068717225008244,6.870448937968561,1.2570331140163544,0.07212287668759684,0.025520357746894387,0.6164725194486593,-5.988365607410254,-3.31096777302105,6.025341658877501,1.2361660374105692,0.07222859252397842,0.0255246315939636,0.6319796304011673,-5.139553673695726,-2.944836682225954,8.608884345829551,3.089874409675733,0.10285923039342537,0.03575125922037747,-4.990209009742878,-6.472751463505396,-2.704476328356167
