frame,stem,n_valid,n_removed,sigma,all_dt_mm,all_dr_mrad,all_sdt_mm,all_sdr_mrad,all_tx,all_ty,all_tz,robust_dt_mm,robust_dr_mrad,robust_sdt_mm,robust_sdr_mrad,robust_tx,robust_ty,robust_tz,oracle_dt_mm,oracle_dr_mrad,oracle_sdt_mm,oracle_sdr_mrad,oracle_tx,oracle_ty,oracle_tz,shift_dt_mm,shift_dr_mrad,shift_sdt_mm,shift_sdr_mrad,shift_tx,shift_ty,shift_tz,mrcs_dt_mm,mrcs_dr_mrad,mrcs_sdt_mm,mrcs_sdr_mrad,mrcs_tx,mrcs_ty,mrcs_tz
1,1548265882.54513,262248,2052,0.029791502922987188,5.938234999435878,2.1756400997433287,0.038176489165346175,0.014667556218153844,-2.462246081473277,0.8694230001792813,-5.333299428079578,2.151825102610019,2.2262875049677917,0.08325473866930265,0.03145044700197088,-0.9492597117264796,-1.7053887216228396,-0.9060389506402013,5.978025016537668,2.172979438869491,0.03828749590502146,0.014720683282655274,-2.4383225241234485,0.8618633825845428,-5.389671407095461,5.961441522575415,2.172702125509625,0.03825678819975632,0.014705628014880477,-2.4645147970645214,0.8924585066342565,-5.356873669804694,11.77411898309171,1.544148360019509,0.10424137538121574,0.03287197905173009,-11.453838926256688,1.8328209609902275,-2.019955198592896
2,1548265882.57849,264106,4743,0.023106564948614655,5.258720709143592,7.146994340825794,0.03197898240408278,0.012396608635122458,-1.9037638220638275,-4.833180152577897,-0.8186552505809238,2.5467479567556803,4.523571214861123,0.06485193619244876,0.024360565007359093,-1.9568212011824675,-1.373025504413223,-0.8783945048056998,5.208610960395159,7.192495102685056,0.03217249160326813,0.01249923815298714,-1.9325986181990558,-4.7880228030598255,-0.6852213912764362,5.230134992631787,7.172196290181741,0.03222686061752686,0.012545082111556524,-1.8812725550335472,-4.777042146979772,-0.7639909538536277,11.30553678335715,7.212194390787555,0.04842223505304595,0.01810450080464482,5.558093519735501,-8.39469451545543,-5.143137406087675
3,1548265882.61184,264153,559,0.027934621346710146,6.027269857429375,7.153005243824225,0.05027461564089122,0.019287661215984887,3.823481247171296,3.4291227466978293,-3.154376368616416,3.4300605944814846,4.470876116201371,0.09654930877540607,0.03525926239591502,1.2672602037940983,2.356103079347903,-2.146659157197934,6.095031511584396,7.201162335071212,0.050394275459739755,0.019369590709513874,3.969057025311121,3.397448603395067,-3.139002778642305,6.03420227576654,7.155960697792381,0.0503050448531718,0.019294551416420128,3.823918764276989,3.4335854343026186,-3.1525305674961404,19.460819850579316,7.748057187625107,0.12745444038767595,0.0426606864447563,-6.3832578204459045,13.274396349786691,12.718802239330083
5,1548265882.67210,266079,7995,0.029566086607596156,3.0632315539640134,3.123595685102766,0.04212580849957093,0.0159938200244352,0.9923414199341808,-1.8710654556185564,2.2130883670280146,2.723617039710002,2.978120340773718,0.08152551330596604,0.030830079049151905,1.7921662884404437,-1.9331731243437855,0.6848879068075062,2.81849481845751,3.110316790047651,0.04292909416294406,0.01651339844492254,1.114160597031997,-1.319640353159332,2.2273546067042513,3.0581600483280322,3.066168240191404,0.0425412753062301,0.01623411396536264,0.9439246637035079,-1.8007632466870334,2.199271796106053,11.640993786394409,4.969071523834845,0.08535015444122064,0.031035591149386654,7.7190035515008955,-8.537183788766487,-1.7453405007655305
6,1548265882.70544,266409,7034,0.04121849923368382,4.282384261767434,3.3662874695615317,0.07087550708446455,0.028157745373306273,0.5253439857438499,3.738700135549077,2.0211259135742856,3.4599113894203084,3.6535129156021817,0.12680616023135255,0.04956114650077439,1.6278868942665905,-0.7736868598531874,2.9533675228467513,4.894751507152849,4.006232018312562,0.07215240157335429,0.02903735047297807,1.1860626345634748,4.041835150040652,2.4930736779251634,4.331536399558039,3.4733743496689486,0.07187532596390668,0.028652480258359703,0.7099303208440383,3.800784429028771,2.050203882080288,14.457502978551652,2.5611488484063716,0.1504084114430047,0.05792364915210876,-12.870563773423607,1.981681507718996,6.280200548631419
8,1548265882.77217,264897,5912,0.03965004751201008,3.6672582210123434,2.2882703377497573,0.04897069961096075,0.0193468911324848,1.7766379304830517,-0.44660320719041385,-3.176930294935467,2.437718666668788,2.4122947866982636,0.09791192261203512,0.038361250064051944,2.183843863856734,-0.28492092110863826,-1.0450446616462619,3.8922865751247007,2.4428194446080846,0.04942253722744306,0.019612438731768593,1.8877049443681628,-0.4727883712562704,-3.370895427317318,3.5958384177857914,2.2488732088916716,0.049147274367151425,0.019432837524491625,1.717602196783814,-0.34436942442995977,-3.147355988073025,8.867451973555918,3.2494407709765394,0.10448173557523542,0.034877182637760455,7.98901365208674,-1.4806376500184606,-3.5517710398391724
9,1548265882.80554,264031,7436,0.04741286245048982,2.2120661372126125,2.285228530536916,0.0602767036266706,0.023847629308611208,1.3421786003774738,-0.8611093411244038,-1.533063567736116,1.3490942896366815,1.9936386441242004,0.11161601303858396,0.04357288480956405,0.777677528716562,-0.8504048286039415,-0.7014874846686174,2.496027630842473,2.336085226829285,0.06111291155617952,0.0243331981331263,1.365204642572205,-0.9020828526387136,-1.8848386521937597,2.1335242149199005,2.2761290100299854,0.06075598447633428,0.024174789579300037,1.2720102520917556,-0.8051589307044605,-1.4920133492211383,6.188345165582158,2.48409494149031,0.1130229953447864,0.03989199121065973,5.918098224639415,1.6727813238861742,0.6881365666504689
11,1548265882.87227,263112,3081,0.03127685384131542,1.9126600626989374,2.5986911956660976,0.038349360565091646,0.015283568994260036,0.6827259516380924,-1.337928878493106,-1.1841030810269617,1.9968200936405622,2.0606835965760553,0.08203888847395492,0.031993142128666004,1.9750998042678138,0.23868986191167987,-0.17116775212793467,1.8476301280262049,2.644335524052862,0.03880375953223849,0.015531678256240791,0.5406744338571703,-1.4220234672209813,-1.0484548179278768,1.9088364393363086,2.609928374350397,0.038524829896571675,0.015364572540070148,0.6428523313865668,-1.3365992270804403,-1.167111122475336,2.1429732601661127,2.7701993770706608,0.07126259425909763,0.02602964996979694,-0.32101645800853695,-1.7811820127546294,1.1474639275001184
12,1548265882.90561,263391,5226,0.03301382788177811,5.553764407606095,3.2119488777274827,0.03926915037603977,0.015553205434417485,0.1535723380011852,-3.6880367682986392,4.1495902722883935,4.458987322620866,3.1665361645267205,0.08208597472881789,0.03180957600532242,1.0602270258376756,-4.052086535574874,1.5294055398061732,5.537942892339623,3.2734837998452813,0.03968564386169031,0.01578099779163455,-0.04258308550309323,-3.6905753322945882,4.1287591206442,5.511488370847709,3.204973277694908,0.03944897683420148,0.015626727250095288,0.15211326105187858,-3.5613503443917573,4.244263771387247,6.4267979959304,3.6679792034954657,0.06799037370058432,0.026167112708914888,1.2474154942590505,-6.262921317743523,-0.7235355091017929
14,1548265882.97235,264073,7940,0.03746862630039535,4.526050628704277,1.3957528034425395,0.044531229018327664,0.01723121219594232,-0.01886624400920055,-4.155239075189041,-1.7940921343268539,1.9216243283304342,2.2198619019771786,0.09105857181860348,0.03448819285226881,-1.3840233211681718,0.1482011542080579,-1.324822978207057,4.1895011449038755,1.4875425311072705,0.045534845105518,0.017776116423018257,-0.12125892077185381,-3.810949855462247,-1.7360522216904661,4.463139555077753,1.3853974449194095,0.045011480047445734,0.017432795333654553,0.014359371644508099,-4.126005835829015,-1.7461769056823448,14.479674060476679,2.536193195888878,0.08584149905228594,0.030633411175287294,5.8909110539548335,-11.152674415790448,-7.1116792129149875
15,1548265883.00572,265260,7262,0.03691311008489668,6.780546695021975,1.5314605012934999,0.04576842011865388,0.017985743724688842,0.23655541925729479,-6.013575733908784,-3.1235815836210943,2.061244492492706,1.9709496156138595,0.09064047063168712,0.03496003687808223,-0.3089648386837844,-0.1853223253229325,-2.029513543198349,6.921676303583929,1.5673331056572208,0.04636626422239177,0.018308938847532662,0.2286015461976223,-6.080351330566822,-3.299495701095188,6.778214831446949,1.4824838274402976,0.04628069487541096,0.018191730899860335,0.32585173123619815,-6.029873947724727,-3.0514923855651346,18.472601415838337,3.1799578008711253,0.09481151080883449,0.03690420130572972,9.747920484902163,-12.260744911113294,-9.79230225805284
16,1548265883.03909,263935,8862,0.04644712033424635,6.869743904142701,4.214677855891154,0.06356748335392455,0.0246378586134177,-4.903164074106488,4.204500957170444,-2.339772440227914,8.847859243681626,4.663529549174374,0.12296517547628177,0.046783745563128004,-7.0382438112037145,4.4077456783758615,-3.052788116593405,6.939551856802409,4.287132701064413,0.0641768729191394,0.02505410420989232,-4.869801591509937,4.412166367761119,-2.2305157196878707,6.889587592272649,4.211320893283535,0.06418843669682289,0.02491407366899183,-4.902972576095683,4.182287146235123,-2.325244952022943,12.505404715355205,6.297054467737269,0.13209404102946998,0.04669785594078075,-11.734978060763932,4.026787173229757,1.5685732592804442
18,1548265883.10583,262831,5035,0.03166117271955162,4.992142796405789,2.0654224457065378,0.03975532186350375,0.015490142668749098,-2.7014794894270686,-4.028287985144633,-1.1816912357508953,3.8420513038738795,2.6191660922275117,0.08456678133064197,0.03200041352730155,-3.6906450137367446,0.01228072267940399,-1.0678702112286658,5.000692413335076,2.2754191834436104,0.0399636823365187,0.015691608361141855,-2.922441371668814,-3.772680801110093,-1.4943696379680618,4.875218908775134,2.1280786470534236,0.0403133640858531,0.015643225056041564,-2.7913444442906385,-3.869782917675258,-0.9986395144780542,9.264458976736337,0.6559128151828352,0.07817719105837412,0.02923108795997306,5.053626663084021,-4.010700805003863,-6.648709403676637
25,1548265883.33943,262342,1464,0.018736901180707845,1.5543619055562616,3.942280588220051,0.02354024790191705,0.008834174185575118,0.8231239578065184,-1.2872901947016553,-0.2852925483681626,4.186084947765551,3.8164352237172836,0.05570560766815792,0.02028410065967064,2.276409330967238,-2.98982182494043,-1.8445143542148117,1.5142007069234527,3.929097519782312,0.023641165079464347,0.008890939264066517,0.7776342165241219,-1.251407404714356,-0.34938276082897746,1.54947643520274,3.9422598541492215,0.023555954939735464,0.008841563820160105,0.8166522347412704,-1.2855440056367207,-0.288613318527549,2.7274238929986576,3.524751978799444,0.048337193329075406,0.01576148435935277,2.6755482810757907,-0.1895522740526351,-0.4943201625807013
27,1548265883.40617,263284,929,0.026687535620448247,6.1878305735181245,3.867938597374257,0.03438182724549134,0.013057934113969393,-5.297148274141802,-1.491027543951156,-2.829541346490833,5.402486915271328,3.3667568163418706,0.07633026606858348,0.028596497259631724,-5.358310753967164,-0.2641555566593971,-0.6368615041621819,5.754487680023505,3.7353848463550414,0.03459197910338647,0.013148398890832646,-4.986471470116351,-1.4312970750531289,-2.490104299061053,6.18587847019292,3.871433240978689,0.03443171428679671,0.013078722385498565,-5.282609834818652,-1.4914412182527286,-2.8199675636798593,11.81251907293061,4.291375448277153,0.08716357653613589,0.027411846606078615,-7.737684721976881,-7.50974129934074,-4.823652932022691
28,1548265883.43954,264088,5209,0.021358287290706116,2.729101705279599,2.4646787215382773,0.02540759781095887,0.009606813725443997,-2.0622376118526002,1.3586875688651396,1.1615249632409266,2.2541011753932203,1.6577865004264127,0.0581775037160902,0.021227328943651633,-2.2258998133051446,-0.28047197580178973,0.2183520112732197,2.7335080807485115,2.5106841560413744,0.02596755210661995,0.009903012771266203,-2.009463712518943,1.4687114767001224,1.1300480581799803,2.7562652554173743,2.475591623938575,0.025691372719839713,0.009672389531916728,-2.0720171587476215,1.3901283762738994,1.1700184633711406,1.1849572077762274,2.163521963991031,0.04714014733811297,0.016241557864861905,-1.1433638243281155,-0.3045935523405556,-0.06376140957648768
29,1548265883.47291,264794,3179,0.03867782014523554,4.559676650508609,0.7639719573674354,0.049210720968610434,0.01847309030169064,2.957594182165103,-3.4412236713890745,-0.44862841449026314,1.186697686013745,1.71410422350895,0.0954494652296523,0.035635264609392786,0.37363353443897984,-0.28116625761688124,-1.090685525488777,4.573554980447992,0.8073967920721862,0.04953286620124226,0.018668981744035803,2.9495155996280666,-3.456641486736604,-0.5190303641432511,4.600485226785858,0.7725781752015269,0.04953922020708854,0.01857980628905575,2.980798522846667,-3.464533701965353,-0.4533559014642308,9.117843799533563,0.9924775010217847,0.07957635321271325,0.027694225886825564,6.938410617213833,-5.713065070078733,-1.5344123189916334
31,1548265883.53965,264406,5858,0.034728959758024064,5.990706155914305,2.581005579946083,0.041553443681730494,0.015729186239943054,-3.2418042338734856,-4.984951903951361,-0.7276812977129505,4.073638163418196,2.961027515336309,0.08542193642344396,0.031632528516477194,-3.987623780514575,0.28430161746268956,-0.7826602467481814,5.723565005525384,2.4888821260585745,0.04198636696818614,0.015957135946391837,-3.078595517438173,-4.796209408796204,-0.5270875823420157,5.9909387594960375,2.5810606991018616,0.04188961374254564,0.015844072063958305,-3.222772866724222,-4.983707378123556,-0.6446919907493847,12.360328412973987,1.6369347000551742,0.0785361264812789,0.02577348400787934,4.932406347978829,-9.742740827920386,-5.790344312298135
32,1548265883.57302,265290,6171,0.026765853989940476,2.951243133861968,2.8620400707652145,0.035625715956867796,0.013242601452860511,0.27445202549691683,0.06084614335232132,2.937824002166773,0.8812846825589213,2.775267734966836,0.07393424026058057,0.027734781291294433,-0.2942943040346687,0.38178801055072764,0.7377611194183699,3.060659432870864,2.912032965961653,0.03634196157045665,0.013642512104808985,0.15700602345291254,0.1111053334732885,3.054609774994949,2.9393916462304954,2.8680214844012433,0.03597865869199421,0.013360526940823243,0.2621309976517187,0.051798537202712665,2.921371089996593,15.185955496171646,3.3081396499201148,0.06980390937549555,0.023489959426125258,14.632068922647607,-3.5394572241114726,-1.9970092471696395
34,1548265883.63974,265053,41752,0.02984509195465533,10.03837308578055,5.135440010556109,0.04020580905965104,0.014947862861498176,-9.42855917726847,-1.4662044121168762,3.117924096567914,8.624774124850852,4.5581390768379775,0.08518546437410113,0.030792610958158675,-8.501233877295276,0.7193253126555114,1.264247745814477,11.383534260501131,5.684885684004136,0.05202525746663944,0.01739629227969064,-11.381795334169148,0.19624675324235435,0.032778696287358654,10.4736665209074,5.40466173273566,0.04465843161371118,0.016398286141854575,-10.067920371099014,-1.2686518917624345,2.596370829966995,9.126691426384392,2.210291764870682,0.08315824687558546,0.026078828304358266,0.15840888478499604,-8.598527723492149,-3.0556053419897804
35,1548265883.67311,264136,40802,0.04746253209405591,6.478180775404961,4.751614140460418,0.0739347831868501,0.026885321369869767,-5.990063733422169,-0.49412030792104533,2.4169831918461666,7.019964280294192,4.910407637110409,0.13967287513817406,0.050257458983860366,-6.801612509700766,1.6509105056358488,0.5407959567799985,7.656629513295246,5.240164505361554,0.09241400440554487,0.031022368114261487,-5.844489743521512,1.7656416254776572,4.620435563030422,6.134354393416491,4.574375881694449,0.0892972224618522,0.031033280006246715,-4.98971194666527,0.11640762196301326,3.629058044540245,14.000550945297865,7.172523379186478,0.18685949572098684,0.054261068174857395,-13.905843721563773,-0.8401594731140483,-1.3917863424617523
37,1548265883.73985,265994,6896,0.050475267110962466,6.2911585351995685,4.94599056209871,0.07207112811522655,0.026450449342963294,-6.066840503577586,-0.25045363449391356,1.6460239962204826,7.1691310281796925,5.2296406519953464,0.13236223627367488,0.04818283000209906,-6.777622836284747,2.333707739233427,0.11864474755471506,5.881240895249118,4.793859918853276,0.07314599034372485,0.027049767649198128,-5.686221401324638,-0.315360151309642,1.468478334206627,6.193537493497718,4.897721013556704,0.0728612007457897,0.02672724988848022,-5.979117199150092,-0.3072678883622053,1.622494001420188,9.849054277883557,1.5622395116408014,0.16377614865045967,0.054826039099885295,5.260132250128797,-6.745208809422018,-4.882318813550277
38,1548265883.77322,264225,32990,0.037902718990095,11.209431063522597,7.655249282692624,0.06632251706806006,0.0238887799222408,-10.935818512715455,2.4413812101033083,-0.314445562490248,10.683172863115248,6.44631698784087,0.1262059195766011,0.04522547106585729,-10.099898163660257,2.9400867625075695,1.8649743525909261,10.732803116367121,7.438302541228774,0.07878970396986681,0.026895218395033376,-10.659928735893388,0.6600178788080592,1.0598860693621164,11.262757809949214,7.450179175643587,0.07579260632977833,0.02627983186439587,-11.032084016965335,1.5879373673933066,-0.9797796143089201,11.014297400649168,7.978178048001352,0.13193390405969393,0.043496790792719994,-10.387230867409992,3.621667561019208,0.5510954677125043
40,1548265883.83995,262264,6314,0.030551638101032272,9.11761266223281,6.042285913509655,0.044773920507957615,0.01605503739020791,-9.003185284194682,0.9640164975256008,1.0696670460787712,9.07875355952563,5.725467226660884,0.09059286522187567,0.03237524880999892,-8.592333116444077,1.973815540853453,2.1678630079742436,9.053099122839441,6.061547253671781,0.04577526944214412,0.016605560513837405,-8.881107274204131,1.2404808873216069,1.243279727263555,9.081979451179635,6.031257681370991,0.045301968208676054,0.016255985407008407,-8.996875626912505,0.9019439047093105,0.9948266824673039,10.881577800350225,6.0361338279857915,0.11578255118421067,0.036341638450966295,-9.483087746804356,-3.246687528929497,-4.235422328526118
41,1548265883.87332,261892,4471,0.025928704224805428,8.8765434455636,4.845606534872944,0.03395805509442688,0.012132874287361888,-8.65182337768593,-1.5724205916108793,1.2109786395240008,7.970727225687006,4.486749217761157,0.07268993177186384,0.025464189994879344,-7.915183884865959,0.7892379747158,0.5093721570058571,8.919969305435567,4.938563077927675,0.034275769833261104,0.012318694313877304,-8.72815017625681,-1.343832732900337,1.2567261024608822,8.909296386947164,4.849948128894776,0.03431234770621551,0.012270183668357063,-8.669527050505344,-1.5589504204733189,1.3096854195603682,7.256146015225654,3.5811885269468036,0.07934643189968044,0.025095888783954527,-4.914951826431733,-4.339803187539055,-3.108216825055222
43,1548265883.94007,260137,5950,0.03147381715417116,8.607922208370422,4.29580475146288,0.04161848920055683,0.014789119986392445,-8.375788796812174,-1.0770085329783246,1.668094540619409,7.646412561836759,4.1670836704191165,0.08744409621284431,0.030388416595431404,-7.46917885536979,1.4239931166851412,0.8069918809660718,8.529953452358674,4.290357876376973,0.04222645693070579,0.015100387107750456,-8.303666937217319,-0.9562597121159755,1.7014078459186355,8.556456307106373,4.308023633572672,0.04208981943499843,0.01501570450819381,-8.33802317089823,-0.9086007299827985,1.6640353021761154,7.382151166666781,2.5398944035580304,0.08960761051838999,0.028355642697033563,-2.019129854633769,-7.068250768314222,-0.6775703313101445
44,1548265883.97343,261104,7466,0.03400258000153771,4.282405894896787,3.548125619744076,0.04595158078145542,0.016300861051652436,-1.1871590821938227,3.033972015038281,2.7793285833409507,3.9896531684866674,3.4586054424067085,0.09178874254324822,0.03251063868288356,-2.1347984668747446,3.1764740657119437,1.1269340799285394,4.896106567680913,3.8657758892552523,0.0470307879573968,0.01685107343784729,-1.5960693352702893,3.518862688724143,3.006996437810181,4.242943546250524,3.558543372054721,0.04660234512077675,0.016561314844895387,-1.097364370944006,3.057039087450632,2.711640871366286,4.916865817496902,3.6059873618775766,0.09063973406914472,0.028168581726218292,-0.7122421798371342,3.2680773667852865,3.603879974310476
45,1548265884.00680,258639,4227,0.03275716921085986,8.897019178419317,6.831391010452941,0.05695075526817777,0.019933135674352037,-8.573745811620066,1.517490658101266,1.8289491850414872,7.297703567693229,5.386909875748034,0.1159989690102502,0.04030043238746431,-6.715231538354108,1.5593990003929517,2.393829046901692,8.700385938039506,6.984454359715948,0.057404352859376444,0.020225433840659918,-8.283559365606546,2.0999822353264532,1.6338403589766588,8.906003483604628,6.828719128199268,0.057276831450168056,0.0200194314516772,-8.590137792308486,1.5152462465974565,1.7327198094551555,8.861855246025097,6.787414658160252,0.0806937378173026,0.028121261903689007,-8.127818084276138,0.5315901478261101,3.4911980042888597
47,1548265884.07352,258249,3565,0.037262443503070904,9.124199899463024,4.3211961385302375,0.053725997400889396,0.018471820228728633,-9.07013922478885,-0.7234094812074083,0.678437153174128,7.798087320828743,4.296547425297131,0.10630063466693165,0.036060026252357276,-7.199331132408035,2.9862685224230954,-0.24899281354171102,9.058163318173772,4.419849405480746,0.05412301737930969,0.01870747933861927,-9.015885248547725,-0.3575326103788933,0.797688107122104,9.133610891331976,4.325698299273963,0.05392767220268363,0.01850062435089861,-9.068202011583617,-0.7893119655829134,0.6487803378764805,6.521637184493606,4.442365488146853,0.15090828292710926,0.04622563303762438,-3.7906411611119233,5.051643217884226,1.6259434040144356
48,1548265884.10688,257403,1074,0.024247482501778918,11.126050321279298,4.505252425968863,0.036747899872702224,0.012248732769054095,-5.183563257141468,8.182818407522555,5.473677979234998,8.16662812806053,3.722028829022861,0.0803591014625621,0.026747940782222143,-5.033959412772655,5.779739268877217,2.8191632794830594,11.07587138410648,4.487975545816144,0.03679543629520211,0.012267934405703685,-5.163996419524343,8.117098918972632,5.4882395206497545,11.137343367419769,4.507981506194548,0.03681336843782928,0.012265697589979292,-5.185416851041419,8.192227340228511,5.471198166814882,19.937423755636367,5.59973383375908,0.11127914843522013,0.03245667932059711,-17.644006045330123,5.017922725509122,7.810913404012779
50,1548265884.17362,255451,912,0.019236823328340327,15.788524038464764,7.423135881512378,0.03307502036797148,0.010987353680371242,-15.65291129396823,2.0022323248775584,-0.5049010334282912,9.995449059973518,5.340408936989543,0.07474395146048754,0.024621234815124765,-9.527639762366336,1.1972367549515666,2.7748345214975445,15.773128913676281,7.422318782204989,0.033129687295842924,0.011028271164286368,-15.635009202532084,2.0173850759861223,-0.517919317438744,15.790432700418487,7.423554948206666,0.03308020770516158,0.010989703657670408,-15.654515992171333,2.003994585797516,-0.5050306615245931,22.298978504643223,8.511931006427984,0.07148027800752894,0.020534123566047828,-21.583705866357136,3.9473693836553325,3.9757211137228268
56,1548265884.37384,256202,4065,0.031073680200738533,9.054076362086128,5.024753635547812,0.05019912809037738,0.0175080356812424,-5.174719371310192,-7.420461064435464,-0.36788012975851625,8.981557804644865,5.042943890728722,0.10532520296270234,0.03611692330804729,-3.5874314760599906,-8.22246527567271,0.4356383742367599,9.114725613653679,5.0139946952334,0.050591071873677285,0.017753646431322007,-5.222848777675676,-7.4599717325951715,-0.3858696756770714,9.071291831710143,5.005539791224109,0.05037776863782377,0.017627040584914138,-5.220059088575704,-7.385393812193007,-0.3658151652798653,11.337087736655565,2.892601143289441,0.1807339528720407,0.05360315266491584,-10.695979962044369,0.5688953566723528,3.715094759670066
57,1548265884.40721,257827,1915,0.03550491200623219,8.634097704151769,2.178790683317824,0.05097472969819364,0.017619141941998498,-7.975708263499498,3.3046893686821703,0.12144561294545614,5.288200531585965,2.1756920621779865,0.10290589316377217,0.03514565986129605,-5.220711365979301,0.2556226778353233,0.8024305215885844,8.685408738744409,2.21322513899576,0.051173414050175,0.01777349270529596,-8.051518580489422,3.254127341007696,0.1415229861101534,8.663816368294427,2.1810089303571125,0.05117421193567381,0.01767415373760254,-8.00589277089407,3.316780445561262,0.04054551412163636,7.499696450461924,1.3895200832102894,0.14483533348001695,0.0435939864201044,-5.660116924181792,4.854179419734928,-0.8034086224854208
58,1548265884.44057,258728,2551,0.018550030841953936,13.298666542917815,4.8449032942023935,0.03095501315887881,0.010482888137149173,-12.133745928983844,-0.8083364504204514,5.382688337021872,10.438010711380405,4.574441632892791,0.07021315821334101,0.023604675744659413,-9.623855432945543,0.6505748996638944,3.9887625294800353,13.21762997663286,4.757500324693243,0.0312661458454158,0.010609353886796116,-11.937970121829293,-0.8841490205903292,5.6043636640464225,13.318852119845133,4.8354814744733305,0.031080921554866404,0.010533075939920516,-12.132498351290302,-0.8341733943563806,5.351236854734098,7.26958539768485,4.141768559713388,0.0955615083836909,0.029175287250190335,4.096244214004427,2.179888769681374,5.59604683194173
60,1548265884.50730,257688,66510,0.030064868745624477,6.13254591191006,2.500586599818955,0.04445240271417249,0.014824928520101038,-3.792699710818099,3.3852592304529026,3.42980585571232,4.0479950967435965,2.4990982284806655,0.09238381882727273,0.03079407096380884,-2.5152595220542544,1.8099502975353734,2.604575543236788,10.27727553948063,4.363027318964968,0.0945896737276297,0.02817181778511354,-0.9545569241644561,9.332791607356572,4.196452597920211,7.317053079371018,2.7938182972488415,0.0573441773468161,0.01834949774474623,-5.421719848228309,2.643453564203302,4.072134468930989,9.952660890024996,4.140198172891466,0.12505992519360432,0.03790370209793636,-0.10088841352958448,7.530482934823214,6.506697095161643
61,1548265884.54067,260416,3120,0.02671495107793328,17.48688032430535,9.106694413111736,0.045109653911799996,0.01578527509298836,-16.745410129448732,3.793546580525947,3.3153020095480312,11.553432239490204,6.060121710734362,0.08983007407936343,0.03189237750505085,-10.64767078212082,3.705519084983682,2.5254765369893994,16.950835943864977,8.909484461442227,0.045448506322066526,0.016078025021440612,-16.244072607467785,3.7803586015898016,3.028173238526083,17.403298135401197,9.045283248575728,0.04531779967066064,0.015881417511855424,-16.66336237367164,3.850107928664955,3.266745942763499,12.891803885891354,9.399488566005786,0.13274866777720562,0.04067016815047763,-12.869895146261067,-0.3027993487300609,0.6875455700809029
63,1548265884.60738,258563,12700,0.026719488738432207,7.476381915323207,7.117954025472836,0.04205661503830057,0.014742214022858727,-6.281374127645708,2.6167341091000944,3.09730983509677,6.6197783110089725,5.288499100781596,0.08585000699436583,0.031149164713802156,-4.827211402066974,4.146020337373982,1.8248315891448013,6.934975765500435,6.99791521086017,0.04365478896810073,0.01560150678765862,-5.607006754207395,2.3030029239368,3.3692049000750233,7.327340535866156,7.053036770793852,0.04336902372697662,0.015369445511434307,-6.14898081572694,2.3821768832532833,3.209772349511171,5.929377795814751,7.319736556147699,0.08576576183467163,0.026187063685739538,-4.762998474899024,3.4801109818796934,0.6001617510396048
64,1548265884.64074,257404,14368,0.025199366287571953,7.644787390908302,7.9491422231268825,0.04159349021943371,0.01476503200176025,-7.0959400041153575,0.2613324696621562,2.8323338522296746,4.470514725627187,5.288111830014153,0.0875360497684082,0.03185372454812283,-4.356730618486606,-0.5533784845571476,0.835567162363438,6.891355384109299,7.90089128992082,0.04320165112380933,0.015615665736925025,-6.267483606399623,0.0013420882178333368,2.8652096733753023,7.189863989119138,7.88839539242254,0.042977609537868375,0.015483371992803644,-6.594773252238476,0.034204729989003355,2.8767823162463153,7.018819411507932,7.517651853598831,0.0948910208274798,0.028278448099474253,-3.473368954615049,5.973278847917941,-1.2326693966725395
66,1548265884.70748,259666,14614,0.03333345017439242,5.827652364873801,7.444220693644423,0.05417779399546023,0.01873595452836934,-5.406596802573259,0.32390444194449325,2.150657809302179,2.5091077232742522,5.484453886404883,0.11193095116961152,0.03893169254029221,-2.3128298723766147,-0.9670526400693475,0.10606007623878838,5.761291937766566,7.551600511867982,0.05535930382279262,0.019446914055347268,-5.0610903910552265,0.09450347539677874,2.7511666505103647,5.702893444074228,7.675895506855509,0.05519159799240632,0.019366506361327168,-5.082788994481576,0.2564029210721058,2.4088268776923885,5.155807313106472,7.254635323495829,0.1611366340831278,0.04733250942193778,-2.708174228245855,3.5541930134963673,-2.5721301332088053
67,1548265884.74085,259824,11644,0.03378104240366592,4.678808976630025,7.791242220082814,0.058210480387960555,0.019954522213701344,-4.085148983376187,0.4887583316087506,2.2279870997600586,2.991502856617476,5.420423904224264,0.1194386151980184,0.040568485381475575,-2.7375505644676714,0.2834807671366163,-1.1724098697967742,4.751565988034278,8.181622789520379,0.05939785360697754,0.02070142422656285,-4.085244155573832,0.3346152944969394,2.403370993559408,4.602953867703836,7.8573397456904015,0.0589796479949143,0.020431068762037423,-4.0361799137939744,0.5667310940244727,2.2014865158420105,4.7966710830902946,7.4404636289464365,0.15257748515320652,0.04363421403132879,-2.4774301978472177,-0.8777261441526326,-4.01247927222313
69,1548265884.80760,260005,11619,0.038435847254487635,4.4922888242788686,7.628672557184858,0.0643417585407433,0.021746524241663904,-3.3629127018129013,2.9273851118822796,0.5494483119059039,1.935427261266552,5.834475316454649,0.12881897024154856,0.0437705208745179,-1.0277196318528,0.5163630233947318,-1.5566117916901254,3.8565270597203507,7.444109705856449,0.06560069141723805,0.02246792137895729,-2.6013281585193107,2.782399593659821,0.6034445088419396,4.4230282914920345,7.767897284678099,0.06508345113591887,0.02217896630434521,-3.3352135814001094,2.8821892811160295,0.41041682229947773,3.8376289928007528,7.077760284912664,0.15255400272631708,0.04557523385871148,-2.702461969737501,1.8779295976321897,1.9742026276054918
70,1548265884.84097,261701,10441,0.03954653278199721,5.79180490320019,9.108145334563012,0.07066524578603241,0.02398518652369151,-2.813721304423669,5.034668127384243,0.5292384196818833,2.5319708527371305,6.4672675412246,0.13829185652689627,0.04707819419559855,-0.21796910432281985,1.3461282813470004,-2.133378662785599,5.7773958045048275,9.337373727233922,0.07234909065203284,0.025046201914041184,-2.2406078940900604,5.156272267600754,1.3307271881278553,5.758968601530714,9.2520732855611,0.07129737387014282,0.024417294571890548,-2.8433633158631375,4.970062690958878,0.5669710285341595,11.476402563903317,11.144647137822208,0.23495556811535523,0.06872509781603652,-10.759253671673358,-3.6820008944632225,-1.545686142307696
71,1548265884.87434,260955,8709,0.03365071507136669,5.407811826929529,9.900825967866774,0.06136167469508531,0.020657075116579868,-3.540643762635293,4.074877028373399,0.32194363672150894,2.885991935938421,6.9689716056983,0.11759783371810563,0.04078378552048295,-0.7576109887125714,1.4001565748390312,-2.407184373914592,4.610379363358215,10.329930651278223,0.06271046333889928,0.021529249452755347,-2.903227283591538,3.365731505380897,1.2242224665376136,5.104324699510006,9.86422693894275,0.06212824556949945,0.021103853330744597,-3.217467016142839,3.9894821578683413,0.5205803804265047,4.217514091472398,9.71042818959361,0.11600883548199634,0.036044419111647935,-0.8041488739771953,-0.7853402922375706,4.064973594703619
73,1548265884.94108,260246,9967,0.024648585588867122,8.394154395936914,9.29424640169271,0.04124445892873772,0.013938829130003251,-8.39186719854156,-0.006342192931838513,-0.1958385086189317,5.684736166427967,6.592125696990214,0.08611698874791711,0.03009889931770018,-5.274075866046155,-1.8971005109361776,-0.9493991218077545,7.79574225673672,8.989730931717668,0.042486785090628025,0.014645540035214073,-7.795043057789023,-0.07072090326889847,0.07680894821901509,8.261582549925675,9.222856925219016,0.04157120137294913,0.014133148732174361,-8.261179495393183,-0.016823453850831848,-0.10320207543374782,9.087540662769499,10.326398635385333,0.09298752830238738,0.027739534261743953,-8.158695767849544,-3.840575298684026,1.1265256500857668
74,1548265884.97445,260400,4604,0.023038634379340606,13.744676364575446,10.321571719782312,0.03727578289127815,0.012762792019973187,-12.916482011208767,3.3131104300858354,3.3322545069510583,9.054174859932708,6.660075561269614,0.07721662543934986,0.02686375683985063,-8.27892795445106,3.1786356365817667,1.8258449575740712,13.50738915168886,10.348390075745709,0.03795298507533922,0.013095918836469852,-12.728704126783864,3.1364395523226265,3.2545967311763233,13.80204385876181,10.381351743943389,0.03746620278376875,0.012871642306147311,-13.027816377762473,3.3153991099717355,3.166381085471202,16.42516278857277,10.976115383189514,0.07110094869630737,0.021559106020378704,-15.33475421528831,1.3563823074814632,5.726387414746258
76,1548265885.04121,260255,3454,0.027936936178273555,7.1504185772352775,4.821582978363485,0.04148410580129477,0.013541792812345396,1.2418873069436305,6.969375831595912,-1.0069767944150727,6.7571523308630805,3.983251251131621,0.09208279687098882,0.029854440355222087,1.5633406665741794,5.95045095553198,-2.794137972350741,6.934210025261387,4.730340542960576,0.04175635253395446,0.01373113788080594,1.109181943929045,6.719586401686407,-1.3038951951627225,7.146509468277448,4.8176815011344765,0.04160290317600314,0.013579398760257582,1.2502281012220373,6.959840316142733,-1.0461779199379433,8.222427021155346,3.235573315838347,0.16088783029164458,0.046125118298387814,-7.617676859611903,3.0730632430279226,-0.368222331084929
77,1548265885.07458,260577,1562,0.026230341346967702,12.79427385359304,5.033687365235312,0.03943715340530187,0.013193364689703333,-12.128059291401879,-1.818362536466949,-3.6465297134328356,9.040912982779872,3.9392047637388865,0.09018937761014885,0.030024035580162936,-8.051911059970271,-3.2179188376815984,-2.5592643862289823,12.770499461683057,5.027042206960875,0.039537566444904367,0.01326331254711219,-12.108020578016895,-1.797878755524605,-3.6399349120004825,12.779028843357985,5.021276866392917,0.03948965243040291,0.013209146298483852,-12.110612873758368,-1.8023538217394777,-3.653159472083063,24.762228941384098,8.984438070367613,0.12709819709652154,0.03719468751184178,-20.868675147522048,-11.58255889679728,-6.596264786599932
79,1548265885.14132,260970,4186,0.027332825124026107,8.62065825854875,5.167156553602081,0.04510064615686098,0.014744994902549272,-2.241412345468404,8.269056115838948,-0.9563108602191424,6.994477369553664,4.208025522119586,0.10004541233623887,0.03194117264897624,-0.8391412471646909,6.027031043948445,-3.448688509533291,8.746654785724544,5.197658302013446,0.04559889164467768,0.014990286723926957,-2.2417511479331087,8.39779360061319,-0.9775399597350503,8.68869550328019,5.192422349597485,0.04551548891872538,0.014887945298834615,-2.2732611114468866,8.34070508904513,-1.018525820070617,18.808646679189337,2.3819965873808426,0.15807860897941153,0.045539136857148964,-15.028062284330293,-8.224861146947083,-7.763645599479007
80,1548265885.17471,259965,4572,0.027144521570432747,12.035482068104209,6.950880797410423,0.039556064388294634,0.013689490474184265,-11.065792381948853,4.4812559500503,1.5229618121934287,8.928925509405644,4.988065005583163,0.08438216210864427,0.02977443434126345,-8.512694604861537,2.289564260461985,1.4204354311588119,11.64775293395591,6.6390615415578855,0.04002938607615592,0.01392970684794031,-10.548900599794859,4.616218649742844,1.755383127380613,12.06403593710091,6.969916780352431,0.03967582166742481,0.013739384759657258,-11.05775813920839,4.502582314783451,1.514468285399355,16.46503349659901,7.698421584867098,0.09003221651051552,0.026475418342985876,-15.45103369401235,3.3844257722971625,4.572586578998073
82,1548265885.24145,259888,5811,0.026091064412004813,15.016361444110641,8.69916942363128,0.04065453649787148,0.013944542671725972,-14.680499078124862,2.5992946000610075,1.793801945433602,12.046735808081863,6.991948205601055,0.08008522473438653,0.028445489101861718,-11.79759703234496,0.07618608761765186,2.436132913488242,14.573454474659723,8.548877457762522,0.04151197034709095,0.014327023556972941,-14.220169392496192,2.3341536848920317,2.173495881983422,15.029915597418967,8.71877734938419,0.040893435517265916,0.01405883950945527,-14.708321421273888,2.5757896702102494,1.702847883427306,15.42457636169527,8.464873810483494,0.08300833710589675,0.02486262659028058,-14.967525976898115,1.8637749192071318,3.2275478492476415
83,1548265885.27481,259764,2591,0.026435088014072447,18.087993162877318,10.181426574136786,0.038977522638158985,0.01334673662309655,-17.948582403963922,-2.2327988259118943,-0.19620334201978717,14.121547385587991,8.174981034571278,0.07355507423245303,0.026721870113174277,-13.58965616523926,-3.8388125109329367,-0.053519901778634964,17.695978550178424,10.002456203335994,0.039471419387310275,0.01353762724940574,-17.540919003641598,-2.337480916411271,-0.0005669859118431307,18.088264637298998,10.181069892913579,0.039044108732497765,0.013373638711150593,-17.947308732970743,-2.238652137001254,-0.2086803670956095,17.53934669351889,10.238384874367432,0.08542594994663279,0.02510776933509132,-17.230724519654203,-3.0903014498891688,-1.0866701026771495
85,1548265885.34155,261305,5467,0.03533695313019289,16.581384758212376,6.5352543174159585,0.053652782180183406,0.017577400360327497,-16.331598371474975,-2.5432060629163407,1.3241291682683902,13.184866097443784,5.3659892256640696,0.09592381773911164,0.032088246305824644,-12.87351494109808,-0.63256598267034,2.777258962793231,16.000997051839878,6.24222049315123,0.05478746611851934,0.017977509227219374,-15.840084486446356,-2.2394216776048923,0.32957649355383345,16.594858118346483,6.524898287344446,0.053925847245076944,0.01771787518841473,-16.34901019665253,-2.478907412665901,1.3194014342680336,13.711525810126405,5.858461180795711,0.1366688550244233,0.041492303159372274,-10.510037911798337,-7.799196422719323,4.088713525568446
86,1548265885.37491,260461,5384,0.020932008754693848,16.657517765550253,10.867675284952522,0.034896916300441616,0.012048505511929472,-16.0645873422676,0.8000487276331744,4.331495546077631,10.324738830475036,6.595560514314572,0.07662429874399448,0.027428720973832317,-9.834174160974422,1.7609463319358023,2.6054401749385607,15.61085100619479,10.36250608880992,0.03569940416946005,0.012432238066029848,-14.915083595456846,0.8154825919528832,4.535850374556996,16.61476950454489,10.843006754317233,0.03512926739492579,0.012171721136831914,-16.040261323681815,0.7654302654685432,4.358623502212922,16.34039543261561,10.516404056657413,0.06253798197834451,0.020441620244479968,-14.980183784994695,6.050536638211254,2.4481877076094922
87,1548265885.40828,261845,4143,0.018165828298908032,14.213814254590524,6.883427020564328,0.027700082970168637,0.009312456832538826,-14.200487761338634,-0.567801370176536,0.23720161908822374,9.934539271000725,4.834154543178956,0.064419985196284,0.022273790620490924,-9.875033642207514,1.0857126128169559,-0.0030355717051635664,13.984024827852833,6.632344587847455,0.028158027707215254,0.009531395494103445,-13.982606255644171,-0.025697277524200483,-0.19751540586193764,14.231400505598105,6.864542189429011,0.027855035446573334,0.00936959974973486,-14.221565092721448,-0.5129840551020868,0.30363169100982074,6.099204235956416,7.094518386517888,0.06559670174771151,0.019382300930337413,-1.7180737480986186,-5.216656017929088,-2.6523602505329626
89,1548265885.47504,262973,4838,0.02105989888409061,21.953975790149894,11.7906611100786,0.039739752150172815,0.013656218665642313,-21.788485461339782,0.628803423208865,2.616019982804678,15.160687924236681,7.94277407764119,0.08418629342965603,0.02896757295173341,-14.967364743797638,0.9585995777398616,2.214844873072675,21.455358758808245,11.61127089506884,0.04039885817656868,0.014014600475866574,-21.296548724459377,0.3510866238977518,2.58189273177983,21.97575124605096,11.80312770227529,0.03999803252267636,0.01378443341713945,-21.813903069608607,0.6602197220431757,2.5885148294391676,22.8337344743452,12.08635811358983,0.09659841095143715,0.029386711838494853,-22.254437751913787,4.174999073469907,2.947679278283205
90,1548265885.50841,264753,2315,0.02032985749362156,14.808777978394648,7.814452678254082,0.0346342508389675,0.011761475464363496,-14.467092369947093,1.095178622318573,2.9671075743931663,9.591408275839107,4.855321092690868,0.07764384219170384,0.026287289335929994,-9.248659452702606,2.1178127022194984,1.4043790087036336,14.711210402078756,7.748863420016625,0.03505974012806803,0.01196866262112091,-14.378826577536802,1.168753827044794,2.881505203729399,14.808510182522697,7.804702153683137,0.03473394053291013,0.011813126514440515,-14.462463084037589,1.1109604061172171,2.9629688878877203,2.7736234964244297,6.819311688436589,0.0901620910697844,0.02661745748406679,0.023262270047928545,-2.360744563059457,-1.4557923185314274
92,1548265885.57515,265342,3408,0.020923711566934306,15.596635642290883,6.926607880065764,0.03618414868289778,0.012348395766529659,-14.821875758893691,-4.149631946852736,2.519443798134239,11.99876957480797,5.188185937847262,0.07940425273041794,0.026852385732075868,-11.378345869736187,-3.1508753473626547,2.139088853548897,15.41196477131274,6.827883160357606,0.03661912533472916,0.01256126155611934,-14.712865366789433,-3.9858237586940097,2.2745240767121655,15.625253617169182,6.932277553137986,0.03644900868385611,0.012451497461212845,-14.871436483270916,-4.155100523349196,2.4988058498169394,11.95821930770815,6.422411395310372,0.09317967536631716,0.02741392958011532,-11.632389263555226,-0.013970499676224308,2.7724238235716925
93,1548265885.60852,265527,1565,0.020185598369402542,19.905264505040314,9.410803134147963,0.03690473208074032,0.012621495699579151,-19.247598290315672,-2.672927745266299,4.313348158778814,13.29669601503459,6.1100637171393375,0.08173913394614933,0.02771207133508015,-12.828327393393037,-2.422668937464313,2.5232551245571884,19.74473668036075,9.39553255714345,0.037437084268049294,0.012795951021766163,-19.197045211972657,-2.626654858326569,3.7985215494308266,19.914346704796642,9.412215327707926,0.03696176396494256,0.01264786134262557,-19.240384428028385,-2.6621710966908605,4.325729384628572,14.911281485018858,8.809419495124175,0.11685574800187284,0.033795000793178986,-14.713517568015062,-1.882654654152435,1.521291475811415
95,1548265885.67525,265966,2357,0.01796813496942559,18.287274245993558,7.808830493821998,0.031188891880952245,0.010694349136660022,-18.129160681805764,2.325978235181261,0.5897097344544578,14.328073734012767,6.268726666634554,0.06585586149509783,0.022229747866672218,-13.833377106008552,3.406426315470845,1.5256587192202546,18.177538906863575,7.742329032482345,0.03162395799952167,0.010892187901709168,-18.015960663227865,2.4105488460078157,0.19322616948916127,18.289695895479017,7.808072907745908,0.031332977367083306,0.010769340332752102,-18.13083694437003,2.305089605339196,0.5970997131075846,13.758757025017902,7.29240508817383,0.10696564447950073,0.0306944840612709,-12.791326054741921,5.060822320425795,-0.27101674457492086
98,1548265885.77535,268043,3860,0.021958576006716104,17.64450498331795,8.8067150423719,0.038560151451739,0.013405937362260471,-17.447343063147077,-1.9821945358020057,1.7290693928880219,12.479313022883426,6.0506828230102885,0.07167276710456848,0.025657716955513256,-12.398886294115288,0.9614823078723853,1.0375085350763857,17.230229361728554,8.706158975765446,0.039769428378200404,0.013752861493094131,-17.11044741257414,-1.9243129464456243,0.640634750422979,17.60102007692833,8.79197865366326,0.03871859720515665,0.013487321839858277,-17.40695887526728,-2.007769760538089,1.7073961530079305,14.968550281263651,8.278435813244842,0.10450641922555204,0.031046844124307096,-12.739791066127935,-7.78570364267402,1.0667895305905164
99,1548265885.80871,267958,10252,0.02208300358634645,13.939138932047898,9.537654190503382,0.040043453281737154,0.014147997671193836,-13.695266353995848,0.02472706758390535,2.595893339906589,9.069081270031393,6.6233163862203135,0.07775264939143721,0.027924179475732846,-8.398992079594066,0.8971627975418612,3.3015550948086894,13.369812712866716,9.286998568847151,0.04174361175323607,0.014984185838351432,-13.014303224673807,-0.36301432369414843,3.04105642074762,13.859183285057071,9.489634341500961,0.04039679871679308,0.014330387911282341,-13.594534368441707,-0.003109295005520631,2.7526101589359757,6.366551320389043,7.727653939040549,0.1026352060649922,0.029184809913546047,-5.576701988308079,-2.8156222213568,1.2270461097081788
100,1548265885.84208,268619,6022,0.028897901249817084,8.711464618973661,8.140204847539623,0.04996822725016559,0.017559631356107448,-8.65071301469629,-1.0253781775313524,0.058135514417512336,6.6506782213459354,7.344939609285446,0.09482993077382701,0.03373338651076702,-6.41445724150369,-1.6873039490850168,0.4891466898672946,7.946522417195457,7.902015866381068,0.05117375145346837,0.018039612457410703,-7.871050982537195,-1.0820566444487438,-0.1514211857519136,8.66711445888674,8.130211143027768,0.0501561653833589,0.017641714310703792,-8.603024241481085,-1.050096550443986,0.1032113875202069,13.727346008390947,8.177033747914557,0.14101405310648663,0.04196622852190742,-11.224265066550508,7.863922837924045,-0.7839768804482524
102,1548265885.90882,268364,4064,0.021293847293008532,5.685955095955242,6.30685542150185,0.035489450781577316,0.012383358693704289,-5.4824784424884205,0.3242468075362824,-1.472202258071778,2.0878953594987046,4.23435334653366,0.07853033533293163,0.027881616294057096,-1.8369927959315442,-0.8460182099948249,-0.5186691510674072,5.414276414521341,6.262915756641277,0.035833074074714075,0.012516777633552837,-5.2239679879827365,0.2390499375666261,-1.4026413229058456,5.691981293014177,6.313179895767595,0.0355668374890154,0.012422079331691458,-5.492354536209405,0.3205372024299379,-1.479333824628049,6.6587848122258615,5.988115506025138,0.08114846931699994,0.02403777307146168,-5.579786479504165,2.9383742850529933,-2.138072631977602
103,1548265885.94219,268173,5582,0.020676498138320388,5.41204903490153,6.612588238335122,0.03518004758760042,0.012219289551606852,-5.3981614397261,0.061999171525810616,-0.3824708218451936,1.6080155250938153,4.362811678628033,0.07763280275293816,0.02802245263643311,-1.5804208811462501,-0.25482610300601616,0.15181378266289203,5.440266273187648,6.599232537925399,0.03571343269476271,0.012483329019846391,-5.4335965051637345,-0.1347159274781908,-0.23319039675588216,5.3677689871129255,6.606347298919537,0.03550979087222022,0.01234813231226525,-5.356458521686989,0.06121554316318728,-0.39972305199994057,2.9914294576428797,5.815024188435417,0.07480470175538506,0.022959650567853415,-2.5316413818645027,-1.529741659591401,0.4464667609075877
105,1548265886.00893,267391,2381,0.020049854287637156,13.330953904278541,7.0976221714845735,0.03369221883978999,0.011744131522592757,-12.853839398584242,0.38921911112093416,-3.513068914345541,8.650789101751007,4.809377841506953,0.07265343926154787,0.025716008623598526,-8.34372713557988,0.8253085793208398,-2.1300787118933893,13.086669967649344,7.0019140673546705,0.03390655582711983,0.011862813195466074,-12.56177253025491,0.5221482685630155,-3.631826389840946,13.261560196168887,7.071237480530067,0.03392419641762902,0.01181526254107001,-12.766312784263011,0.348061711456,-3.5251291237864066,15.150143268541196,7.268923333527493,0.10175488181022078,0.02972322250632196,-11.703436736680716,9.576027856158875,-0.925256778362424
106,1548265886.04230,266942,1725,0.017679361461577874,16.317776020395133,7.415256848036582,0.02938763052781592,0.010404984283089376,-15.831712023297788,0.965886323869499,-3.833245657730872,10.506681749264365,4.810427129751467,0.06571593682450134,0.02347731761302678,-10.103307148606461,0.47381528694865077,-2.844124665885136,16.346745364378965,7.418999349573764,0.02961473085850479,0.010501623012353764,-15.862772989480474,0.9134833251864369,-3.8411020953185053,16.31707854828001,7.418544702682096,0.029523253701060424,0.010448575560021257,-15.832138125676924,0.9789747708032002,-3.8388646193715736,7.096434368555988,5.8273306301810655,0.0936539670394963,0.02726952081038308,-6.168331621022521,3.3677612623605144,-0.9845048705111716
108,1548265886.10904,266445,509,0.020711498652537543,16.812293117140154,7.012535028753142,0.03602540268760186,0.01263312050832411,-16.466558023520474,2.8726454089220104,-1.8037669110145595,10.636938248761112,4.623603861506535,0.07831999000547223,0.027529538005322835,-9.936526339238222,3.7102748519247593,-0.8023466462551536,16.7598770672635,6.996757846740947,0.036144294189759084,0.012684999695233836,-16.416863771873395,2.829769764824748,-1.8364275873606974,16.811503397220957,7.012397851768808,0.0360310640735598,0.012637121674184678,-16.463875427034417,2.8737868614482327,-1.8044741535144435,17.151562981736628,7.025380322110424,0.10401787688200165,0.031573901537316366,-12.806432663911908,11.114027343865466,2.5787189340793177
109,1548265886.14241,265231,1495,0.017040655187731093,14.33252990124543,6.154124887670881,0.03052205326517709,0.010679444142783382,-14.188998043872036,-1.479073524952176,-1.380611961731251,9.953228252164749,4.32893703611317,0.06646884372100526,0.0236901941017418,-9.685159192897617,-0.8440094367941858,-2.133563244556788,14.44347870998038,6.226590641777677,0.030709444591937713,0.010748785435500723,-14.315472363084762,-1.5338785264475332,-1.1526252355019853,14.3339476387108,6.15722706860041,0.030553195558144182,0.010690907868641849,-14.190423667530405,-1.4731326997009306,-1.3746425363167267,8.513364794402488,5.09640963847671,0.1012693788230819,0.02988456267794212,-6.820675655719528,5.053756378580277,-0.6444456439497734
111,1548265886.20914,264906,1124,0.023260419218966173,16.11892067724318,5.962459285232156,0.04460951162140469,0.015407842053065371,-15.905968110488459,2.079201172913153,-1.5800964369108774,10.04051655096261,4.01440670352447,0.09566844727128074,0.0330979734306185,-9.512720449937474,2.6199522901311987,-1.8590245423156264,16.1358679248945,5.987528980013668,0.044780830265965486,0.015456711604956562,-15.890649602198458,2.3243885734771554,-1.5654733051949723,16.140981295821927,5.965341346370378,0.044756791392619656,0.01544310750573082,-15.941061158439274,2.072949595954624,-1.581724383548532,9.223161137851704,4.732177397093163,0.1354481101955342,0.04175257822359398,-5.50667162837145,7.063278810745799,-2.2030345875034065
113,1548265886.27588,263719,5747,0.01660827862469735,20.288787145316245,7.4601613772211115,0.03261995314462487,0.011370368433282423,-20.177306896886876,1.4708215835992429,-1.5322708918495835,13.262772845409652,5.06637891777128,0.07288917624270619,0.02565243825690198,-12.818163886578994,2.741629182467474,-2.0197246227098593,20.250094309534607,7.42586952246891,0.033026364798823885,0.011588903822131656,-20.14919500055604,1.3057304816106061,-1.5399117779945435,20.27819911283226,7.448266327165417,0.03286130060980519,0.011464523708981947,-20.166219323336644,1.450751946792912,-1.5644416284344913,2.6519405462041377,3.9005797392342534,0.06850991494924182,0.021680388432327776,-2.132944329877682,1.2240363988668181,-0.9925079548765833
115,1548265886.34262,263064,3043,0.01927742683398425,18.359586696383673,7.598325201583972,0.038069411527912586,0.013602414883616382,-17.72531053918245,4.5896572576582075,-1.3501245160359612,10.684665073097781,4.616215450506033,0.0868388004528916,0.03115880530418985,-10.405896257520412,2.011824587645174,-1.35349644644698,18.424922192928207,7.662427959634102,0.038292715954716505,0.013727881414450168,-17.802443857032525,4.534058085332313,-1.4117605361731809,18.372926204471902,7.599342537438076,0.03823973112563924,0.013666476416789981,-17.74919965697233,4.561370525344538,-1.3592416933831672,11.627577596571433,6.136064988715632,0.11299286279786667,0.03512326270856371,-10.498617731056564,4.858633269181968,-1.1718657162972135
116,1548265886.37597,263076,4485,0.023265790160594425,14.801893549883399,5.786170960986249,0.04548300556275421,0.016122324511764204,-14.215945323208082,3.816376034365241,1.561481730267977,8.663463293170732,3.8747098144579133,0.09881406100108281,0.035158455197573865,-8.15994723442395,2.7731660305871144,-0.883406775121916,14.82971477614904,5.787979113863268,0.04576595794369615,0.016269975970191922,-14.301934459310468,3.6198087023311,1.507347346184354,14.861561310937276,5.814343470633174,0.045767429620787226,0.016265239914550256,-14.243885537508419,3.9212219416640077,1.5638879715106555,10.42751651369463,5.309578349850928,0.10921852288948751,0.03620475692519327,-8.165550534434923,6.021270372056157,2.408565593784502
118,1548265886.44273,263629,4637,0.020842671102630075,16.870752819458758,6.848732482891043,0.04137228533337412,0.014665440117170294,-16.578712937207737,3.0170180708775307,-0.81619850583963,10.42114469172019,4.468094964434521,0.09099746935865431,0.03265812770852588,-10.065605577867286,2.200032626948138,-1.563233020678159,16.988911650304598,6.903941652928645,0.04185739344820607,0.014900831319683946,-16.64772782554869,3.231478182715403,-1.0167723751860651,16.8573420560192,6.835952431855835,0.04186179901020827,0.014846012269664598,-16.575723249606057,3.0607220580411854,-0.8250353665009682,6.072426451838212,4.7071957966144415,0.10645095676640762,0.033437065098589736,-4.316618374290241,4.255356835754117,0.3648383534183468
119,1548265886.47610,263028,6463,0.02245876637543251,9.279238427174159,4.330460456259571,0.04318612365859047,0.015196827907223695,-8.881468125230683,0.9876787995857351,-2.499656039879453,7.001522883605863,3.1759271030317064,0.09373550223276206,0.03335994534571535,-6.3536233023624185,1.6825005499487107,-2.4128790936878954,9.355530195878064,4.307348345989019,0.04362851357364195,0.015441262473733178,-8.877169733862738,0.9705485449785416,-2.7892361470513127,9.270530119951232,4.292907647060636,0.04371378496111303,0.015393431994963014,-8.844946537130804,0.9479817863419405,-2.5414095800282404,1.4971316654623197,2.7893539853600813,0.10269378943425418,0.03227231540035917,-0.9155985974639211,0.6794085637175162,-0.9703022393045277
121,1548265886.54283,263103,10766,0.019043989182984826,15.827233469707865,7.6327743018829635,0.03577755520635763,0.012977814712696326,-15.372838899413294,2.971133217350216,-2.3129009667697633,9.463590124329436,4.516885501567097,0.08075024171491038,0.029650342213428875,-9.117387059140558,0.817243002665065,-2.4010216845578207,15.667995469718033,7.532071059628057,0.03654407995226564,0.013353528415296622,-15.164838229487756,2.943611240133507,-2.6170434424233733,15.875697078128127,7.670581299859477,0.03633451986433219,0.013215228661455157,-15.368836997214625,2.9938080577425072,-2.395895186241564,11.239075903878037,6.57412894615474,0.10844001632142293,0.03501749668936704,-10.12557190050441,4.758922576746125,1.068773488342352
122,1548265886.57621,264002,9124,0.03206835530444365,6.079322644990473,3.1559520409612656,0.05967825037347979,0.021255047457935647,-5.171484157653577,0.3372322170379494,-3.1780795869241087,4.102359983628628,2.4668405344346267,0.11616900427047346,0.04157357980379559,-2.99305712185202,0.2711684665598716,-2.7923886125236845,6.173088173899633,3.199517644080629,0.06058050812213534,0.021768498005685654,-4.989583257594613,0.528553372118312,-3.5960683879889452,6.187507525783168,3.15284251292098,0.06079693907023858,0.021706954165893477,-5.234369497698976,0.3484462543462969,-3.2317328882700855,2.3742013714340198,2.3594971102031663,0.1032059651381409,0.034641900726950885,-2.130761680259281,-0.29714776840007895,-1.0041862465661824
124,1548265886.64293,262603,9574,0.02519829862666636,8.805397463934586,4.466520943967658,0.04253517089153539,0.015368373749142775,-7.893592283724301,1.6753751139267106,-3.524108906351917,6.126605053074668,3.4482747675390177,0.09268257319443987,0.03371032322831444,-5.035857185160601,1.9160504472423048,-2.9161931641523626,8.916865667754955,4.471293198091997,0.04329624401981345,0.015758790907184662,-7.791025715297725,1.8824083913704237,-3.907294497277469,8.77779489507839,4.449540226593909,0.04372341785288818,0.015681036794632182,-7.832789898900318,1.8794383046444114,-3.6236482028314825,15.397226535368342,5.841766742946816,0.1175018586419034,0.035548142562671865,-13.498573194000404,-2.262408893804523,-7.052986084269478
125,1548265886.67630,263995,8025,0.028310382327425682,4.4610312445912825,3.8870258901673225,0.050229295704500604,0.01784128810306005,-2.301956600893127,2.751821915944598,-2.651277374352071,3.4824933624859686,2.911749715357441,0.10602145549993597,0.03767378306356637,-0.9217221582069309,2.176227462639717,-2.557776830312192,4.404434210775383,3.7133176441548628,0.051246413069147456,0.018363830071984454,-2.0765431824359704,2.3183963336301594,-3.11641582089706,4.596502121541458,3.9609323547143016,0.05083985168829371,0.018006263849213444,-2.515892118671451,2.820747411119674,-2.7141301461498375,12.354753572572092,4.2574956831840245,0.16520696286090852,0.05292062613798541,4.130184576566188,-10.072043305475008,-5.842555507234287
127,1548265886.74303,263507,3989,0.022114425597895403,13.84391622469622,5.68246225329253,0.034430130051600304,0.01226038687806059,-12.678271421868633,2.6460558953797255,-4.890177746090891,9.256860688991187,3.9194927902004024,0.07786900136024087,0.027975117191224197,-8.084024931107104,2.128524531339789,-3.9758513614210864,13.862609374712251,5.6597308529802515,0.03499135670075413,0.012447205333800237,-12.457799330222493,3.168481699640118,-5.1899805628551,13.854603997006693,5.692367482854459,0.03483965403591712,0.012420472376131657,-12.619620382341694,2.660811899770705,-4.946304928554297,11.815849625415465,5.410074152096708,0.07750486555386961,0.024372839877655473,-10.161758546907835,-0.8515297197359041,-5.968908002405701
128,1548265886.77640,264283,5172,0.020749209254471674,15.913093482307444,9.548865779853024,0.03555268988855751,0.012800020465346522,-15.902115141543014,0.21135511999639064,-0.5519123254787011,8.72341775322153,6.271560515913602,0.07030836780996923,0.026284719377138093,-8.431756834914124,-0.45334833149055964,-2.1904267311266623,15.670016062613579,9.577040576793753,0.036112959133669,0.013074223091120687,-15.628070581386158,-0.45399307440431075,-1.0519998071163945,15.83731647978355,9.509089080904118,0.0362874633957783,0.013116007028996478,-15.813008771897012,0.1926655440119478,-0.5920262697683639,18.8694096543166,10.241797005503663,0.08679697548767347,0.026386429963903082,-17.950951149697868,5.422381990662522,-2.101367904703021
129,1548265886.80976,262540,1722,0.02233676218359926,20.4836921043536,9.75439231694306,0.03905202136923427,0.013946876910204086,-19.565252072953783,4.358889736367106,-4.216946029288151,12.753386023522658,6.489312975531633,0.082350771362212,0.02965088793940906,-11.932028760070828,3.331910450018883,-3.028847550947496,20.385333482238348,9.683820057218956,0.03931565274340715,0.014062566103502098,-19.400907966491467,4.291912088363569,-4.554786700116104,20.472197564825308,9.765267991852213,0.039142588488287805,0.013998693186214967,-19.570067673069474,4.331609332254397,-4.251496418057442,20.739266029649112,8.488492703592538,0.10952433019691242,0.03397329208938137,-18.4578809259326,9.147798540512063,-2.396157139015824
131,1548265886.87650,264519,3689,0.02231271708263087,20.7243789642594,10.142662649248479,0.03955072180436259,0.013984477196707729,-20.537066139470845,2.0393959446548457,-1.8893549211736251,16.34140102454141,7.802656035901607,0.07968974315882912,0.028626943040429887,-16.03543965199078,1.1685875616451193,-2.922407521721251,19.962510920201144,9.809452239097757,0.04010750776601675,0.014239399505991688,-19.790144389272523,2.085999098052118,-1.5813396389836483,20.717979355633403,10.13960678627318,0.03963890448650644,0.014035726616349692,-20.535009034936557,2.030760856101831,-1.8679424220588328,28.426968752086704,12.014385947552817,0.0877449998483573,0.027476854695907,-27.541258444484765,5.408342189729402,-4.507934170438136
132,1548265886.90987,262681,4026,0.029132458793267025,14.630532739495088,7.445133950646791,0.04507358410456565,0.01636027177024759,-14.626426302341576,-0.006393689085761884,-0.3465558892127941,11.883278987844268,5.754790370121253,0.09547505668228295,0.03459355635021606,-11.802202013173849,0.7809276894898769,-1.144770320616404,14.573687054927202,7.330623029240664,0.045821028437239106,0.016753761271137518,-14.545764643311466,0.82730688566419,-0.35867622345980493,14.55484373997662,7.44923196146466,0.04546157296172619,0.01647624781322965,-14.552607135067117,0.007125251827606045,-0.27467654746773723,9.071807809680545,5.638345535247445,0.10869648081354222,0.0335580411229722,-9.044958986201234,-0.6249728095397399,0.30955267896510713
134,1548265886.97661,263752,2968,0.029880165465906997,19.690471709007962,8.57305337757804,0.05138867006782268,0.018042906941411287,-18.197291099007973,3.9897111077587817,-6.376164839292835,13.346344959425501,6.513147260808811,0.10652960633475166,0.03725014020713513,-12.253117846017181,2.586261038505779,-4.614897687739649,19.562630583666735,8.567120066768988,0.05188206496461142,0.01832250115695426,-17.99765486679497,3.8949162170588605,-6.603829367180548,19.654537773196814,8.56164012146252,0.051636009890877965,0.01811260541552109,-18.172481578393434,3.9957026935598465,-6.35946012513312,24.93624200239121,9.337747541492792,0.1186372347085654,0.03594472762513081,-23.559683968194534,0.8435161614366629,-8.126865140139358
135,1548265887.00997,263345,2817,0.021812220100713143,14.894405263969707,6.817107614136455,0.033810108474948246,0.011793704385339488,-12.404308172742947,6.361997536926638,-5.2441809906915315,10.703549233799297,5.622359913342959,0.07591607992622726,0.02631475713479996,-8.754573869305583,5.386064466383659,-2.985584051939705,14.907793071679778,6.838786808191267,0.03407638054274496,0.011929290833299461,-12.44792000549018,6.296383094619308,-5.258054937972137,15.000207815615564,6.876432894536725,0.03409952750535366,0.011888472418468216,-12.457182255028103,6.488743542667395,-5.299671147071356,14.465828640217097,6.678259504064969,0.13374896095009672,0.03977675729005988,-6.173038860674704,12.778482715588263,-2.8043125646291993
137,1548265887.07671,263498,5379,0.02280437816210482,18.33971829601808,9.190128457542047,0.037120372478713914,0.012781433419082227,-17.95254248095158,-0.4928513364822998,-3.7159902054575955,14.738037348588442,7.052918500586512,0.07967432768772263,0.027186042811727283,-14.090228858795665,1.142521608727024,-4.167713997953966,18.321040543093677,9.190422191151876,0.03801765517345417,0.01324739218333661,-17.893184130550694,-0.5547943108329193,-3.897010588202012,18.393248475064887,9.19782999311401,0.03737307160064569,0.012860853794968617,-18.020466074468317,-0.43873201439844023,-3.6607762674535693,25.927416494774427,11.321260113545911,0.10591847259228263,0.031123705174024966,-24.28766215222774,1.554730379381929,-8.939978004456846
138,1548265887.11008,264263,70317,0.03804058450514859,6.358480630176761,2.9640648676317203,0.05941163475875204,0.01990694401428769,-4.743238230909488,4.223050007075611,-0.3127549310728344,3.9120500438029886,2.6057383835252343,0.11790504751360066,0.03931898489251426,-2.175105910802554,3.2362808604155098,-0.3154932875973811,3.4013771125027574,2.93043927493674,0.1278213742303798,0.0383344203888751,-0.6890915193000607,3.3298894783275776,-0.07971951837299625,5.253669298062087,3.095065341271902,0.110629294053969,0.03376102448186029,-3.6413254625344114,4.475356813876405,-0.4069523037085585,3.200205031517767,2.669626863459706,0.14169861797587566,0.042194232450073484,-0.6939130698835018,2.0789387199403953,2.3319113820917545
140,1548265887.17682,262415,4189,0.03828944947902117,4.281979987031784,3.8504546843080876,0.055482449240450316,0.01921965322293481,-3.4730101327922274,2.4842900908812258,0.3191488229848024,4.451921418303852,3.5331294983905845,0.10429732776791764,0.03706844735130574,-3.8052898968304234,2.271658104603524,0.42301604180220576,4.031505575234559,3.7240243710563274,0.056389066192194734,0.01965450381270826,-2.994724713378266,2.6878077757383085,0.24566329581253302,4.310827147975998,3.8519559874745655,0.05614673995152193,0.019485631677385058,-3.4664101881483185,2.422640923929399,0.31097305042997186,7.145022916471881,4.652796116355117,0.10979566001757847,0.03424941324950387,-6.643937293335012,-0.5825123351346907,2.563226306543474
141,1548265887.21017,263997,3726,0.022414090118418068,21.479174708064217,7.590877433865566,0.03613025251247283,0.01226208457526149,-21.398774840488777,1.780588169872481,0.5262007553398736,15.063002052552617,5.394261884622223,0.08060688561600365,0.027037747700695426,-14.858116602453226,2.4309884773733987,-0.46978387156854284,21.880885023751446,7.7319104837654615,0.03662095970613365,0.0124754931946621,-21.78865696983035,1.9007501685938697,0.6439764516534702,21.41661322012888,7.571497208723079,0.036509943233932536,0.012426563801760045,-21.35071352423288,1.7196976326236073,0.5107205005109368,14.531441892029807,5.43277052857584,0.07564748911191381,0.024153937949089682,-13.1736005544574,6.129525129527485,0.21902871850411268
142,1548265887.24356,264032,69788,0.04555899419231469,6.51880608534751,3.3914845845990538,0.07394044831786184,0.024805255825216227,-3.3134507185880535,4.275982869619592,-3.6375606678888306,4.353378314727541,3.337100109189961,0.14135451299622387,0.04655938255520513,-2.0301502531058575,3.4701950540064965,-1.669772136581238,6.232511514302356,3.025756183244588,0.17115507480459063,0.05062679572989321,-1.73790299785106,-4.463066177629218,-3.9880989506372404,4.7465409363443545,3.3053141721361223,0.14340902391130003,0.0431962177571395,0.6133127366500165,-2.3874416244927863,-3.0648490307870375,9.911282106076808,3.891819067487529,0.17435641712316985,0.050930953220379195,-2.541189627000469,7.018485033182886,6.520485879507093
144,1548265887.31029,264505,68493,0.027025810967126616,6.532222228990539,3.4592752804665894,0.041784734605484375,0.01421361632798128,-4.450421423791648,-4.776132576324209,0.2285476163715539,4.581802120173901,2.7228987242658627,0.08826915994315368,0.030267854097840698,-3.564924746166459,-2.565043790547308,-1.305669397349403,8.681124737673791,4.764175306418425,0.09405641520908717,0.028038431512002977,-8.42590362012185,1.4727711280115436,-1.482234832934689,7.1491003009585326,4.246370109810355,0.06014646076427593,0.019242537716307392,-6.518768483578162,-2.149090141287589,-0.8065646810632023,5.4799539893775595,4.122180535743552,0.11173617023017174,0.03377661970029626,-2.2756080003049655,-4.970075004202004,-0.38711549600799333
145,1548265887.34367,263878,67238,0.05288315858049861,5.459297111903322,3.4476796010842543,0.08749720656828698,0.029243506125789312,-1.1525732785689862,4.824181582066827,-2.2809585390383345,4.909201338713228,3.6840711597791564,0.16395144413524282,0.054106416894075686,0.8649499655014823,4.819475474782242,-0.35323574164461347,16.053452654276015,3.4050902101253886,0.1970777580123051,0.05866601985880778,-14.944543239111955,4.597917634655767,-3.637735961049987,4.0691078023644245,3.5639486814279193,0.16698347596980304,0.050451863040286496,0.5794163634288089,2.1350181719672268,-0.4417898796246813,6.4618056186139,4.093531196832952,0.21893989985234533,0.06372239746284795,0.8379279805371533,6.406809422899405,-0.07484364255227585
147,1548265887.41040,264104,8001,0.025856714204678794,19.442716867109265,8.163943649083222,0.04410607022708675,0.014723303880319137,-19.442286836307535,0.1164548429999904,0.056214045040228276,14.811972746475176,6.382956333392199,0.09652521083333827,0.031603712996378173,-14.751059883537838,-1.253693705537584,-0.478561435240515,19.56615288667747,8.109752244787263,0.04618703705594443,0.015353834783528334,-19.55563457224973,0.6414538617308934,-0.005674921919478875,19.630923279569025,8.184232731833655,0.04479795634434404,0.015014867997751797,-19.62806506862238,0.35339140824469306,-0.133552868094441,19.378418887398524,8.100042023276574,0.1256738113694616,0.036717947134891404,-18.376391096469135,4.554440620824237,-4.133816575088931
148,1548265887.44376,255655,4890,0.06705771246138478,7.269531578851938,2.7381726060237126,0.097406352269481,0.034101263117232196,-6.127645209167926,3.360298042427524,-2.0016120084933187,7.327495978005405,3.423673319048192,0.1716022143734694,0.060164271724167356,-7.150264704202303,0.6665771261678582,-1.4565668204356308,7.067805558473978,2.600555288987297,0.09860313661295887,0.03468258587409888,-5.834112545299239,3.3388815290548757,-2.1837757110367075,7.3843823763385075,2.7570696732064324,0.0979192222666876,0.034302803743614996,-6.157989008660678,3.3822670747730075,-2.0338354990808067,23.066587876936445,6.905178199073968,0.26113468979566773,0.07953595101945533,-19.798893458968838,11.495956135120995,-2.8132341929186246
150,1548265887.51050,262909,79275,0.07101412823956026,9.120841391105104,2.1592055122127816,0.1188933287506534,0.03921072674121171,-8.63265721363727,2.208358098725932,-1.946826037766109,6.547334193444158,1.95864280844303,0.20695448003150885,0.06744138978863955,-5.864088775871234,2.666125180996165,-1.171249071974976,9.574735349916516,2.245730020118101,0.24192860348378795,0.07296378268297084,-8.726281913135049,1.6258216663846354,-3.589465824123041,4.608372373765915,2.1464211493467316,0.2144133183061317,0.06507099748392353,-2.9284624647271187,2.3897450753537544,-2.067225389849116,15.346429242185064,2.8115356202135273,0.3252699754772922,0.09306808478160382,-14.438059077722055,-1.7911775291389644,-4.883341439292179
151,1548265887.54387,263417,8674,0.023830364907672933,8.341379775091818,3.662512130627476,0.03968469946624095,0.013322539599016277,-7.081416665198103,4.378471517739965,0.5110202877629135,6.853472706260119,2.856046873728398,0.08775836735480001,0.029077332466755167,-5.634840045195139,3.76070265696888,1.0371987882681184,8.498115068350584,3.7495685235712726,0.04035992827105861,0.013647183011092422,-7.102657142085809,4.658828235154544,0.2560092034117436,8.470658931133848,3.6731918521404348,0.04017930062663673,0.013556311232682377,-7.198917739999455,4.410623086297096,0.19099147357225194,14.27925893643557,4.366594088760169,0.10993704520659636,0.0313791952115464,-13.264256117918185,4.484985059706366,2.8002954176757457
153,1548265887.61061,263684,1640,0.017363692313247685,11.324272243905083,2.540024178856423,0.02897292671970777,0.009672707349989911,-10.95987205132113,2.6675596252625033,1.0022335648033474,7.978101796736538,2.3285901397249273,0.06732672121439863,0.021536837340296877,-7.039696218931583,3.6331663329510775,0.9449274159224874,11.090770578180228,2.474498274791227,0.02907200546923051,0.009705800617756935,-10.751680071951252,2.519480783308343,1.0289724149725659,11.314304876490695,2.536621212571264,0.02899684893300726,0.009684013586747732,-10.95362664539907,2.658476910332088,1.0047747850128397,15.819184341591189,4.58758055244803,0.08604830432519855,0.02497650573472915,-11.422208459535721,10.937215970999002,0.39630032031131746
154,1548265887.64399,262701,706,0.020867195052215792,16.19463883153561,7.024981049238705,0.03537208514640086,0.011894103046784127,-15.912734299346157,2.9856866825034207,-0.3699851837778616,11.129204918891226,5.334771623168947,0.08042062138764845,0.026309736328662937,-10.46933299889848,3.7747976187062284,-0.05631716130793816,15.954704623515504,6.961890790026662,0.035495596596223686,0.011922363543764934,-15.688629984575327,2.88073184119473,-0.3476677865978286,16.198064072491974,7.02490168455133,0.0353920557199805,0.011901929449590787,-15.916778965471451,2.9846036915437963,-0.37984931928300636,22.470587322660016,8.296996628812796,0.09732017600362888,0.027964510397456625,-17.87688908325363,13.614005571665999,0.05462256844334602
156,1548265887.71072,263242,956,0.017551252173974533,24.39472273966516,8.718848685669817,0.028967384605931436,0.009696839740658767,-24.262048891347078,-1.9335918211297554,1.6482426424166556,15.824989085157188,5.789037243887683,0.06951830385572433,0.022680407449104396,-15.644559758959048,2.311481480433238,0.5788634202621497,23.89293821362605,8.612987011312475,0.02906163217945596,0.009719962522682783,-23.73061060833386,-2.2736229272185176,1.6003922708544884,24.399351907380975,8.72073506348767,0.028991647502632806,0.009708039013741846,-24.26551708728456,-1.939234324061713,1.6515965968689608,14.153445428936337,4.6459966118367895,0.07850944006823517,0.023090140165591133,-10.823446943187713,8.29916458773912,3.78112164886246
157,1548265887.74409,263135,1212,0.021749147050577847,19.740462365487367,7.737163117088206,0.03453976217407011,0.011646886084277911,-18.88569372654605,5.626003496091174,1.1681230809688383,13.97483492635798,5.509974684031347,0.07859103322779508,0.026053388742652218,-12.754948138319008,5.7081432726888695,0.156235675196621,19.197798397125045,7.619593313691157,0.034727468518716234,0.011691886159926033,-18.402785286756856,5.35819745889867,1.0875095299049595,19.743274199653644,7.737027643055008,0.03458318369911501,0.011665406284916278,-18.888175502978562,5.623855463207675,1.160727358804385,18.338347071440175,7.10486943679862,0.08441282594386829,0.025184550820458052,-13.626748695092012,11.82251069579937,3.2916461172362075
158,1548265887.77746,262420,1526,0.02260136508072257,14.327659647593391,7.222247346202147,0.036996940479395016,0.012675803215074015,-11.19660043007508,-7.027391424782919,5.525734299566536,9.887084165285948,5.288889843714186,0.08405309220672146,0.027673871120237996,-9.098866589526104,-3.197477171274211,2.1774296352888256,14.153826905090286,7.2069986576318765,0.03731146092024018,0.012763835689530462,-10.943307228035694,-7.147536222412393,5.430245751472226,14.32705480687225,7.216011139175587,0.03706321833588619,0.012696769460971353,-11.230893144650679,-7.017742058185906,5.523398905568028,15.365873015155673,7.6967637318723545,0.058546822115917586,0.01918435490795563,-11.117374430601652,-8.745952605418276,6.001862403577002
160,1548265887.84420,262331,56255,0.020548779269284848,9.92845883327227,3.9255054088816674,0.032278338297261025,0.01093673845088989,-8.66419530156314,-2.136434806365061,4.35220184487177,8.053644063823679,3.5467392987718607,0.07602298948175826,0.024689979767027224,-7.036063903014484,-1.6802600961725562,3.540016026611908,16.859148826636844,5.691480634729815,0.07379524448662622,0.022539447801092533,-15.318802694544493,-5.2729099879698,4.6649333782032905,8.394195447702742,3.1811911398512263,0.03948944533913796,0.012855001997766567,-6.041449985949631,-2.5677189632731006,6.3430832210952595,13.342634075333265,5.365860418989147,0.09287922613400795,0.02747455847223555,-11.608140131982498,-5.349235678488223,3.829183255015401
161,1548265887.87756,262590,76425,0.044254719492080596,5.39640210182332,2.5099731769947593,0.06686368939947951,0.023065665773012403,-3.6095950791727742,3.349426069621188,-2.207560647664473,4.518726108334774,2.415545309180891,0.13698699247714755,0.046157033239220206,-1.9955657357431729,4.050207897812046,0.1800528282895488,18.485245509922947,5.25497313208637,0.16890696585746004,0.05142829559150692,-11.6989120647848,14.1338305932113,-2.2526852476463537,15.650356093776498,4.633554194778835,0.14385359109565843,0.04423629656428178,-9.837218182142923,12.35944081234738,-2.1429135731892996,22.03488464498404,7.057295967098283,0.2076258611196584,0.061379226103435124,-4.920091971276081,21.415777543091362,-1.6411302619724109
163,1548265887.94430,263408,4671,0.02133079719332762,16.888430778569237,6.610897343767651,0.03283954598549017,0.011436698734879984,-15.400957151275325,-4.055654664595436,5.619722255472366,13.704592130264585,5.6550908883950814,0.07705152770360299,0.02583621769871251,-13.383546667056766,-2.263009561812816,1.890849489189322,16.776771429389782,6.5833042784460645,0.03332342301969737,0.011606739856868827,-15.347525300934995,-4.011842752081331,5.460645059305912,16.82362466503185,6.568214223129191,0.03303448908090355,0.011548833437322137,-15.370064147297601,-3.9876179415672857,5.608372870804715,22.401710261829646,8.934681411121622,0.08246718378377668,0.025527969558403547,-21.791474339013885,-4.30970869097054,2.89735737975764
164,1548265887.97767,261938,75292,0.02865654457458646,16.923291307648196,7.155296832613489,0.04127315216018217,0.014734909961344017,-16.499790245969848,2.1127498865869496,3.113036851572112,14.374771939495258,5.985364233574622,0.09140962558876685,0.031844192085966554,-14.299329560122512,1.4295069214596436,0.3460526043909183,22.42382924518079,8.786683049190946,0.10460116694404255,0.031930308426291194,-22.210525465322235,1.5362738745421813,2.675918375753825,19.585658710299185,7.760500611823449,0.07427951611014763,0.023682357918382406,-18.836509436445407,2.253441427273154,3.032499627841451,20.199112259556756,8.478808700782338,0.09126759395311154,0.0293852495831311,-19.248080204566314,4.936232123653739,3.6261766275468856
166,1548265888.04442,260334,75583,0.04910912940257072,3.5210108179780377,1.6541698236688376,0.067102624314295,0.023867391221505965,0.796386439158087,3.1033758576402253,1.4602548086067968,2.625479817439553,2.3207920219874416,0.12366838774059662,0.04422922995134524,-1.71816881419598,1.8560346009798256,0.7043974429769505,10.120704246245637,4.608823006600002,0.1839125293294141,0.05594559542495501,-10.106501492555909,-0.12698724116238827,0.5207266668048147,7.6337834340314235,3.743697677233771,0.1463514258800028,0.04513826739314428,-6.752126383529697,1.0283404033895966,0.8559851027469259,5.540582998247912,3.2420902616479013,0.17767581518028616,0.05555453249393946,-4.717736600680638,-0.12521108704082093,2.902644227382022
167,1548265888.11114,263506,77807,0.024352902053277375,9.680012807195224,3.560090496788838,0.03919965786417748,0.013430671740246158,-7.968558062911465,4.295351138582352,3.4285111844285323,10.330986212156207,3.5813891630531907,0.08572376160984913,0.02890356496588039,-8.532806452923042,5.073703114526239,2.85972496201353,23.704129588733736,6.1916296060416025,0.09306414617442822,0.028665855933342643,-23.418908123844393,1.5432565113175827,3.3254866090082627,15.20065056072583,3.8680636172667313,0.07239531559821796,0.02274686127515531,-14.441496803061927,0.1977816083444518,4.488784221423478,23.2191355974169,6.7351063185516225,0.11082987709098244,0.03297090166652014,-21.337307876083827,7.736576940885753,4.89825762186909
169,1548265888.17789,261768,78271,0.0401020332694656,1.860365249164286,4.328988919885516,0.06476812681144489,0.022969740005611403,-1.035202651412821,-0.0632950875128465,1.5444442569101358,2.8754440160810666,3.6493532125491948,0.1314021706396306,0.04532411337318029,-2.2155979115623956,0.35338438787702287,1.7984503491343726,8.87999744632022,4.621415136641138,0.1862115201191571,0.05816488183527683,-2.0520367536620086,7.661080520124355,3.9939135033754862,7.402182120933188,4.6611757307674235,0.126721714563219,0.04008574786049801,-2.095057362109518,6.582791771369486,2.5652828042335445,13.26989297035244,5.1959763786856055,0.224544605106845,0.06863368307164575,-6.398723339395171,11.491942183186973,1.7554668691765347
170,1548265888.21126,259830,4562,0.036691088760738115,6.816755748150118,4.631882790879135,0.056227699240591726,0.020932924517370635,-6.4031638102713,1.6056560825337653,1.6998590216226568,8.175146888281835,5.102214644273569,0.11615529640905817,0.04369476593134136,-8.173573083613421,0.056081393435676336,-0.1502816326923221,6.244513633998828,4.357606535566765,0.05675833295738536,0.0212072235469289,-5.94960566698661,1.5368233331178671,1.1109981887215485,6.74603055747685,4.595346035946472,0.05651698240068606,0.021124607190817313,-6.33804657115013,1.6191883878199564,1.6684433283199473,9.248199345602849,6.718470491557888,0.14806160030771837,0.0474357030037426,-7.391520896124662,-4.962080949616094,2.504468531968105
171,1548265888.24461,262624,1685,0.02084500536642332,13.675516158101413,6.379404952929647,0.03363788382543468,0.011920834528586615,-10.542435050372303,-5.126717201144417,7.042270666387677,9.373514781148101,4.975939923659192,0.07865025238033217,0.02716948276311386,-8.64845058345569,-0.5779741025460907,3.5683368387405507,13.532241498280719,6.313000833967808,0.03373152467719011,0.011972922148430182,-10.438108523735037,-5.0982095943885755,6.940872376452766,13.673575928891573,6.3645446918818145,0.033697583310813906,0.01195258487274676,-10.534247351675301,-5.136184432125809,7.034657860618383,18.185397931339615,7.9762578683343595,0.12202025778764791,0.03693749768400423,-14.558299735338233,9.023344708934562,6.110962035634366
173,1548265888.31135,262580,77959,0.05547820836054185,7.1566145886267165,1.998596079095184,0.08948924060249647,0.031632721984562864,-5.049640869593859,0.8285633053008744,-5.003173223803171,9.940729676352326,2.269233429320157,0.16041741121900213,0.05635303206848417,-4.8358644871518965,1.9809352727120952,-8.456264932317339,14.386105730405635,4.2999011798987,0.25200749409349826,0.08110494783019365,-7.475770586837078,11.494603969570004,-4.3528119419677385,10.952177540509329,2.878828861513359,0.2055089765817315,0.06642962026710036,-6.7649670502743025,6.28595400000512,-4.923096391254262,16.628330250427194,6.9060883593905835,0.3025843482507529,0.09363613963409123,2.801205545809336,16.390510728437455,-0.0759767620774369
174,1548265888.34474,263918,2475,0.034026117113777996,4.528604726542201,1.3558509588077288,0.056075206036845744,0.020080334880078658,3.4337391893450624,-2.878210669044228,0.6584825688021291,3.4636318434235656,1.9219346284987278,0.10854126791122361,0.03919044690524374,0.2246993158423847,-3.3500727558516017,0.8504518179994357,4.771282724424139,1.2858252665906038,0.056412207758985575,0.02023259247035894,3.6119189988388865,-3.0908082517459974,0.40753445640065206,4.540875316495371,1.35850422534704,0.05620014642281587,0.020133642007746762,3.438704032131376,-2.9087751509581383,0.63466254637589,10.76007657360372,1.8609048298011108,0.13432375354780474,0.04341531043303565,9.026494599104488,-5.749991243685604,1.11321328580465
176,1548265888.41148,263967,63393,0.0433225459767881,3.0844781071295952,3.4642970049993287,0.06712569385520332,0.024305332640568077,-0.8111145354810431,0.2985537739963798,-2.9609059505032684,2.8197717901885704,3.3642295914140625,0.1322586529820869,0.0470066031268318,1.6099220906053404,0.9874287189517216,-2.093859674360617,17.659306622121903,6.269995281209991,0.18274079632074428,0.0609613747674253,-0.26875941730579184,17.452658931116858,-2.680219204437376,9.080453956594582,4.634190666434565,0.11943608978254747,0.04029989701560002,0.6301011465266184,7.888278128885248,-2.7848475325269804,26.93380740167039,9.868517122937565,0.25361661945661873,0.08055597106083176,4.272384977235079,26.352552338767545,3.566467858973065
177,1548265888.44485,265001,1811,0.03223758254056599,11.606584185077942,3.5394955092217795,0.0545649976380932,0.019316602592633,-7.850588375555391,-7.726890304742285,3.6573521598795606,9.42214607656932,3.399267674886911,0.11255837068560835,0.03982579787151804,-8.434106878500819,-4.126242209417417,0.785368117164081,11.354128486068355,3.48755337681272,0.054659917036495365,0.019398724028050703,-7.739643171192227,-7.500821081027319,3.5709719084841023,11.58588178916214,3.557468379519017,0.05476712655077903,0.019394421779014032,-7.866715276983602,-7.671816456028981,3.609597014482943,19.219350522659198,5.491367417783789,0.17085101395992433,0.056506763247536715,-7.786529918247244,-17.462172397071615,1.9559962985729464
179,1548265888.51153,265719,62717,0.024599152875175095,9.405545262263045,5.087287756972168,0.040534783725306396,0.014707552777611576,-6.97755678407152,-0.741547109325975,6.263233261677761,7.595870748627298,3.76953616583301,0.08894057422944228,0.031885882953682484,-6.658051049407913,0.36727979233735925,3.6376797835255696,19.759001440259528,7.043121088572569,0.10681152221818353,0.03556796948000324,-10.826152071969716,-13.863690542576268,9.000591856675053,15.56879956945706,5.938181322222888,0.08135948047215502,0.02724792099357573,-9.253908024846611,-6.221406930305836,8.92058223388818,12.002544078662803,5.00969270165676,0.0762173711004109,0.02592931075876353,-7.5012425484183005,-3.947188376879681,8.497771973139098
180,1548265888.54490,265963,35528,0.0181612452515587,9.812794748794934,4.109374952743486,0.028087709946016146,0.010090994280746383,-7.166823472061957,-4.596848365470415,4.878172527407288,6.15567312204487,2.7239985285810366,0.07023561059106741,0.024230984929419892,-5.160062943352689,-0.5643483720393245,3.3087116708895294,14.37214285282055,4.163739450197256,0.06432422190061622,0.021566127674702555,-11.021907940357654,7.627244314545481,5.1866347184272925,9.975698703804452,4.203723846465715,0.029704821201392083,0.010689580446585849,-7.627125475012843,-4.843065500025293,4.849205901363013,17.052147789912365,5.223432872576777,0.11416811794376673,0.036083132733741,-10.230246518636337,12.230269568380166,6.044692440620634
182,1548265888.61163,264978,82308,0.023254778405321537,10.099224258914138,4.4330211058541416,0.03267481083483335,0.012454285362644155,-8.196030805057179,-3.872426160389524,4.452384227211802,9.49753802275802,4.561097626278623,0.08247532352616127,0.03029052028808603,-8.513246336469484,-3.8883327013187134,1.6151576121786768,15.832312730970868,6.715727562566244,0.10244279110114367,0.033646669645085135,-11.114406518646181,-10.82252639861552,3.1630707391406463,15.460620757471741,6.835402869931867,0.08082806090217623,0.02691183801000796,-14.290446853325822,-3.3237113212159466,1.3821515960764077,23.176139330757827,9.5976731714107,0.15899458443636108,0.05293892871738004,-16.42770587941317,-16.203497605879978,2.170386867458331
183,1548265888.64499,265953,56154,0.02617739656792527,8.015131635973546,3.7763077276016674,0.03992216035669924,0.014534533941220578,-6.476708234663459,2.1502047859089735,4.203713235186324,6.532508055451088,2.8506212749389412,0.09072937263323483,0.03252067750384429,-5.382644368524214,1.0940137478426244,3.5360903574511866,16.55614523297315,3.2343740694611505,0.12552787564922796,0.0410001440412234,-2.7603832559157127,-15.665909854009497,4.589716516497289,11.71354877009367,3.7951530911488742,0.0740465427587306,0.025013006501325825,-7.835847214986776,-3.526380486554457,3.639760359052966,17.249063978893126,4.636778292131148,0.16175048015924326,0.05391323048732981,-12.91124317541581,-9.15376353311471,6.85847074740763
184,1548265888.67836,265572,40564,0.017299865478555693,9.995015320460285,5.9124197281809225,0.02485867132590239,0.009264112532900022,-7.687553925346088,-3.5575381630856255,5.30525853463534,8.559117177889389,5.126748329116437,0.06496754820765052,0.023393528109177154,-7.992278932938612,-1.6656813383290685,2.570499951777693,8.668698633049843,5.436245676427964,0.06949433719790636,0.023733855933852133,-5.146721222004242,1.5363614926407234,6.804203848911506,13.509515338750695,7.9256137700555485,0.03027926231549198,0.011397418760914914,-11.6934367309522,-5.163145472001553,4.687218023071017,9.450767805154426,6.687803444816,0.13072244459084686,0.04455655663816349,-6.666141528551851,0.5249510055681276,6.678622288317614
186,1548265888.74510,265030,48178,0.020707503423602284,8.207155705407477,5.953248548994651,0.030398019156597143,0.011165360531631904,-2.159548641957817,-4.9149423053791255,6.207825430101524,7.044411658753898,5.112124632394841,0.07656701836084179,0.027931299116981712,-4.981448947595259,-2.7416848654982577,4.158373011020986,12.662633122122347,6.886450295821882,0.10157601978183609,0.03441002023508348,0.8409403079459121,-8.847001035541846,9.020292105085252,11.37732520559306,7.61943624806792,0.05440192956610716,0.019237744118360225,-5.667140456806561,-7.73622477962156,5.628520425322099,11.845362795123204,7.206727418184266,0.1212221547227933,0.04191070019343137,4.232660814118871,-9.791172067548256,5.150742832288798
187,1548265888.77848,264764,48040,0.02928625451058439,10.633723246328561,4.978211732388161,0.0460269917452019,0.017138677862323346,-8.667143275897343,-1.1420669882081096,6.054120952625669,8.419301360878237,4.132853040396761,0.09930021363063711,0.037610569243741676,-7.736928819181272,-1.5338665554133517,2.9447956197999163,10.334855992575836,4.355482876737649,0.13571688605401977,0.0463376474578025,-7.840450632542375,-4.981481325985514,4.530058064175794,11.399915051172778,4.947129542323407,0.06597630380184588,0.02389401921889405,-8.944632275595426,-2.0650076684144,5.335366790990008,12.637184192953603,5.370797323636414,0.09614094074078601,0.033594848093625555,-10.759507975532204,-3.5569070091768253,5.592836934791154
189,1548265888.84523,264640,13267,0.02720069419367975,15.904243107780463,10.058785359438831,0.048143203764566316,0.01892671489730898,-15.105944936027752,2.183764831407279,4.470631675970259,11.059935884463655,7.214028652649389,0.10250632945065248,0.04042577783377938,-10.465552660768378,1.0261648930284053,3.426568966976559,16.392488753732337,10.239468666507944,0.04998628997746997,0.019863691021076397,-15.996704860386565,2.3656869826280347,2.687498139748241,15.604906337962102,9.910325248991779,0.05020681130758672,0.01984935324592288,-14.829982179020643,2.326026180715143,4.3071260322399265,14.941132886562494,9.515844495054068,0.08059640201636097,0.030248481895599602,-13.921653732120674,2.045874820525601,5.023883509356992
190,1548265888.87860,265020,53007,0.022293466490789553,4.238910255397577,4.757350459126405,0.03248264665592428,0.01199347992006985,-1.4736350828226676,-1.912201561424228,3.484285433840878,4.511901507254711,3.500296627214992,0.07710998878876656,0.028842415923540816,-3.035384011383996,-1.4323127361910102,3.015324085458601,19.859857371588703,9.556984291903243,0.11250938711401952,0.0385136976265449,13.665829408722587,13.929349037143345,3.6921913267019075,7.707994066669653,6.100786322696472,0.05978286208662926,0.020963713123110846,4.75991792329945,-1.8978461950469496,4.931455212640033,14.539144380270427,7.377038861957902,0.11660382464348776,0.03947790810931159,1.3844243968811634,12.330828907006525,7.577647845195868
192,1548265888.94534,264180,51323,0.033159775382931175,10.206164289257336,6.322361564024969,0.049457628636585836,0.019694695138748594,0.601529836834367,-5.0617935328980765,8.842069756851101,6.790309249117506,5.450481163298543,0.10965788178449236,0.04383876434721609,-2.091605456488166,-5.288912655066437,3.709567257796758,17.178045860227627,8.353692630921438,0.17457602863824265,0.060265630726392,1.79970752248228,14.769349468357065,8.585605901224737,10.10706670211776,6.513305376057719,0.05150231778558585,0.020791443547461944,0.29462291143860336,-4.0799496572209035,8.628785444231521,12.196027466781015,6.364629045150338,0.1555220142146872,0.0537780952264866,-6.694189715953023,-9.971256556813158,2.122487384065291
193,1548265888.97871,265344,46280,0.027688640044490617,8.017993785989328,3.353071633472205,0.04455162157057206,0.017110967742777785,-3.979152486844245,1.1814416066935032,6.859939181113649,8.568231806183594,3.80055104760103,0.09366742686469864,0.03720513468647064,-7.815910870390876,-0.26577455320748433,3.5007852601194,8.15939174135783,1.764836869983615,0.10669490340878413,0.03761216518610288,2.502062340885861,-1.9867769543732372,7.5078675377786555,10.269603062388581,4.664876207070515,0.05108780747901637,0.02063817668720113,-6.62089902905694,0.9393555294402091,6.542609053946168,11.3984200213491,3.108122759926536,0.11465460844035517,0.03953285976994399,-4.347571314230212,-2.1060914059460707,10.324097134402345
195,1548265889.04545,266189,9839,0.03249018864521287,7.683149047108101,7.14474243749449,0.05223814262317486,0.021707909269587898,-5.613876459752138,2.106560062558728,4.803912476050274,4.796495643414308,5.098674798129198,0.10703130721914533,0.04478721384877721,-4.696940473813771,-0.11846094408541806,0.964928830261015,7.215215364170056,7.072803426079052,0.05295959336211167,0.022246655363611152,-5.423613748554348,2.245951444649517,4.195169694556424,7.86944901429915,7.1295184313043505,0.05300648625559639,0.022058688150632284,-5.519296544898047,2.2066237893100302,4.757448922938721,24.049256234151503,12.796169772495022,0.1707831100054302,0.05969110995670034,-22.24537010013386,-8.777114938306244,2.5441084653973856
196,1548265889.07882,268128,44423,0.026453130646664647,4.513223981959585,5.579732817628685,0.040691771918414874,0.016497438428389855,-1.5693285734666789,-0.8264637823884027,4.150103150071866,0.9334523403287536,2.8661047881923167,0.08661084042412251,0.03448667769756995,0.8926341393836773,0.06474731916370435,0.26522697738560125,8.748500280354751,2.8235759648073553,0.12551464683300576,0.04369663903427294,8.429952249390697,2.3341882826173816,-0.1540366503518117,3.2212885195861674,4.99851370025908,0.04281811360143804,0.01754617729503093,-0.18544210215003107,-1.042274978397642,2.800773557078051,8.289303829540083,3.7199220199984433,0.08229179463569261,0.029189665554423462,6.058333977457167,1.3208413167727313,5.50132035169031
198,1548265889.14556,266049,29150,0.03623362868841557,8.528852019652224,7.573941400492541,0.06142072836527709,0.026050093946356986,-6.859972969383347,1.2161433131363113,4.9196629025136955,4.9434686997270605,5.056075313615802,0.1230178846846356,0.05163486682744798,-4.917657236263898,-0.31965119468952397,-0.39032448749216464,8.414726667396918,7.264698554554285,0.06656896673846524,0.028422222095812088,-5.7653457074634336,1.2020264807739391,6.010286690329507,7.619592270577026,7.010387231402289,0.06603892836464423,0.02753040003238244,-5.500252117823145,1.4140548281519911,4.655600335029892,10.242282923559264,5.330514261505407,0.11079184913869583,0.041884739245407955,-2.2403925494874133,-1.8364097327000086,9.824082654583055
199,1548265889.17893,261111,76186,0.04797313939102756,4.2201942113060955,2.2258733870942162,0.06938447010744082,0.028462972583615402,-3.8214374596613103,-1.424505244968634,1.08509894944915,4.352120217621043,3.597970227739503,0.13610053581707135,0.05511882387351553,-0.8045018659179664,-4.271918730103334,0.2108020392516606,5.007305797729725,1.3552548760956684,0.2463408061251399,0.08484586764326553,-0.9731595760824777,2.6936655754857566,4.107339474513846,9.445873704275218,3.6598434300114295,0.14585026364302553,0.05292055355093808,-0.5490372743654177,1.8246132896360658,2.1386802181010083,17.137741186809375,4.648268940487091,0.26972113034905737,0.09184873856374838,-15.981856144601386,-5.761874150062546,-2.2546071582806504
200,1548265889.21229,266770,37966,0.059404728445554195,4.768628303273419,2.4871254120545814,0.08711594639216938,0.03512455664215073,0.6992560304368659,0.7438597584566744,4.658060707894089,4.045092767286351,2.6169499981104414,0.16100206897127972,0.06414684641414684,-0.29424592829316215,0.4536721279332899,4.008787401443449,8.35076123893184,5.02723012629679,0.2409242742311679,0.08463657797290426,-7.3239797301478085,0.5975615623120333,3.967046049805533,4.5172739934718615,2.1562244204658816,0.09190709512592152,0.03750224094665444,1.2819377570265562,0.7265952050972967,3.903640453938331,11.256855124222707,4.485141732941461,0.10062195592019567,0.04206024447937296,-0.764246676299915,-1.6645044250315995,11.106851008479126
202,1548265889.27902,268485,5251,0.02533745526589764,10.279956951551915,8.009374455683075,0.03695575314690376,0.01489583202672572,-9.943659939835717,-2.489666001395005,0.7763408582347752,8.491896856125411,5.141799944751923,0.08240939724668424,0.032490712362766634,-8.19852995209331,-1.6843605948762825,1.4350429352913145,10.135105393050445,7.932422856091871,0.03734642379198948,0.015151330320919231,-9.807122215606059,-2.4566976250616723,0.7108811120170849,10.287710932409029,8.046176311270354,0.03744193234627392,0.015073319530096552,-9.858775511927501,-2.547979160140705,0.821195270171321,16.511020728562993,9.895313089786324,0.09010588997702708,0.030981271668811573,-16.167459783086077,-1.4335303785828946,3.028537652896369
203,1548265889.31238,268097,39717,0.031167451378117262,3.8686839122805443,5.211544510517385,0.049472796603738274,0.01999906361691485,-3.616592914695138,-0.5426221174369419,1.261955680752487,1.1749355912315218,2.396207196888494,0.10581990922231606,0.0414965379226939,-0.5625976683952705,-0.1960135192212694,-1.0126876158723697,10.269870249952932,6.03187791987194,0.14206005563093288,0.04888772886507831,-7.395213104526179,-7.03330170907957,1.146178502054092,3.9189672646850884,5.204134267320157,0.05190465005483463,0.021421830364696297,-3.6435973752817787,-0.7895967983912118,1.1603048865417396,6.0320222350488875,4.908905135384209,0.14250760678567426,0.047893649027669315,-2.1709197274005905,-5.190119055766529,2.1760202132048936
205,1548265889.37912,268002,41164,0.04557671592629649,2.851422658182511,4.582565073351289,0.0748184663385858,0.029488243753809207,-2.163878744465299,1.8182434334624626,0.37713495133510755,4.240199156713673,4.503961984423342,0.14794868238718775,0.057118024304134624,-3.278896343552283,2.680792390807489,-0.20366593780865036,14.997985865195277,8.04828499649046,0.2333903606810132,0.07939880826374765,-14.727389863378493,1.460646856062123,2.43106531926429,1.760907173950868,3.9462940879809727,0.07894310331424623,0.03172560078325018,-1.3856320284755896,0.6529947500606252,-0.9567193025594872,3.0723375186987396,4.051342934489135,0.16322374953614077,0.05726464426380271,1.1224074118057301,2.859877139291711,0.02371031176826865
206,1548265889.41249,266783,34019,0.033941948731046244,5.9009685031603025,4.415938635067208,0.05454886486647979,0.02123723922778424,1.6566308974298785,-0.32224930886741865,5.6544812960964945,3.8963149994237947,3.3765535817222827,0.11708183566055198,0.044124312077158084,0.8533356865553029,-0.4289766316779901,3.7774419691452894,28.968226321080284,13.35674960791014,0.12151388612141813,0.04334645431428929,22.175564601102884,18.22621206965483,3.8997005530693634,6.41075751255242,4.399598333469845,0.05745014801361864,0.02311084232102304,0.32535460233404895,-0.2238225985343835,6.216743804009807,8.617659102960038,5.867729846780597,0.08456219195881996,0.030499426068631687,3.2594075878265905,5.103835403475887,6.131164225942296
208,1548265889.47921,266184,30936,0.023096840203642135,11.940966988033567,5.441258861225216,0.02922319004323482,0.011280443529927233,-8.647171600459384,-8.030837843965893,-1.8217462626396088,7.816934817006762,4.171664097802519,0.07212473993017826,0.02742620584363123,-5.893946208949146,-5.126946007325118,0.2833595901316007,16.767334189943476,6.870528087656366,0.06309622295293647,0.022408269655090518,-3.3469951054531597,-16.081471927280152,-3.3656173658662496,12.741007730666858,5.813357860727461,0.030123970550314533,0.011804472247346282,-9.19147434400932,-7.960871580419626,-1.9004035545384856,8.315770608277601,5.503604537708901,0.08362136359037357,0.02963683474308458,3.438840638699211,-7.277385114330452,-2.089517113795911
209,1548265889.51260,265937,712,0.022339604045431893,15.721405327131139,7.1666780549175595,0.02680886778038197,0.010295028482666738,-14.463398998675437,-4.213750265564309,4.496330010632944,14.247648029317975,6.663921115180862,0.06325153709066883,0.024075735599373507,-13.731104069001194,-3.4401403153699794,1.6179276943526681,16.131909609595628,7.4000183824710275,0.026843154991037878,0.010316429090523781,-14.919388396919985,-4.225135434770714,4.449560435802387,15.721182058479165,7.166526319711938,0.02681542723628242,0.010297229829004849,-14.463501699084201,-4.215076666174021,4.496666792837252,18.729865303778478,8.814881804403926,0.06352988746187552,0.021990362896679237,-18.004746585996184,-2.732919827372017,4.378139318123673
211,1548265889.57933,266982,41869,0.021882036945720176,16.02644345110963,6.9516623407915645,0.025881081695322418,0.009899782266954456,-14.484166940964487,-5.762082501699607,3.722123447911592,12.87584211009587,5.6384666750964065,0.06294029838007605,0.023549586998872205,-12.03511963928927,-4.396561328200776,1.2702180125794142,23.409499309747638,9.15799939296252,0.08072721696198237,0.027382673906489095,-13.036083042990802,-19.024851120141687,4.015001455263287,16.548370078235294,7.161004261186482,0.02729805910560662,0.01058872911959136,-14.9684117305517,-5.871412043192959,3.5766135216234507,7.490289896363456,4.679483173530164,0.08536179090598385,0.028711280669172192,-5.456395539195193,-5.083421826084659,0.7007231903550718
212,1548265889.61268,267957,40673,0.039930246542610806,8.380439841276834,1.2461112952239661,0.04406029032279016,0.016917157740082883,-7.659610321129683,-2.3639863954177853,-2.444117424344292,4.295620059519188,1.3462920380304384,0.09877905826790224,0.03794269115731144,-3.520348823426935,-2.4031091967155485,0.5334435732121813,12.346602328888379,2.4987354148479324,0.13092704095907381,0.04519661974720206,-11.81565535792216,-3.276250955857076,-1.4474312435355583,8.294619022723777,1.5567692936224244,0.04747162832635126,0.01845558105700028,-7.314907986818145,-2.787442628812327,-2.508287590831684,15.904000793464876,3.6038581750358043,0.1622067639690354,0.05514095076696706,-14.888863141483776,-5.5015880350876865,-0.9957533253156466
213,1548265889.64605,267314,42652,0.021367106660846458,16.993958946525836,6.994622604785184,0.026790636196728557,0.010373777687654614,-12.923026573401772,-10.822911313381345,2.157455807667738,14.769277505950743,6.1483094912766925,0.06815329241465917,0.02568032007598494,-12.055401100420147,-8.39804032986769,1.507242838326701,21.781251461394813,8.624869858467452,0.07963592027874948,0.027359793595931853,-15.453023017941726,-14.988188459896994,3.3137896013608685,18.128927439821155,7.437279029960683,0.029118449836977485,0.011419033309778226,-14.277772265169279,-10.804172011411609,2.0107676279859796,30.0957137484054,11.123482364874114,0.112125103131517,0.03791403700198014,-24.184594173405525,-16.418750166013535,7.161147511374687
215,1548265889.71275,258914,98529,0.10881361196367362,3.491481384132418,0.9498112458813586,0.10851576133220013,0.042240323685641464,-3.2438137456336733,0.8057199653715006,-1.009420614403636,4.323151935310001,1.1660302118227477,0.18433546892972377,0.07124730400309955,-3.497331899969887,1.0787323190039553,-2.3010103913637545,12.94285811867775,1.6199393826986388,0.4857914760326159,0.15966145235493295,-9.07575693855615,-4.002836060817739,-8.314175590080447,10.833101315070826,1.9789631395227594,0.30208508185039473,0.10076373645829753,-8.607635556864473,-1.839030480064998,-5.069835957418782,16.10841865954062,7.190911755439889,0.6292240857695122,0.21465307315259202,9.802430307270484,-12.75889788152507,-0.7771979355071618
216,1548265889.74612,262952,44333,0.05618257247905776,8.4991503404321,3.290876215511688,0.06565644567828562,0.02553026613670874,-7.06369179526937,-0.5697130768094663,4.69204025353828,8.74579924047524,3.8678152608813403,0.1276267198217442,0.04998434462158976,-7.706618911484952,-2.3414992494902687,3.4079921614458373,3.2681325708483295,1.4168190455452536,0.18210209813315026,0.0631082045640066,-0.9343216006494509,1.7185205156586283,2.6180948959997536,9.698921522310652,3.8917711882838777,0.07229104628677599,0.02802785468089322,-8.435906488988401,-1.072161008031616,4.6177166275289,22.563778527263608,7.782740491951859,0.2670854279597359,0.08989616140739239,-20.31206191847512,7.888429087581066,5.858065258909301
218,1548265889.81287,266648,49791,0.04454909134367061,7.344320497829312,2.23902692229087,0.04502254250829093,0.01758534431848652,-6.781339087152548,2.738058380777086,0.6749222646714176,6.036356246567458,1.8744302772022012,0.099419013504117,0.03848016824208321,-5.343346023154975,2.189774099491845,1.7581636458255405,13.15751282857712,3.0996338215990473,0.1389429029982934,0.048614910725387074,-12.943500171045505,-0.4102052431335905,2.327590774775967,8.600683399823797,2.5414585105136505,0.05224391948111699,0.020425353170407654,-8.247486595831184,2.5410148496303178,0.2919189470194879,18.31321629294397,3.996972942001316,0.21445783298206336,0.07424201228462975,-16.26376964625791,-4.834160057503355,6.891631477672582
219,1548265889.84624,261675,42031,0.06383726240184795,5.166348899093198,2.15203043034667,0.07441516151860489,0.029215507393592632,-3.3981741542967043,1.8239105683271553,3.437575250518292,6.445347176174831,2.5852714802019863,0.13382340938093226,0.052517358159083705,-5.566932561053085,3.2478860265293803,0.054758020298412834,9.464732494368205,4.312039065599154,0.14661981588311915,0.05272020362512407,-8.30419783983235,-3.7784289356937384,2.5189152833680946,6.531320051308608,3.0809852838016516,0.09051153256904985,0.03476480518571011,-5.635929216105282,0.3839398386748478,3.0156087744431375,5.179518415396262,1.7951265493587938,0.2289961651121978,0.07947747273169516,-1.9841495685476305,3.8628632637623856,2.8229149669333413
221,1548265889.91299,265827,46212,0.040572708059030196,11.733824651355635,3.9375931580070236,0.04636354062001532,0.018178977899266573,-9.117783069248679,-3.414108827404278,6.549239174554821,10.788581638034431,3.793899853968123,0.09923955046094983,0.03822595306388664,-10.478880595793903,-0.005544704915889909,2.5664225053321013,4.810000511295545,2.1277103730009936,0.09671137770013175,0.03463147395149524,-2.4466797661624407,-1.333152355714787,3.9207866349709497,11.769451737832306,3.922458159711992,0.04754669337846831,0.018936326135242557,-9.22480232861701,-3.3660338045619027,6.306819593132742,7.346097704044334,1.9906957647599453,0.21508923163223173,0.0761412751863777,-3.82933686247032,-0.36782842109443364,6.258277152997187
222,1548265889.94636,264739,42430,0.02605762665078983,8.303812515505456,3.136582512901639,0.030430956505883833,0.011802045116533906,-2.3501098772639706,1.1488587887150827,7.881015755665223,7.495489005826041,3.813364221601971,0.0656223323631807,0.02516280279749119,-5.126720397344538,2.0719367672288187,5.060254088137858,9.398229902235638,2.080937900250669,0.08120901354836739,0.028746626757354177,-2.47738075908764,-3.650841834209004,8.29823256912988,8.406729969747659,3.130145842418105,0.03106247945660445,0.012173870134469557,-2.32804838224918,0.9334774138975002,7.795487523783745,9.169241217645045,4.003402840335919,0.11302064838244189,0.03899296677470896,-3.730964405950569,1.277356277595952,8.27787714628436
224,1548265890.01309,265168,12295,0.03263126802904456,10.075438360953587,4.1201881130424205,0.03565468270972834,0.013939694156080392,-8.458826883722072,-3.596945539908092,4.126098483983523,8.815032812687235,3.748101998312166,0.07747121647780926,0.029601799564759425,-8.51037104748791,-1.6286752713147075,1.6204335788424367,9.69800941778953,4.000911678930184,0.03669909208705131,0.014406798772183534,-8.309636137117725,-3.1478175214014406,3.8849168315679212,10.22686260727824,4.183458273995452,0.03645269590903727,0.014354645597926133,-8.585008309444799,-3.7482246326098583,4.10069215517821,9.164712116567511,3.9383486098811287,0.10451882631545226,0.03719406229842943,-7.961483591944121,-3.7278992291211366,2.590269200736079
225,1548265890.04646,262535,53466,0.043280324327029135,6.2361877847069085,2.953234891174177,0.05504063178427126,0.023219332816933475,-3.387968779774229,-2.1794149989959752,4.760447026861464,6.615163359411167,3.3019333593079994,0.1074422851310887,0.04418615727258158,-6.266566366076162,-1.3748289963312483,1.6125685976434792,5.475005839238463,2.6496244708064975,0.16223980379827196,0.0575629747448668,-3.6504147650357086,3.2534739003815085,2.4627359912180786,6.22328529539478,2.831762585941651,0.0562395720494396,0.024172274091883012,-3.104971907046304,-2.0929396965218183,4.878895815564044,18.024522749014373,6.817272171453847,0.22834357857455456,0.0794475036427227,-16.993437659156736,5.614344022921533,2.1414102937960187
226,1548265890.07984,264401,53491,0.0335862575174996,9.20766465469354,5.283403146166053,0.04614337754039194,0.019394165934411445,-3.143836852563631,-4.439956180861347,7.428604670446976,8.552176394576135,5.187524044683916,0.10302216731816269,0.042392955594299175,-3.2586783931693355,-5.360175305051883,5.812852734496937,12.983303501237483,6.783072594518855,0.12789681134467037,0.0462360232640182,-11.065009258208695,-0.29881001241450467,6.785458901023733,8.955825346287417,6.122887593490457,0.0738639964429266,0.028899703854919252,-6.279372669285211,-0.2134602547596135,4.569621433363603,9.63568681949304,6.122677235516736,0.07347881536920035,0.029178723203516513,-3.9606005005854175,-4.951715784466274,7.2553852377376895
228,1548265890.14658,265396,50174,0.025510799789678105,7.465179222103037,3.4380856562797364,0.0356883877880302,0.014580727313761692,-3.417208218485349,-0.10936073524293377,6.636236059636683,4.882241332195512,2.6552107439936217,0.08078674295394649,0.03283169700322218,-2.767460631829842,-1.3369972283132805,3.7933995951590416,11.144845869971979,5.013496940125868,0.08392215282995834,0.030356704904877033,-8.535873993632666,-0.7673956167560614,7.1244332123784115,6.645234534195515,4.126183482379324,0.050899036826079554,0.019687475464085964,-5.246911730882136,-0.27933072635076606,5.094613771602767,9.947001023915867,3.34635034344864,0.06507658487762019,0.024095832257512356,-0.5610348823694313,-3.3921353024484966,9.333889185137707
229,1548265890.17995,264844,55765,0.03877575608023555,7.513855049123773,4.837093259449467,0.05257170276141527,0.022231326080857344,2.2199686974852146,-5.880505033990456,4.116966993630326,9.160316264050483,5.858770063722839,0.11196055452212604,0.0464709713732588,2.5695111896461067,-7.98133634828903,3.6888041963746985,7.162545991031972,4.380285401199938,0.16830586514547452,0.059651510513329,-4.83686833705386,-4.0491385490652325,3.392822832705519,9.302456787016121,5.407101301772205,0.06435062618929267,0.027204173226404924,-4.330447850630399,-7.816533440837782,2.045066864657382,7.9366468885691175,5.533036237778078,0.2530115914912029,0.08951412466342425,-2.3802077125064383,-7.5571148059660045,0.46367109960417074
231,1548265890.24669,259318,109504,0.05791056254172266,2.6195345982636735,3.179747525018602,0.08330515073024013,0.034785175204022446,-2.310717983074135,-0.9725418350955402,0.7594118073793867,4.531590083342638,4.236368506095047,0.14814128257362774,0.06120980975670257,-0.7814101799411297,-4.257363540795817,1.3414777283414765,13.425027343908052,4.461674835117789,0.32530012340785613,0.10983811512702,-2.681776722444452,13.115752973479903,-1.0081947898531358,4.805385814863145,2.9574889319450346,0.16345250937900058,0.06025464711844239,-1.7435079565602,-0.5159921228354523,-1.8923595691370318,12.425725556805697,4.036272814423133,0.2693075209442948,0.09630146844330627,-6.091261296127829,10.803796037022078,-0.7570882549448413
232,1548265890.28006,265454,2539,0.05105815577153888,11.621892671353885,4.281576983915434,0.08613199472435436,0.03354548286887223,3.0324274613865008,6.0996233135533835,9.4163351888436,6.538553424450772,3.769934014277841,0.15057104042645647,0.058801337262086355,-0.6683194047080812,4.160707221057065,4.999454518078061,12.32856012805489,4.244275415484092,0.08741950676416727,0.034136905266850405,3.822442470035134,6.256137301653693,9.911764447220976,11.728363290213181,4.240676051321932,0.08656639799354465,0.03381989059815614,3.184882378800212,6.065846993316079,9.58068248025443,16.23413070022855,3.2924428857368824,0.14066127854534194,0.05606443126969121,10.928465065381172,0.6877919518689708,11.98509879549563
234,1548265890.34680,265303,13711,0.02853658021059259,8.937208504447742,5.060413193607835,0.04614483270598341,0.01838280157940139,-7.373972397752991,-1.21717930411506,4.900683775840269,7.089992102204475,3.929358124296926,0.09726213286916417,0.038382989545229985,-4.201790150722868,-2.7356252813101882,5.012913510012584,8.647707602832458,4.974232775940288,0.048022733917061064,0.01912887037250104,-7.267318370852213,-1.1534543499648937,4.5429586772616934,8.652261593275648,4.957053534955344,0.047791461930241544,0.019036456406037457,-7.190732973760575,-1.0949304253412242,4.420457410726219,11.275790131994864,3.7825955417841186,0.17253880355120638,0.06012602952309579,-0.8755388376025508,9.436994996815239,6.109009762205857
235,1548265890.38017,265938,22439,0.025510671593349788,3.162485699129852,3.625587135720847,0.03948468258149376,0.01575075264542953,-1.9430779857799518,-0.7055447534857668,2.3933178516876654,2.5956207408587035,2.0817646542387465,0.08444819691164417,0.03357327569970107,-0.6002686162850588,0.12024311878522194,2.5223929533409164,2.846715822885881,3.606257915532605,0.04117856070652684,0.01647422360612662,-2.1174744246071553,-0.5009904841521394,1.835511256351331,3.1405085561047508,3.593842628330843,0.040737355781276186,0.01615697499996579,-1.913382031668295,-0.8528875691208776,2.3898296123647844,5.636492179798191,3.1548385409359065,0.06711066025992843,0.024818211323036268,0.3405696129273825,-2.4943764259642855,5.043029117234035
237,1548265890.44690,264318,17896,0.04695491369400517,3.340230971829886,4.4906342885149,0.07506932143370654,0.02976843438892537,-2.325144811285132,-1.136294348996024,2.1117953745960225,9.205464108556622,5.996808466314447,0.1252801844639397,0.05068209706607498,-3.146757026405301,-5.026663411262955,7.040677852349398,3.618376540222343,4.468641660498729,0.0787214254607014,0.03127221772247544,-2.4441115192905447,-1.7655856427532701,2.000418707722511,3.4406749452708905,4.215578816514766,0.07830188484944874,0.031099204317019694,-1.7543767038430576,-1.1301672290838576,2.5135423126996166,7.594859101739126,3.3962046601997145,0.12779126909702704,0.047800759364973404,4.542965558033322,-3.986936097356116,4.598661682423638
238,1548265890.48027,262274,62661,0.04201044044855564,3.150588145581153,4.159500824846674,0.05181336514959307,0.021259571061731954,-2.7571924748285017,-1.5244373627099397,0.013639904674692992,4.24804333544822,3.4588943655808566,0.10653442661399937,0.04298694898311942,-3.6048452397533826,-1.5485984401862538,-1.628743641070048,11.348287732335002,5.508907538281063,0.13356957599919478,0.048580331423444444,-9.700747189450444,5.328019653667074,-2.5082553682533586,2.942271992239813,4.022841227898163,0.058613132420184,0.02442417234517522,-2.2675332460200712,-1.214430083398492,-1.1296913077116508,5.032454157122874,4.774486308059413,0.18686663437317805,0.06849465720588055,-4.544284125802174,0.9032204004998658,-1.9645023633598728
240,1548265890.54704,260914,58497,0.056218302421273215,2.5536080527638676,2.5059109807062705,0.07976823599138146,0.029917813659860064,1.2039975548491237,-1.479122960356207,1.698086936291806,2.364520736717927,3.0096887227770246,0.14807487066487235,0.05509470825382653,1.7827142572622872,-1.5437510322042014,-0.17239762727868946,11.946083932348074,2.736288224241032,0.18941660729921328,0.06665021355789723,-7.23224672573558,-9.505744796495001,-0.2105812923789389,3.6391989583217104,2.2961184150634852,0.09943982557898855,0.039335123002009365,-0.5382242554025014,-2.2260637078221617,0.6124929878083488,7.773352994110555,1.562914976609486,0.2398685799594796,0.0833028722425209,-5.157098453645432,-5.703292629703191,1.14096691031278
241,1548265890.58041,258385,67930,0.0734454655858034,3.589078881783824,2.278407204473227,0.09004946358613501,0.03643300003302734,-2.04015785782439,2.4594127357225837,-1.6341762849183614,2.110790047006998,2.0924170950148007,0.14775089845768938,0.05983825271249642,-1.716095588752448,1.0641018353035379,-0.6149291316174862,5.277537283997183,2.9853565546210414,0.23666055194478833,0.08573302474290347,-2.26797060154634,-1.537495302918969,-4.510522955046787,5.680665122054725,3.4932649448729003,0.11225048881635269,0.04455770282279688,-5.343444062830713,-0.5012438892602492,-1.3229410787597073,13.062655586753568,4.497207984745609,0.34685307880956007,0.13026305783912942,-2.8415167136721458,-6.53286530450829,-10.948991947079778
242,1548265890.61378,264033,5854,0.039879039742950824,3.562842150225599,3.3489518211404437,0.05910587926420119,0.023193652297380588,-1.2176229499262412,3.2672581252438837,-0.7322997216064667,2.2507929020934743,3.068769416861323,0.11436051639631921,0.04505291708411219,-2.13780740261838,0.4958866058474715,0.4999446685039217,3.7900878675292278,3.608241937672747,0.059773803563982195,0.023537593102878028,-1.7013428664978234,3.333376784171447,-0.5989972528785439,3.550172178981791,3.359015658785642,0.05949236077224941,0.023318072302332432,-1.192447830631941,3.2744877402640613,-0.6872346571512276,5.956643177671027,2.534682713380371,0.13139372327087442,0.046676890044834794,0.3817632390691646,5.150151331568431,-2.968466950689214
244,1548265890.68052,263557,7556,0.03404467848866351,6.459640984862272,3.294636532421219,0.042712887234546804,0.016587538355050845,-5.130930696554251,2.2002633233520545,3.2495158329174996,5.233929759124082,3.5272679505099953,0.09497091864913938,0.037627511960399415,-4.3495201475548875,-1.7837999288083972,2.3008157300057577,5.977528866953341,3.1262469017208643,0.043969321304985064,0.017268247592924602,-4.629152123413725,1.9598557791514868,3.234310946473949,6.357007624122886,3.3055497534782248,0.043818178842098876,0.01707708102180016,-4.937738945816662,2.1280600391841107,3.3633711826468633,7.075399169733384,1.371051595207578,0.1229354743196335,0.04484545676911217,1.3249141641677897,4.788346590810626,5.037619754896521
245,1548265890.71389,264235,4319,0.05321518317830061,4.8820248394856405,6.416405254868613,0.07747281057428956,0.02943720923904579,-2.655025580603226,-1.0588119076939286,3.957767431750233,12.557925412676763,8.840953103092447,0.13688004584682706,0.05298953967974905,-6.344886632363694,-7.715519453096124,7.61016845159821,5.174945266450389,6.682793679760852,0.07877692728933831,0.030126754112261674,-3.13507091535491,-1.0522230737676748,3.9804793014766346,4.899384867518631,6.44441096422966,0.07804956820055312,0.029627779502606998,-2.655189295857289,-1.1341188549057604,3.946751568640644,6.871559719508908,4.860512243176971,0.1467179387253168,0.052454877584580804,3.064095338580639,-4.397898351165529,4.299784044307489
247,1548265890.78060,260297,11304,0.05016405395732784,11.120331266758685,5.787317566250301,0.06727298254142589,0.026683397172306285,-9.8467531056347,5.131787504670054,0.6066117094456008,8.660919261724594,4.6832442874666524,0.12391064194313292,0.04952466219368398,-8.096298927444147,3.0757801722424487,-0.03228726713507768,10.74491031065727,5.570993752534226,0.06910420890141093,0.0277787445995471,-9.340333609102709,5.231573261630653,0.9175548282944463,11.013788442713208,5.800317082378109,0.0683839288226546,0.02718993900158461,-9.759226832562167,5.019930794569857,0.7284918298093751,8.13962120873,4.495759072151345,0.19641343731028788,0.07194354487904348,-7.45850127270133,3.2558657553779065,-0.1533961201508146
248,1548265890.81396,261900,9760,0.03719573300836047,10.985204146394238,7.663734981647728,0.0519965062772774,0.020018626197582854,-9.860392459205018,2.2523366933754496,4.286531244267855,8.395836537549272,6.132832341006352,0.10549672023718616,0.041388343804949775,-7.712842444382751,-1.097553568556126,3.1300972441004027,11.201435934379074,8.085269358715829,0.05432128275777855,0.021292216483861263,-10.368644161200256,1.6761170920040804,3.8928160429563587,10.710422761100896,7.615619463342839,0.05285178655635067,0.02039592440855109,-9.643890202718463,2.4219178291908334,4.199223563555556,20.313287142624617,9.391182237573144,0.15231449389714175,0.05382994370953061,-14.91748838196452,-10.011806836711493,9.479551612658119
250,1548265890.88069,259434,53564,0.058658554846575395,4.244201478870468,1.344981811054745,0.0732500400365633,0.02877448362902789,3.440891649036683,2.1482858689685416,-1.2483503827155102,0.6415314407048448,2.3712777487375414,0.1347363372033856,0.053592486812502185,0.126707859534151,0.3753122206877972,0.5046270352919092,2.208135501493786,2.6450085990092043,0.14236629572335527,0.05094088398260075,0.39139702740738735,-1.414039301557893,-1.6502010827603832,2.428210516612857,2.5378713398346298,0.08321985402368616,0.03309588816354944,0.9450107802749087,1.0454906172305152,-1.0721188011666865,8.52547707741173,4.002898083300631,0.21302526427832347,0.07939643839311396,6.084685130952386,-5.899227076062509,-0.9270847640268923
251,1548265890.91406,261415,12742,0.0414003536933591,7.481742043585031,5.933270732708591,0.0542668946957404,0.021137703602022648,-6.935225409374812,-1.8973333671947248,2.0686320653125847,7.273288778662898,5.556796136071008,0.1126770061616224,0.044534916566092556,-5.2950102183883185,-4.4377390877961815,2.27377840468961,7.045157092563015,5.937107750785974,0.056567180510367826,0.022353780423190136,-6.516101217031605,-2.2492344194056604,1.4545129476395393,6.884388207551881,5.809229510830979,0.056355195314358245,0.022225988744392276,-6.234451958313282,-2.143393295235156,2.2435881812201606,23.19302795370756,10.476117977465718,0.16470968929684682,0.05852888721127743,-23.04410949238809,-2.409918104418193,1.0381994482212018
253,1548265890.98080,262360,132986,0.0544169738279867,2.1955719975137877,4.4648378755754345,0.07609179543137366,0.028275983140941076,2.125102406855342,0.44899101749790526,-0.3207541470511527,0.3432352506398943,3.8683264395297723,0.14197922211886088,0.05331014765718444,0.012148961837222005,-0.08114258484360236,-0.3332847445248696,13.454338919743474,3.720084918298889,0.22823479289083679,0.07454298712966262,-1.5722575153326743,-5.996722241323868,-11.94096162095899,12.249225234268668,2.517849077908383,0.17768584761636702,0.057827905385673645,3.7638765199256987,-2.8264381752723002,-11.472172937510585,15.088796960546087,5.4399722578759375,0.1515972263501821,0.05553366485707426,-3.712485781315657,-12.764849484194492,-7.137777012906297
254,1548265891.01416,259392,10204,0.05993690051865919,2.858447435384734,1.9044968360313668,0.07641725839910354,0.029309172555875864,0.10536051618762902,1.1906067563889926,-2.596550876475776,3.0111916150281512,2.544858404851298,0.12811844520340177,0.04990055011507088,-1.771984073528645,-0.6363129795577596,-2.3499900377710117,2.6047424497913263,1.9658292950062677,0.0780116219443632,0.030169654323865338,0.185281834300492,1.0062868594256453,-2.395358141942544,2.808743337473661,1.9990308786706665,0.0773608908681907,0.02967963610811549,-0.16158957174741473,1.3010438199487364,-2.4420185154601497,8.73423116826261,4.01432670294778,0.18583333015516248,0.068913033315229,-6.800822624337702,-2.6204538439676357,-4.813400812791487
255,1548265891.04753,262475,6662,0.06521993035740448,7.283772948012752,5.86654999277179,0.08925480316497712,0.03281985771873861,3.2326577292232677,6.261766039136802,1.8421613487988644,3.396164334299202,4.558929258638626,0.15579033053337918,0.05731169754221895,1.8287951132720737,2.745699891706638,0.8065808849212084,7.270484262161375,5.8949720582136935,0.09107043545484675,0.03375157699303409,3.339207832383084,6.1552183739780455,1.9552286892153488,7.241941280187241,5.8175900353441685,0.09024213139548529,0.03313774370434491,3.286371433837179,6.14426357508917,1.8727929580157574,7.1825741989050105,4.596088924808603,0.15523437446450883,0.05454604141161855,-6.178586127437734,3.6623042337208913,-0.04442170955685066
257,1548265891.11427,262514,4552,0.051273103002738914,9.49068877548805,4.655276856347127,0.06493408077022629,0.02382644136802925,-6.7057234371748144,5.904622001082106,3.2002946179432294,5.3396093825873825,3.184355637485678,0.12043043154540246,0.044249072690589586,-5.285732620829705,0.5190243743717471,0.5505204069968305,9.379585474613837,4.6517471261896,0.06535031873254554,0.023961451958938958,-6.626791488353833,5.87246227097038,3.0945831902693266,9.428512037126392,4.699690511340106,0.06535066578883145,0.023994264741780028,-6.660971981772011,5.967250954601928,3.2077915684761655,21.121836028035514,7.472330834676627,0.1295611127999226,0.043471116996642245,-14.818460106195072,12.519365680284583,8.355278585399569
258,1548265891.14762,259271,119042,0.0826831794550053,5.168545708899779,2.317085970314444,0.09958825445796803,0.03739110935862004,-0.9300310176042402,3.2227758540052056,3.9322541685554055,3.7990578509743744,2.498481321619933,0.16374045888066371,0.06168280454877527,-1.7858938923245693,3.311535067662967,0.5264589785028486,10.66027868412869,4.356099513905339,0.26543275086210577,0.08484797896896623,3.2005573543139962,7.69669001812195,6.645219109252685,6.371340677753227,2.851413376554042,0.2207753921138655,0.07319135369478356,-0.6908139557919781,3.3254302371923163,5.4296864013787625,8.205660398952082,2.9394316073470996,0.1361871436223311,0.04986596440667409,-1.6485502420501386,5.751646941361086,5.615487703156202
260,1548265891.21438,260964,5123,0.11301661696125789,5.499867372621235,1.483833842767605,0.13151105257405632,0.04918875034685075,-2.2158346596309504,1.6804415640358765,4.744969338938077,5.400573222120469,2.260767492058258,0.19732165896361065,0.07406844230301474,-3.977651656153224,3.3697661365333946,1.410373927318205,5.354959549392493,1.468745716210858,0.133841159315335,0.05024132971582749,-1.949432898507386,1.507086853444848,4.754365611311425,5.43144900937831,1.531607029309929,0.1323893481682876,0.04957782426610228,-2.13412458745839,1.6916505419117736,4.714777111031066,8.550698688351222,2.3522528561629215,0.19104249266700096,0.06233976647655142,1.1677226564123084,0.6857023218426619,8.442788886528685
261,1548265891.24773,249933,7326,0.10887992841506282,6.015875069457851,1.654608547627121,0.13052802172971453,0.05029095849452703,4.204722330419936,-1.1295801191028696,-4.151519207461287,3.005460503438735,1.7411313419301808,0.1884001881286093,0.07310826917889761,1.9502794883769505,-1.2426010992626828,-1.919673217778882,6.119636981506616,1.7781670498793187,0.13222288311048186,0.051226430721783234,4.37248260416492,-1.4255617380452925,-4.0372176548608145,5.961666321835941,1.6678223508740952,0.1314155697568849,0.050635265875384965,4.123953279617608,-1.1459357777443961,-4.063784093261234,4.538394636166412,1.5850166948887106,0.19704668905248116,0.06733349927447116,3.1157170000894974,-0.051703964030661416,-3.2994939231707767
263,1548265891.31446,261941,5672,0.025461567840335635,7.8932689407386745,4.580326728061277,0.03538332469104172,0.013412203189365084,-4.668609696002997,2.3384704309731954,5.919403189569089,5.8485497792738,3.1578040009204043,0.07687871887596183,0.02955408990286538,-3.0884393556557095,2.1716343985274813,4.466663285520049,7.69847566270685,4.343821099453294,0.036087428901691136,0.013692070422579729,-4.207248020746424,2.267718858759732,6.0351506028300905,7.839780979468536,4.549992024310667,0.03572217431580346,0.013541589304417592,-4.657327620559769,2.4422141724817834,5.829958815805083,10.685827396861692,4.711878850171326,0.062018510420119445,0.021398940034295048,1.9161358919974911,6.074314535967969,8.580095181118166
264,1548265891.34783,260915,10852,0.031679188326837235,8.890497120731917,3.0238451716432295,0.03842746377235951,0.01467081573943254,-5.1149228014358945,3.507105503656843,6.370142445449204,6.259451825394217,2.738537491762869,0.0773508247622364,0.029283837916176714,-4.874476119334091,2.2592155037580772,3.2118787374450806,8.503183886021548,2.812294125699731,0.0402553109458738,0.015512941473795954,-4.741355617602416,3.0327186297618987,6.373876435860803,8.940575058731254,3.0491063977760016,0.039846223216180476,0.015279846768342549,-5.219794190560137,3.529509905554067,6.32364711283649,9.884682897825579,3.5421905282973425,0.07930459929856942,0.0283976536248503,-6.379660454490886,4.647655323914002,5.950309947058592
266,1548265891.41456,258747,8426,0.041050059484787495,8.821414002598134,2.674237710336846,0.05830159655468732,0.022607222239227454,-8.455481433228544,-0.5501721352583332,2.4534647662330658,7.368614521456741,3.2205419427636417,0.11414299283898678,0.0439091443534118,-5.9383680049635625,-3.580433198119291,2.4925415778384696,8.400116145014604,2.4543994243126184,0.05941873674343893,0.023166033100248493,-8.09563729103983,-0.4263596025376285,2.200187626313772,8.940596652873712,2.6862380384395377,0.0588306257205069,0.022829265096369587,-8.503020786601654,-0.4917940270131943,2.436424443694211,14.318663677244675,4.517891806911316,0.08130590645394375,0.031032073172100556,-13.084482093800103,-2.5245263162354363,5.239009898607296
267,1548265891.44793,256517,5687,0.05390807298803202,5.240077638738952,1.2797144133758025,0.06400148125279449,0.024665878183918293,4.099911716812251,-0.5003281707794491,-3.2247184831985094,4.261598194061132,1.2874674958644423,0.11840386065537234,0.04542612750265697,4.228292803412514,-0.08665360435470802,-0.5246430110917149,5.115555335414618,1.2441947899760355,0.06499386165043512,0.025022430905147438,3.984830170599595,-0.3416273078874261,-3.1895651245387295,5.1691175363355395,1.2690311787237758,0.06482558044974406,0.02495943679194907,4.057815870326145,-0.47732696980843464,-3.2320763919169324,1.8051133157833534,1.322722474725071,0.11909301959206628,0.04352844040680908,1.0643628133899683,-1.4570837327581228,0.04972806071645324
268,1548265891.48130,262386,8791,0.048053141100343096,5.142571921572885,3.0215860689189173,0.06073540621235779,0.022777494912893104,0.2638194573646013,3.9629926358140803,3.2666702666398773,3.3887907851925996,2.651765342393386,0.11400508495052383,0.04246226770481481,-0.5341466354697536,3.2477084031219285,0.8068336172432548,4.951914836952612,3.0411779429011685,0.06378068225286847,0.023979068928656342,1.0136161289696553,3.5133720737682843,3.3392004382470253,5.134041396911764,3.0450044467762756,0.06096934335135318,0.022880483844081638,0.2831316566743741,4.01310389180283,3.2146564905704027,11.998962396054717,6.366078307454354,0.13268676588779893,0.04551485547131153,-1.1710960148332143,11.461196562890123,3.3532977876670196
270,1548265891.54803,250482,104900,0.15092962858000494,5.391527160107866,1.4307763037978214,0.1873217029340396,0.07196867583301375,-3.5919258796448976,-0.32006270136743203,4.008016150230859,7.571156948619941,2.40546011147301,0.2635769843485292,0.1014684559650611,-5.936138367835932,3.429505635355301,3.2129690187750644,8.325420185758592,2.0792078837611947,0.4005475198087258,0.1350613125793887,-3.6175797687786364,1.8941175867272604,7.255208918674269,9.089304810956772,2.330780550700821,0.3188625477677477,0.11073684872641659,-3.544047269801637,3.4798523580221934,7.851518873587626,12.389964735177987,4.627853245606438,0.31623520182136095,0.1257426174459049,-4.257863738793005,9.426407087751958,6.820899642774806
271,1548265891.58140,246195,3270,0.16037360097473838,5.242213240473646,2.1450763305411704,0.18130225013955598,0.06937434732377422,1.430229585682619,-1.961536679525334,-4.646247609169367,5.883940393762351,2.9583243690966725,0.24896239409910348,0.09607781689044008,2.7924922235463017,-3.702582438383315,-3.621273950663929,5.172773531220919,2.2243033316599576,0.18236769195042196,0.06986178690975885,1.37532669936277,-2.05652032580956,-4.542773010491696,5.194296208019137,2.164168505609466,0.18282930887057486,0.06990260759486716,1.3911998592182808,-1.9798395059202691,-4.536512172771944,10.787773894138263,2.2879702284947445,0.36527007656734833,0.141833439659155,8.20312649243511,-1.9578983160798602,-6.726917237788196
273,1548265891.64814,261632,131741,0.04419087128041774,9.35706358572902,2.2478449412627057,0.061366665020244286,0.02349965707158659,0.16843661959486705,3.822437130854998,8.539042243320763,5.867262656073901,1.7881645359706562,0.11910531644715487,0.04551951279780319,0.18144457569547234,2.289341559584438,5.399144762355383,21.533760001615992,6.462966770550258,0.15103320775330029,0.05049519741150832,0.9641342443741291,15.799764161700644,14.59933962207407,14.009852461255996,4.662310978382731,0.11343040209474878,0.0398661539726055,5.0221330673075855,8.703962887241559,9.04719650955797,16.986377246480075,4.919088174593686,0.10812301184894468,0.04049845675590785,-0.5972119562039367,11.320012773142839,12.650599221182606
274,1548265891.68151,254790,11002,0.05037410035904764,1.8107699411274487,1.9446916594657007,0.07270991595492189,0.02848687605500578,-0.9017751155642983,-1.501457402027332,0.4596902114870795,3.2116117220985116,2.3202110625182653,0.13797976026915873,0.053210341297463506,-0.8049763729957367,-2.519347618672806,1.8219084688114433,1.839529064142447,2.0052574353441486,0.074911837794329,0.029386377233295933,-1.1731589849838016,-1.301811977301529,0.5593306263122432,1.6939046444341046,1.9375759839901054,0.07479620485941715,0.02925568501306491,-0.8996249116657743,-1.274985615970367,0.5851090535472452,11.479677707809028,4.011874937791479,0.12775915869457224,0.04935020688286922,8.560037506406749,-5.611069204686398,-5.198524843097048
276,1548265891.74826,263726,140306,0.04103073801495894,12.523952689363776,5.202824196185549,0.06533797526382913,0.025400877779628506,5.23223669041547,1.3816044414273203,11.294434883973638,7.063917487055926,4.037173593561562,0.12872527231855985,0.04912068422850318,2.9858962062469105,-0.4155785490020552,6.388321264547062,23.061490740145445,8.129803273028326,0.15906953301322502,0.05437203864345546,8.606539591190478,16.50096426272626,13.619031163167064,14.61935593838199,6.21488836402665,0.11948006261653443,0.04213466310532576,9.539948938477437,4.150308552520945,9.766753431152754,17.13852440390264,5.096025373430147,0.10881145901158838,0.04041287086766696,2.735071502622023,7.712813781669974,15.058582476049763
277,1548265891.78163,261934,140861,0.039442748987449504,8.759243606468447,4.264614427713846,0.0564478986983388,0.02258677840998875,3.8042987673206623,-2.3864108715090544,7.520419044093503,7.603415117691562,4.489868846913579,0.11497736441237456,0.0454593405567444,4.022994129668272,-3.8845521763098745,5.151474941618316,15.74665686153727,6.333208703827469,0.14301723850193498,0.04979282003739819,11.48450561308035,6.2382659182628535,8.783357642221162,10.517860105878201,5.19804423934043,0.1186943772356994,0.04187727271132416,8.570354037324874,0.5268317507082255,6.057149463383375,8.901213872110546,3.8609009628803155,0.11178147518354771,0.042064830733599984,5.815005913113221,1.8931207317500545,6.467875116491475
279,1548265891.84836,262720,5259,0.05953672265417367,10.77466553269181,5.830119554229079,0.09816019058279903,0.0385843141215685,6.232512810512366,-5.121187471318096,7.143013390144994,11.196939066225475,6.223159744396365,0.18018247781941857,0.07045272137228133,7.674757790345994,-6.148715405100467,5.353768409202056,10.13661262241664,5.542062847010424,0.09988995946377492,0.03939918316499903,5.179614388772775,-5.016568722744379,7.124363023494608,10.708760737528575,5.823631653674643,0.09914248353515821,0.038989270902344414,6.318946760276737,-5.09573786425944,7.1482985733663895,16.84375300977166,7.767701652746859,0.16534675470871998,0.06398251586732097,16.587638177081953,-2.8341945088991647,-0.7277476527828621
280,1548265891.88173,263659,148447,0.037522609402199446,9.039508452605107,4.781136547678527,0.05219061877305563,0.02108792055462554,4.469537939485411,-4.495114455036718,6.444368837080914,6.5456163337585656,4.026931722796482,0.10468551461220603,0.041654546521770565,3.738289819137331,-2.653268419120312,4.672306615901819,15.356583776558837,7.191703673965459,0.1437529360481211,0.05055237728920001,14.48494315037234,-5.052270124604352,0.6968886603912356,10.24405790465849,5.810644314011401,0.09387769350631889,0.03395893424388654,9.054954296791102,-4.488356438218618,2.190753187671268,15.487661929290432,7.085975826534869,0.09090968104749653,0.036212966090971986,12.737057103679753,-7.893958252682578,-3.914137386257411
282,1548265891.94844,262661,8557,0.05258638229067443,7.534200982042778,3.596068360841448,0.07165765901976001,0.029039631080358057,3.636869727751037,-1.7422777535469716,6.3641049056939485,7.280435051040817,4.152274192377829,0.134127207092738,0.054042828076186294,5.135717721763366,-2.252227727024339,4.642909462870473,7.212107910484046,3.491380973870216,0.0737796264546848,0.029819274344881855,3.083332540479276,-1.8570207865765505,6.249722774292534,7.539072940949722,3.62790370010128,0.07292134412543347,0.029574942938926548,3.88297623325478,-1.8017963556499046,6.3112695260806415,11.229401319828911,4.835390442725068,0.11613906429316677,0.04550802684255542,5.879414425508449,5.571461528558468,7.777580372499625
283,1548265891.98180,260405,3877,0.03157024128780886,8.386650707060875,5.3331873598061375,0.04428298825864599,0.018226885741532424,6.353624166973896,-1.9656253069640475,5.109176761447234,6.85055412561478,4.546395779250029,0.09125621703297351,0.036540799322805795,6.1227887223043345,0.1654510841494499,3.068252927767577,8.270725086271414,5.315890445001773,0.044741866956766844,0.018426662279441387,6.255615115819054,-1.7479918984176754,5.120224340639932,8.428389740306084,5.34544632186817,0.044566157274765546,0.01835249326430735,6.420311324837957,-1.980144516418418,5.103020758984789,10.172389938870111,5.717600966542407,0.07056420382168554,0.028130040507906913,9.758984742115752,-0.6948915110025357,2.7851139401314278
286,1548265892.08191,259877,4024,0.033404665891278065,7.230465197162665,3.602858678065425,0.042125016692996536,0.017765971271011746,3.9721157558984688,4.096776334097627,4.440534546369534,6.475170578760288,3.503336610711862,0.08701755290174971,0.03597236511028232,4.3646576990913655,3.902872354530699,2.7649926904144437,7.280160750918101,3.610288585078486,0.0426426050027964,0.018005393773014303,3.889357175671797,4.318683287400782,4.384360384638094,7.151236112552292,3.6196694644444563,0.04258403046531367,0.017968781076233176,4.016108982776947,4.029233139874483,4.35857876340523,10.382445470272314,4.377570343400746,0.0752324574167361,0.029362860814004237,4.717273797987916,7.020864597481342,6.02079414710617
287,1548265892.11528,260906,4609,0.06444127014462293,5.151150409267944,2.3132468934842483,0.07928921944428129,0.03308511610443387,3.0599613339570593,-0.5995480633881303,4.100186494938564,5.728917439758507,3.1091200600930957,0.14353253156318563,0.05950529531674126,4.460380017504699,-1.33612324270858,3.3377057706316537,4.846556616518692,2.0708405096920957,0.07982039307027275,0.033346099364382924,2.536348601877457,-0.3918784013423643,4.111262351813216,5.276926800925247,2.373085468527174,0.07993755713910645,0.03340872267433659,3.2091322101871125,-0.6373820515966164,4.142245495824227,6.521720519977438,2.9166121746345857,0.12700851408301989,0.05282088807402188,3.438288638986723,2.0438922839467297,5.151069219815691
289,1548265892.18202,260495,3613,0.037310004821904386,5.7410870954959625,3.460183775720635,0.04349009848527395,0.01827449503935601,4.583922209664475,-1.3804307344542375,3.1689350263438896,5.488625820105065,3.623356207981422,0.08870533158627088,0.03650058802892332,4.694311779873282,-2.0899545870978113,1.9288701693830397,5.648403806394835,3.427945463862759,0.04408388456491165,0.018548882345331797,4.55197592598608,-1.1656418286564314,3.134527054696661,5.732689640590033,3.457068355792452,0.04363424712048494,0.018348650989924872,4.568675731231549,-1.363680066819186,3.1639563272108364,4.584224670369561,3.0785442693517786,0.06388509054387027,0.02715567062434734,3.398964572103137,-2.1738483093422754,2.1763591601531167
290,1548265892.21539,258329,13485,0.036412001758800286,9.435116144865413,5.541935756716414,0.04539783623427913,0.01916247906011388,7.694967344901451,-5.440597614754446,0.456937438090286,7.661285365844965,4.612133815521657,0.09428104383766295,0.03899476597690757,6.69463269195017,-3.640875886821819,0.7881683535525082,9.004657185346039,5.364331918805894,0.04686778951014257,0.019814701224974054,7.48910375367638,-4.929418790180925,0.8354677631636044,9.219528713365495,5.461401811193941,0.04617863446027081,0.01953785441670094,7.570188322228599,-5.179320846210759,0.6204641107990553,15.80928205333374,7.204725006817418,0.07765306916349833,0.031397981393395905,12.666216558204137,-7.3492010592396895,-5.957314909706043
292,1548265892.28216,263680,1071,0.02210966408200916,18.528028004932903,6.388752841767942,0.026287156534268455,0.011105289436216371,-9.142714354650613,9.686481340361118,12.879078974199958,14.186038406101398,5.079846847549576,0.05296409314693835,0.022148332745790304,-7.7813507216583355,7.075951816179325,9.519725442524049,18.487230642148425,6.3742235508287495,0.026425412965276934,0.011169800393181283,-9.147375149929985,9.64494350563042,12.848279630193009,18.530835251482955,6.389922271376982,0.026341111858968633,0.011129005109075683,-9.144484462964517,9.685318194250426,12.877756666186638,18.960508781230725,6.3958426421585965,0.03813750116517526,0.01603982123292461,-10.088874414458493,8.766184774943772,13.448773579176516
293,1548265892.31553,259538,2178,0.025306638916576224,11.269753596014898,4.7643326863913025,0.03586292822759289,0.015291736647861912,1.537934971786747,3.81919117956776,10.490752159466824,9.250605286720551,4.26085290583024,0.06854271675433897,0.029278955075607477,0.7751861856567449,5.836753401145246,7.134780605070389,11.289851923928884,4.760188901644585,0.036074890467668784,0.015390129588732069,1.411051089495876,3.9071197291966246,10.497814377707186,11.288817288263498,4.76752827750462,0.03599168847742042,0.015347443813824298,1.5346361865098004,3.833637194863092,10.49576234257474,9.707956281319747,5.240662253927191,0.06172098909873507,0.024751420435366715,6.168162883057026,1.490131375169008,7.346951088229055
295,1548265892.38227,263661,4949,0.037266599424106865,10.634919078174006,4.932209053000881,0.04778380965960185,0.020628292906089255,3.9818280702975044,8.39586671462128,5.172617434937055,9.026693363321463,4.530872678532039,0.09651365042991576,0.04127327132458376,4.60521294894416,7.034551759608895,3.2845529850639035,10.709922618923837,4.947945746445649,0.04827038713031706,0.020871551854226077,3.8756113977389997,8.551863909703052,5.152446260464092,10.555494807227667,4.869350369288547,0.04836143007859883,0.020891907092759274,3.8978624921479335,8.273544802817595,5.212936599937695,8.38536769709287,5.060087992285176,0.06897233844313856,0.029786204004590828,6.747311820499158,2.9350613624303774,4.0216401394417725
296,1548265892.41564,258155,12032,0.04671341200256812,10.67709606832951,6.0198270082507,0.06403052640790147,0.028116078012690497,10.194010984806981,0.6701392106677287,3.1037773651307052,11.937918891674064,6.763352673883119,0.11921880836756434,0.05159031053796944,11.63739866204986,-1.922531052504971,1.8408514869110943,10.005403900811645,5.729222761587629,0.06637331916514924,0.029287921296014794,9.383082169421593,1.0913698751066736,3.2976943484757815,10.494721260766669,5.974063309942258,0.06585757530828597,0.02899651139841889,9.99332442875897,0.5613594633478379,3.267759868887241,11.738433210392571,6.543834705006654,0.10039595123014951,0.0426966131070915,11.279889531905011,0.7540550592646583,3.160111920559836
297,1548265892.44901,261184,3362,0.04925821636134054,5.602611526829129,3.57489507032374,0.0551807533076515,0.02423805136939996,4.671390132681882,-2.995278279237541,0.7718019038385207,5.421016050882554,3.5810233191364564,0.1025840286506599,0.044039340581304855,4.429308820177452,-3.060739346703426,0.6328610044599041,5.772153204669856,3.675117376427686,0.055830193472898706,0.02455335037317144,4.74488662435259,-3.1871920686691957,0.8034987601935287,5.573539827956196,3.569974853842603,0.05549243632455524,0.0243712983367153,4.632781490082424,-3.0381402536558113,0.7525840890803814,7.0754059519345756,3.867602085073981,0.09257256319377043,0.037805843728798236,5.711110755522518,-3.670715133579798,-1.9925947232025074
299,1548265892.51575,258422,1992,0.03680800700824789,9.552978326458819,6.045350956543748,0.04636245542432647,0.020637889065993856,9.16450757459225,-2.3039025138111815,1.4011527496628362,7.674215460285291,4.982299476249479,0.09258512963304541,0.04022027402263311,7.418985887303333,-0.8714189997997631,1.7586529679455616,9.675530921196529,5.974800653518076,0.0467533235999939,0.02085817137282194,9.397247211024823,-1.8514092335326344,1.3711044132036245,9.50643436418413,6.027300976165993,0.046553429082286074,0.020721336295411393,9.136172928081129,-2.313058242695223,1.4199606114914953,11.710960904733685,7.123067750940636,0.06921061846185182,0.031707954473193474,10.538138489141186,-4.89042713385438,-1.4757929883092593
300,1548265892.54911,262574,144770,0.03994757143744545,7.685848659096827,4.754165836578673,0.04575874492511013,0.020354204308924526,5.425719377178601,-5.414549863221501,0.5625732213118307,4.581627431047238,3.1642455804465284,0.0887267912416507,0.03814856363898568,3.9296935971986438,-1.8310272127070921,1.4819438232897353,8.949266566380228,4.933074030666268,0.12930332135375422,0.04723945206299826,5.771728389056001,-6.83623441855576,-0.20596711788432823,6.478036367745155,4.031192160928532,0.09095051597927162,0.03649993084405051,4.2193769640463135,-4.584393583554409,0.9670159584256182,10.314453384589441,5.225335276168477,0.07698057177039964,0.031155854009638995,8.01351063036607,-5.583711995972384,-3.315683390481165
302,1548265892.61586,259416,4243,0.034099142271551,9.516897503969965,5.719274510802258,0.04347180702066496,0.01962040455488254,5.094521233579391,-7.915947773654742,-1.3981996804637729,5.416110823135149,3.5221513625066225,0.08683168776566279,0.0386167332136136,4.038549851537753,-3.5791165604142336,0.4629213670751041,9.616284150097194,5.6688252431607955,0.044373386144468265,0.020044882732203475,5.307388786071118,-7.775593402579004,-1.9607887103578874,9.818457659065732,5.795911009888294,0.044023849469400786,0.01986119295269402,5.316345129156502,-7.99912196807815,-1.8265725526275771,10.617338888673281,6.2285762277176175,0.06268957446088846,0.02938697218469121,4.8396008570338065,-9.001399912135925,-2.8776636779392732
303,1548265892.64922,261960,2092,0.08504616865191976,4.3055622570077094,2.877291669569183,0.09592623954405817,0.04275507945708895,3.9760146769746854,-1.4059703514410882,0.867422047402436,5.743354743188937,3.566207299106287,0.15537278107532337,0.06925426235171256,5.453136027592016,-1.7184788114960534,0.5442993157518602,4.304835669536494,2.908698463244628,0.09628682121368781,0.04297132306947271,3.9125778276385668,-1.5513631599140032,0.9036687614643055,4.3479702593685765,2.894140737744134,0.0963489776630377,0.042987206611916684,4.022726742649551,-1.3692778682304443,0.8940410806152594,2.7867764580671555,2.3110276377894943,0.15017936180678224,0.06575528683219167,1.7036850297203523,-2.1480621766027945,0.4994088827729704
305,1548265892.71596,261233,3430,0.07997856898591124,7.557482732429233,4.556791775273115,0.08913549141501759,0.040492767837591544,5.738481875325108,-4.835165591128056,-0.898078350647952,8.142295264401499,4.924563755516401,0.14768285816189208,0.06722656379803475,6.506486155748469,-4.868253179602932,-0.5125632224755329,7.645584247117647,4.614691731951599,0.08967579541439617,0.04085227586390661,5.707156341440019,-5.007299012267763,-0.9001564174502028,7.554875683370351,4.561280030555122,0.08975138577928167,0.0407992017211032,5.730017599247253,-4.805974466304715,-0.89661044634584,6.3948920461691126,4.076180605854259,0.1548054813556422,0.0678431944828582,4.9593593736575246,-4.02351492940135,-0.33275591348115574
306,1548265892.74933,257463,2549,0.15223068117281088,6.194079160617117,3.355507777844332,0.18608557643631168,0.08302814497000865,4.849396982784283,-3.2398732444701057,-2.086429225044717,6.6500720332203525,3.67219617330106,0.2535055108705671,0.11387199645385242,6.134994936076662,-1.9196660162353598,-1.702990771391392,6.330560933589265,3.442063873865779,0.18669296956097914,0.08341892650095811,4.938353443508622,-3.3627259575881174,-2.093022010165253,6.205207606644182,3.3568161935233567,0.1868332060873175,0.08334298590600295,4.86192810895017,-3.236555764658442,-2.090560305767753,5.107766106735517,2.785345933478858,0.35320332174588,0.14363015970512036,4.7487984196788044,-0.47598539544515284,-1.8197873704625795
308,1548265892.81608,258758,3526,0.13605449331024647,1.9722638903493972,1.7218874568121778,0.15114777781549169,0.06853308380748888,1.4414556898414854,-1.33881855878215,0.1399829063144247,3.2577456316249154,2.2415444011279857,0.20859044613943145,0.09515435552295148,2.9581915636008467,-1.1003101269020124,-0.8070482625276351,1.868073773107042,1.6852013128299335,0.1517921789384964,0.06891979206040602,1.3634607425479264,-1.265112238185218,0.17368203734130422,2.0182596246364444,1.7484933759422687,0.15199393583522733,0.06897613731485118,1.4707919832776102,-1.3947301492961017,0.14763520108443318,1.4199233183721331,1.3695752918325415,0.2546757248142923,0.11420496033668828,0.7460416727455452,-1.1885873737976844,0.2164811941778826
309,1548265892.84945,263891,3409,0.0486999351832857,6.401467206096009,5.362617610720252,0.06545295200111938,0.030186076924365063,6.313622231890871,0.560054618376774,0.8962675538759777,6.780138151459755,5.070165626270643,0.12386937000586018,0.05687980233603559,6.206264182375424,2.581977815900634,0.8865375398938306,6.593371232372846,5.471288459887708,0.06590449301133895,0.030434690583036692,6.494785991716684,0.5670530690529312,0.9842509571040277,6.38990703415276,5.344966988317519,0.06576327813935734,0.030355549477099494,6.301946759490258,0.4859075314532808,0.8747765724058013,6.3470604777161785,4.280591425126441,0.1042051014468604,0.04938032238291334,3.8721044677298475,3.6390962396105313,3.471161514194602
311,1548265892.91620,265103,3219,0.08702505847752753,3.707637288659689,2.6829572543901485,0.10392937464481442,0.048627657981749575,3.5948675799488132,-0.9065900709668353,0.03994734180247026,7.423615290273448,4.2840385386273585,0.16629063708372496,0.07766762550055036,7.398831890241289,-0.5220696896321547,-0.30788614307504597,3.7893409263211493,2.80843335458732,0.10466723802430322,0.049106902498381844,3.577468115170746,-1.2489612584658354,0.030369650648785516,3.703717819679068,2.684116217486618,0.10484771886625499,0.049181590300862596,3.5519007702138885,-0.7750447021332292,0.031004701745303218,3.7932030510686023,1.1409784024099514,0.18026029635545746,0.08088202435855688,0.3673103182461385,2.330805604843526,2.9699861530276666
312,1548265892.94957,266416,1001,0.07546113708147019,8.337754401266457,5.550705378867851,0.10484069937390751,0.04948336835092656,8.020499331927152,-2.193184998708679,-0.6161805610642893,10.609084363902078,6.716348699821146,0.17664379551345205,0.08277620592979931,10.445061541825407,-1.550741160391044,-1.0239933014138662,8.153467444846877,5.441913665816452,0.105215904062143,0.049717068315212685,7.854172789542417,-2.0825399986462956,-0.6738162362451933,8.279256356476875,5.5188112092753006,0.10500557793527024,0.04958027930808666,7.963268763063878,-2.186056085371691,-0.6045671404010193,6.819100747014512,4.47475595454914,0.1839681258792805,0.08445863865919949,5.3269538255795785,2.036104507569887,3.7387131973889858
313,1548265892.98294,266293,1215,0.09233741959394454,3.9121629276927474,3.111324756298099,0.1150776105134533,0.055335410044557054,3.740771812888655,-1.136585578186675,0.1407772714939139,7.250447831851995,4.756036538948699,0.18281282584817646,0.08712425802148765,6.972883937436204,-1.986442385252978,-0.043931850882176625,3.8854211648927626,3.1267866629183154,0.11537349501650955,0.05552034682139429,3.694406787161351,-1.2003773830497597,0.08336820638221266,3.9259098575054594,3.106115150525607,0.11549067808447762,0.05556615192374243,3.7676023747399583,-1.1232049955232668,0.11999735321286382,6.8170530598684245,3.312447473478488,0.2030143570150017,0.09708640293167327,4.262592678217362,4.5872067879131055,2.6944479890309845
315,1548265893.04967,267613,2264,0.08626962794193767,7.75235107638279,5.763434811061269,0.13042977618910637,0.06290788638235326,7.40012047778468,-2.035922295019067,-1.0918720320667379,12.200353495384325,8.216906698566246,0.20913985302952176,0.10039111836588929,11.595823814606186,-3.721315742112129,-0.733010655077425,7.847759073595164,5.880441556976035,0.13143468990607574,0.06359454304602928,7.440437674792605,-2.206839573438618,-1.1649329516445597,7.841398611413067,5.852904380312214,0.13145421731201523,0.0635125013693171,7.485055263907726,-2.145105039609647,-1.0725948135250043,10.401957068037472,6.972646429262033,0.23192955304761745,0.10840199789933724,10.372430299352985,-0.6988883834285039,-0.3534905343393923
318,1548265893.14977,268356,1425,0.05984556453587465,7.061215409323421,6.665638094067072,0.09293554383531157,0.04591228766425109,6.943877115878289,-1.204819946928833,-0.4378841763877256,6.947700232219531,6.6214111065640395,0.16178665787215793,0.07957773239746721,6.927152053866771,-0.4507981992048451,0.28615367023047134,7.519890210231688,6.951210316447734,0.09340368808867329,0.04624549807067889,7.39943718017648,-1.2854158435231793,-0.38050532161840755,7.062567221665978,6.666493789776723,0.09300599647746885,0.04595491389857566,6.946723506063043,-1.2034625281146556,-0.4408973984667345,10.400268121156428,6.663854316635182,0.1521176228494504,0.07528502233252272,9.644173166189344,2.9683247413309957,-2.518838852030501
319,1548265893.18314,267580,2240,0.10354242441823051,4.258176346115676,3.6915707744403714,0.14391666536510353,0.07068421732731742,3.9554391702663727,-1.1418057248288573,-1.0875874455369425,8.532061707767113,5.923928602122967,0.2174494330370871,0.1062316487766644,7.893772385888847,-2.84358301631038,-1.5486994977321165,4.173472737305011,3.6915644088867934,0.14452052257948908,0.0710675338718542,3.869996053499813,-1.1749379259224375,-1.0298184816525389,4.233328204870151,3.6786566581058473,0.14449047024097045,0.07102911753912414,3.9308134253438727,-1.1700812290852958,-1.0889903443296367,9.615624709489694,5.867065882209532,0.3201860660402072,0.14359690631771863,8.961247804644902,0.792811007705752,-3.3952506599007193
321,1548265893.24987,267897,3351,0.07333900978150266,6.214829546998514,5.165064009946851,0.10223817768623836,0.05161485973893978,5.436859516625376,-2.6622209408445516,-1.4061452829827286,8.501966842204759,6.2281377068949,0.1685912427830676,0.08427912464933002,7.543331651711442,-3.8199118883889365,-0.88874121271738,6.931912568181939,5.642620314676166,0.10373928288647317,0.05261306859201137,5.893211610863068,-3.362349606705992,-1.4198851660579863,6.217669812401536,5.158592220891342,0.10293291946026853,0.0520715700519513,5.4453377892174455,-2.617844320776972,-1.4145718818000603,5.241971650346443,4.119626459128637,0.18145407765799673,0.09296658395298552,5.200844162239946,0.6308384552829528,0.17756583699209902
322,1548265893.28324,268708,4402,0.06159595493413299,4.401143749543394,4.167096444441251,0.09168579797323091,0.045630094189887865,4.186803828430531,0.30755273107091385,-1.3214201920642636,6.344413924554357,5.2927075490333655,0.15844697849543965,0.07849643655979824,6.173172407116631,-0.6179848459364524,-1.3272622982236648,4.315499760996721,4.203162320216999,0.09309094120095779,0.04636530841428784,4.089515779322734,0.2919925654702431,-1.3468998550535345,4.269903413780062,4.093467839399198,0.09219542797272691,0.0458256020030586,4.081639712564009,0.184279059654385,-1.323797290849583,14.92318868008567,10.455092103747877,0.20783825703714065,0.10399592043057787,14.128517704532634,-1.5641331219080172,-4.54313057605604
324,1548265893.34998,267964,5345,0.056658823026617185,2.4675168537580707,2.824760556215462,0.07053927501125604,0.03600962116381399,2.3967097212265465,0.49462258778737783,-0.31586457764177434,3.596115732474692,3.7018793435700053,0.1295791187305089,0.06548953328777485,3.480645352214899,-0.8641822693290913,-0.26522688180882587,2.8230708610715656,3.1629737171662824,0.07229831773275305,0.0370252032625716,2.806537662538406,0.11711856292891788,-0.28170672267852276,2.4443649350421137,2.8141053331185484,0.07184259218802141,0.03668566708317711,2.408493805895781,0.4261699784476276,-0.2817834016750746,8.639531238102595,3.9197117832554427,0.11173139915281782,0.05730301682611539,2.5486861126623697,7.798187451199774,2.708130644784872
325,1548265893.38335,268321,1256,0.060389452273644534,4.1760588572374555,4.431257867598215,0.08639797621136641,0.043479629744980514,3.8652944972138394,0.8019498677238899,-1.3622930810135705,3.1689178307178185,3.4784429614101686,0.15312737943773305,0.07646812979644046,2.574882151957273,1.8281886617737315,-0.2640991070321524,4.141150782446526,4.422096877986491,0.08668751550115399,0.04360326232879166,3.8234296484559636,0.8766624624192229,-1.3273953643321372,4.179044082557315,4.432794191434865,0.08644004850440146,0.043497025541838694,3.8718208355644412,0.8009743748587411,-1.3655347457730729,12.838525670705781,8.276475363607293,0.19835651967321677,0.1000188620710694,10.350609857487338,7.509564425635638,1.139762744032712
326,1548265893.41672,264351,3273,0.10126178671737227,7.263624646132333,6.1700046622117215,0.17683494839237726,0.08977405958886965,5.311775778659596,-1.412333025653386,-4.7487468348812865,7.871008073299311,6.811278152742446,0.2747146293794654,0.1386915833469854,6.5487336836421814,-3.217713736708483,-2.9518085200891293,7.384380827385337,6.277842998397135,0.1783959698537522,0.0907149084923612,5.366134158575656,-1.723646805755713,-4.771029876769985,7.5256590630940305,6.364700179672074,0.1788145556112164,0.09084359558984975,5.527063245933261,-1.5490660532489036,-4.80738246453579,32.04300148332872,19.918248266547643,0.43513394369769665,0.22175511076236065,28.13860080280531,-12.9462180878173,-8.207833218556726
328,1548265893.48347,269070,2944,0.046809732810719616,3.5470458834787193,3.7459079336209418,0.06715586561631545,0.034301388914580976,0.8486885194675755,3.2651346032349795,-1.0955173751177192,3.7637932275661115,3.0227994025777076,0.13091746128385007,0.06610929838147807,-0.6033368533938441,3.708150886757163,0.2274667058085783,3.6370333895608535,3.768852639434302,0.06777892430606536,0.03472284922859024,0.8128193635244649,3.349958058667607,-1.1597920349045998,3.621999307901162,3.7425463707881734,0.06765512022945025,0.03457322291495251,0.7784202752237916,3.3079180068791962,-1.0806898724409748,12.034174970053192,6.622133471702189,0.1466926951517405,0.07363921005137838,2.0181769642776652,11.132597562580099,4.100439057021745
329,1548265893.51684,266409,4649,0.07199786686737908,7.484467119913043,6.644591402059342,0.12430573031693086,0.06364995308879104,6.7185685073799135,0.21841249046478037,-3.2909544610509665,6.984433374871252,6.322050749596172,0.20834516744690423,0.10598190338891228,6.771135385188065,-1.3005668806979305,-1.114702180988784,8.16621533778519,7.131030409976368,0.12600026283086704,0.06474754752475072,7.4826415909229835,0.18065042900926168,-3.2656566242283387,7.512746549945852,6.654820308064815,0.12579454047283406,0.06443628497146789,6.719160726704741,0.24088657016584097,-3.2998570480540232,18.09803426643946,12.866249315340495,0.29830031700494314,0.15266361879675938,17.30826759004396,-1.0658552039451732,-5.179446884067224
331,1548265893.58358,263666,2339,0.09043947769264687,6.580300079592789,3.8800622461580008,0.13638156167289162,0.069727302254944,2.899763811689232,-0.13890661689973566,-5.9052877936378225,4.949332500490309,3.8742848798669383,0.21762366744807993,0.10994418262605873,2.91475471073218,-1.3244668544389326,-3.7743720972059522,6.53756542318643,3.9679490113160862,0.13766516569339093,0.07055022372111575,3.005384215038151,-0.3185768755069605,-5.797062718035273,6.5479502855646485,3.86787778112822,0.13766600759313996,0.07035936927223235,2.8590617543751966,-0.13292526497938068,-5.93166467868701,19.719994502174295,10.887117630953881,0.3002419199514536,0.15464707954321325,14.206732119443709,-3.3038685739161986,-13.27145048962019
332,1548265893.61694,265196,256074,0.07566792942601266,6.289705826300333,3.688257177276587,0.1370227956809289,0.07232538186933984,5.139574396889812,1.4674616369380913,3.3153779187818166,6.35429904698533,4.448635157980209,0.23372403133189118,0.12189538827628028,4.491624941400967,4.236921390701822,1.5003062665058686,95.41675307258787,34.457520576096705,1.9223437430057795,0.7414954476656337,64.90815455878545,0.5755215170845148,-69.93537741137455,14.614453203448722,5.1698339032834255,0.6912417395270087,0.3404888628710111,-4.437691107451859,3.333832509095005,-6.373103144857215,10.793423595246969,4.7917618974871665,0.2628670241952079,0.14501303055560857,7.501180753732543,-0.1742681248615901,7.758860149978456
334,1548265893.68368,270089,263157,0.05240957449070334,5.0057311857019675,5.196897115114683,0.10507583705751258,0.0541116630126542,1.4725732736946284,4.2928323525307075,2.111980835655282,1.9196763436046753,3.7518256328270163,0.20063730462288254,0.10202551158408606,-0.2723458000471541,1.4754345281124719,-1.1975299506257113,23.988857448393535,7.031113219137588,1.610054985452828,0.6393377785717284,-9.223546260551059,-12.344763542219452,-18.384729781683223,13.978494160634714,4.770357789114663,0.489456495481731,0.22669289068828105,-8.45372201169321,3.767851343521642,-10.96479848904955,9.372964270842054,5.71687921896082,0.16658870186345273,0.08338999656960296,-4.807101749305294,7.637810841080908,2.531418090749665
335,1548265893.71705,269446,6763,0.04470816148503407,3.8723778058163916,2.787218204520944,0.08205546888529945,0.042917565842741055,-3.192276364518619,0.6533850703779626,2.0923119827889787,2.031435210214402,4.532659874265465,0.15860755500227672,0.08259710108888323,0.7548563080375496,-1.8533486741971334,-0.349313125099072,4.842370515310627,3.082070842397246,0.08404115024770213,0.04408810896414159,-4.40569323258135,0.6283254379129243,1.9088285653793344,4.176369657264095,2.727538279065918,0.08310693985276996,0.04339932165196947,-3.554082134260219,0.4978313883749059,2.0382863898351093,9.257612973730694,3.607457573303144,0.13862546411887264,0.07447332873142537,-5.48992478866362,-7.421734239782808,0.6942511506933735
337,1548265893.78376,270160,4442,0.06845327673312862,6.231219341130714,6.412643429136518,0.15092985122169547,0.07789875499970217,5.347751178942374,3.1973697640212935,0.08048849311767395,9.05204414807519,7.693945033583528,0.26345530423226476,0.13493747624699806,6.319892172203159,6.27976640825036,-1.6009372405681341,6.709071175193921,6.749394027439784,0.15260749207285587,0.07893978559462707,5.935678556766874,3.11880611041612,0.22892040142141717,6.178123086014907,6.375749165985395,0.152789407482874,0.07872557000690716,5.2014954078999125,3.280108838643046,0.18647013761013487,12.212701217475166,2.140505958296499,0.26309014808150527,0.13646450169827823,-10.453446388491063,-4.123022401785493,-4.7829087284452285
338,1548265893.81713,269323,4481,0.048111055177790504,2.1650320969394854,3.3428061963917752,0.0816790171365687,0.04310410603021026,0.281564810681764,2.1080680989032476,0.40513470420389225,2.844820733745526,3.894548596737529,0.1583540264149123,0.08261449644027442,1.3397479066372033,1.6645993178342597,-1.8780813786615809,2.494794921421583,3.5875529124505596,0.08313801650140407,0.04389616601593815,0.5315964988691289,2.362479582768321,0.6000808973328738,2.3894337921105193,3.4421415938730355,0.08300362303131387,0.04380542300085104,0.2891137897474553,2.255651275905749,0.4907823856638135,4.602821040876287,2.195887165839075,0.15039753496620803,0.08011200615398274,-1.6621278507966275,-1.7978350452533354,-3.8975738212378466
339,1548265893.85050,270151,4579,0.047958831231398914,3.893518803423591,4.012483442781414,0.07017019616272253,0.037189196065410435,2.4720047492908934,2.915764081957669,0.7395951666025761,4.761141753542562,4.311515752321559,0.13385728769706248,0.06984428864353186,4.044349326918689,2.1326268927400185,-1.3280104877374803,3.9375329185744463,4.048705637144999,0.07137709515775566,0.03779425126601811,2.8829981639575455,2.5731378316615907,0.7559423064934943,3.855560119937997,3.989782633137474,0.07228188676630243,0.038229571159500736,2.4446641260817765,2.84173596164367,0.7266549602538331,1.6097682353063347,2.46127505077123,0.10218774635860775,0.05298172118534102,1.4302755620970897,-0.595722610233397,-0.4367838819437285
341,1548265893.91723,269068,2847,0.04230332053462556,4.240194936880841,5.015535182608472,0.07338966582328163,0.0386769357604412,3.1808839111744174,2.7432336652294977,0.5795685501588179,3.9747055478647018,4.87386565121486,0.13990568776928086,0.07295257889546677,3.3535576786745676,1.5791954899119327,-1.4345998371222175,4.661731575339673,5.281842363382195,0.07391396024182867,0.03896952521670014,3.615497671239102,2.8662230469173764,0.6668457955953631,4.263288389543215,5.026879699418821,0.0739682670181018,0.038999268820706465,3.165884846662702,2.7495047731765316,0.5548447421523048,10.839501015597593,8.195182963272801,0.14675184167417088,0.07531418421876919,9.123504379928995,5.5292010964349405,-1.9194752751052422
342,1548265893.95060,269843,4315,0.04741406730870482,3.1319049804114245,3.9006271883348407,0.0751334559065093,0.03964751463060295,0.8093644126948374,2.9957032062544666,0.4236984232042106,2.802958561727712,3.219964710430775,0.13104708323341482,0.06871443886449491,-0.219728159631472,1.7834463662948044,-2.1511892741405876,2.739917903089389,3.754297759967889,0.07611078117569921,0.04009951240910147,0.7847993824496926,2.588186107599037,0.4387855027318985,3.13665953742608,3.898593611412221,0.07525512115298949,0.03973885515645281,0.7730461376760073,3.0020641333717966,0.44406405462840676,3.485582219872755,5.199780976129451,0.15792726840461593,0.08368212339681783,-0.1502855082065231,3.3014870415665185,1.1076466006288046
344,1548265894.01734,267889,2300,0.040572851338869925,2.977493267749435,3.6337111719933195,0.06115143259933387,0.03260533115954388,1.9154803908521951,2.212432132051864,-0.5491312163940186,3.7306671622033867,3.919372632535963,0.11598302549547368,0.061138010605830365,2.058115563333387,2.7039680167169404,-1.5396735912781705,2.870790250543108,3.5972825332822755,0.061485444071395376,0.03277743493594119,1.833851707212342,2.155032712526613,-0.484002672004948,3.03154796757551,3.6665333222185845,0.06186467845170797,0.032946979771928175,1.9268558019419864,2.2929587743839774,-0.5206063865811728,5.084236293124163,5.027109184193599,0.1339664301516226,0.06793651246405842,2.7889548015106653,4.238693381487004,0.32352467786831346
345,1548265894.05071,269721,2227,0.05025143607206986,4.215188113363472,4.075958625145058,0.07926919259333416,0.04216577060464276,1.826762470722773,3.168747004960607,-2.095183076762679,5.511819493892627,4.3109574702853255,0.14852263839165153,0.07807872549101255,0.775707573236465,4.466827147286042,-3.1346271118502775,4.406865785690408,4.229260361296651,0.0798250168018367,0.04243166745343896,1.9872968550787877,3.369610382712164,-2.029000525283589,4.227118376565658,4.0870333520253785,0.0802285398134233,0.04264175881692718,1.8250474827789935,3.2030431191199327,-2.0852782019458775,5.583388157809916,5.111062447856073,0.1398465736391718,0.07543775531776611,0.7868265060636009,5.211080677056162,-1.843845315458874
347,1548265894.11744,269660,2185,0.048020915585392225,3.0225671812816146,2.9808764886923838,0.06912109977564931,0.0370678779185196,1.3598379487131018,1.8546665906363933,-1.9613681337723436,4.249359195888158,3.229717157449943,0.129886136259321,0.06887905947326592,0.40938636133237116,3.310365548116423,-2.632667149618073,3.169842711679229,3.1105215928486336,0.06963231891790715,0.03732974505646651,1.5057801222808886,2.027848463241254,-1.9152962304196617,3.0336771387446104,2.9866292353110926,0.06922379177558899,0.037131883123928316,1.3473503962989208,1.8501160164855022,-1.9633483622881185,6.029668985953614,5.013471954302573,0.12851290715039046,0.06867109605154424,4.158393123897601,4.004853677482527,-1.7394889276010697
348,1548265894.15081,269485,1974,0.029135194436012125,4.24851043134978,6.603524014905594,0.05695416211983359,0.02981674219998327,3.9702618654040385,1.270984099637173,-0.8194272535593522,5.682937041875863,6.552425383287505,0.1117914247483757,0.05788505369456635,5.062118262608888,0.6435247386253513,-2.501321256468974,4.007301960713501,6.48944742502472,0.05746234156181101,0.030053638201464568,3.7439455295308885,1.1875407423610684,-0.7944103860577731,4.226974669507314,6.600172142041815,0.05701303209167126,0.029849963472445642,3.9792774306955225,1.215807500644792,-0.8191699390210323,7.793087799097775,8.45752053786265,0.1125614013178476,0.05819786475316761,7.483123811980153,-2.033774971959318,-0.7738441848680595
350,1548265894.21755,269845,2090,0.026961049586468788,1.9787982164273754,1.6116945437047705,0.03867445711267675,0.02058832580429119,-1.5272357671715242,0.648374872619535,-1.0783335835277366,2.3255934205648376,0.7424973692422391,0.07738152803722978,0.040871823457102455,-1.0361747295711496,2.0633891595300593,-0.277762243486135,1.990381200162729,1.6335867208447998,0.039170971127545876,0.0208860644956466,-1.5587405904051554,0.6099139601975347,-1.0770097747656582,2.001390844229001,1.609993222002036,0.03886635229701256,0.02068064361163245,-1.5701096087726638,0.6470261515579032,-1.0792802155992536,1.3328859284964014,2.2427922864934975,0.05558829381478217,0.030144479514211463,-0.5199431392388374,0.0919463722099697,-1.2238422671976985
351,1548265894.25092,270111,1780,0.030434642434731228,2.917227706404047,5.391764419604094,0.05926984801373903,0.03094441275662912,2.5488976181542906,1.1451076133493197,0.8378943710445989,1.7783157510130463,4.722277534482879,0.11558490392252595,0.05995901458595234,1.0212277704111992,-0.3385894313386659,-1.4159300647376,3.0997268393482065,5.465456680650675,0.0595867445378277,0.031120532754187677,2.687751653290731,1.2150855362498334,0.9528193262130127,2.9427518371626453,5.397649847337453,0.05945283220779451,0.031055693104350184,2.552959778662734,1.2185307900120481,0.8637427914204784,3.235526914932814,4.206894879942003,0.10099565150734893,0.05254989778314483,-1.8635778054829115,-0.27918690185245726,-2.6301647959776546
353,1548265894.31766,269958,3348,0.03239616913402671,4.43080964223277,4.196771166797639,0.04780083124561161,0.025444525336875655,2.59868210994058,3.3210339264228703,-1.3600217045054683,4.799721472563517,4.1026704278577455,0.09284664416037502,0.049001176646344784,3.071387583680557,3.160175982728976,-1.9018917643186624,4.844090160684531,4.4968465794661565,0.048829208361499815,0.02600841975818345,3.167837937815656,3.4529089671734696,-1.2277752029543436,4.422445143229162,4.196145760650984,0.04808785997495491,0.025601760406823926,2.6222137161764794,3.3061964432622704,-1.3634906306999495,5.310651447051057,4.708621755307648,0.07463475245004662,0.040317878341858675,4.599504472388853,2.2595597371155947,-1.393544830619571
354,1548265894.35103,269609,2774,0.030213773241320206,5.04824266857926,6.818514661135906,0.06450604533676264,0.033493284733361134,4.7905073590489895,1.071380297948398,1.1781076100805563,4.455689836298406,6.339697661079507,0.1221442769855667,0.06311486585743117,4.31625503812554,-1.0612017656279433,-0.31139231810844137,5.723639156834237,7.193881737719158,0.06510272340761666,0.033847570714620676,5.44735979730288,1.10563753848,1.3652406637213559,4.9389524166013,6.730853185520054,0.06490308773309422,0.0336970606403237,4.675285668981367,0.9999863355474639,1.175808502693024,10.456579186657212,9.838295023154393,0.11580390029622716,0.06022225658436807,10.34669918595646,-1.2292688830928253,0.8802058027646021
355,1548265894.38440,267011,3153,0.05124289316270366,3.2698822446412517,3.3918061092562706,0.08819313027143846,0.04608156308340939,2.7834248497365737,1.6117505413509972,-0.5890128964155279,5.024700149133096,4.338263916146741,0.16086197169460204,0.08312313384494602,2.8191666117723995,3.817201987792578,-1.6519322589495886,4.067967980620329,3.8881420389802774,0.08962230145926593,0.04687666512063118,3.5834268314453994,1.8751808180436358,-0.4371641964646965,3.2790365271773014,3.397086722663886,0.08868877455612817,0.04632898672277842,2.753080193209912,1.6329049629325514,-0.5926063087270915,9.600392358713503,7.016820718843457,0.17917109656860805,0.09147788490973735,6.679237772176586,6.870623285010684,-0.5914827972504136
357,1548265894.45115,270240,2967,0.0393921999307564,14.57034696840949,10.151344867829408,0.08733869524048701,0.045300364159610446,12.391288451940506,7.544146318941803,1.355299818874885,14.944584833043681,10.073688962053593,0.1651834118892523,0.08477912723728384,12.325332854049663,8.432855299265134,0.5601226388739915,15.619341354770729,10.761821181011129,0.08843533111167082,0.04589763696171071,13.40784790598761,7.876596833638318,1.467195013307212,14.817069095480264,10.293654756605669,0.08793333194575385,0.04561567999166149,12.634519214874242,7.548547280376276,1.3637178244749713,12.312070913121469,8.892962489001913,0.12825638669293177,0.06794921210518921,12.003409549053687,2.60148504178528,0.8587927251589367
358,1548265894.48449,268366,2803,0.03146299097386769,5.238005309303782,5.42578137161542,0.05927812485319576,0.03114855834086606,4.10824158641465,2.8721085756316147,-1.519882567085755,3.0193507142341685,3.8773382605200792,0.11881822832809023,0.0615361944218777,1.2864759689562484,2.0598202446793525,-1.7940453942009262,5.415885364453693,5.540706648444944,0.05999889798830474,0.031532948180202844,4.371435576266932,2.841704665242881,-1.4652917385245736,5.219592866183474,5.44734532988244,0.059562387668090716,0.03130475950899177,4.077371537371183,2.977818466700745,-1.5188717633612425,7.63101644253365,6.48486838061008,0.11399955129692221,0.05814378956129913,1.107911633160434,6.872788151861188,-3.1256562157350554
360,1548265894.55122,271143,2334,0.05312452457012394,9.414182041934772,7.453006521005102,0.1380099114050784,0.07071269136158205,7.339794287681369,5.642005914465874,1.7093895385017444,12.368248303126832,9.050369959286444,0.24999115453685172,0.126940004547581,9.873991687415892,7.436553666014988,0.4189556266725994,10.000983129237621,7.779749881606414,0.13893007497495885,0.07118655090284501,7.831520790475895,5.974605763846328,1.7294599232863352,9.351051670807799,7.414919899967969,0.13931550678648788,0.07129225400266746,7.221539194792357,5.609399383224995,1.7082781017214503,2.3089092871103465,1.2743132099499,0.17281177518933533,0.08904407206614322,-1.077934182847013,-2.0357284003912817,0.15789196747999187
361,1548265894.58463,269156,2102,0.03264735689600599,8.145332130347127,7.598989685385879,0.07422931243451475,0.03866406444425842,6.792038757177101,4.449954303430524,-0.6423019010166043,5.608837523324827,5.787631525482746,0.14226340900512685,0.07306944811983672,4.253371850782552,3.4795657736856938,-1.1227236029505505,8.08937495822868,7.575896169040926,0.07499856088572443,0.0390485965595476,6.792190510962753,4.335449264194401,-0.712751678497522,8.12926058460328,7.5860539744977995,0.07448980403802982,0.03880774425637416,6.792859646791636,4.403902214200446,-0.6559197151386527,13.424273082823646,9.157973141082682,0.12940355707322143,0.0665132715996593,-3.797386731843397,12.041431247960285,-4.560142027578617
363,1548265894.65137,270841,2346,0.05334523570682027,8.973899362853034,7.00932778161604,0.13803134320864086,0.0708124926820857,7.6103895472751715,4.661178638209042,0.9414108646295861,12.26242352377923,8.736450948800027,0.2461679624985335,0.12549615169330974,9.280192601248064,8.009971870812858,0.2922440573590096,9.71018911439763,7.421248933999285,0.13895636244762047,0.07126012769840262,8.382664405605484,4.796729066979971,1.0050374910174142,8.972038569438059,7.0058004260956155,0.13899167779200236,0.07133009104439458,7.611216530316902,4.656064575457908,1.0185319644789654,2.897798649921791,1.3973932860764453,0.16438799654948874,0.08443430154253188,-2.0653153658867733,-1.9878085244665538,0.4246489432209144
364,1548265894.68470,270084,1923,0.03270325932962191,12.02481557750548,9.466782136709275,0.08238596159958969,0.04255677110438002,10.96427248719503,4.936804925633053,0.0942105397596125,9.27357472615997,7.6154262523534975,0.15650965273648815,0.07978375610935907,8.217806393839362,4.27201674653278,-0.46553108638339585,12.174270740446879,9.545819813587244,0.08301513967664259,0.042878917920646485,11.095473503761195,5.009521086003108,0.0896341337017906,12.085865953011321,9.491396093467593,0.08280389131616891,0.042724273900209456,10.959840207211071,4.934790325989419,0.0994715312871024,10.016255181501979,7.753476789841234,0.12296882098724067,0.06293011963275108,2.274810877163498,8.691001985675712,-4.429118176238323
366,1548265894.75144,270823,9308,0.05372096710466937,11.476060695170037,8.848991292928243,0.1666905792199717,0.08493779242205032,9.527944324657648,6.3704847803854125,0.5789384149704826,14.179243022008976,10.099396784966233,0.29458699943588335,0.1495041293216412,9.608202263254007,10.417005810631988,0.468371526515231,8.804543381421702,7.65354449972397,0.19997191247381,0.10006576409178854,7.409078717252198,4.490591233580895,1.5684792283558044,10.813596439431095,8.468224829036142,0.16898260434655565,0.08628529716229036,8.702556013118837,6.454235964015108,0.8121403131632172,14.724260301093453,10.191850299576927,0.2358361545569144,0.12026872772126179,7.928814674134274,11.959896126924482,-3.3013063945605543
367,1548265894.78481,269228,522,0.029176347214749713,9.306628453873257,7.343962092605929,0.0751920316374395,0.038843871106436896,-0.39246198664576987,8.0320212170515,-4.68464960656781,9.42993626463898,6.779930059573777,0.12793517237304036,0.06563582507985172,2.6023734738755873,7.3786570181191244,-5.26372214944743,9.279115274482914,7.3274627985718706,0.07535154075106802,0.03892643347451484,-0.3206591074356681,7.995906360515145,-4.6973012983876306,9.335707100286523,7.358360254935892,0.07521064913819873,0.03885587340080797,-0.39612107428671295,8.069085444564877,-4.682699179294351,7.002089215000081,7.0137894717675,0.17776376651943332,0.08579405251528328,-6.2542793934999645,-2.428790540001517,-2.0035516353868434
370,1548265894.88490,270107,2874,0.032514187069139625,8.585885554319407,6.632890255086847,0.10534313685060331,0.05324411747906589,4.894204749752722,7.028710597855791,0.6011804645514341,11.60535002493206,8.145864196333346,0.2027686709126955,0.10206614574450729,4.9266550873499,10.277001752863255,2.1898524660637455,7.789291134431916,6.485569214567576,0.10625944952590727,0.05370458075890118,4.166548013394451,6.545515217400211,0.6849558874852225,8.603500641009504,6.629792395108357,0.10576519455055812,0.05347209313109082,4.904999719392417,7.041778796319532,0.6434729903845754,6.671511349604357,3.966992509595999,0.2689263671969476,0.1258700594663901,1.4785848652942726,-0.9864399255322899,6.430379985454849
373,1548265894.98501,270440,32526,0.030059342878917875,3.0649220371933668,3.5312994158091793,0.09179003996778469,0.04645987613061358,1.1900749319569217,2.7409106260678566,0.6818193971350301,4.578155538375603,4.201549881871724,0.17655354739071083,0.08952680490600173,0.24877656688070804,3.903827649178108,2.378602118649267,2.3906292174897303,2.9633224055188228,0.12614548504768663,0.06151101204757205,-2.0064820705627087,0.5925156185138617,1.1567467302063488,3.0999871013593285,3.6159828546333834,0.0999689886258891,0.05102637374291723,0.3326025994544217,2.5400685938270406,0.7047807974214154,6.273965569018236,4.290178479971509,0.23015349217419676,0.10755058278948132,5.8025515075186735,-0.8655941276678408,2.2234627880776485
374,1548265895.01838,270758,29663,0.03196890437000352,7.42980844799275,6.193760170795622,0.08000967170753541,0.04079530658548719,6.346997228218437,3.802037304781923,-0.6798471092080317,8.786169765813066,6.392624377044712,0.1411444911282149,0.0720192118967972,7.254215696459759,4.3549201825707415,-2.368080232247738,7.737205986808358,6.07958110131383,0.10353875327165404,0.05126175805437313,6.986858855977119,2.8657506810965256,-1.6839337406062018,7.600076287862914,6.218452971481762,0.08287180906943721,0.04253414059326466,6.705401004061533,3.3997746665491286,-0.5439848364942694,13.27662423214314,8.600467054989105,0.16588600064868356,0.08205358154040285,12.101203612457809,3.7557797904596955,-3.9653171748225926
376,1548265895.08512,269328,26629,0.020747442975693604,9.874610214438416,8.331745977165143,0.06538420003895995,0.033115072385700675,-4.414286335620525,6.648192577700758,-5.815800760346759,2.0692386328696193,4.492615974629994,0.12756912248625357,0.06443179987371249,0.04782324890813966,0.7014764150167878,-1.946122374312365,13.656237286975037,8.381930393190746,0.0878964947334462,0.0430455826910128,-12.579943085555879,3.0979584565679974,-4.3174647889381825,9.980096914729412,8.395831313504797,0.0682246734213752,0.03470610899487961,-1.7230854135582496,7.228102284976851,-5.867095636798592,15.592920061103548,12.310436922831459,0.16265959053768986,0.07816929973423657,-11.453178288550449,-10.579666705363772,0.18578354625582028
377,1548265895.11849,269922,26477,0.023074812334785755,5.684425141290007,4.6981421942751505,0.051289728533803536,0.026395485215835273,5.167964879138082,1.8344670909159932,-1.4965155152124032,6.587317492454998,5.0181249119186315,0.10614677920883818,0.05442345196061414,4.809637009799947,4.486007348069711,-0.3686212872729943,4.367356403087521,4.0073394294033555,0.0684190882451298,0.03419785551711157,4.057707152297271,0.8900492177641416,-1.347823062476145,5.484114932505842,4.586878091455741,0.05375418733098464,0.027957027277151752,5.094743330510571,1.8690485984829937,-1.4197992069600267,9.945736455633693,6.828305234286934,0.117807993632942,0.05931208253898528,8.85471581480404,3.1214354072772643,-3.2815122249012108
379,1548265895.18523,269091,23499,0.019538448863512997,5.092152879015008,6.964294387049045,0.061536436497270565,0.031145008384086185,1.270805521812309,-4.788748523838012,-1.1759939814605547,9.560725147694678,6.000966004477656,0.11945428371133816,0.06041538721043511,-2.1914523495465494,-9.223727375355008,1.2360644216847712,2.9239213304766456,5.815878378906744,0.08029701477829723,0.03990613077295574,1.1782279188634692,-2.1475529049922413,-1.5965936985615221,4.795321662628057,6.584073181291432,0.0634083339460873,0.03224419970715138,0.9222974940449756,-4.319207293635502,-0.94137658409935,22.268480782013135,12.00631138100622,0.11617418365928223,0.05637230474383035,-7.361527259675324,-20.02087914414389,6.391991163912042
380,1548265895.21860,269941,23005,0.0228522572105678,4.08005255010213,3.9848033574696324,0.054499813095046826,0.02791942825986587,3.5004109195434023,1.9166604651977694,-0.8487431101835714,5.893512212962033,4.549383831327129,0.11343731266576093,0.05802399699078433,2.8443618759035214,5.16072062728957,-0.10027128356211988,3.335964263309045,3.5589361480902864,0.06828851700857498,0.03407374696705889,3.152530552946333,0.7635714322428073,-0.7792094369793091,4.294055679929947,4.002082073688555,0.056832759065773966,0.029217026798608377,3.462395853437849,2.5608505208819468,-0.4945973745629112,2.204028237239069,2.9101183083894724,0.08996472379908176,0.04658535809209588,2.0838814006451782,-0.18610183970085314,-0.6932134475413803
381,1548265895.25197,269266,21087,0.0312908495719142,8.555758797747291,5.431574479077925,0.08519110979641821,0.04345990324849194,7.008182963776784,4.903868346306931,-0.1961004679952572,5.321121985350637,4.037378715855444,0.150819919506349,0.07761222829458334,4.817156270875135,2.25115100956443,0.2041170671142339,9.834917065444124,5.559529440508359,0.10108828374620497,0.05155781633321673,6.569349286602701,7.153069508806422,-1.5501097499727308,7.90020646390869,4.942776509487528,0.08746982572032316,0.044927952498978616,5.979478544224544,4.935548753531082,0.05073642195767729,15.035103334348369,7.794340480203409,0.14001793530565534,0.07327402034191241,10.08973261644645,10.331051251173868,-4.185810321642516
383,1548265895.31870,269958,16649,0.021824141888950443,4.8115156318118,2.6804595941229614,0.0782673602648836,0.03944435729518093,-4.118529910896355,-2.2951656732408043,0.959483496782752,1.9030361605502852,3.050328896114886,0.15555984638183698,0.07850564904890017,-0.8361785023852872,1.5407330383399678,0.7406037031222306,8.438109324405012,3.2182573805277803,0.09048373091246223,0.04516107934551783,-5.400841391598721,-5.913985538780295,2.65657228030828,4.21829550048334,2.5386749541534837,0.08010193822218228,0.04024914828394011,-3.037190843287794,-2.094247720795143,0.896968553246057,13.877156166753725,4.992937757855244,0.12770657294485843,0.06329124926085439,-3.8901867815193483,-13.318883308362654,0.22194030634778006
384,1548265895.35207,271193,15222,0.02846370354330552,5.953755539910585,5.950234823628539,0.08436876639522979,0.043465931979110854,3.3588982912309806,4.903526659465876,-0.34703544212227544,10.66246864447591,7.498241849038193,0.1521819269300187,0.07890578752297159,5.800677256289247,8.920892114711451,0.6768048762232929,5.69972652483343,5.667537175007807,0.09268149520074485,0.04774715765656888,4.808160450515128,3.0600807196194775,-0.06619312203741556,5.715878583159486,5.824631632276748,0.0859979089043302,0.04437315425368339,3.187310838680183,4.700633487677128,-0.30117116301896707,2.4141968038182413,3.6310640156379326,0.11679597717829697,0.061568194921023375,1.6289674508845775,0.26499412883261736,-1.7619844957345832
386,1548265895.41881,271050,10718,0.024417497345599167,6.498242388382046,2.542169194600698,0.09975773107801957,0.050246356071507736,-3.5266531425094123,-5.3518263718003105,1.0713665277095457,2.1207496097851837,3.683407441049059,0.18073209743315033,0.09166300211463217,0.3205440439262676,1.515760969392981,1.4482054781598686,6.117602230796714,2.5015666824226503,0.1079072323933977,0.054555776383315775,-4.347022508025395,-3.437414490636481,2.590875139510176,6.576578751365095,2.562119928934581,0.10156450133323369,0.05126920052161722,-3.94486889640213,-5.428826111869897,0.9949579275813991,16.53565792037432,5.10751610538126,0.15718586767701925,0.078378167838863,-10.054518965404554,-12.89301330204068,2.4707972857683393
387,1548265895.45219,271791,8805,0.029790607378349755,3.0099184261539356,4.182046462240993,0.09606876375469676,0.04964914575775474,2.7642708360656627,1.1901316983288692,0.044746146321981706,5.213526991783055,4.613291135744426,0.15999692892843,0.08334477935378574,2.61238053244815,4.407489051105485,0.9645578842773825,5.194649487651188,5.624491831522417,0.09975508344455147,0.05182832494881772,3.257272556256504,3.9917575909568663,0.6636491006934301,2.981683714989636,4.177659143612463,0.09725496382942364,0.050263902299023805,2.754150553697987,1.083029511473718,-0.039182401885773384,2.9513160201640796,4.586488918134489,0.14341637369767607,0.07303270307226564,2.821858987027762,-0.343973454113991,-0.7931332618625223
390,1548265895.55228,271668,4661,0.03526551178167856,11.365121224044437,8.242899091635854,0.10792152789442731,0.05641283000599462,5.6651748794272745,9.670763025242438,-1.8836444814070374,11.533261350621746,7.998160595249002,0.18017404526604136,0.09425472739661532,7.917935609194517,8.3777332645427,-0.36877963415773085,13.069052323142285,9.354039015042556,0.11007769191925167,0.057923398059880636,7.384758987489741,10.729201145770288,-1.0722434869570223,11.377248363828539,8.252617992120943,0.10861431059541488,0.05677036989961999,5.670970940469616,9.671575217791819,-1.8925752470481187,6.055618490228516,5.991875989863208,0.1761752005637875,0.08897248976171829,3.239871309296001,5.002436597575567,-1.0720901480914233
393,1548265895.65239,269040,2130,0.017133312882708435,10.270298875315916,6.837696315458484,0.04701075763700845,0.025244936159906414,-6.490702428883482,6.809360742001391,-4.120974066078515,5.891426652711853,4.782372946088161,0.0961685755104454,0.05115823993025308,-5.788187241119118,-0.9161264052845962,-0.6053997650889593,9.439708923668276,6.949365069334444,0.0480112533709984,0.02601245839560195,-5.991521507003743,5.941218447268032,-4.232221397391224,10.269799583854564,6.842359316442055,0.04712517148976456,0.025306604071594102,-6.488130266402165,6.802863045300926,-4.120689235820962,16.156653957271576,9.293407320274946,0.07833620480393992,0.04115802106825254,-2.8260596413180408,14.492921056384299,-6.557903113964488
395,1548265895.75248,271546,887,0.019323574897312866,0.8195255959169967,3.046099823385404,0.047395856165794184,0.02628915111051476,-0.5219272617278538,-0.6274510059996647,0.07429246865182093,1.8021462164654694,2.230644255559763,0.09514184822657387,0.051851242500199124,0.01689662141227243,0.9408633254750268,1.5369520787850646,0.9329276741437789,2.967051557647577,0.04770605848114819,0.026523886499171586,-0.5954820983858657,-0.7178300025288941,0.02179915490689237,0.8046336732422625,3.0580384732957686,0.04750548191531918,0.026365810691936147,-0.5227186348396589,-0.6063915664532868,0.06704351962375155,4.787790132629659,4.635707251076141,0.08752386377338738,0.04858183310324315,3.8807169578869076,-2.6233056811931204,0.9905743535418251
403,1548265896.01945,270191,1701,0.032605741262122116,10.778799463710062,4.448800249205498,0.08450175199077832,0.047968726173519785,-10.41705463777723,-2.4349602679688513,-1.318506369288093,5.831105133393478,3.095031906618707,0.15381269703463363,0.08586558880818523,-3.6237615750327024,-4.328770252099501,-1.4600983626258528,10.791383335761903,4.485209692291944,0.08550443789024452,0.04835021440754999,-10.381545724542548,-2.8503992983480706,-0.7434288860199398,10.773647871266313,4.444418562495711,0.08468502555798674,0.04806500313278371,-10.407016271421082,-2.4608677873887466,-1.298013324089892,10.805520540176829,4.399712505322887,0.12631048157156016,0.08040566659865701,-10.70225996151679,0.4452676156562824,-1.4221964037170662
406,1548265896.11953,261312,542,0.02446671640610896,3.7065582778632633,1.3570317436910002,0.0558224367639269,0.03084501500844587,-3.5257686204089307,-0.047487689135935596,-1.142486245832707,3.049340104902019,3.022784607581607,0.11892478103253279,0.06494139769603495,-0.16489824862009644,-3.036206287336468,-0.2296410758213372,3.8335175202757226,1.3231783179740144,0.055905172524780354,0.030873632620502554,-3.5689783374974655,0.19118880766774762,-1.3862528790077724,3.7052747499465433,1.357226621269883,0.055842079720006196,0.030854858429828935,-3.52424893082141,-0.04787515696972075,-1.1513112642020529,7.642237619279639,3.705683116957873,0.08485220071704472,0.047797229802513934,-6.109954255835333,-3.4536900906238728,3.0239509882038584
408,1548265896.18627,266660,53422,0.03767182668883826,2.583469136920483,4.881799562937654,0.1013631217163512,0.05476028463661703,0.19927934183571228,-1.5671884302940133,2.044143084348739,1.737253168010506,3.8497152559459775,0.19004019464017058,0.10015579170239056,0.9370702260619242,-0.6111174417639369,-1.3290912058856967,14.826802229450333,9.054562143480503,0.14498346322500671,0.08800550731607672,1.0377947525605233,-12.985948715163373,7.0797021385039915,11.970528673910952,7.799529547008413,0.1416057341227099,0.08142984169155884,1.8702849203897123,-9.52917569262491,6.403974837187093,25.441438434073913,12.172360509468835,0.23040965141295353,0.12019526680257685,-9.918778091973653,-21.93407166032136,8.232929682491163
409,1548265896.21965,261806,1628,0.026617900052057435,9.26642260234107,7.905639687459068,0.06826207889080901,0.0367623243069276,-3.972452556946583,7.512960764773671,-3.6934576043265217,1.9311988535560642,4.678802043973914,0.14289681697094883,0.07711626167328925,-1.6500762177917627,0.1556527460756705,-0.9912364551878583,9.276948972456458,7.958888345582163,0.0683885593885166,0.036852024748779695,-3.7374065653144823,7.637888897943757,-3.7089388759822706,9.302370761096983,7.939892902701121,0.06837967134657066,0.03685543405545937,-3.9269647186353875,7.544464740087961,-3.6940894311594783,4.546786664777647,7.598349133765841,0.13418001970417054,0.08184966662662549,1.870271092463307,-4.089672337470531,0.6707720833668256
410,1548265896.25303,264659,37136,0.034516290866864266,7.794939830823273,9.193259312313021,0.09481522700526294,0.04892924328046864,5.988413742819609,-4.013993486800754,2.9644298100790865,4.812862479472648,5.997598819802825,0.1786583243448907,0.09073729529356517,4.0732301397799935,-1.559762759797846,2.0345961780784094,19.281784690532866,14.222997124372693,0.12557553471010996,0.07194697213358159,14.429774377709789,-6.605073196135231,10.95179621496646,13.188278145470548,11.930331865071572,0.11992645542832175,0.06363619282461294,10.567073214351515,-4.23715867459517,6.268280306939538,13.775303575254421,8.883641517207577,0.21938235051251628,0.10559034596094369,2.4005235323648746,-7.762139703640955,11.124102776500242
412,1548265896.31977,265391,23606,0.04428444978094558,8.76088500651224,10.879311788450794,0.11938474543179568,0.06316810478955821,8.250507261906524,0.4047660659720751,2.9186298926715937,7.212770871238019,7.602238914413084,0.2163627607800948,0.11184903214643459,5.292769117087781,-2.452391752810213,4.242220339035908,16.833619147910447,15.41221552292551,0.14592898348661423,0.07990703479980953,14.881228962387556,2.069462721991272,7.5919089976226415,10.638130855531983,12.54980032990392,0.1342599123424713,0.06913861743554439,9.537445653601486,5.175561275134081,0.26783017105903406,15.032400528668838,7.776532537153187,0.2856431244171144,0.1427404180913063,-5.039082038568129,-9.862283926114701,10.164451466931347
413,1548265896.35315,266562,16165,0.038198183477582914,7.9099473923247,9.713257805379175,0.09658665947035486,0.05184022411460766,7.011498388439565,-0.6340080362524011,3.6061325416879866,6.863058930354157,6.482140199287022,0.1798835425792651,0.0931825371190932,4.237791865717988,-3.2424874277059064,4.316129431045543,14.9145077392968,12.35323862575423,0.11443575000556633,0.061801354248529665,12.22508616816452,-2.2503098139209694,8.24171796580468,11.787706684597968,11.863975129791234,0.11253296045315013,0.05965927437768395,10.730596151217824,0.2544929681601921,5.118081655461474,10.383435148462173,11.339609315374972,0.13880590268562845,0.07213059581618969,8.354572671849807,5.111330100226122,-3.448354036293613
415,1548265896.41989,266049,1960,0.03913784473823267,14.356828017197012,13.254107344821215,0.10198238604043516,0.05357138266715139,11.975655534176902,5.89457480378468,5.287359749884436,7.450456259013914,7.683657446045821,0.19591529582725842,0.10003149429738892,6.0154094615956994,1.5311753066174973,4.12063704507317,14.789336403203821,13.601708582222797,0.10266049094134151,0.05389688113419756,12.275149076742098,6.330876207915334,5.28821263102562,14.401603867009964,13.306100803520271,0.10280970099912819,0.05401169358445156,11.97705383235073,5.929791434303942,5.133571570081532,17.14332323195499,8.798688164913393,0.2769598789447203,0.11451992604008567,6.484955172730164,-5.238571076599173,14.979861845771032
416,1548265896.45326,268587,6612,0.04209719586675741,27.89041744433433,17.59155732896446,0.1253713929626666,0.0633846078265371,21.707045356555252,-2.4824680338409135,17.3354238358524,59.19941415461254,22.63744440206701,0.23562879324608238,0.11496002581444252,35.74872782863887,-17.652373347376834,43.76063082369885,33.803194214835045,19.551913445958316,0.13103373656555228,0.06541417392144364,26.0623335611462,-3.8690570202265593,21.176428080477738,31.242157478770032,18.83012709985811,0.1343635533828754,0.06714553212727331,24.581271341241745,-3.250276602921579,18.86274537341098,49.10338333538413,17.716654003176714,0.28560199522559543,0.1387451622419634,20.85740594371919,-22.85514852092721,38.128113753068696
418,1548265896.51997,267465,1514,0.036490010951026164,13.329915392343594,13.827541449521302,0.08786023845269236,0.044746562268131077,8.285942684693564,9.684218357769284,3.9045759042508394,5.772350375534576,7.041048160754347,0.17496507206800838,0.08758649473820856,3.991512783217601,4.1613355593037,0.266722556637436,13.310082416270664,13.779865443740194,0.08800921585636766,0.044867335162655154,8.259174851178994,9.615991544158561,4.059190969668833,13.395205031577584,13.888557482655418,0.08807627283444977,0.044921869042021195,8.329224007591884,9.785565978009414,3.841620241367006,26.887555876360747,11.221224706697305,0.24202049656859187,0.11482148470334767,15.706747695084289,3.417618106312478,21.55362206977729
419,1548265896.55334,268074,3324,0.028145371015488602,16.124303315977286,16.58782713282142,0.08923405866823626,0.042021796169629984,12.73145697247935,8.489681740873463,5.082171260615169,7.671526763106217,7.886784953536216,0.1826867103136649,0.08797581048049434,7.346157133483094,1.9661674430251557,1.0101899985737073,16.888499802117035,17.046021746478033,0.0902441576303661,0.04268357232411859,13.298426015026745,8.952679439417013,5.312515594707168,16.09765613444666,16.58522048871404,0.08941608068481972,0.04209543050329058,12.705151423308767,8.490663694234865,5.079348955337895,18.891391738645066,17.360575217949712,0.17266900218634726,0.07497668112184541,17.63879472510205,5.106216763684797,4.436682638066818
421,1548265896.62008,267053,5187,0.03306112762213529,13.805990561009885,10.518615345478647,0.10140403270642805,0.046933090909048916,11.753767939316774,4.470520329791951,5.698136763916781,8.091676334036643,6.09635245439167,0.19748214098904895,0.09133345315125888,7.7653831663546224,-0.0894338264543908,2.2728950185150807,13.587744820721975,10.279233221513676,0.10294156518386813,0.04805986047796154,11.610500460271481,4.1511575326229515,5.708850980227133,13.737446846703232,10.505223030516735,0.10185839956216738,0.04705890448549331,11.664949300096566,4.485291218648772,5.6654320695802465,30.192573160366734,15.110923502028301,0.22609097147559146,0.08487788297669656,27.19541823784018,-13.053657389727714,1.2659895989518417
422,1548265896.65342,261187,2064,0.025763757098772884,8.520902695582107,9.54579762806155,0.07925075553914929,0.0373545188237575,3.0925259361343653,6.904966843892974,-3.919629952770208,4.945785218053773,5.098429206795057,0.15100263839846298,0.07422733292065567,2.5377055401489157,2.7688470582624887,-3.217814162217557,8.714189725550439,9.648081009672303,0.07944464157907033,0.03754252141923766,3.040829228022847,7.246239383046103,-3.765962690001378,8.571883875806616,9.551751008982915,0.07939744721304132,0.03741722426292378,3.0675695127503184,6.946939655927416,-3.9255412353489314,15.432681775291671,9.881134466298139,0.21078611226958735,0.08851793879368493,7.769514798602621,10.19638192626509,8.592793619391145
423,1548265896.68679,259233,223678,0.04360369880241877,19.868745592126334,16.201935964277094,0.1343464255813963,0.06149131045542878,0.5447519521134959,19.856340111621805,0.44277995314504026,23.922584995705463,19.438702813797384,0.2579221125800576,0.11997159720819496,2.57985968890464,20.26567432777994,12.44736280915271,96.84968329986711,44.37235082355219,0.8969285817906406,0.3017315407405825,85.47211028316691,-44.760591035607995,8.418373309004576,89.17858863932253,41.54324257395706,0.6636654361077392,0.2342556970922049,82.98384298146789,-8.780168106995417,27.657185879795687,28.352623126441408,12.03424107468349,0.4196844141941348,0.2281609774396093,-25.56052021705994,10.251299023413049,6.741061690554459
425,1548265896.75353,258964,5487,0.02794593652195286,8.94518755608937,8.21496545925272,0.08038341945148639,0.03546346154780423,-0.770103424203681,8.502933621658743,-2.6689775112037255,4.125032512053696,4.780361216754786,0.15782753301135471,0.07315114953116657,1.8137679207776691,3.394909242529812,-1.483485891420454,9.681710198860054,8.433389953289968,0.08084802151517038,0.03581538681969139,-0.7374103759524041,9.298951057194104,-2.592536894251878,9.00025996518027,8.231385218727159,0.08103429514940769,0.03580250314011708,-0.8130771252675837,8.522744694159101,-2.7351544482033328,11.13211103732463,6.309519679325383,0.2251107340321484,0.10190059154049215,5.284772495146033,5.248371130218732,8.273431954235159
426,1548265896.78690,264100,3604,0.023297165928315884,14.071642152297294,11.971018817588059,0.08601804514935536,0.03553335911095386,12.198271985769166,5.641301789161181,4.170010497242903,9.427158581374247,6.943664012023348,0.16896590640247414,0.07263839907386291,9.321962734667812,-0.5891687084836796,1.274837215014677,14.285582775628937,12.052106519639446,0.08698117900829548,0.03610859083078635,12.342081032969542,5.955380036650213,4.035388411792326,14.505954828372268,12.052921225573684,0.08692127468499297,0.03580438699013568,12.636306741138535,5.64453386121496,4.199597095563746,11.928016257331878,10.338296720649899,0.13371257444539034,0.053753524341511705,6.1474545014281174,8.401637093686402,5.822273536517967
428,1548265896.85363,263503,7973,0.023435418769801045,7.047055036967633,6.140573040599583,0.07071652990046284,0.030018760544726325,3.0363262543275176,2.6603727779139263,-5.776168648322766,6.852657965014385,4.871019209675231,0.14150700977350375,0.06054975725996505,6.1483221249911315,2.821878457785409,-1.0927297023080578,6.912261188609557,6.142953969668703,0.07556644244821058,0.031835033544223,3.953912037210866,2.320827739613587,-5.172977183846563,6.947877050618258,6.1231797319017165,0.07157570620672449,0.030321812211030745,3.058855912816174,2.602990877796487,-5.688764108016317,17.891468916171952,12.48284790001733,0.1127478848720814,0.043836728804989074,16.288342946551655,6.098728326245553,4.195242166611875
429,1548265896.88700,264720,3803,0.02193478863093365,7.662259011285654,8.68598404802617,0.07366117818299935,0.030110809743011377,5.9340710301575195,4.5929415330043195,1.5498071620293348,7.6724156598503725,5.892379312848855,0.1469997845506046,0.06279913735329053,7.309426939298151,-2.114996538445485,0.9823591598510757,7.968293038018189,8.812426622905695,0.07466120380916551,0.030669889457721207,5.796213708375681,5.290368247271221,1.3818843637697802,7.64039724164909,8.681059388158534,0.0738964012704628,0.03018530134985653,5.875692635355358,4.583495565377916,1.5724090623625013,11.813923209226237,11.417154624504093,0.12073375887513839,0.046144518538934455,10.953777379692808,3.8155003749388747,2.2417626097483727
431,1548265896.95374,265679,1661,0.02060337236797658,7.664488922812475,7.50422065886617,0.06188370496121255,0.02533446168961043,6.129941995369978,3.855634015769452,2.5104358023570708,8.357138369285057,5.622154714423063,0.12470135095391373,0.05307186833560835,7.734815010050781,-2.2264709995622884,2.248827554922286,7.458081616065982,7.43555535508698,0.062323044713906886,0.025593756382417534,5.514010784463377,4.539765795073303,2.1469031153280773,7.62796453706272,7.4943847201432945,0.06216451982506491,0.025443872130920742,6.071480853526656,3.8419098169607944,2.496341753705858,13.001158176626445,8.644428767399344,0.13244352268565862,0.05440029147313707,11.69938794367682,-0.6057637057403017,5.638039199031692
432,1548265896.98711,265373,3104,0.02056974969975693,10.52749731897524,9.86813984748726,0.0710679098520101,0.028873472657771924,9.098584393639666,3.9545125620457955,3.5221857176289793,9.629844475815961,6.42645465250728,0.1418822637960461,0.05970505176079752,8.888023743953893,-2.8489723323471825,2.3707161797303478,10.493555585117313,9.818792830953942,0.07162940481341692,0.029186489627781056,9.098136690588115,3.889549035738713,3.4942847445371648,10.423531893042325,9.860113222921383,0.07135031871418146,0.02901432931394962,8.995883455442488,3.988803309645101,3.4797832894794922,19.83850181024834,11.843382488514012,0.13834414828851052,0.052694031995203415,15.877378382504387,9.49105863358788,7.169017770085794
434,1548265897.05385,265880,4061,0.028114594341790623,6.6126272006560685,6.352832545032803,0.07801477149279083,0.03117864695840029,5.473259730846469,2.3433233646865244,2.877342875304431,12.868158126944616,7.2425850677801655,0.15051105533081682,0.062430386453800446,9.858131636034466,-1.1718926569332817,8.187392858981,6.689035769017669,6.3148166703315,0.07837810897229011,0.03141257347073445,5.520429078586586,2.3045943676489227,2.992809233495231,6.533227777089124,6.332467167350406,0.0783401244285054,0.03135308907918395,5.438499105129768,2.2865579853362004,2.8128522172279125,4.408792559398927,5.876373937047161,0.12701223474002943,0.05192807522564146,3.3836649998298323,-1.4079397989677627,2.4507077596524103
435,1548265897.08722,265809,1407,0.022465544526452292,7.645672086883807,7.989252805457453,0.06735905943639468,0.026733637140880742,7.045135095999532,0.7959841068664321,2.8616048715512608,13.31101793032873,8.148577583549377,0.13318922016433693,0.054545629518121225,10.361741398429576,-3.8324512148085144,7.424946546589835,7.533589855691626,7.94503048781592,0.0677118240138797,0.026923331543715307,6.913684976298317,0.9856627424290471,2.8256689686645817,7.63456724022012,7.992097406478692,0.06748169345912915,0.026778986878990857,7.04394866322918,0.785581718452922,2.8441075155795428,3.2530912067015527,5.547901097744522,0.13481341604588576,0.0525781774188231,2.0244022927512604,1.8700498520595767,1.7283840160781279
437,1548265897.15392,266127,4334,0.028958133182434887,7.771355650465396,6.086629160450782,0.0796106927446164,0.03126800829471052,6.16169149942849,4.5555140463146415,1.2941477062998348,5.287784529173387,4.335240683250814,0.14475117415095856,0.05856548222985471,5.241287987157686,0.333534858301288,-0.6150771991708726,7.963975664252403,6.1445722403500405,0.08058051048843927,0.03170169665020063,6.409736300794961,4.597419608230599,1.0972337403364045,7.765583074918155,6.084259136345226,0.08002599947923474,0.031454171622688876,6.199065819944629,4.512818124454634,1.2534739581732977,10.005953771624696,6.9578886618659785,0.11388144012671857,0.04450106747300773,9.518040636660862,0.7800247054273584,2.9862308647668154
438,1548265897.18729,266633,1613,0.017629996395845705,5.5853210617933415,5.917049519110051,0.049591965393290416,0.019766754903800136,5.344033905112593,1.2700447304714384,1.0119779478432698,7.563254245699358,5.320743551184483,0.10528520504497405,0.04323824779994244,5.880858943572144,-4.616891261535513,1.1413272756111268,5.612612590115273,5.903107961109628,0.04969728889625656,0.019839079537773363,5.361832354212611,1.2739545802259078,1.0626446346548586,5.59873278669221,5.929245074551847,0.049782295559219536,0.01987027761317044,5.366948162240617,1.301596656962276,1.0102896119050842,6.049191123907842,4.082243462187588,0.10440312969711327,0.04153479091346124,-3.1929453568433077,5.004743534360969,-1.1620479151266792
439,1548265897.22066,266468,632,0.017945223900165296,4.966961541513349,4.80596960916844,0.04420051920907544,0.017853871233576832,4.89009897199995,0.7521227541050317,-0.43812140061307825,7.3853823989722756,4.917530899311463,0.09922423529590019,0.04090391294259087,5.970011523170444,-4.125548565227278,1.372109554012631,4.918724335805688,4.7892026423000145,0.044326306205820884,0.017912259012965677,4.8414074410761945,0.7179210062482089,-0.48909355948194755,4.961291889058263,4.805309088011773,0.04422395519617474,0.01786319238047663,4.883198114804264,0.7532300325470838,-0.4411863329405093,4.116213487549559,4.487177760075516,0.08117684967932076,0.03351397405959603,1.6182363422537944,-3.5065131504590528,-1.4243911475966489
441,1548265897.28740,266927,2296,0.019036923832407713,4.465477618657708,4.586605486196753,0.04788469116533945,0.019296486542548143,4.293264787915223,1.1973700430456324,-0.2732632496276697,7.3986941475629155,5.040082133592277,0.10320761728490994,0.04255386680368739,5.491677392870174,-4.736032034289097,1.4670225192572424,4.416245003123538,4.552985319187728,0.048164516423848724,0.019471333160444058,4.224141924823311,1.2489557425501485,-0.31615578393355553,4.455303008944561,4.580937820123606,0.04792677956758772,0.01931177537385262,4.280114053990433,1.208759523080088,-0.2919503337706831,3.590595121873512,4.356638307738715,0.07574499010278549,0.02982753988778476,3.530109235068256,-0.2738151753811828,-0.5964288452436246
442,1548265897.32077,266488,4149,0.022984943119942466,6.7615559262330445,4.623042675945959,0.05927021150479443,0.023456737646472485,6.106707608794621,2.8621295504458235,-0.4847423653157047,9.550279431561368,5.386748770320926,0.12191617612244464,0.05005421553284797,8.67241583596202,-3.770983730016997,1.3329375443007017,6.65765653672637,4.490343169557896,0.059922173739700636,0.023841919929871606,5.80104241680951,3.213493145273046,-0.5880129630164539,6.951809131288586,4.69939156560115,0.05968281726079696,0.023644619842909317,6.355874112681857,2.857417472206535,-0.45149602215233425,9.331200391525652,5.516341905537903,0.11338766136944059,0.04481718395291736,7.652539836432762,5.313536517754607,0.5256086691697168
444,1548265897.38752,266996,3214,0.021713958775257503,4.688522877699987,3.252850799116839,0.05034250826949083,0.020487456771660122,3.118759859877046,3.4995728463646407,0.09259375855405508,6.778065615080729,4.541914770767923,0.1083375704221979,0.044908858205787855,5.349084308188425,-3.9945717619778303,1.1716940661458484,4.719580406476807,3.217168150106746,0.050641745882603215,0.020643330882407402,3.043273371709048,3.6072705491731933,0.022925603899464027,4.668635346794244,3.249411128714799,0.05045059911801077,0.020529307618373262,3.127157484108598,3.5107523436409873,0.06579723670275786,4.3386567491628885,3.868138579369336,0.09058407708664032,0.0371957058909325,4.114901221097902,-1.3737532962265457,0.06581951663736477
445,1548265897.42089,267498,2426,0.020547400448913115,4.762334809474296,4.623639567865308,0.05328664541870634,0.02147549318857526,4.5531443599215,1.0075464874864872,-0.9662087511502127,8.9660433305174,5.609765403652945,0.11321818182421743,0.04666786794218153,7.075174799574114,-5.200547421457223,1.8127716561557237,4.624343433220664,4.561103061743755,0.05364404595125555,0.02169055433894056,4.381176149600634,1.0683444900048367,-1.0239569254699858,4.754142321901901,4.61423756798522,0.05344947917414532,0.021529320558028586,4.53893314131623,1.017161590544556,-0.9626697890802384,8.642255831061354,5.902187393359911,0.0998325746471938,0.03757866285360614,8.606101066618553,0.6007175970457156,-0.512590137693454
447,1548265897.48763,267515,2706,0.017535475100212916,5.941088556070525,4.53996917068197,0.04127619428853386,0.016522995028575026,5.267265363906486,2.748169158850619,-0.0038847915649113016,7.3464474621735265,4.56117118275731,0.09378919733931564,0.03829351811383621,6.888798334864164,-2.0127755245983,1.5695485031137506,6.008538423342491,4.536723650839157,0.04162147526026991,0.016652713448794623,5.422396246689075,2.5876553062705656,0.06475295055111026,5.898833966166278,4.538399219463661,0.04148907037970276,0.01659329043560189,5.2560763658435405,2.7012303659404124,-0.009745324334624087,8.564256063293817,5.162079891538448,0.06473874012683871,0.02569348125879114,8.229093984752872,2.208071004374474,0.8677076393634772
448,1548265897.52100,267880,3879,0.018009682052367696,4.467261089846057,4.23382514673053,0.042909464676498386,0.0170899919461468,4.461298384779899,0.16272641558746312,-0.163580195876241,6.982332005012811,4.540765021701609,0.09474980555331873,0.03841452512661305,5.05998196357243,-4.7162596305168325,0.9520702989302553,4.523111802648504,4.264957735318837,0.04342376561814268,0.017328667803979948,4.5194809916056595,0.08282669121082514,-0.1611573299493027,4.4394394434298565,4.223776888245416,0.043049083878822725,0.0171509770087458,4.432321087902736,0.1778398241180818,-0.1673388275648629,5.568344998260079,4.979416668873178,0.06928226195913294,0.02597940495185187,5.333250783983798,1.573601879134448,-0.2944133501877397
450,1548265897.58773,267601,2436,0.014935924182245389,3.6842173979845394,6.268695823233275,0.04556358894229748,0.01789480613158646,3.0323840642104045,-1.2158625280707598,1.7028749324504548,5.936317078000352,4.913348748925072,0.09539086084689442,0.03821361498406616,4.9641443347681875,-3.137107226256326,0.8693041614520719,3.7067695719752822,6.279184616046834,0.045784305172314105,0.017998462063344708,3.0628532445202103,-1.2178186255880954,1.6958739509245842,3.6468002830539534,6.259587929165237,0.0456525892037023,0.017925419937282288,2.9991330869240915,-1.2110442034863478,1.700022813252918,5.733335702329705,6.239488417400945,0.08046319333551859,0.03173383318389296,5.230106352148433,-1.4490725287307733,1.8485980166880145
451,1548265897.62109,267933,4714,0.023042310371400743,7.398222015171024,5.688430332657432,0.06141556289904487,0.024317585039396215,7.349015239917146,-0.6021783967971124,-0.6025322959456962,10.614096949897524,6.1491678458390995,0.12750035649670577,0.051410878046258816,8.576005705925443,-6.165046681047744,1.0504187804206366,7.01580258911228,5.524621349566025,0.06204247156175252,0.024666328849446334,6.978693272421425,-0.24435400334426996,-0.6779508093542869,7.422509430914843,5.709485150847481,0.06183032977494962,0.024502540429138884,7.377686080261886,-0.5784602177097635,-0.5518067284352133,4.835691305852397,5.84222491964028,0.11058880382608342,0.04201010202552729,4.613685926923211,1.3559183941250437,0.5092130022697229
452,1548265897.65447,267741,4629,0.024757178384584258,10.511874261406415,8.579836815581924,0.07776811164098549,0.03031040468719693,10.348742377509474,-0.026509099058516068,1.844540311087105,10.033108417647039,6.741166480821596,0.14788201900322429,0.05913837199455933,9.352535787648486,-3.419256990671522,1.2255694565213808,9.719533531307224,8.240186175288189,0.07867205808609253,0.030823162038180345,9.593611498304147,0.20778897027694973,1.5455659900642067,9.950358844740503,8.40205935862999,0.07850810271106373,0.030641878119353316,9.822103999975166,-0.14952804355941,1.6654486654159555,13.486848425351775,9.276096660203793,0.10792239432693145,0.04040597021693274,11.907647395106794,0.394538108433014,6.320391890002877
454,1548265897.72122,268442,6642,0.020012399864291847,5.788007164037608,6.934719957763816,0.0568606828045129,0.022401278627559397,5.76566685039876,-0.24697908024523801,-0.44397526404600995,5.986565676977702,4.609295773241373,0.11634730099635028,0.04710976133553479,5.891056560324882,1.061216439434832,-0.09077927348195415,5.2472884588908055,6.6980476760880645,0.05728959042334508,0.02264005114510459,5.190550244922807,-0.045014190932080665,-0.7682434824683906,5.9105328931825145,6.906187060930156,0.05743851564289269,0.02266424703410246,5.8869299395269925,-0.2581700828965363,-0.3540977617231281,8.249332405414766,7.869061606759653,0.09821383750809878,0.036254865591916687,8.194623541667431,-0.33511798953110455,0.8873139683723695
455,1548265897.75459,267468,3283,0.04953346477516274,14.512335573459437,9.713191822377938,0.15431857775454483,0.05998670353389167,13.669645053060634,-4.140499221244012,-2.5700105289490454,21.51091426227296,11.96511223103025,0.2520994699560637,0.09988127652683182,20.981753082163088,-2.55779477246329,-3.992888165220438,14.962959357118162,9.885174063826648,0.15546955721072797,0.06051908704625557,14.07123122491747,-4.3428465414544775,-2.6514691125967316,14.729990397586258,9.800669403649131,0.1549083804082484,0.06022432432747861,13.867015415614281,-4.125380030462208,-2.5267179386837366,9.162906213286488,8.492925518527892,0.2753907983771604,0.10900314855448874,7.204595713906852,-5.575961836081774,0.9804593184822852
457,1548265897.82132,267260,6147,0.03235717615118541,13.9866567627862,8.681717021333391,0.08900014865600983,0.034740039647678564,13.733769033842195,0.4493441247790953,2.6092614630574533,8.348087112354209,5.768872742995822,0.1607498394755082,0.06339581476963026,8.28141347348969,-0.44309987163060804,-0.9552025022573923,13.633343993806577,8.539136665757319,0.08993901761142659,0.03524758945426088,13.351783595600256,0.8889272018362394,2.609166859278523,13.873431027466644,8.62122184489672,0.08942526072499327,0.03494599655061846,13.619522404267435,0.46464743437952905,2.608318465938423,29.0413714939235,13.6700527004687,0.18136425112090176,0.06541912038288879,28.119461029809642,-0.30414683754360505,7.252907302751177
458,1548265897.85469,267912,9159,0.020322116320416733,5.491918130008962,8.640015959160044,0.0649563170975805,0.024901928535453824,5.103701218289863,-1.9688031211580597,0.48704506081675375,6.107774767092323,5.615639009980773,0.12986932879365304,0.05092779995818652,6.064758646479472,-0.6121021166044863,0.38593544062506563,5.390461042508151,8.516575886569116,0.06595931121944437,0.025472633968928952,5.00801210982939,-1.9797417668757566,0.23980720399500383,5.862825420370859,8.681254708547863,0.06655123090382488,0.02552252912915591,5.442700440821607,-2.0056952665004415,0.4873003079060488,4.139321660119376,8.114075136830676,0.14073180004105737,0.05386636906430468,0.6730425475963036,4.063711376382446,-0.4089589032144769
460,1548265897.92142,267032,4041,0.02186281138046944,6.61819840766332,6.398373980324233,0.05765952659678015,0.02251675031358211,5.265842920448526,-3.4412585673349967,2.056498960151189,8.674391523196666,5.66373677286341,0.11953306462633381,0.04737462093498126,6.669114418015206,-5.280599493653515,1.6980135938072272,6.1006871120488135,6.225998268047156,0.0582548625023419,0.022825892114801943,4.863012073661479,-3.1467627176481794,1.9150407852995235,6.59116722325933,6.384047587128602,0.05795916362539152,0.022644183522294716,5.210654550654368,-3.42921094051703,2.0551279594552945,12.800360074386182,7.9556488142840145,0.12709194185119674,0.04569692238293377,10.902565830958984,-3.4385382996003817,5.758448636371323
461,1548265897.95480,267486,9470,0.027385423639770513,5.6856089103097895,5.927206407910513,0.07442534383822304,0.028669721989824978,5.277816938541883,-0.1725417168711684,2.107374290479414,5.638725242780832,4.597264274486888,0.15107936730902755,0.05939453035375093,5.262342634150462,-1.8935877167770268,0.7192342617306964,4.879889947431383,5.737156066115759,0.07552127790458316,0.029279660990818752,4.582124883894534,0.3909819980586309,1.6323573520006118,5.545701157874896,5.864389627670667,0.07526831725642688,0.029026385116478606,5.125111946823893,-0.12122905883634241,2.0976724844703063,6.740894926177995,5.569949687987685,0.16195052140109592,0.06021365659554213,-1.614709309928504,5.069936497255597,4.138613555769383
463,1548265898.02154,267622,5406,0.02946622084555478,7.579153894957238,5.946079510024368,0.0782932310072551,0.030160314793226166,6.3268808749164345,-1.4907131824707178,3.8976821786377265,8.01417515961415,5.408147905286233,0.15645226160426823,0.06151072399185475,6.276766720526932,-4.698899555769265,1.6581755003175795,7.224061130381073,5.782291147549954,0.07880353903780109,0.030433014583530527,6.040308633160877,-1.1210403971378662,3.800657740395707,7.5688434855351625,5.941673695156194,0.07885083001806034,0.03045966383206681,6.368305183855043,-1.3122828450249968,3.656148072927791,16.786717489214542,8.35246651071813,0.17118534337091584,0.06316281486666515,14.179019943232088,1.4639038305617054,8.866017318221006
464,1548265898.05491,267676,7064,0.028497252147988966,6.278805471646899,5.504777742670682,0.0768347942111362,0.029703450176687296,5.975979921624233,0.5846944658236883,1.8355365724393007,9.312678868119972,6.059724620203997,0.15527681741619026,0.06104378457564578,6.559727236815713,-6.586749347174228,0.5574040875399554,5.338298569479739,4.983079932997585,0.07812142986782351,0.030415407989431084,4.95965889383704,1.1940733181739802,1.5727060070202403,6.188593100899779,5.476203122350725,0.07797382508137546,0.030223585555903956,5.86278798211802,0.6374657881356147,1.9151389832781274,10.183694126767664,2.615223658788173,0.21951636656583542,0.08024240897744406,-7.085540321731833,4.607894084873742,5.680673949388411
466,1548265898.12165,267859,6705,0.02577202926404982,5.428815719704929,5.21930166733636,0.06592032991571918,0.02575915855786391,5.166365696635863,-1.5907114108722655,0.5003426970190947,8.694262134960791,5.815098800285129,0.13410345292685436,0.05323683822427421,4.686217369205861,-7.322426737583905,0.10783094492130872,4.692723835065699,4.894576690049187,0.06637787515089218,0.026005094553114366,4.505809665915309,-1.2706866186223864,0.3235610668666775,5.665417809694247,5.2974854921832915,0.06667026418132264,0.02606653156029595,5.384622257793449,-1.6483066046034565,0.543850603480877,12.97559599930013,6.757237123000354,0.10624047413248518,0.04128348173043403,-5.231953581829521,-11.701455851788548,2.017097965711725
467,1548265898.15501,267875,7579,0.03335436765639942,4.786849688660015,3.6156561429199088,0.07886585233625037,0.03055479474812091,3.1297684217409794,-0.27953204356836864,3.611141288390135,5.5437874479052365,4.212105778732417,0.15630075161729712,0.06111026571235055,2.7661540806231595,-4.399609407399249,1.93013158414848,4.954338767226929,3.617991118208107,0.07954488915315175,0.031007615717018776,3.1666837853561858,-0.11602668038733142,3.8084280528123617,4.846441440901884,3.6243182447768767,0.07939100206065125,0.030783122633147433,3.192382574662732,-0.29951668168154594,3.604195227631905,7.9569444204841675,3.513690317107774,0.21363154636711681,0.07829521239536952,1.6375319548085236,6.7837362010572395,3.822613865160929
468,1548265898.18838,268290,16306,0.03147173457975105,12.626932102943993,10.016376503472365,0.09713571774019619,0.037067738443890615,10.961809678806322,-5.635452012484685,2.742229660872329,6.144902743226931,5.516971071864531,0.177480844697363,0.06944083959015539,4.325846353519955,-4.364138160377333,-0.03436810431640478,11.516173701427576,9.551694761760794,0.0996996094725334,0.03842205192586789,9.90919313032046,-5.3028295800342615,2.5120005319616294,12.648044876413383,9.987826197883383,0.09926722514479297,0.037929295293480145,10.915516150005132,-5.550134342125409,2.8128540117032665,10.00327951651244,9.613472578386594,0.21382272252016818,0.07701254640716619,8.630002405128568,4.457489948851323,2.3915356842083546
470,1548265898.25512,268509,9670,0.025109416319644324,3.596130540599778,3.4835884270558815,0.06527596296233999,0.024955426773003664,-2.835384197474016,-2.1009920678039897,0.6917974044283453,2.951952938418403,3.3106107009573185,0.119611831045593,0.04649843269648103,2.1671948929979905,1.2731244047007098,-1.5480460899327035,4.06617772326264,3.3379502532113654,0.06629447761881309,0.025440091468858107,-3.7402783448626775,-1.4267177153562405,0.713158987040984,3.1936975763509716,3.6026747826274033,0.0663186216879357,0.02533391780847115,-2.261062192470319,-2.0958100656447987,0.9478988287656196,17.596982956733367,8.00462693085206,0.14991774950081227,0.054384594614429745,1.2004843809602408,17.47573218721012,1.6767322241620273
471,1548265898.28843,268990,6885,0.02962601643924388,1.5731382106267984,6.345083670428211,0.08961932863020128,0.03371884133634548,0.36444507740297666,-0.6218294514822894,1.3983103191209234,3.183219348245687,4.361282108065422,0.15550574162867015,0.059866462354028566,2.4771770075800656,1.0187261306702515,-1.720080394299053,1.4994381463349205,6.331253270480785,0.09092639893103951,0.03430133663761934,0.14000498853608712,-0.8130429686965288,1.2520680847791177,1.6993911327177713,6.431994669112573,0.09023237738531034,0.03394796133277054,0.4562919551957127,-0.6436766333754231,1.4429601370250367,3.1007431765760476,5.541854089353751,0.1432081590921101,0.05646715882854982,-0.26047983796992025,-2.8267637380103166,-1.247463534763251
473,1548265898.35517,268682,5592,0.03652165213497019,10.755018334651558,11.989027543312284,0.12163612346017649,0.045250544836443515,9.88029154371367,0.8925715788291901,4.153742212340301,4.692548474306578,6.630158003387274,0.20125556167592681,0.07655423217119282,4.607511103980068,0.6907701332254997,-0.5600796670662129,10.104343825488527,11.544263462186226,0.12228332240027762,0.04558008768201656,8.824293441386523,0.9617929822686042,4.827480053117755,10.32454783458897,11.925408303169885,0.12295868869940624,0.04584388387888309,9.458724462799871,1.1359200670332388,4.0069752564671,14.345495711459554,13.687961376222765,0.28366242211028353,0.09872923134946658,13.576765661736726,4.50233879210977,1.0925322763445253
474,1548265898.38854,266416,4299,0.03701209736274036,7.125920343406552,5.672422249063914,0.09464382321679256,0.03554141298984939,7.014258145568724,1.0076969887530778,0.7506465125184635,11.170788051133458,6.5704192370293875,0.17242045129557756,0.06617019051053785,8.622676391523047,-6.961683426119989,1.4038950832962522,6.94836035940764,5.638749600068002,0.09535010033927052,0.03580855235272256,6.879330765012938,0.6601659443513237,0.7202088833475254,7.044236958833945,5.630391649554097,0.09509539457306174,0.03572141163133415,6.919502049526153,1.0356147444626305,0.8540224944850028,8.810800270902519,5.752597595169952,0.19661777392463428,0.07501673027380013,7.7162190031782085,-3.1600802329353073,2.846762833489808
476,1548265898.45528,267067,5091,0.03953197068014192,13.049612364538323,10.400614173273759,0.11757071139495436,0.04360672209234506,11.832210628538158,-3.9384235035542687,3.8444758827792733,6.359705099442225,6.324481971864917,0.20198260022774056,0.07633943312466081,5.56399027525168,-3.057149498294518,0.37642809918196185,11.752805998820513,9.677925273244274,0.11853282131595917,0.04398145305654235,10.090897607587305,-4.077317681989843,4.4359570375774835,13.178404194909945,10.49015933665413,0.11839520863237316,0.043938218950569694,12.021252601305616,-4.009685712650491,3.7023702740226456,14.776131015079075,11.57164264087163,0.19741279993011546,0.06965540141575424,14.243862049144484,-3.7683045846430643,1.1163880405491957
477,1548265898.48866,266256,5999,0.04603094432182397,11.23490740238427,7.305017597681314,0.12297817085133692,0.04598719943582002,11.213497738751679,-0.34721240542903603,0.6000469553926658,13.213003034562648,7.702999625446212,0.2082366466974376,0.07929900484561202,11.649519313285822,-6.167626460969317,0.912432352941017,10.935350153993886,7.174231223563278,0.12420213570737604,0.046543944820328066,10.91247359743312,-0.44273128384872046,0.5511732813560519,11.23218600987453,7.362117255531107,0.12404727833580637,0.046433010913342315,11.216455388497419,-0.3981887100211432,0.5338244354429587,15.6847979536382,6.881970328680226,0.341422499627641,0.12578996792209723,13.87898857122978,4.10469655306521,6.044669494139513
479,1548265898.55540,266239,48498,0.049611335453928485,10.236316165440966,4.3830586171303905,0.14012179023168872,0.05312024501068332,5.1000718559572045,8.67466936190697,1.8765785793656096,10.356878314038322,6.995633427580372,0.24230914682390503,0.09328576073494729,6.537852992208522,-7.4004094471547415,3.1233550356195896,22.900042666359727,9.094259088292333,0.2257625026479449,0.0816625489859192,18.510661983409445,13.043345453637123,3.4115225976299737,10.831657377096095,4.884387746015262,0.1514220042985116,0.05769903784080862,5.829344866509816,8.821065757903183,3.1220768563246364,13.412413578563946,5.24289381241986,0.2966200433215121,0.10902894076498379,7.817278147575334,10.017116628455376,4.294225753009555
480,1548265898.58877,264472,998,0.06954382328475175,15.382208494528522,6.815886024611232,0.21372673080840446,0.0799474593304022,10.481374351858129,10.908876506472527,2.7838001422314336,11.877860146390457,7.086742876416883,0.3446136665093055,0.13125760517415677,11.412477112548734,-1.0741209017689957,3.112104127619296,14.755606726204524,6.533858784869377,0.2144490298750228,0.08015894097322479,9.36469158397896,11.13912726921096,2.439328816639244,15.391419135707824,6.822315496938618,0.21389867732717788,0.0800040309327393,10.49849509915085,10.919443531708243,2.775362993156243,40.44669169630754,15.047054891012886,0.4734457494870691,0.16968979877739498,29.569216135845856,26.44482124790985,7.890992044976463
481,1548265898.62214,264347,49052,0.0639390880630666,12.61167833465361,3.5213861210712265,0.1821437458117687,0.06861695129202988,0.9575526346564475,12.57388481591179,0.18693315601224098,7.596955140319489,5.289032478789435,0.30229282360281107,0.11631439948489353,7.373647090121618,-0.5545960615225707,1.742262667599619,24.79221956887221,8.188910289692025,0.27636153809979364,0.09977513277356065,8.014084929215445,23.280878859796303,2.90332110073646,11.897776747817304,5.20401493193265,0.20305017123541244,0.07714286165526771,6.9873750113498225,10.158113893625405,-0.9450723328083335,40.936734215634324,13.550637691234375,0.373231029921541,0.13267295625098535,14.774618658341394,37.68699025737606,6.100624319077382
483,1548265898.68890,261962,1609,0.05322477266827053,11.210739952047666,2.5729925679628436,0.13939439965709158,0.053357465612238704,3.7368257908388514,10.163375657327421,-2.9021747930480863,5.931220385396229,4.62890607254884,0.23604179277002174,0.09340431962943652,3.8335572869439725,-4.428187522145781,0.9350770324261841,10.961214833481593,2.512091348257308,0.1402936388270767,0.05364933989667333,3.881657448667745,9.801749887189908,-3.0011106653890187,11.135648077664932,2.5234920328474724,0.13950779467780094,0.05340576707083107,3.6483358046376293,10.128639867053332,-2.9047912719628455,11.448900412910147,8.243839976578172,0.36783867929821346,0.14848932937293158,9.006363598768786,-6.248161554602019,3.3050283779568317
484,1548265898.72227,265940,51818,0.030494727308328782,5.083324723740746,4.231417102101468,0.07236926258144284,0.02891125371910815,1.3211251555019834,-4.236661648368532,2.4790152576652327,5.91913881065472,4.1127535658531285,0.13819971352635718,0.054856172102293904,-1.7023679337072952,-5.568682278810843,1.0620383023894204,8.190544740392207,4.686136960984369,0.11079527189672227,0.041545869935785094,-2.5626940305756762,-7.52193453719189,1.9844705259131619,7.116909643475866,4.995521808466999,0.0827050546053695,0.03322300224891213,1.7867406083390645,-6.044975144574408,1.9047815796471361,5.544927370707841,3.3931487951800277,0.15276749831213074,0.05804743980516963,-1.057432657942335,-5.163261183119202,1.7230176073495256
486,1548265898.78900,263876,2561,0.03336751047924899,4.367995988046263,3.045642723318015,0.08280286735272031,0.0325895766404388,1.108584004164284,0.01914718256895469,-4.22493359033003,7.907060211967946,4.679836219632668,0.14498731941257975,0.05758636313668445,3.4288055231562313,6.077484907130447,-3.718745902002651,4.335206085188341,2.945602321998162,0.08332365200549573,0.032827691954285775,0.8517768814923682,-0.06991323025819439,-4.250129419846415,4.352714482475166,3.0330399299503767,0.08303626870864374,0.0326742674799725,1.0852791202366765,0.029659836239373925,-4.220290509181193,11.6539999195899,6.1712189187531274,0.19010977735784967,0.06918455088027939,11.073723528812936,-0.6265968432127199,-3.5771130439632577
487,1548265898.82236,264217,54101,0.04082872443543689,2.986197188612936,3.21848815132702,0.08602572989049875,0.0332767049095405,2.721128334242096,-1.0475661093995863,-0.6445459520484572,8.346443389102292,5.065733764376971,0.1610406729395448,0.06316521249268076,6.277748037256549,-5.4584050098961105,0.677356314026769,7.849203809502811,4.154716858167872,0.13603559017807748,0.049555592060218714,6.867487149020856,3.470166365216291,1.550988748788455,5.625574710210067,4.207975929800188,0.09588526986259852,0.03765800676740799,5.212864677074313,-1.6452045339996542,-0.5370881858771284,2.058354745548073,2.9169245860357687,0.24500989407486776,0.08990587666358874,1.5873500911208562,0.5296500653059826,1.1985886513146413
489,1548265898.88909,265056,3301,0.03841410364918485,10.334431470383334,2.3977166963433247,0.1008724719424466,0.03960683992687302,-8.990594087485263,-4.006209834170298,3.149599106985152,6.21914385514178,3.5544877645526363,0.17067621051363382,0.06760137782905587,-4.447806929605863,3.7813696103568644,-2.1438301420045853,10.191280686087907,2.1144237296052006,0.10216280651078666,0.04027875088880876,-8.455691771296356,-4.703299934439971,3.2003825424715204,10.163171390681462,2.326355157027293,0.101339382481066,0.03979824936152464,-8.884687455453859,-3.960385830380942,3.15508613225961,7.119211785434224,4.620277271651981,0.2383147789487926,0.09261219367600163,-5.179262228114084,4.884216707437281,-0.0533514112917153
490,1548265898.92246,266296,49398,0.048123247248901733,5.8433461661661275,2.0051509597912642,0.1121791018639669,0.043954120831373365,-0.267500561266134,-4.741423812241316,-3.4047082253963707,4.062002358507432,2.7569709541164036,0.1915538712701776,0.0750239666800108,0.2274903625219321,1.9498623668894495,-3.556142298287269,9.553062886043708,2.1677097068225786,0.15489967608559352,0.05747293669416525,-2.467821913702356,-8.005256953003958,-4.592028595657694,6.03081994464181,1.9070200593078435,0.11769579841433131,0.04643893256708897,-0.8119713890034925,-4.837730453205825,-3.611906602525091,7.390833833543136,1.95982729738308,0.27446125407796695,0.10282862399477334,-0.09956332187345748,-3.6444034983363323,-6.429061754354001
492,1548265898.98920,265173,579,0.04361076931208732,7.4708274052429555,3.3059819780424657,0.13868161463163134,0.05440323561749674,-6.9149951314310405,-2.8193880389999686,0.21715325638384164,8.181116914695497,5.800541112475763,0.23042214329088595,0.09046524829802866,1.5400182785856955,6.157271229329063,-5.16207600505991,7.544924036771965,3.2734167321349936,0.13885428106377964,0.05448800611797502,-6.943910935583517,-2.944265605471512,0.19819102850656145,7.486264936177942,3.304112454734864,0.13877343079509347,0.05444543680351657,-6.924950700829372,-2.81067022337517,0.23177830535350336,4.451070859008329,7.289065362171955,0.2723405912406978,0.10634425419988759,1.6783734916701196,2.2993865358403682,-3.421683178374091
493,1548265899.02257,267062,54938,0.056278216569759974,6.078692453556156,2.146107189126072,0.14313288308892883,0.057115313461834995,0.44127603099049284,-4.132295820425946,-4.436204307951122,6.564305947495743,4.232684658712195,0.24233492142496557,0.09610653969912139,0.47358069954699683,4.314679217111678,-4.924365659328024,9.774330861165852,1.490890205669798,0.19874889396408496,0.07492088549000593,-5.096058079632418,-7.176004968381569,-4.251198481171558,4.423419276164752,2.390547843940813,0.1709133440435304,0.06765162055791402,0.5018076747832056,-2.7636954973032095,-3.5321409512117983,10.56989087738779,2.3503653567611584,0.2873858032771243,0.11002315581184696,-4.395295446814552,-5.5404055573546644,-7.855436165810938
494,1548265899.05594,265529,567,0.055047488050318685,8.328333680377254,3.068806277738773,0.17911274882590897,0.0695895543415377,-5.660728895787186,-3.6595196314670018,-4.891339931656123,9.9510071042074,6.6425367129927135,0.29626584420832086,0.11499571845220956,2.8594268222503723,6.5425908850590435,-6.931141691447637,8.139343898427837,3.1130367008238617,0.17954600599493595,0.06971186324236012,-5.283543871870834,-3.732236630135565,-4.939989168770003,8.315368986888249,3.07287718136662,0.17920729166041932,0.06962782346674128,-5.649533599897867,-3.6584848154325407,-4.88429514024439,24.01689352863232,4.049648649846442,0.3110939235768313,0.11548413292031913,-15.073353223688187,-16.624670302648465,-8.557191986149903
496,1548265899.12268,265045,33440,0.07029391770022046,4.332998308022991,3.4383173802949045,0.2047070674214663,0.08053883244007598,-2.2292505758215833,-2.6630926933312833,-2.5909946959140564,7.520958537625093,5.483141286895179,0.3260642282220325,0.1280136726087199,0.7486713897136532,5.202409044324488,-5.3795212250190785,8.214763002962062,2.955768780438415,0.25970229835542086,0.09759542004313056,-5.5995581903305265,-5.41284569687962,-2.6131170524315195,4.6208076716132975,3.1242652144447938,0.2194846538928677,0.08648788620949611,-2.922432892781692,-3.3568994252788804,-2.5214056127573548,29.596560194920702,6.781260940028787,0.46579764151745734,0.1707572309636936,0.7488916192894304,-28.85622970630435,-6.535559949317326
497,1548265899.15605,265909,63873,0.06203090469197505,5.935168516713364,3.398262658352228,0.18854466638172648,0.07321258270855029,-2.388519867001916,-3.6127744317391284,-4.058208850231179,8.618630608159469,5.9169030911861,0.3111652317674081,0.12038230768024534,0.2145532590662768,6.08897485358706,-6.09583018885137,14.929137808334861,3.515291224283766,0.25604365317554006,0.0951932073531571,-11.456777676789052,-8.886288500207657,-3.557425706316101,9.842859196182076,2.6187402262685002,0.23072986621745112,0.08892359584392989,-5.7179975699176415,-4.44442636833308,-4.507672418020429,9.00057422071619,2.780605859254073,0.2868353388055639,0.11295804326118451,-6.109629393919788,-3.8025754293659353,-5.40584730412862
499,1548265899.22279,264153,53277,0.060056406503786706,5.622861435330598,3.393946354082251,0.1719417425558653,0.06690002047784209,-2.6258496327910703,-2.897752476644584,-4.0403607525812895,9.901517633812787,6.214215073415333,0.29107287756054673,0.11249886956803691,-0.7609615866450361,7.4791236197165585,-6.443888484242579,5.4166300294783065,3.3300918293322463,0.22870102114934343,0.08527204948034216,-2.718132409270495,-0.9007858240610481,-4.597849712755974,4.647044793332567,3.645879623722573,0.20913440042890186,0.08014426581516519,-3.5286273450701757,1.0125828152763383,-2.8604103736020767,9.15265716406674,3.9770714693666283,0.35263334884755476,0.13519806564560455,-0.9559896782202347,-6.284212058470291,-6.585278711053556
500,1548265899.25616,266243,67271,0.05420963036175944,7.455748048292339,1.4885900265197867,0.143993741603723,0.05603186792784763,-3.2566819293298734,-4.966853622345447,-4.506946512327962,7.752694029118908,4.651561344034651,0.24318215970988244,0.09402383405453099,-2.596034774240081,5.1838268020322795,-5.147116459397825,12.58324645863099,2.8245014141219205,0.20142551251219074,0.07500254753405947,-10.685658113617215,-5.787875572208008,-3.264245468431216,8.603808936817101,1.5229622571395356,0.18313887914358218,0.0703160664662808,-6.3008010072946385,-3.035827248060797,-4.363535796736178,10.467358056934577,4.867229209185089,0.2648663083606945,0.10241357474525782,-6.827030303144444,1.9137712782143268,-7.700306580046186
502,1548265899.32290,265608,35310,0.0409647766155267,6.251054681782673,2.3466442925079343,0.1130633480928287,0.04320154412560096,-2.009844997635698,-4.169696606894692,-4.201171018486003,5.412938709297412,3.634818214832968,0.20175866284703486,0.07683995210820917,-0.6873237121724499,2.806486309831424,-4.577240017524164,9.108813363424016,1.9736107296334007,0.14141950066536896,0.05221031073139918,-3.9652164305208903,-6.566448295776623,-4.912158011272782,8.35091832093504,2.0260800951861158,0.13062726914807632,0.04952262238372308,-4.127549355560715,-3.7716651086197217,-4.510509407990039,8.755442294951495,2.216411189157016,0.22987807807579203,0.08219528832275635,-4.754081589785747,-6.152063855644455,-4.025989112498792
503,1548265899.35629,265287,6650,0.028476962336878846,5.609539923049345,5.7333908418292445,0.08665835578483254,0.03264113042372492,-0.48622563071445424,-0.5679566266176511,-5.559491708295092,4.281668167800493,4.671970894746015,0.15714070495654026,0.05938425845846019,-1.3640126941104243,-0.22385308116629324,-4.05241180872749,5.584995288662542,5.655937255172972,0.08779143631453953,0.03309098644217846,-0.2736437022822329,-0.7950780730360693,-5.521335196885017,5.535006810647234,5.910079809830547,0.08774546084212989,0.033021279514269294,0.14515770742146505,-0.45585242062630527,-5.490063014801652,7.815758442919625,7.651408312227761,0.13231330206108355,0.05061145796082366,1.4906414465058526,7.158764510794586,-2.7597388997903924
505,1548265899.42303,263864,52353,0.02205577334712863,1.528199682000695,6.54608208438333,0.06255994488997736,0.023502419345025807,1.3931568016890237,0.4585569231588244,-0.42922481544960456,1.8858028957821216,4.283032659997541,0.12067233125420615,0.04565614794955545,-1.181156940446523,-1.2881023174810078,-0.7084583710249334,1.4103056740816133,5.819975417565257,0.07796579520524449,0.028574197853775952,-0.2756551695346577,1.3672908202525793,-0.20854767970093013,1.7735068811464263,5.918627556207719,0.07288080410958149,0.02739189765456021,-1.1476394114507613,0.8954925423770307,-0.5287171444316443,5.189880120267001,7.354418108459253,0.11602261828918357,0.04387270899304416,2.9273068706209524,-1.159270139685997,-4.12575119113967
506,1548265899.45637,264478,53138,0.030885731129857506,5.906883448865495,2.524035745974845,0.07228203358654645,0.02718038038164782,2.10616668267942,-3.7680472227463127,-4.032016134690695,4.536558940943985,2.6061763186780174,0.13721610705949996,0.05158532736637269,2.5735947559997205,0.6148964504862018,-3.6849531084844247,6.679960932943974,2.0466897674488638,0.095328659508024,0.03461871974024628,0.42936175059549325,-4.83055338707094,-4.59383070295813,5.3701867941951384,1.9146504816293943,0.08541229819163432,0.03189528971336347,0.08848776842671688,-3.0182597278033985,-4.131020194104531,13.501226742116632,3.538558768468187,0.1137242458953375,0.04135720080976019,-0.36123246947781523,-12.005355004080508,-6.1663673156113035
508,1548265899.52311,262458,66896,0.02624416260130629,7.473759213537845,7.2262355091946375,0.07751522161061164,0.028855013325580763,6.202347235279957,1.7344401155083726,-3.79205525285065,4.946393316034487,4.572790721257661,0.1436114317408862,0.05346268351260883,2.593494472285493,2.9630728187943802,-2.9934583226858473,8.324403104638893,7.215060046141122,0.12716819009404312,0.04490612178217124,7.516179983311295,1.7541426383261,-3.1186069183849763,9.264695722360965,7.877475218098628,0.1001877403219027,0.0364699570475131,7.56986601455705,4.57136780601946,-3.6068807482816316,9.577215054276296,7.168368610787173,0.13313242821832347,0.0500775760667474,5.946831833426506,0.12610207047315902,-7.506153316354791
509,1548265899.55647,262761,66392,0.026117201021155258,3.6074299196594577,4.496857390621044,0.06420481579074876,0.023928922664013436,3.5534320600919425,-0.6062574689619513,0.1382863004524542,1.7152630248911884,3.3804348627886265,0.12403743459568926,0.0465484409138095,1.5717299148687174,-0.6413722346738889,-0.24583322772779467,3.7927517220131035,4.012772881920802,0.11008864096411479,0.038536567654657676,0.3990128676069889,-3.693977447205418,-0.7617643834251867,3.7197814076906823,4.55300161939839,0.07954549299537894,0.029043554111859157,3.5770571535399185,0.4001680515670154,0.30099075585005225,3.440600731736863,4.904415364967073,0.09385671283971016,0.03399902193582002,2.8461859916277943,-1.9040893131053807,0.33377025632584995
510,1548265899.58984,261031,34704,0.028468016487774687,3.321832425024635,5.507672428488961,0.0871328783770473,0.03206440305034893,1.277451347267249,-0.5538705845284412,-3.015943648496149,3.245762104654179,3.4975146445761545,0.16032357741658812,0.059364964319942454,-0.06435235817971903,-0.1187532211158106,-3.2429505217441195,4.96665477366028,4.373067678100573,0.10545039133607044,0.03778850094623074,-3.3711015812468452,-1.0960823603861791,-3.4787838721150424,4.166875700983361,4.780945800369558,0.09676723321960518,0.035172876340690856,-1.3379309014772,1.671184719645499,-3.567971084671534,11.742912712013116,8.149942081691076,0.14030376296041386,0.05051618177812221,11.220971107464326,-2.8948563253354873,-1.8988452341028763
512,1548265899.65658,260315,34919,0.025365382756938254,5.338007869175662,3.4401894222348495,0.0628643616215821,0.02346411961096002,-4.4833309095653275,0.29996456627083856,-2.881682360306107,4.373509723535194,3.0771427246298755,0.12827821432761213,0.04801541742552796,-3.876424807494168,0.033254526819388015,-2.024799286385371,11.379346394879526,3.9814162713450783,0.0780652500870719,0.0282503885071426,-10.924070997729316,2.399992362798116,-2.096242798374664,9.258592568178154,3.542261815567447,0.06914957849945241,0.02562416012723913,-8.003595977292978,1.0569420566066494,-4.240115865561589,5.7486070226844,3.2015941016409424,0.08898746389001433,0.033956502228324414,-3.4803050403739864,-3.4468655222839613,-3.0088332619960734
513,1548265899.68995,261043,65045,0.03200196307748152,5.7953851794597755,2.629222097582375,0.08159733687192199,0.030295256566419335,0.9007771483266881,-4.796086331992737,-3.126123126722123,3.600747935329585,2.583354393876893,0.15232077040420083,0.05676081692496819,0.9023105539675201,0.35104287021044595,-3.46813930822473,6.723064227072336,3.558140684237458,0.14406870468366756,0.05011949598952908,3.9677398420246206,-4.580034557757843,-2.9120296353392607,5.132493829328641,2.3235997514025364,0.10859653080505868,0.03983200038291024,-0.06316977226565165,-4.119625480920622,-3.5622992305056034,8.347982873435974,3.1041024957697485,0.11372584916172847,0.044721576483243,1.6967045854805667,-7.030581160540431,-4.169045472268625
515,1548265899.75669,261539,65944,0.033791307258747016,7.624655749091066,2.742165848739221,0.08666777533314779,0.03206303305073687,0.9429679332775637,-7.079208500288315,-2.670392064548455,3.9366986107356214,2.0962511847186076,0.15997321102023868,0.05936662857786824,0.8032177477893054,-0.9457780728370205,-3.7360327940670888,9.371605891982158,3.124353659837599,0.15610802543263147,0.054164752970637636,1.4077851739033895,-8.823951195826417,-2.825424426957134,7.314166797459051,2.2001217280576397,0.11879845050584298,0.04335788914360114,-0.8276333613800111,-6.668318233971685,-3.2937920283914557,10.088898964755174,3.3976956610958644,0.11422688580664829,0.04234207313172324,0.28171357175570616,-9.535427651201282,-3.2836168006076285
516,1548265899.79006,258904,35393,0.026763603526767547,4.272291466371464,3.8932219714248424,0.07198447385376039,0.026536624085113456,-0.36144985637761967,3.153390050880986,2.8597131957523017,2.608829667602954,3.5860250561603793,0.14097649556726263,0.05268074026570592,0.5514362910993703,0.4580349603834292,2.508408704037374,5.288501844251531,3.9962398361572045,0.0877015777354751,0.031462838003196776,0.11056134246925,4.705132364077764,2.412002774192274,4.0572098319712735,3.4020545415154073,0.07902140055272244,0.02907559414646993,-2.0699513408689985,3.0215667284086196,1.100507755905371,6.8916717212757925,1.204021114316631,0.1221366189524723,0.043966386690742605,-6.529704319199442,1.5744213703848051,1.5424973147906083
518,1548265899.85677,261483,5926,0.02178193648760332,8.661499915520945,4.035194710404537,0.055977529726785644,0.020736950286025395,-8.0947317477313,-1.0180163790629821,-2.9087009765185257,6.230590662114442,3.60753627858949,0.11467738002542495,0.04258010186623857,-5.849266426928215,-1.3126247418896126,-1.6980455095836906,9.463719726711705,4.08264864738608,0.057189381434753245,0.021170716973287686,-8.887302413153158,-0.9649856504080533,-3.105905596991141,8.78406661261707,4.015682830648972,0.05684314202479528,0.02104057820779988,-8.197568871937406,-0.9213016845756037,-2.8972253389692293,15.422723093290717,5.253281470503734,0.08439326068134759,0.032040309173288206,-14.622338674285182,-3.3621958639215985,-3.569767258443488
519,1548265899.89014,260169,6339,0.023799610289877527,10.63862457063835,4.065380397562357,0.06166694796920909,0.022806282123319543,-10.208795295882869,-1.2723110278291667,-2.709622853869914,6.701100884930733,3.4423082350899166,0.12311292312075164,0.04580749962986143,-5.757221961179245,-2.8630799245119416,-1.887305408669079,10.704280163200487,4.018585708344956,0.06305704975501868,0.023283716153653416,-10.065453273205046,-1.513293544655503,-3.3133377227377863,10.416198087145762,4.072558799065501,0.06234804725388109,0.023076083296270745,-10.062321349010311,-1.1786551984152334,-2.567385772689705,8.171050883238333,4.901370565617546,0.08924687383248232,0.03306175363581155,-7.938599694990648,0.28176462189392515,-1.914501532256719
521,1548265899.95691,262078,35162,0.026650668381367926,2.1160397693321356,1.920777483156241,0.06371985012099662,0.02346254751179599,-1.9354943193031686,0.41975481685599436,0.745179132200139,1.588395486674731,2.6463112770146875,0.12885285004969607,0.04782617535436826,-0.0200027293194572,-0.7220884945796199,1.4146336341626287,1.006660447602166,2.4954835221036373,0.07728722547363846,0.027736490879385064,0.17356067375437512,-0.5114322593603864,0.8495169176526454,2.812932307338544,1.9424312765974108,0.07126545581552227,0.0260365624753361,-1.517309330622377,0.8906260267683347,1.8433992260471042,4.792979117449934,2.3839557830717384,0.09465759327428341,0.03550992862431208,-3.171542920568751,-2.9255422229662327,2.086903693260228
522,1548265899.99028,262620,63894,0.030230776690222696,4.47266928923707,2.7385929222229746,0.08513357823034912,0.031388622936512046,-2.821614499165287,3.2244968715451674,1.282919371737789,4.866259169965092,4.236980133971412,0.16178809025166038,0.060264310095168555,3.591265436539388,-1.2425311262051988,3.0396393328811464,14.619022798698598,5.597925811862023,0.14031560102199586,0.04879524194581041,4.9628396829847015,13.086932464985125,4.221166725773809,4.576377257425771,3.356591339906953,0.10965403169985954,0.03973027585098938,-0.33869218185078676,2.582651928289901,2.1090154608768974,6.9458241814895665,2.369018353348279,0.12488059237515653,0.046352204338717416,-3.4638444207918537,5.578047437213852,2.2653128209821953
523,1548265900.02366,262761,63174,0.03189838713403879,3.5518730986811073,1.4783541479345703,0.07725574042175926,0.028909820312747442,-2.7811881976323893,1.9561524685384268,1.0267727296319529,5.004587195750682,3.5413465462738887,0.15161266611631355,0.0569200659712684,3.1939595733659996,-2.2854007568392936,3.101847614602262,6.7437920742680815,1.9494035498617752,0.13359737152047962,0.046580166647255145,0.4721788550338033,5.720085763569334,3.5406775519992477,3.664844094711043,1.70412861529983,0.09630550311986011,0.03559350593951929,-3.316780518478841,1.5972247767155767,1.6522402209557514,7.487733419845636,1.3514105898713487,0.13143208143874188,0.04694735484050379,-3.839753902649226,5.850242855225809,2.6640383384333344
525,1548265900.09038,263226,36048,0.03213686884327427,5.070799692849739,4.2631829647593795,0.08893060987676239,0.03289699864992373,1.4115935601474583,3.78517055243149,3.064783358568878,5.252816582060217,4.822337000569499,0.1649304219000698,0.061857186473962184,3.732096210874049,-1.9187069878963912,3.159446693986766,6.074575468992964,4.987621909032007,0.10549804652970543,0.0379881537684185,4.933272948395743,2.267560867893086,2.724234361342249,5.56883471987387,4.152710677403229,0.097461986021816,0.03572467115950309,1.3296007921108952,3.8321786925589896,3.315045550568115,6.108283711537609,4.149048596751807,0.14515130120708705,0.05485562027671088,-4.014097780958316,1.3180744262997233,4.411442928597836
526,1548265900.12375,262731,36473,0.03061654636524935,2.3572659196623134,2.6100365759264803,0.07370152771839567,0.027553663988824157,-0.6397489870707326,0.44505994027482654,2.2247124531287077,5.964517245181012,4.1944533195660485,0.14292556176400356,0.05384921357244848,4.072604651118456,-2.74777131024727,3.3821753577146203,3.748764786037759,3.622892358891321,0.08968606448218804,0.032586865397731174,3.1801127611609163,-0.5000614906598055,1.9209525639373053,3.041095234923925,2.6446363161138287,0.08371909711665432,0.031011368352841136,-1.0519190531250038,0.9310448770289278,2.423692090227057,4.8092907862880425,3.659019861639539,0.10961350592976553,0.042455281936268,-0.6326965085939905,-3.0542658278685217,3.660660220206548
528,1548265900.19047,263020,4256,0.027588049828844906,6.28637355678596,3.179199804387268,0.061418238896917304,0.022977252702950462,-5.411588320318301,-2.402211957879703,-2.1124824392813477,4.581310870362403,3.0808605290446436,0.12379772747744404,0.04624832742319014,-3.922884839816038,-1.9247270458480292,-1.376520840170368,6.123639944985056,3.1449331718506275,0.061956555571098144,0.02319200144181711,-5.008661786206381,-2.4285784203357794,-2.552308786861783,6.113888960581457,3.202263579845205,0.06177208606953855,0.02310191424451864,-5.213345834139419,-2.4050981491232637,-2.0022284283518843,8.728122567452223,3.522461690102189,0.09770119641419703,0.03556409307794939,-7.888549586128724,-3.33946691620549,-1.6729822758254658
529,1548265900.22384,261302,1267,0.018864138083924918,4.768801899778048,5.396732617709027,0.046529898154863844,0.01734285937565021,-4.7131035437664295,-0.6573196335952787,-0.30993135425965596,3.026971976600282,5.295227652141655,0.09501574225667199,0.035723216225512125,0.9407031789218456,-2.346888686906273,1.6642567012216298,4.857569640823204,5.3840962049393655,0.0469017776116464,0.017514499077805713,-4.791071971500493,-0.7364132697496355,-0.31513120360621694,4.681982102013992,5.40219887425591,0.046687319151151915,0.01739609203301158,-4.624028711335884,-0.6383529580936518,-0.3093316633185098,8.747997167112814,5.500108164411066,0.07226662793587176,0.0265635936615599,-8.598511337054576,1.5857521612472962,-0.2800844612920426
534,1548265900.39071,260591,840,0.030733176502911266,8.647569130348836,1.6066667501065164,0.06857922452980313,0.026088917369231312,8.083256623179567,-2.852652590257436,-1.141835113877369,4.487140395669803,2.68522663183119,0.13251970838850152,0.05020864669032871,-1.7906774025039927,1.598508897791257,-3.7911307909772116,8.650463710610543,1.6028798237242987,0.06876436288701161,0.026159458688747965,8.089459918296914,-2.836335115296648,-1.1603291570036387,8.65734909755178,1.6107479003556375,0.06864404228711579,0.026112209273845482,8.097598644680492,-2.840169738172155,-1.1365915088492624,9.588559707878654,1.2869778833920391,0.10349019975758059,0.03780346669801862,4.660545924171233,-6.493181728427935,-5.297016141362466
535,1548265900.42407,260553,2155,0.03587138556989613,5.057575371904715,0.7871968339430254,0.0808117350654753,0.030391798301188027,-1.9187733188966152,-3.2294579704434754,3.386440433600848,4.946099872300506,2.962874432739158,0.14547139674839124,0.05471679048321983,-4.444633462687595,2.1690996897149875,-0.06437286079628854,5.0764275868923265,0.74025194035208,0.08105118396287361,0.03050432643645807,-1.848042843407228,-3.3002854840978215,3.385700875350035,5.087915613718495,0.7777970610298864,0.08144093451515791,0.030660576667769494,-1.9084016011018141,-3.262260795477948,3.388108779354921,8.554334851460862,1.388022005631404,0.12245741415157455,0.04639289552651439,-3.4237184058144168,-7.194547501822732,3.1134038081530315
536,1548265900.45743,260408,1320,0.03207459689106671,1.971825613180863,1.8199025031239713,0.0747384489433835,0.028086698467962037,-1.2534940801629668,-0.9304517263169985,1.2046196182970794,3.5314542465244823,3.0640688176776982,0.14179552208306645,0.05319351809675776,-0.6490154049149548,2.7845291272282506,-2.0727628033849776,2.0005729039906477,1.7891894915660174,0.07485825725028579,0.02814924157949777,-1.3935926651684245,-0.8934938701280748,1.1233254790192808,1.984562454818755,1.8116674816202767,0.07501973999648304,0.028187196369702752,-1.2837691004167229,-0.9030506756285813,1.19516277696726,6.176053835439785,4.737900463036253,0.11908537779977599,0.045757166010838804,2.2589312581084826,5.651150460842965,1.0513653115379282
538,1548265900.52416,260949,855,0.026041065414808363,1.3905131125634385,2.798182454975214,0.05906695064964656,0.022157593741243466,1.0757240734798783,-0.7724652068365776,-0.42384187873975177,3.0135023242340315,2.9873583531257095,0.1149242205097928,0.043315304151486156,-0.5406099395521894,2.073623178067325,-2.118731711851044,1.392985315584773,2.7910764295816546,0.05918796490657959,0.02220676815068289,1.0356368793700093,-0.7988226952003517,-0.4793189388668101,1.3932292756354985,2.7975229583545866,0.05909642521708332,0.02217017707157585,1.0790538396516456,-0.7795807277557008,-0.42013565050155566,2.6154126661450423,3.8088378462701304,0.07958029438151014,0.03065605049045381,1.2554402515406258,2.287914744364498,-0.17233488202643463
539,1548265900.55753,260160,4573,0.0379025893353586,6.982437960332032,0.8387624871246205,0.08491834316634579,0.03197183938220797,3.621983970338068,-5.4162455634921765,2.5099713114797026,3.4216984840160896,2.2687858810831094,0.1531691906848234,0.057657740969371346,-2.9053569943399618,0.03664107791125183,-1.80709122137411,7.217451484271345,0.9676274933635817,0.08641203069764791,0.032696521830085305,4.124476134727938,-5.332661021790125,2.577407412216902,7.0345377895660555,0.8589725170778597,0.08547981757925355,0.03220720397365516,3.829363088447868,-5.386073932955095,2.5656526635839816,8.888925493444312,1.7729910985701476,0.16120880396870554,0.056274257314918294,0.7494722547354127,-8.67124953734826,1.8057461694334573
560,1548265901.25830,260996,575,0.03242596114290531,5.844889889765677,1.945972196345198,0.0712128988065531,0.026664927962386523,4.672960755031203,0.5217864783361505,-3.4718747783364545,6.97059305682728,3.509279212529253,0.13547618097848138,0.05133499112995427,5.90865783816098,-3.686867723733327,0.28971797169133856,5.873940364979905,1.9919464756780247,0.07146642281778963,0.02678160106185268,4.724507052037012,0.3784566971240302,-3.4697231957311474,5.847013010691737,1.9448737050437752,0.07123007991488142,0.026671756878625247,4.672677044328301,0.5284241506269072,-3.4765388883904933,6.224560203322267,3.1877776024093407,0.1040466923819852,0.03999853000301284,4.393178932265439,-2.9004804398658517,-3.321496923352186
563,1548265901.35843,261687,696,0.02822436932635395,2.4148160626154715,1.4864792573712016,0.06125681508154849,0.022925583524329933,-0.5986491056860425,2.3391650310698733,-0.03553620614062355,5.244121427056492,3.3846261459163034,0.12010871591077993,0.04548195574377637,3.7641900529342975,-2.720444339247195,2.435336811236058,2.5304090881663495,1.4689329370420963,0.06148045656701903,0.023037237134094404,-0.6625084883518627,2.441503274610712,-0.05580695657133922,2.417644456990643,1.4847240674813507,0.0612855061600837,0.022934602474291035,-0.6025706273964737,2.3402014878408592,-0.039282674024065004,3.6190211395663567,3.115362226503845,0.091797825005339,0.033394327156469734,0.41478269396526046,-3.4556482293849182,0.9918491015088811
573,1548265901.69213,260164,2363,0.016058296111985455,3.5569215885787315,3.6257280824800215,0.03546197958205632,0.013436022032276914,3.414000279115913,-0.4434316999597003,-0.894238004652434,1.2732717250528343,3.572090164992899,0.07348762508327102,0.02783976868003346,0.8191862057740957,0.9746170790089759,-0.01662514338202981,3.5292025784048353,3.65616867264175,0.03578569679468663,0.013548592691153981,3.390166949735975,-0.5244965603609417,-0.8288197937469597,3.465994032233113,3.640477884278015,0.035693299687869606,0.013531796962155737,3.326080594910395,-0.429901711383773,-0.8670842719201309,3.6838029001166777,3.4650961095058856,0.05613478015383413,0.02122589219742303,3.3133343793537913,-1.5288286895955903,-0.5048781391283477
574,1548265901.72549,261006,2644,0.02137538301880611,9.59966270335418,3.020735121925964,0.04539955760251711,0.0172628535473331,9.48780495806425,1.1201867497611278,0.9382231832353801,4.958031854486313,2.5911526329369843,0.09446728945347516,0.035701850552116325,4.183233614986555,2.657916542667554,-0.13459585714896893,9.638168223327693,3.062469613353879,0.04600584094101204,0.01750214423161104,9.471372584890748,1.191888702032554,1.3292062974989256,9.588227137066967,3.0169016411638854,0.04557996703623493,0.01734677733967789,9.50297978460939,1.076812038080345,0.924257283023034,9.343147274146347,3.1623009819356476,0.07625544162447215,0.02874898536779841,9.120156279256028,-2.0257333071703467,-0.11642592733515286
576,1548265901.79223,260418,2087,0.024488407401187785,9.349120990104558,2.4168877157273236,0.05315665831834868,0.02009893834215969,9.284916130119205,0.9020768260644854,-0.618589641154205,3.6320182467324518,2.3348231386737215,0.1075475102970865,0.04058516443944877,2.1349477264072605,2.27612262237964,-1.8581766756682672,9.508334343807704,2.4589918020405572,0.05365399009726742,0.020296842872366834,9.468914121371657,0.729326599129334,-0.46494092906939183,9.369096581353872,2.419720051815535,0.053279454128514925,0.02013448362557697,9.311395018007364,0.8537811182572255,-0.5964571881588838,16.854913996269755,4.536923236323709,0.08336315036768968,0.030745190389189086,16.764243699576955,1.3536699907575318,-1.1026497898094978
