frame,stem,n_valid,n_removed,sigma,all_dt_mm,all_dr_mrad,all_sdt_mm,all_sdr_mrad,all_tx,all_ty,all_tz,robust_dt_mm,robust_dr_mrad,robust_sdt_mm,robust_sdr_mrad,robust_tx,robust_ty,robust_tz,oracle_dt_mm,oracle_dr_mrad,oracle_sdt_mm,oracle_sdr_mrad,oracle_tx,oracle_ty,oracle_tz,shift_dt_mm,shift_dr_mrad,shift_sdt_mm,shift_sdr_mrad,shift_tx,shift_ty,shift_tz,mrcs_dt_mm,mrcs_dr_mrad,mrcs_sdt_mm,mrcs_sdr_mrad,mrcs_tx,mrcs_ty,mrcs_tz
10,1548266187.46797,264226,2305,0.03242669376881864,4.246683515268845,7.365888070624767,0.05067223063257041,0.024588512925014152,-3.2656550809591347,1.284536569231158,2.391606901932212,3.205366317564589,4.3193791597289914,0.09570238961152755,0.04437967324113477,-0.9414584949597169,1.3590521259792496,2.7460893013369105,4.2802769313513975,7.504250583600392,0.051181802869059725,0.02494962002668196,-3.4424418019367753,1.2016080729643361,2.241986415731405,4.1821511263322595,7.324962746594225,0.050951175183567746,0.024675546079986996,-3.177446482367912,1.288493777450554,2.4241444349022685,5.943634568183022,4.770935947701825,0.0984127863824621,0.04504465423190227,2.531418959497656,4.150558780179508,3.4192940417388478
12,1548266187.53470,265835,3888,0.03981895270381565,2.713388914303471,3.2099143474837772,0.051668601892439214,0.024377093789241043,2.4158465477334934,-0.4839041544413715,-1.1366624949313278,1.69287978623822,3.43439549079639,0.09415332317997499,0.043790438668431825,1.3935459293206027,0.7660573184440013,-0.5805410393644239,3.3167660011602975,2.9932438934938133,0.05203323785564759,0.02461743095838955,3.0704344042509732,-0.6273138696370455,-1.086207431665719,3.0202375500750263,3.0983080198329445,0.05198271485758631,0.024569863571058382,2.715603646806752,-0.5461560765065441,-1.211083895393176,3.811235092834485,3.6465460309435924,0.09744070731657829,0.045468295635356946,2.2413795945060158,-1.0479704768878528,2.898877080139236
15,1548266187.63478,265693,2396,0.041777332968768954,6.891969133093358,3.3955800499829123,0.06267384603582307,0.029434449170841908,0.8933045224803312,-6.660905975349113,-1.527605037038788,3.3153909753879214,4.063133604634852,0.11566957823533844,0.052130162071273745,-3.08248050406842,-1.220616649065786,-0.015041866413006269,6.946003351557237,3.2081824767396023,0.06306712144714859,0.02968973241867836,1.1603706856417701,-6.712810744122344,-1.3559772657914397,6.906260845104963,3.3757979055907783,0.06285041083338117,0.02957586271537045,0.884145368261118,-6.6765769147031016,-1.5238573320362456,7.74228152254751,5.772614834143359,0.11552896956774537,0.059026179924679734,-4.2476662054789065,-5.752385393404307,-2.9682178604276683
17,1548266187.70152,265962,7468,0.052812653553593526,3.906697995120427,3.1050285322302247,0.07687698673239753,0.03617909897455208,1.7580207724202201,-3.2625427889188314,1.2359072535148847,4.548163403322878,4.51944986707486,0.1373836526997475,0.06155913330017756,-1.0802147645371183,1.2411303535906515,4.2401087074740795,4.5104483221136125,2.707029743876113,0.07794865627405977,0.03700941590092374,2.561752980952802,-3.181411050458945,1.9131621622472688,3.9169719097827684,3.090603193958989,0.07819968251016618,0.037129742075912686,1.7786502802106359,-3.33302302805642,1.2474814799676408,3.358557128501612,4.2895640581400505,0.1297790824160514,0.060367219446569594,1.5713438281177239,0.8585892432503989,2.8414096977767986
19,1548266187.76825,265476,9253,0.04293771644499674,4.965243974393408,6.656387113279028,0.0641049213253587,0.030144074060261962,-2.176682814465319,-3.910508823014247,-2.1502605413272846,5.3808326744041945,6.181626289620062,0.11269524479292135,0.05105926382688633,-4.936764968120253,-0.762820318376904,-1.9999542698141346,5.312641572169995,6.911854898942894,0.06547178758541124,0.031265457946682146,-2.683774550842037,-3.9751185242694262,-2.284720410162164,4.985465299922511,6.785476438758762,0.06505649755561166,0.030803225717728575,-2.402664520290815,-3.8289793284137987,-2.234023595604284,10.157070790670032,9.09323743182805,0.1176021336631198,0.04833114357900198,-9.392637869456523,-0.6927666861593578,-3.8032243187171244
22,1548266187.86836,264926,11313,0.060136827615779855,3.0337106622329957,5.431149305389589,0.08677903154334274,0.04025988061505443,-1.2606752625173172,2.0368351875520534,1.861558670408442,6.1353594107530585,6.111849712430866,0.1527856399815594,0.06737078920604898,-4.787292374953254,3.535926019907775,1.490534802535555,2.9501758395920463,5.350972956661697,0.0887301398602339,0.04195419872517386,-1.0642653563716893,1.9262041867908386,1.9648445654883544,3.171222593636345,5.481924130410416,0.08839937552351344,0.041393508530249284,-1.3668584699918978,2.1385887592036914,1.957120200118435,18.40901489244356,11.113486042274968,0.15575196051519524,0.07352439427650369,-9.60530341979194,13.340710005492863,8.285857352940898
24,1548266187.93511,263546,10068,0.04776077794815306,3.369056977629489,2.7021755185322576,0.05943102500156494,0.027602323213296923,0.7346890165412335,-2.985215815281407,1.3781376940209529,4.422877414657688,4.684723953005046,0.10490585176145911,0.047294954452757325,-3.8750802543358667,1.7385670455880537,1.2340916803627577,3.8606291461066475,2.293762803058856,0.06111496495438568,0.029031093633783568,1.3119891746329468,-3.2969629131226594,1.5209133305050113,3.4330451348389897,2.702047459888669,0.06026307009182568,0.028198265332072696,0.8208377066176265,-3.0426796407230694,1.4003761895305336,7.19727341567499,5.479518527966974,0.12444726858179647,0.058029427703387856,-1.6323034734927901,4.531591658579442,5.347990934014241
26,1548266188.00185,262574,10692,0.03677553283673882,4.970639204027157,3.597477757303815,0.04258740458172398,0.019772391760124384,-1.3790847097294812,0.07694553273134527,4.77487788796685,3.400745497858464,2.7089135909253512,0.08499170801091821,0.03734269729302955,-0.8597981571681316,0.48257326590205785,3.254679725129881,4.75366729152854,3.744638935136307,0.043899949573152235,0.02093157069456846,-1.695254906820917,0.03514509900133361,4.440971553777853,4.995013967740045,3.5763577940687794,0.043716923577373015,0.02018057379305358,-1.2478643046437103,0.10919729097013023,4.8407076643312035,6.680809230419055,3.5681796855266525,0.05909800406844297,0.02838973706791284,-2.342436562385614,0.23058544269782527,6.252442185103943
29,1548266188.10197,264576,25020,0.0311614708499854,4.323779207170536,2.887924610229235,0.0359587842837269,0.016590489404028776,2.844074565646099,0.612809214823436,3.198557700532024,3.5954476009625416,2.4001842967048037,0.06655603684345884,0.03011310287772227,2.288091012881567,1.1493637644191699,2.5240534671591437,3.459278474743745,3.2745745947907374,0.03736751706775185,0.017767017008868992,2.1788498687504583,0.7821294763124351,2.570504677598304,3.765575565129489,3.168660101390013,0.03733949343164619,0.017663377789916248,2.2758565428164674,0.5575319144662934,2.9684742440749003,5.720231280536813,3.861124724562521,0.05558581231858822,0.02470910479307083,-1.3792561909456043,2.8934765952110464,4.737772837054975
31,1548266188.16870,265285,10338,0.04153610876499957,5.5458128751542635,2.2914887508086434,0.05639573482527912,0.02600369966057456,2.974991378727122,-4.319417834276458,1.80224757335405,4.2614644161683035,4.3731280655793,0.1006276445238122,0.04513933983006178,-3.557988582337519,0.8180069664612887,2.1981039149788417,5.809535225755202,2.0613872783936094,0.05797507226630741,0.02730795940900977,2.798409995041375,-4.7275895966765935,1.8893114206869992,5.427165151942129,2.3760061812370834,0.05761526236632819,0.02668866512137917,3.0838646566229,-4.16278598159491,1.7439860654614698,5.469828827311377,2.3418926523141814,0.08915064995192527,0.03883324183635596,2.323536937217653,-3.985891360995567,2.938175209175359
33,1548266188.23543,265335,8776,0.053316290272186755,3.505848153187956,4.248516854690315,0.07658148686433318,0.03538083973216066,2.8917202446274937,0.7826883594827749,1.8210777665857854,2.9587920754375627,3.9744787061953217,0.13593190566347088,0.05982758959618707,-2.0546884926529883,0.7360391955191099,1.9977367310261618,3.3715011161275585,3.9903354085280474,0.07805735578031618,0.036496582677889106,2.938342804562157,0.2807237783914101,1.6292192913088215,3.5161270288267916,4.294652170164277,0.07778899372703085,0.03611630854853917,2.8500571186621477,0.8579194121863667,1.8131446367536062,5.2821555713115895,5.320834369964386,0.11593674941577918,0.051044321137404744,2.8676995979907165,3.3193721602959405,2.94265780488901
36,1548266188.33551,264747,11136,0.054527085423159594,5.186740218214514,4.925725784888434,0.08091765378718502,0.03697302514917654,4.988267312335931,1.0234594796706236,0.9858975633386878,2.676272491646361,3.7973265689794213,0.14355029236256645,0.0629963697231213,-1.7606407857060362,0.5703016961377829,1.9332186758444638,5.024575193019253,4.692268550441711,0.08309878944207946,0.03842682012293711,4.805805470364217,0.7291711943027765,1.272359627118405,5.13127692931387,4.9964534545715065,0.08225551811457663,0.03768760451656169,4.950942521811014,1.061633979681866,1.1344703698098448,11.03021226964804,7.513668066363879,0.15770810086515455,0.0724467723550697,-2.0446631587477895,8.357275328251104,6.902237634894866
38,1548266188.40224,264717,2976,0.04537073439915753,5.180268790158402,4.691119527814777,0.0640507020166223,0.028943142333164477,4.94511563166192,1.1988201243727163,0.9715175948901291,3.262383500324996,3.8522502256066704,0.11924748260860482,0.05178449023757429,-0.8858704559193499,1.7274431526211658,2.6218924068283704,5.239505866417097,4.694782125634033,0.06422102000206388,0.029084009907749994,5.01239061157947,1.1780886831280224,0.9697778796481404,5.196550351103987,4.669407213855003,0.06428742736034486,0.029060627753200383,4.915574523162994,1.1539223202711417,1.026081375333293,3.292296087495154,2.5978222629416656,0.09873478935455199,0.04827291557712762,2.845115043302569,-1.6566527381261713,0.00596853150936886
40,1548266188.46898,264254,2963,0.029451896289472482,6.427864928379466,1.9151018934549844,0.037736534138717845,0.016932443778468344,4.1375828123218,-4.913686312967383,0.23139322899988543,0.6318475806607596,2.798638610748109,0.08002662465051524,0.03481063815039969,-0.48541647977734464,-0.22912837020012924,0.333320260885621,6.403849088428706,1.8971077257653028,0.03799155045823203,0.01705501823017646,4.117774789358611,-4.897031671278761,0.2688768156322952,6.419777625665071,1.9101132069455375,0.037847904755205,0.017004863938920922,4.124430662853648,-4.926834066721186,0.22938408751897182,4.980743690520577,2.4619868745880082,0.06100695130945114,0.027000156415429726,3.3443114198196437,-3.6382651751776387,0.621623159972412
43,1548266188.56909,262067,2689,0.0225805131117039,11.097766274273196,3.5277155206109194,0.02852485335384793,0.012600734396542685,9.530667772427963,0.19536592502931907,-5.682307651415576,9.082162526217024,2.473170610521672,0.05602330331546223,0.024124646865648115,7.170781232398435,0.6429357167257269,-5.536443473373639,11.080946146070788,3.480859215584911,0.02869243214219308,0.01269360004684838,9.438806839143693,0.18017707509308112,-5.802053874884842,11.1678707102256,3.539535649786358,0.028714880758787517,0.012680690890321394,9.599283683973965,0.17691220803133223,-5.692975943929894,11.11068277520964,3.560826667895098,0.04931121040562815,0.020045637968677275,9.47232582792154,1.3806480602436602,-5.640578523057376
45,1548266188.63584,262584,10462,0.03160404035948883,6.1139801603400095,2.0385215608631406,0.042424272394356116,0.018494071024885112,3.8714429898146965,-3.9649166821842705,2.583044382309906,2.8793899466853534,2.498703048269329,0.08813606685492797,0.03761771689545079,-1.8367488548788249,-0.7763085878567101,2.077157934677556,6.566967495418292,1.7546513668942225,0.04387708665863696,0.019311436801316185,3.9138073366449437,-4.5128783261250405,2.727838600631544,6.127613906828092,2.105319615059382,0.04302258646471454,0.018730513822099427,4.007523053079659,-3.917628473075517,2.60987992291461,7.928048945925428,1.4887754520190937,0.0920614581943434,0.03615271244459858,3.5344399579838597,-6.955795608015029,1.406627787268252
47,1548266188.70258,261849,8048,0.016488228092786987,2.4632270915363272,3.1950761022484575,0.021080896838156834,0.009273948881601842,2.314125400210046,-0.8176852875281578,-0.2090504894545843,0.3164093673528691,2.7998976600170247,0.041845773879631475,0.01844256402981401,0.1801905901811749,-0.05432280035971825,0.25435265345555363,2.5090374975848486,3.1967077697014954,0.02153246580712206,0.009647640073998565,2.3924497957359283,-0.7555702738171144,-0.0238054719315741,2.4779074629266313,3.1840181835400987,0.021388331177252005,0.009441844899500462,2.3368770697573042,-0.8125596950664509,-0.13358460853524357,1.5463615116264657,3.3428723605435238,0.034542037466243576,0.01371103661566616,1.2183000857643256,-0.9521163466490953,-0.021290563870047238
59,1548266189.10298,261122,899,0.01562751831274758,4.811289054014273,2.749040078990552,0.02168554902374911,0.008977569240581575,-4.062736362688565,-1.690346109515239,1.9456118931103277,5.482146134737134,3.072557782135371,0.054382429801203225,0.02276659668057801,-5.010495529121,0.5128978062418916,2.1646700985656047,4.951547323988465,2.752407789632838,0.021754910022126893,0.009024864843671185,-4.168409898036491,-1.7699667946219304,2.0023479641622006,4.811095007616123,2.7491372301908727,0.021692333502595373,0.008981043282723606,-4.062668405717558,-1.6931035503488443,1.9438034435256655,8.122823339217678,3.7118032681838717,0.04151539330879701,0.01627318278062735,-7.134752545000378,-1.7434700256413036,3.4692762057006066
64,1548266189.26983,261449,525,0.01768552498414278,10.094871680925431,4.361797412946182,0.02710727415775151,0.010903281784417235,-9.199939122676287,-1.1196962213504909,4.001728971993718,9.373817781092654,4.262734135748404,0.069560609978754,0.027926580869859413,-8.650536642100429,1.582515726780504,3.24535353564123,10.087263350034702,4.369102336104516,0.02713899918875636,0.010925324083792537,-9.203300895311093,-1.0793053845926333,3.9858793772652827,10.084346101309002,4.36112970939705,0.027113065565108896,0.010905333042635083,-9.196526547570965,-1.1282002630081556,4.001582835726124,13.484185055778715,5.511551124233934,0.03935044791558832,0.015145048757934909,-12.466923750151938,-1.8045285328263172,4.8106897219213
66,1548266189.33656,263312,1534,0.020925410571969987,5.376635265455068,6.336866023058363,0.031340996308124494,0.012533892401387815,5.075571448531265,-1.749944467920443,-0.29064687815968016,3.627232596295627,5.122365551640551,0.05790899515354342,0.02358118758083571,2.949300020487489,-0.6603225375485854,-2.0055971288340557,5.265232144879975,6.354949824367898,0.03146748990721397,0.012615309558319217,4.98235140778416,-1.68296391903966,-0.2578302465562364,5.397865965958902,6.338190585591589,0.031385384476840555,0.012551826265631259,5.093635142272974,-1.7703693824075977,-0.2908193467356226,4.1002189064713885,6.270643800313324,0.057080018826402235,0.02340819464578959,3.4289511637843795,-2.0628383930791916,0.8937487126735536
68,1548266189.40330,262197,3153,0.015052074340796306,5.863030148001241,3.5344876621209784,0.023298813190327387,0.009185133990221684,-3.9457148782211298,0.4462713220798801,4.313617799857208,5.96199882352937,3.4661409066899025,0.05375208204288586,0.022076262918381863,-3.9941015629386443,2.431367548689948,3.698788250207641,5.870019420041804,3.5391372464259976,0.023687684745944113,0.009386016030392953,-3.935629395852669,0.44456239888578364,4.332471987637681,5.850113972935796,3.5287877980797173,0.023365265680722388,0.00920815652068075,-3.940176118220812,0.43720326193598846,4.300548526788289,9.033223248465589,5.283235389077018,0.035363461752692824,0.013104461538067705,-6.287586783666162,4.549519441719823,4.622472016562045
71,1548266189.50341,265090,4193,0.024021695436282138,5.8375523416365915,2.5323647145464356,0.043518257349012573,0.017350260532341035,1.0333421876449516,-3.30868579844109,4.697001123246007,4.716944864888999,3.742221474905073,0.09788285400103384,0.03941500431489199,-4.265887769415746,-1.054255236079954,1.7147350507731072,5.787749352936451,2.5221305895982344,0.04411352320955576,0.01768073434102057,1.0229766601604815,-3.1972545030859933,4.714777297781896,5.846187285822862,2.5555099601166162,0.04375044462060825,0.017455706486533502,0.9875196092430334,-3.3062953189457014,4.690310097879987,6.8497632969102105,2.460115217151222,0.0693227300486678,0.02726847010989894,4.318418956408592,0.022922208136467552,5.316953029038654
73,1548266189.57015,264249,638,0.01599156508639353,4.077367412590274,3.774607784725191,0.034836008330363204,0.013191522144407648,-0.3280857569869174,-3.8744911343471484,1.2270302372724053,3.6136559306256766,3.5558588042976744,0.07354632415238839,0.028460597740665783,-2.6268687154374395,-2.334571620360615,-0.8413354183730734,3.9509400639283445,3.8135587637603865,0.034887472794189564,0.01321913611649812,-0.40345574102112675,-3.756122040209367,1.1570212067393697,4.080069343616859,3.785912443230054,0.03486741624017155,0.013205899169171222,-0.34362968629801943,-3.8709768853813857,1.2385936433289324,6.13194586933758,5.518014947980857,0.051656096187813666,0.02062495166844796,-4.383719602789507,-4.070051092033315,1.3484979409860574
75,1548266189.63690,265133,506,0.012960050422595236,5.0937985632654055,5.440573272968365,0.026569207974342906,0.010133297065467077,0.8722282551415578,4.818219638084821,-1.4038380224339304,4.319132663107678,4.053490367581499,0.05058136411370418,0.0200062802445264,0.7022360922999807,3.2379190074315343,-2.770857616967798,4.995544886172052,5.427905926322081,0.026686242504045825,0.01019396164656311,0.9132417347259815,4.733630650029599,-1.3092742695152833,5.094393033118603,5.441459856333532,0.026575385483690907,0.010135235806963253,0.8718291097146826,4.818939521098551,-1.404659707774864,6.034243579693867,5.499013200147799,0.03695314773726942,0.013426268850647636,2.030521100339345,5.434953429025087,-1.658421196343622
78,1548266189.73701,266299,77551,0.028455897010467142,5.623716179391487,3.5145331972937113,0.06471120895498823,0.025259743718399775,0.5263174720421713,1.5755677615277153,-5.372779524027323,5.656639473855853,3.059871319135919,0.13221046008814824,0.051527652355517,-0.40708199630884456,1.0032028846767092,-5.55206613411996,4.838328124894268,3.7799463764429873,0.09070458735796891,0.03263465514304147,0.08185248790083653,3.005664993308528,-3.790606437282426,5.422310213834221,3.199044817435972,0.07530076888227888,0.029159682257470218,1.5796697569574263,2.2583985586613977,-4.457828879209698,7.079505166724001,5.955453391207515,0.0923951754031037,0.03531108654905859,-6.054719316420985,0.3871115910259904,-3.648275211812254
80,1548266189.80375,263949,2023,0.02642845262350958,7.227203488077503,3.383364972543786,0.049419416337205035,0.020089365901507124,-1.9997952108995256,3.0276699396395417,-6.250320320523265,6.308069631649053,2.5830389875084516,0.09854923978890247,0.04007520934494175,-0.24067531092268785,1.8761201806620893,-6.017806156744976,7.243905157801828,3.368399906170915,0.04962931872421204,0.020227100214610657,-1.964272101031891,3.113837907402076,-6.238574399232692,7.220261309627554,3.3529016501464626,0.04950684172443264,0.020128058240590614,-1.9335241700719061,3.0322381716706723,-6.259205682212288,4.738721698370088,4.063142661647787,0.08428006996877457,0.033966575322274005,-4.102664972342095,1.872834173464675,-1.4546874640360443
83,1548266189.90385,263980,2336,0.03623110122067103,5.704060869464752,3.2981642400027353,0.06172209241792928,0.025194014202976938,4.419447217312379,0.7696837641360604,-3.5231212864694568,4.5191414324121775,4.028246512166192,0.11233929594998947,0.046440883641463565,4.112652721785909,-0.33289100057528304,-1.8433421977124387,5.4961412401577965,3.3398365374404597,0.06211993782501763,0.025436701026290247,4.261364204303278,0.6466236973947457,-3.4103110479857293,5.600216993151412,3.289961123817216,0.062161144263279317,0.025422490954519913,4.30848008927585,0.7059868268428878,-3.491702236844014,7.430629814152826,4.8377460981618015,0.12784058524514574,0.05173884740647799,-2.829429171062018,0.461749015179097,-6.85531748702431
85,1548266189.97056,263860,2963,0.034227960401190374,7.003637270199579,3.5130444717461984,0.059164597467374715,0.02384247168387732,0.9295746409943202,-0.5016288314954065,-6.923524717567017,5.776765510970896,2.5824023775432488,0.11226759824755292,0.04538179443844673,0.8894098615564573,0.7390330583147263,-5.659840987662722,6.952225263652243,3.5620883542488992,0.0594818366607593,0.024035942517006702,0.7117160599030994,-0.44610767476824614,-6.901295842749633,7.026624079189862,3.519483230165605,0.05937886229606762,0.023934399592105898,0.9508329787948832,-0.499445256264782,-6.94382891803969,7.2281937970629775,5.708394571481701,0.12123172873882958,0.049516390999659834,-0.021837240365311376,-4.377641098397406,-5.75174470195391
87,1548266190.03732,265022,5003,0.031096163792968225,6.2725818255337344,3.7686310173720585,0.05800250301467813,0.02380547525393495,4.413500696533967,-0.4022679306861466,-4.438972276513088,4.422432280170446,3.3338583005010394,0.11300491499237511,0.046842692327747536,2.6347578190993453,-0.8420481388527903,-3.4506395695932923,6.064657246014565,3.819900797255144,0.05866286074421517,0.024131211209742195,3.9956934220928293,-0.49147648649790665,-4.535741664987187,6.16750076680867,3.7491870169641874,0.0586644299470081,0.024092800011898605,4.415439659499594,-0.37007185183803654,-4.416710855585807,6.228217331064352,3.8154719742437924,0.07581936521564994,0.03161151092126639,3.522622428292269,0.3406643763493597,-5.125014159331576
90,1548266190.13740,266061,1362,0.03840278401939359,6.284961095418371,3.704733215585136,0.07766976952300746,0.03185880867027579,3.7212683479406388,-0.857052202513064,-4.991829261473707,4.622262515374383,3.053975943237268,0.14283462781176734,0.05856690741400274,2.5425322427614265,-0.10919819854104663,-3.8586158540322537,6.212868853319914,3.740103473239873,0.0780941166997569,0.0321199102674266,3.641422001921678,-0.8859731212990751,-4.955283727578976,6.277992138920499,3.7177975142784936,0.07781527286645468,0.03190993637849598,3.6896341482415966,-0.8669120765319389,-4.989544704099803,6.534116441461863,5.414450122542885,0.14405856741015644,0.06001299581598095,2.075513096481879,-3.9160311176553964,-4.801210612175752
92,1548266190.20413,265473,994,0.035198660903940235,5.378419134829342,2.5918464381799695,0.059161197932638715,0.024369441862675076,4.623630516125875,0.18288568347902975,-2.7415298770989893,3.5227264721876823,2.472397788468321,0.11560953068194858,0.04786296762187628,3.2289638388610293,-0.18237657236801372,-1.3964716649581599,5.336325333259034,2.5729163034427165,0.05936514533132648,0.02448249097862409,4.569463059368695,0.3193333220735817,-2.7375904808536435,5.3670120409121616,2.591005041351048,0.059207618140201285,0.0243917602477787,4.608339794547498,0.1734300757025459,-2.7462225629879846,7.6804738475618155,4.465069568738311,0.12858555186989562,0.05109283071305571,4.000873961801012,-5.173614624445017,-4.0269588752050005
94,1548266190.27087,263990,1630,0.04096458058830608,7.868050218479849,2.675976263674938,0.07444073298620751,0.030116234497069867,5.335064688662636,-0.39130802900879275,-5.769764036313712,4.733619186564346,2.401853367292151,0.14016547771218785,0.05736876876294115,3.298810951233552,-0.21121555818723742,-3.3882716684780965,7.865542099546754,2.6464529967011177,0.07482808668157138,0.03036806635551221,5.320189793225278,-0.27682782013501267,-5.786682939457045,7.790698507540245,2.6768433700238514,0.0745560052172531,0.030169783057763626,5.258370088926945,-0.37889247181896957,-5.738458532671727,10.230189064599625,3.1657826645807274,0.09931322493823722,0.04175535287090075,8.50336386521977,-1.2317694774295576,-5.552685406864085
97,1548266190.37102,266303,4553,0.033508935409631346,7.245464651806662,2.012233826566261,0.05595138986411393,0.022898015155763476,6.394822689928808,1.4086818166380703,-3.101389418377638,5.909243008083442,1.8628086342658325,0.10210906799081186,0.041797521148093084,5.5317115553475755,1.1213668983540839,-1.7498161264238328,7.185825881407978,1.9847462408230376,0.05680855347239852,0.023405329217164123,6.331894305431799,1.4452800999480861,-3.0747965030953077,7.331199792781369,2.0501597172619483,0.05629043469119918,0.023044270300358334,6.496355091306185,1.3960844640144896,-3.1141910474644714,7.467910829744124,2.540432690105631,0.09301459678763892,0.03728353938550833,6.749258182737108,-0.9963982338005173,-3.0371691924298445
99,1548266190.43776,263261,1324,0.03665491907396673,5.885636665350974,3.281873707019533,0.06442506382242268,0.026925121014574862,4.312793195699037,-0.03623823907316914,-4.004899573982438,2.5442496601708693,2.3983837286891414,0.1195602348140813,0.04997220243117792,2.3688583313990237,0.9166741198463847,-0.14637314318164016,5.979988721882705,3.244614378596009,0.06456424849309057,0.027009323726959408,4.377102313744065,0.125022665021347,-4.072543404568165,5.883302395433539,3.2801555788946897,0.06451145979581968,0.02697114679068046,4.307618763084354,-0.03719399175402318,-4.005945228184863,8.279153644096626,5.444030927936457,0.10621470618739831,0.04563722679068596,3.7761039905095846,-3.6371515738365088,-6.407538696282266
101,1548266190.50446,265956,5712,0.03696786493811007,7.744641886415085,2.5008145996162,0.06444419390408757,0.026498792368000144,7.6398030938047015,0.3628756059409845,1.2170488615170993,4.970680718307218,2.18980513494126,0.11685088748561978,0.04785274086181143,4.2676219786077985,0.4785138993715195,2.5032167103874734,7.9341081705046435,2.610462006030479,0.06518212721423097,0.026827595847306977,7.839792669421518,0.04000758365523845,1.2190663456117703,7.872729340323868,2.5016368369412723,0.06571697806465995,0.02689073944379045,7.747811556725047,0.4407482105002367,1.2587779694353902,9.575611853056715,0.5741867087736808,0.11189194993445424,0.04768078975384568,8.299678533878232,4.413498112246349,1.8244760913421223
104,1548266190.60456,265246,827,0.03980944575167501,8.492782245992712,2.981745466751581,0.0663947927821556,0.02748515013951703,7.934229947612842,0.16858358271864174,-3.024388366577662,4.4546508719452245,2.127600087410438,0.12080386518553217,0.050017174249680295,4.224069067155531,1.3381628384903512,0.45877567994129637,8.6238766990953,3.047326815037988,0.06658163035736768,0.027580893031792206,8.07767337961333,0.12881836619462061,-3.0175897537630827,8.483262493323005,2.9789850289391557,0.06647759970198258,0.02752878512587012,7.921588132803773,0.1725179277193185,-3.0284125610362502,5.271488849874837,2.9106907392866956,0.11900287730143214,0.0497387953398824,4.128605240232192,0.8880328071524876,-3.155092898490136
106,1548266190.67133,265618,1571,0.034774498230808505,7.221229970042677,1.9128020380021618,0.058398599633425315,0.02423013291987886,6.775224534592686,1.504120900958672,1.995022581675495,5.744780646455939,1.9821341997085926,0.11057133683777368,0.04529204664585319,4.135074875306098,1.5245642746931267,3.6850188905671013,7.037812959789467,1.9673870254926302,0.05881915108259882,0.024484126339988872,6.6030818781711424,1.314000546437043,2.050249626536141,7.227929395094158,1.913825914383944,0.05861649103724134,0.02430712173095364,6.781764799947917,1.5113522387940204,2.0045059007338377,9.489869949478763,2.1957194971381093,0.09196181979421399,0.0391635972636455,9.058027707844435,1.808725391247943,2.1767586363668205
111,1548266190.83818,264218,1220,0.026229077350158333,11.926364375951133,4.262956451438228,0.04973282836130705,0.020882330950228952,11.834143055990317,0.7880784764290304,1.2530593255316154,7.481296113278033,3.7121288330973408,0.09216607491315316,0.03842102787149157,6.825086839015357,1.3908203664733505,2.730128180626559,11.824399433505786,4.290375759822809,0.04991239269552323,0.020965523314530513,11.735879136038188,0.8158207748955946,1.1916372479258306,11.9272619029094,4.257386621647118,0.049801298778705164,0.02091908260968514,11.835199222703512,0.7902905731923745,1.245558921214057,10.88395055472274,3.7181151081940826,0.071088914078521,0.029817775499628576,10.251621701900698,3.406806132502905,1.3260106086712415
113,1548266190.90492,264011,5943,0.03365326389434736,8.355432738415447,1.2467662507244084,0.0553111642912837,0.023090986615684622,7.74405271277508,-0.9938827388267572,-2.975752161959694,4.751794223900311,2.7509936781006883,0.09877815703211247,0.04121381985527204,2.383516563253625,3.3754779226813967,-2.346176875787176,8.560602269169419,1.3750531633695873,0.055943925518753254,0.02333195802735379,8.074346411860045,-0.9463043021274801,-2.682042020544497,8.330980931285268,1.2290237582589145,0.05583388323047686,0.02326293357026259,7.691837681988232,-1.0081539464762153,-3.0012899018705004,9.792400569120915,1.3039173544137697,0.0789630231334703,0.03378312496835591,8.315476106729898,-3.6110683614310077,-3.7019118457353613
115,1548266190.97166,263681,1312,0.03471301092769994,7.7266651672672815,1.6170601741132322,0.06269059607060865,0.026273337728247543,5.125322150000326,-4.237125654299601,-3.934360641254656,3.5265871976993153,3.2702977928227366,0.11156319925385896,0.04684729362687018,-0.6304954773595616,1.4469536581534923,-3.1536673615272224,7.871718374866507,1.5696630442888622,0.06300848276671882,0.026418947167626047,5.302817386185221,-4.302830361688023,-3.915319759677169,7.684762075722247,1.6199748746555753,0.06288344341466792,0.02634354672421957,5.0868996159311,-4.216395302359555,-3.94193764753335,7.102135528927341,2.0771547832760042,0.09909203990932078,0.04519179607309179,4.926076363660701,-3.45441531199462,-3.7737402643653835
118,1548266191.07176,265853,12761,0.030157637360009433,11.243602997200938,5.496056097082208,0.06407035012567323,0.02654497804402275,11.150656168420412,-0.0971181928336742,-1.4394594224758355,6.773576801877641,4.960548379367839,0.11589557716039121,0.04791410916219895,6.504190416236584,1.8909754419181128,0.03258217816073912,12.279386652112079,5.590407511429733,0.06774028841317284,0.02784639851610209,12.016615744474358,-0.6204795565488151,-2.4493443452533037,11.519861004991114,5.429732757254609,0.06494345189406087,0.02697958644223375,11.451593919944148,0.0974150604459951,-1.2725818530866386,14.508970482745719,5.424317547500502,0.10423085607684275,0.04258469864525562,14.425345937690668,-1.4114033064781961,-0.6538805346546456
120,1548266191.13845,266131,4569,0.04769272348902929,3.9531032149530487,5.301964846735859,0.10490728971375594,0.043076134728580164,1.9760918664492624,2.8206635805152365,1.9406037537272172,3.52002408712196,5.187859987599008,0.17517537595438418,0.07165129261258991,2.2676218068157112,-1.8854736574816477,1.9218350611109738,3.548407776367979,5.6200713037532095,0.10652627729988451,0.04378576816152962,1.1649739797055678,2.7878317066863327,1.860652506297746,4.025224235206844,5.229023907860628,0.10585056178755153,0.043457188609087684,2.169468030791517,2.8877393692950544,1.8580004613142387,6.452494560753134,5.466297106780964,0.17501058380443804,0.07032526878252911,5.760721330981217,2.198077747897965,1.9019016845049037
122,1548266191.20519,266321,4549,0.054592543182780236,5.676047669155389,6.339204886780035,0.11381779437318362,0.04777385488684944,-4.854594138792325,2.866197124570223,0.6598082548990346,2.8391616696347732,5.471205492611961,0.1866371682518317,0.07812577256678942,-1.422517297229417,-1.4882506413607333,1.9550942570361651,6.365907849433344,6.6587119723928865,0.11492550548102223,0.04813426830325188,-5.430225726611652,3.0264170783453497,1.3704856706371014,5.758787008567777,6.3573867314840395,0.11462881587945492,0.0481958528013312,-4.887746747618406,2.7872678731901193,0.7947009011038001,6.732677132135211,7.138976427205787,0.18472515965242475,0.07696567980288797,-6.131084632592668,0.8735591811094118,-2.6411431143847337
125,1548266191.30528,267090,57600,0.05512639036608825,2.955769900143065,7.155434867460831,0.1278016132948109,0.05380941495005828,-2.5694658205514,0.47491794463659914,-1.381620080004635,4.783023050247859,5.814742669621155,0.19923558368805985,0.08434800004279208,1.7360605600085652,-4.319025885182478,-1.0997357111182609,2.1149342782933074,6.728934094612378,0.14810320056907017,0.06462117773374808,-1.7555125655727364,-0.6389665684978807,0.991385070473782,4.271818789060067,6.541486054601396,0.14404020872737827,0.061066702653570885,-0.49097421808889263,-1.5363300701944589,-2.1954314148358502,5.823485097888214,5.881860421416681,0.2983375540779376,0.12394800128988427,4.362330516772042,-2.580453891793061,2.867805582687834
127,1548266191.37202,267356,4961,0.04678341160667061,7.718865926679833,6.797279911041519,0.11924836756868788,0.050148229533824924,6.4391914852673,4.0903728720471335,-1.1775202663822446,6.112777506277199,6.160915796218935,0.1924315798103275,0.08129581583851817,5.458203494927782,2.179103528713153,1.6809435625137819,6.258730582197582,7.4325215228638735,0.121299379138013,0.05105281812961115,4.593537290966203,4.241103910378205,-0.29010563319738975,7.580361082160437,6.830855472263014,0.12055406805602611,0.050554434471004855,6.278198144993071,4.136371141682758,-1.5244612147224426,7.84523144280974,7.4009607370908395,0.17629113961968274,0.08034422179874724,5.190457674039697,5.5029348751107525,2.07954641341395
129,1548266191.43878,266598,4661,0.04415292786820257,5.073640909282109,6.682035738707544,0.10796975767743652,0.04548961015375104,2.039605622575365,3.227240237088812,-3.3416704554481274,4.658580418158117,5.672894347959416,0.17651148017245424,0.07487488738787294,2.155871234094883,4.129678932529725,-0.01851077169129857,4.423033090908168,7.315744490547772,0.1099888834395024,0.046278299590670875,0.35870242498038707,3.808548888740074,-2.22024990837937,5.0728695833288775,6.718935823018551,0.10922199084706788,0.0459819389807013,1.9495505150751677,3.24497020017002,-3.282302967217186,4.683157472686807,5.758349186889254,0.19082015576982903,0.08045010400728816,4.287001902081669,1.3271825212340282,-1.338717730091491
132,1548266191.53889,266093,527,0.05311790081083655,6.523725034481431,7.103546119982309,0.11883743334973035,0.04985486210382316,-4.406456301731443,4.810545798631166,-0.027933952871676576,2.3050674352344696,4.828463521535125,0.19362435352969048,0.08165482893876147,0.278259656280967,1.8243367222462537,1.381196209279699,6.62885230946532,7.145093179922277,0.11888409951758891,0.04987341792490616,-4.478532420083188,4.8871545508746514,0.012275945288088789,6.525374080261193,7.1019683634957245,0.11886976086363603,0.04987224205182762,-4.4015785272021875,4.802310203099459,-0.02243520506174216,3.690363087365642,4.871860807969414,0.22355890311234192,0.09344640763349676,2.233349876297559,-1.7320998314472948,2.372921874089579
134,1548266191.60563,266660,713,0.043230339640523384,6.292407041629245,7.271007428093004,0.10818021348619032,0.04559496441300488,-2.0237748690217714,3.288791347469941,-4.9681559083696305,3.8176882295810404,5.671879621919045,0.17694207827899136,0.07500473702511257,-0.8319928329942453,3.348415359404667,-1.6342111017340275,6.38448554382759,7.303577382075105,0.10833508857441072,0.04565031104823485,-2.1711871939739704,3.2293130809025286,-5.0615352269423886,6.284689231139448,7.274070910122532,0.10823478596723957,0.04561909247501482,-2.03281727383573,3.27391442275612,-4.954620803841994,10.67153055470503,8.923214223304422,0.1952158660300134,0.08440316121070686,-7.945200232719463,4.0669932974437994,-5.84935237103603
139,1548266191.77249,267238,2779,0.06709954255918478,8.468860808612321,4.543024597047278,0.1570385770595646,0.06626663211043664,-2.0256544504157543,-6.317734005875888,-5.263512560463781,7.719774189763262,3.0020991264726056,0.2299639378571368,0.09728581100995999,0.3892382094790653,-6.0554048667675096,-4.7723661905542105,9.05793284096241,5.07824721757941,0.15861683127572324,0.06690889170988551,-3.2593512095211956,-6.410622403370413,-5.5069680810572565,8.422750922834911,4.511540120852309,0.1582488134563949,0.06680525387139233,-1.9367029857057536,-6.255476338263287,-5.258959584210869,15.851053006902067,8.174769372590053,0.2860313739275957,0.12259762975031911,-12.315881368841437,-7.4455791405201985,-6.643666066148564
146,1548266192.00608,266373,2567,0.03276356559115499,3.519617948787359,4.633246246438613,0.07440240689513365,0.03140249096695091,0.5142048928144384,0.7789059078309668,-3.39361303338755,5.5516709577187004,4.938056272309562,0.14252797102571443,0.059340930198723385,-4.29037918375023,1.8412527972571702,-3.0039116197073157,3.477667849084492,4.781857319560653,0.07474226263854308,0.03158673526918362,0.06489885489228338,0.7223487830831203,-3.4012018526938332,3.5161384313361372,4.6460257851972,0.07481682520953867,0.031560879649991436,0.5160080854692196,0.760905696022822,-3.3844040237108883,3.998248331253029,5.232970767520155,0.11207810411643127,0.047668177714910574,1.5431736731639436,3.3195605944416506,-1.607831518739302
150,1548266192.13959,265771,802,0.04304276792535078,4.1779012661341834,2.4478613508967673,0.09125099183574274,0.03858047736036849,3.5225549792148154,-2.16739343701376,0.5906531106869819,1.3661158281922294,3.246879847858829,0.16128793352127682,0.06762735465342251,-0.5809873365350121,-0.45613656929822816,-1.1492021584439076,4.143008017393037,2.40893328235064,0.09160715253896627,0.03877640283283095,3.492695367029384,-2.1834507652702597,0.44512611803305363,4.180559253905711,2.4472569803118343,0.09130456786464909,0.03860667428694298,3.5213608839024273,-2.1698341936679584,0.6001652645804048,6.521617580500253,3.5766861803747707,0.16332562871699585,0.06778730134391187,5.666913085913452,1.9340677612784083,-2.583984101688007
155,1548266192.30640,265916,1027,0.06349362947526013,5.270457742307144,4.541955496654164,0.12499307927168468,0.05296031418049858,0.6492508271409143,5.225598533377911,0.2220768895242714,4.40486807854134,4.304351713715414,0.21460668190984825,0.08941611153339585,0.9005376785143112,4.108758688320689,-1.3076684289519978,5.147771170286576,4.497724643451501,0.1254223893331065,0.0532052969365296,0.6006449982542709,5.107581599988571,0.2266799663929982,5.249449600366615,4.537845962805758,0.12530830862420558,0.05310278223921014,0.5948624855777026,5.206308059363163,0.2437031797940923,13.535100769338024,7.577577852050209,0.229391574248325,0.09264610383872374,2.4486789101118385,13.298153249367886,0.6017014106968823
158,1548266192.40651,265772,2134,0.03366016614264514,5.276326651461497,4.748002203270218,0.06353037009797813,0.026783677340910285,0.70009696635271,4.50072634020093,-2.663259202790478,4.8889932359486385,4.256977949338348,0.1306437562533314,0.053842981427621645,-2.195998767112003,3.19182211276084,-2.9819651031635215,4.961382416572441,4.7807975160321705,0.064155137780155,0.02708261740191018,0.12032624072546505,4.164983775467293,-2.6932781567007296,5.242601001770074,4.7585411872766805,0.06393290646943794,0.026982972676572698,0.6298287481122115,4.460865923641698,-2.71746499409234,2.3440991148785293,4.036809648359062,0.13149643172766431,0.053341575819301275,-1.8182998901125287,-0.03174580057451401,-1.479046440831711
160,1548266192.47325,266302,618,0.03955032110605605,2.9296488491792148,4.07730030181544,0.08770685993574236,0.036148593105438054,-0.5883665296324616,-1.7599066516337514,-2.2670235516731245,4.409788946418129,3.903365955472541,0.16170495198444532,0.065751023712406,-3.121218561565983,-2.1280190535768404,-2.275031461431118,2.860371632936081,4.05428647287551,0.08785181812091862,0.036221368888355726,-0.47859428277994265,-1.70864823064516,-2.2434782403466587,2.9296991547088096,4.075220612323864,0.08773797835303276,0.03616076475325489,-0.588286554631714,-1.7646594858394464,-2.2657981813020873,2.8500992951076918,3.9467186438056228,0.11277287565302883,0.04810181386374006,1.45636441108373,-1.6397886003644455,-1.820209339668631
162,1548266192.53998,266736,617,0.04037012385276429,3.7020176872604,5.379431306212112,0.09065355130373692,0.03740812423902314,-3.6641053817183273,-0.49837090259080713,-0.1757644785002094,2.4978575644655248,3.9802566021698182,0.1656390592158737,0.06750843716331914,-2.4419963789735033,-0.40859622186283334,-0.3301442486510395,3.522111595365366,5.33611797343957,0.09092221005921043,0.03750127322150294,-3.489343042168654,-0.4674286932667886,-0.10613972388916967,3.6968309746985915,5.377729638929301,0.09069701935444396,0.0374232787263329,-3.6588793650883664,-0.49481274096337985,-0.17534144677669744,6.296197467693812,2.0430736492750627,0.13983071136610006,0.05486790743892038,3.7704073306764494,-5.03838230064573,-0.20207648431993253
165,1548266192.64011,265917,12121,0.028424087372786976,3.774202319224378,6.444920242162771,0.07195088299031689,0.029544927495812782,-1.4115625171646495,-1.9039164938570274,-2.9372089457499677,1.47000246404378,4.066365564224099,0.13052710140550847,0.05299613765448707,-0.4334239056395359,-0.4995046284573301,-1.3128389423172442,4.494152930530802,5.860205965067058,0.09147234793404076,0.03602691397181778,-0.3615942569535695,-3.544522946987841,-2.739163601286609,4.077448222774292,6.461277476237957,0.07247035401669855,0.029767929800010022,-1.6403945014561634,-2.209750469357836,-3.016459939883063,5.560745038859565,5.800221510998989,0.10741654748855033,0.04465621828003084,-1.4869671406454865,-3.5318194709001314,-4.029524207001686
167,1548266192.70685,268194,46013,0.0333562060527154,6.578693931549131,5.743814473182833,0.09267803232315658,0.037314307610327606,-6.131422443484564,-1.938076122993989,1.3887885389848669,2.5817438168295626,4.350552889275731,0.1546413544471987,0.06231967441576813,-1.920324801242439,1.3292870718549092,1.1003407081764565,7.148243566647683,6.461839529075322,0.11598550021741413,0.0452231696702872,-6.974499846306834,0.35845651862182304,1.5248760297950317,6.968343330288652,6.213720973331203,0.10459725546825538,0.042778852277171174,-5.3398635839575554,-3.2777966547504622,0.8402023937316118,7.895596771398405,5.127102515621213,0.14716914189401595,0.05753280590738985,-7.0629489940035635,-3.482884914643711,0.5698355516885929
169,1548266192.77359,267959,49446,0.04647214271846409,12.72507178902046,9.9056965711345,0.13076710710331588,0.05156093362153144,-11.590970330263193,-4.9673167690415605,-1.703708588544775,11.303979042435637,7.699961330410569,0.22811919156167276,0.08876839278211442,-10.928383274758595,-1.9123714439608674,-2.1663833114487687,14.226933175763588,10.964638580319027,0.17468183435950743,0.0659522394002261,-13.666831366300647,-3.549392625739574,-1.739298703813963,12.456691743111174,9.995056969240157,0.1476871980049585,0.058412228538081465,-11.686807451431811,-4.537434427502009,-2.1896295680630495,4.224323414234334,6.5662947828132845,0.1823963925586955,0.07389149069118107,-3.2480174745529182,-2.271080432943027,-1.4620138371953295
172,1548266192.87369,268263,2980,0.042683432042847656,12.387072285594165,8.042739600146293,0.10599621835251297,0.04186855715925238,-11.582994488223607,-3.2492436914614244,-2.952323479535186,8.853520737359512,6.120621242437485,0.2044473958689546,0.07921059510655257,-8.393760669774913,0.1636567886302137,-2.81119684848464,12.159072482792679,8.074501725614667,0.10690393305015841,0.04212496723314547,-11.506694539941048,-2.9103329280335934,-2.639883833485945,12.201299919947779,7.977390003426606,0.10674403330983047,0.04214461438629036,-11.397062121985403,-3.3093573837886234,-2.9455861322403916,7.989146985758632,6.297951008555904,0.12844718462387195,0.05232832128578356,-7.711377788699752,-1.1940618517523132,-1.713282946332619
174,1548266192.94042,268095,4367,0.03430854875488639,9.936036655357578,6.166106914898476,0.07644444805076235,0.03022106780859286,-8.374082486262337,-3.7958508954618817,-3.767105375391696,4.6526646122038215,4.418513944631423,0.15628640677226496,0.06050662228438808,-3.233508166844007,1.6715032271101282,-2.8978940440201173,9.56790586707674,6.100200267689185,0.07807634322741262,0.031001175180924066,-8.118424310453193,-3.149729998729216,-3.9642414573016813,9.947377730338289,6.17981388850194,0.0768138151379538,0.030429037332546763,-8.387512097972813,-3.808241738644912,-3.765726675880364,14.571625544113953,7.913204598630754,0.08730213854159126,0.035496722696459565,-11.53706164805617,-7.842074953474461,-4.210741021591594
176,1548266193.00713,267555,855,0.053679191914395935,9.28333995900928,5.318615954516726,0.11413532120330254,0.04564457490068958,-3.665691171598018,8.416515885824962,-1.3803511772961494,9.097281410684769,5.452114470381222,0.21536074747683592,0.08394817378044578,-0.6956248301033885,8.658022240601213,-2.704678546923652,9.14642097619065,5.2336043853772765,0.11418640522070142,0.045672055310358436,-3.643162647218588,8.25154841225334,-1.5153651044718417,9.302540086526882,5.331603767064793,0.11418117855431002,0.04567471421840141,-3.6702441197682867,8.436258070602035,-1.3754694663830431,7.146443413994576,4.272081871182535,0.13483267781972436,0.05463805012631178,-4.422072548443704,5.121625191152603,-2.299104879529885
179,1548266193.10724,268997,1093,0.017970235385952205,6.36781541207156,4.033659276606301,0.03660251842817445,0.015031643109441993,5.739641912571103,-1.5186151520483533,2.3020408027753057,4.507082848534759,1.682760990222883,0.08446609494678388,0.03398673862139176,4.470298800939911,0.2544113039535843,0.5152662634910534,6.555362460709731,3.9287217108611663,0.036898040183385446,0.015187619803646846,5.930053104566283,-1.3445715214531686,2.449362078583572,6.458359526112519,4.047456385645278,0.036678091952236355,0.015067631204438577,5.802945800333541,-1.5536196813734033,2.317978588722325,6.441482791465761,4.088276458498844,0.04925804961469487,0.02143982191304668,5.608284964748571,-1.4687143494419628,2.8076179345965016
186,1548266193.34082,268626,1826,0.02023365606533666,5.7369281676186885,0.8196160678809798,0.03437620385054379,0.014347049723833945,3.7984594384682175,3.696082663324342,2.196138347327342,1.5098718002437828,2.2450153617569937,0.07914559364866877,0.03253337759673605,-0.5107147664641989,-0.12783068172143558,1.4151122207434481,5.609256512215703,0.8739639971627472,0.03452887634113061,0.014400917426125886,3.7949257637556166,3.5679578036156303,2.08133951556118,5.725416940696206,0.815301696067211,0.03444183372508537,0.014376563537981599,3.771442618778827,3.7001667967940444,2.1931101697047257,6.460660049007539,1.6564068031107042,0.042804827525371174,0.017962566319956276,5.684599171359926,2.9861977185759,0.7127999125899526
188,1548266193.40755,268816,1007,0.01872613710872118,7.1971746131212235,2.9662097659361635,0.03494979384112608,0.014709474795229879,6.4773407644736825,-0.6068070811721687,3.078175465902398,5.597666711093944,4.207152568510066,0.07996325106614331,0.03329051022974162,2.6205784850082727,-4.709912096145764,1.5110159029543149,7.265411250153428,3.03429418506404,0.035491001405550684,0.01489853705758302,6.648220756448095,-0.795172331012173,2.820472012160622,7.210909241718275,2.9617878867368503,0.035041448216971825,0.014753439260086394,6.4970279234093615,-0.5944139364231471,3.0757218658788448,7.6062848124712055,2.418758915036014,0.04806067312533808,0.020224394048280216,6.91804314261295,1.0450293613625448,2.9839841419260673
190,1548266193.47430,268514,4689,0.0299541260738437,8.794038495485166,3.268274464116039,0.05094127941888224,0.021078451554231773,-0.37118257514519115,8.381301858960343,2.636496862310193,5.907349552603281,3.535051474864255,0.11385345928828972,0.04632820242359627,-4.570622272350775,3.3752300677062257,1.6167908863501976,8.840831327296085,3.255586966250344,0.051710217114218075,0.02142386378798393,-0.40216304982265133,8.489556571572876,2.434336184079959,8.756633625963968,3.264840205168753,0.05127742491355573,0.021244179390528303,-0.47067279694650954,8.32878365363263,2.6083230256929673,7.124799394396946,5.314666371326163,0.0765120306062591,0.031444439699738404,-6.179683241508715,2.83034721202823,2.1362153693809645
193,1548266193.57440,268697,3998,0.020020546153324145,5.543547813756112,2.8952705108849393,0.03613737803479895,0.015535642606399912,5.14182433440846,1.1212709061960493,1.7422159545829694,3.8107889922565823,4.134470829824083,0.07996897628622548,0.033623405878881844,0.9809763164510723,-3.67072350001196,0.2925528952616452,5.743032789802197,3.1164887504305994,0.036493679418877926,0.01576749265666708,5.376344123375138,0.7881693297255155,1.8590692831287514,5.641763381162647,2.8835606010968213,0.036341912386098324,0.01563881153324491,5.2199618524171125,1.1803947762595706,1.7852903601727368,4.07645021011235,2.755459660981373,0.05416081214050716,0.022170307402263202,3.6811379207170734,0.6024429029646067,1.6443030355902706
195,1548266193.64114,269334,3427,0.03256363723572309,8.610469157040999,2.1465011114325043,0.06220838177670251,0.026656661717222797,4.513707544356883,7.284756212017044,-0.8360324394718099,3.644014664694999,3.9088060268111895,0.139467032242737,0.05971799236762801,-3.4538941388893263,1.0828374140225907,-0.4206201239254187,8.573094933114314,2.065922492106984,0.06318957988901212,0.02700011914036191,4.616408030137189,7.117141140898949,-1.2381581530639878,8.661871052591623,2.1431847572249594,0.06252973634669776,0.026795240149493936,4.576856737906004,7.307608583541088,-0.7609543734325117,4.905358208631427,6.442384289164148,0.0902933012671143,0.04149968752774536,-2.6536059558540215,-1.994596815628026,3.61143989692897
197,1548266193.70788,268639,4844,0.03230169183539929,8.096948903329855,2.0035522321352097,0.0523049732566276,0.02268429797836806,2.894366731806787,7.1950981670567495,2.326754205188259,3.46847064293258,3.0345201754406346,0.11143569163287087,0.04841034185895589,-2.701427170383542,1.500876971586146,1.574785115551044,8.389912570468578,2.0252286288239336,0.053311255994163295,0.023141641411226967,2.9158600714116365,7.548198695659748,2.2165489922161608,8.278500389648435,1.993243635338675,0.05283173664465667,0.022867972953286242,3.0087679383559722,7.323024921392914,2.335053953621337,4.8025662997829075,2.7834845111621846,0.07111811661126555,0.03094180274769005,1.1563985574699398,3.6650547004685317,2.880062409508767
200,1548266193.80799,268914,2705,0.03182049651546706,8.745938107648145,3.0200143121427665,0.05176844134960778,0.022840777752806095,0.09370966836343844,8.343580760176476,2.6205556623128956,5.390007743246573,3.7933742125357024,0.10756819137374075,0.04794103083971454,-4.932695536088969,1.7723219210929977,1.2568107369525512,8.582965436151982,2.983887612246658,0.05248314859112848,0.023089874507613822,0.1140498012745363,8.229564185069302,2.4348637836300946,8.803254674545897,3.012481780562686,0.05200201223732796,0.022939918183371627,0.14360495986340632,8.387189206568982,2.6392998613910867,4.134878734859199,4.149790621845542,0.07619528578945858,0.032713203463696834,-1.3915616302627367,3.546976574791555,1.6061555214397154
202,1548266193.87473,268644,1928,0.029162485920823693,2.20503781636182,3.375038956554879,0.05363947301810949,0.02396420842882111,1.294800506209031,1.512993877660974,0.946854237391875,5.2251356253448495,5.00993151622362,0.11936918160767535,0.053044119162894005,-4.321768744092936,-2.913797347715164,-0.3662543409672454,2.2808840385860654,3.324978549358677,0.053795626359023525,0.024078379734580907,1.3024643847860071,1.6145211140868576,0.9483354343313444,2.088887884587267,3.4085951140055393,0.05379924599995305,0.024063538667331116,1.1658182569642856,1.518834777871541,0.9062131176236032,6.258665046188214,6.819960620377235,0.074985487252453,0.035707229972335316,-1.4075658920356355,-5.674431814698673,2.233935988405121
204,1548266193.94146,269344,4139,0.030013852258740828,9.109957034516277,5.68501712910335,0.05449233132388343,0.024766224165604873,-6.46934241302532,6.201892800303382,1.635680777936032,8.853565395148005,5.960786989640761,0.11587632623632932,0.05255857738378838,-8.729042048836522,0.5680109440744858,1.366312073875424,9.32210261586031,5.509682925982147,0.05484555887348831,0.02500810626833602,-6.155043883984842,6.811400210799474,1.6192155925544018,9.121335287327,5.627754865128775,0.05487133461642217,0.024996690948818654,-6.38246157321106,6.380037904667802,1.595991564461496,10.949340153686087,4.755305000499954,0.07768778850344148,0.03553129747607756,-4.636974319010737,8.380320078890005,5.30629384234518
207,1548266194.04156,268963,2592,0.025767652598059826,6.751044208039638,2.2743341203916057,0.039562201282112235,0.018577295590255734,2.2191774434191682,2.2172065433695187,5.977946513441259,4.414332365411555,3.5821357120960218,0.0839958713639158,0.03893537384245048,-1.1385127156717416,-2.5697501433894745,3.4038953023152034,6.758917080621348,2.297174395477915,0.03982135304080621,0.018774737003520243,2.185386038823716,2.2656099762487667,5.9811419812232725,6.763146974308158,2.2718354993595438,0.039669196123567604,0.01862367217789345,2.2051841823147162,2.2177552175965713,5.997656226563683,6.618418473705765,3.798705986488779,0.05993895634962448,0.029664835685318632,0.2607430927338699,-0.3306016684449045,6.605011632806015
209,1548266194.10829,268972,1009,0.019634905110284356,4.694853675482719,3.348017616920904,0.02889286372437097,0.01319149862213905,-0.5940771765557022,4.626546890220127,0.5327168244796412,3.599566970405597,2.116950210688186,0.06606684276322759,0.02965521206278504,1.8086125646585434,3.108515896863575,0.15143277168637082,4.690059450150353,3.3497363871616366,0.02893257829112159,0.013202484828656871,-0.5934964643873348,4.622179887897651,0.5290299392461845,4.685194630435499,3.3477655573524516,0.028916293450583372,0.013199741584499877,-0.5989421917361487,4.616308479776077,0.5276802880248009,4.181236059466137,3.4200929701907565,0.04008673379800105,0.01860542669583894,-1.2912572040624408,3.8562828269442484,-0.9718397895495089
214,1548266194.27512,268745,3513,0.024501403606840964,2.717894004650892,2.917675386978785,0.03152282686052937,0.01536298126810891,2.456062021241245,1.1428662737278865,0.22037206880403312,0.8215049667214307,2.5212459379018703,0.06967442379159985,0.03341768034246819,-0.07412152397549365,-0.7271665169334164,-0.3749736879868408,2.7521626600320777,2.8572355308224897,0.03161961958721123,0.015440603861225985,2.4260319339554193,1.2663941977753002,0.2915717725439567,2.71004020353596,2.9222224091802005,0.0317670223260013,0.015476706166158965,2.4692653307863486,1.0828936607795032,0.21412952126093643,4.269345678772344,3.0835477684660964,0.0458989156251358,0.022059115766939693,3.8083185566074684,1.6818076053969644,0.9463326448349028
218,1548266194.40862,267492,5603,0.03592766737645732,3.4235157656100035,3.849705349099568,0.04613444834086428,0.022327865975555715,3.031919158700769,-0.5081992294099675,1.5065390654445665,4.273231225937571,4.670677551589178,0.0969661949116967,0.04820704010310397,0.4347597991471761,-4.249902185004719,-0.09909815974848726,3.3729497985960117,3.8937286581327664,0.04643168192863173,0.0226112344084912,3.039066310941724,-0.4454893511062594,1.3937020985845088,3.4516911428413963,3.8543684353781664,0.04663771271193373,0.022581704930286352,3.0590968844505273,-0.5388910814802397,1.5050304749534917,4.336186146952889,4.189067435234315,0.06543380855996289,0.03300053839661371,3.64349654341795,-2.1164245723003456,1.023811637407432
221,1548266194.50873,269108,2492,0.024042008936192537,4.49832423872154,3.825615618153077,0.03732469381178306,0.017896466536457142,2.3279209767942626,1.215193471197444,3.6522609038827,3.599791505341976,4.769180864519176,0.07697466400627068,0.036647765981010764,0.5284751799212513,-2.741018735043478,2.272890045796343,4.551503166296708,3.7875441559538467,0.037483228913309956,0.01802181702114923,2.337642708967034,1.3463149639676995,3.6659301215133486,4.529114144970623,3.8173078998494847,0.03747357099131758,0.017948599165276753,2.3650188354012043,1.2335216311273118,3.6575953568614015,7.254699894184709,3.052975076660987,0.05114860975480854,0.02338984681001533,1.6862139370067637,4.757691608448432,5.210731587044868
223,1548266194.57546,268602,3389,0.02661253410698451,4.80154401031462,1.9155972789463427,0.04031481077869384,0.019670756012287276,1.0402632220859105,2.817027823417229,3.746602668265857,4.434827537955272,4.087153969125537,0.08618088616232143,0.043015800595550525,-1.931960805733327,-3.9816359712986715,-0.28600302197203165,4.750842540162958,1.8885221294013828,0.04049792381552695,0.01982768844625558,0.9675400136752688,2.8674792471713513,3.662230731453292,4.791133329380924,1.9297308163865816,0.04047983132350175,0.019762549291384622,1.052275941712182,2.8229571242115004,3.7348875014577114,2.9493476980820317,4.359077581352207,0.054964730176812394,0.029399978118415267,-2.626798890573532,-0.08760148022269884,1.338247142095298
225,1548266194.64219,268886,1995,0.021725614968851652,3.5305396715277326,4.0611285316830035,0.03154059254093663,0.015513093520302754,1.7340590971600227,-1.3485313366620544,2.76391256262353,4.107436624778509,4.11654032000669,0.07018937713375765,0.03400325726807207,-1.5387760100963206,-3.7007354958095484,0.8987551431725871,3.5409802153830205,4.024437590624013,0.031618255571691185,0.01556846566493162,1.7133228328562273,-1.2729353075039964,2.8253674909747932,3.58076314765162,4.042447889321634,0.03166111588402659,0.015547654302997716,1.7782674603034128,-1.2878409800969344,2.8370521491513188,3.738020037795937,4.152516661352014,0.04045945680613008,0.020188303158149776,2.977275731516144,-1.886205932551777,1.2453313621263336
228,1548266194.74229,268695,4003,0.031784069452729255,1.1303081741663805,2.7375979054929145,0.045389789972149513,0.02254240313815816,0.7611869521571637,-0.05703973335476369,0.8336290909462325,5.987126168642292,5.324713630756621,0.0972380697878186,0.048874066049787904,-2.270373981461708,-5.5399456416235555,-0.009166864196969389,1.1014060474036196,2.726373114196653,0.045784874964430906,0.022859964714127663,0.714300267968482,-0.031657176213579045,0.8377757645286723,1.3217398777835063,2.6881381152012507,0.04587506549237061,0.022781858764648527,0.8644333813500975,0.04527618456196099,0.983035199685719,11.521301064380419,7.002395299162104,0.06207605310757581,0.03225404956741498,-0.8369329901934628,-8.983551963525306,-7.164894661100037
230,1548266194.84240,268977,1831,0.022867646779859363,5.374915961222332,3.403835456800079,0.035338252492531086,0.01822771948770912,2.7455611676120615,-0.6259428300730592,4.578188619812797,5.207192571561015,4.701819776862385,0.07229917505783967,0.03745995395289671,-0.38420511865449136,-4.767873122191951,2.0578208850139226,5.308350967124381,3.3512146754970558,0.03550399311954902,0.018343184405211505,2.671222165810392,-0.5420014548852284,4.555150552282097,5.3906598248844375,3.3950466628908273,0.035469996167024495,0.01827764357926174,2.744406783701879,-0.5977265733182646,4.576849910420613,4.1152325443921285,2.713601172304902,0.047550839122279795,0.02723707568638063,2.629578033126978,0.18366997364976595,3.1601777802680115
232,1548266194.90914,268779,1531,0.02197240399682637,7.031366084093355,6.322227001545328,0.035956668918804585,0.017917584701936055,6.534749321857111,0.6786793548481116,2.505305299225881,5.700750794865913,5.825783917623949,0.07321045126356925,0.03665101630452617,4.270718471960761,-3.7589990510389004,0.35979090136651587,7.080802220198652,6.313723716433214,0.03599933546739285,0.017957239326166514,6.579064710905913,0.7166438261339126,2.5179533827588614,7.022316777623967,6.304750002290655,0.03603706353541547,0.01794726464524742,6.528899475738555,0.6702681183252772,2.497425874493815,11.740416679650032,9.302584847422295,0.07547036674314593,0.0348254507549722,9.436300229956867,-6.802664898595685,-1.5866228472245127
235,1548266195.00925,269605,1689,0.02029246032206418,2.6539907015738455,3.532097161545101,0.029129952078013256,0.014198083432082731,2.4127634854047453,1.1044562482612963,0.04914675182105599,2.0102476381437357,3.5746117455078643,0.058044026886033544,0.028286601664527886,1.1919418621803015,-1.564159841657106,-0.4168622717299342,2.6876618076533125,3.5253025646824154,0.02917052170185977,0.014231413933987943,2.442297010341791,1.1206409127604715,0.05362135993424514,2.6530154196886424,3.533645642457002,0.029147096174702153,0.014208427633342666,2.411317057955519,1.1117255627447675,0.046854293796866356,3.7342797608537497,4.043448355869313,0.0386027248498933,0.020561317139616238,2.197797272793361,-0.6363140088817062,-2.9512094066881964
237,1548266195.07598,268571,1671,0.024728059371850433,3.6670232653793104,3.2787316386049166,0.03799304372499065,0.018254701648957837,2.326492775852701,-1.4927497917582833,2.4096035051318987,5.058208921832029,4.2507666397059545,0.07680508123575135,0.03748614139188696,0.9169468481893294,-4.78340095069453,1.3651964398545218,3.6644702890297007,3.2776290267375323,0.03803082148633932,0.018282140132992463,2.3230375589554675,-1.4893654780853751,2.411146920357854,3.700487965276364,3.264619196301445,0.03815702137949502,0.018330839266224794,2.3851624112650796,-1.4687829983830507,2.4175958405825746,3.919132507477549,4.395673167465018,0.05191586524928813,0.026733072648800867,1.7743141021353521,-3.444895126552512,-0.5866060391656674
242,1548266195.24280,268719,2622,0.027382977045676868,4.756606532944577,4.275354945705845,0.038858145865528965,0.019382524140739266,-0.4821667708672477,4.687003012469201,0.6517849917166898,5.316141000740563,3.933566687335143,0.08393047050201952,0.041295671609146725,1.1592233057073118,5.153726022578776,0.5972139913416614,4.590526250335385,4.20039434463809,0.03902347216779509,0.019492676255820372,-0.5172581351389035,4.520741792268942,0.606851649321203,4.759450224187059,4.281576910639663,0.039110238413215634,0.019497740777242062,-0.48899944522173683,4.68233613344929,0.6124364589713004,6.493139753941594,4.305525055977852,0.052184000063324035,0.02735958112085135,-2.9228400667851027,4.900758497242558,3.098457028896355
244,1548266195.30953,269017,2634,0.03531852060062808,6.305580113442277,5.172809024151484,0.06717334714028782,0.03191974604974827,1.7404289831275719,5.763653721489744,1.8739112306845451,6.138505708101683,4.538447088249534,0.1284426253920825,0.06132356766470137,2.5561072129815865,5.566440636679195,0.4028732833869402,5.90744950248002,4.9373897857002715,0.06757572301801949,0.03216817437797585,1.9885433441256544,5.325964202223683,1.6055405038543369,6.271812922456104,5.1157876091114005,0.06782876085163088,0.03212201007100558,1.7665181162122974,5.618304892910928,1.8669989405999194,9.246009463170171,5.948017256558024,0.08534029571997222,0.04099770320353217,3.6953678002640125,7.171273234184679,4.517276614783592
247,1548266195.40964,268854,4829,0.036364912844414427,4.844307432089126,4.717243759413657,0.07146275431589608,0.03368948530110603,1.1126319191956546,4.683372534545639,-0.5434946289012313,5.885631088429318,4.493708289125625,0.1365591151583226,0.06454079835583236,2.7549568399207964,5.1932482976737875,-0.2846721587503827,4.714320733241789,4.657496252465586,0.0728202189404161,0.03466921762633166,0.2904096621578595,4.639363596941334,-0.7853582745310085,4.9372649567925855,4.741519617822907,0.07247217091504476,0.034118462407921796,1.1641984911697376,4.779276846461253,-0.4878022961763591,6.782850002741566,4.836131366761501,0.09414467062134847,0.048724971796931596,2.1329394870762703,5.39695977790773,3.511473830147139
249,1548266195.47638,268783,4163,0.027388527231812294,6.776953323184304,5.631699601658126,0.04565481005249247,0.021826394937463887,1.7320218973483736,6.520682445049693,-0.638668100460064,6.319089800758676,4.893506238160835,0.09578039058061262,0.04496947603639384,2.1058378062568095,5.934059120436218,-0.5322456190139839,6.686170892063195,5.58978659252457,0.04628187649189128,0.022242851367949703,1.6632710044046062,6.432569238606498,-0.7486412721146504,6.816506358965775,5.66765572788756,0.04610300705676086,0.022016027522544043,1.7143742392479693,6.582723229776971,-0.565957757593051,6.621171017795228,4.857540856365021,0.06882640644727053,0.03461257540287978,0.5372416023009767,5.711325913753972,3.306362565498667
251,1548266195.54311,268681,1838,0.02329393373068137,6.744504548169824,5.179151521658573,0.03885641481669696,0.017828473541388216,5.676771022108013,3.3524373439622677,-1.4225948888019413,8.204163023670409,5.313801413340581,0.08523215203491334,0.03892604566558295,6.85378372599292,4.508908873383654,-0.06066570528356514,6.703223146911027,5.138793931346043,0.03890770373542616,0.017863241080557226,5.672058791699186,3.267109701894291,-1.4446258396484344,6.684995849194248,5.1663907209745235,0.03901688126030098,0.017892554958474517,5.6110439962200305,3.363574061953183,-1.4268414820778883,7.421593056708961,5.439583021536569,0.053950161950061463,0.027541845006075094,5.249010588797649,5.101033439878074,1.2277577869133998
254,1548266195.64321,268942,5149,0.02086428907089951,3.9634464741979705,2.5195938798950883,0.03452445727806257,0.015766635118320337,1.5489963016001302,-0.38570805605752245,-3.6277744840265047,5.2927097072377665,4.0266756190192865,0.07302788051762336,0.03306786653973905,3.306386478688214,3.9959946839493536,-1.0548037658660205,4.027634637722985,2.4943422829169855,0.03519413848761015,0.016214453463807763,1.7442849989163816,-0.4766183833043039,-3.598908936641441,3.9735958147271546,2.5048234764853876,0.03497819081665947,0.015944720112449986,1.5576781627968068,-0.39735933008285607,-3.6333379610089347,3.2552706056123557,3.246555564293428,0.04527079244264213,0.023837539803963057,2.7953278968198396,1.1954382508457557,-1.1635532018087722
256,1548266195.70995,268132,2298,0.02670334115101754,6.835231501088487,5.284538763649303,0.04684950242799951,0.021124872850901782,3.812712747627367,4.984442562502657,-2.7090484526239265,9.309187171141609,5.825994302526376,0.0994804690436464,0.04449766937780428,6.253402329266696,6.8854051837403665,-0.38356296926405664,6.89982888630275,5.139123061085685,0.04728857578913321,0.021318509671190686,4.074147589418789,4.334414923820736,-3.4959701583467484,6.804421515658603,5.25090971726991,0.046988092181847144,0.021186292094045503,3.8166061490333796,4.929111446643538,-2.728946520628208,11.745558161605237,7.675428107644592,0.0844113110702916,0.0373617238150515,3.4447402430447895,11.223348842613502,0.35824843698921915
258,1548266195.77669,269444,4745,0.02726437078437791,6.694429031032674,3.2688804393915847,0.04430484651890484,0.01909820685663843,4.671151178627427,-3.502849413037371,-3.2750225506894477,5.572705093806667,3.953572961484443,0.08909403473319684,0.0387970016146269,5.182594060440674,1.0430815144780197,-1.762878844781475,6.775691996811654,3.1852772342782436,0.045430568250966086,0.01972112839861465,4.666348074197914,-3.732842401107826,-3.1939137894718552,6.666438627946405,3.258273971594301,0.044890251246992065,0.01932144166353008,4.6390319499043,-3.5261464582712643,-3.2913321913841997,6.157282731970914,4.192942121954705,0.061204315265195125,0.029348703390779038,5.5146490169970726,-0.7460504283047567,-2.6351822743762336
261,1548266195.87677,268665,2486,0.023773865118357686,6.811569887110977,3.1429932055276244,0.039962412665975285,0.017126273561962505,3.7244556201251453,-3.8591855837880296,-4.199119108884376,5.6296444726410515,3.666195351985307,0.08450529685731052,0.036358322667580684,4.955883100120568,0.586305852979877,-2.6054491039048986,6.57772899625097,3.135934054437341,0.04034512384871337,0.017238898711481068,3.6778589958245584,-3.681728420877022,-4.023027192284383,6.874098605880002,3.131879788184492,0.04023087707725129,0.01725047909633881,3.714831323346293,-3.926475343093644,-4.191042769738894,7.084190686472098,3.1640014446200877,0.05626347767227396,0.027745241272934516,4.2672385996226625,-4.047391668563882,-3.9490572415993315
263,1548266195.94350,268383,3064,0.023281829149533348,2.6840888680176644,2.262611718637431,0.03749252740492115,0.016018330648217075,0.7919779429756729,0.3636352618075949,-2.538675517986986,5.441841043558097,3.597901226985541,0.08035816914710155,0.0339610921797924,3.4971940305180507,4.12236486242706,-0.6239998375713877,2.72513806054538,2.239931602700887,0.03762977709298597,0.016114563900269524,0.7127427408042535,0.3184534905031683,-2.610931368085003,2.685641196667448,2.2583089405995223,0.0375920036168997,0.016062690506380903,0.8176570119126094,0.34471199996189306,-2.535266173572735,3.4359801733801145,3.384793244539629,0.04670266215953817,0.021003264775400918,0.025167890289595218,3.136722828361317,-1.4022468495941043
265,1548266196.01027,267372,1914,0.019012429852106893,7.999998693271523,6.6740744679829245,0.03740900195205461,0.015601691565728399,3.5740791814447648,7.061484626516598,-1.166778456511315,9.007477905427576,5.439444300757391,0.08683798699115394,0.0351867855973849,6.537331203731463,6.182604550762042,-0.416365126279098,7.908356446029717,6.596002165123624,0.03813492143721028,0.0157681600252351,3.6683593210060654,6.894709612311806,-1.244275263493918,8.000357880952752,6.673057486254043,0.037450136639946834,0.015614909332848436,3.578233059357117,7.058424303406714,-1.1648381272475747,9.623676645381508,7.642107722067089,0.048250895922841854,0.021722799380416196,1.5566937504096017,9.225727290215064,2.2534002549210346
270,1548266196.17712,266100,972,0.01926799199445889,5.934176167634439,3.3491594142273264,0.0284538764048833,0.012209019575038489,-1.135394903487603,5.805820964083716,-0.46665633464142725,4.028662224530005,2.3108468111232927,0.07091584309367176,0.028987385861987038,-1.0086882265316788,3.8683458621106026,-0.49856561464184923,5.988336421697992,3.3634749001875934,0.028537589653094803,0.012252531943270388,-1.0772771483958696,5.874875412685898,-0.43068077551415573,5.937961966386299,3.3501979894818654,0.028479386807269944,0.012224099820585067,-1.1379834131984494,5.810080602247174,-0.4671392889846664,8.077180683483027,4.306748108241413,0.04204512875890459,0.019164418280186345,-5.344178175652354,5.886322856567495,1.4254159564013194
272,1548266196.24386,266623,960,0.019975952604592333,3.0407477461038868,3.789055484821171,0.029063965777538996,0.012404074402883368,-2.5816118310602474,-0.9965311495045949,1.260298725395165,5.103858286822336,4.000861232128184,0.07148002008034898,0.02887580736361504,-3.791684607093154,-3.35401905687889,0.6504255671413174,3.039301317405335,3.785183570904198,0.029092540159441266,0.012419200287786175,-2.58211420442022,-0.9777589645833336,1.2704432850348202,3.0362325319557018,3.7847821321480515,0.029143361278457562,0.012433855458113716,-2.577365400544526,-0.9985899203398809,1.2374097358141907,3.993604806058772,4.315514783442695,0.042394461499072625,0.01696569843093809,-3.3223373574355555,-2.1855503365414752,-0.36650178281598633
275,1548266196.34394,267459,2179,0.022041420019322376,16.33388315406854,9.169524058199643,0.03878121862872613,0.016192864331611042,16.15434907425402,1.2526906921348764,2.0648270890684577,11.87478541564487,6.970417370452583,0.08253341965918116,0.03402709417235587,11.380011138444125,-3.3876991429274455,0.17137582533261447,16.44862529620583,9.070294979730456,0.03941274743984882,0.01638341212858699,16.124065752861494,1.844072115936806,2.677905107281748,16.336503195710037,9.175477711252753,0.03883874472073038,0.016221743480857413,16.16092430357307,1.2431010504069064,2.054711917213864,16.279852407804345,8.891361850000425,0.061874379509437236,0.02482604456798521,16.020561234253307,2.668998003361822,1.1187769292775285
277,1548266196.41068,267290,2540,0.03520511833154493,7.079599312717996,4.20204900021195,0.058594424311164336,0.02398362535698074,5.866069168893575,2.3615638564302297,3.1832334325958165,3.900043207856701,3.7871875621072237,0.1159009711503291,0.04809517522462257,2.4971341577758217,-2.9943728572727686,-0.0915926462470425,7.153079055037569,4.197204051709616,0.05903547780443143,0.024244102357696896,5.821637091699357,2.591665199169731,3.2493619428404585,7.102358243292912,4.190162510302981,0.058845549890458856,0.024075510573110498,5.857590377793281,2.3802984022910953,3.155063364421385,6.428314199657751,3.7429637174372163,0.07579985098941106,0.03155736508811789,5.06438970587201,1.564257634669864,3.6370700308017354
279,1548266196.47742,267165,3174,0.023619316097232262,5.574039559598742,4.305904943470106,0.04088498768873322,0.016904370222104243,-1.7728521449006063,5.271434514592227,0.3726800808453225,5.526421382010948,3.8620518011866785,0.08998741239550667,0.036734077586089056,-0.5841968640112613,5.472851835468336,-0.4979358418893704,5.394868015460735,4.213554937703409,0.04110406848827074,0.017045131088616647,-1.6079351054777973,5.149654039957379,-0.014452320367442378,5.555778948767704,4.296647366705741,0.041054274072641735,0.01697100508169376,-1.7769615542586026,5.22086720667145,0.37473537612043983,6.033524615645058,4.5864398257274255,0.05872064550708235,0.02493579473668274,-3.047472168465152,5.115324841099218,0.9745688482905758
282,1548266196.57753,265531,659,0.02927970395718583,21.28912212075501,10.27485373798935,0.059702937786677256,0.024453555155296,20.991027817166962,1.4194257458791417,3.2540286420495206,12.948104576480885,6.720841211991782,0.12436654730649664,0.04928749472812476,11.885552317417641,-5.135125944649503,0.1324377816220183,21.172065432810108,10.266850026329442,0.05991380969332558,0.024568527956743077,20.896091658978364,1.330147850906046,3.1369435387806397,21.294094815150086,10.276611894808102,0.059731696485038885,0.024463173093768324,20.992465327725366,1.432906165714658,3.2599273146098513,24.09947321042629,12.114780591414352,0.07858408616843823,0.031604015083602194,23.6396925362758,2.520372059642434,3.949337981405819
284,1548266196.64427,267124,5214,0.03396300980674785,2.9945932049129205,2.5042010346424926,0.05263885299030341,0.02216698207838882,2.3411673143723415,-0.1782622035062724,-1.8586948797008953,3.5564303615008575,3.3053912599754764,0.10271692893923191,0.044157496245402245,0.7252221603061952,-3.275704851074729,-1.1798336590602183,3.294222269375989,2.8646578973270644,0.05337263520370295,0.02259369572150434,2.222326691061091,-0.8684538154768879,-2.2713327384233666,3.02156371843554,2.5004044892999118,0.053390071661199905,0.022472185753051696,2.40430617048022,-0.09434655508397266,-1.8243506723360117,2.5776240329112587,3.6726293061552977,0.06921406629895364,0.030716993653056742,1.3346438295274907,-2.173605106125872,0.3719036783488901
286,1548266196.71100,267434,1359,0.02364027096397139,4.92120386243965,3.411070714826254,0.039524900431870694,0.016963261442027294,-2.5894382436525625,2.3108637426085243,3.488977758756537,4.262275418620283,3.753900225506437,0.08784863589958596,0.036088030499164564,-3.0892463916705237,-2.1840854185741785,1.9629873560716091,5.0863963830641215,3.4911403046292167,0.039621418231570685,0.017030719296250843,-2.746604621154649,2.3262777739909213,3.59388688454931,4.921207912665988,3.410511325300491,0.039573773075450194,0.016984038055390966,-2.5928738144407664,2.3030263049905164,3.4902559996954796,3.9470420746324932,4.007199571712982,0.05586416009082473,0.02355651060805153,-3.6430755184416848,-0.2624766932298707,1.496077501789643
289,1548266196.81111,267172,1336,0.03173561831378273,8.151892896984332,3.621958999907241,0.04430090817044523,0.0186297159057413,8.050304985226353,0.5483649999386518,1.1598462292845608,7.725184925023321,4.203971244457159,0.08864753081988153,0.03764705768345672,6.322841521501445,-4.387232862938831,0.6725660013220982,8.1919107277843,3.639492277440315,0.04452253884930741,0.018785490334550223,8.084642446764834,0.602555723274229,1.17596108792141,8.16088737329958,3.6178686091177985,0.044414000459502986,0.018684164440743282,8.046041040359626,0.5169113870840094,1.1554339459053093,6.789280585993022,3.625075531905627,0.0652480890567405,0.02670958193061909,6.446474323671136,-2.032644184091712,-0.6369123098736906
291,1548266196.87785,268608,2620,0.01821227497536687,4.103242734417977,3.653131415782695,0.027888023922942064,0.01167144220624373,-2.649407314114399,2.905346714763422,-1.173116485471257,3.234399721688781,2.690314664135824,0.060947960887497335,0.024545331768138896,-1.082382267349476,2.994205414117214,-0.5696701897229975,4.180499844077374,3.687712204901157,0.02804839514154757,0.011761277464759839,-2.7020563415446874,3.000667618867485,-1.0823420506148842,4.105778708020724,3.652714369571303,0.02800727623686166,0.011714436245082688,-2.66698485614204,2.861256070348309,-1.2050002242972946,4.977042078736162,3.8731342982168524,0.03814385795564134,0.015511251582910867,-3.344166409293758,3.6607035750306887,-0.4321437448571955
293,1548266196.94459,269037,6269,0.03212812325274023,3.7114073169655715,2.5605092240200773,0.051325335944330884,0.022381194695337985,1.191791435649845,1.1211754971122028,3.3312374504097524,4.553561093928199,3.8097608652279735,0.10411996258592641,0.04469661407771207,-0.035387808054639654,-3.5821148912984717,2.811070835947647,3.8848348672218234,2.5081103070885233,0.05218988662943414,0.022997229342985894,1.1611506711399606,1.2666664331088033,3.4841393789182775,3.5029405284427106,2.6429456924673973,0.05172498127800432,0.02255998908718687,1.205618604196821,0.9210072725455892,3.1649316471356688,3.2025134181664767,2.9774469764841442,0.06604926146842958,0.028973411563401004,-0.08439510039819846,-0.2671792141348656,3.190232738860816
296,1548266197.04470,267056,3481,0.03589569984673358,4.1774948376505385,3.1262688182129774,0.05977929291309796,0.02521792321005642,-2.5551991856408764,3.281292617695046,-0.39438432696684483,3.0536118449694034,3.333699990834873,0.11545822537422543,0.050188650188773894,-2.6675335123729718,-0.9500968304614003,1.1428588157999924,4.283799488079106,3.1985846683859713,0.06014531881493358,0.02544462655541446,-2.672502868519398,3.32580927070343,-0.38426444894827766,4.2521395466866085,3.13277852021754,0.060182117709171645,0.02536498505944717,-2.5951897440471923,3.3845595356862175,-0.3505163732352429,4.4732458235426025,3.2952801863942014,0.08590072671849669,0.03682416368185583,-2.745873952880012,0.503199683210538,3.4952674449251018
298,1548266197.11145,268411,1046,0.023490130473669855,3.584839700669463,1.8951823812901067,0.03283337944366457,0.014499180120184536,2.009299102700978,0.2990217290186587,2.953705943548826,4.587572494756123,3.3686738124703015,0.0745301176407135,0.03200667295727787,1.0104678662914193,-4.276704623346655,1.3170321372239682,3.642156051435792,1.863831180126333,0.032877340271677345,0.014520229716034967,2.0222317300418213,0.35725670245772984,3.0080304489102914,3.5917248760992186,1.8899421887935723,0.03285719455340409,0.014511840352614467,2.0076209993499052,0.3133105053773094,2.9614099998005843,2.9243584229826913,2.3288316398331057,0.04587611102852914,0.020343314328045564,1.2459318113707207,-0.7067566339453645,2.549513908151612
300,1548266197.17819,267699,1117,0.022275150568889495,6.685440691406607,3.5301271422702727,0.03348928963217241,0.014944870228764425,5.9986987224116906,1.9385208057371714,2.225503979276541,4.767560356322245,3.5522364022466912,0.06913036526705708,0.03103748992105943,4.186232468021802,-1.7922841911152063,1.411668110121528,6.735999443172642,3.52924388618599,0.03355307575689251,0.014983642267893135,6.02875887409767,1.9905303081648,2.250676349164422,6.685555637847866,3.5310924718872077,0.033503944799590506,0.014951410493675169,6.001744821661418,1.94108880100855,2.2235151028787445,6.4130887038735995,4.213416674823589,0.049173532595611566,0.02197616294095789,5.161047367822284,0.8481005639062318,3.7110675316339607
303,1548266197.27830,268185,4047,0.025670621565930578,6.14329193075322,6.613364490221606,0.04868238343321316,0.02158884108141928,-5.7766536414916665,1.7509521803334387,1.1421361192450998,6.248577725174806,5.535062175231109,0.0948442206152672,0.0427689798522962,-5.237335047268322,-3.3351193666408707,0.7014442247696329,6.35808250714545,6.7814967446816175,0.05016222214076926,0.02231998884075989,-6.146345434911254,1.5391643456706317,0.5278485383430195,6.15860656842697,6.620752548183081,0.04895862801849371,0.021747331885753347,-5.79124787434905,1.7409357815386288,1.1048020986431197,7.9139376733379265,7.663037404521081,0.07022233081485775,0.031939645276729066,-7.492970862804561,-2.5046543059676383,-0.4609815118168666
305,1548266197.34501,269119,1974,0.023384856946598215,4.917994489100404,1.7842561353513948,0.036783043940174696,0.016504530566924767,3.362872720505274,1.6422444074139497,3.190735051178803,4.060517928160572,3.370967805536776,0.0764264431111137,0.03383759280645302,1.6293990807830965,-3.38901623371386,1.5321336260524252,4.939443240438801,1.7939560115205262,0.03725250817976255,0.01665629286612561,3.4399945871606965,1.6267007054892841,3.1493462147852753,4.927459555222006,1.760464798024352,0.03694282128053921,0.016585508873201583,3.3581814755268287,1.6921046114612395,3.1815732761457824,3.0290686964506843,3.1582164767301744,0.04995694850837637,0.023242879223885685,2.257831196352567,-1.196129406141957,1.6268773464392061
307,1548266197.41177,269100,1409,0.029785757423818962,4.372027016499292,2.5621170936896913,0.05106583559649955,0.023106165329129087,1.766716517153042,1.7484306759611237,3.5967100456356573,3.7914417694229416,2.1067763302651366,0.09141220546088044,0.04106377153917721,0.5208983610439387,2.7520284217763256,2.555393346262374,4.165810962951986,2.563921708775994,0.05171885268508906,0.023316305906495752,1.8216562788887336,1.6218124489376524,3.377169489544027,4.3731372568613125,2.5577355594400357,0.05116429467285459,0.02315971891581574,1.7577493939325555,1.7519455844083263,3.603076945232084,4.751042491138889,2.1978052479129153,0.07024315922053505,0.03375125574545997,2.719314598740084,2.21565232931789,3.2044683835660606
310,1548266197.51184,268964,4289,0.01927728903609108,5.131000949402522,4.606835114230238,0.03437097203782327,0.015606038777865325,4.088452014458353,-2.0761330817190284,-2.302477425564226,2.8474102130848413,3.2635597954136455,0.0701304306980348,0.03227535213230721,2.740495606044413,-0.539509325548247,-0.5534965604930204,5.254555474165293,4.596422552858138,0.03468412871452143,0.015780076158608904,4.2826521442278525,-2.0802169133273174,-2.2230477808918057,5.080118874569335,4.60593492427321,0.03454983951966451,0.0157011591096698,4.083756445162513,-2.0514675366093167,-2.3043037543304097,5.352383823775313,3.9202841742043266,0.046950453621521865,0.019662535347712708,3.108951227493335,-2.934260463799963,-3.220644406428588
312,1548266197.57858,268497,4938,0.025671310549623738,6.095526167338457,5.7713465928982846,0.054632311204557686,0.025113195635486446,3.5304541925475563,-4.762207912477356,-1.4186994922707572,3.2050783672310206,3.921261744393121,0.10958895193712104,0.05148889559734915,3.023682911624423,-0.9604588510522013,0.4553984908606996,6.280909298174598,5.876538427147837,0.05577676948146516,0.025853649688237206,3.854551528089683,-4.811898819381246,-1.1991179596832777,6.059485565341023,5.7716359039108935,0.05500265135606769,0.025257519493552344,3.536189144688512,-4.7451216013832,-1.4705297571422595,7.45816054129948,5.683692660236851,0.0780885802371803,0.03663286392342452,5.036272241634953,-5.440926934136629,-0.8102065571941479
315,1548266197.67868,268977,3317,0.03343233591462096,3.398747190074573,6.303726406278283,0.0835884815627275,0.03909466888612948,2.0740292772544575,-2.6781129129842793,0.27856102462121046,5.676831375796914,4.322910197768267,0.14912157444088942,0.07113148105906715,4.359601224011439,0.47043302543581894,3.6054104350835776,4.209675531970691,6.233638318482632,0.08486042977809936,0.03991440198019316,2.834412855185048,-3.0969212988032346,0.3107254734542271,3.369668633015518,6.2930929837197755,0.08399675183612335,0.03927697432907252,2.0802446674332122,-2.6926444633472393,0.25749486630876184,4.976487750049394,6.975135940483797,0.11332997010391176,0.05225673467997245,1.7376541235786525,-4.445640910615897,-1.4079294609674302
317,1548266197.74542,268693,2715,0.03590103315147507,4.716660165430816,5.2820367218859845,0.0818206307731285,0.03842045142643666,-0.32542976991710687,4.646843675737806,0.740150278165934,6.460548423744709,4.702833177302708,0.1571349106147219,0.0755870327026224,-0.01067135082287911,5.6771141554899724,3.0836580425457734,4.681458864307324,5.27430916380727,0.0826732394421235,0.03897252271618972,-0.38239333832251304,4.622012188613707,0.6378367826603583,4.683322148041453,5.2744799085128715,0.08206922223180003,0.03849153226728023,-0.3261066878194191,4.617418114552898,0.7012177194844655,3.2350235979454762,3.8388000383066276,0.11198032366842973,0.050428211468134455,0.7519677063622467,2.9902548805059257,-0.9789269622718987
319,1548266197.81216,268437,3409,0.04020611813711385,7.132221150410543,6.543784229328355,0.0895250954685227,0.041669223091669094,-0.07459895886912897,7.1268849899173725,0.26556331484145457,9.259280139933054,5.748687216080314,0.16255637075114995,0.0784331083642526,0.8101485795517492,7.858483796260844,4.829302269760586,7.27283106883209,6.596518769064851,0.09110266213195221,0.04293510554239662,-0.3075872026494288,7.264366650469142,0.16863877397375265,7.114436058281363,6.538257650586248,0.08975350732028596,0.04174212848140613,-0.07460083958196514,7.10999776513118,0.203472367656734,7.156689315334189,8.060028986742148,0.13680640516823278,0.06255991235971618,3.719500064612798,5.634047855399279,-2.375084417159678
322,1548266197.91226,268310,3961,0.033724399219526184,7.168713404871531,5.543117976552783,0.07715097246851695,0.036455369525743936,3.482008845608907,6.236685512569755,0.6081283561787271,7.660680146730125,5.7880014609183155,0.15604912302175106,0.07610329704576933,-3.452413117081784,6.675873681280649,1.4830962784293855,7.243108982861021,5.917034936869178,0.07807065232498425,0.037074822910047406,2.844174235106386,6.639772090102174,0.5354691862836123,7.171403731161579,5.54029747526335,0.07726858883322155,0.03649549311715766,3.5130479784298614,6.228705559235885,0.585211604348728,13.92874082355828,5.796153037008376,0.13052761209665303,0.0531624056212276,12.586084340104902,5.932199632497764,-0.6397729548977489
324,1548266197.97899,267358,5693,0.02113676859818535,4.911503695143786,5.526335545758578,0.043324302953741865,0.021112998569668532,2.7981077414864868,2.7843391113002953,-2.9224847865691177,6.545055172493109,5.3677644181076865,0.0993740542275611,0.0490860976047085,-3.2443518739171333,5.524950530963661,1.3367309974686599,4.951761955343359,5.494274478741824,0.04442572276215452,0.0219492646706925,2.8210124051149497,2.854499332978615,-2.9006325225023084,4.941865135901127,5.509237211996959,0.04371614945778231,0.021265669548822516,2.8597082471181956,2.715037695650599,-3.0083982446659334,5.135939391130493,5.926171957079233,0.06686751934889217,0.031235084663620002,-0.021082886123352525,4.953441158869798,-1.356779137108614
326,1548266198.04572,267406,5844,0.026535133320548826,4.174661680494127,6.053897045256571,0.061229923790127934,0.03003832956390503,2.940316646693231,2.70402994107747,-1.2126665829985155,6.575035786319567,5.8538633891000575,0.13289591921624,0.06626622442744062,-5.102459905223968,4.020796024447591,1.0144938820669287,4.028468285675925,6.262360432119043,0.06342620900453029,0.03158806555594245,2.268528609044169,3.054687458323774,-1.323336393591704,4.170409682016187,6.07847702999355,0.06231459702376779,0.030583198104841662,2.9567112032196685,2.7378386426912487,-0.8746792244038506,7.018977752736126,6.9379243693885915,0.10584845718945267,0.04794415112118572,0.1337492368570646,3.3570273462079303,-6.1626720853747345
329,1548266198.14583,267320,2660,0.031020262594184986,4.370457523390312,5.6028369160790055,0.06912673818067067,0.03366529459158801,1.223975332173714,2.8818046007798954,-3.0492598434559572,7.717671401133697,6.642966579312059,0.14643346537962065,0.07337474559870381,-6.051309758546933,4.778184463674308,-0.33623695973687184,4.588561165680886,5.713821081888461,0.07014459875644972,0.0344134339666801,0.9939736254108565,3.327142761507078,-2.999505133806806,4.377281538134696,5.5959330385644686,0.06918530069626061,0.03369438899693421,1.2481263609056197,2.8623142002325093,-3.0683561619337376,7.1433940254432,7.479772063091138,0.10834325081163525,0.04855835657159645,5.503179941313013,3.9346113793908177,-2.2938879722942023
331,1548266198.21258,267669,3646,0.026574908102394323,4.619285124290473,4.873349755142907,0.053332676703786976,0.026402493388959745,1.1825329811463083,2.356100559048734,-3.793178214063072,6.421097692388711,5.624719193597287,0.11742295164568453,0.05939667298009695,-5.09453063495571,3.6395432544479385,-1.4247729937431817,5.041949909857467,5.276080127894357,0.0547668122456379,0.027378018420256646,0.24563677556938174,3.0378308960157216,-4.016528963571895,4.642257850470024,4.862513420212689,0.05353137720341582,0.02653929249875601,1.1781653552692413,2.321366027924639,-3.8395135333624326,4.406107019332571,6.281104413581499,0.1311019846106426,0.053712474452200155,-3.468248458552791,-2.6670554952138152,0.5213891838231082
333,1548266198.27932,268144,4231,0.022476082740354373,5.714734783552294,6.255789838299835,0.04460335057443429,0.022269782892855316,-0.2831509197876285,2.7220978584158417,-5.016792047930011,8.689999842231328,6.769035238345872,0.0993700208846362,0.05048408281997721,-6.6896462487076365,4.651363199135245,-3.02151463919384,5.628243829107914,6.251791373402161,0.0453412694065457,0.022803959910953745,-0.24745361831105048,2.496308065990788,-5.03828754105454,5.717692605590388,6.250256453946155,0.044695558764234596,0.02232230675495099,-0.2193736102285842,2.693458833134904,-5.039724742890501,4.378091153407054,5.917525310523889,0.1184044171628495,0.049152628304182946,0.910344217128355,-1.2747461366758739,-4.088273210160006
336,1548266198.37944,268756,6115,0.019710405675331246,5.756857932529644,5.163231017109074,0.038171271018185966,0.019024891156527307,0.36866734336141954,1.6075436001168706,-5.5155508536311775,7.494469317050963,5.898698209900718,0.0861007640899451,0.04408924271070216,-5.39417381360731,4.223432677977174,-3.03851536566891,5.9578000959589605,5.547171368101937,0.03976229856458927,0.02015816766946043,-0.18263389048526385,2.1596049003518774,-5.5496066094662035,5.778001029574474,5.15446886214534,0.03830051316011498,0.019123406678152703,0.34393799545983916,1.5704283899814535,-5.505958271404323,2.6993995271120643,5.817848731961991,0.11874516823549826,0.04982260724030991,-0.26916658195087095,-1.8337782722885365,-1.9625402941637125
338,1548266198.44618,268990,5810,0.028092961025499692,8.721748896743453,4.8243842462883695,0.05583736727646058,0.027396496234873318,-0.5817926698290037,1.595147144895591,-8.554877362844563,13.00758114935215,5.638960938533748,0.10824032717194311,0.05496097793266386,-4.331357280019639,3.970546012195218,-11.60479538099845,8.723244908912958,5.0475529569808595,0.05704734155304362,0.02808467261616509,-0.9555577459795035,1.8567149104148541,-8.469623419988492,8.884268217754695,4.904457454544002,0.05692461346352905,0.02798157795693089,-0.7566053056159894,1.6028768567197496,-8.702151525652802,10.591982024974653,3.8079697735322102,0.0953550506803491,0.049124341705305934,-0.33716184706240687,-0.3745978457997946,-10.579984950849116
340,1548266198.51292,268948,10519,0.01825030408066393,5.364928912295905,5.418886197366605,0.03131103970893841,0.015898410713904135,-2.962401041008268,1.3728720634375533,-4.25697834192921,4.494760012276616,4.633297631594709,0.06614852533149135,0.03393993527724408,-2.259590490402937,3.746207200144395,-1.0310431597308591,4.807876646822287,5.428739871466097,0.03288568065203334,0.016873751296875343,-2.9622358126689963,1.4441373739943173,-3.5007576446011175,5.358312398844616,5.486582101930688,0.03257612744592486,0.01670395162147954,-3.147080289698041,1.373673894251347,-4.062954272536982,3.140776130534043,4.764179493338909,0.07522034147877935,0.03204149924702789,-0.45122569435539794,0.31370795730945966,-3.0923223299660423
343,1548266198.61300,268989,1939,0.021348861521058846,6.503525377914278,4.1886245255714405,0.03512684476987892,0.017829027845554846,-3.110390324105497,1.5453243071261422,-5.498480440875557,7.073118486637266,4.33924942651863,0.07821673390347472,0.041023664839214186,-4.138478139288072,3.1029455872727123,-4.824285698325649,6.885339094066617,4.4563847439321425,0.0355266445911579,0.018147758355862884,-3.58250332189947,1.7632487987718224,-5.609324207290135,6.499100390718895,4.1855242404310165,0.0351748535924174,0.017859971593534363,-3.0967937119218503,1.5395838009043277,-5.499378288743534,7.42772255730882,5.596869513379828,0.09785417195030258,0.03741561070126703,-4.856094981842896,-0.4237716490887985,-5.604446583303573
345,1548266198.67974,269356,15279,0.017534681514398506,4.762577291860886,4.326048214218739,0.031136521720422874,0.015626851615974123,-1.1832149645734042,1.4879829223625094,-4.366698023829453,5.943364237502615,4.298652552429644,0.07301952346595032,0.038176248148300805,-3.393152279780917,2.9311306570792413,-3.9010984526121377,7.300820407795852,5.126303402687387,0.03965935066590865,0.02017464322001143,-1.7379370480638527,-5.412113644804174,-4.581547701331939,4.682121314939884,4.2329781545742025,0.03134951642221977,0.01575814359106746,-1.0982937422193073,1.353318965752799,-4.339467611559872,11.395750300493228,6.110144763767306,0.08682984913758704,0.03678057715279609,-6.688474907952516,-2.4967020828977136,-8.882224216159784
347,1548266198.74645,269210,1324,0.02273522272337276,8.398543639972104,4.9988718437383675,0.04131108451656509,0.020558373837033767,-3.4802305828443196,1.8065583288694045,-7.426969595140642,8.056160590200836,5.114195832919788,0.08924094705904398,0.04624965667326609,-4.732909545939015,4.057504493102368,-5.10273926176113,8.526173359680747,5.088211348161394,0.041787299893181994,0.020974044487044,-3.562707406865555,2.011259517926912,-7.480480147954634,8.397465235874632,4.9973813017322595,0.04136652192059401,0.02058235826581683,-3.476596834436747,1.794963158289434,-7.428953813207627,14.863895954048802,7.311261441009628,0.09403691517201011,0.039021759074905404,-7.0885014992016995,-1.8160866364119967,-12.937943374340811
350,1548266198.84657,269326,881,0.016878084612786587,7.1536178829385975,4.884388965411374,0.03342517906048187,0.016863993394760163,-2.5341022627721377,0.4918985314106407,-6.671627265645772,8.854385860214672,5.505157102587093,0.07166686266690489,0.038688899110462714,-5.540391222418563,4.218451515406627,-5.468901249454078,7.166011728438628,4.88189548455516,0.033625399108109154,0.017051143161867503,-2.5457529513913144,0.45492509787311514,-6.683106250683699,7.147822731293292,4.882162551953042,0.03343374479916984,0.016868435486268214,-2.5290849408466762,0.4865937015522491,-6.666925642680523,10.50975660212482,5.669597970757695,0.06552446751836144,0.03447391431628712,-3.9448682295687467,-4.741469333043026,-8.50949276109087
357,1548266199.08020,269160,838,0.010157065727359246,5.607558823453305,2.7692446941534006,0.019412143772793728,0.01038946068480344,5.025235183177556,-2.4174465870091786,0.5896433762886917,2.421897668647173,2.404389060871891,0.04358210777939432,0.02306831339832991,2.0782307042259553,1.243266151077757,0.028891780758615728,5.628797543568266,2.7964268110736805,0.019569704016967927,0.010515757654620787,5.08960187189879,-2.328034536137367,0.5996413683162225,5.6111389497107815,2.769567011567795,0.019424313326196284,0.010398270881896557,5.025691376549027,-2.4223355653967604,0.586032815554155,7.183311036672561,3.2663466405379866,0.04695448540531193,0.022687564161503852,5.671608371815542,-3.0375167175223745,3.1947313059325944
361,1548266199.21367,269228,1899,0.01306072562793443,3.465707229853875,3.6129501003529962,0.018977841247536993,0.010331434969861018,1.8076651510482098,2.5445257981499267,1.506274134179019,3.9598353144275777,2.939406508760142,0.0422472167428553,0.0231578443984413,2.3411806653584506,2.4047332974276157,2.1015295805156833,3.1858716090255883,3.4362669556429233,0.01936375806911874,0.010650134582385942,1.6948847384646533,2.2726514427234425,1.4533406525663382,3.480035576751294,3.6099854573614367,0.019002045674857727,0.010350266895226511,1.8160354404845078,2.5428864981890227,1.5100823153248317,4.032771974669424,4.497743238853001,0.04105284511254858,0.017624189537712692,2.2900585512955147,3.0903156446527884,1.2119533191223293
364,1548266199.31378,267549,8775,0.021082661499807323,4.317782680490113,6.7255143779462605,0.04031492939710483,0.021317210964124613,1.6696959521107289,1.05481814737574,3.8396251613161727,8.013677421110255,6.213102247471807,0.09340522789917205,0.051752582162542506,6.536880640600864,-1.749221281626288,4.292836149686545,6.1090308131163695,8.440087382569716,0.04583422765645363,0.025563354432030668,0.8464987258133772,5.437874447730294,2.652021657815701,4.349280571651849,6.744941613223323,0.04047786522261845,0.021412923988678993,1.623590209774045,1.11521697064396,3.871536208767157,8.302196399720168,10.234533799929991,0.07662964471108882,0.04672414471660578,0.5027086307689633,8.179881826046454,-1.327886442430929
366,1548266199.38051,266873,13089,0.01902229103311316,4.496852075110115,5.342214336706146,0.031940216329716,0.016581797847504652,1.0507078351145696,-0.05856827029523167,4.371985977603957,5.970149004198557,4.782195171413763,0.0736371664886402,0.04112052925511711,4.710188113614627,-1.3809404026528658,3.398501238931281,5.766709457940278,7.647181819416673,0.03834822923169641,0.02110208991248799,0.1391026711394573,5.167625365541898,2.5556283964198876,4.777077042721611,5.497087072528762,0.03259212390618421,0.01689938593835936,1.2224601406736406,-0.04396832550770857,4.475820231797071,11.371896490305927,11.365011785765347,0.07271975894448766,0.046981787816278334,-2.8906619141945,10.889117225186,-1.5463600939675015
368,1548266199.44727,268817,10008,0.021496582439455965,7.553915491731382,9.567912494314037,0.04103466988333843,0.020776450673719353,5.2837763559143465,1.1162052215844425,5.281802020163904,8.681416937834864,6.601909212922748,0.0876406817067932,0.044584859800628505,6.645602825496141,-0.41901280520239265,5.570223640336195,7.624180467868798,9.618961592434976,0.04180940545361787,0.021408362612204298,5.589295630305139,1.0074946921234045,5.086536799142137,7.477247079504838,9.561649193201717,0.041681109898698346,0.02116341569140285,5.176835096325534,1.1417565707013648,5.2731190078362715,5.895898018414448,8.622188313342296,0.12600967782774958,0.05870560784532391,-0.4121663261494339,5.771101862528671,-1.134070392634413
371,1548266199.54738,267175,12960,0.020100738232925068,8.071501040377749,10.270941887019497,0.044290028801767786,0.02125537929790808,5.051904774357257,-3.13976920071641,5.456119185087333,9.18926189850299,7.4568309274248215,0.09320766131806345,0.04615476084791686,7.699133891342017,-3.015500708584535,4.009068101067089,8.176873959769578,10.075818683898198,0.045649154612084256,0.022213973825025306,5.360215200670482,-2.9941014756103015,5.400436751801388,8.22548926141464,10.348457214792077,0.04522514424420363,0.021923517199063818,5.226898546257264,-3.03528020054523,5.5243341916873625,4.056380468586305,9.742203422293384,0.1387958201267757,0.06530972369916267,-0.3261363088636732,3.8166858173231746,-1.3344538155415337
373,1548266199.61411,265289,16706,0.024374699235453667,2.545821412200843,4.174655117377655,0.044184672159616155,0.02052118915997421,-0.44886782983079865,-0.9068493321884755,2.336096877886831,4.581101534431437,4.227183093401527,0.09520959417145089,0.04621532602960633,4.026107707062502,-2.1273240944401404,0.5014381289016893,2.6321090049040534,4.246131672781787,0.04543724152969045,0.021408241139205083,0.7158468542473514,-0.865500774235567,2.3804347302034583,2.7142385155324593,4.463302418307535,0.045824965043398856,0.021273228539044616,-0.09635179913997696,-1.2194265956356791,2.382758908615824,6.098141285377115,4.758631004459832,0.08457765307984125,0.03819099293250648,1.6690681616329728,-5.845652517439759,0.4794635060087256
375,1548266199.68085,265428,10890,0.016188588729274162,1.1968234277875378,3.274577187245062,0.020821632799464376,0.010664858188195726,0.04931178551776657,-0.44066297682576294,1.1116522864480687,1.7321309760327226,2.6672433905577466,0.05348281423947657,0.028324886770396046,0.7923152097453788,-1.4186761180089558,0.5998936561835346,1.141371588685249,3.0578339754539625,0.021650975335232032,0.011266277658202544,0.004060364011226584,0.09112056366860741,1.1377212575049747,1.1266516727068199,3.230009626414179,0.02132317021990716,0.01093739122843396,-0.11412176576796144,-0.35092065908028347,1.0730374313977014,5.115820009605087,3.9767273432252592,0.058672926431015814,0.030931804370524778,-3.3799445063920377,2.734183097635673,-2.6966335110632795
378,1548266199.78098,265388,20774,0.019215980037189974,3.1722534003318903,3.6126122785289496,0.0328033585269844,0.015289579278591653,0.8513251910896633,-0.8900695717584097,2.923390704706299,3.88599293338376,3.623711319678277,0.07738601762550464,0.03700164922496493,2.7116024294552723,-2.7546922673489678,0.39977975822769046,2.341587692807526,3.3245458623943756,0.03412061459951479,0.016105701725355567,0.5092715915141902,-0.29655948405171684,2.266214429749148,3.0844296846299306,3.696246173165977,0.03422950412125083,0.01617692239843973,0.8624762110554769,-0.8047096242423115,2.867858044114932,5.129156245961619,4.356634926114351,0.08621395334128794,0.0349509577547356,3.493694241536682,2.2361378563547527,3.016957379466552
380,1548266199.84768,264813,12112,0.01821960311655336,3.8000174189513642,3.0890767758766042,0.025725920896976097,0.012552002830633084,2.6349676565965003,-0.6547646250028315,2.6586389598569107,3.2329361256840654,2.8201442773181373,0.06580508534343689,0.03230853928490802,2.2503501400905863,-2.030609742307726,1.1244662352388892,3.9630822150650764,3.0599808343915758,0.026618735946902117,0.013170699331306655,2.773949547616421,-0.5109364841770421,2.783912437520364,3.8648828674314477,3.092035674465113,0.026333495448724403,0.012906006871071896,2.660641160279111,-0.6006035448777726,2.687721393501196,5.695417721102943,3.604078143716036,0.07929672434207387,0.03364674228951149,4.340832973205523,0.7651234389751398,3.60687374879077
382,1548266199.91441,265115,950,0.01386202330648724,10.55582129816265,4.068621186876553,0.026090270868831485,0.012625626921384595,7.361128016096791,-0.9444129475893618,7.506479986904964,3.0983825143159978,2.4380946140417987,0.06400106177956229,0.03126830337468739,2.0450302998818417,-0.8849909030342461,2.1528159185427205,10.47294324312946,4.008895165711735,0.026335998644829918,0.012801685419212698,7.271580475202323,-0.7950444914089034,7.49496910088012,10.551125006370707,4.061670135082692,0.026136506073497302,0.012645451808783577,7.360365383935523,-0.9377134792072717,7.512041696063628,7.087466525999719,5.954497728949953,0.07766011152146272,0.03349449866105373,2.743601518987603,4.683720939142397,4.557147202627375
385,1548266200.01451,265524,3000,0.01643529089644146,2.1034554795555676,3.37268336415288,0.02749698288325336,0.012870330441768385,0.692760474607587,-0.4913897423134154,1.9243554766318434,4.055332218493464,3.7523438393080166,0.06572242132496255,0.03180745616142416,2.5908307504580455,-3.1178353853814467,-0.11143578642183113,1.9518253868288387,3.2767815788053407,0.027902931616727897,0.013185133063709626,0.37543328221929356,-0.4876654085123818,1.8522566346519171,2.1090147621235147,3.3697336306315977,0.027532188794028287,0.01288563052764993,0.6862268914244388,-0.48671602287458393,1.9341780076644697,3.8768890343727604,4.0798294751797926,0.0410998980736732,0.018323914823053476,1.667878527540086,-2.168294362569514,2.7471711558364422
387,1548266200.08126,265585,4396,0.014795279418363196,3.1015494919630426,3.431951714201152,0.022311312019890586,0.01095421961104095,-2.9223239195347976,1.0290552301492986,-0.14379670967501415,4.450375182691435,3.7507738150404415,0.05611215907040156,0.028140011025434317,-1.3049237958101803,-4.238963223300488,-0.36633856656117486,3.326746630280958,3.5216947719235585,0.022802306238731803,0.011281294437946874,-3.167908064647546,0.9834018417474218,-0.25401270376603097,3.086472424435632,3.4361857285614636,0.02241398374909838,0.010987313073855757,-2.8953403604589263,1.0393509489159896,-0.16915674368209527,9.601876706748028,5.808222721992605,0.06693610920010422,0.02741326848658623,3.53544951958824,-6.547298601503595,6.068732487825009
389,1548266200.14799,265368,5327,0.015164524370914124,3.2509564088005165,5.05580364713453,0.026458689431752863,0.012921791614665902,1.7052030021404405,-0.37244936664051415,2.7426778452274445,3.9879468269200062,4.340117964838953,0.061741982669575056,0.030934899944084836,2.245614840214218,-3.2952716571131155,-0.046028138980416494,3.3073485167160457,5.093005686311825,0.02728773830799063,0.013484282910413663,1.7488536657101978,-0.415104876476581,2.776284028784014,3.253884514774935,5.053012947821115,0.026641951445430506,0.013046548718858623,1.7019667973222425,-0.2745653753973548,2.746526959614642,4.093179684177532,6.049999625118976,0.04326388127933392,0.02038048478132872,1.93701618062357,-3.413191443031424,1.162846686448054
392,1548266200.24809,266707,4343,0.017230171753254767,5.993408990281822,6.821188620383912,0.03575155039478971,0.01673392000640288,3.443294590129461,-0.32940106948262765,4.894503920296709,6.492104854605485,5.601317091165718,0.07875729012237932,0.03830400850335387,5.494197298795909,-3.251586355859471,1.1783071142466996,6.106561730555882,6.759221317330102,0.036668170260970676,0.017453400778073554,3.3536514974768603,-0.2549592236182512,5.096872923357304,5.876353430156488,6.7867988167164235,0.036013916363634185,0.016804292535354613,3.3316138003044053,-0.31705248491390714,4.846897359717655,15.835424148850409,9.24715962693596,0.1073328573488833,0.0400414476399762,13.978207186947909,1.009097549705185,7.3723879406832316
394,1548266200.31482,266670,3806,0.021512816981022424,3.3721922078738773,2.3037004216699564,0.03720471662965472,0.0172557112563672,-3.363295181288395,0.23081385540239027,0.08155228091135155,4.5928547637580595,4.071936271004391,0.08315032604001639,0.039467626264526275,2.6128543180660575,-3.6487608585054288,-0.9766531579723657,3.374896667103047,2.308807956774656,0.03763632241214474,0.017600735791774704,-3.355796790457296,0.3477945853640809,0.08714551721801281,3.3828535218149955,2.2949126234983783,0.03731328023631091,0.017328030414351128,-3.373452041050639,0.24778361932513565,0.09623970530322723,6.622277765811766,1.9537015899182757,0.08952159033647893,0.039313285686619605,-6.504545716689401,0.19821843594861555,-1.2272559955903783
397,1548266200.41493,267431,3830,0.028499291979066397,3.995569555292923,2.668868145499775,0.040734549600176695,0.019209808261419332,-3.843331608298305,-0.5756265112830038,-0.9284569668794617,4.57758069072237,2.0305520171824534,0.07233844863224559,0.03476585909336548,-3.584741752609256,-0.3730754259386494,-2.822177576577156,4.048862637063408,2.6685604109877827,0.041209783630522266,0.0195993370128852,-3.900988648325812,-0.5308698489220488,-0.9453853304059112,3.976828718506965,2.6766245642889306,0.041182790204494335,0.0193984865937045,-3.815172012764144,-0.6187076273333585,-0.8976708877077495,6.4959251907164655,3.0440584267024327,0.08621441345398213,0.03567439728163389,-5.663961915864987,-1.3244220967337512,-2.8917962598874682
399,1548266200.48167,265363,1436,0.017526134114704644,2.8726663531708714,4.380498486389696,0.02761643696815009,0.013349421288501391,1.0025695909641181,1.0460252419415499,2.480503453965585,2.8766452073718782,3.8201907174845444,0.06349242496553767,0.031440374735466695,1.5230410494856117,-2.391574364204097,-0.48559826107506926,3.011404448716121,4.403365574719124,0.027852346166066695,0.01351103515302594,1.1996983215607189,0.9435679604406423,2.595950730468805,2.8688509003127134,4.385318488431455,0.027869644452222196,0.013437688701329392,1.0139382906542522,1.0581979003375324,2.4885170892143766,3.739225514777417,3.893143832331355,0.040360913664073204,0.02009825833941938,-1.1157013075355915,0.4728645754978172,3.537430866598679
401,1548266200.54841,267493,2209,0.02289324492953834,2.6082036808745457,3.72957805192413,0.03996036016925966,0.018328217520926515,-1.6189362296564012,-1.8737623560696477,0.8190156031540361,5.284539812004469,4.482179918632838,0.08878031744813242,0.04127238492637279,2.6337376136473565,-4.323612625687844,-1.5153089025383628,2.6386402531317565,3.978277056462961,0.04053996318204732,0.01872629707228594,-1.3325745032809042,-2.202909208265007,0.5778049833586703,2.620855290392056,3.7208984472022344,0.040031366812863074,0.018346827275885005,-1.6369287737699176,-1.8835255232825712,0.8387356765092384,8.365556100354265,4.0804170519373235,0.07628604988778881,0.03362856658047728,-2.8060741830526035,-4.911734764937884,-6.16306239999894
404,1548266200.64852,266806,1368,0.021138026090986434,1.734480837959621,2.6349913433203027,0.027206683882279276,0.012735316179845286,0.06695601458015146,-1.715944186765881,0.24387746362678103,3.4234838814461113,3.0051458814407437,0.06706970876764005,0.03139241592491895,1.2222871983285732,-3.174484509276122,-0.385880799845441,1.6980191334024515,2.6100518228064686,0.027570795174639815,0.013017036375049798,0.09692403328177569,-1.675209935289116,0.2598968677799742,1.7422217328135068,2.6365057108374788,0.02723059489685986,0.012746103521470315,0.06624169128010558,-1.7237379584761872,0.24592328983952233,2.0961132680073757,2.6033214471764126,0.04419696237616671,0.02052568559609568,-1.5354818832312855,-1.3901366318714248,-0.32172404839277297
406,1548266200.71527,267664,2328,0.024502433985843453,4.174146644797108,3.448293759586675,0.0390825228738773,0.01780200807181876,-2.728781068047168,0.831499049361642,-3.0472714722927123,3.9560712149222557,3.042859414329937,0.08731659087439178,0.04010412449523608,0.3493040601429528,2.611955709227315,-2.9506225621280215,4.011900511031379,3.5353248185641974,0.03949950468142451,0.01815299655862098,-2.5434421672424765,0.9211429359172186,-2.9627256612647317,4.1549145498952305,3.463569064144035,0.039245463561636454,0.017894804085443347,-2.7286256186131963,0.872765400550608,-3.0119812432881,7.3200291428935325,2.9326436438363723,0.05909263788712872,0.027061957654667075,-6.18273644934359,-2.6996390218188426,-2.8405185798797086
408,1548266200.78201,267740,3512,0.028251237524852923,4.422115415864637,3.4761304659094767,0.042332079890734634,0.01947949347742422,-1.3385184706251385,1.3266152064856405,-4.000445618795996,3.5505014479412513,3.371723456606489,0.08273386347288311,0.03776817114808532,-1.814232879876757,2.1562388098227125,-2.159919856018122,4.420799648467449,3.845370280881589,0.0430511726879537,0.020054815503205776,-1.218905393333012,1.9239635282937366,-3.7889449079907638,4.414093114176572,3.524974527358445,0.042642666707007636,0.019629610100715296,-1.3380561117898764,1.4523952494940038,-3.9457035237950704,4.8329230857421805,3.765846876105852,0.052614726847489406,0.02541984104017636,-3.541850575685167,0.7074402943739952,-3.211225355236596
411,1548266200.88211,267535,1402,0.02459815219455393,2.9718977265770006,3.7930066913496763,0.04285222499145968,0.019363737431976176,-0.1600364033307348,1.8954570511641842,-2.2833762313807338,3.9509236374492986,3.867751334814792,0.08146931490095057,0.037783608773404656,-0.16650145261134652,3.742863851242558,-1.2542109257599503,2.971171882135659,3.78050060379999,0.043076651833603034,0.01952649148294212,-0.2107544096796193,1.8568281432766989,-2.309899170598093,2.989497991113973,3.811328894112763,0.04290765725814043,0.019408766170326025,-0.17356486837803442,1.9267527510366518,-2.2804472448629935,5.194197891053591,4.813091844391714,0.06726533406255675,0.028601048769660038,-0.8818998802046805,4.458020125923239,-2.515551806181675
413,1548266200.94884,268058,1700,0.019341581824360278,3.845153029824242,4.9826159386228515,0.037951083668010525,0.016455853958856743,3.573748847197834,0.844061646712248,-1.1406493486028508,6.194128330633017,4.685688459275878,0.08021787624738223,0.03550048440415101,4.815075524812999,3.877786213631847,-0.3808510838427021,3.836761174330612,5.142628443217616,0.038177085657744775,0.01665791178314886,3.5102380787782,1.1744195677465443,-1.0098037522411787,3.8434249353995633,4.982252149010474,0.038023496000319276,0.01647445017863226,3.5734413920894417,0.8335305202148606,-1.149936199540654,4.610400926202187,4.8572897553288605,0.05795013680622195,0.023161625991562493,4.270910842153211,0.12143370808872155,-1.7321579411947292
434,1548266201.64956,265643,1010,0.019262798424947863,3.3304852467696517,2.8164715260443853,0.03220366458657806,0.013066219999100731,-0.22730245944087912,-2.356502017074831,-2.3425122869271546,2.704524271286614,2.837117521074888,0.06020096620854963,0.024864540747224845,-0.9980740709721341,-0.20756636997079472,-2.5050381004864275,3.3095109935897744,2.8290642341669723,0.03237151691805488,0.013175600829524334,-0.20694253650181277,-2.318059545794962,-2.3530061082425235,3.321232686406222,2.816431186044092,0.03224745782083853,0.01307868886297428,-0.2279616064966331,-2.3475597846329666,-2.3383263773342744,3.4878225378444423,3.1811307592901517,0.042506616708827785,0.018129003329000776,0.4276286795348195,-2.0842755345145827,-2.7636633775043777
439,1548266201.81644,267182,23677,0.02500157138927574,4.164661360386762,4.017702083655381,0.05180029808139047,0.020376113385534026,-2.6767380711213313,2.3967916712968567,-2.105912445879503,4.561690149873874,3.752389940328309,0.10757395519370426,0.04277898386391176,-1.4672667063937785,4.3142913208954985,-0.2074507994934227,5.054205768427769,4.308670808838507,0.05522882162959794,0.021942479856803872,-2.8989138323947583,3.9220330074696976,-1.326254738079028,3.5863558853765793,3.923575047552222,0.05590205780218975,0.022137569736979567,-2.1419522954100705,2.176057358392871,-1.721845664253248,4.704212056145749,4.111870362659259,0.07177769830781812,0.030614388591324423,-1.1826380634456513,4.519733372913653,0.5504439279773289
441,1548266201.88315,267380,24959,0.024489979140054283,7.5407050914980385,4.933141358759625,0.058304534492115936,0.022349905122578,-4.093100469170937,-1.8593702822961033,-6.054048561048317,5.050041685162434,4.356490835114762,0.11674948118146429,0.046052726367290645,-2.7443799459015543,4.230743548376639,-0.2685307473662162,6.788560332078072,4.71592010597241,0.061667921698328014,0.023960090013216053,-3.4942824906289895,-1.4329945725743505,-5.641016558468878,8.201120469338088,5.227475736438486,0.06184545938554213,0.023778732137375014,-4.785456202697533,-2.2688384788475844,-6.238478360134497,8.208274783134442,5.071619355992229,0.09007161517572795,0.032400650140942205,-5.898517796490329,-0.6339716954447626,-5.672860178895875
443,1548266201.94988,266965,24028,0.02068785034293521,4.667333289140614,4.369341949208671,0.04812080727047227,0.01869494478888824,-1.4105680542577277,-1.7323953875266789,-4.097938996313146,4.656728406533146,4.534093911801477,0.101703962094151,0.04034609559346504,-2.5483817204314603,3.827767352013798,-0.7342119299226951,3.3194864701521127,4.2422823772942255,0.05069383490959748,0.019929811646359614,-0.4531401359790089,-1.0830736432692827,-3.1049325155215954,4.826548922023463,4.28674536754829,0.05017737206858054,0.019697810357473422,-1.4911991147716517,-1.7466728860684508,-4.151502686483072,3.1954551913204994,4.474657054243289,0.0880035987772057,0.031547880045458956,1.6208490991490279,2.3535836096981093,-1.4298343504355069
446,1548266202.04998,266793,18477,0.013444184645250802,3.890350891210153,3.326062275687672,0.024074239435052783,0.00976840150859203,3.336428861095116,-1.0725112790186366,-1.6890210383441013,1.3616013226440922,2.299731202583347,0.05503111797283289,0.02291413809631209,1.0555078855138282,0.49701411457817846,-0.7020243837320306,2.5702607518838096,2.6100889426253953,0.02555501272331548,0.010647173217782496,2.373399136225045,0.08244267570521913,-0.9830666702025347,3.9089013992455595,3.3066123070906936,0.02484745075912035,0.010086510391367856,3.2157124421899486,-1.1828348850834605,-1.8425967140661461,2.675358587917896,2.6742723517390603,0.03349935032578674,0.01469137237649634,2.5279434077772684,-0.19246659146465483,0.8544017276383911
448,1548266202.11672,265709,21283,0.019687215033542215,9.026457090888794,4.146060898222318,0.03996876807837586,0.016390185776946592,-4.370048270795016,-4.553243280018014,-6.45349373266519,4.870747219892267,4.050760147345229,0.08875594688333358,0.036605215030671295,-3.369666458693341,2.1663152876592493,-2.770668603730722,9.115046198064423,4.113407318836096,0.04191336914919933,0.017602120736671167,-4.555304707903967,-4.167908707475986,-6.705356307993072,9.673717470074724,4.389696706170985,0.041964135049541176,0.01727751343372933,-5.276021508749954,-4.716470394534191,-6.678277104876581,12.549421190571012,4.92467134505987,0.06228631555076318,0.025137292159134603,-7.493017884201687,-4.210063921380594,-9.144288763117439
450,1548266202.18346,267086,35479,0.017172224558044194,11.82423534823479,4.793151888784563,0.03776218844769935,0.01471791823624103,-7.259637040248509,-3.1283428444867836,-8.793388576745905,6.578153089074828,4.306754569736187,0.08660385887044954,0.03417436705223504,-5.411165847207638,2.8106214848726543,-2.4681550004184447,12.595054028244903,4.712377119270618,0.04097064685641924,0.016476612346976283,-7.592694194891805,-2.983737664173376,-9.596024718009934,11.950156925348141,4.775798039341364,0.04064610832640103,0.016047633732141957,-7.318923108930453,-3.14256883079268,-8.85786609604844,10.33739878706661,5.085109585079709,0.05862255473965861,0.020346419197136964,-8.582722667837764,-1.882752329653382,-5.445542117642172
453,1548266202.28356,265695,21913,0.013381119324454897,10.389731198389713,1.506504274975545,0.025645033512653282,0.010243741634161608,-4.272733518403629,-3.5843012998414876,-8.766016589503884,3.6309888846779885,2.3611300554230157,0.06030914450852486,0.023702495399143906,-0.5233063707293908,0.9531669134813592,-3.464347493836834,9.96716799577565,1.1657998610229507,0.026874283309650995,0.011000239594727956,-3.6183902620007116,-4.10461148888533,-8.330897568280585,10.12626393468189,1.5380584363021441,0.026774186465582852,0.01078479167916235,-4.156380939922786,-3.417885992033825,-8.603156354674255,13.602676518556706,1.710948046884707,0.046781274476945627,0.018572645795232955,-5.9551815749704335,-6.25871807629139,-10.507000947898026
455,1548266202.35030,267162,15222,0.01953368116628243,5.283603041527479,3.2403546672798456,0.03929340206298555,0.015269676398084653,-2.605975795230114,0.06549679926181705,-4.595765597199192,5.035050061989066,3.6631727220986776,0.09181154411731259,0.03554596838016616,-1.9067590346090262,4.59865698137593,-0.7538919540062617,6.035286181392708,3.4821495761848116,0.04022208722555607,0.01573724513625607,-3.088895394719651,0.8331242811358343,-5.117549068057033,5.364456615656966,3.291857920701138,0.04099880564316738,0.016009026875728062,-2.6451269948144187,0.079539763829859,-4.659095850297975,5.938392174913378,3.1034931513103534,0.05537065673540371,0.02218110585710229,-2.4072759319601675,-1.2687552739877404,-5.278236851942706
457,1548266202.41703,266082,768,0.013551233741825623,5.183978380270652,7.865342909512064,0.030847151277853833,0.012216939376105226,3.862170344853594,-3.3663773307608946,-0.7904275687159202,7.147752621324673,5.846443059583022,0.07412018465112438,0.0290196564789995,4.716731564507917,-5.339671935899307,-0.5750778216883162,4.733913927391418,7.784945588572643,0.030983828786361144,0.012292743761028098,3.476440260658239,-3.146190990522413,-0.6525231315290799,5.156881510462928,7.849187896447161,0.030875747323153485,0.012235280075870995,3.820637468914601,-3.3595560412277745,-0.7962237956146808,9.49891732887672,10.811426841158017,0.04727197059954857,0.017648482933968288,-3.88345856238075,-7.864854961289927,-3.6458519515991434
460,1548266202.55052,267721,15229,0.013676256419999163,3.9184191220251514,2.842486516869024,0.025466332918068203,0.009979474468099195,2.895784241385423,-2.2662045710752814,1.3537942551339595,5.619721438133101,3.3456635263265424,0.06256798542088558,0.023264007056729208,4.495928350031568,-3.3527220038450802,0.3565844619837052,2.994394934603605,2.4222707884348815,0.03558111363946791,0.012368925833638132,0.15691667070262127,-2.9333424865440874,-0.580758159194241,3.927091868059434,2.8572875211055875,0.026009610894029703,0.010332822912721692,2.8276379897852504,-2.263353991631865,1.3759953748809137,4.186288380918913,2.729328547661952,0.02988943038383496,0.012696002410754111,3.034555769401766,-1.2385697800548976,2.60430923481485
464,1548266202.68400,266743,551,0.013324927198391607,12.354219866569697,6.77290702841291,0.033445488172044985,0.012871705431516528,6.8499814730764275,10.084408431050205,-2.002300907910336,7.36229567305946,4.372152186999638,0.08296940880718959,0.03085676734603771,-0.6097922684580587,7.25344093911609,-1.104149224350369,12.307975916175037,6.747332078265784,0.03349940266818914,0.012917139254353109,6.8188204503344805,10.052876594463164,-1.9823296889618787,12.354516325886589,6.772495145441733,0.0334481413318299,0.01287251134228581,6.852814734910822,10.081991025253428,-2.0022305649422343,11.537356187983942,8.048598496151836,0.04386466777606345,0.018525315697162405,1.3788937361335445,10.378149862891,-4.84801457260996
467,1548266202.78410,265577,2125,0.012156065133293616,5.060369621816799,4.409705505196522,0.022126345056826945,0.00860405907171299,3.471950250890097,-3.5964602471033653,-0.7863687784720914,5.925191200146692,3.965557233976111,0.05518894363519651,0.020483905519504325,2.7273753009198414,-5.186743370897586,-0.8757898895729226,5.726532748927585,4.672776029793582,0.022502741009171975,0.008705711944629477,4.568687011756754,-3.4486144117046815,0.16533285374667228,5.066570362867612,4.415592022872657,0.022239295769710874,0.008641913824262756,3.4702489018247946,-3.606950765793731,-0.7866346680002523,5.76286475812494,4.016743044919321,0.040817406284420064,0.015129182651521425,-2.0728649934395604,-3.6121777301108127,-3.983216412084927
469,1548266202.85083,266721,3585,0.01652115168126012,3.03917072908995,3.3213780587813657,0.03145726789402649,0.012377227584172514,-0.6132191365456998,-2.8806279898086165,-0.7500022636382214,2.1404852056559096,2.1244825130517198,0.08369331290245656,0.0314953009070677,-0.8088124715423961,-1.7449231816324173,0.9395437146355164,5.232738308202662,2.938295096848906,0.03327366255045749,0.012850165962171872,3.4451351971347797,-3.1127729287410526,2.4131386967374278,3.0369702797899345,3.3221216588891145,0.03194081141580066,0.012559116563794284,-0.6184685615777809,-2.877205715355454,-0.7765753713104742,3.102655238233973,3.2557683776868473,0.04704273030912419,0.019899941132874646,0.3501777589279303,-2.09870854085488,2.2581557796209952
472,1548266202.95093,266072,7330,0.01815230274222797,15.83625526961124,8.42521313377803,0.04341381710123752,0.01768577129504209,-13.451771932495337,0.028593055640583575,-8.356793360948297,9.293706239876235,4.952190999505154,0.09777229486810567,0.040036851930979216,-8.181503675343983,-2.51419975453081,-3.6214324345160143,13.75446896840416,7.675736403507986,0.049965579950457646,0.019295214221704344,-11.676876997991114,0.6272610621055031,-7.241719667078066,15.748482385845904,8.386072289321973,0.04398418232960045,0.017913422242706815,-13.300091518069275,0.1310485041218473,-8.365059480592748,16.08268843793061,8.429314365496829,0.062351361996954235,0.023488637239312774,-12.469264047768947,-3.369904485280833,-9.58196562604186
474,1548266203.01766,265893,8130,0.01741769349029591,11.901168607300852,4.669838279232583,0.03360885963290848,0.013223002891793881,-8.965137804121245,0.11789165195390101,-7.826251972107656,7.931750917278931,3.720670281043309,0.08217381260093508,0.032412363420884494,-5.846367966782258,-3.0631780332227265,-4.3988174032936636,5.200143019568868,3.0734016321303876,0.035678958930558106,0.013842873629959257,-3.602816142955068,0.11113861937577234,-3.748179754402987,12.077089322772487,4.6805296157289575,0.033966804809126575,0.013397821291244012,-9.059934408282569,0.18488461264541153,-7.963437933897906,6.24413068127633,2.6078919856477234,0.05162555324431253,0.019602562527933184,-3.1999775151388152,2.044497177914234,-4.9567472355329105
476,1548266203.08439,264366,20754,0.020904433746346745,12.025772436409556,5.186012061031524,0.03067523764120622,0.013102574841673119,-10.020177092710005,-1.8106780470072878,-6.398179329553315,7.562538410956225,3.683238001498914,0.0752428097796978,0.03221580284154502,-6.012845693919201,-2.928029425932485,-3.5304840403518476,5.288271704406824,4.088588042619067,0.03954714719193589,0.016371307520025694,-1.4390959827919971,-4.061771155313914,-3.065425819327824,12.11863229009649,5.19112966524637,0.03132302873047669,0.013460883693254676,-10.148069159002155,-1.7189441691975471,-6.4508526490389535,3.6841578253203644,5.029369399840654,0.05881994412508163,0.024435004513048583,0.8150853756057017,-3.537726099735993,-0.6270157538608976
479,1548266203.18448,263314,40849,0.02951194120961252,14.465433669280442,7.647255121958764,0.05402152855558898,0.024883041628840755,-10.862788104069933,-4.319415171137745,-8.520050376950483,6.358120151576278,4.120866283168264,0.11438904515110765,0.05126463913262757,-2.2784216735081544,-1.5561929194186235,-5.728241452411028,23.532651142773567,12.561590977038499,0.09633629137954593,0.037841811967029994,22.836200726603142,0.30322848663056673,5.674650532558629,14.654571974579525,7.430979216996718,0.05677475771982429,0.02671967795142126,-10.746578981684834,-4.027123641753979,-9.144999415210899,39.89622497021826,16.06003145267138,0.21898958409660974,0.0749672385074532,35.28506906686841,16.497765169838413,8.631130413883218
481,1548266203.25122,264430,42062,0.01435406948288931,8.322661651344571,4.124990609671994,0.01947196400168437,0.008864220664170596,-1.905017057592071,-0.5907097635047329,-8.080140403999486,5.210184247083973,3.5281952949912467,0.046676772660258964,0.020799293504879843,-0.331491153672563,-2.7991155432055077,-4.3819043439336,10.095643896411486,7.630602105582457,0.035879833822738905,0.014046924832730012,5.124246494963003,-5.389517357757476,-6.827680879511046,8.951089602159268,4.230194773353089,0.020917068970082064,0.00974878925481806,-1.018557536713808,0.46351749612522697,-8.862516476975763,9.325478260239642,8.203958240837942,0.05662671782992402,0.020462547703501876,-2.0726236875603368,-7.352445592026603,-5.348861528237066
483,1548266203.31796,263850,46527,0.022708243775246148,6.9626864124816406,3.678135910624804,0.030699884340708666,0.013681872031209625,-2.664306253045444,-2.3950978646818815,-5.970257991673032,4.439021353367611,3.275064301381984,0.07170838822780648,0.03125596946469945,0.6722681304890762,-2.744825874481806,-3.423287463120432,7.338457647305532,5.148760656425076,0.05171973255019108,0.020503415789690536,6.956184577648115,-2.050832925951435,-1.1218471699928776,7.056020416246012,3.5368705534298948,0.033058251789088444,0.015237923612508912,-2.1864395705942163,-1.8563244442205242,-6.188405879765865,2.035596564856318,4.0948237053730425,0.08470027139234584,0.030721868769315756,1.2776642694998455,0.6863512455172903,1.4283379701860248
486,1548266203.41807,264506,5154,0.02118291662392411,4.900027525742372,4.084423451666695,0.03047718320547618,0.013752990363758582,2.373434364751172,-3.5901671166979776,-2.3426009355909603,4.642557954868432,3.4467552619233706,0.0714597346392524,0.032665517420830265,1.7274415511380932,-4.06179894218406,-1.4391245272686546,4.9602287726669045,3.972480635801876,0.03075492111122854,0.013951758840466585,2.7071988448834503,-3.170615239784984,-2.6874044899675122,4.865618453228195,4.097387129161766,0.030635664752557072,0.013871849632513613,2.4865370955293518,-3.490723679514468,-2.302680987026865,8.634415103992273,6.444627034685889,0.09375277068838458,0.03720832565875893,-2.9355583695549536,7.772882835667872,2.3490239824160013
488,1548266203.48481,266433,1718,0.018214870155478274,7.234519876437133,9.490617353781358,0.03175380130177757,0.014120408797106344,-0.021992170985399538,4.403969280465757,-5.739586114319849,2.7372180315022248,4.80336037516588,0.07292746298043537,0.03211936796345038,0.6151188346807474,-0.6669777020242299,-2.5824662855891054,6.582069957296869,9.199196553507107,0.03224813430768079,0.014418168052589058,0.5039386648832318,4.095009624330799,-5.128409784857665,7.2388767265207274,9.505825874485893,0.031864848950948176,0.014160200739477519,-0.04887530340548295,4.421467654126649,-5.737757815585985,3.55028523051355,12.56038716627545,0.05405764882285738,0.022584895759194933,-0.1955113812271361,1.9336829591051121,-2.971055491147853
490,1548266203.55155,265909,2242,0.018440182184159794,6.795739442269744,3.620145939524161,0.03539312983569443,0.015028774111963671,6.054914171666644,-1.4404449309940366,-2.7285907244848415,2.8145151506947466,3.002695686981144,0.07649114341809989,0.03394960038804062,-0.7454288735421208,-2.660806683786564,-0.534732755212122,7.0482504390023655,3.8787175916052,0.035714706701942614,0.015233716911215618,6.340930910411387,-1.2514557197079996,-2.8114565658918846,6.807325669509753,3.6169816481878216,0.03548093591173111,0.015072609833350849,6.064473013417048,-1.4592419440161295,-2.7420976180736822,7.7163360785415485,3.660290640001552,0.05543347763802339,0.023129093205413433,7.363146991446333,-1.8470592970321946,1.383575372939154
493,1548266203.65165,266522,6201,0.025906439305522933,14.204111256618514,7.981712144366469,0.06022398271971326,0.02471088860676902,13.970921121817845,1.958470289295234,1.6536425624326083,2.8513002083258954,3.8773451221389497,0.12070186282797965,0.05128269972424021,2.7590847129370757,0.29107137760397234,-0.6577551808811191,14.27332977549907,8.222496808833714,0.06282450129627914,0.025937260003059955,14.271602988363668,-0.21615469664762313,-0.05067711312529652,14.677530338305289,8.177490944180278,0.061158442601277146,0.025175574945680124,14.490587531632308,1.9656718496425216,1.56965574720627,19.100245931235158,7.610167118702116,0.1031412117700738,0.040924244742936315,18.424263876169867,0.884946624519946,4.958100919372056
495,1548266203.71838,266931,11566,0.03516446579899153,5.33576611926994,2.6580731563360827,0.0713953331172797,0.027998060841222507,-3.885370992050195,-0.7129688878530823,-3.5869161822709796,5.062629136861811,3.9869872591948425,0.1355775959467653,0.05528234482445176,2.5762378994212933,-3.3658354430914934,-2.7684587468511457,8.466971575143717,3.627437060803422,0.0750209446126572,0.029432094591054236,-3.1526830345527257,-4.022378104670784,-6.750605285528117,5.289222017317504,2.7744098052933284,0.07364724486035101,0.028806538932241166,-3.6430937145856133,-0.6860279119000261,-3.8225080791912003,10.05975958152118,5.164744139905039,0.16689879859287896,0.05862213099711958,-1.7884829179897617,-7.094964944315918,-6.903735519919216
497,1548266203.78512,268705,13191,0.029579683860877608,0.8693689700652828,2.9993812255592323,0.04726468665900836,0.01937267072604708,0.5697987075983065,-0.5520159314507274,-0.3555421920901315,2.7547728777991836,3.2209123430399056,0.09917275848632463,0.04156732461944767,0.6417748019106001,-2.6028104790709126,-0.6342525695093805,2.721313902978593,3.091442035363919,0.04941483424775541,0.020379329672656987,1.5923989451286051,-1.7987662545219625,-1.2783798025981643,1.0696355076012893,2.986810291210184,0.04903492081022463,0.019881889948946643,0.7260100572929415,-0.4494144634777921,-0.504857415523041,2.0103529419705697,2.8489497293666397,0.06090179049613074,0.02523507978574556,-0.15266892821123051,-0.1387527484733519,1.99973968916948
500,1548266203.88521,267993,12317,0.03098128760585796,3.4937478925707315,3.099805375394639,0.056140003131236405,0.02291185807665316,3.0303020405711094,0.5893296623356908,1.635920055761986,3.296456874402289,3.3944983062451612,0.11398811706026439,0.04704051789510906,2.0823750894129827,-2.551696925349324,-0.13850889122791218,3.2413223883361226,3.262740583268529,0.05791712020215669,0.023830684778412704,3.1438955399684008,-0.7784805947133252,0.12672656608057475,3.7660975428228203,3.0771797675637176,0.05829683185415145,0.023612713974076313,3.2350933174686665,1.1276657305262254,1.797458145865753,4.23267140837558,2.61599222971327,0.06790300075360758,0.02899920142571509,1.0591403488360267,-0.18038756532360067,4.094043148163468
502,1548266203.95196,267131,10447,0.0216165876835723,20.270956178893186,11.20963925060067,0.05131534025942176,0.02048215629767159,19.921012160287805,-2.993958194942497,2.258573276032903,5.240925587407104,5.04865948916535,0.10222410420854885,0.041550325353522335,4.632232519133611,-2.4086566237842097,0.45617559132424623,20.820903372460606,11.098907335775854,0.05267786458811212,0.021119073224306954,20.401611899083704,-3.722478401336375,1.8513248542845888,20.433547295465615,11.2585110242247,0.052799805587506646,0.02109450506487249,20.052656232541118,-3.2019151273561244,2.38272743822684,11.48792741417802,8.169100691879686,0.07907035187060764,0.03408044044421934,9.249983958028809,-6.534385871606963,1.9266744225675239
504,1548266204.01870,267758,13134,0.022097717351517478,7.840616115596853,4.350309586464353,0.04728810851411721,0.01795998174378535,-7.533133384070927,-1.5251946206457083,-1.5494979377548663,2.7287623847950626,2.92751551184887,0.09841332394307271,0.03785097187699864,-1.6544105548345545,-1.0932548142364817,-1.8745302824636403,8.352098872984687,4.068935363209421,0.04891913664336754,0.018834742490597488,-7.707961609971244,-2.1501883272257714,-2.391981095406822,7.803800217081864,4.261128294958937,0.048702399742748814,0.018549503896954197,-7.527940557092809,-1.5111074674395382,-1.5345123146349007,8.482812818944405,3.7717899751650954,0.07036063572494819,0.030303015349005584,-7.895471905820057,-0.3733632223577854,-3.0789992870808383
507,1548266204.11884,267617,5277,0.024589628721346176,3.0443416095730043,2.0504771572842304,0.04303278795840571,0.016575197570628267,-0.00062447697019666,-1.4657610418684475,-2.668250365679126,2.9323965696957868,2.270018662267443,0.08922001615678052,0.03436023699971858,1.2755140305359336,0.1711876589225716,-2.634901968822029,3.0643323743049384,2.0653457250131035,0.04314491668262899,0.016631930979129617,0.03785335516504237,-1.4818532813357286,-2.6819416243294008,3.035531710746283,2.077402664732378,0.04363008520398447,0.01679765561327993,0.09566135143130472,-1.6020261818795372,-2.5947467477795154,2.68686617418107,2.2186094326294357,0.0587269938547718,0.02258832396089587,-1.3647676931646469,0.3669183496796067,-2.2851761215103013
509,1548266204.18560,266861,982,0.017403302236884764,3.954102983597253,2.4640531544275226,0.03621971031114751,0.014013978928611644,1.8448407516810144,3.2923722968514277,-1.1797362691529765,4.1779409770810085,2.470612808739438,0.07712436690262858,0.02912404800022529,0.7141123813058553,3.948750781571711,-1.1630140067407175,3.938649515815542,2.4142586796087184,0.036359711369738985,0.014100526447455047,1.9410594175557194,3.2254297970833363,-1.1583829116657438,3.954801560801879,2.4642614795616207,0.03625482631828267,0.01402361665929774,1.843734489970095,3.2894036524322052,-1.1783206843728953,5.23214908460325,2.7378664266603074,0.050423485530026624,0.019903927702062993,2.861088139781361,3.9346283060016667,-1.9256839807007553
511,1548266204.25228,266559,1241,0.02034913261303049,6.080365898366933,1.858497317792512,0.04269915963961541,0.015746673684030373,-5.035571489598987,-0.16975752856065016,-3.4036820669178756,2.7659290907207703,2.375742556730553,0.08783858920292256,0.033043825633761056,0.09595175584350536,0.8999930461432394,-2.613650610226965,6.194496025339683,1.8559201633426226,0.04287382750928613,0.015886359593732375,-5.156090131606636,-0.11190122268438667,-3.4313253531339085,6.090523407860123,1.8561783842298976,0.04275516056700859,0.01578213013783409,-5.040799410391756,-0.1708536273652197,-3.411837665594628,6.931716679038936,2.4381609194957736,0.06242764109922308,0.025826660384651697,-6.222583177867224,1.4950785118223036,-2.6632489475221104
514,1548266204.35241,266931,3924,0.020448540912323662,6.658466963477502,1.9214106014505352,0.043656838428402775,0.016082273544117127,-5.554891502071779,1.3682817862129086,-3.4067825961528633,3.299589123596976,2.1816828564247497,0.09363774738783266,0.03462970406699813,-0.4997038235254309,1.461688295864736,-2.9156563238909983,6.77537884437978,2.0033262773715217,0.04430829324660035,0.0164659796244627,-5.52014602134732,1.6307959532694492,-3.574108412831432,6.526941826224657,1.9229030515019745,0.04406650156274048,0.016250300037940674,-5.458756042353079,1.3549846992224155,-3.421850638233037,10.833017963494681,1.386594912813496,0.05946313919595817,0.02169371456601619,-9.949550527233022,-0.6593621586155524,-4.233906475965356
516,1548266204.41914,267031,3082,0.021244621520074725,2.1759891272612832,2.4698483113274508,0.03940571650404578,0.015038989076385852,-1.767620010597388,-0.06666247784200167,-1.2672822472294696,3.2458346204524893,2.665345406013301,0.082935929168241,0.03202442062149611,-1.2077568338681846,-2.8744384102726523,-0.9024243121292124,1.9200079303815192,2.743147294774902,0.03987539627456518,0.01529536314032491,-1.196179364393097,-0.5955285128316946,-1.3787426051778198,2.1556897123736523,2.4622593376237143,0.0396687749410934,0.01514551876651262,-1.753453859867013,-0.04768780706167619,-1.2522687997200366,1.8574364134792307,2.1256237602303143,0.05397220824849297,0.019251747148517663,-1.516947279184165,1.0645531675033988,0.12517002777353775
518,1548266204.48588,265731,6247,0.02373899108165535,15.84931112178813,7.0761447774417015,0.059033059717417465,0.022083015341937046,15.495478670214563,1.5170645620037828,2.964678554392469,6.147036341346617,3.987010933863466,0.11819442430701801,0.04512974101415005,5.49879993032704,-2.2687021043527444,1.5499180203406775,16.020065608870826,7.04217075979529,0.06087709062322874,0.022761482770119405,15.758669960095107,0.6837208474871004,2.79988374830694,15.774909915123313,7.081648467661066,0.059674784737556164,0.022386444505529825,15.447064675387363,1.6680874832196437,2.9275755041577054,18.82322347677822,8.429582310714007,0.08998074849617158,0.032319412791544926,18.32902035280308,-0.5733833236877308,-4.246408662314778
521,1548266204.58599,267646,2849,0.03308464188193242,9.647550578494426,6.597938198873945,0.07326001306912354,0.027581582423073438,9.624060578416259,-0.596096845327258,-0.31202355451650743,11.701023048129347,7.401923922544802,0.1346148674426445,0.050860048525904825,9.514163311170911,-5.745118752705221,-3.6589954056459764,9.96395363800001,6.688939706503955,0.07403360941510628,0.028069926857310225,9.924762943103318,-0.7623201157066296,-0.4453320835127812,9.621768826400071,6.557211590511304,0.07373227529291915,0.027825556330387795,9.604954471706396,-0.5509599530190172,-0.27119137324328235,10.295159929540864,6.8460349224276245,0.18578563482133117,0.06059392474899388,10.234836150481465,-0.36230533498672557,1.0522270628822312
523,1548266204.65272,266702,2844,0.02576027209430712,15.04853142555226,9.632824075949339,0.056667194710374465,0.02139983747620782,14.55366140190552,3.59827560818423,1.3044732699698447,9.846610042071228,7.241980946529605,0.11020326199770042,0.04108011012931363,9.672564222889351,-1.8251555835036648,-0.2569781521925144,15.001423976736824,9.60174454852039,0.05705479885440975,0.021651775513166657,14.508061219124388,3.5983844333673463,1.2690588881738183,15.07510162727212,9.625460073716907,0.057050938331004566,0.021513694389029454,14.592188176864138,3.594296307210779,1.3228640486470973,24.534467575640768,12.690583248227274,0.13053323313153492,0.04024277086740595,24.507775183198,1.1404442927989717,0.09187820750691655
525,1548266204.71947,268158,2940,0.031119836714588525,13.5765005506897,7.447466054431653,0.05766521299001332,0.02149634053379622,-4.616938704650871,12.713402045576206,1.1724558106441068,12.418298158734345,6.669891170686779,0.10074605150670986,0.037656172249189095,-2.16816354373796,12.191310173097643,0.9408253133055117,13.718975890624561,7.3961039148681476,0.05873315410454636,0.0219729878990734,-4.629181789981131,12.8482324994817,1.3053340883112194,13.525347714663248,7.4225516495283745,0.05845815639508345,0.02174002440908468,-4.7264566493036995,12.648870972201449,1.0009495172103824,7.893645602204557,4.721662743532659,0.09350481951508238,0.03109352665475213,-6.91628003593553,-1.374756797420407,-3.547499838713083
528,1548266204.81957,264983,1546,0.022905843411199587,11.998456543105709,5.427341143854248,0.03783299319370096,0.014943350137010978,4.531249434548898,10.289703913815448,4.189597993209799,7.476134067679677,3.6093171899011938,0.0797933910149288,0.030969636624777128,2.7540214461409978,6.72079652826217,1.7716773119886364,11.994982752630458,5.420646023228847,0.03820792467798758,0.015159818420167786,4.385343268179558,10.273715356112543,4.370257250747569,12.004340923874818,5.404983446170659,0.03796912360543657,0.015012312822076112,4.583439296900652,10.262254894489438,4.189215146258892,15.31414728978213,4.191964472909451,0.10558818615266,0.033715636128988195,13.218943046101808,6.80873041150292,3.6638561844773934
530,1548266204.88631,263458,10268,0.019599325442426405,22.006747458925496,10.575900736949873,0.032595067542834956,0.01358275145443725,13.938227453047919,15.967504915709336,5.921278236565426,13.719435055136142,6.359940917136856,0.07494903705374856,0.02980628167477943,8.356922398396389,10.49699056866182,2.8632036708386672,21.110451698748193,9.975592178762728,0.03351798059892382,0.014235869667156528,13.402886188210728,15.08985065329843,6.189525023149959,22.02583934669856,10.524407212421721,0.03308510389031585,0.013818815820489133,14.062165376700973,15.924909094235616,5.916351582058482,23.299570722556986,11.031635319347275,0.08463227029489748,0.02706206890773174,20.007915169244846,9.928106571190673,6.632196193329719
532,1548266204.95298,263391,10193,0.028399740394058924,10.091635941381506,5.116303215099265,0.043821952126853275,0.017989204107895198,5.007809568431998,7.977571107841722,3.6223360582685995,6.4330214027716845,3.845740133724354,0.08992045553963389,0.036605548461974176,3.2425221541836735,5.475501239913513,0.9427091915602762,10.373577860120252,5.187350213707672,0.044760455380061716,0.018627905680348233,5.331317402659309,7.947196674992645,4.003777888577849,9.92968710205539,4.989896056016189,0.04479142592606815,0.0183870933885831,5.176040010962499,7.581132588116492,3.743787940981873,8.839076017042052,1.0076124393654173,0.09129784685068013,0.030653145565807727,5.614643505011505,-6.746829707427096,-1.04179270762437
535,1548266205.05308,262322,1612,0.01668760664536603,18.79407696071482,8.320809822889435,0.02058660591085512,0.008887690008033185,8.760468987531839,16.57575701231476,1.309882205567555,11.007025502810862,5.422940644472242,0.05127923501857396,0.020648753539074114,5.127541902959322,9.712184384597261,-0.7323926081755242,18.783483578723608,8.313284166941694,0.020789314218357113,0.008987476259597341,8.72830092144058,16.577255390829997,1.3530048352303563,18.788995032611673,8.316647285092333,0.020707276120352634,0.00894784048458783,8.748930426466373,16.57780020278882,1.3187242470385694,6.976406219932849,3.997942370917048,0.06258730167592853,0.020491591050811726,-3.3729939930822352,4.755532781514296,-3.831196057642026
537,1548266205.11983,261762,3236,0.026294915647905585,9.56930556650381,6.87089757009658,0.03636262991415591,0.015248448050868037,8.898940857888224,2.789520621606954,2.144536158370371,5.8798107491467295,4.49986971756116,0.08354941849983648,0.03313293212314988,5.81274978520905,-0.8846576475237108,0.03866816534808468,9.633345676461941,6.928039749006023,0.03668638240962098,0.015455823800467935,8.968021241893423,2.8326572558177916,2.0861440022728863,9.520956371954364,6.8383560414063655,0.03659008070481716,0.015420722562997268,8.823528307405171,2.7948414838360787,2.2079132205551977,14.103731006865347,7.895742442448629,0.1306606570881284,0.04259643070067658,10.36648820667195,-7.179926256780149,-6.316629601468289
539,1548266205.18657,264228,1971,0.023462809235754698,3.5304154144217046,2.8420369889924584,0.027469884166260013,0.011833415797403175,2.220989963582954,2.114318567322104,1.7494838027050068,2.952071663763698,2.497204849840164,0.06697892625469976,0.026867229707461228,2.4984700846804877,0.5787268081151332,1.4620019239119055,3.4032227278603275,2.8709638763220853,0.027785361003859244,0.012033711329351845,2.2324596751533243,2.0343399392652355,1.5682824190016673,3.5336841445385874,2.8335103646371604,0.027576982786016578,0.011890895346106267,2.2139182819594807,2.128925720073293,1.7783699348243593,1.8234753551285763,3.0143561753231145,0.102644158964241,0.03250089160079996,0.3304874539498819,0.5887245018615165,1.693884256509553
542,1548266205.28672,265294,162911,0.029940017819820638,4.140313787729994,3.575996326384842,0.03270930198676381,0.014145059216610637,2.8744930954357275,2.8235561460413265,-0.9523751337113243,2.298238854796825,3.1414846746875758,0.07726769815061234,0.03189195780136719,2.2542553231523303,0.32631328425182343,0.3061934229502555,17.0782713477783,6.190889344601979,0.20755706638899252,0.06169329874204984,3.9200402873260245,16.50986695165232,1.9300076717009886,11.476938842294455,4.956397345783405,0.08872751049070074,0.028266253371179946,3.670597791626334,10.756715049043315,0.38306998690695826,7.370021324978406,3.0151649265230045,0.12713810486499896,0.044667698829180466,-6.790237668141771,1.1445081542358584,-2.6267827899681193
544,1548266205.35346,265142,6404,0.018177370111412898,6.0240987340793755,3.5781479398746816,0.021660500426442953,0.009664665943550569,2.43289662338491,-2.1390287715488,5.0789108569008645,4.350095011888909,2.9857083988720525,0.05226099720556047,0.02171750857772308,2.646593430825375,-1.6933851400502,3.0085406083066095,6.114898271470401,3.4760058536015213,0.022108462584392443,0.00992430488996598,2.1853570447848045,-2.0202294342985314,5.341803861059948,6.039521424711671,3.56417866879893,0.021874096541861354,0.009761380977678955,2.349491293592877,-2.176916453486288,5.070290477582317,7.425030433466263,3.566986957978098,0.06931500794117326,0.02254222651896921,-4.170461605356929,-4.11360910515364,4.562515431879764
547,1548266205.45355,263027,3550,0.023060766635866578,3.9613062979933944,4.676747528050011,0.027693190894749753,0.01156472752532099,-2.423904326563293,1.4465454261647113,2.7792340189757025,3.4994391893749284,2.739364407024362,0.06347886145995844,0.02576035394228806,-1.750252216926608,0.38664434552048493,3.0055279016095633,4.265222076008558,4.840854148051967,0.028180190878101054,0.011886756961255388,-2.7236259642659117,1.6618225936503686,2.830605347214707,3.998778813056729,4.7202983404215075,0.027968099759282838,0.0117120306718362,-2.5235678107332484,1.4555077027540468,2.769999607458038,6.301845170052885,4.002170419231235,0.07302166058117099,0.024602710232609376,-0.9197600302129685,4.684009898020939,4.114285516269304
549,1548266205.52025,263667,9793,0.03760080804371894,13.91211872184148,14.720713610435988,0.06588244331954099,0.02548104588110559,9.083745088037679,9.919758594334962,3.5540134969188344,8.5946761617567,8.364811233352162,0.12692260282476092,0.049913663718772455,3.4981837159927625,7.670574060594664,-1.6713654883251123,13.607053253338135,14.565526207968922,0.06681647654292949,0.02614256836663743,8.536510480746177,10.247018149268005,2.6978706603287566,13.734901073028858,14.746473399162781,0.0667140594498381,0.025919199001716756,8.997506129781161,9.865956875154389,3.5609537769646487,16.233153202469502,13.99202841721973,0.09261205895547416,0.04370914499343234,8.93159413694369,11.672717870278019,-6.891265964149925
551,1548266205.58699,265803,6918,0.02992747656513404,7.9385875850917875,1.5066700321379138,0.0374788546190432,0.014840615322101201,6.007849283067964,5.027580029651105,-1.2846629455100689,4.295883826491162,1.65166484850734,0.0751103363432626,0.02960144769635727,1.2907574503367916,4.0741253978597936,0.4359647894293647,7.951750213608381,1.5065770318663803,0.03820081879291779,0.015189029272189866,6.044276847532333,5.008710170678324,-1.2688070287278,7.777588560741369,1.406065082253678,0.0378055812025329,0.015038121028680724,5.996287065131274,4.768102613416087,-1.1573670708764332,5.556624106185646,3.747520670861671,0.0722984231547848,0.027714207327473983,-5.241965329013926,1.8371968883150305,-0.1502615733477321
554,1548266205.68710,264092,3474,0.03815200539308532,5.921858082850943,2.3477890427274843,0.04170955569831995,0.01676751868447118,4.337142544944012,3.2170384191085555,-2.4306915699535314,3.6519678322238405,3.025603272473848,0.07942496066126298,0.031256012778560084,1.471985018735547,3.097902168163275,-1.2542453144042793,5.893053206627056,2.291405391492028,0.042078262730772295,0.016905654375566858,4.394030685845966,3.00263769949715,-2.5307582408321663,5.840816206394079,2.340571491062956,0.04196679467832472,0.01684932854250648,4.334815037000897,3.118202932285243,-2.410108872013348,5.163405066934768,2.489553542360583,0.08433633396101409,0.03254010275420067,-1.5539299309756014,4.322034337067745,-2.359252602853958
556,1548266205.75384,261623,3367,0.026167003847649483,5.088156942991741,5.475403618203466,0.038291917323349745,0.01453410289083375,2.896961161176295,4.129325894755828,0.6675513179150547,5.172873581387719,4.1042129491706785,0.07676585823763643,0.02896741823585322,3.5184889337573186,3.7642427527424958,-0.45752946404782374,5.0750785809715,5.46038269425604,0.038699946756545756,0.014680038282178447,2.891934921281823,4.124883925834786,0.6151972143111426,5.149409454331363,5.471366482955659,0.03844923333291665,0.014593829968526324,2.916748924988502,4.1709191553866365,0.6502658693024852,5.617477157964501,5.994014529561038,0.0675758574226515,0.025598297442126064,3.648888363100997,4.268122910223451,0.15744890315511126
558,1548266205.82058,260992,10151,0.03918602231767106,5.167544648034322,7.294572679467999,0.06843484575557009,0.02456959291529837,3.944313316526232,-0.9448710083997175,3.202050737884661,1.2538871028297482,5.623053584846013,0.11866696596503058,0.04263116524473919,1.1867232868662096,-0.40372549742137537,0.030437309081169407,5.0765192561311325,7.050483916956452,0.06922742764582053,0.02521413075694053,3.491301948133872,-0.8907966808932622,3.5760788215776746,5.238365692202617,7.3108037996861555,0.06904892798562659,0.024964241663630544,4.005266622141495,-0.957926769587036,3.1271171062222267,11.164462061286985,6.692848578477387,0.10138081411069944,0.03445270011926095,1.3980279839412246,0.746603235678723,11.051394232516897
561,1548266205.92068,258517,13490,0.04543574397619756,17.04088703941387,11.115353333319332,0.10239168675545558,0.0358037535563467,11.741416118146478,10.863447467111984,5.875073425914948,9.902108041288791,6.821055016140543,0.1824048244726464,0.0641625077443014,7.343201734392996,6.634656836190967,-0.33235615737987717,16.68213070055493,10.90377319503494,0.10507144158912571,0.03667533385768271,11.633723688030091,10.722009132942807,5.290413784767302,16.673036880111994,10.900364048248523,0.10502505277453536,0.03654507292803884,11.479032344153417,10.367331497828275,5.800431006248388,30.279454291778894,14.117665918655948,0.16344184290922073,0.05458645833010251,22.00529621758365,16.620239692610653,12.505195845907219
563,1548266205.98742,258957,13352,0.029797201082347548,10.3213413384849,6.607445543230832,0.05584727157596054,0.019782684537575607,7.03818510519226,7.520455802955761,-0.6608948224612903,4.932196066240437,4.119175245516376,0.10690235364340306,0.03787351721348084,3.0548669282391074,3.693335127805147,-1.1634525002376093,10.821688944738248,6.6435156270204185,0.05706751152039395,0.020248489281453837,7.307757675821778,7.915957306886458,-1.0213957527270212,10.592961643879612,6.636756574053641,0.057114444271134476,0.020194487253616875,7.146111439856982,7.757282153472151,-0.8660818850962804,7.408209668802157,5.615015398930923,0.09192646551914989,0.03181160188628548,5.765336948384829,4.63113352912224,0.4416589226566571
565,1548266206.05417,255507,6138,0.019471103129305563,9.696640830498309,6.043123320258014,0.03489945335705048,0.012259970146804515,3.9348883327117687,8.60612403026074,-2.1156857943807155,5.864829863760819,3.9097437046701984,0.07666477648463156,0.02676289425968469,3.1306880264067365,4.899703291417032,-0.7667655888544671,10.342822496142341,6.213589247172511,0.03514976702007426,0.01238829412438233,4.147050226972356,9.240222524046949,-2.096244095465038,9.65565741120386,6.024501588938433,0.03510719886920967,0.01232776951266717,3.9268603393441976,8.555895038516308,-2.140089779857786,8.03582021547359,1.3678586895459133,0.10952738581052412,0.03494537807553246,4.1676123949924895,-6.762669133217755,-1.2131445318439087
568,1548266206.15427,257245,6271,0.024998377392521948,3.3273632692600668,3.8022353876706445,0.04370816592418058,0.014877421064477075,1.841991652044572,2.2405631462186832,1.6304262838981052,2.371962510250156,2.7821279413609696,0.08978890439372907,0.0308961517475924,1.5020419424142866,1.825298357806229,-0.1958623451570564,3.5508231874862077,3.823946945067058,0.04407832413518923,0.015045628206468093,1.9184382571804606,2.6842027563750226,1.3126292411967826,3.225036627263516,3.8546808712875427,0.04408428536242497,0.014991788274375101,1.799834722156089,2.2893119103724286,1.4323574016142642,1.913948600882859,3.318781709338866,0.05765080681438404,0.019169602562595454,0.32828543149302086,0.22999630199671584,1.8715046415541507
570,1548266206.22101,257894,14221,0.01521127852115564,8.500491996189881,4.943249579204654,0.026089281897908136,0.008963769941682026,4.304768499494535,5.901281858163613,-4.347666589511757,3.963877295002568,3.2857148266622973,0.057835558777266184,0.019810223452545583,2.388276552269235,2.5449018959658765,-1.8793436778905381,9.358121288541593,4.605752218129501,0.02680911152818594,0.009160565792727846,4.475512802098451,6.514741558785514,-5.010225706646472,8.286584931104612,4.952899114186593,0.027033089857026602,0.00932223890101426,4.395053114629104,5.68107062783656,-4.165018713809371,8.613304513493881,5.410713552844966,0.045824828554160715,0.014198041210974267,2.271898887349072,6.258839182939905,-5.463920036926991
572,1548266206.28775,257862,16311,0.019355583166707668,3.299328314634148,5.162094157734109,0.030963807791232322,0.01056517147679932,0.8347860806576833,3.126471947303991,-0.643329379095952,3.1199112055396947,3.8769036996071478,0.08051276173072808,0.027109790653532435,-1.0935284028332084,2.9040137589674218,-0.32364432696574214,3.7051150443205034,4.711618321869354,0.03193606813323213,0.010899878632628524,0.9137331198098162,3.424468497902329,-1.07980775339285,2.8588771073399513,5.0028582732976306,0.03241094243369932,0.010966127432917224,0.4500365755588295,2.712723696798381,-0.6548427263194669,9.836477174457876,5.060683493107358,0.07474799057317126,0.023044741246904414,-9.2422649435933,1.6065478460478737,-2.959024490337326
575,1548266206.38786,258514,20248,0.02726197198567656,3.955799680089487,2.5676884822654418,0.048692204826384394,0.016218940900992133,-2.332178186702262,1.859601037873975,-2.598303291458538,2.599872656883038,1.9326289938651717,0.10770652717960412,0.03585031793731859,-1.2865989711411385,0.8114968391662345,-2.108429225629791,4.6596015424691375,2.6376162141158477,0.05043715138490327,0.01665614357466364,-2.208376930879774,2.8845778589831728,-2.917904803313989,3.8914070864637047,2.5823627598630363,0.05004653497145592,0.01682469448833754,-2.2199153275772217,2.1525203448810633,-2.5165883006105627,12.410161093244932,1.5180476807190066,0.1265617124296609,0.03968801200356518,-9.185983006490892,-7.754933458838235,-3.080717710817087
577,1548266206.48797,254333,16123,0.019157290941485744,9.025520196585608,6.909309975893633,0.03705460582659429,0.012479606556169972,-3.1169075367604457,8.291956524440815,1.7286871385661546,4.16651843527055,3.224076382442687,0.08744391223455104,0.029482732916607305,-1.7009841803005936,3.5889091975978435,1.2594679278227268,9.110961934397382,6.915796333075779,0.038282137475464315,0.012799096311091135,-2.8940990758717,8.431644616155113,1.881804181082381,9.088009700970566,6.970422542041362,0.038159681965059214,0.012866552916926247,-3.060601394967705,8.350397432983158,1.6833586191022964,4.850662503439547,5.766209629807736,0.10372045315115651,0.03206800367389061,-1.7182934798422995,4.075478276632713,1.9917005437817967
579,1548266206.52133,254716,9738,0.02400875089271217,5.922574752314014,3.5800579671519466,0.04517982411060528,0.015033192183498738,-4.3668954159698155,3.9742316952930237,-0.46108410822490425,3.78935451945003,2.573993789965862,0.10802843226204442,0.03566071412180772,-2.5610817109985176,2.4969061523492275,-1.2512105378495846,6.4943468509912226,3.69980448141618,0.04593713193307324,0.015309423964550537,-4.2944352957914615,4.792097266612251,-0.877593469989094,5.911159197893388,3.477489972937663,0.046514169156629356,0.015425018926358863,-4.4567753349582695,3.8473465693743076,-0.5055569231472968,12.60111598656544,3.320020548986103,0.09124722396330984,0.029403273820218595,-12.473016474724318,0.4520846668322082,-1.7342443836282317
582,1548266206.62145,255773,572,0.020432934759620058,2.661686749805737,1.5971657545023419,0.031283471363829564,0.010789991966145367,-0.5556103318081458,2.5766498566236726,-0.36979592972432596,1.3046216300582938,2.2271672537126137,0.08859372945328475,0.03001994543671032,0.9035884725942555,-0.6346818076004619,0.6947981526398519,2.6267494887362295,1.6290954661496346,0.03132675690400712,0.010814240561711501,-0.49656413065625743,2.548112909517008,-0.4004466769426448,2.662127542728402,1.5966465678022166,0.031294385839071806,0.0107948978965904,-0.5566938735383347,2.5778583219955484,-0.37330712955223644,8.963330108419774,1.123474563614933,0.0946472261391708,0.029418303326482445,-4.340839537432311,7.562197006871931,-2.076433281380857
584,1548266206.68817,255789,2401,0.017215934508030863,10.546900941026879,4.987279078820274,0.031935511991909214,0.010657366899801943,-5.04903372272572,9.010559371788972,2.1340566379733374,9.07530133792893,4.2383500543422885,0.0815393412644721,0.026730358806812928,-3.5464611446752494,8.260978442333357,1.2409443576675268,10.512004271880839,4.973368087947789,0.03206288796776269,0.010690036269594088,-5.039480865999802,8.990188940126888,2.0693886135965553,10.534065281579025,4.971463983766136,0.03204004605780833,0.010702581028906658,-5.052558068429432,8.962288619773972,2.1203975738891376,12.165122748531568,5.86269599149087,0.054312741151052044,0.01674910522462672,-2.8314905449965395,10.78585517709252,4.861913294087209
586,1548266206.75491,258010,4025,0.018092046532194442,17.283058492855034,7.514043713089871,0.03775456808623084,0.012492993399509097,-6.334488088377237,15.205350104971917,5.232179250645566,11.59160630251855,5.46481246042419,0.09108830589052323,0.030143941432486523,-3.0163768371086115,11.11135407941565,1.3433607002572243,17.26068391840691,7.547121822683907,0.0383961716464197,0.012683814346639264,-6.219055497558635,15.280980142632181,5.074071730860501,17.253300879266725,7.515119189276224,0.037999905703388834,0.012593908365521957,-6.432605777636764,15.226875253295894,5.16391890809706,21.941000835973263,8.94195853713716,0.11962774436226543,0.03611090668529206,4.239116957745726,18.99910900745099,10.122808998777296
589,1548266206.85502,256706,4388,0.02197668787828232,14.098588641984556,3.7257217661036894,0.04172209873273559,0.014386338382446807,-3.9303411420964385,13.300202064959306,-2.5352012215783284,4.03974524411713,1.2650832314209757,0.10839096632487383,0.03683060210636351,-0.38612021079844444,3.807781707129071,-1.2927688467135778,14.119980532727066,3.706680894482126,0.04213172844525636,0.014496927707760796,-3.6799620593754336,13.374508398594712,-2.6370920693195754,14.301540844279247,3.768194090983733,0.04202433169815659,0.014477259992470884,-3.879039564025293,13.493888094701752,-2.5622422251882204,22.421932188393512,5.925709637062211,0.11293277610951621,0.03513366465259896,13.382907937195686,17.96503906876021,-0.9477285810721457
593,1548266206.98851,254619,585,0.020930065584577395,9.822460948626551,2.5173524713518605,0.04142839800791956,0.01449000852963656,-2.088231310039176,9.576047832011223,0.6475623538307461,3.1803552091065885,1.2800990877263405,0.10408746939847956,0.035899683896171104,0.0848986039802869,2.87734043914753,1.3521699154987559,9.813935195451672,2.5254048027876017,0.0414849028558093,0.014521993771825982,-2.1971429376522384,9.541334691468032,0.6699397267206657,9.82390150281794,2.51769241077755,0.04143159025058025,0.014490842849315287,-2.0892255852014205,9.577287762745122,0.6475194479884652,21.48520518300897,5.129707405416231,0.10262761832855748,0.0332762154031007,12.90820870883703,16.985991560675217,2.543281420875314
598,1548266207.15535,254579,1259,0.01419553035825816,10.450044127265802,4.078128825880304,0.029229134408639834,0.010384990531488161,6.952852633772081,-0.4674880340251586,7.787343414341913,6.791732246944468,2.6253119094677704,0.07363646964488746,0.02551272053691849,4.33620205965649,3.349640222932441,4.013089706065549,10.46818318034141,4.073298505530862,0.029345141106317,0.01044114333709492,6.939138199594812,-0.49688653688882334,7.822040904621089,10.45312412318137,4.075034384193086,0.029299067663760434,0.010404763512062973,6.949841424642935,-0.46497771622311357,7.79045414002538,9.603088635192293,3.597404139178805,0.04465909198774923,0.01577473189763903,5.618043616757527,1.1631110392028106,7.700913579962702
612,1548266207.62256,255607,1110,0.034652900704030515,7.438684983700927,2.381634822373988,0.05855460579704343,0.021318571523109266,4.720575283533674,5.157746258865958,-2.539263044346302,3.7216335323750727,2.9198806440625273,0.12662331183692552,0.04583651241929813,2.558244747119275,-1.9446179521846354,-1.877338803513216,7.44762416465712,2.422089525605661,0.05867670899116885,0.02138859073468441,4.80095466128967,5.067932724566905,-2.5949947856382134,7.447546505300765,2.3767766233287855,0.05860570057022952,0.02134084063012618,4.705434693743401,5.153201912682201,-2.54727443686627,6.810229269957184,2.7283718206025123,0.1012759525438003,0.03461090840996167,4.978269868013317,4.168324284880555,-2.054537535964541
614,1548266207.68929,257561,3150,0.018571474614846928,1.646632786189877,2.6079985927604135,0.03772460358007924,0.013280733868202626,-0.8058850009419817,0.5080062923343356,1.3430854420925356,1.181913644217889,1.885923579181203,0.09455825851994501,0.032824832157336774,-0.5532450788161478,0.26813300165133647,1.0094277777927303,1.6538807626216796,2.6065542855912365,0.03817618266014376,0.013496499095436229,-0.8036333088767132,0.3679857407863744,1.3978846792249482,1.654889429080348,2.622661663672132,0.037992820964350256,0.013367334492129273,-0.789174524031355,0.4699267133878876,1.3777145098297736,3.262068989767302,2.089367594303176,0.062190499233185946,0.021088952870258543,-2.441767423579406,2.0536910370555623,0.6791311121318928
626,1548266208.08969,258422,4199,0.04211646435715458,10.024928813607804,5.692731803120806,0.0907476499088727,0.03146020754611503,-2.440828802792245,9.027865288988579,3.6109833559902937,6.842063634321703,4.326871194752273,0.17212404871070383,0.059752409981987456,-1.2709753726584159,6.6818317048445435,0.7426852942785167,10.361689584577254,5.7932513308913896,0.09192083842274189,0.03201987498553223,-2.4693152077647094,9.388162472547677,3.623465032380775,10.04013224557012,5.69835509886856,0.09130323949731911,0.03167557619375916,-2.49353879826645,9.12751456981605,3.4732572532556425,10.475653838708482,5.945428622581141,0.13148607771158036,0.044904805204785535,-1.7498912476055737,9.506885126368529,4.03687244832358
629,1548266208.18979,257535,3467,0.033774565000797195,10.949419687573542,6.203011498690788,0.075351177178582,0.026366805930521584,3.066671867406185,10.174408691548992,2.6394550440602074,7.138329947220246,4.36198860792906,0.15105111962424997,0.05241736585575444,2.8113818928413887,6.5257137596164165,0.6833346292541792,11.371541750317244,6.341910554928704,0.0757746699093282,0.026581947109780214,3.0668173962630214,10.661328546281478,2.498532862587624,10.988669935869519,6.217816654886201,0.0756318441960804,0.02648576547112828,3.1115288102086764,10.220685420397311,2.569092947587597,7.658180657551955,5.2887745348487485,0.15765805337105937,0.05711225095133719,2.195106123911516,6.560496433623463,3.2846805983052403
631,1548266208.25653,255679,22036,0.02959368140221113,8.106812110982812,4.534246683925316,0.06455185049886976,0.022519271878091846,4.932702870443706,6.186477680174265,1.7653155263010727,4.330984594434023,3.148862589044851,0.13858658445437153,0.04794240022781862,2.654694375088617,3.3798966187428463,0.5350926823535956,8.580219747478786,4.722821636814996,0.06806611978275627,0.0233733361707384,4.635101875659421,6.883638460195736,2.1797988592063997,7.953295949487082,4.363420812009439,0.06777240946077093,0.02368758610370564,5.264151514364851,5.796086281315336,2.111258253949481,9.68738219305588,1.612529497957215,0.12489882426463633,0.04287795016190776,8.108167441502271,-3.982804754413894,3.498608406654959
633,1548266208.32327,257002,3145,0.026715772878637252,6.692134997965756,3.352509210566264,0.05541022609994458,0.01922884936769563,5.332123096774363,3.708837136489146,1.6117261575225752,4.242106209853704,2.42669878204876,0.12209298417508929,0.04222348542625128,3.725604644711593,2.0064490621093083,0.2991609736303142,6.989941050215539,3.49936687813771,0.05587857266004662,0.019431340140605397,5.416002820463444,4.104618897660953,1.6365491251975708,6.734309612580642,3.370934743680197,0.05590399958463742,0.019457359283470026,5.328916420336254,3.785080559931844,1.6157509757779773,5.780379730779912,1.9923524319370431,0.09802771413801054,0.03353845707754258,4.750881704650157,-1.0771513424149088,3.1115362517517653
640,1548266208.55684,257014,1979,0.022539588756679874,15.440785902110143,5.436757409640262,0.04534595265803218,0.015863245372766403,14.815281977878108,-3.82881101519948,-2.0653075801562046,9.629560088324304,4.135131565721976,0.10909557267512107,0.03818942980009112,8.317002731243623,-4.704915692793192,-1.1914954413856604,15.34739795233306,5.236001397687241,0.04647710526326393,0.016202389403522588,15.077520522488056,-2.109766027304531,-1.9390425759276546,15.520710741226525,5.460179704623622,0.04551685934227895,0.01592721323415754,14.879007847497515,-3.858124721934371,-2.0708607684451135,13.833041032972645,4.397060975004443,0.12640355590137925,0.0404205583323062,-11.535098080960127,3.3034669023253405,-6.8834324946044125
643,1548266208.65699,257184,22140,0.013692250810777512,4.6660532201202916,3.346436036101134,0.03013045059757997,0.010500167699566888,4.073062442492699,-2.275912417517622,0.049372667939361736,3.3722169267833615,2.681944851941908,0.06983433438042763,0.023702232676902902,2.6138617026853055,-1.9076608157656458,0.948896312834886,4.87991705277403,3.3072309011156635,0.03396191561125047,0.01148948815759066,4.300928900813113,-2.2381742503874045,-0.5533326820350181,4.5619295734911205,3.297690502291779,0.03137967871589464,0.010927309739076449,4.070933731345572,-2.063780939303353,-0.10739378145336624,3.5836100536841538,3.90305425986623,0.07099845703817821,0.023221724701466582,-0.28879174551343223,-3.5316152386356223,-0.5353075292073732
645,1548266208.72373,258868,985,0.030444466470461607,9.116205655100298,3.7271550403625033,0.06924481220237227,0.02395926986197305,6.5680893033999785,4.291998509228853,4.641568403613455,6.01893396312245,3.0928797752087163,0.14547959576470879,0.050477887615587254,4.57936307512895,2.9467467365199655,2.5639195676509376,9.2572998892905,3.8173411825528607,0.0694477989211209,0.02404720670500849,6.618852918542076,4.547056164123684,4.605721172983637,9.13512381644108,3.745833823780261,0.069359856305115,0.02399626780960767,6.567114990180639,4.3713188711782145,4.6435349805150405,11.833319368942355,4.2307322722136504,0.12327735507033401,0.040841437358770695,9.208385774897927,5.063241305078281,5.440281812056525
647,1548266208.79047,257274,3598,0.03580442919786431,6.749235224803848,3.6464170775862756,0.07723779919928811,0.02666186121896861,4.824261129426547,-0.8790768566396738,4.637445908574856,3.468211756881479,2.892810131350361,0.16353984108519642,0.05587463312710324,3.1620925770910713,0.2445325694263488,1.4035195570301868,6.718652437015708,3.881489739709952,0.07801095057518143,0.02706510135707907,5.091240077251549,-0.1542764514260726,4.381297047877505,6.7588497308563475,3.604624350470817,0.07768184696517554,0.02682328335839975,4.734528677519739,-0.8485266010201689,4.6832774647604065,20.183986839448185,4.676967114153537,0.24867826472889273,0.07980575252952887,2.668039739640784,-19.753478031504084,3.1741131582854223
650,1548266208.89053,259298,1104,0.017661392781321235,13.526075149790502,6.544407420457276,0.041475811162126064,0.014544763821588801,13.186228329527927,-2.6130442111365997,1.500030449684534,7.268316336630991,3.3993715144299146,0.09869757212207865,0.03414098658758024,6.605080190905005,-2.825579624714396,1.103375650198112,13.972946195804937,6.5630020226905055,0.04224371168478828,0.014776143803014636,13.52593492029804,-3.190568919329716,1.4534716693932908,13.535212541651811,6.54494962831618,0.04154710680688968,0.014570357482312848,13.187468234469037,-2.6378767543443074,1.5009193619464538,7.209246205343046,5.873421455558652,0.08889497068673534,0.03213617607169672,6.093762365477349,3.5472269436188406,-1.5021558150902814
652,1548266208.95727,256363,54242,0.023187189560388437,11.002255347098217,4.223685473208286,0.05104775506614378,0.01791981099898295,7.63172040002004,4.510100521328681,6.516552750203133,6.1699905545036815,3.2264279086280103,0.11834753941146647,0.04106992788812489,3.6211344627585587,3.6107504101755596,3.4523398037713444,7.559892300817663,4.085398039467749,0.08679269237513379,0.028559700082504854,-1.9892216239079143,6.472993910114544,3.3608508997810884,10.505851240533474,3.851276588893401,0.0688451486480704,0.023478113817477136,6.142521268103172,5.248925178795072,5.9901171509443065,10.389947242718685,4.9812606441486595,0.11126721860302277,0.03743386951063351,-3.1878050509043456,8.888206833915644,4.334591323463102
654,1548266209.02400,255563,967,0.020534757973679818,3.39814719902596,3.578552908559628,0.04114765238361647,0.014820888932950494,3.000607016982874,-0.9458109047218402,-1.284213241011932,3.6189098132550837,3.2108230811457013,0.09944189936122376,0.035099492209089284,2.8607913244997856,-2.2132020736635667,0.11881841301748335,3.34247919969493,3.5121230037031017,0.041557576023160056,0.01494598885055788,3.0683304805647857,-0.3758004744893054,-1.2713336563640347,3.4185528346683327,3.592092712083298,0.041164083248604974,0.014830572241229776,3.002902792901363,-0.9478968868752032,-1.2872194701231563,3.816040079300021,2.688201360244785,0.09555564516916208,0.031057213873384094,-0.7030469951780506,3.48370234934211,-1.3898578166789182
657,1548266209.12414,258621,28571,0.020436408127216383,10.053678279163709,5.30389758927259,0.04250164038480363,0.015218698638735656,7.117056159395236,4.587739309185269,5.420019058628737,8.52822144117936,4.0468900536498635,0.09379890311249371,0.03285052883191183,6.955884405848674,0.05548581344192758,4.93387823185466,9.402593344306696,4.35845628658806,0.07467419979301852,0.024819262822202984,-5.40192372381806,7.1039187818991465,2.960121555043439,10.24187110297347,5.2638064499770465,0.04651976661299739,0.016848037305873087,7.693011647638755,4.60145774966099,5.074597106391611,17.4704152926299,4.715941340302885,0.10452112573368157,0.03553767585424232,-17.1725157421254,3.000681064473402,1.1471820835084507
659,1548266209.19088,259583,4004,0.029901764700230864,8.747227695070118,3.8164766169094095,0.06550782838783369,0.022978082595746113,4.370378558150437,3.855790594923245,6.522780273469438,7.556701898319888,4.216396633920548,0.14420254449694583,0.04997067191326505,3.3433431612802575,6.412167612747742,2.1931499246565127,8.783365108568766,3.9552445816923316,0.06668229846041693,0.023539626449179965,4.884944311167403,3.988990493576138,6.113327780299012,8.741297685216786,3.8071903377034717,0.06603165701771602,0.02316920084979334,4.358636698582913,3.8076247946315998,6.511233500128464,13.30409863682532,5.136471246111929,0.13164245271313035,0.04460008226975595,-9.841191582795666,7.78932847980815,4.413201853840215
661,1548266209.25760,258389,56749,0.017836492246821073,7.531740390736028,4.079673154329142,0.0369716477907663,0.013305566148885352,5.331461505913587,5.226673115810429,-0.9922296432130259,4.164006440513278,2.3705785142443365,0.09261928298288953,0.033072494032576866,3.7200701041712483,1.7636965207846909,-0.6240213451953055,4.53950154335469,3.7076178543137503,0.06916161017344033,0.022850839828290063,1.3466293338534836,3.972379899877115,-1.7360477039462974,8.893025243939107,4.460837501070353,0.05190055775342349,0.017976951830681907,6.511670560281781,5.748363906857966,0.2397926848223522,2.301771774398187,3.2604580848144065,0.09033591656011108,0.031529341455264225,1.1486769558064085,1.9395178998958562,0.4657948782447771
668,1548266209.49116,258539,57830,0.014604456202563934,13.011917923636423,5.509686323374411,0.028336573493350992,0.010314171847006627,11.04791510286599,-5.478905101452724,4.151527287708909,6.842492783328014,3.2543953024571395,0.07042056752723723,0.024680425680169125,5.799624731882851,-2.982808976008127,2.0704857091692435,4.6648878556006474,3.413439857932709,0.05020762783801725,0.01675540954949805,-4.204007340036953,1.9709873518975876,-0.450233105075092,9.887611403117036,3.7154651313749962,0.03943195550108687,0.013793060209803743,8.782015689115788,-0.15342424443458613,3.918642708463959,4.879676392382862,3.510900850194302,0.08111463550361663,0.02790595761992433,-4.8468521199724135,-0.532743609530025,0.18828294665864673
671,1548266209.59126,259862,41159,0.028236043344526115,9.3060742744517,3.1758974730930745,0.05637982037367514,0.020174573806002412,7.066118294724288,2.5410027279782974,5.496935126320968,8.690816482638855,4.546864501677099,0.1133036506681289,0.03994108277564201,6.0228006801685074,6.040158183274478,1.6651282902200997,16.344589094789303,6.88291984673557,0.0954878366794992,0.03188297648480729,0.3759600125899162,15.898428183127859,3.7741526270627266,9.627832290124632,3.6351541436187818,0.06767511728515227,0.024187046972289537,7.495172908295513,4.365789033668658,5.018105249422571,28.670159496056364,10.876855638601112,0.17317941620863375,0.05866441783820197,-1.334669013474093,27.590497626113315,7.678616079556159
673,1548266209.65800,260868,44135,0.01670928760762454,13.267201092014348,8.891970674618197,0.04283104707221817,0.015257547263857836,8.488681592785412,2.468043595696596,9.892910109871304,11.569306352970536,6.802789507795917,0.09744922028520575,0.03468089300274328,6.965200165704756,1.1780549574066281,9.16226078311901,9.395845682777626,9.458424772137272,0.07498091845579404,0.024851233333071723,-5.209755408556925,-5.578009635718946,5.479614327798027,13.6382796260153,8.891151761746444,0.047463256844894684,0.01698330881331278,8.360373285233756,3.4129756573182473,9.892470676368115,9.946822077775717,10.72308177518291,0.09377088186249591,0.03166573618098668,1.226948316155383,-6.392280253436622,7.521477277631979
675,1548266209.72474,261107,511,0.020658643016720678,5.291404243299474,3.524311518518664,0.039450894192217215,0.014403469490253033,4.287083537547238,-1.9198258130332055,2.436009535225699,10.513034558402243,5.422790428689833,0.08986105856657127,0.03271129225823788,-0.11020087406549799,-7.8095051200620444,7.037285071193275,5.392129716756726,3.52009926138672,0.039573621539087445,0.01444828199562673,4.350309505170156,-1.8813423956826474,2.5710738771502144,5.286337976956617,3.523697964616703,0.03946101490619673,0.014408234976517525,4.282829789875107,-1.9144199521372425,2.4285571452023094,4.318748304466501,3.050898557610726,0.10430257514699773,0.03622476714550694,-1.109928488824533,4.04369876170583,1.033511485957804
678,1548266209.82486,261848,4763,0.014226631481167536,10.874846079521205,3.2774592626285757,0.028440381553959858,0.010130651513729522,9.447099732246198,-3.4699545330721278,4.119951388145709,6.823633804502967,2.2904649800734562,0.06799033254200249,0.024007836608428566,6.2755988584106195,-2.094306537538946,1.671142541225196,10.9725800029081,3.2966948737177777,0.028781167180483416,0.010300708953720305,9.611155194908331,-3.3964544808075905,4.060456218136991,10.94710417084474,3.2950760239796306,0.028665440458008423,0.010219644887044708,9.518147402960928,-3.490686032693147,4.082862147142604,5.39751231625413,1.341120686978598,0.06950746679588621,0.02400229785114452,3.570148132670742,3.9311321975630573,0.9661165355099195
682,1548266209.95835,263145,975,0.016861903555545864,13.107327746908792,6.169038305616498,0.03940083445464918,0.013859935908089259,6.800321615878598,-6.507915247385614,9.121661346396568,10.237449417209493,5.2679955513210395,0.09346124019736941,0.03273245594304446,8.056401401615162,-5.169247240399787,3.6302410379471253,13.11058451755913,6.0973554815398385,0.03951660185346168,0.013894804276052613,6.898974183768728,-6.482014920673485,9.070560300881093,13.114017771717158,6.175760134461966,0.03956530256801799,0.013889670436304336,6.808225277154218,-6.568175390065445,9.128711185146216,6.834517298269724,4.7038752329178,0.08262116143034351,0.028214565715301634,1.1034319060540108,-6.739366736591139,-0.2720307313135843
685,1548266210.05843,264011,2327,0.018489020423464505,12.1493898543882,4.167708882873785,0.04001244037589518,0.01420379070026741,10.494227093209659,-5.96160170715947,1.39218412404703,10.325353246137364,4.191763048808745,0.09516697605235505,0.033735038405593394,8.196931200170884,-6.278248111510735,0.08269950118571466,12.23562948611972,4.218616161262046,0.04017159097570602,0.014271980106692795,10.573886482631007,-6.022003497039321,1.2802450764138076,12.135098315132858,4.15667343169121,0.040131921939991516,0.01422851413734363,10.491556132027425,-5.940007094426559,1.3799304588408379,18.69666584938799,6.79709867425005,0.05772343332957136,0.02128968142714637,16.119158008624087,-9.13145484871445,-2.520831474448566
687,1548266210.15854,261631,61585,0.021693826893571334,13.625962421319818,8.86676610819447,0.050650553108011316,0.01840252487107739,13.044983166271214,-3.378928063396782,2.019433396106485,11.736590653394213,6.334710024914941,0.11261901052648161,0.0409405912742767,11.429589771020916,-2.5261997342154356,0.8546067717753737,3.001386798270004,5.544934333131006,0.16387740413251217,0.053422213535805715,2.7904976039733462,-1.1026511986427643,-0.07487435595818681,12.950593860211402,8.373443364569528,0.08017092760619116,0.02801896958864787,12.458200355732917,1.9330678598057318,1.6436745710113692,10.313049478724079,7.873781025222435,0.09421461065136173,0.030971570089107267,10.048371502708436,1.3008241253299098,1.9227782735218584
689,1548266210.22527,260827,53311,0.03353915283616815,4.65458918640318,2.957921350532394,0.086156290149971,0.03101142121901164,-1.4150568486694177,-2.903143004360441,-3.351801799845603,4.649159450786192,3.2162789013400306,0.1535381812001097,0.055579451950141495,3.7221911364502787,-0.1336153897254141,-2.7824671912161114,3.866528329595833,2.394424148905009,0.162390895302657,0.054047453296772775,0.3878258357383038,-1.0551695619308432,-3.6994931599174095,4.55641773847636,2.5674358901441514,0.09634894742651737,0.03471958895841999,-2.7789039220890763,-2.0695989861999586,-2.714899840519406,5.338901367136764,3.429935939538043,0.12209076434043087,0.04346526721965488,-1.9084333243500775,-3.8463011064057806,-3.1729667274313793
692,1548266210.32538,262818,36611,0.036011041939509485,5.591171596636432,3.5112126047901477,0.10625713262136098,0.0380240489723861,-0.26126183586906254,-1.2106052549843833,-5.452281815236307,6.87616943959432,4.920893175650002,0.20619001944984588,0.07353761287551414,5.3996888893424035,-4.213868842305702,-0.6069394040332707,6.7768430375021715,1.9770839214058458,0.14651172470275522,0.0496467911847128,-0.4746232705592022,4.2472485643789755,-5.259392924888393,7.214357013317715,3.4102898270447435,0.11756399935909174,0.04190210751464383,-0.27595845370660077,-0.6928891313712231,-5.047488704146657,11.817973874818202,5.7886470302781285,0.17446358661061107,0.06188287332492861,-4.373181062209873,-6.78189140639396,-8.63398765663319
694,1548266210.39212,263139,39778,0.028903461542344005,0.6571118803812716,2.394963341840964,0.08700828568889964,0.03141971822346102,-0.3550488113411379,-0.5517450948540052,-0.036245209448977626,3.734033018717246,2.811161635454546,0.17845380362111427,0.06412139279702236,-0.5407668176558765,-2.2212529322416303,2.952390428923811,18.666879605505734,4.713673578203024,0.13452088200996853,0.04599966049085522,18.605096732368015,1.4665648358880792,0.3898170953300302,4.595311136789084,3.1150856454477327,0.09940622531226516,0.03569606983241211,-0.9355863599421456,2.038634469662822,-1.363508200256895,12.089873552671046,3.240305140454336,0.17092970346077577,0.059445213973809176,1.8170739481618616,10.66968452228268,-5.3871251128452275
696,1548266210.45886,260496,59236,0.02630342083315207,5.378644075496387,3.2410680736027704,0.08024676893350932,0.028692119191097498,-1.7200821643455857,-4.928507230727629,-1.2965129831351758,9.930817433797296,5.479422094308484,0.17225278018057907,0.06146330812056626,4.781031587578454,-8.479694360911312,1.9640914967277556,9.814341240988956,5.381201947496518,0.15705723953166983,0.05267974144344162,7.2850086890633285,-6.362262009023722,1.6648016468582274,8.48592748865795,5.173096597868238,0.09342830283562137,0.033804536826788106,1.492140249726962,-8.248100540553267,-1.2939647787510036,13.514493534602396,7.283640224242148,0.12878840793464086,0.04630104294502095,1.8995357514631463,-12.72541811059679,-4.134855902715179
699,1548266210.55896,260616,5452,0.02027840084090252,7.011262293957362,5.9091799047766855,0.0786368241172003,0.028306821544654463,-5.000506175338857,-4.4828612864011745,2.014123042902744,4.668518658614186,5.2465138442540695,0.1573757111336781,0.05599324383544304,2.5219146174156757,-3.711694170449845,1.2877653176501476,6.024794025103345,6.1799796742325315,0.0806934787740984,0.029104555335683954,-2.7244935958037164,-4.671819702908643,2.6550665443374686,6.827175471228097,5.998738128955008,0.07948266263761887,0.02863545043026168,-4.448099510241929,-4.702334051025392,2.442593798542922,19.83555470536154,7.31660586858283,0.12923706076249336,0.0442242056456276,-18.072254148242475,-2.8911839072599816,-7.647477759701162
701,1548266210.62569,263162,3177,0.023770186658651382,7.322836932751912,5.88525346098477,0.07068676966465856,0.02549400927105077,-6.030424785094365,-3.9270611924503966,-1.3550306438398596,4.120626727719314,3.323976083026189,0.1546486449700055,0.05500855240291994,-3.685578281471814,-1.5535205037548765,0.9912877507319692,7.3390539568278585,5.856912032075195,0.07130987525149621,0.02576999420975366,-5.95296775260458,-4.049451921424741,-1.423315514476709,7.561781682818144,5.966054594086516,0.0711411344996983,0.02566698028844483,-6.212154873971059,-4.035760707258225,-1.3200586747902758,11.628506934014489,7.719779353414212,0.08443785292519161,0.030979623255069363,-9.73503302890826,-6.223986375484948,-1.3089304940546287
704,1548266210.72579,262929,2277,0.020476544298284553,8.040106988998268,4.7347943279966636,0.0660651498915804,0.023732495108659327,1.2288580798093693,6.40138864930032,4.7069577834133005,6.372950396087818,3.378305242538182,0.13838693698836288,0.049424844886349704,-2.8214149441954817,4.162584983097128,3.914971356492992,7.821559877251904,4.582732222374507,0.06627262762674344,0.023828231564964324,1.539826705947257,6.212050245423083,4.496238914629363,8.07064961026332,4.701065100711126,0.06659929401622793,0.02392261389256454,1.263147680536461,6.403256736001721,4.718499493060531,8.5870707369453,4.028442157446476,0.0805178504251144,0.02979631697070175,2.010132418949928,7.167028887926316,4.281454007602847
706,1548266210.79254,264054,7279,0.017092134891598196,1.7146199208935426,2.1950843956022448,0.040857811358959974,0.0154216633918072,-1.602525756747139,-0.4576655430999146,0.40295771831055455,3.2307539356029893,2.6022310808121576,0.08974664245821799,0.03288472026716191,3.1470302714016807,-0.3521136078667519,0.6403026397343136,1.807678070413576,2.1723585296600385,0.0414677454640947,0.015656980448169624,-1.7271947580077356,-0.4024235371739808,0.3500765214822766,1.7473198638966538,2.1821872732308942,0.04157205790153966,0.01568932013452527,-1.6317358000447657,-0.5066425857890483,0.3395723079186713,5.329138211653281,4.429397309253187,0.07011879786655835,0.024916027021736516,3.8515738144462057,1.50470804145521,3.3616881087863373
708,1548266210.85926,262671,3434,0.030113106493687924,18.172928841573746,12.423771023639075,0.10946453099592937,0.0393112674118906,-18.08209911678948,1.1849312901273914,1.374398795539749,13.19931297710455,7.724904883699958,0.21891274862933222,0.07769139850696875,-12.975297991575182,-0.34172897160340177,2.3972330732226497,15.678019358320459,11.408561760707572,0.11078015402934217,0.03990494030568911,-15.583562517376867,1.6189909449134434,0.5759675226660376,17.79956944317121,12.283138324144035,0.11014436619384886,0.039591995996573745,-17.69886524371511,1.2346762819966743,1.2666410308187381,29.93697734028929,15.807788658831148,0.19340356380096135,0.0679947488983584,-29.078236129719937,6.233177018336874,-3.4389388065683204
711,1548266210.95938,264493,566,0.022240691248345233,10.659074707388319,7.171645536099521,0.06555588607693882,0.02438768449318226,-7.139871776827786,4.5208042156269785,6.4961861020226905,11.855948150023567,8.083442998192684,0.11716319947625667,0.044152237930268685,-1.883938784394872,10.93169452490376,4.184774307760115,10.534123925774495,7.202002410081174,0.06596129964436766,0.024567554770436675,-6.897607247654339,4.686620939161848,6.436331665886301,10.661934433882145,7.172332658588315,0.06557257527416864,0.024394165773257055,-7.146572876313478,4.522284496725083,6.496573298305803,10.71421050652756,7.910981496955484,0.09921882116955265,0.03786300422495692,-4.563235337777279,8.101372692078915,5.3234340922269645
713,1548266211.02612,263447,1796,0.02744197491981732,16.514185626699486,6.567758473554763,0.07414007993011273,0.02785989586282496,-10.238101998402902,9.926505284783815,8.328510503958398,10.78908434018547,5.327582997479216,0.14782537948484809,0.054968040649946454,-4.294874350559037,9.15084123152309,3.7710078186079614,16.31012463453499,6.434421869470417,0.07471849058028196,0.028139259564497702,-10.315819110837456,9.476603663356068,8.354521211548406,16.572969128661363,6.596050299443214,0.07430624752527043,0.027921359503871437,-10.281660524671086,9.982163907382251,8.308075141075161,16.858881301826024,6.206054467770812,0.11675033162997037,0.044948174354475554,-14.348467291252977,4.915489038465922,7.360797012119265
718,1548266211.19294,264908,3165,0.03363547186718734,5.225838179113803,2.791388990051406,0.08197133282793097,0.030783669790115094,-4.458428895980147,2.4672861584298293,1.1594375645947064,5.520719088320158,3.5055856394783347,0.16698241670537006,0.062127034465638255,-0.7066669736498149,5.413615491111849,-0.8195903579770673,4.658396785579459,2.7357649114410747,0.08279858193173488,0.03114433180319983,-3.9488547722200362,2.3358088764711384,0.8069718039750311,5.239911232610597,2.7788671836577388,0.08223285726185206,0.030917384138845014,-4.490399671326366,2.3968945223175417,1.1983455381201513,10.50922294294744,2.8614472417641887,0.18754808976527185,0.06726237296006145,-10.133590083822687,-0.8362449840370686,2.656089833626905
720,1548266211.25968,266699,2893,0.019069277987427885,14.633594972424513,6.801541836391519,0.04426631758914372,0.017291453573528206,-8.436015456895902,11.412791236591449,3.5670633885540703,9.060165766927884,4.942749602694822,0.0927390361363804,0.035596203550079926,-4.725884188616326,7.477553348767121,1.9592902481102055,14.427950493505138,6.674454431429159,0.04483447089031252,0.017565390823802478,-8.496343694856238,11.107069787051493,3.551182902566366,14.69217651988862,6.816451628724509,0.04462069725755884,0.017428366710058818,-8.448762847356265,11.457136662190694,3.551126392081062,23.03638299299252,9.837285683670816,0.062054217770111636,0.024591558946274763,-16.399822059670925,13.765099584699952,8.499577120907793
722,1548266211.32643,266547,2213,0.019109622692267562,10.007095256822577,9.433911583892193,0.05682955096847076,0.0217775323715946,-8.831891701220837,4.47548609798421,1.4524698426396148,3.2363336574815,5.658447618495831,0.1255977555843272,0.04727813529418996,-1.652671148547371,2.7385690167615957,-0.492720364649282,9.163969710120226,9.395531439885154,0.05721114489413223,0.021959916066853935,-8.262025218740211,3.789500158391036,1.1648899872760838,9.960883006288494,9.431955411310692,0.057002912217884394,0.02185736813211834,-8.736919649538095,4.477420487376361,1.4668197418176483,16.470239683603026,11.435851997421974,0.11358905356025924,0.040690698373610876,-16.363405582415908,-1.7906649590918735,-0.5488824873980609
725,1548266211.42655,265151,1767,0.01994500541930947,10.78536737099905,3.408048600073407,0.038895546595980206,0.015356127253337883,-9.696286903701978,3.3848984918644955,-3.2937261283054386,8.93477609982441,3.725304843149951,0.08937530221212116,0.03485386372107041,-8.617678216218303,-1.5827001923028297,-1.749544574166253,10.813096466178228,3.3885979949878453,0.03898091268345854,0.015410806555104762,-9.696152958904351,3.4680435005439962,-3.2985371398153145,10.784904219915283,3.4062504371992475,0.038932187039713115,0.015372279495869197,-9.694669759673125,3.3866686476204717,-3.2929747506641056,10.791707511147415,3.702736442526949,0.05847909804685719,0.02393119146510521,-10.366368614117663,1.9884110813034244,-2.246235547341712
727,1548266211.49329,265786,3783,0.025245140412553,9.106809634386314,5.764579917280791,0.06634566475666248,0.025213235526714697,-0.29005453813793136,9.04703913880219,1.0004663426814249,5.717186123110648,4.144623361937482,0.14336645693412872,0.05336777366119663,3.5014722083587855,4.458190944924106,-0.7419184853989754,9.287639848653338,5.829773074068074,0.06741605248493474,0.025651521133381112,-0.42276017543884675,9.232915676212333,0.9136716632953487,8.926841226410996,5.69973318374649,0.06677513143559423,0.025401003983119293,-0.2949414071282938,8.862118955498122,0.9414241026056874,12.215650570753446,1.4637227575175742,0.13475432642428883,0.0496634477704726,-10.324068137548842,-6.392013175961953,-1.3333804844554107
729,1548266211.52666,265445,4600,0.015415355806703652,5.09676011758082,3.4743305355343765,0.03318830336259317,0.013022382313148945,-4.87761029084035,1.3771301954516517,0.5379535032194426,2.4933207987484165,2.5557543793305846,0.07801459518694547,0.029599846256201597,-1.6286298623764537,1.7690511571476413,0.6592961248495904,4.857814368530978,3.5095966234852103,0.033664892443796716,0.013196176941501315,-4.64679813697128,1.3181523551687704,0.5177855559102417,5.005946804455732,3.5076007921887706,0.033346950669215426,0.013096184274925083,-4.777122898589585,1.3507200658700653,0.5481218324026649,4.424328171130352,4.8086822352887655,0.06443389139371161,0.0238476708556814,-4.2886486850329755,-0.9574653894464107,0.515201174527787
732,1548266211.66012,266590,619,0.014743646923082495,2.9010926171571434,2.9100806738318794,0.03332390232356237,0.01311561970565982,1.0532420199782986,-2.649737264984152,0.5347074407842336,3.2427230776978004,2.2103515436467243,0.0735331853305479,0.027426240930039054,1.1764018158291147,-2.684266726455145,1.3878198253352758,2.9096821271444457,2.923100071243844,0.033464186580857355,0.013167126506422705,1.0836214945273155,-2.6499131445247284,0.5195910546740393,2.899406821886145,2.9095444776989634,0.03332830779886638,0.01311839124997998,1.05193074159466,-2.6478701247081204,0.5342003258682467,6.797835954504774,1.3943217274942354,0.07005999590790185,0.026319760894541796,-3.856031016346262,-3.197086553541063,4.5956757973665185
734,1548266211.72684,265477,803,0.017470876322754677,5.048057369795748,3.5846938123307575,0.03950903769416456,0.01541243299481493,2.8635700645088566,-4.153650287503676,0.17331757994656408,6.994278085001696,4.089361675540653,0.09245988569408393,0.035283942712688886,5.922028522637095,-3.6904280003076035,-0.4798388083026726,5.024019867434336,3.5871032162316023,0.03970853784557282,0.01548387807871884,2.843260865318045,-4.140965235335759,0.09513253842117263,5.050607099238905,3.590675301337095,0.03962578713197678,0.0154649767254114,2.879072233742375,-4.150998390260481,0.16796452479330626,6.399736719805215,4.946458737133876,0.05885969674002054,0.022985234761657362,6.192960166902697,-1.6129893891960652,0.04625672189673204
736,1548266211.79358,266591,2505,0.020635805883813967,5.301704475852262,4.300240367461879,0.043968043191776295,0.017201086201559523,-2.8971762525821174,4.224745969893071,1.3660020500051933,2.2975608385270325,3.1540378151251356,0.1003847994638306,0.03849200700584836,0.41422563147650676,1.9465842610158093,1.1480473194631247,5.060323941210502,4.373886018141219,0.04425779125769601,0.017313283295023726,-2.492131577766806,4.230158889978587,1.225526154196983,5.402055917722658,4.299249825027244,0.04417349242935893,0.01728412533272109,-2.924968118533142,4.216647702734123,1.395329997051644,8.178776720089518,4.6997602840285,0.062318122463366876,0.024106583498065128,-5.836106705196249,4.046029520088641,4.057325755372978
739,1548266211.89366,266316,4120,0.024836260730344967,6.067274227519473,4.0824244319112015,0.0557193412920513,0.02164499616529592,-0.9745297832673553,5.985299588786033,-0.19569641265147292,3.7594464028982553,3.120558479550666,0.12260095470650878,0.0464685853558168,1.5080877140016709,3.350066385408839,-0.7975988443419428,6.079736937189778,4.080950159118978,0.05607880965046321,0.021826176151547354,-0.9145473114597538,6.000676453079533,-0.34450913774282743,6.120417438949497,4.104113273426266,0.05622449025055996,0.021839387979035618,-0.7146135895297729,6.03294950967047,-0.2330932177138459,13.475315092008072,5.6772726955289015,0.08119437484456359,0.030648081538414113,-7.0409926452167175,9.414466832807472,6.586072703278689
741,1548266211.96040,264214,2017,0.01971906247162229,16.016509518964355,7.030360307462612,0.044947470691956815,0.01775467507605572,-12.70923511331511,9.556216290623208,1.9190232443568114,10.154996730608671,4.487808933787041,0.10016226620447652,0.03845614752027632,-9.294045639968418,3.8929828189102897,1.2606978276042724,15.832645552808513,6.941492387048943,0.04530587242186913,0.017910591677325036,-12.614772377824629,9.388177620911186,1.844533549372934,16.00191498395948,7.028956781683052,0.045128113917884904,0.017822144795400167,-12.695400799904402,9.557306788640519,1.9168107612853027,22.685768254558035,8.839006320561476,0.07844027087811707,0.030488356677739036,-19.56762408332538,8.484825025162936,7.730453629997813
743,1548266212.02714,265101,31405,0.020673960084717974,9.816984551469748,5.789397596165525,0.04942575646981844,0.019415641646077352,-4.609670524668243,8.554769045438697,1.3928567467634168,3.4945479443939114,3.1433764567142624,0.11121275392490794,0.04243995095601038,-1.811562482058612,2.9147175148659854,0.6591877712752298,7.8166833440466315,0.8652849064655397,0.0912223551401008,0.03289774100180619,-4.624566346471501,-6.295293793991745,0.28844523831790414,8.672300326505539,4.754037391605417,0.059593604886484464,0.023101128557415015,-5.3670970609814965,5.152623421938113,0.7910117399282101,10.395821534754962,4.787949803208347,0.08844321685450748,0.036584941087691995,-8.38295643381827,4.682699052831463,3.9839021564028387
746,1548266212.12727,265419,6192,0.025947706626970192,11.024899165657398,6.012519774009501,0.061056290864679855,0.023836283503280566,-2.47060730752697,10.684012359905806,1.1385872993703712,4.624981998126128,3.5142672253186964,0.1299297470688227,0.04941063152880588,-0.5976634526151774,4.546822044467808,-0.5997217490974082,10.719552014648674,5.847225169938718,0.06213321861008396,0.02425046517334814,-2.5775908902560363,10.377407112188335,0.7577877177221026,10.938826698719911,5.954191042923762,0.0618251055006567,0.024141795496230016,-2.36115542151692,10.589004487370845,1.1983762336935522,13.69060206315916,6.458821714006931,0.07724525510964367,0.03088988571958014,-6.1230769569609516,11.62968539191549,3.8328750457038265
750,1548266212.26071,263231,1340,0.015894526879963643,3.999443779746286,2.1141323575308277,0.03530051612772504,0.013874403936219545,-3.767849227377863,1.186236489670785,0.6258639929512093,0.9525149101057823,2.4622207750252767,0.08580182189933246,0.03284881109899606,-0.43548524669659955,0.7137678933758904,0.4562594089650884,3.994475521653381,2.104125841465261,0.035365717251074125,0.013893531910696226,-3.7535418836592935,1.202690612895296,0.6483003241993885,4.058775529157997,2.0936062265195856,0.03544320926747502,0.013935563067496791,-3.829746556660893,1.210584284930602,0.6314865086222969,2.06465106209759,3.0407057261183366,0.060547022380662306,0.024322402191955698,-1.8955080089862086,0.7716505156314275,0.27274324522451443
753,1548266212.36080,262832,2084,0.01583433313897008,3.214269309709549,2.8215619553783293,0.03481000242536923,0.013735455330394854,0.29404219835380463,-2.7064331743148293,1.7088843886864078,4.667483571585857,2.8596744947088637,0.08116938497695932,0.030915451668275334,2.3350086897685762,-3.1604808747586666,2.5188286861185682,3.132416653454544,2.8705128203114905,0.03552840703472344,0.013940701056670972,0.5497484062180089,-2.5141678600251263,1.7857129535053498,3.173523095052363,2.8225693667387493,0.034932131154646995,0.013784405577324268,0.2958548342310478,-2.6524130796555396,1.699923697019264,4.426563196635687,2.5875435705817647,0.046357010628808946,0.018758522634717823,-0.1494475445797901,-1.939207954093908,3.976380222766372
755,1548266212.42753,263643,2256,0.014905232247691238,0.8588101016049,2.571433310748158,0.030018607680928597,0.012081006066737576,-0.28035917495537643,0.6889951446040691,0.4292309568856578,2.375475726498922,2.9386012074272436,0.07049916850704542,0.02691284153774444,1.9398212131190375,-1.25040643084086,0.5625498609286007,0.6342196199161854,2.6305260744142593,0.030379016057363806,0.012213605554965217,-0.1584436700322518,0.41705402381737333,0.450772748656215,0.8642266126334489,2.5707655919027563,0.03007042710026478,0.012100131659917683,-0.28020806920391716,0.6948940822842158,0.4279591791693239,1.7364590438115022,2.6305969386364425,0.05842081257714365,0.022691353598943857,-0.6910142096766553,-0.5461391156173953,1.4965030702448805
757,1548266212.49429,263378,18119,0.022811645201570006,4.288944403812977,3.9586690375057576,0.04854663102481993,0.019360033975176983,2.1849311520595798,3.5871015575866476,-0.8682294485432352,3.519244699938908,3.2172863578613526,0.11023379035557831,0.042619965595160854,2.861670900943229,1.7553843730939742,-1.0557218456773274,6.059494399466969,4.563090351564758,0.05037354793598877,0.02028805577661454,2.5352773479969164,5.393819533310568,-1.0938701879028632,4.744940178069086,4.128093523027226,0.05075998026820931,0.02024020100447905,2.6380281816244278,3.7251256342255643,-0.9986770719434854,6.555711539176061,3.364415267884482,0.06868576065981914,0.02750453912022693,-2.842089338122567,4.643762427795473,3.6517601910874817
760,1548266212.59439,264740,1190,0.01847294537247585,2.823196365900266,7.76426271975742,0.03754584812623598,0.015483096013985273,0.176324291815584,-2.3273467172005518,1.5883339455177603,1.5614218287456496,5.81931892925522,0.08531569164917148,0.034645811068707684,-1.409575396599735,0.35968854057075117,0.56723847045682,2.9740049633454313,7.716908170226189,0.03770843193237697,0.015576605493251131,0.3258598502467488,-2.442029441841628,1.6658370524091166,2.8567666166743093,7.765429545420957,0.037646469387045314,0.015525207711031889,0.1285543977631643,-2.3567629877834673,1.6002789882930224,4.403139720462151,7.738397800582195,0.045341069518120176,0.01907579202221373,1.9765550263626686,-3.4438686265801244,1.9027975479617114
762,1548266212.66113,257673,16425,0.05468796078872609,3.0785383662158625,3.0789313872748947,0.09660634869241674,0.03923066580552783,-0.07086107528025425,-2.9098795556239643,1.0024859859543367,1.4615546905179266,2.3947724822393655,0.1852004642519458,0.0739759352589896,-0.8146922324193316,-0.05688051555662485,1.2120987116405044,2.7701363785953372,2.9918557610262186,0.09800082369618204,0.039920013088547555,0.12071046864320353,-2.6172000953739585,0.8996378157635279,2.530394551369021,2.8395231214907475,0.0993875744886863,0.040388590055935925,0.17405186029733505,-2.321635482548105,1.1133683986534022,7.2048788980516365,4.410279098583043,0.19739960690053246,0.08090528118378622,-1.9522880899112556,-5.813840483133893,-3.7812841715816443
764,1548266212.72789,260678,4908,0.036236176226747144,6.914674646338227,4.053579232200376,0.0575476193448622,0.023746708784187782,-3.222784600474089,-5.04091876353761,-3.4663414290969965,5.329601217258145,3.464869859277862,0.12304517402807956,0.04945241258890545,-2.148786883216319,-3.855099509476074,-2.987569553592742,6.761184739522201,3.9124038497532783,0.057783222663622145,0.023902866257151607,-3.1269340292917964,-4.914889441746384,-3.4321661430960466,7.077096907351326,4.097496440976847,0.058072177532943595,0.023959277845131854,-3.2541728441810474,-5.235835105585229,-3.463269266947436,10.774525512315673,5.882227786786309,0.08195550917884378,0.034612717609376786,-6.824657803615241,-7.300461132582814,-4.027122189696082
767,1548266212.82800,263679,5335,0.02559127120403968,4.843190677080284,3.5136235558771967,0.04208977925458481,0.01726076195674809,0.21513795547531517,-4.8333659924047945,-0.22087276458653224,5.351817401581805,3.7675045788560237,0.10066834433096875,0.039730211453395045,2.503943677451224,-4.723187250967055,0.2524237554750605,4.661599224000792,3.4050506211708216,0.04289805624215565,0.0175653305005146,0.04376737312455132,-4.661246147926935,0.0370956963929238,4.779599003025859,3.4609848380036365,0.04259415757325105,0.017467072449685206,-0.029145711140624427,-4.7777280886949,-0.0856253052749349,10.87042365851553,5.798720510058109,0.08610351143409838,0.03504056928809214,4.323971485396711,-9.08157920557481,-4.122414370482608
769,1548266212.89469,261165,10177,0.025629804316118835,15.220341053904026,7.121533476571883,0.05430686057097168,0.022422463864399823,-7.591657538716775,12.638775671433931,3.7797972351927602,9.573379595665955,4.962524021513506,0.11977718707052258,0.04792910740804788,-5.5095048694990005,7.32796639307888,2.7560590555332003,15.549929185546443,7.333562845440432,0.05591478596847892,0.023084779448960063,-7.1659441263643044,13.17291682703053,4.113855213965351,15.073162700678914,6.995964007277292,0.05553194563261836,0.022979852042945313,-7.57790291252496,12.407938834317651,3.7887012289169055,17.55959471149218,7.82430161841792,0.08046041637191638,0.033257518791020055,-6.203555945182521,15.237641372345868,6.137552075105225
774,1548266213.06154,261663,3909,0.025908681290174717,10.479713528557928,5.731801567169621,0.051280141549306706,0.021106042593068093,1.3246240781584657,10.13029792672643,-2.333844598075262,5.1799498710554195,3.536837773879324,0.11482504888243458,0.04585431658969028,1.031675096532082,4.485245807501929,-2.376993312596596,10.987131594498562,5.941202088076298,0.051933330776680775,0.021416276907221605,1.419501752056413,10.580304674612249,-2.5998516194420564,10.510715475832026,5.740586472696242,0.052119925613624524,0.021479262182132926,1.2707138826181987,10.147672999448211,-2.3319391981529414,9.712813263790293,5.571628989691404,0.0731411190091832,0.030802004956609504,0.6449236482585902,9.528755299048285,-1.7679472379108845
776,1548266213.12829,262613,555,0.01391931663263664,4.313561194812987,1.8514008111137292,0.026300069797742003,0.01089653455385545,-4.28212573515076,-0.5019002778218851,0.13529774897733912,2.3761751086998055,1.5323536872528976,0.06602960106899942,0.02597134099442536,-2.266144303152533,-0.6214032384653227,0.35306679214939396,4.253911073764654,1.8533191451550617,0.026386768521351352,0.010921518881041169,-4.222741399570987,-0.48101331233446376,0.18122000221786258,4.313277228616451,1.851411325502299,0.026302270518937798,0.010897715974167662,-4.281878661030099,-0.5019204697806734,0.13489277584995996,5.270381700292743,2.814106735905421,0.04549194395470481,0.01767323040747784,-4.16550707748567,1.5642840201183361,2.8246220204834187
778,1548266213.19503,262030,1118,0.02785921503199461,2.053029512584147,3.1071860956883155,0.05415040832964633,0.022450252771286146,1.8753654689572454,0.8004716329890051,-0.23912277633924334,8.694844326253058,4.134920202339915,0.10354695445620708,0.042328811637800466,3.7027575010760425,7.1415624529039095,-3.299695512812234,1.897651375711601,3.0406737814917717,0.0547848966463977,0.02256243177145603,1.7039528473578318,0.8317764097013101,0.07598316909466021,2.0521797965560644,3.107245068727703,0.05418515747116265,0.022470654362990682,1.8761697385727985,0.7983442457826992,-0.2522695556651736,2.555079399685868,3.4964309355457175,0.08238202934012546,0.03269617595158007,2.3706529938032714,0.49650985529129427,-0.813580411065372
786,1548266213.46200,263236,6209,0.01767992642632333,16.516814218056584,9.306272938525828,0.04553111418934154,0.018316704656450702,-8.63621883850433,13.967215157521329,1.7713771001019023,13.58768113176196,7.6276802401843895,0.11160793652810495,0.043372193807095276,-7.934007266737875,11.014096850115354,0.6052088945724406,16.745450145937042,9.472433359537987,0.04626350466824501,0.01863869698052938,-8.801745771548301,14.061691322413395,2.2821501081783135,16.844204620495823,9.490792327941488,0.04627389876120038,0.01867312326931524,-8.794452815211399,14.210139115019192,1.945195760823622,10.376479147751336,6.156596085871358,0.06600325505109163,0.0279128229594005,-3.1583383684478363,9.71044860325496,1.8448322898443588
790,1548266213.59548,262687,802,0.017676928789852532,12.919619552688463,6.36871951682171,0.04046963587120346,0.016388043449529197,-5.425347431474011,11.714628260493457,-0.4996592363365384,9.40183896035811,4.976758297857836,0.09612420195360952,0.03792813535225862,-4.735777206324589,8.056655890586384,-1.028244109754031,12.858627611575079,6.339822383578091,0.040509922427391876,0.01640307110061065,-5.395661124452994,11.658664221547616,-0.5537992889424315,12.92068408276801,6.369264117355657,0.04047448611722898,0.01639033192785464,-5.425215534650714,11.716000148669849,-0.500464616204678,17.637405044411505,7.7456467055922795,0.06990630741701875,0.02929052962628805,-9.797065033507659,13.421470911670706,5.912672153690842
793,1548266213.69558,263367,1872,0.018713486796998656,19.920237344446587,9.259196196522002,0.04891198230772483,0.01938612261209585,-9.218542349295163,17.370418396364048,3.178505552707664,14.349016548935186,7.118289035932544,0.11365567837841742,0.04400242040186031,-8.299109694118012,11.603486259368257,1.5421286701388808,19.668387608951253,9.176601137742693,0.04960216269703123,0.019575320125949477,-8.790372521135039,17.14388320803351,3.9575359284443317,19.947704974391275,9.280928930018142,0.04908853697406888,0.01944641417519892,-9.19419890126468,17.414358686830766,3.1472358199460775,24.769013033707438,10.159887670079042,0.1335733153471734,0.049421338312829466,-22.08179308973217,11.22042767036779,-0.020579122201126083
795,1548266213.76233,264318,2437,0.02122363966228866,7.402005627720452,4.361264130651684,0.04840730192724515,0.01927194765740322,-2.323131384782922,5.787546999351106,3.987110183095501,5.585586079136848,3.355668943341932,0.10766887771533791,0.042300848235496735,-2.0631877198651467,4.10467532498369,3.1770534708303293,7.697162340651887,4.627962192828889,0.049139897189684104,0.019650650774549125,-1.9668425796192297,6.506544413106085,3.611470360618289,7.392769372146029,4.355769885481369,0.048566826124801024,0.019338267737171254,-2.3149364865435373,5.7936491618660435,3.970046300260112,20.365368862008168,6.3466905958690525,0.10962900315022159,0.03920766856838515,-11.383592106256518,9.22509021276532,14.144249368926147
797,1548266213.82908,263161,2347,0.02166293568885098,9.848940327105517,5.928380649774356,0.05624398291258298,0.02234356987201673,1.7525627270486974,9.613753221414582,-1.2271505418593518,5.78112606068735,3.9461787272458113,0.1251457291467866,0.048496631304038924,0.981449496230683,5.521007480802189,-1.4059344980592905,10.3330125503071,6.205854969232394,0.05673458752944665,0.022540590107984964,2.435878674034338,9.95063059891162,-1.3500348640655704,9.90362429922408,5.959586897348929,0.05684106970946534,0.022539452986030755,1.7607547154498273,9.642881786466015,-1.261875748180354,26.463240161789233,8.784003800145992,0.10790733620314186,0.04310227322840701,-11.521866038990037,16.352121011913454,17.325063383775575
800,1548266213.92918,265244,1378,0.02130172891580514,23.88674066616023,10.586235971460157,0.06204185668892944,0.02422892261692906,-14.321826503650469,18.582500574178617,4.489135513924622,15.84731772877393,7.662258072609776,0.13788554746182424,0.05255354814013531,-10.03306985352659,12.212645887611666,1.151637501460535,24.13131983039183,10.75668532302243,0.06246107777315277,0.024431081464621494,-14.114568549908334,19.08382579942751,4.3482346146114885,23.89319017919536,10.589133070950147,0.06214317508890006,0.02426860932055666,-14.2929880476083,18.586246138155435,4.485056189085245,18.805522761823585,8.144149855048687,0.08999716992300182,0.03661067447646356,-8.733751678807018,15.207175713395142,6.790513587375074
802,1548266213.99592,265678,34997,0.017442221111715152,7.489098146815145,4.916638714939128,0.036906413890714,0.01492977978718345,-3.1486388448208262,6.756102440312874,-0.726460111440295,4.7441042031185034,3.5897417917776986,0.09011557606878547,0.03528699279191091,-2.178084130674278,4.209970773174963,-0.19652047924866087,4.033650080863205,3.299185833555688,0.0814800737358674,0.029684306250378087,0.7333383395819161,3.542715924476964,-1.7837353315456594,8.253713669023629,5.069407698359768,0.04035769150558823,0.01646122860427522,-2.442809430491798,7.705729657960527,-1.1635124521526978,9.052351708703812,5.500115008157946,0.07195939516225129,0.026660465507571843,-4.276206704326968,7.976486448922258,-0.1865250924178385
804,1548266214.06262,265044,35723,0.041882046208934154,4.698139809612696,3.12739876062822,0.1061436208562616,0.04046933574946002,-2.0542840052335016,-4.1921964573742265,-0.5271847487251556,3.9990056890203416,2.5955466247729975,0.20121625932956413,0.07677331501884978,0.483051721933982,1.7538692094924158,-3.5612708870216716,15.111321604387077,5.038045671410641,0.22420577667728545,0.08001054418573303,-8.30960287290842,-12.597036531580814,0.7856279958009301,4.841410388961911,3.0223090880924546,0.11282239046916846,0.043439681832048826,-2.2934565425918207,-3.9384354714221237,-0.5869932011553873,5.6586908424536375,3.302676187058221,0.12859895700963814,0.04965601023329105,-1.9954814828706766,-5.144217535987074,1.2553332802216226
807,1548266214.16273,264943,565,0.015924820366521104,5.644061617877373,5.079627043020726,0.03822645282293446,0.015168006179320641,-4.80551143236703,0.019215471592864526,-2.9600882056853957,5.012826064284183,3.635833672440025,0.0882847356383047,0.03398069477193486,-4.597996660547401,0.554632423637387,-1.9181331379786761,5.514396066587162,4.999976842437885,0.03838849732902993,0.015267616424070958,-4.657355262784038,-0.04259521259157271,-2.9522519511847354,5.646700863644468,5.081175280932593,0.03823980696182368,0.015174271105677062,-4.806492615334142,0.018905319588982002,-2.9610395944069934,8.056851350991684,6.283368067329387,0.07173640622806524,0.026817015750738186,-7.498046547344687,1.363997537382334,-2.613744896473999
809,1548266214.22947,264586,502,0.02064754492238175,23.524570406449442,10.131649438626548,0.0619258824287331,0.023878990524882706,-14.186056678364222,18.172028835087257,4.683863441966689,17.033239125279106,8.359858635700114,0.13907913168604838,0.05250871046258227,-8.39318323937624,14.814233862428296,0.47348207830442396,23.35642269579489,10.026142454947491,0.06236039019961739,0.02406736444772495,-14.034343030736377,18.01703751582944,4.893470751262192,23.53056061151657,10.134249111268012,0.061960835496778645,0.023898912929064403,-14.16515477585925,18.16438208303598,4.703266107049789,29.144085622382534,11.58476821284778,0.09243070264004338,0.03641832215187699,-20.46613568494342,16.565348492475685,12.494168488262169
811,1548266214.29620,265720,616,0.015272161280345177,4.805885391096415,4.216238141726703,0.035376228452284046,0.014069051799077834,-4.108085088541665,2.0469405303703097,-1.424852891628774,3.7880731379249624,2.90175931431348,0.08857518896427724,0.03391116356968746,-3.7670270538547603,0.1943801671920978,0.34816895955464905,4.805582025374659,4.153301562373392,0.03558801141051802,0.01411472327857667,-3.991968859757971,2.028465804675578,-1.7444568508818183,4.803915537352714,4.215102168233634,0.03539078589714515,0.014077892423499676,-4.105111249095814,2.0486619940286817,-1.4296480692447995,5.168692717092828,4.141997541997113,0.04956910500564684,0.01989745646336921,-5.020032220270005,0.2714772528869791,-1.2004003550250977
814,1548266214.39632,265671,2852,0.02058283772248835,9.191168283648066,5.856688069728354,0.04827907530588702,0.019201224638078943,7.05210705706411,-5.392454075934964,-2.3805040459904965,9.130869375965274,5.6973189939405415,0.10993004864802908,0.042790672981248494,5.556725952092504,-7.066943587386281,-1.5980865392656454,9.386593013712801,5.935113213280549,0.048930916316234634,0.019393651858421658,7.342552502259008,-5.4417175415066605,-2.1407385069434883,9.199893249231819,5.862508663888521,0.04852663925797386,0.01931082546625961,7.066065994573396,-5.403017833067889,-2.337424374267707,12.039620411876113,6.9612879268469845,0.0630508084144524,0.026047586894507122,8.963636658308848,-7.510408619249553,-2.8634664118490556
816,1548266214.46306,265737,41648,0.023945209029056006,11.16064924955357,6.349308745202365,0.05267261678347484,0.021539156669060224,8.211262044000879,-7.228271159028562,-2.2107381952341254,10.9322105463725,6.227332916069199,0.13168771087622952,0.05139487098892205,7.8849691814108365,-7.224327007663836,-2.2692703066753284,20.436791046293393,7.074369751244113,0.12245223705036486,0.04421364411031896,14.26280907014862,14.389233082118315,-2.680424781040467,11.689948015568728,6.384088049868102,0.060136851764004295,0.024662239822736534,9.093154919336527,-6.6914461299475665,-2.4708338100002205,12.502648160683423,6.614420791570618,0.07960679063188997,0.03315282653996057,11.104729468365093,-4.344555814157321,-3.7584610204093214
818,1548266214.52980,265306,5845,0.023236276517102677,11.05236752178306,6.743491281063354,0.050132911176569324,0.020614343861457014,7.574455964705821,-7.174933908324654,-3.647295996552858,8.325538599500238,5.340977880687875,0.12216930633823979,0.047853190127254974,5.587428987844304,-5.8112582443448675,-2.0795451173512363,10.809626342706574,6.507671456901202,0.05073760571342856,0.02098855970376476,7.20197426404712,-7.028047848658634,-3.9479275330106542,11.208267736184103,6.794701171239626,0.05073478698863305,0.020858690568250744,7.662066023185985,-7.324172619738398,-3.7050348564671154,15.904100471021698,8.854068917133876,0.07479669580508455,0.03181543252987565,11.445906392704707,-10.038809843889384,-4.599340774504948
821,1548266214.62993,266075,4346,0.015094372025156318,1.5320541549001987,3.0751401936823575,0.0325975870915479,0.013106589314615577,-0.21765346082214856,0.334803178314251,1.4790955805254031,1.0678367757704534,2.3329745095377206,0.07538164194114971,0.029263595782295666,1.0653163621562094,0.009851887396721678,0.07265926317284067,1.8073296685807894,3.059252024282239,0.0331731318860246,0.013392897366406569,-0.3567766434969117,0.3977333537303292,1.7265454343624578,1.5283014068399823,3.1034088461608844,0.032795534456095,0.013183628614096044,-0.19428183842198699,0.32002279204643846,1.470097475692862,4.430732973014745,3.0340534895437417,0.04710889584644043,0.01867181031570247,-1.60083964296978,-0.4440828171962009,4.1074928566130895
823,1548266214.69665,264876,2278,0.015853361541834747,4.461697176980776,2.8590882723718662,0.03194884725428879,0.012938202743120946,2.242774865876773,3.2753468158713877,-2.0368617615908087,1.8934474205687262,1.9774400559070842,0.08014478860268962,0.031049722821898874,1.4553494570129137,1.0504782322190025,-0.6029896981413694,4.964956700427514,3.046333257786314,0.032714307639147455,0.013134897799085181,2.979099408931724,3.1878280482448025,-2.3692855639720714,4.509965411370481,2.861084976535555,0.03228004242463435,0.013038985873100192,2.2587325097433846,3.3311642923267373,-2.0624737331802776,1.35849800476163,2.272435720619062,0.0457557733514532,0.018119367759935074,-1.0396058132828947,0.48148201088862796,0.7300079829155187
825,1548266214.76341,264924,1659,0.014994723772720483,4.191882275957266,4.069650094703482,0.029908305263763653,0.012195402221459012,0.49686019492652567,-4.099440601130897,0.7208284955395357,4.496644342183909,3.457056724826919,0.06868234497447676,0.027095638985466863,1.7308593876219183,-4.133394622782081,-0.37280693761223044,4.255219977468319,4.144629078280405,0.030488783671292544,0.012348183252516465,0.9589064562423137,-4.138131436417241,0.25152272214985777,4.199819702548499,4.073739994780206,0.029976204252907177,0.012222152473941598,0.5125016133467688,-4.105076309430357,0.7184914901231094,7.849461548550643,4.848856861692549,0.07423076467300704,0.02698214366636377,0.9491692209680569,-7.7900610794765015,0.16754930667526277
828,1548266214.86350,265014,6146,0.01815478501933879,6.956303004204094,3.2396691881717503,0.034875863666751265,0.01442139835200924,-2.6201584317603244,5.14131773274532,-3.8848131550607032,3.4060882512486415,2.1654382110619887,0.08415231609617761,0.03378025208767043,-1.5855014434867742,1.1816325099897744,-2.7733313828914588,7.00742187256429,3.2961491835190038,0.035759580918303446,0.014889214687298131,-2.7406573211379066,4.956517038789095,-4.126220739657416,6.8090561482273415,3.1697990156182616,0.03545333675712209,0.014699671234957658,-2.559398812213767,4.949442342824383,-4.022083849300646,7.441024534953754,3.6278996241700074,0.04537659437337337,0.01863291224089465,-4.894762561306623,4.874567693446417,-2.765634719232323
830,1548266214.93022,263417,4349,0.015010916524257008,5.456537894756137,5.012878643554442,0.03179783951603649,0.012906679322000264,2.8963288396354847,-4.600335205404952,0.4711698711900756,4.778604914028657,3.8015383643990504,0.07667821522460878,0.030175949240467764,3.595814318987237,-3.0225180011971267,-0.8772509562174952,5.383650444149021,4.979864335219774,0.03236186279900402,0.013236390068206877,2.8436963923977627,-4.52883303559063,0.6218957053983073,5.441224154575156,5.005545323674713,0.031959740252940544,0.012977406009364133,2.93311677979956,-4.583807058699808,0.47656925053058563,6.346769445149296,5.383574457189054,0.048041299309429644,0.01876093659301648,4.381446004319797,-4.522878196987953,-0.7924557503872263
832,1548266214.99700,265211,7926,0.02403322132314472,5.0701167648441645,3.1293789916468575,0.04218640778430772,0.017718534461245057,4.826512488858179,1.2024554735379172,0.9823248129863149,6.941216709282097,4.026350691458563,0.10479591660688697,0.042000002097448814,6.668785335732406,-1.7386807441802503,-0.8275148463648347,5.868140569519778,3.297394405597105,0.043891834134132904,0.018410611096902695,5.353627255725445,1.4494064913147267,1.9164993538564739,5.066936735985304,3.1170297264336537,0.04252054625516175,0.01791593168408165,4.794908693063537,1.198348511112337,1.0154599067354697,9.780666835971882,5.440622280920549,0.07167621209667979,0.029852736935514955,9.459899388231156,-0.1972753780077686,-2.4764550765269164
835,1548266215.09711,264587,5431,0.01205136248622319,1.6748394876740922,3.383212677775908,0.023493942235033385,0.009722180893485938,-1.5481686390183098,0.29296121463015656,-0.5678335155263673,1.0238766866556899,2.674130746591188,0.05837701714141389,0.02274565895013942,-0.1737831453665179,0.6610315822193527,-0.762338596144871,1.4118519598484842,3.5557888029671685,0.02422291328887103,0.010074149938589155,-1.3041789734517701,0.2655969153741195,-0.4710641572843828,1.6133783256481968,3.4153816014160423,0.023647047593319682,0.00981563488988636,-1.4983723602955394,0.23949966301829584,-0.547238512327221,2.7986682315981923,3.163844615528605,0.03492697469453527,0.014534685185141954,-2.294747568287586,1.1400052863850834,1.1256400025804107
837,1548266215.16385,262440,4667,0.03537211083477615,4.222903701277823,3.2398830499554703,0.06849285012860189,0.027893601500286264,0.563639245085635,4.018610306022623,-1.1687590341871144,5.414629349081101,3.0868699458521816,0.14356424936874387,0.05717174426087776,1.1210103199717767,3.8155535798292526,-3.6746561376405515,4.706024284922221,3.47084690967135,0.06927693112157574,0.028306449933942376,0.8843991603484802,4.586726667448716,-0.5713503072261333,4.2076743596739306,3.239456772878656,0.06914835914893791,0.02811408013004663,0.57568335065994,4.026600996980884,-1.1453333557836889,4.766106582494745,3.9383666949997864,0.08664579895591691,0.036338686328540724,3.1103816980323917,3.5932830338115274,0.36002039826527865
839,1548266215.23058,262868,2997,0.013594029320171957,5.5769089455294285,4.8821219468752215,0.026279036580420016,0.010907931292119723,-2.902832441943359,-4.061279003413287,-2.4862602553155395,4.096027529333592,3.853738644915929,0.06837441622180715,0.027426758157742186,-3.09805649343088,-2.2835684608586693,-1.4017141538633964,5.522290175034857,4.853644296442103,0.02658410727706292,0.011098632676046551,-2.8465549157072636,-4.044474386316882,-2.456632008986288,5.596669455901047,4.8784767633246915,0.026309682477484605,0.01092656315783527,-2.905402824351474,-4.081223045668967,-2.4927886060815068,5.95235891735771,5.059042461063725,0.03454315509560303,0.015576066953730802,-3.0303856435673184,-2.4307952667279453,-4.509830806533872
842,1548266215.33067,260767,11377,0.028735367859760285,2.9796734859597835,4.400806947905369,0.05336989649046941,0.022123270193133707,-1.8813438892026202,1.0619150809373414,-2.052153896365847,1.7323985313155785,3.4096439357989796,0.11317409157795444,0.04659319282890148,0.027248480934043362,0.01254164619597916,-1.7321388220064393,3.0040094640069634,4.119781161991653,0.054276489057074453,0.022603554980247534,-1.643946742012039,1.1502274507278296,-2.23573003309066,2.7901259336766007,4.232940718325883,0.05441903576259899,0.02272346880051787,-1.5271609360279736,0.8914049452003963,-2.114573487473894,2.751437224544453,4.683619935297251,0.08579499543926256,0.03545867583864369,0.020497312139841687,2.2554897874953537,-1.5756752455084426
844,1548266215.39740,258784,4288,0.03562687395425045,5.706078478233599,4.09605321887572,0.058731470146326556,0.02433503225505902,-4.959178623507607,-2.7713338087683024,-0.5344042480029882,3.78058243983815,3.105780166853481,0.12775395209736934,0.05179245026628779,-3.1625195961429626,-2.0615648355527685,-0.20303649237665602,5.729763606778651,4.048594020350185,0.05948529981545134,0.024741993733578806,-4.887929769239891,-2.862189376168053,-0.8638318907601648,5.713250195134706,4.083442092646403,0.05909365127286012,0.024500949582482966,-4.959495643646353,-2.748457382268832,-0.5270272946271273,6.386445996135661,3.7271032588697586,0.0790497606406772,0.031865639974634,-1.2458795387916966,-2.557893300361418,-5.717661978496418
846,1548266215.46414,263113,932,0.013596720002833114,7.465349866738057,6.336278829808182,0.026709260775204583,0.01106281958967619,-1.0936905501548684,-4.2580078364108775,-6.033627340031155,5.175948545295178,4.8737686426685265,0.06268305536950304,0.02523940776726321,-0.143118288703749,-1.7725343928195,-4.860872588872679,7.419357235318716,6.3714513996220115,0.026920237814666365,0.011176590026876397,-1.0628366300558287,-4.210120360981987,-6.015989247757401,7.465623515381968,6.3394464934905805,0.02671829747713695,0.011068830570385362,-1.0908952062756767,-4.251328973881643,-6.038389296494014,7.34738337352203,6.6120316017871446,0.041614218107261965,0.01742886758470532,-0.5519221513775039,-3.8845886205211126,-6.212036350959698
851,1548266215.63099,262208,15871,0.03804739957260847,6.119340435383411,2.9505682637309163,0.08365011686720886,0.03220995225820186,-1.8277194309285163,2.620840470813244,5.218904508847829,4.60894011935489,3.1336098933549232,0.1690950236918211,0.06482485358727272,0.08229597001167012,4.520875934437602,0.8928813933226736,6.067426077935751,3.01668853960034,0.08667013184870181,0.03336886395294479,-1.1784330962962832,3.2006630976290147,5.01803849967736,6.28298064026579,2.918403062200385,0.08560144855574683,0.033277594936565985,-1.8447647925817905,2.637207134155608,5.367759744146465,7.011906287227288,3.7373104704537905,0.10847442368043103,0.041797942600938096,-3.9908293357828932,-0.01937029858675293,5.765391208326188
853,1548266215.69771,262203,35192,0.014393167964250077,9.804877875891755,6.059336513713267,0.029776872097394082,0.011936682368549494,0.45861258425603174,-9.708841207457386,-1.2898476914314392,6.159565039365821,4.075298094638686,0.07576040523213709,0.029793441355418802,-0.7085773237983637,-6.1161246024068365,-0.17657717352541563,4.743208783659985,5.107000188987115,0.05972002979828478,0.021683315719574735,3.514362523848844,-3.174626880783677,-0.2627351977975338,10.099554952864574,6.064979395468238,0.03417321281192264,0.013331063154814788,-0.5060808869337902,-9.897665229137601,-0.6215479518893512,10.723007198254818,6.135285981103381,0.045565827874158714,0.018227252156382212,3.933557148137678,-8.963902424252213,-4.3770383668235
856,1548266215.79781,262714,43168,0.018695583590553008,9.106626576660345,6.360864601501729,0.03928657630851514,0.01577391715727786,0.315910373708693,9.095877302557163,0.309619668860284,3.3763437277370505,4.150899722567942,0.10095415799923746,0.03902600149301113,-1.3705153527106564,3.04017987430769,-0.5279118938498957,19.778169261709255,9.629809436805479,0.09535309702966668,0.034227597181663544,0.6006110097510807,19.737548487038243,-1.1155382026631997,10.483936290110183,6.60851313139892,0.04537253207260768,0.01816374776203561,1.0093493226968389,9.762387658711642,-1.160476926795952,9.12305388577123,6.429109000034773,0.06024639955094466,0.025280215087310955,0.35077248490650587,8.631328654485914,2.933809217513715
858,1548266215.86453,263439,44780,0.032870262886293085,8.35325012311097,4.535856992003434,0.07247218930661127,0.028331074457852816,-0.8214111750382586,8.287479586551614,0.647883788395707,6.76108587812789,3.8654872535949187,0.1566898332756224,0.05939795703486508,-0.5193892725437939,6.065804240568289,-2.940839327486387,14.095455357810817,4.64430503173353,0.165727687816487,0.059180910839755255,-13.296716467042778,4.606819280035906,0.8101907554400654,10.949901175520253,4.57131319060095,0.0880813023740476,0.03490089888872161,-2.4216058820799744,7.470515003968611,-0.5790530400778341,13.913707841893903,6.772217006018903,0.1033473404777334,0.04178891094029318,-1.1010065507295446,13.702490257876581,2.1496072240360404
861,1548266215.96464,264522,41038,0.020084075689594576,15.81608986582938,7.436448011726773,0.0441239090441861,0.017440480334813584,-2.6149238663471928,14.484678289177666,5.788347490970445,12.614964348434743,6.162489254043688,0.10498395644798088,0.040250299360699716,-3.7313317295908557,11.215832181920009,4.406767239489231,9.207470835285603,5.380361324941392,0.0873893903448227,0.03148605792668464,-0.06976063213693581,8.727741507056038,2.932435987852079,14.675463948128286,7.235859896674704,0.05091591538233382,0.019918862169435777,-0.5524251517775894,13.532890061904634,4.348001269907294,18.259356002160217,8.964966778140994,0.08700867937759185,0.03258850644985976,3.423563870165801,17.750309915070122,2.570951177965664
863,1548266216.03139,264861,43394,0.02336558987887965,10.924223498009354,5.77706647490283,0.04971515092170652,0.01973824903016418,5.972960389196991,8.93953370497459,-1.9357531767161646,5.679581194508617,3.487544434298287,0.11971552404148679,0.0459594648099324,2.7278090731144298,4.336182859638761,-2.4523903468708936,3.0697465508933535,2.3221375531730297,0.12272035407803907,0.04331849080622725,0.836925424572587,-1.103242400083647,-2.7396634696771263,11.66693818566004,6.149258368657038,0.06253677033926167,0.024285785893529144,4.400722241354904,10.458586876016845,-2.5390514604640466,10.936169407979502,5.285722164398883,0.08666512336062669,0.03440709604970898,0.99670865097666,8.186250350422888,7.18273474279095
865,1548266216.09813,263573,39871,0.021878641294774147,11.446652895250164,6.21067523477356,0.051123439945356355,0.019747469906678285,4.3411497543885265,10.577262569271783,-0.5493613155232957,4.226979793283043,3.0399380260277877,0.1251772482444167,0.047491290420035345,-0.09137012295087989,4.049810554815329,-1.2074949869715643,5.380816445564491,1.5756932423189354,0.09882599344681606,0.035423753003654995,-4.365034635793252,-2.321016615929404,-2.1242740213452143,11.204409023817602,6.103606857146113,0.06087414951434208,0.022847568827829054,3.7233636334011235,10.368078741348306,-0.9796425980349697,10.5074079660877,5.82888487870451,0.08492886182715106,0.033050025547507855,6.93547641296861,7.165202788323307,3.3112925109635385
868,1548266216.19824,264786,10786,0.02335676895070916,9.523679199636804,5.272462591423263,0.049633623847174076,0.0196184354693826,2.0710911543828763,9.293508981720533,0.20429815102319604,7.1110123817307915,4.501679065175958,0.10467359787458,0.04033220202244773,-0.5428274921949877,7.042058170649289,-0.825379990087906,10.621419160101055,5.6966368071929185,0.05113345358357617,0.02034447641893966,2.4799079199419025,10.325925669806887,-0.1996515584573272,9.785631754870819,5.361814509778414,0.05065908631450239,0.02008814072859773,2.185252887275219,9.56388571425012,0.027063416041723565,10.602556466345913,5.502725056763866,0.059928049694426125,0.023859025809355953,1.720729022773785,10.321709375218747,1.707515981113771
870,1548266216.26498,263832,11829,0.02032173232368948,5.134069230170072,4.049938045475352,0.044364727969466,0.01749613053076214,1.4328844089928154,4.266136840747019,-2.4709483172793134,4.022147585319675,2.981085948596233,0.10647860970061851,0.04108453066360676,1.305664259921962,3.3725158457586377,-1.7604115736276627,5.4003233911014545,4.017556521469783,0.04564803955723414,0.018073639560585678,1.343299154974053,4.707322420076384,-2.280384998672312,5.418382775216399,4.116909330689509,0.04534867395517648,0.017924117575873838,1.4629742604652316,4.7179753847555626,-2.5794608673773483,6.81601639125654,4.511312097114103,0.058667705861307165,0.02273495009006869,3.3839191783802454,5.050341808343245,-3.0824045904080277
872,1548266216.33171,264097,6155,0.015470184162416174,5.544595635362635,4.409570054030774,0.033191989780243236,0.01321888211719897,-5.077559311768042,-1.60709609444312,-1.5421330482113698,3.651518353471694,2.361709816966992,0.08053437019581913,0.031207481910047474,-3.2017712608549647,-1.3905766122014867,1.0717013410937193,5.5395524561420615,4.458047040694144,0.03372148312046955,0.01345127104639478,-5.236451734560647,-1.345465558557166,-1.2066221764507696,5.560501361239946,4.450142064773586,0.03371785387208788,0.013484407208849341,-5.084004256377412,-1.7680578723872462,-1.4767860673606241,3.6828321984984944,4.266360791265046,0.04334925644281015,0.017373192862048588,-1.810958439856623,-1.2402889923475413,-2.9572564560536243
877,1548266216.49854,264609,2755,0.014100848553813643,6.814469658709181,5.091268160813835,0.0304182575682816,0.011962074682364262,5.413251836219083,-3.803566324992653,1.6329680029077818,4.492523377022909,3.4243275238180138,0.07683126847941937,0.029754266870242022,4.324557948888808,-1.1856760100547337,0.2741117271855462,6.71908951282561,5.065647124530241,0.0309598980177048,0.012127974407004808,5.200792020776158,-3.8909532971226803,1.7200025225575366,6.82690614683432,5.094471839244433,0.030934835833576507,0.012215963579472734,5.469066711551653,-3.789580014824365,1.6308923695688498,7.335225275719496,5.432795328879803,0.0374692498015483,0.014981090301805769,5.847689626843382,-4.143214461022585,1.5632753447924017
882,1548266216.69875,265605,3261,0.013484734708140227,5.695473341549981,3.7899553815649236,0.02764194417289672,0.010854496387919596,2.9969626490633723,-0.7182075157227014,4.789656504258421,4.947576390762051,2.6230530305104955,0.061035028218041985,0.023903130475784268,2.1457309171654533,0.5298003967008591,4.426472920193001,5.746869123485329,3.84018188612791,0.028179934041366334,0.011056198113789554,3.2537795372059968,-0.6494603489498283,4.6922941831124065,5.678171486053685,3.789470477051702,0.02799308630036156,0.010990287775530322,2.9966916468279243,-0.712372204504252,4.777001859951447,5.611216596975319,4.154302145034105,0.039159791897427534,0.01520055792902856,5.017180348976325,0.21246418804195286,2.5036996650590404
884,1548266216.73212,265762,38463,0.016069888338351563,4.500489050930308,4.445478629410939,0.03444658321443705,0.013540751337127583,-4.192216990669863,0.9456480228354333,1.3362141361286153,4.890449333391182,3.124640799301351,0.09004038988811634,0.03437722716172755,-4.17754958085785,1.3129362589738,2.1773315231752233,6.6679075302596695,4.087143885297795,0.08218393737048517,0.028888638963737286,-5.5144247596486204,-3.4738343571079335,1.4087530875367644,4.100408513388282,4.365757287083195,0.04100995392925812,0.016103156252009365,-3.42128168757808,0.9890758456165539,1.5831064171584945,5.062099941490832,4.6200706557668365,0.046207479620481155,0.01954020107691746,-4.462613743675534,1.1917118536442142,2.071172916558052
886,1548266216.79885,264614,40801,0.01880027021207006,7.956724487302112,5.467430422625969,0.04154394878326841,0.016509484745264237,-5.070103716354733,5.964526112295001,1.4240579791532548,7.294947872058413,4.4365248535867,0.10155754271388545,0.03906323751728627,-4.970882583325238,4.628758335006589,2.661049994823546,7.871617677637466,4.557569454260811,0.09846726774731647,0.03470301951505089,-7.672710316725745,-1.6634224738457668,0.5700060806779106,6.9169081276791955,5.1351512026390544,0.05733427782635342,0.02178544524108815,-4.101385217170467,4.3072298550319665,1.257600995630376,9.972466187622894,5.714670004026817,0.05862101818080471,0.02249097734996816,-8.65496102195879,3.0164280264457926,3.929744715999795
889,1548266216.89895,264193,6905,0.01609978626407568,5.466271124323966,4.967316505337494,0.03756906450785717,0.01479527356283751,-2.5525240896124446,4.698683630199557,1.1345099910802328,5.498310182222023,3.990200599295274,0.09622377073009196,0.03688228146889983,-3.927779950135434,3.3339608106495358,1.920589710555996,5.183915937845334,4.8229315154582775,0.038647070529776145,0.015303115715416002,-2.403915824462853,4.475292664275025,1.0324382444631235,5.416852133553593,4.932108858959949,0.03815692895850885,0.015065652136267428,-2.4244014132116827,4.643355290444025,1.1007931439218424,6.179676692651983,5.007187483976491,0.045385388258646915,0.017950554864269243,-3.3826159178216275,4.4250979174454,2.6767185132595253
891,1548266216.96568,265000,5200,0.018531306510511773,9.578722873246743,5.360175582779515,0.04122342209395755,0.016195310849305797,0.23640753276662188,9.19491595339295,2.6738668573718,6.591843617738276,4.19701004650618,0.09977351199401402,0.037840299150214175,0.01600124946399393,6.374706765509201,1.6778736229238687,9.622923086158707,5.35286911333354,0.04159078956479821,0.016410362494481797,0.2200100832614594,9.1959012344701,2.8262421642988773,9.650547159789555,5.405441471013628,0.04171914554810566,0.016390397888591562,0.3045910595446594,9.287587958069793,2.5590888179115483,13.250254311838377,6.833798964383194,0.05594785096701871,0.02202238199848711,-1.2017538250075774,12.921652439654673,2.675056130483544
896,1548266217.13253,263595,971,0.016584419662019987,3.6777977008374165,2.8062641975053397,0.03216514357202417,0.012897364721524973,3.202255581723817,0.9876765703690286,1.5153382823474488,3.7501877197308544,3.156260015080794,0.0730706757632548,0.02826776799323007,2.7458194796438575,-2.3839770252487504,0.91708061887413,3.7104509322491173,2.827473943500788,0.03223580338713197,0.012931622403557039,3.18127448923808,1.0876737906373641,1.5696829201822526,3.671843837219101,2.8125672200771605,0.03229817442041668,0.012973309583048997,3.1914727274556407,0.9733748075771396,1.526574406772451,2.8989506652781123,3.4331691482293154,0.0431308287630095,0.01762774191118401,0.5961426742524722,1.3872221671695897,2.4747006951477646
898,1548266217.19927,263181,9277,0.019390914527055714,7.49322996909073,4.129935312880484,0.034230713792926276,0.013930957390329146,-0.19830740177375064,-6.581939731214159,-3.5759249039578123,5.66111081985812,2.897232529175535,0.09112439331103593,0.03580596394068423,2.457832628426545,-3.467609184134653,-3.739374417126687,7.2117737873787,4.089735767301756,0.035212384607787126,0.01445105982953155,-0.6503360296867182,-6.324592180415768,-3.4038622122873234,7.589270079875572,4.129307213635247,0.03485422405948927,0.014263853446222413,-0.13884255072987212,-6.697314421124474,-3.5528695826119456,11.130519206745749,5.064877437272685,0.05340206032115504,0.022360780525286915,0.05592555945870306,-9.531656762558052,-5.747421117711542
900,1548266217.26601,263593,37779,0.022270881056260173,9.7396429404069,5.32768820265736,0.043078981015815,0.017541853861056035,-0.38632556622191805,-8.957908758527516,-3.8035861811450165,10.016075738387315,5.5326618012974444,0.10478695201076393,0.04177846617404602,3.6839297081495186,-9.037670737789375,-2.2518753823935405,9.41046909597758,2.1074661880833885,0.09545099899766336,0.033933181221747585,0.37184228731513763,8.83010610494829,-3.232319305865106,6.56671084667102,3.415721592639489,0.05802513666788275,0.022514161878467956,-0.6669122903523945,-2.714689503237107,-3.394959523212531,13.00377114834265,6.209656978128601,0.0630840628416436,0.026940345625023704,-1.089708421074971,-11.605138014775449,-5.764665757311586
907,1548266217.49958,263543,1625,0.013013863628284033,3.0979676868014687,6.657777436573632,0.02594793062832292,0.01024381640012322,1.89167323559545,2.3959450922805323,-0.5276582918657842,3.6598814925146534,4.628786640015149,0.05954725431071056,0.023732133508571816,0.8737579970565633,3.536756655762901,-0.35018832040462466,3.108588382476768,6.683423559333138,0.026027773332142835,0.010298437941338898,1.9010454262436443,2.4120546563607554,-0.4809785377291265,3.108873653394134,6.651877585920614,0.026029552974473895,0.010278770999707615,1.8878206567050486,2.4017846417734474,-0.5055880539643602,1.4830799084907624,7.279037548669264,0.03477492406614478,0.014440504704274661,0.4611391500719683,1.1947770067370027,-0.7479201851885262
910,1548266217.59969,264371,1820,0.010039671831302782,5.289341128071361,3.6434977034568607,0.020403360199202615,0.008026955732869968,4.780470657427374,1.8386439217868504,-1.3204614312653655,6.082047683448209,2.740041659044578,0.044146775223477125,0.017386887554268943,4.640159663321159,3.210307416678697,-2.270275008240796,5.311304746307466,3.6383715702555453,0.020463801485084542,0.008046002949536368,4.787992417860622,1.88091105208327,-1.3218397515615978,5.283996381093084,3.6441549717330606,0.02042823521869697,0.008037585677210076,4.772338710427368,1.835213443292389,-1.3187138944485584,5.513069213447956,3.7004179554931484,0.02780014547123978,0.011302094961519963,4.892015195442442,1.9176526955070912,-1.6687503166268778
912,1548266217.69981,263503,3156,0.014999287979703556,8.999486924676322,5.0193707470391695,0.027645740726293437,0.01121216107200359,2.1112574340747363,-7.945317299161047,-3.6613235271055258,10.113844945487632,5.767084706469819,0.06890129811863391,0.027368920700905904,2.3856228971958955,-9.475306236043648,-2.6109834750401406,8.690910371932238,4.875885385737871,0.02785159962366781,0.011310062712371503,1.9188783200902972,-7.693036291363632,-3.559075962298201,9.012166144492742,5.026061172891424,0.02785452045978501,0.011306733318949576,2.0970833311554404,-7.969663975148902,-3.622100499700614,15.400811269598146,6.35497479893351,0.048491595029163205,0.020676891209689192,8.219632560885389,-8.825891505967103,-9.577383121224281
914,1548266217.76656,264578,1723,0.016558589759238632,4.7446134478226325,4.850651126675777,0.03317561480901729,0.013193378023957454,3.487512079685963,3.1036007036841813,0.8463326387389922,3.5946835476634056,5.140861406013484,0.06762638297875716,0.02628572850198,3.076270514166408,1.8481289906780485,0.20670937406815035,4.807131537498282,4.865626188748679,0.0334615042669082,0.013270498045512856,3.5357794222566254,3.1006994658628138,0.9962129884493903,4.769770797335905,4.853560378834042,0.03333446869409086,0.013235127895320777,3.5266378552476185,3.0978531701933916,0.8817532902987038,3.7579614681346643,4.564913919909971,0.045350408786783335,0.018118768319207473,1.8638550228835051,2.7188327299113673,1.8045130746047453
926,1548266218.16695,264182,1754,0.015662563834101972,6.170694303340109,4.476181700019488,0.030786624645073195,0.012437075062684837,0.16124325188666253,6.162654952231064,0.27046762973973454,3.452123715921095,2.7069010732898358,0.08051563273009289,0.03093963770338536,-1.473539535956103,2.2710721006473813,2.141978267784301,6.196211746781768,4.467415712266609,0.030891025709811844,0.012509381100343829,0.1875465082927155,6.186952607274819,0.2819286319600948,6.169782821960984,4.474198368152259,0.03091910025266982,0.012509598637961871,0.15231508702628377,6.162816989757377,0.252292449725976,4.815556954316975,4.070654558410858,0.044291274942774066,0.017596172135618277,-3.2054264937665278,2.7665864987030786,2.2936496939428306
928,1548266218.23369,264471,1961,0.015531899759694196,5.3320871135619425,4.240125354806229,0.031195421327124464,0.012517708782206417,-0.24107601346476812,5.191829573119532,1.1907732890969362,5.263620443892387,3.8663196500200705,0.08436186083852314,0.032517131424295444,-1.598553258468589,4.865029328098156,1.217299180130406,5.287555483448214,4.213562060410102,0.03143546920727355,0.01265078288765052,-0.11675678100751265,5.166998645760772,1.1165732574884577,5.3300484254280995,4.239282477589726,0.03123341632369735,0.012539781032810034,-0.24722453884491186,5.190896418509925,1.183377218511521,3.957670602379419,3.3463091606908932,0.04675844217321005,0.01846981110331586,-1.9285078333278425,2.4343257110137615,2.4531759958121158
933,1548266218.40055,264012,1791,0.010354663592918836,2.4868867559696137,4.72241628950093,0.021791242001271683,0.00862463731930382,0.7481398803131857,-2.2474642653117227,0.7574937839011466,2.6446145062187973,3.6848844075759133,0.047426067202524985,0.018606149233548634,1.2721408647616514,-2.3183713232685426,0.028247374257412618,2.557938304394711,4.644018370810646,0.02190517269117033,0.008698779911240804,0.7942152718166015,-2.3016625509864164,0.783977022934774,2.4968623738177302,4.718660937069595,0.02185113684816431,0.008658216477506694,0.7434182485003551,-2.2509051251454313,0.7719533275616954,2.774409144924558,5.179973588406074,0.03101213518165482,0.012592824488603143,2.0441266705624535,-1.7628920741045506,0.6411737620923288
