frame,stem,n_valid,n_removed,sigma,all_dt_mm,all_dr_mrad,all_sdt_mm,all_sdr_mrad,all_tx,all_ty,all_tz,robust_dt_mm,robust_dr_mrad,robust_sdt_mm,robust_sdr_mrad,robust_tx,robust_ty,robust_tz,oracle_dt_mm,oracle_dr_mrad,oracle_sdt_mm,oracle_sdr_mrad,oracle_tx,oracle_ty,oracle_tz,shift_dt_mm,shift_dr_mrad,shift_sdt_mm,shift_sdr_mrad,shift_tx,shift_ty,shift_tz,mrcs_dt_mm,mrcs_dr_mrad,mrcs_sdt_mm,mrcs_sdr_mrad,mrcs_tx,mrcs_ty,mrcs_tz
24,1548339349.49545,255167,1151,0.04549764485507641,1.335379002595512,1.8873555206696557,0.047737010374395365,0.027984297891523256,0.2600726047158746,0.8032944262692847,1.03456144601178,2.9710206396773087,2.4637641807791857,0.08884259714753442,0.05040033314843881,-2.332087024929186,1.5954599868013635,-0.9180638213442978,1.2131602998717688,1.8186868857579421,0.04804645018382293,0.028191567726105354,0.06667569834527463,0.844235459738408,0.8686649255929518,1.3538148709732085,1.8863847268016394,0.04790178117835013,0.02806159267537032,0.25247297016725645,0.8360440305394874,1.0565553690239837,1.1764811702527143,2.0449306626869275,0.06981248515838372,0.04437044880654598,1.0610366865492995,-0.39759413463008464,0.31658805704485166
26,1548339349.56218,255384,2152,0.040514812505406415,3.818347143141641,2.240369506063346,0.039933693032482565,0.023304379683151626,3.798492810913135,0.016822327821379598,0.3885154826590994,1.013497905644701,1.6777418512342728,0.07802263086314877,0.04401209368204707,0.35436535110390527,-0.2663615706663239,-0.9114026093639244,3.651519638477288,2.1157737718477043,0.04013344542695919,0.02341782663774948,3.642949652005994,0.04100876080310243,0.24664100363099728,3.83365232958725,2.2361921150194037,0.04005378857052883,0.023362296929114464,3.813736959737016,0.04219864215095612,0.3953454892426962,6.639438466599843,3.901545369471923,0.07538313129209369,0.04270034772332808,6.154155196985474,2.123122133405853,1.304173826537141
31,1548339349.72907,256238,1979,0.04198979787164439,3.355533673555082,2.5938088401973864,0.04140768066135743,0.024758691609407257,3.3007509305546088,-0.5991604111427101,0.07520858012384572,2.0025653880604506,2.351811473197086,0.0809432229496632,0.047146431115446856,-0.08216986412954333,-1.0753852624952145,-1.6873241490877604,3.328150551641,2.628589244137382,0.0416129252651791,0.02487543637048228,3.2533594981412275,-0.7015954367377127,0.0013832539079066677,3.350795981352684,2.587120372617277,0.041502536124080155,0.02481541823444969,3.30171856611286,-0.5779295350831959,0.07830801528440845,5.740903966345317,4.570272580664866,0.05800989810080567,0.035739208287928745,4.570310642365657,-3.358460488915291,0.8893717599932419
33,1548339349.79581,257480,3709,0.041309897393243526,1.8563143260440838,2.3816702382987613,0.043459128377615036,0.025975793595787586,1.1938197345405694,0.22102590239791792,1.4042239383257829,1.021228699352047,2.2855738546784687,0.0791091437404814,0.046729841891094845,-0.2291310242107885,-0.8686041792497446,-0.4857301822146382,1.6398472277215006,2.4010114372295828,0.04377324436921737,0.026151909870300773,1.0940799324317976,0.00928815938196525,1.2214752399501267,1.8059080290242044,2.3655395014799305,0.0441205419541829,0.026247356120271965,1.1881260123751476,0.25833646441291475,1.3635597012784686,2.4998354646895447,1.5632573624626631,0.05939501828252496,0.037275350664086326,0.33228374591995974,0.643870867193351,2.3925290320279657
34,1548339349.82918,258224,2343,0.038531091135154766,4.607988570648178,1.6142275443250464,0.0420372168770944,0.025383475598641098,-0.9590099942381888,4.208319935233916,1.6136609993701667,2.9295432115394835,3.118203879315834,0.08224207562619647,0.04814151835326881,-2.8662617368120356,0.4269164670629087,-0.4295455907291435,4.610469219795012,1.6877396342625393,0.042274368378591304,0.0255324250946334,-1.0738209587502499,4.219727880024791,1.5156620974898756,4.617373720990181,1.607087699806359,0.04216496970683988,0.025471076935448783,-0.9528333710027468,4.225877476493265,1.611121697632583,3.77789047413981,0.8140021183932503,0.06244587430634064,0.03912117642766104,0.746820849958879,3.0338473334500153,2.1237903404011527
36,1548339349.89591,259137,2775,0.06590236804475634,2.3609566013163215,2.5901686448051726,0.06830946472371845,0.04029715801208781,2.2591052542475323,0.07822895167288414,-0.6814981692201891,2.959672063427436,2.220872638947557,0.11427426555370347,0.06742250336244657,1.9483944634414476,0.6482287437779622,-2.1314824028369497,2.4540979110569046,2.629261562893544,0.06891569387092317,0.040551091490423304,2.3765660944717193,0.12321746363530475,-0.5994560970718241,2.3446268840001325,2.5814409592764616,0.06854111205065,0.040436294610205516,2.249754966755706,0.08115715858636162,-0.6480795598013773,5.065464049546584,3.0136761756220656,0.12787523534284342,0.06890595572906401,4.179026209413418,2.433296371053723,1.5078908279120817
37,1548339349.92928,260362,1838,0.042361412345785776,2.385459672975382,1.9677970040699149,0.04551876212822728,0.02781090346372611,-1.0691701443155823,0.5085338184699599,2.070914389676303,1.3291724162620167,2.904340785641953,0.08732325974291916,0.051827660016344555,-0.2870974323474163,-1.2853789133774132,-0.17909613489974882,2.3672266840571536,2.028870013927574,0.04564056897587991,0.027878731735017113,-1.0599390970643525,0.4112168300179914,2.0763410131615156,2.3861662732259292,1.9555435327116766,0.04566382731489862,0.027896111778709008,-1.0662213189759622,0.5193895269932515,2.0818131069142183,4.707972888858597,4.469056842682009,0.07993090020964518,0.048016525617685636,-2.8587288191023394,-3.577519301679067,1.0927185855356474
39,1548339349.99600,260239,2981,0.028324690447058317,4.353453712458074,3.272845452478855,0.027658374426224916,0.017103841003003207,-2.9076889122276595,2.7538883984556346,1.707045138558081,3.1818051351331564,3.2824378610649485,0.05594176383341649,0.033173378141418866,-3.0078631004042715,0.9497866543763865,0.4177903760914535,3.52475778135139,3.708759085486865,0.02834451115677659,0.017410619373799827,-3.188837601015227,1.3199708701772865,0.7161767054519746,4.357243598504905,3.280538513451491,0.027843790992390552,0.017212142176663194,-2.891068004369895,2.7541943708187473,1.6965542379844625,3.486776245450074,4.3839525018544965,0.03857018978960511,0.02453197010765355,-3.4793836873793937,0.21563463105674946,-0.07070677281636246
40,1548339350.02937,255447,1550,0.09130852387201337,6.969266349791164,4.599537714648282,0.08297323450412909,0.05082886847298246,6.46914631930481,-1.3399732562656632,-2.2192996702224046,5.630252479536448,3.8440494976431965,0.12619148791436985,0.07642331658118957,5.103500430965236,-1.0322474896351648,-2.1420764352856008,6.996824770209703,4.61969308384537,0.08338421180506007,0.05104725311579887,6.591826719613134,-1.1517887482331508,-2.0437123190551847,6.9596169806177155,4.590964733444998,0.08319439967454739,0.0509483001525477,6.466086118600277,-1.3123556921576407,-2.214725430104691,7.53590200018554,4.785192923150876,0.1454423593219079,0.09033113404950723,7.189363715082025,1.0202256176229099,-2.015442387618252
42,1548339350.09611,256118,1278,0.08022057084141077,5.341156980106535,3.429538280606131,0.06616942783966193,0.04058576458405447,5.069727878438684,-0.1562539510148626,-1.673738876741114,3.6021489851980344,1.8456241553667896,0.10320007129431007,0.06231581366962772,2.6328937107742836,0.5575052461525549,-2.3942714799790004,5.299622540520413,3.3627539254137844,0.0664481872221429,0.040696644749789845,4.985298238518491,-0.1623899380432379,-1.7906507345204898,5.3432793418856,3.429870894549108,0.066214218231472,0.04062382717845506,5.069691886064161,-0.15489130554016525,-1.672140313741127,7.861942354228572,4.7436102869609575,0.10633918786865064,0.06705420906170051,7.441397143055359,2.5368318730123876,0.01517196787160699
45,1548339350.19622,261170,1724,0.030219248991178144,4.965768971542381,5.496566310968815,0.029268029640712515,0.017985581518990115,4.802309373195732,0.7128183473038646,-1.043348535531859,3.968916660126027,4.63888301386887,0.053293811912034215,0.031941916296975195,3.622439157546591,0.180217809159,-1.6117554238038143,5.014279822795222,5.476964297437512,0.029926727217875045,0.018223452360161565,4.850751182226179,0.9018190103878988,-0.8943922975549409,4.937325168966414,5.499147698991352,0.02942825938079664,0.018090916183054986,4.77125647633734,0.7135307878982386,-1.0366659835400305,4.878231736600504,5.254196387374412,0.039806968872888114,0.025865069628715966,4.859842718738252,0.2668698584882549,-0.32841148538628656
46,1548339350.22959,257795,1198,0.08162598059571584,6.43783501739035,4.007135767868027,0.06963079189118444,0.042941733012575374,6.186792350771835,-0.40136058059090973,-1.7344249202304045,5.394860865536536,3.362229652525329,0.10502677890864637,0.06283015145472329,4.842014168312552,-0.741852153536598,-2.260326953042688,6.384240830620921,3.921626160495249,0.06990082879571559,0.04308373804581534,6.074069210307351,-0.4386076533514386,-1.9162039396121362,6.475450063455504,4.032281027136131,0.06985105566827063,0.043037974557417424,6.22442776837383,-0.4036608979902983,-1.7223146085663406,7.840063470266061,4.877282647036426,0.11982136498585945,0.06620439074496325,7.613352799644468,1.871742275685536,-0.00593458992471894
48,1548339350.29633,262951,2498,0.0386374265514349,3.42914412084827,3.767197652992425,0.03788051473110422,0.02384706161906494,-2.5580401450312475,2.1258331748360586,0.8344419277116953,2.57481073079222,3.8562588571854777,0.0735752235187673,0.043779392686593865,-2.3826375690056834,-0.685452538747919,-0.6948692907946693,3.221691807992653,3.983068041010628,0.03855602515786864,0.02422355373836148,-2.8119560548984377,1.5595319165414872,0.20015357177782703,3.490730791371713,3.8121598829159025,0.03803311042435879,0.02394032578895125,-2.5910790316895813,2.1375347594562895,0.8518162627489235,6.091255689193865,7.639254848381975,0.0670967684948492,0.046229375519402746,-1.6986714860112127,-5.710102789760777,-1.2698965249638567
49,1548339350.32970,263118,1007,0.0570721136347743,1.7800659799729992,1.9465832494847313,0.054193747517307926,0.034107298528983906,1.177890069998561,1.3219855740031217,-0.1832048530570517,0.8890236788734555,2.3497456208540246,0.09306782747264594,0.056842242399368255,0.1441608826568854,-0.039508834650812535,-0.876367385001185,1.7955953726210319,1.9026911707421221,0.05436900851417097,0.03420531031492174,1.1381269879453344,1.3671346778928364,-0.2444840976247587,1.7655335555709084,1.9457508808558135,0.05439720184307455,0.034210143270946444,1.1861529871500354,1.315005373425005,-0.1693974806441294,2.6945063345293114,2.492180469924615,0.08336883739117554,0.050503571107380095,1.9008723915285228,1.7701499731013468,0.71667120123005
51,1548339350.39644,263378,1158,0.06283131614191571,2.498682818158355,2.738734786134595,0.06011426910370676,0.03824154624402717,2.4094614471336224,-0.1528765991690015,-0.6438478903926359,1.8350161319804086,2.510021335443305,0.0993592361301277,0.06132575052029739,1.0852368222867639,-0.12503173814068735,-1.47441931235276,2.5385484163547534,2.747610926097974,0.060399810323182285,0.03839236978503445,2.4456317284025113,-0.18334188914815372,-0.6553619327453792,2.4917804717889114,2.7463213773819675,0.06017114461414576,0.03832271774614647,2.3954078499548217,-0.15915076240573578,-0.639996121141269,2.6517059475399387,2.741853032677452,0.09187194265129764,0.06224943012690632,2.3427460016321136,-1.0870986508577758,0.6010841266899601
52,1548339350.42981,264617,754,0.04353753768945891,2.8215321320689606,1.144508363496328,0.039268271547622274,0.024903076037116008,2.0708952607386646,1.815732305887565,0.6128234531282064,1.6169916482889868,2.381172975271695,0.07337390481061708,0.04464790676721524,1.2127124434161256,-0.784192737032014,-0.7273460465323668,2.899733050217581,1.0607732567155583,0.03943097917256959,0.024972782649326637,2.080785768232646,1.9312028930800573,0.5909633956547988,2.8217184721964435,1.1441997396734056,0.039272061026904184,0.024905883905658996,2.071008256446741,1.8161756024844644,0.6126981786918593,3.9054040169034567,1.284541716167944,0.05203384755975819,0.034443194190321144,3.254710265914834,2.029689603116961,0.7344397423840567
54,1548339350.49655,264306,2730,0.04351226225910772,3.053982313815035,2.592503128958463,0.04207684093777659,0.027006366788153227,-0.18557538969318774,2.8743102315334133,1.0152391052050713,0.3224630764136859,2.532810297143389,0.0796811418237508,0.04880332231523585,-0.09363254860097064,0.25097440303483204,-0.17951944327558275,3.404023985949755,2.644647348056415,0.042689880762048944,0.027356585347177248,-0.305996055247358,3.2387448133376924,1.002136590077676,3.0806967517530506,2.633377570463052,0.042409093624264316,0.027125300924905584,-0.2582098956213194,2.8867793247410996,0.9219077535450753,1.6506324092027496,3.0502271774142464,0.08468080176600247,0.05535069340746074,0.2633299402460944,1.5543829062579704,0.4890178663540703
55,1548339350.52992,264337,2684,0.050993260821880736,3.5256853627162577,2.3360697472411105,0.04021442203897345,0.02539829618687932,3.523589130133117,-0.1058638758211429,-0.05974745748179849,2.9503736128572235,2.1887047339053063,0.07345782196703617,0.04492257918680968,2.7291814034823867,-0.43010802204927095,-1.0350267685905326,3.5997029708188926,2.3047122493526593,0.04074808225578925,0.025836678993867334,3.5992414901871697,-0.003831718374901813,-0.05751079352519893,3.497795840738566,2.3201404518116737,0.04033635503513782,0.0254632754639059,3.4973023762397033,-0.09953981907585266,-0.05289257978310849,5.351752655925367,3.591168551508101,0.05765880020102968,0.0363039611487848,5.343338293001151,-0.29854011347202336,0.029430891931405457
57,1548339350.59666,264047,2253,0.03339707352847145,3.1061134765776064,2.333410106642666,0.02917232926686996,0.018630986592920826,1.4367646564715926,-0.4131305352791028,2.7226772508160226,2.200665393864954,2.3413418941441244,0.05574403533033028,0.03426628012108199,1.039662459264881,-1.129741797146935,1.5766146067854705,3.094179362795384,2.357940625711241,0.029511639319523955,0.01891210248318218,1.3993660290564591,-0.41976931690974434,2.72754731699612,3.1428333196544154,2.3287962140808105,0.02922887177075758,0.018670445828398528,1.449830238228696,-0.409681939120036,2.751767913233601,1.6914087004754885,3.051872044834957,0.05042531982921104,0.03196517454922849,0.7069571640919229,-1.172334733235869,0.9933308781227284
58,1548339350.63000,263882,1137,0.031224124421426577,2.3372989960353183,3.191592156452368,0.028085405505838667,0.01800403762411692,1.2221193415049902,-1.0012877306497878,1.722444133328368,2.172070008220277,2.999316013743298,0.05327866037994825,0.03299474354220278,1.011262186600743,-1.7719692589303,0.745226043538148,2.3948348821482597,3.1593005873734157,0.028753094522062976,0.018224984680588203,1.2673376130640348,-0.9248651725834601,1.8093407362377572,2.3476128749032057,3.1955844621279175,0.028196340443932565,0.018051298816745387,1.2160514992799552,-1.0054425637246767,1.7288588011571062,5.229670288337897,2.5504583798390814,0.046313085033784555,0.027094458991993697,1.2052761448700196,2.429203819915235,4.471658477638993
59,1548339350.66337,262204,680,0.02489898503248362,1.9300688237584467,2.112075109336441,0.02043525203780137,0.0126216501371407,0.2689191921169157,-1.5546353469432501,-1.1117360615677354,1.5201090346830828,2.7022086142197517,0.03850790400108479,0.023292044046226246,0.2708884009606434,-1.4931456359269288,0.08869645687673536,1.7897988801160536,2.103224498472233,0.020530406541158102,0.012648304335965657,0.2370816514029127,-1.4611259900972846,-1.0061228368817483,1.9305989954993397,2.11160094574398,0.02044119284161261,0.012626840930718726,0.2689710060538969,-1.5546506511178195,-1.1121386416442205,2.7287630616534577,4.4636532697426805,0.03882320179872729,0.02587887825841519,2.2913215838786383,-0.5076066494860241,-1.39223874938669
61,1548339350.73010,263425,2579,0.03592233500983504,1.842019634445994,1.349210591584581,0.031127722054310684,0.018849088585351774,0.6665374678623952,-1.4508012702051547,-0.9186619682947854,1.6350874841097034,2.6502021391465704,0.06082735970574969,0.03516633187045235,-0.7845380911487932,1.0327068167330034,0.9957548367454684,1.9407911724052267,1.2433428997832543,0.03135619518307822,0.019049995571177297,0.8289801056574685,-1.5118293554464448,-0.8909738263947904,1.8206586176738861,1.3282473752629917,0.03123669954181588,0.018928470403896967,0.716636348562958,-1.4298233944966294,-0.8777401739300013,4.81704179795341,4.736151694889518,0.05556205346036156,0.03582287376325275,-1.9845663369538338,3.6309000882241675,2.466161528933899
62,1548339350.76347,264226,1106,0.05772962446447696,2.9925824140366895,2.2083152335823013,0.04858908401967311,0.02879810874056856,2.7381866083616444,0.9357188733417474,-0.7630948778904666,3.786893908496218,3.536809686522847,0.08263404885521553,0.047710152032476444,1.65245048200318,3.30530650039344,0.8276000345517698,3.320524934239093,2.720903801346986,0.04914384287451133,0.02899032623086334,2.7713500851543706,1.8240549356505171,0.13538144683590736,2.9931042608398166,2.208098260407807,0.04867810382058188,0.02884718899526168,2.7407696761072975,0.9382035158610678,-0.7703238685943047,2.4429882866314103,2.025551428367586,0.06778283101545875,0.03856072169005235,1.7985282911899578,1.579731460374048,0.4877871129007831
64,1548339350.83022,264375,169287,0.06225236588461182,3.0205141275203293,3.379743588872843,0.05919455503981056,0.03474030636057697,2.1176333314045332,2.144392199256291,0.20178395387939366,4.9331995569590035,4.7350368218157595,0.0971448289829858,0.055619498051164964,1.1459370126900834,4.463932017043791,1.7597150845914766,11.030116164755372,4.154751307016147,0.1692395697717281,0.06906329162294697,-6.355037632924849,-8.061243053858997,4.036498447753543,4.774530006815686,2.2490316196083633,0.1195137316443493,0.05642638653193715,0.7086464359275814,-1.292078946684115,2.355553942036175,11.117417585327455,8.74807625367489,0.11467733175533396,0.0774219161665318,2.486258617132585,10.544007746702732,2.4978775976326193
65,1548339350.86358,264384,4060,0.060628907588240084,2.647031955608631,1.6496951344813782,0.05812763755119942,0.03411335128684075,-1.4109130246725534,-1.6702485814856325,-1.4921033097168015,3.2275624556552414,3.233287986020534,0.09650233017806166,0.05524147886155182,-3.0020839082503694,0.8725194531946894,0.8020981341309299,2.9833336263026236,3.2664072210416117,0.06080731866368812,0.034945144039184216,-1.8566181265746546,1.8258958598611807,1.4557997688020765,2.6168888628115923,1.6428294604172913,0.05864806726143392,0.03432634510644968,-1.4044859916139445,-1.6411229948825643,-1.5288962657992626,4.530438908703151,4.765667580264747,0.09627750049983326,0.05650269071604192,-1.3937405503526126,4.26278681579525,0.6411026024564181
67,1548339350.93032,262930,186066,0.08521920524557342,4.704040651068643,2.1937869471038702,0.07893986535688255,0.045542850650692204,-3.6299859177437424,-2.9712087384878507,-0.3508836220484753,2.542338697983036,1.904447867334826,0.123467851710541,0.06893072722640957,-2.3731535578175884,-0.34285388952996615,0.8450322222933121,7.3903541711908085,3.7955055611299864,0.25810327201073635,0.1230134784294971,-2.1504323498088866,-0.16066898690856266,7.0687453597635415,3.0698472754715125,2.2101960325260044,0.24055156873188815,0.11222191178909777,-0.08275321916897438,-0.8984451921985195,0.34188970095934346,4.860675358853398,4.477237864352735,0.12104821511162678,0.07920840508672722,-2.1328260970194792,3.2283017025242375,-2.941986726944291
68,1548339350.96369,262628,3414,0.05267015675479217,3.2072296855604536,1.2400571525125321,0.047171200019887116,0.027453945969904747,-0.4731426401917309,-1.7681648938888097,-2.633638396969443,1.0759194278178132,2.467086201190227,0.08329097297823106,0.046929096333135856,-0.3279308656057189,1.018801025726467,0.11003832294974936,1.6098291879615212,1.6924519365596236,0.04812559051261052,0.027770142790152923,-0.5462393603883944,-0.34042412763512353,-1.4755622619527762,3.2099146920242636,1.2204060985058733,0.047408820780859444,0.027576287101762104,-0.4417446100109441,-1.7791525928619292,-2.616914960463877,0.969197660487798,2.1984574516574593,0.07558029232619429,0.04028095884201103,-0.3010797119058022,0.620369554491314,-0.6810555983427408
70,1548339351.03043,262448,1922,0.03996070053589498,3.8421432509045705,0.4377897544954276,0.034620496754784055,0.02029399795918356,1.439545816698699,-3.0294201495828577,-1.8741361101580105,1.0945129182051452,2.3711359947171022,0.06519247820830133,0.03684514144541311,-0.39271805233895973,0.8717652228107977,0.5326879534799682,3.9114805170765994,0.381264097792106,0.03466594270872068,0.020338491171222415,1.5084177741808054,-3.096835802794596,-1.8530956976192017,3.855562003543492,0.43412389392477657,0.034723038478654766,0.020376550246365085,1.4518066801780551,-3.0344427447999527,-1.869476090866069,3.0369889927514726,2.964988124860194,0.04856029997562746,0.03027239943167322,1.6604460631235105,1.611625993795593,-1.966947551327591
71,1548339351.06379,261269,4673,0.023786996574253684,5.674764358518552,3.434789950730649,0.01936310393953347,0.01158853123748031,0.814398363355481,-1.4882600764696756,-5.415236631511394,4.251404630138218,3.153970657417608,0.040906944574075337,0.02220106630375734,0.2989942871096399,0.3218725132616365,-4.228645389559535,5.611132965103709,3.3917098455007504,0.019640349980747325,0.011771046404233858,0.8463435608314739,-1.578842546199418,-5.317496774180797,5.73088741041704,3.423989172534625,0.01947997460483056,0.011667619819394143,0.8515231146353016,-1.5124315630867005,-5.448052372484884,3.7990810060016122,3.545552690998467,0.029137205841434182,0.017623680046308772,-0.05489215842493929,0.6031229331685343,-3.750499442553199
73,1548339351.13051,261893,223657,0.05820047426534049,4.964706328004203,1.3909493932298937,0.051565008308074596,0.02954377384751396,1.3824928188852115,-3.419248588494781,-3.323516453868139,1.688972639228874,2.5546670918289807,0.09043693503742288,0.04980638634367954,-0.2510267095404654,-0.22461132093732036,-1.6550419697602317,5.9584024453875974,3.923792043540003,0.2876786628191014,0.1205413897834192,-2.0295605939924912,-5.2240572757639745,2.0230346205765297,6.806311719752489,4.998179296426313,0.20244052515951874,0.08556916346530526,-0.6879697060785477,4.468512592957843,4.711262421586683,5.434322418171416,5.00006256502583,0.08067645625616073,0.048742123735078656,1.9478288423305572,5.0645317620928445,-0.2972220994111631
74,1548339351.16388,261095,891,0.06320076470368192,5.193682599412379,0.6477624544263866,0.06168344745701663,0.03525157870028283,3.6488355063175506,-3.307483382975769,-1.649512674281236,2.742903465178444,2.99711761912017,0.10319061820850041,0.05675413610793129,1.5382494453415,1.894272887600417,1.2526125859564332,5.28942132372667,0.5847117175581222,0.06204739949284356,0.03545136368510807,3.6305912910673865,-3.423353949225117,-1.754261256325534,5.202019551943727,0.647700836628667,0.0617857760009352,0.0353009907395958,3.6508570797570083,-3.331659553743215,-1.6571199721336152,7.710728830570489,5.067251199296328,0.10357182417849664,0.05516128962577248,2.5022727066777395,5.560390835058875,4.719748315471903
76,1548339351.23062,262141,6505,0.07256713496289277,7.86865698533676,3.5916673774950882,0.07634963153880456,0.04363322483599662,1.3548456738491375,-4.002933266906655,-6.637520712859078,5.755322854261027,3.21578560260661,0.12050642383727109,0.06573907396086257,0.986423583668763,-0.815926205482129,-5.611147306707328,5.1089360177529395,4.078210977993341,0.08069306032300537,0.04491563093020776,0.27053600742700246,-1.1977336237726468,-4.959180544068058,7.819800167174278,3.6118056039847506,0.07809023960367126,0.04489461400367595,1.2669550581516003,-3.972126330496561,-6.638001160392305,6.940464564415215,5.141031398742303,0.12082011904531972,0.07258825563457852,1.919540330580741,1.2394447830046351,-6.553563146797311
77,1548339351.26398,260554,941,0.05941141763148292,6.540987485140168,4.617477592793642,0.07091922567559994,0.040553865908702046,3.4471599492880607,-5.508107660439806,-0.7499037043440764,1.7431698485281502,5.033515513568755,0.11776230881075972,0.06428112811805511,0.7930371947166897,0.004863491370793319,1.552323895024883,6.7833818445043566,4.514157445005094,0.07142713446551836,0.040928125716018844,3.621240858291074,-5.679493109360483,-0.8026468185456421,6.6507959992243055,4.5847357653672445,0.07119019146124718,0.0407696887921115,3.4763089186581513,-5.563976387509044,-0.7443293418782617,6.659193575151728,4.962659253701554,0.1433570040533469,0.07725573746864356,4.758844186157115,-0.40035018668374556,4.640903016789187
79,1548339351.33072,259736,159019,0.07511334458956921,4.358455980790982,3.662701984892976,0.0758865218668848,0.04214415473910193,-0.4581824296608419,-1.633093268890828,-4.01487406686016,3.850205603643906,3.414207210247146,0.12705821345230195,0.06704639627906532,0.4113571739246445,-0.18780192116512207,-3.8235584086291077,3.545553143808205,3.2997791729750476,0.3425677674253439,0.14563220594235501,1.4639544401040878,-3.187859598386575,-0.5151074391254289,9.005963883436504,2.3266237614419403,0.2692322844972729,0.11369876141989137,4.485181517819332,-6.3165879088784385,-5.034292385394716,2.67259206062814,4.688504922225165,0.1693290182259249,0.08643229701301783,0.9757633580094027,0.12534372704446387,-2.4849392631992813
80,1548339351.36410,258610,2227,0.06766891387324706,7.31873470778481,2.7895598773034225,0.07065185451513681,0.0395024012251494,3.158281673834113,-5.1516108991802785,-4.129169375928355,3.4504429956330833,3.5444307792104635,0.11776439124587602,0.06267134109870909,0.5567144069213744,-0.6446840463016772,-3.343651957917224,7.462998380674898,2.734930327324675,0.07102356074892262,0.03967095144945439,3.25055647821488,-5.22298695484824,-4.225001145724878,7.359722848345555,2.7777173572215057,0.07094547046968008,0.03969330961134372,3.1742373808940356,-5.132344695669294,-4.212476424038332,3.673443806776674,3.231810990825078,0.12657325104636596,0.0679090773355963,3.1290124002549176,-0.2498758816728204,-1.90814906240448
82,1548339351.43084,257374,4685,0.06572542435235165,5.616343392300771,3.834126864370605,0.07337276136194729,0.040305888845184885,2.3263569939910576,-5.05606424546232,-0.7533860779885548,1.9975615850702952,5.2888241885528045,0.12488153237854313,0.06521295573338229,-1.9144493941203018,-0.2130864998125625,-0.5288950246491174,5.33106331295494,4.2346306930578725,0.07484719008269752,0.041399978579099266,1.7546395317502779,-4.917211947278138,-1.0781942431206029,5.57653712896559,3.9085135116925205,0.07410675023059153,0.0407384141952055,2.201187397046842,-4.984657150008816,-0.8747152136833662,6.469462194401554,3.8456703268081514,0.10185888639898999,0.0583167194214741,3.1111386863395993,-5.672163084642724,0.03637444664061364
83,1548339351.46421,255209,6155,0.03824565461792539,6.477333015472149,3.2618437007914096,0.040242699061299674,0.022343691963655994,2.6275956051295397,-5.8679340915050995,0.7867234755501236,2.101131297748961,4.852719717841198,0.07653450039095754,0.040422667446460246,-2.0966272280455946,0.021324729617262183,0.13583906987619287,6.462336808112661,3.416212084759581,0.04138820099526787,0.023316765374571342,2.483021054217923,-5.920405063830714,0.7383815720654782,6.492940897532138,3.299981721112264,0.040618991395532135,0.022602686120981492,2.5876286209181583,-5.883901041097872,0.797846566959705,8.618928508861776,2.8241124308657892,0.05486872212650949,0.03268452293652376,3.870703470316718,-7.612624832959054,1.1625516927704873
85,1548339351.53097,254438,130009,0.0550754737683539,6.060028351009518,1.8193721814030142,0.0599846282105715,0.0329561553695411,4.227435636127776,-3.9167534518080225,1.8739727733310385,5.672319506150016,2.1512697307491613,0.10479472605848275,0.05526460688176294,4.642180749486072,-2.1205707247274104,2.4755900852887507,4.656824862383566,2.738593263510043,0.24045585672567177,0.10094444726256477,0.9091262317104503,-3.928563850819086,-2.329354709735551,6.5908062905608515,4.998135208259352,0.1886122488697815,0.0761974013826991,-3.036251020357392,-4.164402665485409,0.15991930375963115,8.2147863452806,5.9766924362817955,0.09546921760971,0.050831610656728025,-1.7125050652973854,3.5930561389290787,7.186096901826712
86,1548339351.56434,253434,131797,0.07645765882407371,3.0681431014894556,5.085827474636087,0.09005501499929193,0.04936515006771652,0.9408555646333687,2.0423981447365596,2.0873195050332902,3.396863322694389,5.926612714553886,0.15125758876161044,0.07843013138120308,-1.8650971838313617,2.295500337218565,1.6705601245570725,19.23237138708606,10.855761805800714,0.36539376229502096,0.1424469672331119,-12.299172415046899,-0.522026210979885,14.776398604220386,9.097270401014228,5.378334491268054,0.3001288776266856,0.1182393982983056,1.0853224668021868,-3.639858370338418,7.520703979623297,6.980358161687959,6.426176537638292,0.13270448218727993,0.0686054611733856,0.03801430783045802,5.404198921588169,4.4179847208596295
87,1548339351.59771,252402,124689,0.04196937887778842,3.261561692708462,3.9675396599397703,0.05063681080477864,0.027830216787177158,2.628636237383376,-1.915427829249951,0.24329496047612156,1.1845720162500246,4.618339892604764,0.09742391409785768,0.05056675705347545,-0.5764347864172994,0.9732054795209044,0.351859195305704,8.133852598401687,6.1311479798789685,0.17571696708137005,0.07375172772716583,-2.521256185649978,-4.747644141732992,6.1043181799703055,8.152813789963785,7.425486626960554,0.13185327255581764,0.0571482839837565,-5.556551746649992,0.6819262263411023,6.026908283842582,9.271609298982597,9.961394237381983,0.09366978014562075,0.05636333138886045,4.055496213549572,8.217823692442765,-1.408212773266883
89,1548339351.66445,251620,99455,0.04902786879833488,4.452328952275291,2.776842108265891,0.058501548743790203,0.030602022547684404,3.377586721685844,-1.9304693394706285,2.1652780805531884,1.5648574903953574,3.9865280658093853,0.10955030087990106,0.054746975632403806,-1.158589199097384,-0.027530436389995725,1.051518952779033,7.1537362877856605,3.372210928122046,0.16255372907285254,0.059692011181558,3.845464277591496,-3.8511676663454715,4.642936029135472,8.033011368760558,3.1421683336473016,0.13854554541402814,0.054668999096747925,2.0589910570574643,-6.565620695222333,2.4734669533387112,5.91980886960167,2.2865208887786808,0.0800685874674883,0.04268014042172828,3.681926569264111,-4.395870745721794,1.471011277342539
90,1548339351.69782,251638,95289,0.03593926772456996,4.226408947248365,4.121060560178146,0.04301467176369443,0.022199552736568696,0.30145130697004163,-3.569242687703092,2.2432490577697997,2.9786781922833994,4.588745067823752,0.08616680302786774,0.04252519737057854,-2.721996632639695,-0.06360964587324189,1.2079784427028253,6.528116899023937,5.961884946621537,0.10088631016618689,0.03900273131818576,-4.447496888482858,-4.778567604999987,0.03705831488187826,5.791229596816832,5.484497581026402,0.08855501114707802,0.03668936740080202,-2.5437567664384266,-4.446010448632497,0.2869895115320418,4.129085238241262,6.695276696403965,0.06820260052828478,0.03713953503820237,-1.7133726365052646,2.755877207162119,2.5532018980451223
92,1548339351.76452,253503,13814,0.038957409443642114,5.399375109996687,2.766750545284193,0.04731482885396148,0.023862423151731874,1.760888398109287,-4.365951160319623,2.644048806954893,3.90357700879458,4.327516419815933,0.0943916263654927,0.0462943135457055,-3.3555386414475046,-1.368519385896076,1.4510095036797326,4.888053378664532,3.464943118115863,0.04885227938524843,0.02575528963360881,1.208105939354468,-4.060231227193978,2.4388661819970947,5.269381929528197,2.926681339524295,0.04840625036864728,0.024951034804179414,1.6459963904944845,-4.250224014974859,2.7487499896655976,5.279913924415353,4.348444895476702,0.08244604254911111,0.039990406760838815,-2.5813201364183183,-1.2911188746108533,4.421231667101381
93,1548339351.79788,254019,1624,0.027009898191884832,5.1864362334678304,2.8609294222400603,0.032458581114209586,0.015754611755019677,2.122800485364406,-4.644000636284529,-0.9088987805875327,1.6773524367098747,3.1590019726615015,0.06743983271823067,0.03172043520787418,-0.33795604242256816,-0.6376217666923568,-1.5141781245833488,5.215279867816403,2.8334312954760352,0.0325983703124508,0.01584592863431899,2.147382415201038,-4.666084367065758,-0.903077816116082,5.188975162555035,2.8637997588417736,0.03250306559562291,0.015784976301465636,2.1208008873588327,-4.646693120803785,-0.9017759060225056,1.8521084035083113,4.1248014729394455,0.054255453046227246,0.025791106344819445,-0.2189648988485545,0.6661719776546371,1.7142271750284608
95,1548339351.86461,256903,5192,0.03047240377458855,5.432128841799025,8.503344209720435,0.0419933423864011,0.019880210332567098,-4.387438305993515,-1.9813319354603272,2.5164921272538496,5.349385151123912,8.075962337263853,0.08204646936245472,0.0381996160813507,-4.274973785524059,2.6575729227693383,1.8104769505051213,5.1062552868322655,8.635777560754729,0.04280961055377183,0.02042922740778798,-4.11287683203829,-1.8340518011814881,2.407143786600228,5.472546013662669,8.53291176699834,0.04251024555172975,0.02013682719175275,-4.389351958456579,-1.9307000818740656,2.567797997551891,6.484984186448774,9.60313545361124,0.07741975598117071,0.037548469939763095,-4.72221788044886,-2.979591163475101,3.298138063605106
96,1548339351.89798,257629,3712,0.03058409795615607,8.56861057119276,4.573871581546101,0.04025371910877353,0.01886276219106795,6.362442556369649,-4.800101743987659,-3.1463367723464395,5.1916220258720625,4.547855103504714,0.07165533636969935,0.033611815010956975,3.824877299016381,-1.1329918907610543,-3.3225866854694366,8.80607953974329,4.6768858338795525,0.04116756920485174,0.019391319742426836,6.680194763921495,-4.655057833429876,-3.354470352199344,8.561805963601572,4.557408467119691,0.040453305534774414,0.019009710050449498,6.3396450348131355,-4.848280837859127,-3.0996104649285616,7.591725103701713,5.794224309641788,0.07752399033422211,0.03325052607757969,7.077155193984098,-0.4366607545381324,-2.7124696857080037
98,1548339351.96472,261058,28777,0.023218410241351118,6.876819516667185,8.451423038548091,0.03643235663536642,0.016122192878350875,5.395052418807309,-2.848135483085317,-3.173669852572329,6.289654513754152,6.035023309912526,0.0677483402937638,0.03108446076135972,5.233786392306531,-1.0863962395749087,-3.314660934806525,7.782955744131454,8.188230249590035,0.03859274599643829,0.017732820009522792,5.97309939260393,-2.9290590971861006,-4.039442605901796,7.11149580145466,8.13907547391784,0.03793924437391755,0.017111442883666388,5.525038109316773,-2.8546197365921433,-3.4223150711240957,6.411723065551343,8.346519805066228,0.06982220683658558,0.025445672881923804,5.623293993848018,-3.066064812638817,-0.2966545006805209
99,1548339351.99809,262073,12995,0.029974249094993546,7.079427522683499,4.722283598023649,0.04301850836346815,0.019261526941941543,6.820442877393977,0.592768705786907,-1.8023535354014506,5.443813259366136,4.087979044294151,0.0799825281330388,0.03634242899481873,5.010271172750901,0.9661257509747637,-1.89707316982116,6.322339229421664,4.988110686028502,0.04461421288217736,0.02058901628849546,6.149211787275068,0.5920991501083751,-1.344836913369956,6.801042322359981,4.772391210833062,0.044170130577579056,0.020152348680604688,6.508639750226864,0.6475120983000686,-1.623146810498911,7.382778129622916,3.5148326168836457,0.06096820982558822,0.02864766843435304,6.803032953110512,0.565159454490179,-2.811538785279561
101,1548339352.06483,258635,12791,0.03146408352909939,7.737144673829269,6.513786141881844,0.04387715592360622,0.0195132669735945,6.406497483016006,-1.1854626031646434,-4.1731134804091194,9.911425405477196,6.434656384118269,0.07568831247606997,0.035080899403294875,8.59088958208103,-2.5342073712558038,-4.243908900565984,8.112440217806789,6.596750521049105,0.04459927648598751,0.020413634911678,6.874339989565121,-1.1440298332952383,-4.152870300874484,8.004132611033006,6.494144828289228,0.04469749260074589,0.01993698879425931,6.683855857964547,-1.1639802771751364,-4.22074201552717,9.078506133411858,7.954727254542584,0.07829302652569003,0.033647013332535336,8.1228281543539,-1.05562354745956,-3.914664138247524
102,1548339352.09820,257508,8621,0.0325402761919001,2.7191690835957343,2.6004461954299263,0.035804543664885106,0.016050221853293006,-1.8444410664440956,1.0076806614727576,1.7252528342510434,2.8478696339000584,2.3553072916933715,0.07020992382642471,0.03083126208019775,-1.2810554733579689,1.967067834099623,1.6124213041014632,2.836146467726025,2.5709113059158657,0.036528805805850335,0.016646866122233945,-1.8691976831810164,1.0640179415314244,1.8487002536065058,3.053552745726855,2.7137423708720734,0.03634560498395932,0.016376346158464797,-2.1424422541785315,1.0845194938860112,1.905594628619859,4.6135541803467826,2.0822138580189566,0.08226191572174635,0.029441111277165827,0.36221377744407024,2.202601569436147,4.037601971559652
104,1548339352.16494,262953,2878,0.024067455195483888,1.8538705522991379,5.03499409520755,0.03948856141940798,0.016578110405845115,0.7342799106685937,1.196236723229084,-1.2110684288959794,2.0544062709091673,3.554714388124868,0.0793049182406125,0.03296643484899121,-0.07695489476016708,0.7856391677130353,-1.8966903195510152,1.8239136879914708,4.955171071271187,0.0399596713321621,0.016868639763271742,0.9090712350596877,1.027472507174923,-1.2018947033036544,1.8721702050000097,5.037061691467752,0.03974056393624806,0.016688069649337722,0.7512155378940064,1.2278997911569203,-1.1938667104638592,4.6959706819654174,6.237811857549653,0.07128999919527361,0.026410979009562092,-4.388394188520495,1.6533909373825184,0.24583632811211792
105,1548339352.19830,262117,17334,0.019125998536062526,6.386216085469398,6.199828689442937,0.02991373046083901,0.012487846230031442,3.7250896436634737,-1.2629339030977544,-5.031149072864517,4.386576844228857,4.228386476954708,0.06328743817238164,0.026271529118703216,1.2951282664860353,-0.669572406250323,-4.137193732043718,6.630465656965461,6.08743588921204,0.03077327754656205,0.013244398070477597,3.8275286484940505,-1.324874804646681,-5.249552935743019,6.490208237576891,6.121041160631864,0.030725833855848685,0.012962608960054679,3.7454966760026807,-1.3346027296923593,-5.142532905998581,7.024366206451599,6.599500171026103,0.04759515536973235,0.01838006814331327,3.662187305667794,0.12887414718282536,-5.992787013963769
107,1548339352.26503,263140,11090,0.019929572270296875,8.031519160846345,6.3723685657922795,0.03761496911118203,0.015189205711060876,-6.753432244183835,-3.7882653805780797,-2.132017439087612,7.921695569159847,5.374344225582822,0.08483080116425448,0.034104998314965364,-7.240918186651359,-1.6897978415368982,-2.732571638476397,7.95054936777073,6.274322580531224,0.03819298193990605,0.015615952518068485,-6.637414864470733,-3.7783769643059983,-2.209032974372335,8.400928765603538,6.553114088479789,0.03832727324701808,0.015574734716205504,-7.168117876356433,-3.8541369570710002,-2.0011408097465555,8.273385095232037,6.089601831907873,0.051528437996227805,0.022897226317158497,-7.512347221046995,-3.395233988133151,0.6970841629678382
108,1548339352.29840,262610,12169,0.02849819133792035,7.301803851052624,4.545426418922864,0.052389602993349126,0.021076406883335477,-2.0878924726998354,-5.488200875722758,-4.340126225054549,6.179018884918962,5.053443667811045,0.10015573670560554,0.040218873510181094,-4.351503314951417,-3.2743165219510093,-2.9195110197138585,7.201411828848266,4.502103095826951,0.05347997972041722,0.021878923109037253,-1.8128757524471473,-5.669870617472211,-4.052947201233962,7.406672178590828,4.649354134659129,0.05300956049422685,0.021447064259216952,-2.2499164451517224,-5.510311803675838,-4.382174203961949,7.033821984885384,3.2770997510090596,0.0763593194546654,0.031756284456122094,0.45859451025190195,-6.185051150461491,-3.3180544082939267
110,1548339352.36513,263827,9721,0.03229068513777632,4.33984872509786,4.741048154151828,0.06422826295423475,0.02543587460449183,-3.3289318137646227,-2.4006576592622193,-1.4104406187659724,6.910757992728102,4.827839254772723,0.13103596846781498,0.05153051337318321,-6.045771644584792,-0.26881093113194854,-3.3369090396493912,4.444820326380996,4.856192579440562,0.06488618797409446,0.025774805778228594,-3.2011729899749555,-2.7977681290103837,-1.2966929931013769,4.555378111116793,4.8725960084918425,0.06522957976270925,0.025880624414644476,-3.6731159223710588,-2.4755094773006787,-1.403379506978795,5.922565873298302,5.959464118866543,0.08096560585327447,0.03378497016150146,-5.403215563858648,-1.3429717409694755,-2.019523457895642
111,1548339352.39850,264272,5349,0.016943846261311703,3.2592809468637727,3.7393951578100375,0.039637200527588734,0.015409618524075502,1.1272564982327198,0.9540475125827711,-2.9055117314366403,2.641575918965877,2.779914034296481,0.07276096481014567,0.0282789072191688,0.48315358710043643,0.7325429174973329,-2.4915591144817126,3.5204747163153143,3.557228822153778,0.040506969171956106,0.01591157126754644,1.4012678303695634,0.8683607903883507,-3.110649487406591,3.3813715110244535,3.6691718412710785,0.04026663373917856,0.01572284233258573,1.309843926906567,0.9253679568466139,-2.9678818547706785,4.544185348770505,3.6130496098488836,0.06495113155812182,0.024531080535899252,2.857781288358468,0.1382134989925876,-3.5303829283216506
113,1548339352.46523,262358,3497,0.03385414497557523,6.406390031063793,8.033902916907783,0.07503556904044795,0.028638053805003866,3.3233637027625424,0.6807715558052375,-5.434485901912021,8.859706989461207,8.722706103503567,0.118308975798116,0.04588245482575531,5.299282038610004,0.48786668000230077,-7.083361060747696,6.497309334932363,7.990428253235659,0.07607504091739496,0.029148242993260506,3.508016370147351,0.6329441497827224,-5.432147958573408,6.438207274306457,8.028297984240186,0.07541639571027874,0.028792383592014033,3.4782394425975998,0.6617049366484948,-5.466663963285323,6.271013273792757,9.262167774894635,0.09719728946404223,0.03683083923802543,3.70297559849943,2.2023511973182117,-4.556668563838474
114,1548339352.49861,262424,953,0.03295611712609153,3.655083479779823,4.442229344505943,0.07486258183575106,0.028210649665804447,2.434083288338677,0.7999337006728046,-2.6067182172451364,5.969566147031862,4.030928492200601,0.13770129245188711,0.051960055685381576,3.9755373245473513,-1.3539031465896152,-4.242377780746836,3.7344261069697366,4.447162744815946,0.07517406667913243,0.028410627986129526,2.519836976364795,0.7988960821771358,-2.6378258113158064,3.6348825355560503,4.453081316763718,0.0749507716057754,0.028242169387818657,2.3787577545588334,0.8016268201328911,-2.600341154133261,6.2392396306264795,4.859535028210028,0.1317481648042109,0.04424677941087528,-1.6991092343644234,5.997715786994867,-0.2618096952180017
117,1548339352.59872,264130,7792,0.03542322944337609,8.03582011618675,3.202819682343791,0.07196076703305104,0.0269883789409702,3.327891335423241,-1.8662752733187975,-7.072238740563373,5.356759578758944,2.5172029944776666,0.13787457534874922,0.05170405039757932,3.011038518828854,-0.42745888675230187,-4.409739121863234,7.878669543606161,3.1566909198355284,0.07335883921364479,0.027464724962800374,3.0957680382486763,-1.3384041638868347,-7.120275860161293,7.824822958804278,3.173444769471281,0.0733257914145003,0.02741639311335722,3.261699776128535,-1.7934813525171012,-7.014419000814284,7.358472762456339,3.737907861490747,0.1063099577029765,0.041098436178090614,4.048510592175129,-2.9408511301578133,-5.395190266441688
118,1548339352.63209,264019,10153,0.02728330289330873,2.2952241481179816,7.168683065893525,0.06893393350459086,0.02579092197034728,-0.32825313100198883,1.8805064209149542,-1.2743623397562152,3.130722651618763,4.678681948620456,0.11978477093486667,0.04544322071350566,-0.9209878787544494,2.983934812979133,0.2221231199974147,2.2839998145075775,7.136257746531206,0.07167903803406589,0.026698685377981823,0.23131826486960433,1.5063955462676435,-1.7011523950526508,2.4014310701590507,7.178330376356881,0.07054914911248451,0.02650092305137894,-0.4929310355079696,1.9093963763034076,-1.4116361512677527,8.752732883794778,5.222185670991577,0.15976000625200842,0.056049825876825894,7.988783960798298,-2.1013899718259217,-2.8937560279097085
120,1548339352.69883,261675,7821,0.02716424484143516,8.558330502985646,2.6025461252364552,0.0457952121725424,0.017571847434924966,7.268391320382577,0.04891259758338721,-4.518087667356554,5.528626821485331,2.106447152655996,0.09056873879618146,0.03522069539689815,5.032423761588048,0.07578953722211575,-2.2879426481226877,8.444895038771657,2.516433440633883,0.04722794957717455,0.018026738121122272,7.116271075080484,0.4670597605775448,-4.52291867955773,8.375719901664372,2.5364464756989897,0.0467391370470648,0.01794425360262288,7.090726696633721,0.11729230067455076,-4.438781537312677,8.861944759638526,2.071119023972823,0.08334343143891003,0.031267087679556445,6.918265437310837,2.7301673637376256,-4.818490886966268
121,1548339352.73220,262663,9260,0.02665244578357965,6.620114270528177,2.714700330681811,0.054226841901132194,0.02073456739961035,5.1081956981746925,1.6790039199374467,-3.861760673686948,4.370973342422834,2.5698867163540773,0.10632251820296242,0.04128045083963532,3.9774415784415957,0.14331296483334421,-1.8068834617555574,6.392691285351953,2.7887154395661473,0.05635017044531029,0.021421917857939107,4.941985569042909,1.421308298619977,-3.7977839887835145,6.858379596282617,2.707128032633517,0.055008423372006315,0.021077959576490682,5.192425232487696,1.6357821442647422,-4.086166768918336,8.107804262064972,3.1900604620788497,0.07471915864009103,0.028258833359530597,6.000534842369059,0.10401145328213154,-5.451536771870845
123,1548339352.79894,261733,8179,0.022926240265378223,3.489296513682047,1.9760717510989885,0.039787027858419054,0.015321497679033125,-0.589617281170676,-3.2386245251026344,1.1570880725088837,1.5129784471509926,2.042461481886497,0.07950426526907603,0.030644817256244693,-1.4719915955698177,-0.2109124278869617,0.27903489365682865,3.283333355994027,1.9932909007164505,0.04088036858173227,0.015627138377405533,-0.8576856899262539,-2.9015228467851064,1.2750758226328256,3.5286367296864274,1.9740640988447749,0.040511567533735915,0.01563008611825399,-0.5031797022492912,-3.2512590073492005,1.1467337105850381,4.274479865092658,2.0383938859658866,0.07021508667160821,0.025825645483243637,0.7212968090043959,-4.165285415644687,0.6334875189143795
124,1548339352.83232,261700,2753,0.04263224002814592,8.435797948227103,2.645740290315477,0.08469619920893215,0.03177334067835381,4.740187355605237,-0.5947252537549476,-6.952669467882027,6.333568150575577,2.4831473343156585,0.14968893437240335,0.05664491584982188,4.145230432565202,0.7228935292832421,-4.7337696526384825,8.843605088594265,2.673732607585176,0.08566293538818741,0.0320896615081798,5.02776930120283,-0.8050820009968878,-7.230679759784941,8.512842225962622,2.6430443629203206,0.08486387764392704,0.03183476580314978,4.834632254803533,-0.6338848752133077,-6.983600977889683,8.954205229803021,4.459010853485004,0.1614081859575858,0.05699708197510231,-0.9037103757374036,-0.589239490129861,-8.888976075875545
126,1548339352.89905,262494,9571,0.02462896569687273,10.381572176682269,5.921014198963708,0.04863552587761399,0.018628336758620467,9.698851094199574,-2.1820130550897803,-2.9913454062720595,6.3004290687979365,5.027609092929604,0.09549659768023379,0.03648106066981326,6.111220539122682,-1.1231014524277758,-1.042608795624578,10.008438556784252,5.897272905645907,0.051289127841262765,0.0193261523004626,9.517977579090093,-1.6133664829007732,-2.6408320167546284,10.099432824476885,5.867658821753254,0.049722229532639745,0.019048619256233516,9.482782359420312,-2.0835095932443988,-2.8808507443885305,11.799294928672886,6.505409552614216,0.06309473684527045,0.025638133466425742,11.175039052065742,-1.911814309154444,-3.269071587763655
127,1548339352.93242,263475,11424,0.04659379257844986,4.19099866393089,2.4680124318818453,0.09738537018928713,0.036354704017703854,2.735450205700306,2.467115691994284,-1.9987801618787964,3.1132592280691234,3.015480887705694,0.17159511293876037,0.06441455185548166,0.023303356920535562,3.0575602640997923,-0.5858030437884342,4.8274451804297005,2.5999841877990946,0.10341303142707078,0.03813275997779281,1.9590795184899306,4.1108768660770085,-1.6021628513481632,4.390150824330712,2.5169485735629693,0.10014476696983618,0.0374066851484518,2.54852474055604,2.931497574825782,-1.7884286088467176,2.298205757268282,3.5591317884823885,0.15449295184136508,0.059740157124949324,0.6079056755758631,0.4203965206350998,-2.176112855019618
129,1548339352.99915,258515,12370,0.08481248067431547,4.681008913189031,3.351271662558813,0.18727370902190182,0.06872296200818745,-4.138859324910938,2.179164300891311,0.1814686851052078,4.384430194065905,2.753422748722835,0.28373963503292127,0.10370370067399604,-1.069443066066794,4.250534615264482,0.11169216407994112,6.420957170313859,3.674304272260164,0.20129425731991635,0.07362120519333185,-4.681289456975028,4.194650932143739,1.3111535228511786,4.7335876024526975,3.353802137853287,0.1905343788666362,0.06973494523680437,-4.1322417498169655,2.0769410981059124,0.515184917355632,2.64054191104718,3.291523250966914,0.2705538099693921,0.11038557003590072,-2.1537047023885045,0.6993029717154159,-1.3583051912793116
130,1548339353.03252,264438,15596,0.029720446539600764,3.489012572270349,8.680345107580294,0.082361506983645,0.030061256292558756,-3.373578004564774,0.7196392428393016,-0.5237361327452884,2.8783945583206263,7.095462141620533,0.1408275200266513,0.05250040763950757,-0.14164124052000482,-2.0041496407110873,2.0611834488932237,2.257892093038416,9.008639508727956,0.09253678246426425,0.03347442634224088,-0.09785555489648333,-1.4091690241314632,-1.7614606596826623,3.236361942910521,8.528090292815449,0.08465253376361304,0.030930307102297053,-3.0842006294615727,0.527835881088478,-0.778846826923032,7.710496382249875,8.99861988306097,0.16149615073033538,0.05695199787483295,-6.794787224396256,3.117880301626145,-1.8871787039391643
132,1548339353.09924,264863,11949,0.03608492318121004,2.4046330604328108,5.065481623422873,0.09855876257378988,0.035544501191448696,1.3123198372730034,-1.6213833729086256,1.1963246875667461,1.7604331777115716,4.696477278923487,0.1747995496090745,0.06329129759733372,0.5299374457019037,-0.626292040950734,1.5575781059941645,5.710442784780535,5.009280500928381,0.10565296390847732,0.0376674189142505,3.8891380832504723,-3.963047999159206,1.3334212852745098,2.659260280915168,5.1340206830807595,0.10298239952129473,0.036906687548386774,1.3623919405286045,-2.037926221582315,1.1778972924813478,4.4656840777549025,5.112391664409359,0.12255484984614287,0.04564480266697367,4.426582018978078,-0.5650620271991418,0.16855508592509005
133,1548339353.16598,263426,26830,0.0555120340509163,9.962929947040147,5.012525618137575,0.17747066667205957,0.0636396611006019,0.9199383254403621,-9.869737885834585,1.0009798559096004,7.930548071878832,5.7308528457957095,0.2896418131486635,0.10353722876393458,-6.01515088668467,-5.0004640594215966,-1.3064883165304584,11.060985367921923,5.266979885027494,0.20965518011253195,0.07436770475625247,0.6366363574505272,-10.943682375051864,1.4750957703600773,9.995728657017029,5.447196215732335,0.19285037023766086,0.06859379459904594,-0.05970682172858205,-9.967221717105648,0.36949711382894657,28.81172513144719,8.512765530784453,0.29881714485585315,0.10682888598656372,12.007142630878416,-25.51425691398225,-5.913266865203753
135,1548339353.23271,264371,4854,0.04137757263028941,6.803326459953663,4.200396520264475,0.12338174984604733,0.04401321939794595,-3.0837449196690905,-5.943937887701854,1.2022356583728178,7.336734042234467,4.390426739505483,0.21436982830498802,0.07654120287019851,-5.370595929815268,-4.74262605059229,-1.578563875608826,6.49976421034738,3.999449133213564,0.12494938078590632,0.04456389219176151,-2.6622663341877733,-5.866015866996665,0.8655233122836524,6.805105595617226,4.2443274052121485,0.12416747961140831,0.04427998618117396,-3.1968242722254896,-5.866082184798405,1.2358885915764202,5.492442264235957,2.4217243016447796,0.15732697230967124,0.05740396385239685,2.158868633077467,-4.576941231917816,2.1349044968452944
136,1548339353.26608,262565,18562,0.0456629617455926,8.598655610991653,5.016614357201683,0.14534938112464463,0.05156754934895922,-2.8133630027131122,-7.844586652825971,2.117623001789492,7.299391124007229,4.349714202149637,0.23580942507748395,0.08376497812961527,-3.986310471744697,-5.7618085673119745,-2.0474378226809313,8.65452633070388,4.82715029994805,0.16461868057069762,0.05792698856163713,-2.173122346474116,-7.673754063618448,3.360336865137326,8.64940780499272,5.439060548184459,0.15531874819778876,0.05501061180855566,-4.0776098410015615,-6.365435009683996,2.4017089219079164,11.539230369663512,3.856799744893454,0.2260779240228914,0.08175558166812484,-1.3281439785564846,-10.243515521578887,5.143953815457644
138,1548339353.33281,259849,24837,0.04757861960477634,7.994054283427487,1.6746398820827062,0.10566885337908322,0.03936189082394195,7.222054959196168,-2.088352410401571,-2.717647928394208,6.133873316159315,3.085002566682832,0.1830536709849621,0.06838039957826707,0.17223942510869247,-1.8657994587857856,-5.840678712163867,15.819911969424075,4.451369174416643,0.16359297455738914,0.058903966827770216,3.8465422459274645,-15.219693882211624,-1.9582251153512598,10.358656587515966,1.89290056821546,0.13445689108744652,0.049331070439346855,7.386065739099487,-5.98572002324725,-2.355510288708629,10.868599019182751,3.7001083940643413,0.21866910321004113,0.0811477854662397,5.818994213048018,-8.911653466156615,-2.2018590979971213
139,1548339353.36617,259394,31194,0.04060642661958925,11.38891200866011,2.1609984392521207,0.07372805094405215,0.028207643459759475,10.986428657330082,0.411244848225819,-2.9726385204404724,5.934193266031689,2.290360457591644,0.13123810375471484,0.050849267233789915,3.2437958840842747,-0.4218124398791475,-4.951213209565607,14.470487168993264,4.665509057851438,0.13334541533468983,0.04831740501737389,0.36585974296633145,-13.886448053627522,-4.053110658541135,9.348618342954643,4.0084874767764465,0.11510734036029424,0.04216219980223877,-0.8733110489821594,-8.712567809278404,-2.8809438932606266,2.5131108902033104,2.995161980437254,0.15306347507826892,0.05781124530212429,-0.2735914344136565,-2.074853810476527,1.3913503292215759
141,1548339353.43291,258823,49625,0.035350618195021694,10.712746585901957,2.280232327881016,0.05625647281284555,0.02188842602893418,10.25329543962904,2.0590931751145054,-2.3222849389412255,5.214743749869018,2.2706370816079446,0.10181697872092384,0.04081033425537879,3.2791841517460396,0.9858495265462369,-3.9330146690222443,11.569173300062076,4.147404540877809,0.11927574567291867,0.043059497469204074,0.16282024727336167,-10.919774139968965,-3.818087629430748,7.051398751905996,3.5338866841226135,0.10879025818194618,0.040065948887569716,0.39157739471829367,-6.411494395744422,-3.0956523634037634,7.915984769031837,5.0821371492969805,0.13491435543693814,0.05162266549076704,-6.563420550246742,-4.369606810984135,0.7006153449246121
142,1548339353.46628,258541,52335,0.029038916284789097,13.339480910471387,5.425070525110137,0.04298441789983287,0.017137211377949914,13.249820228725701,0.5505276918294929,-1.4425443243833593,7.76414194452457,4.441127137012215,0.08537914210240302,0.03436768947123033,7.745536077502912,-0.34270177895864895,-0.4136743858702859,11.53691357526241,4.077555274036784,0.09260342703182002,0.03375236005272757,9.063264068707328,-6.786814137101769,-2.2128653669819935,8.781983401089551,3.7770998544259102,0.08045716195714558,0.030368599301133246,7.125262718706786,-3.03515436040163,-2.8451760483916835,14.72788586916996,6.086781924333599,0.10388833958152263,0.038994223125119395,11.85448355038589,-7.0334657719599205,-5.187697096361233
143,1548339353.49965,257905,57253,0.030280263642803028,14.565620551356309,6.404979185286945,0.04463414711722494,0.017971031794718567,14.543631006869807,-0.25863468083609265,-0.757104539662238,8.997715903388016,5.006804036215397,0.08726944651966233,0.03622172402771018,8.956266425880463,-0.5907942201357088,0.6286058989400923,11.805068941078591,5.241076055941151,0.09885164914637792,0.03620066339596339,11.597934841418889,-2.041440891419786,-0.8246691486041188,12.68870970401922,5.538172340733971,0.08647322349774063,0.032686331616226874,12.225896087757427,-2.259017444709236,-1.8807162884747974,20.038756551210202,7.466158444723919,0.10724385609832231,0.04011785123638443,19.540783395975005,-3.566256486641832,-2.6441185793648474
145,1548339353.56637,259341,67404,0.03804048956057712,10.679238106845775,2.6378288858231027,0.04696127052944915,0.020550056106226573,9.810676418559934,2.0554252239796122,-3.68401708758894,6.839138093249832,2.271275785765825,0.0860176038107415,0.0381501198772453,5.930625157755063,1.1280636702625675,-3.2138711008031158,12.479604573137507,2.914370621001437,0.11002522210867756,0.04099752966230368,2.5254214592586255,-11.073837928178248,-5.170385894247308,6.983223488500018,1.863690691201996,0.0902949486837363,0.034654966442700434,3.1181410111951418,-3.7134478166865366,-4.344474027999444,13.758084893946345,3.7614674769443144,0.08558862969500616,0.03269151050807622,13.001888011290763,2.5610207709473043,-3.6982402168686375
146,1548339353.59974,258140,69891,0.034821397367293415,11.332424198227143,4.243754436774341,0.048263239580342,0.02106464804630687,10.939151019207838,2.622181399970175,-1.3722164163056338,6.794422162432988,4.002230721041406,0.09044596744783043,0.040218674891413286,6.7531751505972695,0.6706779446050464,-0.33013482296852326,14.813558573277135,4.033743417118562,0.1186207143268884,0.043804234754928305,10.671297648032487,-9.608094589200984,-3.6399783620202464,14.557531663664138,4.300574636280273,0.1036743301425373,0.0388730223462497,13.574480059951663,-2.387371873555211,-1.889960672586258,11.308301695478862,4.934027527739195,0.07182570549371191,0.028211415044968494,10.666568535085283,3.388703398358244,-1.6182373745078285
148,1548339353.66648,257761,73336,0.030465352003181286,8.567758665592097,4.074320113399317,0.034997605257446836,0.016590372240471322,8.418179070088014,1.129763115292978,-1.1244487534272423,6.125725374301706,3.139346035852857,0.06875199714947741,0.03193645781908445,5.999319290913981,0.7410383369692695,-0.9917366536399488,9.859591351084514,3.570435526089685,0.08610859104403863,0.033049076342048275,9.219975742482957,-0.2038112068677934,-3.4874130685024256,7.662887248234934,3.4492604079770577,0.0774013942685127,0.030266538161057205,6.885577752590947,1.218199778422771,-2.8054165674009894,12.206418261208663,4.512987054591406,0.060169496863152115,0.024829726643700003,12.008052111831242,2.161872733503692,-0.3600521229583885
149,1548339353.69986,256353,80260,0.03675881336094631,7.8514781585002185,4.082103934275963,0.045541859128827335,0.021246235756927495,7.5119503789008855,2.239098574009841,-0.4502758645585046,5.72558986080637,3.5378287335246803,0.08426384554393543,0.039771917661010125,5.658923422669585,0.8690504335615711,0.060961417771412084,12.82984790547459,4.641128989876162,0.1299489229870799,0.04793491136566402,10.00309389358888,-7.226969299203202,-3.5091344491241716,5.526667895260879,4.167406919617863,0.10570438519485825,0.04032810013815668,4.452663624247579,-0.09741663680665467,-2.5836173619370717,9.285280698919161,4.567776331921449,0.06443991440540066,0.02707556178092074,8.21845258307772,3.98847823698392,-1.662984110125369
151,1548339353.76661,255173,81345,0.050891368510645574,7.281562170712465,3.8418276746672713,0.0612062735980759,0.029755284585489462,5.983473436877297,0.07383206307911223,-4.148944697461765,5.471158477778347,2.9017651122450197,0.10643438448628131,0.05229144082071638,4.006961068747937,0.07060278210168272,-3.7246279451327435,15.232708890489628,7.884749424501293,0.18629136525718537,0.06814548327665239,-7.83625805732001,-8.535474676633411,-9.888081302560103,8.881625840156515,7.176879402232559,0.1294369527401094,0.050072056317048017,-4.847743600017665,0.2372081293501594,-5.550500931644924,11.757363088182505,3.823876041718303,0.09655692323835788,0.04428599295817485,11.66190029957085,-0.881847758786481,-1.2074819752481005
152,1548339353.79998,256489,84904,0.0408209478834388,5.965142939451285,4.314577361602676,0.045786425065238265,0.023202003760550545,4.8182008544906045,-0.7038870378916356,-3.4456369297648965,5.606141598706093,2.8435195960758057,0.08510246687576668,0.04233967524242425,4.721370661931881,-0.3893400382617274,-2.997648583806677,14.517303989102327,6.912081542865362,0.1477169745072041,0.05444771744067236,-6.0594742805001784,-9.39913161582515,-9.256954759766263,4.623032470964533,5.664210046441953,0.08381244480221883,0.034219507101132876,-1.467999893235246,-0.1858246939440708,-2.3774871795671837,11.468863758121168,4.616407176400311,0.08675333962485164,0.036731735286253,10.750479098965092,-3.4718251873630734,-1.9769837919040352
154,1548339353.86672,258844,93073,0.0425521068498597,5.25843124858119,4.769503103837595,0.04497793262196993,0.023107097209791226,5.008705521257192,-1.0446110962525577,-1.2135715285754214,5.430446983060389,3.346165773905531,0.08428343892042382,0.042015864679334526,5.0450718741289595,-0.8632923050919245,-1.814312711930242,8.22970036079181,5.7138672468077445,0.14796467534100965,0.054592795237312336,0.3546560982142476,-0.7461763210703133,-8.188126035808821,7.445025577576523,5.689103845356897,0.1039800010640827,0.04059714992993663,0.9244633730400704,2.060426698245514,-5.3949395042871515,9.795262861942298,3.75605197219858,0.10137193727816585,0.039877186492730095,9.725228028455918,-1.1645653645652487,0.10441188024554969
155,1548339353.90008,258327,98778,0.05207735621839298,7.898715438068989,3.223146351164658,0.05626625870616829,0.029168984199844965,7.881530502166254,-0.44892721323002766,0.2639069385860531,6.485280137717314,2.915745394670639,0.09887069145241265,0.050853560181432785,6.372245176488328,-0.6045150316579067,-1.0430299381568962,10.56746141523889,6.608707723479211,0.19757777478725497,0.07179027875633535,-3.86144861586803,-5.346910121216302,-8.25657359351979,7.98638379847768,6.627316277332742,0.1362824160096625,0.05222687999779006,-3.9290760543957184,0.6544137909514491,-6.087445328841275,2.7486818356090263,3.390240953504565,0.12313967699875447,0.0496059055635178,2.0822997325583144,-0.7779473093197562,-1.6168109478590034
157,1548339353.96682,257932,107769,0.047162593768723234,9.902321742262357,3.2915635830330636,0.05038228698567081,0.026694556724226402,9.812806992322207,-0.6867930770420742,1.1371499848486613,7.556212640929789,2.8992043209208895,0.09089246805983453,0.04722560669606411,7.555224573385823,0.10228693120386345,0.06684687247007311,15.567281712559774,7.28769008540796,0.19468834851562086,0.06969804108174793,-4.46256815608261,-9.427282176535728,-11.55647420861948,9.259645886776893,6.240718100517723,0.1235540753664579,0.0476469696052734,-1.429676720768638,-1.0362387464197211,-8.152272980231828,6.151299617782176,3.601503271394445,0.11289046961108094,0.04766488904423396,6.1186258572416286,-0.1502986112457399,0.6150731129539848
158,1548339354.00018,259647,114133,0.05156897679968049,9.198754213388193,3.021531729575664,0.05076621605045409,0.0273440233370512,8.827866384850727,-0.6629696652304837,2.499264970453069,7.070440026682221,2.6525977964267993,0.09092721830517744,0.04757354325391155,6.8881522001094,-0.9560600246496492,1.2768831850662887,10.98007280584755,5.335836132856902,0.20655270677727477,0.07287913781705183,1.2704149515551497,-4.008975466252075,-10.142788590105138,8.300277092439122,5.733169676936979,0.1403809308834432,0.05269268793385576,-0.23518388215877195,0.6217609485612464,-8.013947194597119,3.0422447634803715,3.461386446369123,0.10481971037646112,0.04450383630834892,1.0037393034036688,1.5560664240062263,-2.4137974015660335
160,1548339354.06692,259694,125852,0.04626105154894812,9.021750087899255,4.630233345750252,0.04660473837228513,0.026017823398173445,7.39536659089946,-0.3193169893997597,5.1573795957830155,8.43338271436121,3.1004189677947713,0.08636464201806007,0.04870099645689033,6.668692291943944,1.087155559423468,5.0466404579550295,10.144541961273527,9.620445345208639,0.20962180453869964,0.07504812507875054,-4.138811625841683,-3.1213874806672743,-8.720029250258891,7.240862750652356,8.668476971026955,0.11273545549262926,0.04533173952370015,-2.2961783859756237,1.4136575843649837,-3.077224719766475,2.857801958326466,4.4303690255726496,0.09549276670151247,0.044320301518181685,2.3416721397222413,0.9652992550498269,1.3235561836444627
161,1548339354.10029,259465,130173,0.04695340515510402,7.1562765354558895,4.003042788324076,0.04512244272671893,0.02630340945341919,5.753001673150092,0.6871286091033707,4.200371397293393,7.96966477446406,2.7142446603929327,0.08445540666721225,0.05079153536281265,5.7607207505860965,1.276374060179425,5.357286842199242,10.789794095841323,9.147293923527833,0.21497404300356887,0.07721507799802618,-4.918248931604086,-3.246944905752757,-9.038132155287052,5.551277142606597,7.1271596197112626,0.10128231736604952,0.04316262762294179,-2.853037299097052,1.3266972648663617,-0.41754487288626496,8.399485110320692,2.5871493447178415,0.08726699684930009,0.041960353504722936,6.251449932539362,2.1812741413720484,5.168439511074326
163,1548339354.16703,259408,134287,0.035673221037675555,6.032554964467788,5.046752034378507,0.03345467006377894,0.02062864411263895,4.574811395011277,1.0440872783800834,3.791134639461487,6.818621355276722,2.7349824367602413,0.06554686421520894,0.04053147221100381,4.169542785183586,1.7713262784836519,5.0961665361634845,13.717069691333283,8.272858702390147,0.14864180727258228,0.054839406244507415,-2.51915708609898,1.2075179283430642,-13.429584838898839,11.172055626646795,9.011372555464582,0.08486800974147644,0.03567257751995405,-4.171141983009313,3.992007354976537,-9.062418446529696,7.538954701626089,3.1340196514427348,0.06375549347794819,0.03361405632994355,5.259741935015875,2.4893813647770653,4.793113100158002
164,1548339354.20039,258229,40621,0.030262406203190352,6.708341597624831,4.083742569276822,0.02896659640702304,0.01800717459117773,5.146946697945136,1.820821027684506,3.8981274304564844,7.602512709845175,2.628282841894886,0.05661199572314381,0.03605734903481557,4.679110665059585,2.0793634160274066,5.619641507389052,5.294108774364458,5.661232297377757,0.033021477403680284,0.020680568358644933,4.082875134256147,0.8931403733408935,3.2496182277898575,7.268898660214397,4.1408975941026345,0.03261922843224421,0.01985001887255881,5.46748640780668,1.5425805729936153,4.3303340515201185,11.168209262985007,2.81255171454609,0.050674202592707406,0.02945022088174661,8.700247250933627,1.700293172440626,6.792907996005668
166,1548339354.26713,260800,149934,0.027191182554611917,1.8846929533210734,6.026140415328034,0.02398478793547287,0.01646961464801446,-0.5596922199605547,-1.1814502014891117,1.357566782377601,4.759542196705653,1.0317567822994231,0.050036082974148514,0.03506379400812748,2.278584071523713,0.5106828668428901,4.147348497622694,12.100393245126405,6.417080934854709,0.11916739039644579,0.04466407341141675,5.176750584852404,1.9320882574728413,-10.765119833716046,2.095663630395057,7.951363009857591,0.053262474311678916,0.02998991240853634,-0.8994730427443249,-1.1064157511584254,0.22066697366942403,6.0444696970774805,2.2788575825103097,0.039550936009788554,0.028387491569597897,2.7136174561901907,-0.8312754052853317,5.336747644484936
169,1548339354.36725,260292,1522,0.022928917398786327,4.224686189753774,2.1589605429133036,0.020659409736005118,0.014683755187121277,3.9009565147459884,1.0371388770590355,1.2469380985637635,5.851832127468724,1.7257603239392207,0.04299272783457522,0.03308749183385254,3.6105821392370827,0.25613639599978255,4.59804632540186,4.1896871974895875,2.158797292845673,0.020694931629741453,0.014701815143743639,3.8605639934274745,1.0337477122900078,1.2573345349566432,4.220236338811018,2.1666649939297518,0.020718937068076995,0.01470589453508226,3.894525937342503,1.0375731696270252,1.232418099924541,4.82868722845665,2.4228858976598646,0.03439608440787696,0.028845082931263314,4.26477738845071,-0.45412439668396914,2.2184826367488952
170,1548339354.40062,259092,3570,0.027355435234990996,5.565418732143497,4.406459028191922,0.025211034402280404,0.017148285680780195,1.3564822336452524,0.438637600752705,5.379724776334235,5.96914416298801,2.2714641227801096,0.05158958862876363,0.03937914094200501,1.851775831722892,0.5032060133397898,5.652290864394674,5.879605741658188,4.452049859987364,0.02554911304547718,0.017488426560809237,1.1469298182205687,0.5913160745215379,5.736258446882331,5.598889281769193,4.396877268710806,0.02560366846297766,0.017344964461669155,1.2667063096939803,0.5110340100580277,5.394569554128989,11.124562394875266,4.612414053628218,0.04522475052850386,0.041449900473150066,2.9620133861642373,-3.1583508070185338,10.24730136950515
171,1548339354.43398,260126,37829,0.022382128668773194,6.689324091014165,6.197795657198057,0.020990556731026646,0.016290140659702697,1.2589232069820004,-2.4843234500232527,6.081965648473296,5.400535501307749,1.9020725798680007,0.04196084336097278,0.03395739124900403,1.5467496126660067,0.055391740148660405,5.174000492049281,7.433321102078988,6.348115426830774,0.023392840199053678,0.01767266055182967,1.2772345074571034,-2.803375365722988,6.7649110251673745,6.303656785215084,6.308202433372388,0.022410322918412832,0.016962529957599892,1.371884601321861,-2.3968476214798065,5.6417915402588115,8.863981939555837,3.530464316531753,0.052460921730771326,0.04931018261213867,1.8130830523423929,-1.0886823239450767,8.608000724187375
173,1548339354.50069,260161,36939,0.023904358266852235,4.887502549776538,6.889166428468134,0.022647214948622228,0.017807801310717804,-1.3954818842788352,-0.644583915083,4.639485215100703,4.0926427788692905,3.119100870144575,0.04536270158464198,0.038716062076388884,-0.010354287132236874,0.27033019121687785,4.08369187034056,5.323096783955732,6.991924432271611,0.024240514322144652,0.01860300821165016,-1.4003320848075893,-1.0486016334938257,5.027411266034675,4.528914308746444,6.817522900831802,0.023502643963293948,0.018020573673897908,-1.158835215690015,-0.6108490874628927,4.352737198729,6.450780564744078,7.677174864276407,0.06947958151715819,0.06692791862221362,-2.1383920868390804,-1.4938976596443616,5.8998405876712505
174,1548339354.53405,259266,36698,0.02298033957109721,6.059405535367368,9.099573558868505,0.021187199717636565,0.015611181441760925,-5.104249235801709,-1.696597829699486,2.790087988776943,2.5040430235308597,3.5401466984010375,0.041409263092237275,0.03259524638901373,-1.137906197458665,0.1642122640373913,2.2245078740742734,6.342006777200889,8.930352830038844,0.022423919533985134,0.016034951789162227,-5.043974495218102,-1.7193640379654698,3.4384820137093013,4.262513972476937,7.806960194621546,0.023655092096802385,0.016554833299553137,-2.547110213223159,-1.4007749506995233,2.765603523970462,11.956847873397162,12.887855655159047,0.056128158661487654,0.05232482158131738,-9.083236156590836,-5.256327943693547,5.729925701046182
176,1548339354.60076,261148,34335,0.02592587491383064,6.070431121499713,9.02097862206231,0.0234627597743898,0.018795679705727247,-5.47573729968024,-1.9241153027639977,1.7788241417948576,2.82409920988401,3.4841757575815633,0.044582404800304266,0.03719168201752475,-0.731703918928741,-1.4270858068707555,2.3245584144348483,6.212575537378862,8.937746206283741,0.024481407148212442,0.019300742456030934,-5.446136825362304,-1.894324517848622,2.3124063458113167,5.942329808588795,9.005014070524492,0.024696915130458325,0.01937524524165833,-5.402041407825009,-1.889807574930218,1.6757626136635175,7.504182484282604,8.666774358242439,0.055453525876979076,0.05519404275562313,-3.6895108141043043,-5.5418460818324435,3.4623989826852166
177,1548339354.63413,262008,34095,0.019394599988866147,4.848320376087289,7.3583360717953905,0.017685216205262817,0.014844557340850674,-4.267581740419876,-0.78223479418216,2.163808051743232,3.110046831959599,2.4408369620872836,0.0357449324332284,0.03173064190494029,-0.52024591887854,-0.770374937422205,2.967870943397623,5.005589616847148,7.32439840076873,0.018341900294446146,0.01524655205698432,-4.230480709664045,-0.8085277841994615,2.550537825562658,4.7406251103858335,7.346330478798263,0.018258678209452758,0.015091054883212085,-4.205908129801769,-0.6362090490231518,2.020036734781824,8.756548788216666,9.713272180279269,0.03757597635284268,0.03724035983894814,-4.855757339237892,-6.056022393934083,4.0525745035748555
179,1548339354.70087,263276,2270,0.028638616127682596,2.9641443138168495,3.896399598708293,0.028369439512428436,0.022882179544845675,0.0014213567390347443,0.785644812815135,2.8581308089334283,5.544039773088774,5.764753455694094,0.047714030393748094,0.0401792281458253,-1.0205036108086556,5.026910709026475,-2.103596470189011,2.960000939283787,3.759982682198158,0.028406025873674842,0.022999334032766657,0.0525278258511383,0.6355249571464201,2.890493801570295,2.989087865799446,3.891417380859386,0.028414720431736824,0.022917952603567653,0.011259558974805246,0.7849055042813136,2.8806772044358873,9.741272200506215,12.545527724835754,0.10873029232098955,0.10993246186016782,-9.001027086472304,3.0810514891872742,2.0930879565665625
180,1548339354.73425,264387,1380,0.02210501830237509,2.1345414373636133,4.464404213690521,0.023942818621516017,0.01984755619741559,-0.7333050892488111,-1.101180733955072,1.6750915751296351,3.7565518165636713,1.5206883143318428,0.04236274068447173,0.03560875980597773,1.5458482468601278,-1.8779805848027598,2.8627301080107377,2.0906347893158186,4.430552959402606,0.024024406060369482,0.020000543137119027,-0.7136537678089491,-1.0468037541542834,1.6630255627254162,2.1479966869937517,4.471498870058971,0.023978005993910412,0.019924245313908878,-0.7333322795161681,-1.105336319437722,1.67471152204527,4.6827472143701305,6.0621843252769585,0.07972005056700454,0.08083140309590474,-2.8752401348599372,-2.475338213021208,2.7447798403039174
182,1548339354.80099,265036,32074,0.016067917247966447,3.352287019460668,4.249498582582279,0.017576934890207892,0.015090561629034365,-0.5960110981986482,-0.5858819432428847,3.246435180355596,3.4396383188735893,1.3039793617669682,0.033385451283369595,0.030213987968412015,0.8799376126090881,0.18141841736245742,3.3202272392746033,4.402476243430644,4.455212062886906,0.018263716072648428,0.015595372700104556,-0.7759750367645608,-0.7232433022537517,4.272771810199384,3.3225997059710606,4.201763600597287,0.01829571520494717,0.015394038348729846,-0.4321955253608598,-0.5176222191896369,3.1873861976437654,5.358431443061848,3.521266680145282,0.0634485036697573,0.06619028533339298,0.25377663688894453,-2.003999127576369,4.963101091579373
183,1548339354.83436,264290,30825,0.019573497789032102,5.868146016296597,8.688644867295023,0.02045085600811861,0.016722708554073543,-4.985934761711402,0.46023336420861105,3.0600289983927795,3.9179374176646222,3.5609693154107256,0.03997145073122388,0.03474015946622145,-1.9542879791299983,1.0699698497294852,3.222756060274246,6.0438141397770835,8.485990737389871,0.02123307060021782,0.01724713806617998,-4.719901783845773,0.4608908969507119,3.746704697214189,5.585750304927906,8.587048415670122,0.021387125968045678,0.017266976221056045,-4.803151292664936,0.4833847901634869,2.7185378464708245,5.964562910840418,8.397344193001354,0.06211374367982247,0.06309578366341834,-5.42385387197183,1.0957077333194407,2.226487021299087
185,1548339354.90110,265611,41021,0.019704723844784493,5.997219916399706,6.835404984157218,0.01944063301544685,0.016789654164010088,-2.595842038276791,1.6938907529048124,5.134100208916832,4.23930006565816,3.7590057536617687,0.03985271375121041,0.037996274229388595,-1.5192719351064183,2.0417841684084683,3.3903680100431304,6.928262285865757,7.155384553643458,0.02050268478027877,0.018295462076345376,-2.571148958391275,0.7987273859120437,6.3837329125291085,5.999560571853733,6.889816270840863,0.022217160678187367,0.017588563865195347,-2.6878343299592458,1.4866663861706075,5.173038820581549,5.844346060631584,6.636281712549599,0.03889709232379943,0.039747799345216654,-1.1913639706221415,-0.049409968895632275,5.721415158935515
186,1548339354.93446,263635,25022,0.018894553653065124,6.540601964558547,9.89888093215775,0.021230755393883968,0.019527607649638706,-3.8353434703073073,0.493922696609038,5.27500283349049,4.813755218909192,5.114951311479277,0.0428141728224629,0.04245955705828157,-2.635087639553692,1.8240027548693027,3.5918750520690477,6.986669109058089,10.177559915201618,0.021567727746934242,0.019993254820328318,-3.9306545792802283,0.34817592042958107,5.76561127256104,6.391889563111572,9.936391983025116,0.021816192814814173,0.01979209787824531,-3.8174713860444855,0.5085678412807971,5.132338779909336,11.517972495395355,15.793299520715454,0.09086381404597306,0.09630260399927078,-10.351836541557288,-0.893076697013014,4.97047126888542
189,1548339355.03458,263794,18118,0.015143603265437578,5.355757013877298,5.091804856049821,0.01653537142248989,0.016104113625736115,-0.2131147127573828,3.4649942820814896,4.078299883044992,4.745835129003746,3.735334349814129,0.03290407761699873,0.03387350762162717,-0.9029365200345013,2.9939738235601254,3.569842777533871,5.480752913524945,5.1897752428484125,0.016648319402056886,0.016287494370533853,-0.2505901098191545,3.4884981968805855,4.219743763113336,5.323777642158314,5.077733846013253,0.016715346997759412,0.0161868467800612,-0.13998478539570008,3.4701062043674695,4.015344495452358,3.6813652970273365,5.7093277751102045,0.07258764303057935,0.07729436891744275,-1.0843806277773382,2.76016769032964,2.1812939796182302
191,1548339355.10131,264032,13768,0.015186175618969485,8.04345477995256,5.489646134795614,0.016461083960108883,0.01641705535761453,0.6572474089372258,5.840689745247389,5.491041243730462,5.8988639789825115,3.711234104627508,0.03202500833259312,0.033588167052722384,-0.8211428300938853,3.0438895597921456,4.985685212978369,8.01933106676031,6.525239528921252,0.023633398731466772,0.02483644431202229,-0.913690773264956,5.858048773528244,5.399824487529364,8.05958715693113,5.447910383721495,0.016952560429922034,0.016689466955889017,0.6272618045873378,5.819828840435829,5.5114301011523565,7.816881705370737,3.9085797390971053,0.06066997024139267,0.06512366553315507,2.473805199406898,4.290720034645059,6.047615151069272
192,1548339355.13468,261897,3204,0.026976056914357244,2.556820550364464,2.040009330423383,0.0215101426861326,0.01845507928045485,2.28978677491169,1.0659116381238332,0.39754274225261704,4.828622579656876,1.6419308806941704,0.04205071952557536,0.03766351244376437,1.0759264058075977,0.8202761019733886,4.635205011926605,2.551277060508622,2.0169529762642426,0.021534574482382315,0.0184946467701883,2.2940641348212116,1.0396064418629685,0.4068203913787234,2.711957642000825,1.8766466958087724,0.021708788860010483,0.01868803791223901,2.4597044425146777,1.056747947210645,0.4261263054183607,6.390811152104822,6.116940755476847,0.08757666280253244,0.09504501421758006,-1.6845499095730545,-2.182476896458955,5.765548836012723
244,1548339356.86981,274749,3124,0.02095286878809248,5.743237917945783,8.08544423914453,0.027967427143982156,0.024374229761614557,-5.4971191979162715,0.651080420883535,-1.5305412740506856,5.657413803174497,6.326289000418331,0.06073417630200144,0.05395725205046034,-4.7877074211823745,2.871147144573886,-0.9168983933401587,5.506696603323141,7.942824604177107,0.03154958140047814,0.027908280624727555,-5.123915998621033,1.3295811242543925,-1.5170386791879986,5.725885192139318,8.072763648426362,0.028407671230991444,0.024820522812982124,-5.501308721413217,0.6839769844254799,-1.539866482603193,12.69431695255871,13.639116859860124,0.08587332304958045,0.07794717283136707,-7.94342415584948,9.734459768487284,-1.8132811662808688
248,1548339357.00327,274001,28442,0.02095936871875837,3.151467296254222,4.663619152597441,0.021770154896563622,0.01757867091404691,-2.6603862449291307,-0.9506754041374601,-1.3965340751731954,4.51801138601273,4.851043137701987,0.049077547644204536,0.041033270958795075,-3.1724057820518774,2.5600489159632955,-1.9479265864040278,1.9182379661404168,3.1829919723447357,0.027519573799474305,0.023518085904195542,-1.1887334014570392,-1.2000140306351632,-0.9091293204388743,3.107191420427643,4.669679317774199,0.022681908193864987,0.01837519907761303,-2.602681096840339,-1.0914992205718852,-1.3462107376039825,17.67046615722228,17.611087079808797,0.09046072123670368,0.08348534879872918,-5.151717639962382,16.867029665723937,-1.0993133435135833
250,1548339357.07001,274099,22033,0.019216205744189155,5.486017694185077,6.9437824378364486,0.02170808348561414,0.017075307970941835,-3.8325816529129337,-3.8622612683420945,-0.7004612121534168,4.619801442117562,5.022171241888479,0.048650272505421095,0.040784871990576954,-4.433596569251074,-1.2321576653202746,-0.40935841692714264,5.398454294439045,6.710903232082014,0.022748364889577818,0.01825069227396747,-3.1450527187040236,-4.348090314768635,-0.5882710092593264,5.441746591587396,6.901357499328794,0.022170302850189737,0.01730161256169343,-3.786662894780807,-3.980490758125538,-0.6604315971479403,14.245738634323063,12.24803586444426,0.08372621628899661,0.07149280974241011,4.512613880034811,13.51194018761873,-0.06969629384567687
251,1548339357.10338,274095,29993,0.018800689348440574,5.672061130374739,7.551610634563749,0.022217362104845862,0.016954268238404957,-5.366923250440846,1.394301320330166,1.1934555369643984,6.897475376225302,6.882630418805946,0.049742533010304714,0.04081662732391935,-6.80095939327453,1.0848781436287573,0.38099515763580366,4.295636720398845,6.065614307903361,0.026627404792510072,0.02175612404116066,-3.8561504532095623,1.0826698994132533,1.552554155176279,5.466899092536643,7.422795801532244,0.022707010292177136,0.017178187846043462,-5.171110612221026,1.4294776389587167,1.1239915533223146,7.971266272070201,10.10532097294402,0.07423150279192788,0.06471878991067931,-5.711128816281092,-5.32458552404762,1.6040207670695004
253,1548339357.17012,274071,22811,0.027412558404291087,6.092147887098435,7.212358753157063,0.03233502259116461,0.023979870010417216,-5.765987411052888,-1.7326900215418766,-0.9302904616875073,4.541922613261058,5.505945888453269,0.058674086326215284,0.04604424393718366,-4.395754375818388,-1.1353783201317622,-0.13160760806439847,4.963779622494862,6.1993124210701875,0.0337382907322539,0.025539121006591795,-4.78666803191223,-1.0264271749127172,-0.8205879279915328,5.969180664096193,7.181608428230256,0.03307194200286716,0.024326917088540408,-5.644003113582259,-1.7607994982277293,-0.9571929962423993,5.392090969290341,6.657407823383999,0.09181213616765095,0.07743996124031026,-4.920079910744837,1.3690701844820676,1.7300593986767518
254,1548339357.20349,273416,7885,0.019232155948947453,3.7474942378844514,5.304446210011812,0.02127919654017767,0.015365875298915121,-3.4264296782260484,1.5173712450235333,-0.029618033773966858,3.9019101055445624,4.245368854965735,0.0446209676384296,0.03464022494907131,-3.544826653506808,1.5283856852870905,-0.5684572678293552,3.7391185643124834,5.301280174267584,0.022274213184090046,0.016563279484097287,-3.476650881300241,1.3753842885545504,-0.04716297634586465,3.69235555747779,5.2702691612300665,0.021585821977289907,0.015474346730060448,-3.3696059394063327,1.563591240138625,-0.03126457882546554,10.977432125856202,11.662076755482907,0.059299355250808934,0.049404453685097,-8.5513381557877,-6.825814914095121,0.8870640234311342
255,1548339357.23685,273342,30793,0.02091527206061901,3.7829217285630987,3.8862866385015464,0.02014847296944206,0.014299599715059768,-3.052303110888427,-0.14868280932685413,-2.2297614100854664,3.095974827325389,2.833027978547359,0.043129571395523245,0.0328669543631105,-1.1222485012547139,1.5662727759124617,-2.4233051859597654,2.8830022489579803,3.488519833322871,0.021997679343232525,0.016403729482741266,-1.809364397280474,1.1232541053481537,-1.9432453937084628,3.8333848858386896,3.9338521360129253,0.020556811457618028,0.01444351630351521,-3.1426695394134505,-0.2898197724444189,-2.201290260452695,3.6931076374718304,4.278389467502072,0.04757810924717481,0.036027097969199944,-2.4834396870311637,2.0830180154774136,-1.7699173116357316
260,1548339357.40370,273635,30828,0.02018965083875519,2.8258514424286183,2.661479541943983,0.020415924474899438,0.013986922492410342,-0.9019469278031487,-0.9234928227449596,-2.513779847250135,3.3507599379554924,2.0671874607321583,0.04231853834329558,0.031036852690159867,0.74038805094773,1.6633717871323228,-2.812936542759815,2.4304811260604797,3.157543961875613,0.02156696546366194,0.015523651644578975,-0.30479412728385236,0.9311060385667594,-2.224270799397863,2.9916921162254946,2.6719319103716743,0.021050414984305224,0.014276374220138999,-0.9042360200059398,-1.0116665347334064,-2.405200128546845,5.138926409079135,5.509797752812072,0.07532958875944647,0.06480482711813491,-0.2948069132658227,4.844539743499312,-1.6888126584903576
264,1548339357.53718,272871,4706,0.024166492021144417,3.6139456672464734,3.676328646586332,0.024194062040881977,0.01644896935986485,-1.59731052016962,0.5587848815747593,-3.193268207352539,3.6450523704437052,2.55277241742929,0.04933787926171443,0.03585849827183163,-0.27694671791218656,1.6883016283171062,-3.218593623080856,3.650500757896838,3.8229220103086954,0.024416975880523648,0.016808915134456412,-1.5905635314920332,0.7989351517129826,-3.187156422118364,3.598224537333892,3.6862405378133385,0.02429342384655219,0.01648028939683726,-1.6146151938707867,0.5385642667974326,-3.1712549960141443,7.3840512047522955,6.330228217394881,0.04749324651523008,0.034952003491466904,-3.0878751596191583,4.2892627239694745,-5.156691233511733
269,1548339357.70403,272483,703,0.023778998033348087,6.338649651047148,5.724372710622857,0.025752737622724158,0.01693425280271919,-5.653810088275598,1.6784105624611736,2.3228966546645955,4.2252731620851565,3.505487845310424,0.04652510288305266,0.031224177760007923,-3.8557859496368203,1.6065222904377847,0.6363443526479314,6.531921266909343,5.773674653440415,0.025914206180985246,0.017112515654128788,-5.673190336787906,1.9261763977815698,2.602066740940382,6.327765291103336,5.718560047953096,0.025767554315955954,0.01694607486720232,-5.646026072617412,1.671975545703615,2.3261091196582417,7.809557704351643,7.990770250534758,0.05069924778453315,0.03808761008351758,-4.781472129489081,-5.281037280050465,3.1995876389363733
272,1548339357.80414,271263,6774,0.021603992348522394,4.097988105842418,3.3200489525681887,0.021076328794212968,0.01380804968824115,-3.1657867373560156,1.318454532469094,2.2434300735744785,1.949622718647206,1.6240000897424467,0.04400452535896365,0.030029799656693945,-1.3756652477756959,1.2298486445299261,0.6293220023767321,3.998292608678974,2.6167840991416695,0.02125190599282532,0.014011223270392923,-2.435651566459828,1.6420079523504831,2.7125182240561028,4.096521861966837,3.3150093533445086,0.02120584278623552,0.013885301504298647,-3.151801541152632,1.3164369973013632,2.248971388400327,8.850507838378528,7.305773672135418,0.05546155436879832,0.046028162375751594,-8.249042368224657,0.41555819327938426,3.1799528915430013
273,1548339357.83751,271754,5931,0.0344686339516201,5.632100151373268,4.749178868680857,0.034371490481325054,0.0238040396785749,-5.253853143185086,1.184770089792289,1.6473916047122947,2.7855740069699637,2.5455978240309602,0.06562333016905703,0.04649093076002925,-2.0877262235116203,0.5067576165160292,1.773138032436166,5.110248836027413,4.129879751023095,0.03462312301229909,0.024092240155402244,-4.5093076424884995,1.725187305511084,1.6746690754945404,5.6502436650636145,4.746979496039642,0.03465791884272366,0.02402434700698064,-5.249885525062398,1.2106587206615225,1.7140924625145688,6.427867531200485,5.051288039320923,0.068778450496278,0.05079803872399266,-5.3043370605093365,0.7873276234234214,3.544235398582185
275,1548339357.90423,271581,26800,0.02745087017094938,8.071897026370095,3.092143334912239,0.028661963116279145,0.019004319810083745,3.9553793696608697,3.766810489715636,-5.943200684896297,9.440700180058752,3.350788877077624,0.0519437435530325,0.0356063251485243,3.6702869747365097,4.9322099368214625,-7.164434279966596,8.885199725639763,4.817213206924789,0.02991405147626082,0.020578751335005065,4.080805527051956,5.97989428309588,-5.151180911003648,7.703110589792539,2.919790611720309,0.030189532647736397,0.019825163026503306,3.535442843353306,3.624608926174571,-5.752713265570106,12.46044414573533,5.211430689686546,0.04742419719115741,0.03372817554847408,8.628019747099382,3.176109338349206,-8.410248095240947
276,1548339357.93760,269197,523,0.0303774312615723,4.141472348593434,3.9235148432187694,0.02201885507985685,0.013396057828248802,-4.106547742205631,-0.166366765719942,0.5102753711612397,2.698073947822665,2.2798002616282265,0.04191226661693654,0.026274227626676333,-2.386190163979669,0.9273492864122724,-0.8518936730817467,4.132261906414839,3.9082216731987156,0.02202904804761869,0.013456175118635245,-4.0954509610276615,-0.1751479473769035,0.5217212719014472,4.140968018214167,3.9211354829336016,0.02204218133694706,0.013425558911616887,-4.105319438661239,-0.16680704838840543,0.5171981623026416,3.935793139085525,4.017869673361654,0.04018982558437497,0.028496789702864452,-2.9018752508569947,-2.5673088122070693,0.6917464310715816
279,1548339358.03769,270432,1280,0.026935762757839005,1.7730813717455487,2.7851136676758914,0.022239332152349276,0.01198434825631263,-1.2463973996132314,-0.9149362954630069,0.8678724839012245,2.6227070802627894,1.1964611451837042,0.0415516199463053,0.023202405206368775,-0.39735439060755023,1.6541755682825163,-1.9960974691689495,1.9888313420617976,2.890931124099366,0.022445523411027228,0.012209501832012892,-1.4919405410542963,-0.9096385997359553,0.9498005827521665,1.7835577200958546,2.7884105464567277,0.022263797033028495,0.01199071556752809,-1.2580882198211012,-0.9197048714835079,0.879013654074727,8.176550587698669,5.731294048581453,0.040094698134627495,0.02916193109204362,-2.909852774434115,-5.817434909868405,4.954410904815819
281,1548339358.10443,271707,4886,0.030848901968455678,9.46879184980175,4.622993927176448,0.025904579815707037,0.015588661504168117,7.9554892974472535,0.5170016748852317,-5.1089057929502015,10.660142010762565,4.633310788318,0.05208927721776271,0.03292427919843212,7.560353418319417,2.9951613017507444,-6.892654978760044,8.993817315817289,4.437497418865766,0.026172168216377738,0.015948554272914618,7.756649816436219,0.9973891480624509,-4.441660547903466,9.455638739446961,4.618589426782094,0.025990985509236716,0.01562133447126167,7.970587645699151,0.5097686969639097,-5.081911548997576,9.484999934605721,4.62462746014603,0.04192804431938979,0.03226595371581654,8.132163464295953,0.8669121875377216,-4.804331837887463
282,1548339358.13780,268662,625,0.027601910469547446,1.0257554031108171,2.460953360282326,0.022899847328378534,0.012162958269978366,-0.33966735360136635,-0.792242594086443,-0.5560143055926375,1.2778309890296484,1.88216387892847,0.048528768129578424,0.02751065476708962,-0.9865351874499316,-0.3252430168532429,-0.7441890488550734,1.0294392949026396,2.453257703074223,0.0229444031807396,0.012216857605337045,-0.3283175871805639,-0.8121840408455439,-0.5406569223022869,1.0247870742597938,2.4605994886421607,0.022909929725512243,0.012166783770109959,-0.33835292920171267,-0.7923501630248893,-0.5544237551247138,4.047459024968321,3.4008560310780003,0.03956432649999871,0.02931626541379161,-2.6446188901767473,-1.782071197901707,2.4924160427438666
283,1548339358.17117,271127,553,0.02167235553886708,5.274960607885508,3.477826996240475,0.017307236929617466,0.010321991333924698,4.788542230719543,2.1865237546469327,0.3379150628841994,6.736761818461812,3.6049247316639006,0.04011428866450636,0.024911468455527396,4.509108104144409,4.371026919696034,-2.4384477790423795,5.050731943873978,3.348089772052775,0.017398174715015816,0.010407036544664574,4.554749823923685,2.1570779852594053,0.3334093217734048,5.274988216877151,3.4782377984876724,0.017313399781559477,0.010323217599939195,4.788469671446574,2.1861260539210816,0.3411058845801954,5.228191840875342,4.106989173421315,0.029152901540615794,0.02284336488825725,3.974987838610518,2.571586103810832,2.2181989357541863
286,1548339358.27128,270356,3192,0.019447514204804586,2.422137251104906,2.2363617194252385,0.01504965445064667,0.009143968240803315,1.905688267438751,-0.6959606107070454,-1.3231552890271792,2.994140000263719,3.2027686720215907,0.04070801242097073,0.025242156916812367,1.58627242622612,-2.4968577759033463,0.4629420891266166,2.197312914257131,2.1595487768269415,0.015192867027581432,0.009306332839453757,1.6215899186539584,-0.7043675667555329,-1.30479749761559,2.3971234921771005,2.2106418617557715,0.01509918550035954,0.009180555876241562,1.8837955793531969,-0.6755850410645943,-1.3353165615319385,2.211313126213598,2.566712231100751,0.021651477777485068,0.013816452710762797,0.9843743147848886,-1.1751514002512295,1.5937164544058366
288,1548339358.33802,271568,1304,0.020985191387568766,1.5840235349626786,2.607592655162566,0.021555258944598175,0.010894804680991549,1.5037672558457293,-0.3909329719379353,0.30819800618050525,1.9132115755302934,2.646961457858995,0.04734847241021289,0.025674002334386766,-1.2654950599522106,-1.1730830700527688,0.8263031506264694,1.588499450067672,2.5872545250057657,0.0215933999755485,0.01093003169767796,1.506489660068443,-0.4139047531758454,0.2872320704075459,1.6012870914501929,2.604257811751359,0.021583073623859153,0.010908190106665008,1.52484934657299,-0.39335951758098814,0.31118396053209896,2.9389398269818185,4.134330876048914,0.037588470310845154,0.02202788738061369,-0.7493137228232188,-1.662348459651489,2.3048847802228756
289,1548339358.37139,271374,1180,0.01742257781496102,6.961052056487444,4.539106198627051,0.015657211694231617,0.00879529125049429,6.597714932115474,1.9514101069726104,1.0575452718790406,3.6938571173727706,2.478226288852106,0.038856284174681954,0.023361628425308194,3.223424258346682,0.7442484455786291,1.643231786913036,6.923098264076582,4.590056190711308,0.015738374960302608,0.008878147150342013,6.575833276833907,1.9203177820875796,1.0000429516487082,6.941585932757096,4.530790079344536,0.015683863071786992,0.008802980410683944,6.578624117539048,1.9446674338784433,1.0773263607289048,7.8865458518489735,7.271327068091121,0.029431660457471344,0.015949339440743778,4.741695553725735,-2.516581138058334,5.777607474090194
291,1548339358.43813,271976,1173,0.01603380468841629,11.616657034576189,4.898458717131885,0.017964044239202545,0.00990626298784151,11.239765089058093,2.6317692200565124,1.2993044963066007,5.589362910930209,2.870241009593576,0.037771848706483424,0.020701617475376334,5.452010492772029,1.0709161260654165,0.6080279497843496,11.668789534781133,4.952764486980649,0.017998971282821172,0.009952407566644709,11.289813480041907,2.694203235196033,1.2008454190031994,11.621632313012071,4.898489741652282,0.01797714815046165,0.009912304101532668,11.242329031810122,2.6321625383268845,1.3084647362888147,9.66300054886084,4.533394107119424,0.029335041614142413,0.017471705180398575,9.229827794820604,2.489776260582007,1.4088550874679033
292,1548339358.47150,270381,3315,0.019564899073302222,8.31174157600204,5.101850121697817,0.018333805941778494,0.010071301833190542,8.103723321339347,0.6842540178135779,-1.7165409393683795,4.182922816808998,3.236253053194554,0.04447130342955904,0.026360611253962236,3.9462810638375796,-1.0900698958280497,0.8575877090931756,8.123481097297146,4.9659928109206115,0.018523084015601193,0.010289178618457694,7.929962231083588,0.794902335017549,-1.5731415796156103,8.339869332370245,5.109589568142278,0.01842169583313212,0.01008707012616488,8.126125345314824,0.7056500348862411,-1.7410564728839097,7.174589502571933,5.673480449108123,0.03290581466252005,0.020479079689515556,6.8621700406941635,-1.6991576916013604,1.2240179745766673
294,1548339358.53824,271412,2230,0.015886489770425387,13.883322599029194,6.30707748832094,0.019254219917145016,0.010793036224344875,11.995502819311039,6.114788785199948,3.385840606556749,6.823870908154245,3.464311535441323,0.039692039613929454,0.024016582115315786,5.951293073723714,3.1196453480852226,1.1895956556629768,13.841971995416332,6.270857800021318,0.0194960283659236,0.011042107656265902,11.919703164195905,6.16300174612146,3.3968035970088,13.888692465669507,6.310089225730939,0.019367307427455214,0.010827945979822565,12.011855845473379,6.1123136435213326,3.3820359590837152,13.651346967311582,6.722546487396476,0.030535470521964318,0.016682804904921657,12.553448568304471,5.330834831991002,0.5936354595987151
295,1548339358.57160,269490,4029,0.022048296896978504,9.546335898750662,4.614366382061039,0.0215962337003273,0.01149097701232767,8.29135645712212,1.0321237946032842,-4.617429768315776,4.098046996368917,3.389055972037901,0.051938140481778125,0.029506753291574154,3.5572002339896165,-2.0305611289417507,0.13090905768252095,9.566496612799444,4.669563346828316,0.021838070709404148,0.011730473467737382,8.300586199716491,0.943629874270207,-4.661296905815393,9.580927310446944,4.626388980233705,0.021718867832505956,0.01156989852439186,8.31687318858937,1.0482426219394019,-4.643947641057635,6.806899504501677,4.903900735669349,0.03855467985037656,0.019949801425085272,6.4662511904524695,-1.2488331322206514,-1.7210148791411302
297,1548339358.63834,269939,1173,0.01609894564817398,13.805255453946288,6.511889783030034,0.019864475918258802,0.011117334767725083,9.675760913158438,9.564260368620076,2.3430007471941825,7.2491533979944816,4.245040590013852,0.04158730742952502,0.024203136548791762,3.3661105662711304,6.414301689657908,0.2761493750572166,13.869600908786103,6.545735381159336,0.019967533272273665,0.01121558047405302,9.763494542393385,9.612975254048608,2.15190856095327,13.81121518305224,6.516910032489249,0.01990218067158868,0.011140206166817372,9.682009718936772,9.562773919889828,2.3315177330870807,13.659461671502003,7.631869534961463,0.031611560517412554,0.02135697217577064,7.272907247210707,10.101811561175195,5.624865910509281
298,1548339358.67171,269274,1553,0.01910020504564192,7.69927065658935,5.260036377547021,0.01885129715867333,0.010991965096201166,7.609768023881853,-1.0985365417082023,0.40424835516655244,4.600341063918803,3.522316756196049,0.0460872136520397,0.02861200324830684,4.173006740339212,-1.7469282966696238,0.8351012967036132,7.593259209709729,5.192106654445141,0.01887804617908733,0.011020394222639946,7.501741965700166,-1.1027996545655265,0.4065535976778372,7.703150796585319,5.249974659448203,0.018889638904154765,0.011018139801726189,7.61842508404936,-1.0605069843633408,0.3995796422696364,6.8173224065770395,5.260756028011431,0.028752876618728107,0.020456210464447767,6.742394565614584,-0.9695186298107701,-0.275742530702339
300,1548339358.73845,269790,2049,0.018194519494972253,6.089160480089448,4.167427367698786,0.018177193219450143,0.009904880047381779,5.763577298498493,1.2361322288246468,1.5267708372172233,3.7683933403765746,2.796898470515664,0.041378618642349894,0.023910107350310454,3.500513786084795,-0.010543575513770895,1.395378240564256,6.122337616486892,4.188296613662223,0.018225467339436682,0.00995478165555331,5.7962457601249575,1.2432103136459267,1.5300265012503043,6.091453064704019,4.167628722797769,0.018220300716837362,0.009916400572861441,5.764725639701732,1.2582428770871052,1.5242806276691472,5.4214962279896035,4.237992761282637,0.030562329518635554,0.01727307793433488,4.388151382847064,-0.44199758346843454,3.1529964997650985
301,1548339358.77182,269059,5536,0.02095027470443888,4.152832361526098,4.949350772688095,0.01977659921480066,0.01136353105590731,2.35288453798354,2.9076854083492707,1.804249578059849,2.4942505830397033,3.614680218051989,0.045547551786625076,0.027776599695974045,0.8164615972315317,0.10733862356074,2.3543905477070117,4.16784109512938,4.937964504925929,0.019843349548837794,0.011427926293414445,2.3264515524555542,2.957922645726408,1.7914285333848248,4.128684603612143,4.895355454065086,0.019924811877188878,0.01148195526804809,2.2782631487619716,2.882884480115636,1.8002989386605415,3.852485909110616,4.89027078774338,0.031223605006477178,0.01662279810596418,2.270151617017883,2.5224464755745784,1.8235468443416336
306,1548339358.93866,269655,10419,0.01726025608606038,10.633452781308442,3.799754547326233,0.02027711510708637,0.011183860057760673,8.89846037963585,5.29799634014098,2.412251169389299,6.489846392321065,3.1106734391497417,0.04179441258147374,0.02253501240970846,4.52981366482294,4.62511090655701,-0.4552400025849147,11.18758505905865,4.567730599169044,0.021407984924660315,0.012072513617881775,8.795071209783005,6.661853396111705,1.8516185344809515,10.880418361374927,3.9130924347696396,0.020718347753948776,0.011343377077454773,9.01646587417648,5.473435425865871,2.414093071991036,9.26085992305128,3.9893304145834754,0.03232074202117144,0.016926647001824786,6.792208406936772,5.578652841448643,2.916858574856138
307,1548339358.97203,269378,2214,0.025742860876878663,4.227539107497113,3.293702922503129,0.02901125834977693,0.015746678433839624,2.7068039118960647,-2.796755690094271,1.6502900041771325,2.232365576649148,2.3108642166987265,0.05977223042214613,0.033803659556617224,1.4114446102976559,-1.6973434775813543,-0.33212241565696476,4.20592781512318,3.2005847092433193,0.029148281944047113,0.015885234478214397,2.7694328119326803,-2.752041706184959,1.5640770868585965,4.235894471133258,3.262406481308226,0.029094075752029002,0.015794182358445874,2.693754506755661,-2.779115630018758,1.645748938106129,2.902953660878785,4.173130052828902,0.045411276916419246,0.02219986701972313,2.201218757721321,-1.195032571623016,1.4675398088724636
309,1548339359.03876,267638,562,0.021949167547335856,3.0489050232448083,3.5238296817386416,0.024436791647912588,0.012575381825244387,-0.017496366320615454,3.0466031308712447,0.1171540904045936,3.269189145845531,3.090401781327159,0.05115057846465213,0.02612782815543664,-0.5849035314155859,3.194330351301165,-0.376482585265221,3.242833173158551,3.498592230203113,0.024549365991722517,0.01261905934422064,0.21915547403137972,3.2186827609427473,-0.32866267136626504,3.0489029744850313,3.5233794197610444,0.02444372188488677,0.012577572515710587,-0.015270297237161676,3.0466480198794312,0.11609640193613263,5.246799791338291,5.06837811254179,0.04534837696160451,0.019469938983427398,-2.365384399257716,3.915919519965113,2.568937330355092
310,1548339359.07213,267889,749,0.0214498662360785,3.740929017597338,3.34450658062928,0.0229826343497541,0.01183233410627003,0.4962997714591615,3.1333063379157196,-1.9825811066204966,3.4265258132550303,2.7118664463293674,0.048466748559386555,0.02551699312709742,0.7452395678286793,3.04335771584609,-1.3869646530628097,3.7245756670836974,3.334662119643146,0.02300243360247838,0.011858942077721178,0.4829411021710455,3.1111387614463455,-1.9899867835470375,3.7390421926195962,3.3438878437838637,0.022995971179847214,0.011840099632280061,0.49731698449892126,3.1321035636769676,-1.9826729802355358,4.096393814079384,4.220436174354835,0.0354828067870249,0.017858462662119132,-0.33060458537224463,4.038060720055973,-0.6043248375664594
311,1548339359.10550,267032,1312,0.024169422812438297,3.940577718815422,3.0285263730269896,0.025407165916367023,0.013130794772106201,3.3662974539925554,-1.648265099307668,1.216312612642029,2.9966952768364172,2.1767754223275437,0.0569021179060578,0.029125703930289612,2.664963998386312,-1.3643035302272948,-0.12971255501250545,3.9099538123841704,2.989412315929367,0.02558375375087995,0.013207765249242389,3.362008924233097,-1.5929450136696033,1.2029800462932327,3.9382315857433974,3.0270728182508977,0.02545148507179986,0.01314564578012583,3.3686986688209712,-1.6469167535159588,1.1850166390632242,3.088265946420071,4.430267835640241,0.04296889941608069,0.02156599189239369,3.0553193796369196,0.4293631858730972,0.13437744918634423
313,1548339359.17222,268679,862,0.023245730582393584,5.457583665017862,2.9591093797727996,0.024970327049309883,0.013226028524031866,5.293335313286931,-1.0193495453339372,0.8524947074362542,3.6329457336090742,2.350543656500163,0.052691700098469456,0.027550999530441187,3.3991758819455655,-1.282142461823843,-0.002955424885987056,5.433655167628265,2.9569410421519486,0.025194524786201003,0.013298301236535838,5.259549770399468,-1.0214638767468827,0.9046304449251584,5.46164044221125,2.9595831829001007,0.024996212863015586,0.013233242331655489,5.29725305139466,-1.0124112442159285,0.8520017849762145,4.3762873054755165,3.3770012742827844,0.03528993529995652,0.018408872678147767,4.361637570423958,0.04533692872744244,0.3548983618247821
314,1548339359.20559,267552,3112,0.02691706428643797,2.300466784592709,3.7814783877297264,0.03407530888959923,0.01701644402726785,0.8873873310586833,2.112692454013771,-0.20303139275524362,3.9358480261268514,3.5415720622863613,0.0689885105575801,0.03491678532987282,0.7712579463436763,3.6565924110272006,-1.2350679352111165,2.4781920395871726,3.836977716038784,0.03476402767585641,0.017389351446190825,0.9149918826654371,2.303045409469731,0.01440422333861791,2.288582949442655,3.7861965893831044,0.034259554065850475,0.017054241537186786,0.8867316530617617,2.101885055477137,-0.15527221728442103,4.487177058240515,5.179985091976959,0.0504309840792913,0.025210443271679598,1.5111804039004688,4.219193107031208,-0.22248879622929754
316,1548339359.27233,266090,6473,0.019881243873997544,4.480832208790197,2.962633450881336,0.023541009512758154,0.011592132959175345,3.041789230670661,3.2821717622674726,0.22961725214288345,4.121837831724323,3.1728543425997713,0.049528335365152505,0.023230234853025396,1.6047089295561356,3.7366515783732615,0.6722286398817662,5.452760977795832,3.662305436533441,0.0244363784719033,0.011934442915064179,3.145081327705139,4.406872901674261,-0.6484882046595097,4.446987761281889,2.9338813834384334,0.02377275420596697,0.01168903658814072,3.022019032007612,3.247794742750565,0.20811489169782693,4.519680949360727,3.7663296789460574,0.03814707198820354,0.016475823120119228,0.7386430222173184,3.3997548086214153,2.885063190122448
317,1548339359.30570,267609,8192,0.024704603733837652,10.31580670407329,4.899890638145845,0.02739110160219416,0.01380269442917911,10.158394985264655,0.6508465050912052,-1.6731043320617853,9.556523150921002,4.588340960883585,0.05984611823757745,0.03139151138955036,8.500774348203121,2.6830781181999983,-3.4445699334833124,10.557011705220798,5.218932384784986,0.02852678473156838,0.01440470908029275,10.227284353561727,1.5213658036288695,-2.13039831653828,10.318148606037905,4.9013726183855155,0.027767907690185268,0.013976255312382661,10.16697509591429,0.6135890909931496,-1.7172201947453651,10.257887034769343,5.011640414853312,0.04401790977386667,0.020380509834560037,10.073313245729436,-1.5744064556300794,-1.1286500715329064
319,1548339359.37244,266331,6634,0.01803537299938944,6.647599471213743,3.5512488480636413,0.02088086509951382,0.009969899033106102,4.95732169984122,3.421942730668856,2.8117340276041705,5.929596166561686,4.264198886490592,0.03989987008162086,0.019246263268447552,3.25464401998859,4.6353152794435335,1.7553504669475184,6.960324707591497,4.268433954207553,0.02133652335906354,0.01019939468397215,5.117850981346167,4.2103304498635445,2.127636921750177,6.658985300131294,3.521265988062332,0.02108462855204902,0.010087685971526573,4.98082115947388,3.3861924361512794,2.787514211702536,7.111980572519136,4.373517645178922,0.029968261755745868,0.014121458305439484,4.0758785500018755,4.029179772895502,4.21107967951379
320,1548339359.40581,265816,104111,0.02908361031141423,2.5157505140117755,3.6321873044327493,0.03478113322049302,0.016222901214197203,-0.23325881039107976,2.3393181630632016,-0.8956458608669272,3.507982778831632,3.435012228938162,0.07198827192359762,0.0338512883639923,0.6093467987881411,3.29843958857991,-1.0271007428070227,10.77409701403638,6.052779082091034,0.0863627446755328,0.030897189241357013,-2.6153258672308746,9.959351098931425,3.17057767043706,6.79377820485133,4.335466969755142,0.05154585932979022,0.023449068740451832,5.4225624284949365,3.265560286055429,-1.8520428774863875,3.980538106342914,4.083039276618464,0.05354500759655253,0.023489632129161084,-1.7996166783825347,3.1133919433083537,-1.7067085381745994
322,1548339359.47256,266557,93071,0.021747186331525174,6.62697213852143,5.836063852204769,0.030067251818989574,0.013880870189039798,3.908935222204618,5.173143419686395,1.3695153568700076,4.943176177787347,4.769063221443189,0.060250406980329824,0.027533859039722906,2.0262620989280014,4.456595117953803,0.6841144536717098,14.461248038691107,7.83080823788781,0.06922546575599753,0.024867359508028188,4.932804760650975,12.104735647197174,6.186316104219092,7.020247313217835,7.157552002373308,0.04106253028652553,0.018932370286694117,3.3152326751754435,6.345895641412534,0.461640633695442,5.884927782526049,5.6972001967381125,0.04448308557296324,0.02049157365352291,2.1492600150225645,4.8049457346901265,2.631644520077764
323,1548339359.50593,266365,96068,0.02293100744192452,2.3532567933441735,3.450115647645234,0.03068050553373717,0.013799828385748367,1.6082800070632346,1.338450444846216,-1.0769416701902428,2.6214397374737306,3.188281149668091,0.06247404649560802,0.027787012208424205,1.7082174358051907,1.7830273017815177,-0.8802006193585659,4.916062666874659,5.181630902906571,0.07526934208306656,0.026652270198792453,-1.2614349293003246,3.6914756259459334,2.9915651032238872,3.1164386685648653,3.6174399507342017,0.04353308779578989,0.019575667626770765,2.1326492770734524,0.9755251996416421,-1.2975584773803734,2.38759242136736,4.4094354948552725,0.049960556087112355,0.019615229206693178,-2.3006808796964657,0.615069291359385,-0.1707478468286267
325,1548339359.57267,267297,79867,0.030634016034105028,6.936802886706497,5.461052153287596,0.04968577910095203,0.021139194493348876,4.431587010391374,5.090675545371408,1.6016533177025387,5.421527980548261,4.680903384137746,0.09494158072154495,0.04099340580119652,1.8331358551315855,4.929993484870896,1.3144363125040381,13.41111428703403,6.883422024993322,0.10080330975297815,0.03568333410764188,6.602054059982597,10.63926619198821,4.80384049537162,7.356892659055216,5.905220475589864,0.07017277260840026,0.028009823569169343,4.217689978663153,5.0373020968765285,2.433239059242511,2.827242007293593,4.62534759534414,0.09827318464497538,0.035579869639188744,2.0363768717270165,1.4497241331846757,-1.3208961131605828
326,1548339359.60602,266688,75713,0.016284789906958013,5.729295259024571,1.527809994791975,0.023418115050456993,0.010152745859517125,3.9052737546464673,0.4024026473052759,4.172736892711141,5.832474195211981,2.0996076136553716,0.0481393623104999,0.019043063376235146,3.1175350488996223,1.9528474461946155,4.526048752343179,13.825575849593113,4.00509909952159,0.04858708544957258,0.017341718381971457,5.938318080617611,7.632754808936829,9.880484804548507,5.76102580799635,1.4947617297295595,0.027759866397604784,0.013269595390493915,3.6088299374689834,-0.428555382227435,3.9301370627084404,4.454807836586786,1.8431186377822653,0.040177523046792514,0.014882041969934654,0.40241509150738347,0.08140597319698005,4.43584806125841
328,1548339359.67276,266893,69526,0.024824013698046175,6.111221334980031,4.919272087934783,0.03588525565267317,0.015303800292512706,-3.572352687970253,1.5754537192828086,4.701411283462104,4.9707051253711665,3.643312547662741,0.07688324747781304,0.030824877291973803,-1.6842013414879313,2.714955488188894,3.8079380223257884,10.671087312115183,4.563384972943113,0.07802212286854562,0.027785002960784587,3.859356329934181,4.854881824720529,8.683754695371173,4.901452605472715,4.480378493151562,0.048839628792442885,0.02001002591412831,-2.8082886383540644,1.740973536325677,2.7084209504105883,4.7138064687264505,4.4042953938545235,0.0610620981957925,0.022570679624366857,-1.375369506661944,3.911768504674255,-2.2419628254256017
329,1548339359.70610,265813,63788,0.024618336023863922,8.194600565632497,4.208076600248623,0.03187453335005043,0.014008889236041404,6.850050352353782,-3.575246409024728,2.728717961834468,7.562230104829469,4.0183470360157045,0.06879408300854324,0.02876063751453843,5.114853277174832,-4.234088899536306,3.619128528000414,19.085288528079264,6.221057925522877,0.06470437620854269,0.023307596288074797,16.286873054344586,9.099636290737921,4.022763190641913,7.8308642997975,3.7990305492991885,0.03599430766198615,0.01648305036701614,5.8672865199409845,-3.343779973717127,3.49692485128121,6.669556710900345,4.322028577796585,0.05870894478981719,0.02188357770861024,4.812346845110355,-4.198554830319292,1.922613299411711
331,1548339359.77283,266030,59158,0.017935527785164312,10.026816250180847,5.965379096605668,0.026515325078569643,0.010859192508341022,7.697636906473904,-3.5933897590517647,5.326441608665534,6.649022092174879,4.026761193676372,0.05657840801041526,0.02189927268851649,4.556527361485296,-0.8605770761239777,4.765182082808102,12.246132776169535,5.8361632518314766,0.057354213442629615,0.020064193540732647,5.434559019164443,4.400265759425572,10.053407257503252,9.17219983400502,5.185038563153766,0.03569696041812384,0.014834038112407062,7.584042601547283,-2.3271706179910425,4.794827088573648,10.171048140671001,5.997628272632424,0.06771646906208273,0.02288851578360564,3.9434103046402096,4.398610730195317,8.279611047224083
332,1548339359.80620,266266,2269,0.019680012740644563,13.035125883083934,7.684650244656419,0.028130123133637705,0.01140923853136082,11.81554850767134,-1.952245595986174,5.147432115498263,8.549807815568963,4.848090248495841,0.061047108995539605,0.024063723328566065,8.165545349519052,0.9031436724413796,2.367997959256085,12.910061279760097,7.735409102505981,0.028687172973094137,0.01157434286890459,11.8034772604819,-1.9407550640404772,4.8560350688446325,13.039454445214336,7.6907128754886855,0.028276475714540707,0.011463471198528363,11.822394952325153,-1.9798789870732403,5.148704695165245,8.221295685161683,6.076198337563378,0.045603338933733195,0.016907614661789895,6.648108061845746,-1.8534106036793945,4.467351684728713
334,1548339359.87294,266485,1419,0.034046369870958236,7.476157152302731,3.0445690973512334,0.047888781494819635,0.019431496005637948,0.43334073559451164,1.350617777714408,7.340366012081651,8.145453957569035,4.469434775093301,0.08304182745864287,0.034399235320479775,-1.8803723476509933,4.965936758445396,6.17673798377326,7.109348577391215,3.0537144072020723,0.048597403291360065,0.01950763925044207,0.4354338742079863,1.3336068306989677,6.9695571851560105,7.484820446528333,3.0361706117843603,0.048451217177614025,0.019581316343428717,0.6027829454946165,1.3306452687030317,7.345547566438245,12.113081716137245,3.74347752101242,0.07439756957833622,0.027131369512823578,-6.275171638155072,-1.159537259684617,10.295845905845507
335,1548339359.90630,267010,2563,0.025975915471365407,15.416863184138055,7.539021313033793,0.036338491985515683,0.014774098296458992,14.010650670371389,5.876188560359211,2.6175840453281825,12.189489799916892,6.208816758737968,0.07107399186799399,0.029722149547861676,10.038458352797983,6.847531059363924,0.9614228374990526,15.454696230051796,7.5566370054422904,0.03684651758311873,0.014861578079675744,14.065637076389331,5.890341562253303,2.5118450347245336,15.420983088238664,7.546617392437886,0.03649642456769263,0.014834896655532184,13.997414763209715,5.8664529605805456,2.740694885270603,9.592090218103197,5.580473396984723,0.055176042968174716,0.021052384229309884,8.249397749719352,4.812369761710914,-0.8925966590385352
337,1548339359.97305,266308,1327,0.024259103254451696,7.865445869055014,3.841380783187896,0.037175057884207226,0.015201418862781941,4.125354578588345,0.2572174352318629,6.691825424424003,5.841971271357043,3.6440464995708433,0.07395236559829602,0.03145070226202777,2.546006679227034,3.281401523936879,4.108391700336894,7.858962681193486,3.849976896097966,0.03721380737558099,0.01523623280058056,4.118669113756908,0.25036956813206035,6.6885853687555015,7.851770644501416,3.836529697154744,0.03720190288757722,0.015236624115872127,4.12060165777175,0.2583838478505195,6.6779680835974755,8.712620915765259,2.6024851627654506,0.052747640477772396,0.02096239986272212,0.2636347202806916,-1.85686409422997,8.508367392846425
338,1548339360.00642,267941,795,0.023402174988244796,13.119283134522496,6.374886545774302,0.03672758984517218,0.014261923167961224,12.712767337368096,2.835238902161364,1.5692536306742015,9.124136532861325,4.95965660971606,0.07102830752081317,0.028312709552433143,7.959308147973404,4.284908391438839,1.2405004445286878,13.134763168674123,6.3776546792899,0.03678167303428329,0.01431488942618839,12.727844354514781,2.8101445754444496,1.6208235713687893,13.119284877176952,6.375040992257695,0.03674397043360326,0.014267959533006271,12.712662034540136,2.835648500264491,1.567540454298371,6.352690452544506,4.543594283077047,0.06457283446965559,0.02366336863843937,5.622327684595912,2.9367275175950085,0.34891099191161407
341,1548339360.10654,267363,15825,0.016424851171484036,11.742409492191172,7.455419899949215,0.022751380186188844,0.008793899960273972,11.327776614329988,-1.5228766837522678,2.691933183461973,6.874942042462772,5.493255601060489,0.05328142363947447,0.020376360706400674,5.982181138435086,-1.839420332500693,2.8451484591417615,12.65291949017189,7.714166743460625,0.02935179635720844,0.01070913135817598,12.074848796376651,-2.11603079261191,3.133179192789839,11.296423504611845,7.3638685330156415,0.024787442344082925,0.009404940978785383,10.98299121292769,-1.0704611768633356,2.3253565209425715,11.460266804617252,7.77757034755649,0.06275140330681747,0.021584515748433397,10.371453222268507,-2.431947568244995,4.225672055024571
342,1548339360.13991,268010,13849,0.01667429101048405,8.052339107039657,8.180567625799897,0.02459540477471696,0.009556043648152452,5.962256517134617,-3.205928282461711,4.360468571880563,5.2722242931050864,5.675355518241142,0.05375128600746385,0.02109511458951885,2.1875970983327604,-2.1057842971105774,4.310039492419533,8.273448493717579,8.10740780505488,0.033473250634178095,0.012123629550203286,5.75592474326532,-2.6182657374430365,5.33516305807007,7.860527565615081,7.8050151418609115,0.02622757772141363,0.010308393481326726,5.743404868913809,-2.7232578691676963,4.545265422758842,15.555741739665956,9.721108015021859,0.0853623064795072,0.028884354606206756,10.981693778044344,8.020677051643693,7.5532934849431115
344,1548339360.20664,267852,3229,0.019812304498979815,10.048475150208558,7.976896812764867,0.02818283239827955,0.01082659459040834,9.44681614541484,-1.4139797255480464,3.119323467488981,6.192206720760327,5.3747417260528945,0.06271991615068044,0.02436802547688338,5.180340751660033,-1.3831133412573586,3.09749757942692,9.960961076983775,7.882251414052361,0.02836304274707715,0.010933245717639525,9.349138393460704,-1.4186756622655279,3.1307692732618024,10.055315912586767,7.963008541321608,0.02824470908412935,0.01085455200417287,9.472867052103755,-1.4287589973943944,3.094077220474629,16.788794321645522,9.321074190211469,0.0800670981987407,0.027623921245218137,15.839475666019856,-1.170747483221059,5.4409535681361385
345,1548339360.23999,268565,1697,0.022917857559964436,9.9740105386021,9.514575285318262,0.03336578547805722,0.013039313121686874,8.725984903752394,-1.4984015357360045,4.59269708573677,6.460764458966465,6.275141985210341,0.07036612061829159,0.027822770255716743,4.815828673513833,-1.536239797204174,4.0235853249424585,9.805910936018913,9.364052967021467,0.03364712395710071,0.01320915353268703,8.422450564232081,-1.486971601135232,4.796574948400089,9.95148307836778,9.487667769062853,0.03341102991540955,0.013073141415719776,8.68483811986464,-1.4930965314267932,4.608849592724747,10.241679370541492,9.72879559171017,0.09373160611277379,0.031218414159576383,10.11766410044488,-0.06947924811695973,1.5874640511284548
347,1548339360.30674,267652,86109,0.02214443318236852,9.363284135643962,5.268355193957031,0.032955613990936335,0.012544731109517232,7.995400126227435,2.925416973426008,3.8969991221342677,6.21489436875816,4.186298156404391,0.07119929316254031,0.027147296813729873,4.976789428863655,-1.0933957989027285,3.558224925790206,9.193173405889409,4.66216949068565,0.04048074893082559,0.015307533977215964,7.469640998580567,2.1855930998300486,4.893064829434807,9.921159563433495,5.265329661091851,0.03907006238750962,0.015207518498678393,8.44724918579816,3.0740491183377854,3.789930352966025,18.749884446683925,6.829185829610494,0.07824832369250004,0.027384621092919614,9.023076676118382,15.382582429044014,5.789508776619525
348,1548339360.34009,263709,93913,0.05702034640588346,6.469049092685588,3.534972457644573,0.08677641602947772,0.034233539675910085,4.139303458458664,4.395040645910629,2.3234415773076518,4.730521642641753,4.17646630722542,0.14421578840500585,0.05884618686263349,3.1380799842184723,-0.5203481070948628,3.501360717148722,7.580295639240597,2.8400965767159136,0.11385746058665627,0.043999413376678446,0.8151639608218523,1.6466412709822884,7.354247903080577,5.745552107784728,3.068084895171509,0.10166458857144595,0.0419690185694204,3.079246381256157,3.7455975038198144,0.9141491950060012,6.24679430219144,2.6201555298400967,0.2406180567114409,0.08142260522406593,2.3768262925854624,5.3993539145737595,2.054291394603723
350,1548339360.40683,265559,37706,0.018197512373370923,9.900461300719813,4.4166926924478425,0.03645769760023435,0.013489669584299094,7.47860581396336,0.6077592986885293,6.459118955497083,5.479195516597837,3.4950773754273783,0.07798847929772444,0.02883515792040007,3.5924662241856757,-1.4088242365688297,3.889856579315903,8.808621816943266,1.6317403789880878,0.06510082808538996,0.023019152021123084,0.973854303238577,7.390397876935774,4.693127457312,10.980174063779,4.786455783662848,0.03923597871630869,0.014548865772746774,8.810396485455682,0.09361390123786073,6.812916469187971,9.334516677098598,1.5087406703915869,0.08303334832599932,0.029181884836275783,0.032707462364288155,7.481010212376989,5.582707051175868
351,1548339360.44019,265642,104380,0.030531741749691248,10.7465970365471,3.4776581957077535,0.0621206677093984,0.02281516670572698,7.43643929779223,7.4805218146117465,2.0568208033983173,4.25803543653827,2.652809504570082,0.1157185924479466,0.04335224006151284,3.4695903431690454,1.5768467625906668,1.8990426316202307,11.058493058718712,3.735174860341195,0.0968311991467637,0.03255381728858818,10.034188430665056,4.532295308150256,1.0313246372295566,13.196891789983427,4.411868208338586,0.08182067421820215,0.03009476672585744,10.027242487235206,7.909007570945658,2.4402942138323764,13.430695200212789,2.8438594714723657,0.1299028952383131,0.04700707728756766,-1.1080497150019142,13.162792778458856,2.4283092186651984
353,1548339360.50693,263049,108484,0.029027501191667842,21.408451922884602,5.679700103445123,0.07033378987908998,0.025384333066633877,11.588863766521502,17.66158919115859,3.4768257906050635,9.670990849609575,1.5586110248405094,0.15854332703050494,0.058210730193404836,3.5131146074392157,8.000562679268615,4.14452489235178,24.01259978973867,6.30103074615502,0.17508929497928838,0.05752755936493709,4.6147945316122,23.545361577138074,0.9615447441434231,17.486365889012948,4.216816327138618,0.12687206550607533,0.04247016321218865,8.94741998504296,14.343809890846604,1.035685460908423,7.95036219309854,1.9154334160734938,0.14499460181595333,0.05265378366594607,1.101549582241525,7.7709243481371795,1.2679046868132129
354,1548339360.54029,262967,109661,0.028558853026382554,10.649429553054164,2.4854512277771743,0.07499686052746571,0.027383263849703614,-1.7077286943983003,10.184239813991896,2.6029352513834025,4.607821042751522,3.2460086399993595,0.14745712282178836,0.05439283880645786,-1.6256229561282438,0.2707238539761073,4.3030307181591105,12.66746678427287,3.186128092036529,0.22515791117627412,0.07334756611129883,-2.073935539466787,12.27914832307561,2.320780594692756,16.764309697587024,4.285521560320541,0.1208818722819126,0.0426955466508251,-5.043094577196326,15.694176803790072,2.3867116056355484,6.744821287549659,3.5026907960504126,0.13213857597775186,0.050869257059971494,-4.197038460763279,2.8262751215501023,4.459781530205688
356,1548339360.60703,262003,33134,0.031635061685698365,9.514157589923554,2.1182134839110343,0.0832807998388812,0.030048159505871686,0.9451167581706763,9.465207029609108,0.18922168470673467,4.3920030725598656,2.405499138798282,0.163294191531648,0.058264424797485594,1.9256551062828866,3.6036434809702302,1.6109925707720403,5.075748714078995,2.959001548762428,0.10569889732367722,0.03688504221520041,3.630749387857041,3.5265913183617426,-0.37952281131162835,9.209676878636824,1.8600731753274862,0.09171372952911379,0.03267406700201566,-0.004895356996233623,9.098617436809828,0.07696571192448778,4.127723389068469,2.1060578987316827,0.133971600478304,0.04977357627107351,-0.05321735388768034,3.792675904087879,-1.628151644184062
357,1548339360.64040,263481,117465,0.02452073043697306,8.585703979345297,1.418050679317782,0.06699338582648252,0.024555861492780103,0.2317076137163671,8.453053032918849,1.4854355675535098,4.01930770423477,3.657089972758297,0.1410358862996352,0.051788325512915526,3.0009734851266523,-1.7584691491152258,2.0141446855918126,16.93249729408055,6.519290760309671,0.19880372280869277,0.06580290414222771,16.755295456921633,1.5635478483432712,1.8774602236126603,14.937852177597982,3.3825775789853045,0.1081862620312546,0.03968107435405034,2.99218777085967,14.231130406478432,3.163666686193208,3.579334392303399,4.021809373717314,0.10608062877766328,0.04035633746818254,0.8045497302766067,-3.0641273938808786,1.6659705091947332
359,1548339360.74051,264034,4290,0.018006496373177312,11.617993436122834,1.8071017118454837,0.04493941778322046,0.016714333439501558,-1.4809811961491164,10.278683953076639,5.208946378223795,5.675059280289594,1.4953967442762472,0.10119232737394374,0.03788808993022556,0.7055784646421172,2.7181994886027865,4.931515832398175,10.933810616478418,1.3101834019863838,0.04611041352698588,0.01725891207172301,-1.7627224474450263,9.220737282364329,5.6052678918947345,11.571934237031808,1.7768741025102086,0.045210610970217585,0.016820010327831262,-1.4724828618643224,10.21378389952867,5.205294415428403,7.161855082704152,1.409816973045621,0.06105225736356809,0.023279974723798145,-2.6369245175946863,2.5714063201926773,6.14220374545134
360,1548339360.77388,258995,14011,0.03688096342141957,6.165515331440303,1.2585435000351564,0.08632592677290668,0.03145703333107192,-0.880250165621504,5.917694186059467,-1.4898437731610372,2.446827585559384,1.731693269501362,0.17123392102143434,0.06244799824974496,0.9565774253883298,1.6834244003239527,-1.4959970424722568,6.246321490977576,1.3721642212224394,0.08926198642900622,0.03255707672257114,-0.3072899564657998,6.061812101691327,-1.475309830202508,5.72658242815643,1.1913950521666394,0.08885178247693898,0.03240066019054856,-1.26624090036686,5.4112936281558355,-1.643761491045765,11.015486130875834,4.020809566209368,0.14368679487500183,0.051224230426359464,-10.469961829807072,-2.3346132119323046,-2.5040796977276734
362,1548339360.84061,265864,3749,0.01914908887542086,4.62723010268228,2.006640253825903,0.049722597232411174,0.018450619799918966,0.5686317321388583,-1.295699826288147,4.405573553639832,5.911125274918311,3.9749997970675923,0.10256144538511536,0.03802173402828406,0.9981149668284958,5.085535074253859,2.842974065535039,4.51641767571495,2.0421387810041334,0.050461082361544736,0.018773849819842772,0.5555025572357615,-1.146905013478295,4.332903693883966,4.645180361975482,1.9928575795282977,0.05008578087922533,0.0185952991108326,0.6004983883288888,-1.3501105923000525,4.407675252678398,5.339451343832595,1.359329626685562,0.06481190067303888,0.024053410431823467,0.6551455329623211,-3.8089288316098515,3.684099094694174
363,1548339360.87398,264089,972,0.01788179933972277,12.413856015978071,5.350852196840689,0.055544460552429835,0.02050467880228167,-7.979456340397463,-0.18747391337744143,9.507731129398255,9.141020957068127,4.281828354492613,0.11987667629610291,0.04382735318911558,-3.0265436455504604,5.142850727991869,6.924549378026728,12.410945989092859,5.352475340865002,0.055557030676717564,0.020507795946436713,-7.982771897330654,-0.1800734750589408,9.50128973997469,12.42520854286305,5.353329024226863,0.05563879346256431,0.020540333873533795,-7.996647222283596,-0.1895932997006523,9.52373217897362,16.51877188452231,6.302535178156706,0.09976174393082678,0.03623539211935332,-11.308479193256012,2.1092841898916657,11.854916411128912
365,1548339360.94069,266871,1883,0.023576022024539886,10.468006496409034,1.7328303316302127,0.06242761770898392,0.023531242938453198,-4.703825226208835,-8.563751697017256,3.757039409159454,2.8778404990569153,2.7144177744602755,0.12425877524948595,0.04649106003979388,-0.5193768196507272,0.9649589093374522,2.6610276136319833,10.459620160185638,1.7337368900892476,0.06250594410825908,0.023580235662274802,-4.697228267468163,-8.57152830200838,3.7240573393181293,10.494498066808106,1.7435445106594434,0.06253296708724873,0.023565713779271823,-4.7156419342668805,-8.594536909018114,3.7582788975565697,12.980060924998869,2.5110775777056986,0.08644382505220673,0.032246330516806025,-0.3056332446766706,-12.966904990581295,0.4979406607908294
366,1548339360.97406,266950,2411,0.015915224867423024,6.501451264822508,5.343965258852802,0.04425176441080304,0.016609477722640244,-3.271493389136892,3.1158080147663956,4.675247583691511,7.413454973005691,4.8726484938210035,0.08922513598287185,0.03367964228992713,-1.6672012539222076,5.859901677198717,4.223897128158626,6.4707836106844665,5.3512118844107235,0.04438775702667039,0.016667341392377178,-3.2587091542164703,3.046133133924975,4.687528998836476,6.458709226567363,5.31395607638043,0.04459831377648377,0.01675656893989136,-3.251474490618725,3.0316147597089893,4.643016451819614,5.187583216923349,5.140357819803684,0.056891490473370915,0.02120035497662223,-3.7437421571149647,1.45079902064457,3.2849043357823597
367,1548339361.00743,266714,2388,0.017255479164606735,12.629460515053038,6.718863109561906,0.051633010185975395,0.01927930176325903,-9.759816474783078,2.1323160413406645,7.726738223835328,10.339592990983544,5.172594253841021,0.11580683830848384,0.04290125721836133,-5.441290550670204,6.393979821690249,6.034613691215131,12.694912666380583,6.714222331415795,0.05184936988210912,0.019368492764156017,-9.787312360582074,2.0661341542011415,7.816675381533446,12.627946205779539,6.71515482035452,0.05180067247788443,0.019336104941311133,-9.753615767859543,2.1041538463600524,7.73917976993442,20.99609798367998,8.933254430097477,0.11187090585349213,0.04055343214104801,-18.946803944174913,3.021978735285998,8.527742688705356
369,1548339361.07417,268242,1272,0.01649553593931457,5.324097579365381,7.446480600772765,0.04735901502615093,0.017769706838910757,-3.234362078892007,2.43181074381486,3.4599441445630736,5.50866986758622,5.710109714224451,0.10097675401362122,0.03801911172727338,-0.3753650554773229,4.983494071847667,2.3171818273579765,5.294662965594572,7.4554514974711035,0.04751061589774651,0.017833725771073155,-3.2193650258328455,2.38834024342997,3.4590425888236553,5.328012943318517,7.445091149191008,0.04743171151132166,0.017797399462606188,-3.2579831602362903,2.3975256443396704,3.476409898032004,3.8538558811518406,6.352674227632825,0.06010976967101712,0.022845539262112642,-0.732388208469114,-1.3269454840476875,3.543307543404817
370,1548339361.10756,267540,3221,0.017463333936553818,5.061414924188268,8.438626369529855,0.05080267480249628,0.019171547947393924,-3.828095495779471,-0.2642140548315546,3.300575229140844,3.8589109901443486,5.651444376266268,0.11443966507653454,0.04299192582101848,-3.597795172889819,-0.5149592346762519,1.2968735136508882,4.658565861035966,8.279278389141217,0.051440977822882004,0.019458830839467894,-3.07139974882462,-0.4407681130809603,3.474832792383094,4.9547128310099655,8.410423893148234,0.051199907005410064,0.01934663178738865,-3.7670927071623295,-0.18374763280719278,3.331237785436643,18.79905089955531,11.295549339976253,0.09735890537183704,0.03488430719231466,-17.148681752549873,-7.00498844954521,3.2026810168314417
372,1548339361.17430,269378,9964,0.017065854348333336,5.245661926808471,7.391051256173472,0.04711214842915433,0.017786411888397295,4.7970266018319485,-1.497019259554221,1.5048050266424287,2.504195297146141,5.609137031681681,0.10482195526777503,0.03916610255781452,0.14604593235119398,-2.36175826132381,0.8196112413585205,5.904092120893639,7.432815277629137,0.04883366749970805,0.018477844948110125,5.367979821606439,-1.9847426264273977,1.4504803044738404,5.293315641225972,7.4139585069727705,0.04788190291637116,0.018113894001065656,4.869716382796716,-1.6556874424047758,1.322726659874641,8.47352276527081,8.034151204874565,0.05902630915722947,0.02224343000784383,7.878368367103626,-3.10307137114018,0.3206992226273928
373,1548339361.20767,268902,122834,0.030526355493412427,7.766874300496828,7.12007462210619,0.09255086350587662,0.034731284205993876,6.918906278521645,-2.795476829158195,-2.1536902299057554,5.880519610036738,7.093082455511696,0.18454179615005806,0.06872477189333502,-4.480431300470771,2.987743050814387,-2.3621256757629894,20.367649352971892,12.271797375307148,0.434079356186862,0.14550924092753914,-16.1386837840702,10.106686980960173,-7.2276485908140415,12.941434348341577,10.276793999652703,0.19304474745872474,0.06702322956190904,-8.173335862925262,-5.931790737500778,-6.586395808486138,19.647786033897226,7.969502983083774,0.13138273626237582,0.04918210405577379,18.276898707914444,-6.392596077286949,-3.335443755648974
375,1548339361.27441,268760,5874,0.018841028353076317,4.371217883052136,7.4681762779585705,0.05753874851703719,0.021827798368676515,-1.8093018874785185,3.652717704544244,1.5784884643197412,4.1328626278207095,4.882892702736925,0.12378567892551876,0.0469395004774867,-3.413433807121168,2.0239717189629722,-1.154366330796884,4.532547387037834,7.511309991433771,0.0579631216601632,0.021995148448206495,-2.216169198128391,3.7221657662928855,1.3334398783776322,4.607676479224979,7.491426867581449,0.05798357977444382,0.02202273129977881,-1.736009334921597,3.9268754149146163,1.6359264933288786,4.971933177576734,6.826322820768052,0.07358735263129428,0.028603951417114255,3.3218519060921463,0.7831953375141802,3.615525480421386
376,1548339361.30775,269139,4617,0.03280237849064921,8.61388991458405,6.62418070031903,0.10395449392250221,0.03936582651254846,-1.6558788764850185,-6.402171870248022,-5.519905791839972,12.902598324891667,7.73431652785267,0.21388091604110845,0.07976526742219806,-11.976550967525576,1.0609494891373226,-4.681202477703639,8.479575861264761,6.481635647376061,0.10444413304731749,0.03960394335742553,-1.0985957003347617,-6.457816472556049,-5.384505611561173,8.531340688776986,6.6038920553014995,0.10474465341032019,0.039724467848188436,-1.5652014932738798,-6.314063358966505,-5.527969779813439,12.430098477018499,7.472227195015929,0.13780348687272645,0.052425288665288214,-3.7964536144633296,-9.37322355880019,-7.22751466400166
378,1548339361.37448,268761,4572,0.024303184259125577,6.163240486604834,4.426308270630774,0.07690005957059912,0.02945151057232259,-2.906134645448895,-5.302417279671854,-1.1934344181746885,6.225207768042569,5.254090997031243,0.16327853092274197,0.0614517818875622,-4.6120846689471255,4.161624008525678,-0.40345058361973546,6.245214777937644,4.078083346719293,0.07790149443712877,0.029851859187907743,-2.301136363266427,-5.649917057703038,-1.3363817947352994,6.05867925188643,4.349386669787257,0.07748071072714871,0.029693514293274638,-2.743490129374119,-5.296010416198731,-1.2174648447970768,9.18020573719321,6.25104314851071,0.09426947739880866,0.03635498019715971,-7.430555318174067,-5.022544350824534,-1.9588448853216571
379,1548339361.40785,269117,2306,0.02517246981476509,8.104059205250921,6.738038470054158,0.0847593892637548,0.03230794349224534,-0.6216323218677926,-6.9581770533496705,-4.107690464587068,9.449559032046066,6.57817566018068,0.17687889972455195,0.06633529421883247,-8.947143520631425,0.9116090978783375,-2.900303014171441,8.097285666465723,6.588233767885662,0.08490864520649513,0.03237548430492069,-0.2136700880533573,-6.911161496505382,-4.213813833932865,8.1089462879279,6.713051767809031,0.08491430317868434,0.03237252661750145,-0.5656436203179049,-6.948613282215401,-4.120128223860744,7.022899334860919,6.618258801165903,0.09570199966074988,0.036339040023855324,0.9709325549473695,-6.263742098579881,-3.023894833457578
381,1548339361.47459,268424,1378,0.020095287579717156,8.77726407800206,10.143958205220835,0.07124525550626801,0.02739286533658547,-7.8441657637244395,1.0277605007313777,3.8017280964497124,10.664673174311407,7.950891529690302,0.15011143364981033,0.0570997213779151,-9.53874694643704,4.651751367998567,1.0529813944409656,7.872067459589786,9.733999550682311,0.07144205963911081,0.02750211338691541,-6.825180391612174,0.917490272965019,3.813734430882629,8.810849771244605,10.154584936045673,0.07127061517162359,0.027404296208383146,-7.870525718950249,1.0362922657963745,3.821464450788504,7.469362723503471,8.712041962159265,0.0858453159550586,0.03403010570415905,0.5524062942150472,0.08907653932348271,7.448375134988633
382,1548339361.50796,268116,1533,0.020793608655745487,4.679063397109204,3.1158026149869427,0.06210603578852219,0.023986002373874726,1.1516980203927956,-4.463173111892088,-0.8045568452719467,7.235244348225656,5.508556175892332,0.14129481951765616,0.05357169060136939,-5.389163670578071,4.7861658774169635,0.6311037189735847,4.784324741366033,3.0456682431861983,0.06246904705303749,0.02414512406603404,1.24008808519043,-4.552759492659279,-0.7901428818996723,4.688243489774171,3.1154307627790887,0.0624753506282041,0.02411026876068806,1.152322222335866,-4.5433965542746435,-0.8063768760506066,7.545481346999163,7.307138269932155,0.09327074476529254,0.03621342086712284,-5.521622079424988,3.770188712728081,3.4973783667679643
384,1548339361.57470,268194,2712,0.014807901551571523,4.299399889171563,6.96552997296722,0.04225917194189496,0.016532568376302518,4.039840711226419,0.7734465761897393,1.2515218051262411,1.5307619420712617,4.235130033962632,0.10237009427295021,0.03939774078224828,-1.4226769806163595,-0.5603346822821521,0.0724387738014615,4.798222290234151,6.8357682058364455,0.0436336509233147,0.01712868368226616,4.582575479505116,0.623188808378407,1.2785049199163188,4.308363369258952,6.976380953285495,0.04247522897843237,0.01661451630974366,4.0386635766106265,0.7851158216441417,1.242807308490052,4.779661735318456,7.644768024293778,0.05346338006575413,0.021571969680835742,3.8921762512891087,1.848581071627859,2.068544984907915
385,1548339361.60807,268257,3356,0.015148202051339208,5.947011289444239,5.72653872744796,0.042164046645155134,0.016425742308913388,5.871982282040158,-0.8768161831090807,0.3434541268083833,3.599134095397815,4.067411149171149,0.1035137393529491,0.0396438387202615,-3.4598675057955766,-0.8069486007019521,-0.5761224130513444,5.744168731872474,5.720416964813855,0.042669601214604023,0.0166357959812989,5.657785366012871,-0.9870542669332205,0.1032620282628121,6.0169743025508,5.72237608798687,0.042899912881349096,0.016665454504097073,5.942620861023521,-0.8906515428413464,0.30901751139293143,5.879137615415794,5.83523116552731,0.052366769279794494,0.021251560784966064,4.739450186088119,-1.080788518257449,3.3066247463824916
387,1548339361.67481,266929,898,0.013546015402346219,2.786990536719227,7.615714835171304,0.04058550220283077,0.01583021099775352,1.478733922357711,-0.4832047346811964,2.312396035071151,5.873701345908425,4.9059964227254085,0.09944060040120688,0.03850132009014922,-4.954300932516574,-2.977174755301107,-1.0448446044219408,3.434003465332825,7.412090079284548,0.041163203307574864,0.016070554718336186,2.40466429962613,-0.6703401813166046,2.3580953007318954,2.8218521806915664,7.6059115962225174,0.040780790907247386,0.01589640830649426,1.5492234939849148,-0.47786259654776686,2.3092303863346895,3.3610811034707697,8.30251651875068,0.059786096114788495,0.02410675196280695,-3.04920159509055,1.1062415283241764,0.8806051882748155
388,1548339361.70820,268021,788,0.015276209396242156,3.678049460668003,2.1561492589894407,0.03576381312927084,0.014262659687766868,1.2282931088877702,1.9569190090654316,2.8617847343462737,4.218169333976726,3.1232097753301127,0.09804126124145963,0.038019799944867594,-4.216551122833035,0.07841348976673151,-0.08660533043482929,3.6405822929963945,2.160825077859914,0.03579650710064824,0.01428202615123993,1.1588544497456013,1.9860424648085961,2.822504406437783,3.6807036469219163,2.1559396168015788,0.03579665994544959,0.014274985655718815,1.225316625571879,1.9630018349518843,2.8622431469893352,4.087619919517844,1.7203080846391963,0.04751514922377126,0.019730069608686375,2.1712331809571017,1.2603083986866204,3.225834127872966
390,1548339361.77494,266778,2339,0.013858733283818443,3.2355047340985075,8.284220397007527,0.046704447289107276,0.018253472689191273,3.152663624777498,0.22704982490904382,0.6911232382053393,4.915856762570918,4.6555370845636865,0.10463087744044391,0.040515260614369365,-3.4662164259959165,-2.84023714497532,-2.020901867625634,4.582632582265675,8.10519094520296,0.047562683895167726,0.01868162789719365,4.514147919623324,-0.03581994045476339,0.7884839095816794,3.2549165149925403,8.284016524703459,0.046808372320532615,0.018296291904898107,3.1719196870432294,0.23055787044193807,0.6892505919976748,4.3748628399603335,8.644168244659085,0.07674654688040157,0.03051801128687055,-1.8512864161405242,-0.06087720187045915,-3.963389640216035
391,1548339361.80831,266671,5222,0.019193917913882856,9.638426586777067,4.390035848759733,0.046644819563284264,0.01855806430933282,6.913723769248128,6.538131048693244,-1.5337969557075892,6.712960964642943,3.8122646673728178,0.10803059318871079,0.04196238292167584,6.249765644422271,-0.5326897712618835,-2.3917600026365413,9.582603244644691,4.332733295720088,0.04692402020879959,0.018708623462463245,6.761089459834236,6.617417637847129,-1.5243812078030445,9.754656035907203,4.393973978297156,0.04714423498769593,0.01876978720894358,6.912886520012449,6.54187506780936,-1.4635982570850365,10.865698540955169,4.905421034079069,0.07129753514290743,0.028866657789672318,7.235219946834188,8.06858766222452,-0.7828730681574393
394,1548339361.90842,266127,1196,0.02047943861249775,10.120333953275619,4.445786512416408,0.043831164292414265,0.017834198689070106,8.996191216770143,4.508023397139884,1.080475806286488,8.431544425941377,5.065165071481795,0.09002883625068142,0.03722293997481746,7.802364983842332,-3.0797879600316587,0.8537846255222564,9.955192792140888,4.347149128828048,0.04406451560095585,0.017964484121968705,8.775882849497238,4.581248945672174,1.0497151224840522,10.111686236402129,4.446652864521921,0.04394917713543703,0.01788898390920792,9.006524040756418,4.440761477279548,1.0754970020878654,8.71463098198843,3.4023719300953994,0.06557402484673527,0.02870771295914465,6.629717313027211,5.344324866091782,1.8519808927882955
397,1548339362.00847,266818,1242,0.016561215252886407,4.903573464474395,3.696951000158522,0.04072547062956934,0.016557263595946014,-1.7471781167991027,4.526272865826545,0.7108131215432872,7.904843025192261,4.396187744612142,0.09285836976996466,0.037195283207934596,-6.8273918121206885,3.91936180694152,-0.7154490359251537,4.489592285298003,3.2150218015567438,0.04119538280913142,0.0168027405709231,-0.5767501475864825,4.392773794384069,0.7261794178017585,4.898242735663769,3.693376252313418,0.04080581045311506,0.016596414312007465,-1.7365359804942888,4.525047083119176,0.7069109192513972,6.875197177496205,5.063980389391048,0.06187742493738922,0.024806669913908327,-6.123732047372032,3.0982941674558053,0.4108713829775343
398,1548339362.04184,266343,4046,0.012504300171325573,5.862966616364153,4.325369960482862,0.029985521136956374,0.012151827788344059,4.201049408128272,1.6739672000660526,3.7314066018284096,6.7916235094757775,4.366634790766597,0.07925061936915587,0.03181980571489329,6.127040386332024,-1.6267367186098955,2.437058400417747,6.119388588078014,4.252215573799383,0.030569723281374882,0.012324204129837096,4.162670534315505,1.5985292118007293,4.19091816594653,5.875050059415719,4.33220758755898,0.030191285347975,0.01223521696335236,4.217061362704859,1.7038406904284704,3.7247629190607943,8.113366418515604,5.448384544330168,0.04503848475215597,0.01868470246649866,6.745109165107611,3.6526454323965765,2.6435578936483415
401,1548339362.14194,266623,1246,0.014245066424549271,4.381818077749515,3.1051027086932583,0.033372737325061394,0.013691541509598178,2.223961482546307,3.77358625760082,-0.11988222173918965,5.665675265488278,3.820410092194887,0.08537949110954705,0.034208309343774224,-3.125525745650438,4.680480447946307,0.651204886064503,4.4024268386915235,3.193295058264101,0.03380036823530305,0.013792546388770406,1.9333933053711856,3.942984883289354,-0.310197690076758,4.358071240095344,3.113614632372774,0.033425111538679234,0.013716865479770843,2.1861947372823805,3.7738887654328046,-0.11934561414266576,5.795494858438004,3.600115897741799,0.04313552667447567,0.01800613431869888,2.070280213749428,5.359415050089512,-0.7605069438295666
403,1548339362.20871,266738,5349,0.01794209189818115,13.528871638169484,8.347229864837432,0.04771132155993212,0.019407727981254022,13.436946375733127,-0.010949529064485758,1.5743951237069806,11.764725351038338,6.811342829113103,0.11591502541664575,0.04620296611480941,11.235260431647118,-3.4861972107830534,0.1552888468538658,13.545285175476236,8.289737394034866,0.048464548371576786,0.019680275772787956,13.430659775638732,0.03031458310735343,1.7581835803086867,13.385465141304351,8.302377726831974,0.04843837320609293,0.019710446375574262,13.284262395597828,-0.011074301616053744,1.564188929673778,11.874068481389418,8.673765407772487,0.057245278373683144,0.023666916021569555,11.356326326316445,-0.30976853028406115,3.4541855955613214
404,1548339362.24206,267843,6942,0.02137450152060335,17.706827453527122,11.316680518881268,0.061470991858688366,0.02494129312114577,17.43545502710321,1.4067888444047423,2.7491074213463422,15.37026745154193,8.688128884566279,0.1374568999022063,0.0548514573233025,15.147551589680745,-2.509213252911333,0.7075671143458231,16.564921467182828,10.733501664467914,0.06391565405478884,0.025969956650834413,16.25357001290415,1.524197672367629,2.80978762633524,17.737694856682754,11.287504788271384,0.06348770923989097,0.02563790585197881,17.464475618792182,1.4668856908356296,2.8466796298659656,15.814109409058391,10.69060200607072,0.0796550773693761,0.03253376245498843,14.901130415585147,3.0858189462230583,4.303497434706242
406,1548339362.30879,267030,3965,0.016913261527015028,13.26776600357457,6.372964175299636,0.038513175125582444,0.016000422583497393,12.7551683913762,2.168068119942962,2.939179249473159,8.492547362938783,4.976304585874861,0.1005276759435599,0.04108031981664093,8.032977572440812,-2.6483555973339756,0.7621316569276018,13.162933006714134,6.368172616404027,0.03917120481067477,0.01623549120781371,12.677319890042854,2.165962192514137,2.8030293479319104,13.367748696159012,6.405147883969402,0.038954769923502955,0.016156273737201583,12.838347134767405,2.3211405663503832,2.9833136307442953,9.317393321341813,4.3141929734851905,0.054987058175040494,0.02320521651736015,8.492125907788996,3.1784327888770445,2.1436373008126224
407,1548339362.34217,268116,3340,0.017840034393492184,6.977244703619247,3.775309610769868,0.039689736649375494,0.016307436469419786,2.3381208835616993,6.052337871749911,2.5659970136805006,6.779233593301182,4.300756955740449,0.10283527272508083,0.04145219329467633,6.703175107763077,0.13406780167182844,1.0037317429291615,7.042548840768936,3.7720238075746284,0.03977023703375148,0.016348024481345848,2.310012174742554,6.109706656435612,2.633025351086358,7.036385262159216,3.8033693851604617,0.03983877811566659,0.016366885857447708,2.411012038179422,6.090898338785366,2.6084793241899153,5.449054807715402,3.8159412007677824,0.06257338097653264,0.024935157098437192,3.963638556625789,2.6848218148962233,2.602594765262761
409,1548339362.40891,266643,2578,0.015879735192890848,11.660365503521604,5.888148054644097,0.03690002757903124,0.01537155305772151,11.132883233644746,1.707964052698512,3.0175972853311666,6.466888095108778,4.820286196271907,0.09449410551301819,0.03878546227169067,5.720900201992231,-2.04873184676615,2.2123834056399563,11.071830682826835,5.812434229993022,0.0375270934452198,0.015519645288676498,10.621386596050282,1.7644015764302305,2.5804008455121195,11.659751526188154,5.885197374815542,0.03690827468414677,0.015375995058567557,11.133153910393673,1.7277856045559612,3.0119398815382348,19.181023362147585,8.277650636293549,0.054913531060361315,0.023140643614591633,18.89278301485042,3.0373597323764927,-1.322442070250602
410,1548339362.44226,267194,1303,0.019590340090401816,5.1988691113826695,3.13877833748573,0.04098241018590982,0.01691164057939891,3.094381887890822,4.133895990189472,-0.6032783035030116,4.979989147938149,3.8944187005185786,0.10611113993848033,0.043117599110622976,3.711943531474272,-2.7951646452284096,-1.7913184358994296,5.1575301434374285,3.086108494652056,0.04111345648219105,0.01697174654240857,2.982250825694804,4.161251352396874,-0.6247274407960187,5.1999224173097875,3.1381958230102445,0.04101012867016241,0.016926482873431813,3.0926593703646157,4.132214274399829,-0.6035182766438216,5.221948767841045,3.4952674371895216,0.0527021767949338,0.022313092407252762,3.3662438655045044,3.917539120996771,0.768139575448204
412,1548339362.50900,266740,2099,0.02083619298331715,9.203018201275965,4.5205739364337045,0.04229801486250738,0.017552652754096492,7.533737279548394,5.1398933636500175,1.2328190564985453,5.98662495814952,4.262088056144808,0.10213243526027378,0.041855317199000826,5.578097104386452,-2.162830130022597,-0.21604840254132576,9.170813338452879,4.501602214580812,0.04236786230727079,0.017588665838535526,7.480428007966492,5.160442066388346,1.2316053693554865,9.153873020239727,4.513041959250747,0.042414076353897406,0.017594106938624694,7.540086808141357,5.157726997358936,1.2388413459727434,7.012357076642595,4.273466309324402,0.05581243994954626,0.023872915051536086,5.922561857231112,3.1129754362271442,2.09899898786471
415,1548339362.60911,267238,2521,0.016032471184871416,4.726462817223387,3.810081690795609,0.03466354390250298,0.014323166841102363,3.479114655053404,2.6984525146559104,1.7185941946064727,4.5116021187351105,3.993541227022268,0.08918248146887227,0.03631711215187816,4.132248761455183,-1.8038795037587367,0.15840639869136217,4.818207881252659,3.736806234197814,0.035122824507147855,0.014461778140293506,3.4191759434620654,2.7475629193411732,1.9938056722953061,4.720132107338772,3.7977438004393935,0.034849667831283335,0.014397985522460317,3.4550656166010905,2.680511078563198,1.713678863561699,2.2447431181231496,2.6410069042967987,0.04771359854602849,0.020119554374573148,-0.3559589310842384,1.757497557648343,1.3503211620213602
416,1548339362.64248,267348,3695,0.019248410700088862,8.562961078622898,3.7134746405067696,0.03835374773730856,0.01593434206400038,5.265570026808376,6.749966785040104,-0.1897975965158979,3.8494735568601937,3.1355687748582506,0.0966952121324144,0.039782009722486335,3.5262015967382863,-0.770055835747381,-1.3384180863831876,8.729230473584215,3.7141370986590436,0.038808752551618274,0.016093691214610226,5.2577454971937,6.968083916510639,-0.03719516307803494,8.618467015922509,3.744728486203234,0.03851913810650606,0.016015638887294528,5.323310740432433,6.813727535196822,-0.16648269221322815,11.491421536985381,4.526947411846708,0.05812341475900446,0.023906103291857245,6.732764702034088,8.994615222108525,2.4123733985328397
418,1548339362.70921,266624,3236,0.021266399248850817,11.186597403822967,5.857276511205697,0.044362949028873,0.018149271922381197,9.04680173176387,6.525586901357711,0.8438338072165874,6.116896246429863,3.787240406674723,0.10421069165837683,0.04224031861059453,5.773802690472373,1.5523133029082525,-1.29226374656871,10.86130215793466,5.633230851410145,0.04481183907754551,0.018375363057325008,8.364247443030067,6.904598102885753,0.5777320445912124,11.220170051319624,5.872496316302552,0.04452449621526165,0.018222088908180303,8.990242248544128,6.714139035426632,0.8669246406193671,17.078885129942407,7.779373601389293,0.0787646993554548,0.03128489659908918,14.200704372023328,9.440456686129934,0.9518876916264949
419,1548339362.74257,268023,2996,0.025128224513659533,5.568015395904576,3.614118762048862,0.052730333044714243,0.021748057646274317,0.6745350790817137,4.056366737921113,3.754155932244402,6.960899542917784,3.074206209038748,0.10699925434064941,0.04377156009164997,0.6959204618130683,6.206785218747054,3.073375083807048,5.877634542748112,3.5804585165138514,0.05345046551563038,0.021971488584687185,0.7028102486821202,4.175381404896118,4.0766206220472485,5.5684809366048,3.649794626564771,0.05296812426680594,0.021841459598467748,0.7518202719935883,4.070680920201016,3.7386540622885835,6.1421078630355,3.4324412213653224,0.07889314607610895,0.032591962994064284,-1.6065142673667658,4.0525915578584195,4.326788945058934
421,1548339362.80932,267811,2780,0.016667720610936316,5.735565220226723,5.833356710109613,0.0393309047211394,0.016037576771572155,3.7050022954429576,2.9845059929114224,3.2034965841268868,6.086332754188659,5.275831109022863,0.09560083564437495,0.03836557776188651,5.618589561784366,-0.8185375336400509,2.192006851481066,6.148207248577103,5.794598098093854,0.04007210947832743,0.01628219268568812,3.858664992841648,2.995456180019771,3.7334165476217303,5.7484600845959015,5.824860328092992,0.039573109584768396,0.01613967022202847,3.665562265545856,3.0215667043944983,3.1745018283641038,6.0518294798855035,6.263719456206008,0.0519525699213799,0.021773614322424136,4.187636139131568,1.2240989172767793,4.194034508748385
422,1548339362.84268,268225,968,0.021282005605878222,8.04360337678705,4.277536248836006,0.04290550166694023,0.01759901501706912,5.999838364177448,5.3044580660009,0.7511454671650014,5.690385596453828,4.086653677086107,0.10711881158385238,0.043461210903595504,5.285156661690602,-1.9005317726145887,-0.9141040854295988,8.049941768361364,4.269420238558512,0.042935615140979044,0.017616359254900887,5.970263363365678,5.350578817271794,0.7272029745709289,8.044515286111766,4.277102931535227,0.04291447509591707,0.017602560501224766,5.995476387680756,5.305647109469803,0.747740716515213,14.72631031898483,6.113394517318821,0.06390156628662381,0.025553330627365613,8.729100226036985,11.009407396305727,4.41134601193432
423,1548339362.87606,268283,4566,0.0175429916765152,5.493538921141044,4.677179017560208,0.042372287092077666,0.017024623625090225,-5.023844092401287,0.8340416906874972,2.0601783591551843,3.1989457289228707,4.001660284524118,0.10263452911972132,0.04077785213637503,2.847919202394403,0.41153773166744373,1.3975860219110379,5.067649431330137,4.732853897703352,0.043013617472822945,0.017215036024706202,-4.35262894836189,0.959571878033044,2.41141323866957,5.317334331390213,4.692250975631291,0.04279447870173733,0.01714317781523917,-4.840847861863285,0.8517489835628683,2.0428335778078974,7.46605328265319,4.873293318337581,0.05426084666658126,0.022461178909967534,-6.772485411205472,-0.5750358003335803,3.089454126987525
425,1548339362.94280,268183,3743,0.021711862450593616,4.077346625722096,3.174945721032559,0.04459449792028555,0.01833737408779194,2.099397669408886,2.5308527636961817,2.4108233490779245,6.220393643534235,4.266408519950227,0.1115759278137945,0.045295584558372515,5.83824342883949,-1.6775615652817983,1.33940208332782,4.2715764325716075,3.237951311160522,0.045111201595631444,0.01850339118998123,2.3740371405453953,2.5274621278492884,2.494443438304377,4.094316893304875,3.176422770849472,0.044896594178267246,0.01845206977384569,2.09161457609863,2.5314262666264176,2.374967948758364,5.6551135063436355,3.923965164284361,0.0631152779913822,0.025911144803285886,4.575070031511183,2.6616995329392013,1.9910797504745261
426,1548339362.97616,268030,927,0.015417231737438607,4.941113775730036,4.280554801207739,0.03480916337891172,0.014219642199418655,-4.3188625355582815,2.2097006563686517,0.9376858497941492,3.161744592953565,3.1982183438746703,0.0744979279458488,0.03033733547690667,-0.8721985123227504,2.8506270048918956,1.0534819909016688,4.973185683869184,4.284171005319078,0.03488894145630398,0.014245229116527721,-4.341242159668285,2.2365076748898254,0.9403328014692239,4.932274313811028,4.279060576373184,0.03485280402037838,0.01424513489284332,-4.317367813587035,2.199335272361099,0.938376084560671,4.091649211288165,3.987056094201611,0.04294222866823124,0.018179015038729936,-3.3772670428302454,2.130917023988912,0.8915454147276842
428,1548339363.04289,268170,2235,0.014559166736941331,1.358064823044331,2.488160284989463,0.030386523138001578,0.012481167857219025,-0.9260850472832259,-0.9929184645523246,0.02862641332597417,1.2045122887417186,2.056113163216401,0.06875571249118101,0.02757257375726138,0.530988745795989,-0.017643325039071386,1.081013190784174,0.989835131584683,2.5838421460493604,0.03102259148785368,0.012691135181267127,-0.6123217839238042,-0.7382531052639452,0.2445771314325583,1.3626132219608724,2.486719725530433,0.030470415098012914,0.012514694191929708,-0.9336180528434813,-0.9876187980799921,0.026532148837345573,2.9700018152437657,2.0846351021161906,0.04464431954275639,0.01769352314070226,-2.5219762391212943,-1.5630148615084902,0.13240534189551642
429,1548339363.07626,267935,4974,0.01879344751964924,2.976595296658164,3.9162605206705607,0.03983059246724983,0.016180507885418284,-1.8259333896040693,0.48665892519789217,2.299836930597848,4.010488981845842,4.077153239350146,0.09638861335634959,0.03867031586216875,3.3260578575915964,-1.3798904942085763,1.7655773065637481,3.0119342342337214,3.9311604357045082,0.04016398810743938,0.016357074785659648,-1.854219601596971,0.5795400930491083,2.3016843356445023,3.02424835937078,3.9200167191109814,0.04028910977499893,0.016367284405692357,-1.8074982067056076,0.562829061419629,2.3220376314603146,3.312637360402763,5.080158625330518,0.05720790290053909,0.024207065106007928,-1.4084323218274224,-2.7147715433696447,1.2727529782634166
431,1548339363.14293,268490,2727,0.022652700143367652,4.949283867413569,3.705388962282982,0.053307723435907346,0.02150218118251393,2.1981144349127395,-3.9329825564605625,-2.0482558291984407,4.846626653532307,3.637498499020635,0.11278128461006333,0.045609259687162,4.717690066508396,-0.7933629200926181,-0.7770235724351539,4.657648809836761,3.5923004039053095,0.05449105246318628,0.021873855501827147,1.9380867541915174,-3.7924099422085362,-1.8855076237552129,5.037343328735182,3.716706928357042,0.05394475458927411,0.02172756146679826,2.2430065807193316,-3.9836254689843402,-2.080836507835348,6.530504164108441,4.46897447029534,0.06960043930394756,0.028739550016153713,2.8488935654121974,-5.0362876116664435,-3.0277214506895733
432,1548339363.17630,268497,2946,0.016602394140448888,4.511189277801857,5.25221974587294,0.038683652123253205,0.015613419098203652,-4.386800251832411,0.7921085185980433,0.692370092827494,1.9607104870672776,3.5855058721226563,0.08760393020681732,0.03504685407955264,-0.32855405343865113,0.7124521515155952,1.7969000472662446,4.279336524757115,5.3036108343135355,0.03968726324203165,0.015961154844929423,-4.058261166502505,1.0247477578385462,0.8905781433332519,4.530000162063924,5.251513399300627,0.038939559209641025,0.01571668667902954,-4.393743665622209,0.7860408018498493,0.7174744356516843,3.366805877470622,5.210547285198126,0.061338641500989374,0.025617881683356273,-3.3429770190269577,0.31963277173364546,0.240252696264224
434,1548339363.24304,269233,3111,0.024208512496451166,5.378839308912693,3.3492357200883376,0.05572362193702257,0.02249336480142447,0.9517399497297477,-4.703967078550875,-2.4287439352682556,4.551328666095596,3.6958678568143446,0.11672330354259629,0.0470476185583766,4.484498327409246,0.019640325611368314,-0.7768408047322695,5.250985275265197,3.3388782756992246,0.056811420324829484,0.022824003305901078,0.9825239217477627,-4.607108163775959,-2.319924022789157,5.388203794763175,3.3476845098453,0.05601277521315832,0.022626466999999102,0.9355046639059391,-4.705327512726095,-2.462346079691513,6.072153594668002,3.2893951753255384,0.0714965936940718,0.029561172150740975,0.5429824646078846,-5.270696664152841,-2.9658010713559326
435,1548339363.27641,269132,1086,0.013945273671228909,6.965805828037789,4.094749517240237,0.032162321019621826,0.013071142679347258,-6.962120672092365,0.11700272129734864,0.19400243389809937,3.531550348094871,2.8091122358601637,0.06482324070847112,0.025997001209704534,-3.2961153461303487,0.12520510964430714,1.2616636503648557,6.585507611811267,4.104845914854286,0.03269376258968671,0.013228328918850745,-6.577785088945099,0.2598415448616959,0.18475984531155834,6.965585166779748,4.092441535102812,0.03221777351221054,0.013095851996264906,-6.961617932871485,0.10970215063269748,0.19351024737353564,5.83430537992679,4.108419674349858,0.044677434141162764,0.018203070486351888,-5.553505241239002,1.6760747081189218,0.6232755205987904
437,1548339363.34316,268662,5284,0.016664501101359048,3.115154744560931,4.458723155272852,0.03726664671374543,0.015097138303705893,-2.8824073062046773,0.35486904238046907,1.1269361856193736,2.0953472782888967,3.8055753359654068,0.08502832805751577,0.034284470994819606,1.121074294139716,-0.8323945838357893,1.562303395775823,3.1553749545412444,4.429573406695432,0.038610017258800415,0.015612320630373037,-2.848700088281945,0.3301631532396691,1.3161653403016815,3.115103777095253,4.465018559187792,0.037745771695581645,0.015292140249032872,-2.8898254858814956,0.38572976288698924,1.1348860896095505,2.2420829686768617,5.008801093617569,0.05032874808930603,0.020556709284504777,-0.6904983083992949,-0.44307650762390816,2.086583651071857
438,1548339363.37652,268892,4144,0.017062347098895637,2.3318046882436074,3.906210261433435,0.03793064263815867,0.015364153342453593,-1.5223791620014233,1.1450318643767161,1.344833380304301,1.999683161517611,3.43452070600261,0.08542575832702826,0.03411332804089204,1.2772969572123771,-0.37342145150547573,1.492582208492589,2.2070796925691956,3.9088769126852387,0.038851517611809785,0.015796783209673357,-1.4621751667840461,0.9454449548811885,1.3562368481504579,2.3796656552503146,3.912100839904558,0.03816610387871938,0.015456974740612459,-1.4985453108101725,1.216495282030902,1.4128210588853123,2.095473536389514,4.125702264779469,0.045615166049939926,0.018892112041838532,-1.004257246507799,0.6127021621325537,1.7340913427681497
440,1548339363.44326,269614,2515,0.019948923022504183,2.586014182515402,3.1363460398348635,0.0420853187196977,0.017134055415091828,-0.7768922335660671,0.7500739395374705,2.3497440062318,4.055070308348756,3.7732381185477077,0.09523640150454694,0.03822009561105071,2.847214126869456,-1.6899655260137734,2.3411500255839357,2.58654134264161,3.194202615063241,0.04294344422278463,0.017418149792288715,-0.6143495758486691,0.6835758925833108,2.41774579204013,2.588352897091333,3.1234937097303854,0.04223234163011158,0.017193021910007805,-0.8315851192322773,0.662642253956059,2.347140075367946,3.101683137170116,4.480104929525799,0.06931713388357716,0.027032588721614827,2.918721400124789,-0.36970954633993075,0.9822517616192734
441,1548339363.47664,268832,1104,0.018912737874706157,1.9652510039738984,3.9933859340727693,0.042035595609786085,0.016944809860286444,-0.8145391377227654,1.5791586087716336,0.8396401551145033,2.59413284958931,3.481319305717217,0.09525546671959836,0.03796785636530607,1.95854819054323,-0.7494035783381537,1.527091517693738,1.9551194661791096,4.070932461833633,0.04272694892401666,0.01715076414567075,-0.48307056070947735,1.6434933710314867,0.9423717418216006,1.9567622674177279,3.9892866406599445,0.04210465469025658,0.01697312331964703,-0.8371237599851623,1.5688317423055407,0.8408429439857534,4.148322562994993,3.361620942192552,0.05246635709332127,0.02130731933299275,-3.5023207954018956,-0.09060270509517548,2.2212879783085793
449,1548339363.74359,263787,5048,0.05128633308328503,4.773425468826184,1.9095052738354845,0.10815556388550017,0.0439854679042726,-0.542868179943159,4.714188431453303,0.5170225124649062,3.0993359207327096,1.8606177707547618,0.1991973327065366,0.08080684827990352,-0.28307975856526985,3.08004475318267,-0.1976697200549623,4.26502534775376,2.226749119021833,0.10979457815279456,0.04463402530521784,0.31059491371871545,4.233589041045198,0.41315354058284687,4.779260844961062,1.9400724734489831,0.10886287085362867,0.04426785872134029,-0.49469423853396466,4.734821492539853,0.5136823486156592,7.262944110673329,2.2707020119235835,0.152422506140767,0.06232691623294348,-1.2677158003444828,7.149105495814436,0.18315134189287663
450,1548339363.77695,267960,4425,0.01875420996983177,1.8352453769274066,5.4259243890864735,0.045019079169774955,0.018397497997355638,-0.997138498500188,-0.16554371509484697,1.5318079797203061,2.2355088499129114,4.1788752917834175,0.09952740184419853,0.040340420068625316,0.9808378861693885,-1.3650722737941756,1.4737823945250919,1.8256877094788715,5.547672910922873,0.046050107432493846,0.018735614532585224,-0.5103581455635764,-0.19611315088975964,1.7418983345325314,1.8654869941933576,5.436180657027931,0.04545889580268799,0.018540772922423045,-1.012021497351693,-0.1754737469586118,1.517929408789629,5.4221840271797515,4.841378605290446,0.06218893649026181,0.025666087514136612,-4.4606617308812275,-1.7123916970385595,2.563257931455265
451,1548339363.81032,269082,6008,0.02111520712034206,3.0264106305998824,4.549688377229134,0.049627864664200515,0.020307660797995734,0.9495969705143344,0.7329193853134348,2.7785348788938666,5.98646355620707,4.729922521748296,0.11106052165350706,0.044922002483145776,5.250535243117342,-1.2627611042484224,2.5836137412886253,3.501731667889284,4.949622288612702,0.051176210666351675,0.020852581017075343,2.102496717081609,0.6873442219169832,2.7146252318058677,3.0564406571079656,4.532292527674844,0.0500408476065701,0.02050309129412362,0.9484452000948641,0.796142179143345,2.774344503777377,2.2976688881047482,4.0157807933231275,0.07255688407743577,0.028480070057584,0.15538829734148188,0.682112419819435,2.1885747515545133
453,1548339363.87706,267503,6302,0.022359255080812424,4.012546306278569,7.592462527166466,0.0622453315709179,0.025281099851043674,-3.955261513152903,0.11019829372705307,-0.6665512423368894,5.431582253024521,6.333931874212466,0.12548650626026112,0.05031001032549712,5.370459242327663,-0.6757913833546314,0.45117546924888563,4.298809660406271,7.621662079360691,0.06287365664526337,0.02556484786709133,-4.170066253338563,0.19220319999825253,-1.0263380871231442,3.8368539484256954,7.613937562697422,0.06275998520244168,0.02550314112728308,-3.7581160620663887,0.22930608019776705,-0.7391014625695931,4.5148192028725065,7.3804360335444334,0.07776668249867662,0.03227829230814071,-4.387408641687667,-0.9753450048964756,-0.4277148195868537
454,1548339363.91043,267211,4232,0.03074531234790906,7.577863267409596,4.579428691781701,0.08719668147013519,0.03546823478385762,-0.17719100408809424,-6.6919485517905235,-3.5511180813674175,7.289152968564842,4.90836214948684,0.1658079273834613,0.0669726131103217,6.212182715804775,-2.925699878977918,-2.445570919589669,7.724468860456505,4.341895779734417,0.08927833631123513,0.036089193690105104,-0.8930836836434206,-6.717361228084455,-3.7076783627493675,7.294168281110983,4.729625195240769,0.08815929393305172,0.035836542539072105,0.2381257030862314,-6.511710974163806,-3.2809728763126076,8.499521006873014,5.902572123005783,0.11753305966063295,0.048317215904165864,3.6605046167368798,-5.975083896663326,-4.810502647848585
456,1548339363.97718,267307,1090,0.02108201836004015,5.710543478097484,5.106518295191952,0.06402457202430631,0.026340891294610046,-3.6165916828107023,-4.0255876153090355,-1.8235174160223075,4.076196217195952,3.8828308865942707,0.12581828556478622,0.0513370734813927,2.047078576011812,-2.7273862667752358,-2.2329820994629315,5.977998068729631,4.9892271889201085,0.0642615336636939,0.02644524826093399,-3.8704040904862675,-4.1715656128754235,-1.8315221602693386,5.702440582220785,5.085487951803819,0.06411482820969991,0.026392323883183542,-3.6207885275972265,-4.034016084270735,-1.8297872330590335,3.2026612743748606,5.094335983048762,0.09607771717332851,0.04060959910694214,-1.2992280006635981,-1.1034128018756622,-2.7113697699371393
457,1548339364.01053,266715,4844,0.02083700471829639,9.531256868353678,5.492759535776262,0.06288343702221014,0.02586475932028388,-7.435610690510915,-5.530101301079205,-2.2303656089307453,5.358876002871347,4.539957094822068,0.12849874473154843,0.052361184250301035,3.093970364799424,-3.9266360976602894,-1.9303959056225968,9.785336815640223,5.43547715128232,0.06314732679694425,0.025994848571985495,-7.675575429260508,-5.571304781330085,-2.408094985415822,9.442497976943448,5.472026881464658,0.06368741840672287,0.026195329686481188,-7.2079283590221,-5.544591050076451,-2.1901867661339938,6.332009039661174,5.964730717658665,0.0848581274644745,0.03644142370057171,-2.019330934392726,-3.266214849742557,-5.034727560760029
459,1548339364.07728,266276,4916,0.02428091134790605,7.320206857712341,5.425363817289181,0.07603538969966013,0.03096243829387329,-2.840675376925428,-6.211877583556899,-2.632217454833788,6.542058052217178,4.6742806364999785,0.15429931928190077,0.06237710443400542,4.964062022198484,-3.5508942119983002,-2.355368780794908,7.542587495246642,5.338061645575785,0.0776439649501044,0.03146249322992783,-3.042827340447986,-6.250978394857962,-2.925251614253417,7.436934117689253,5.444841508459852,0.07668865314613377,0.03121351911948313,-2.7768266947731135,-6.285566712268002,-2.7504576799433886,8.832382665128774,5.022046082952544,0.10334081001706948,0.04324992550657161,-2.4500793011193256,-7.10565905217684,-4.638717968977125
460,1548339364.11065,260718,1894,0.03563226567303356,9.53985821264244,1.718699918948454,0.09323289530369364,0.038792334967509196,-3.5157194373995444,2.191048062988946,-8.593481246880383,10.639815311444899,2.9281095355532485,0.1664765516674413,0.06931873050834854,-5.556560642056313,-1.5370592355558987,-8.942469043793238,9.624109222095278,1.7581955696385192,0.0934346152518242,0.03889957410401108,-3.552461090749247,2.1420744470085786,-8.684181917774694,9.54404764944503,1.7086535280397526,0.09334211947885834,0.0388463646801295,-3.529171378665118,2.2140431931068063,-8.588112007096395,10.271048052371631,3.4043567079092547,0.1450868893191217,0.0633980685511275,0.9047675330913083,2.8631864908240923,-9.822320852219873
462,1548339364.17741,266435,2223,0.02154516970881572,5.6484754209122885,3.1966555280173448,0.06185723142579841,0.025300838486489435,-2.785662690223904,-4.832139497724261,-0.8920682885731961,5.413364682154911,1.5249416740863186,0.12136686893878995,0.0494158565893041,-4.100305099446091,-1.6297917353527023,-3.1362069722571806,5.78933875206517,3.08440118150337,0.06207059987997774,0.02539742632463582,-3.06776154974601,-4.805262505623469,-1.00734031593733,5.590260141239876,3.2283957173124787,0.06222905172745974,0.02547451100681211,-2.6720554273153168,-4.753457595894503,-0.95758554701123,6.971704102928229,3.056277886653332,0.08367614377173872,0.03488026903349341,-1.8350784243908134,-6.6808887561561745,-0.7764474888797338
463,1548339364.21078,264069,3828,0.018065805845490657,1.7656069625612454,6.161471433495559,0.05314323896625667,0.021733677847343327,-0.08405504935982608,-1.5404080471255972,-0.8587466117968494,3.374156047487098,4.505265284699321,0.11547757346980067,0.047438609937960785,2.481719679567652,-1.43066236403333,-1.783031593937402,1.8624008592428714,6.171208091304527,0.05354255908136815,0.021945368891032383,-0.2625268201741109,-1.6120005392175556,-0.8950256369290019,1.7781553177066591,6.168998816759034,0.053475068412661524,0.021870453650501373,-0.2753699718456276,-1.4902020378050396,-0.8738805417969153,7.0511355973035945,7.364728486107181,0.0771106961381886,0.031721376229071827,2.36494955993972,-0.40964605402705245,-6.63006160611822
465,1548339364.27751,266438,49019,0.01662594192503768,12.9709249166053,5.096022071123401,0.047137374447227716,0.019121743871385734,-11.748363169191816,-5.09197376729746,-2.071873352824438,6.607175988128532,2.804242624699742,0.10217776410301617,0.041253824713758526,-4.07198150883627,-4.929588782378082,-1.6652013591304573,19.57301910650338,6.084932172594383,0.06228524332866641,0.02422881029253222,-19.16037497770569,-3.4937109543819767,-1.9434740606675112,12.298449676160248,4.771300406245843,0.05276997609259089,0.021608827480735365,-11.00895133319869,-5.252279182586124,-1.4802243476208559,18.9594916263258,5.7379178026735005,0.06920071689218517,0.02852961891110496,-13.47799882252625,-11.944142076417467,-5.928181890516936
466,1548339364.31088,265662,4090,0.030176309770808697,11.582154148483909,6.788974144797639,0.09972622591199884,0.04076436722325772,5.684727704713812,-10.011943398603423,1.2614099356131514,8.074402029728992,1.5315334455995682,0.1848916513156816,0.07586574447503402,-3.822013077049136,-5.416065554222055,-4.610251412767681,11.065597896468402,6.5053944350796105,0.10076373070858316,0.04131762541275492,5.169384245088803,-9.751336605060498,0.7977203443317856,11.62383096842304,6.817789948125473,0.10039630071640407,0.041015137388948096,5.786427031313053,-9.98131452994048,1.322267586155382,5.846477544771062,5.104635130840386,0.14022061224071652,0.06222008700584617,-1.0283446218381607,-3.950345014480576,-4.185520432015267
468,1548339364.37762,265539,3183,0.021359526638572386,6.403866741994968,1.925143727226394,0.06336390307101752,0.02622710384645776,-1.8088298224724721,-6.1426646393924145,0.07290439301920336,5.733896900310284,4.163955651781175,0.10627876727044072,0.044628920699845157,-1.6669542716038934,2.4580176827439257,-4.904792165942161,7.119114334654167,1.619561818085839,0.06412495730216147,0.026700376584830727,-2.757205751775843,-6.562489934697699,0.11546085589518208,6.472138806827606,1.9188078171023728,0.06370872879104084,0.02639922852754875,-1.8493681703706306,-6.205383931211836,0.09310582478389634,4.841401943746798,4.750034577164367,0.08975254938932034,0.037810799836081085,3.9216526627471455,-0.5995938530030703,-2.774941510216825
469,1548339364.41095,266306,2691,0.025781096184488837,8.28216310656994,3.2719278646890197,0.07118225619258915,0.029185741467403097,-5.772702277722082,-5.05160295011438,-3.1227298587944192,9.9728560747421,4.095033262622811,0.12547662029177192,0.051759988603998434,-6.2879071287419785,2.3003173629561164,-7.391117794861534,8.939458915033988,3.185786220504652,0.07169511731307848,0.029501008035908962,-6.478658429086694,-5.25794586083667,-3.208569147971588,8.351612795623398,3.2407447405889496,0.07167635563983364,0.029382377937307424,-5.889298117837494,-5.0711216161940875,-3.172759724119514,5.205677827055008,3.789375002813612,0.09091308389937522,0.038445778931035915,-1.8925378881125308,-3.8421109022814988,-2.958980533176987
471,1548339364.47768,265515,1234,0.01569212614228989,4.223360497131267,5.804782020415451,0.040257857244433995,0.0165214100968105,-2.613792157584822,-2.2549772878018213,-2.4330930679229863,4.906745191027993,3.3220916687710864,0.08535911912767107,0.035176334022442565,-3.722878645175277,-1.7868428290884077,-2.650191628375121,4.093344663909195,5.868522867819487,0.0404540480095389,0.016669508311955294,-2.454661123080194,-2.1904037821372477,-2.435619136809244,4.203904581295756,5.81113561556223,0.040267351648636145,0.016526668068619722,-2.587186370967781,-2.245968711199373,-2.435716485987804,4.88549226803246,6.181378468429442,0.0494965624719557,0.020516340714196057,-3.778517787362236,-2.233132311818066,-2.145683599579923
472,1548339364.51106,265800,6678,0.01983049347290576,5.84595392708521,2.0346639457216313,0.05243577665524394,0.02111755523105934,-2.7281192733535446,-4.877305781734889,-1.715934398342589,5.910584188771039,1.398672248488001,0.09826584826928236,0.039906492328872306,-2.8643412148561014,-5.166992449363083,0.18095271661890489,6.13191899061426,2.0516810795843043,0.053510517260921646,0.021776006604211404,-2.7648422417760137,-5.206865401314115,-1.686603266374401,5.836747612885784,2.05125444898023,0.05272471924057116,0.021254757484428254,-2.6994654222618184,-4.870719239799662,-1.67945123506281,10.467389857068612,1.3027352600378497,0.06952004766820151,0.027030795010524807,-6.1498339369893325,-8.11580771171451,-2.424759401217457
474,1548339364.57779,263848,3012,0.01899291226467469,3.9227370558990473,6.408788706960815,0.05589940492992149,0.022590140371709522,1.8248628781084861,-3.471076914406631,-0.0967808870515344,5.348178588391816,4.764467304892677,0.10720740380009862,0.043647455912258735,0.1628892732053497,-5.01140075901819,1.8607374157895638,3.7453477230938157,6.0840283853878185,0.056326780272016264,0.022808066449165193,1.2241374037979582,-3.539583431101085,-0.02159439236223706,3.957177865404174,6.410499823321808,0.05619399304856365,0.022714350813955404,1.8134997841604417,-3.50190442121655,-0.044574985576103815,5.555616397510658,6.15551162890327,0.08025008178400335,0.03175907075976616,-2.7792721446196866,-2.8084042971361636,-3.90555824514979
475,1548339364.61116,265851,2756,0.01994598701646983,8.084770511662608,4.188574485791766,0.045309017803387114,0.018354918515825987,-7.345639297043526,-2.8762812838256804,-1.769774991430623,7.522150307877374,3.7645508899272424,0.08736417654878478,0.03535626680120372,-5.979008250753283,-4.533694555673194,0.5289794585643774,8.121551744097284,4.164118148827116,0.045649164777859845,0.018563237326339355,-7.376418731393969,-2.906005763390122,-1.761584495371483,8.120586517122607,4.182420624338919,0.04556483983038673,0.018463948233554784,-7.329447439751936,-2.983957551424234,-1.7764651185979414,13.626100278901077,4.829621034749523,0.08947162434043897,0.03441511984827469,-6.852884209959719,-10.635257645007767,-5.059632559767224
477,1548339364.67789,263316,2947,0.02063876220142925,4.06513067804614,2.9830773525343965,0.05293346485108427,0.02145406907954442,-2.415118454476633,2.241025645691808,-2.3812379838625715,3.024307576610461,2.7840002787490867,0.11601420639491848,0.04723442521987452,-1.935842690088619,-1.7102300325120399,-1.5729153292748363,4.4707220925634585,2.6740710498183557,0.05364431837153076,0.021858100666164358,-3.0401691993377864,1.9431391078617561,-2.639874556836186,4.086904976220813,2.9767408395552106,0.05306235137012302,0.02151374905140232,-2.4635733475929387,2.273742156563009,-2.3901684654790802,5.333214262599406,3.3696232919759743,0.07487997800751142,0.03162763980293266,-5.1762651353902305,-1.244380162791795,-0.31776033325063274
478,1548339364.71125,264306,3486,0.01796444123644544,8.422458256668587,4.972830293486016,0.04297781340685481,0.017189358264542515,-7.758442296458415,-2.684085657348298,-1.8815048237692908,4.365405461872535,3.379919448086691,0.09466608698000763,0.03815120137397968,-2.4364627510179555,-3.5424745507334783,-0.7558360714164258,8.241697307850343,4.954047085725109,0.04359172221603333,0.01748601337667526,-7.508375933107695,-2.565514330911124,-2.2289014287864712,8.373023478859931,4.974109996063998,0.043113051722665025,0.017250854896510445,-7.7215576200871645,-2.6637907967875534,-1.930062628134581,11.63957508587328,5.406104312682517,0.05691787975339495,0.022761854777460885,-10.56015067835551,-4.217921872270179,-2.484363280507593
479,1548339364.74462,264572,12268,0.021497488970826196,8.029484005143777,5.6038656702625635,0.05206260429581571,0.020755889897199776,-6.193622452605663,-4.576470902552579,-2.2732286250019778,6.188866618883669,3.5486049409758995,0.11269039829806259,0.045014690264237364,-4.72267730316297,-2.4441142239563405,-3.166179839613694,8.616918744154873,5.267313333211593,0.05422282895235261,0.021831754331327426,-6.106248427356117,-5.364900908353625,-2.86056935422391,8.477662550610098,5.510907313984562,0.05360506283161903,0.021414696390225425,-6.771821973191832,-4.7492162232563775,-2.3657090716416516,18.4409371036569,7.0157587037302305,0.06927987116335849,0.027750640969703595,-14.98887120117985,-8.261082170252694,-6.867053425728103
481,1548339364.81136,265198,7009,0.02123150637516899,5.610441062468438,5.825594248198583,0.050038729985271146,0.020021939321413624,-3.885629761257913,-3.6453822484186453,-1.7578732994084005,3.671755046520862,4.469820061642004,0.10895343477494895,0.043645507474501875,1.1231284169864788,-3.077137511701591,-1.6587924567852979,5.078872402244812,5.906885710943019,0.051686020138571306,0.020702280524662598,-2.4703264539889287,-3.754007033528989,-2.366403025949163,5.696806479971384,5.81732900514221,0.051379146175718336,0.020613558727680795,-3.666120868571486,-3.9463334972669526,-1.8669098290959811,7.853368327800193,5.395915158576593,0.07700248565529534,0.03006064718720105,-5.504445360316072,-3.528683029215017,-4.3502725715430755
482,1548339364.84473,264798,7040,0.028998985729416886,7.870714207960783,6.134706347207262,0.07410656522175361,0.02921029258290986,-4.86939975496381,-5.492080685363641,-2.841502756502227,5.389935901390212,4.788564967983565,0.15011958642247225,0.05892330309505299,0.6044921642447003,-3.9115689950835284,-3.658637210924733,7.866995518783821,6.233094212501782,0.07647718027420981,0.03038598230861565,-3.159997528012451,-6.258370161824189,-3.5688705542662365,7.793732099864732,6.1895942393216785,0.07455355416624829,0.02945552276511044,-4.694207296214837,-5.568019949814982,-2.8378204466799506,14.634689037486075,6.378194692458158,0.09414238210234309,0.036973685725632546,-9.966523729391778,-9.594650584066805,-4.773385396660553
484,1548339364.91146,262412,5409,0.018084904756270188,3.0426818031440495,4.205431616056875,0.037877968882582574,0.015239515735764845,-1.1468304737001491,2.774343764712826,-0.49569052338699976,2.843768680920967,4.053745928193586,0.08146843427184847,0.03289328355433893,1.5912169651365171,1.9291465787962314,-1.3540466601884533,2.94877560388582,3.7969085460403864,0.03884107615822547,0.0156886593952687,-1.8094130564603779,2.2640762674729764,-0.5433788809371709,3.0902972673074824,4.255199383731236,0.03806141304407226,0.015327882541255791,-1.1033858467078979,2.830833485971568,-0.4590425797034763,3.6850450039738156,3.686107041172965,0.05529298057939534,0.021856941186192958,-1.4659596420793068,1.8810027128549098,-2.809332270013563
485,1548339364.94483,263531,5067,0.036246971393064174,9.76167235426468,4.05933723944984,0.07823617145932737,0.030853579203469234,-9.718718132102925,-0.7243143596863424,-0.5586892956745774,10.826308876497936,5.148271677360988,0.14231104889956173,0.0571575883197829,-7.534503787043289,-6.90942074126024,3.5637229960549845,10.293916709454685,4.171257226894584,0.07969101238367918,0.03155314008377318,-10.220587919931967,-1.0212641822700308,-0.6792078195541051,9.831191530868036,4.05741456009646,0.07967674947613179,0.031379876299686076,-9.778519866531887,-0.7385236744588439,-0.5615810649902331,21.416770848080045,5.274029923689,0.11629013648267687,0.04331083671604152,-19.898957003694687,-0.9400437432003789,-7.86294483543865
487,1548339365.01157,262445,5065,0.02317340852110117,8.28644205225349,2.427952078477192,0.044611388348041174,0.017870573004831126,-1.8659692554687897,8.044560243030231,-0.6843472212683321,9.006520959626016,2.540315029704991,0.09240422265277744,0.03699478652717306,-1.9271140991220528,8.33035119021158,-2.8300000164113457,8.34799419910755,2.106271928819658,0.045586824639671786,0.018347076445360794,-2.6043921938622407,7.884971784186966,-0.8563693195450953,8.12260969144689,2.421257984744951,0.04525810287437569,0.018126826958753135,-1.7878266453168226,7.913911302630677,-0.7054376349658775,8.633552447306622,3.2233390526681043,0.07039460666852161,0.027675706014864004,0.8315654969472358,8.395988505165839,-1.8314212256616798
488,1548339365.04494,263312,15454,0.01944766255004745,8.259008934154602,4.073883990294739,0.038106241624318936,0.01518235888620067,-8.1278889716925,-1.389577951424636,-0.4666074958672511,5.5695817313797455,3.6519876722988167,0.08198053966860286,0.03270785264842479,-5.093186370900211,0.26379956020416584,-2.238325947182723,9.520364766221949,4.125628300197313,0.04090304107562163,0.016185653084033674,-9.129551767565564,-1.4400316841719198,-2.283623995722973,9.040791534554579,4.1489139230984176,0.0403284947881101,0.0160736622172065,-8.858335125295685,-1.2748727598540859,-1.281597327730208,15.296777671130997,4.789877404029194,0.05577273196392557,0.0211508612165355,-13.444641326312526,-3.4916628572283206,-6.406349757722677
490,1548339365.11168,261980,10978,0.02199300023280685,6.355075783202855,3.710556227574625,0.046764952828128876,0.018897997149048867,0.5502906155660048,6.248852692532604,1.0178450155595342,7.5214502827017915,3.589842494630332,0.08656643552152901,0.03531503686535403,-0.1366761230558166,7.515067289507698,-0.2780245073958719,6.656476070351385,3.094883286483753,0.05030968322271521,0.0201296269862455,-0.6575666993793371,6.617547605349671,0.2904193553446716,6.496023203238675,3.5451773804390694,0.04811388148388299,0.019484606876224622,0.12057445467092912,6.407236670064826,1.08281274885507,5.100610150016053,4.190608052729164,0.07537325660488735,0.030228418700635112,1.0550043230440127,4.9806579246252785,0.31021995208664416
491,1548339365.14505,263086,8091,0.03256177941296597,4.4906789574902835,1.6214301293770623,0.06668254261594274,0.02603006963908299,-2.5350829301258515,3.683301878494846,0.4157394719134733,4.101053007412003,2.7049448743286266,0.1309638492063408,0.05136308702315147,1.6538710748716132,3.693127535132688,0.6664497329512564,6.186154295099934,0.7751632141535365,0.06947530478893492,0.027038085564430367,-4.5006202152995085,4.233439464947244,-0.3015177226100683,5.337740330803341,1.2027119802810708,0.0692259062044962,0.02702528344148452,-3.6725271214856434,3.736124392178594,-0.41886542655623293,6.895382775744067,1.5975487716863053,0.08969408418513954,0.034453921721781085,-5.48245325185646,0.20374257210938704,-4.177020341050152
493,1548339365.21181,259086,4681,0.027054265001424875,6.4826295613839795,5.124329690960842,0.05077056060702847,0.02042268639291143,2.8370950429484374,5.053454048354512,2.904820119831217,6.711816411943835,4.362155915906677,0.08808150955490666,0.03594199702894188,1.5321645170847937,6.335750292518412,1.599756128626419,6.153180289001563,4.893453260227853,0.051627077275717796,0.020834036472736184,2.5951392914335263,4.815129542644876,2.818050250539156,6.545784437442655,5.134512092252851,0.05131260619266026,0.020632181874283406,2.833423470165484,5.080485798218324,2.920280226262884,3.9611118007423665,4.864430854281697,0.07252624863927899,0.031658802060647744,0.5077765424914583,2.920408915403859,2.6275047949919155
494,1548339365.24518,261680,6482,0.02061367054123961,8.622647087847364,3.8891560168601105,0.035010929038496244,0.01387535289596623,-7.914772487691561,-3.3738108680872934,-0.5690514001559319,7.074825278925278,4.213510282494591,0.0752196855935506,0.029988470733292513,-6.720440933246303,-0.21236115449341653,-2.20084736638639,8.985185687183797,3.8673665111158826,0.035831699034293236,0.014235813095189561,-8.200058710431088,-3.543059112455851,-0.9691909534758191,8.657355639223582,3.84933108190082,0.035488226218616206,0.01411409765613203,-8.043912276413284,-3.095939598563735,-0.6758878571171778,15.895010946953603,5.363242759849834,0.04873916119470113,0.018982770586852098,-10.734528342322896,-8.446900157813236,-8.128416327648095
496,1548339365.31192,259029,3009,0.014445676383072722,5.516956455592892,4.462971211879387,0.029036044190905826,0.01143442408293458,-5.041355500436288,-2.170562103417737,-0.5569590706107862,4.130071794613915,3.756804164786472,0.05986047622435201,0.023842636755635575,-2.3227928314843176,-3.3455380937996506,-0.6852016882684048,5.62826651907652,4.413761027652294,0.029346611947636752,0.011597149717874903,-5.146875696903373,-2.182015842932246,-0.652580593931376,5.5101852366577475,4.452933427963167,0.02917960475357808,0.011497181014438501,-5.039733009212855,-2.2056423555142532,-0.5626716768399791,5.232167876993612,4.203969913235678,0.03948493628060625,0.016803283749960533,-4.85366138622663,-0.7622633614034975,-1.799029296247917
497,1548339365.34529,261803,5926,0.019374618816275776,8.725162273018789,4.561520288788933,0.03439089544267585,0.013583027016435887,-8.465441691826314,-1.8705988076497695,-0.9826564779303743,4.8632374190825765,3.926812296749046,0.07573557305407462,0.030092571404792132,-4.560915934807229,-1.4637265976200742,-0.8406119660140609,8.8736544474112,4.584214087861633,0.034963623378145424,0.013831059506517161,-8.621802892073214,-1.8442546315099069,-1.002488402153765,8.78893017958399,4.6008503098952644,0.034719642425950464,0.013746307460991376,-8.539698125769256,-1.8351795826818365,-0.9673140262543466,12.565767840076402,5.201872010913411,0.0415627236029871,0.016023276791564442,-10.780144986874827,-3.6350104047051683,-5.3360748523930095
499,1548339365.41203,257388,4860,0.021249226157192467,3.7888984827393237,4.940837876503005,0.0457191015627835,0.01792915690608328,3.4234771503419235,-1.336473478524059,0.9216260384737895,2.602498948438872,3.707724487318458,0.09085380999804184,0.036270521693823415,2.576044876937166,-0.34862603672420356,-0.12431192681794281,3.259367842427697,4.503822857309194,0.04667140105361204,0.018286798326770656,2.723058376461466,-1.548501363219734,0.9003195758959431,3.513550747576362,4.83530374315278,0.046318211319273814,0.018222651375619917,3.1363197549089605,-1.2794029224508487,0.9700696025565632,2.748504966303088,4.356766931162398,0.06565187163585134,0.02729789209878999,2.289815591285438,-1.4109094670476436,-0.5660022822340848
500,1548339365.44540,261251,5262,0.01784643144704351,9.281055371797486,3.8891543444839605,0.031210553111118568,0.012298211339234349,-8.384538468748106,-3.474646630864456,-1.9401892358933432,5.916871885629412,3.2102930610818614,0.06741969860336199,0.026513112809280964,-4.874042315491179,-3.07310938380667,-1.3450216105745405,9.3417002176514,3.869462755397918,0.03171915084272534,0.012501706883113042,-8.377538240060446,-3.6188360541817786,-1.9970582379458053,9.394610103000078,3.898119610033656,0.0316496814305367,0.012483786009966545,-8.51210029561436,-3.4786252493618672,-1.9172929808020434,15.162023045585027,4.673454870910192,0.04951230081041424,0.018667332745259026,-10.468945980753427,-7.761123516123451,-7.7493918893287175
502,1548339365.51213,260225,7264,0.026077912422200616,7.130841107165945,4.729619599796567,0.05796411912794563,0.022305323904387053,-6.303354766575753,0.3106119853509908,-3.3196586837942683,3.495553071023659,4.785348861975813,0.11384510076554884,0.04458256965790048,1.505432468915401,-1.499379484488121,-2.7756846930756294,8.564540857635864,4.631928147408955,0.05985342874517228,0.02321009232917269,-7.932464372737173,-0.5737127633488003,-3.177770089628919,7.465847210526935,4.761724326751148,0.05881017994047944,0.022679111881886538,-6.648723911376836,0.31423541627316154,-3.4094588417156926,12.627371049151032,5.5900673798091525,0.10092551038915261,0.03953111866687503,-11.007171764851751,5.985693404056373,-1.569759161344208
503,1548339365.54550,260453,4721,0.01716226928424466,6.188178958608186,4.869088995493924,0.0330740855735331,0.013038474957886455,-6.0710831321409895,-0.9543389560280638,-0.7243932519022476,3.7099521405101297,3.8940363962357876,0.07228308999670914,0.028482748192419662,-2.8462526591782633,-1.9815729228710275,-1.3175581339511107,6.220039063545558,4.859332921932242,0.033546485609075416,0.01324370588206113,-6.088465757091733,-0.9837222005352746,-0.8073173532930772,6.176833651359083,4.839052560129733,0.0333225961859137,0.013151508347057998,-6.071742292792079,-1.011801793701741,-0.6840573498434739,6.369787415094627,5.121287071343516,0.04603680415365722,0.01901266084205729,-5.488592409036052,-1.7975097740757893,-2.686727320193048
505,1548339365.61224,259827,7777,0.031649542775824734,6.169341909706358,1.4117554577068758,0.06087513321160044,0.02337308124819155,-4.409866181500697,4.263203303547207,-0.662538642450329,5.053284658792427,1.7393646767628175,0.11590229575450801,0.04492132409020871,-1.2797052490710155,4.7551780865128475,-1.13416122479787,6.6930696812057375,1.1583092234130146,0.0627885471695902,0.024285516732186315,-5.2841454253373445,4.041999612196221,-0.7329584001616185,6.0998921524260705,1.417324886476183,0.06196466162740508,0.02374826738068437,-4.313828200284499,4.197077936948512,-0.7342570540660965,8.86133137288032,1.7069971598591083,0.08242126153981588,0.032450216971296846,-6.718207418797817,5.765995522526223,0.3770655277409187
506,1548339365.64561,259054,3901,0.02013267605638323,4.428216253315316,2.007239983081865,0.03876130249261596,0.015226855812158883,-1.3650565253190938,-3.7750188134814864,-1.8694792929237078,2.765909178244351,2.4840590325931,0.08238917200974619,0.032625429243563625,0.8847597953273553,-1.3835767450547822,-2.2255716293600285,4.749706207421675,1.8450225385719554,0.039490324885553756,0.015540601917800509,-1.4893044342695134,-4.0784943609193585,-1.9255038579120407,4.480445881623879,1.9980357499068773,0.03902296119324952,0.015328490825165145,-1.3914731523471011,-3.7980512358492597,-1.8947509105125804,3.0706322399628463,2.2984365351306697,0.06878657212519709,0.028666108262387555,-1.0310311130275616,-2.3358482719905727,-1.7057461849018016
507,1548339365.67897,261007,3051,0.019610998249460637,10.20346858999041,3.8343630058480347,0.03642241730751898,0.014156989682409204,-9.266525017177011,-3.9849694910612503,-1.5369787013047744,5.88420385039721,3.2260338004074227,0.07749559896154143,0.030416604220158718,-4.483518714847082,-3.4891410848570037,-1.5322563025186788,10.50021367374783,3.8440300636648295,0.036843005244561675,0.014355554446391815,-9.493969599798767,-4.168613708599229,-1.6558043909038007,10.286271488685628,3.8313909493374316,0.03674957498746838,0.014287019832933377,-9.303656839210692,-4.056237724454263,-1.5703447162072433,15.421806976949679,5.0568411680145156,0.043969312657068174,0.01687772361634873,-12.668437230164507,-6.281124435263405,-6.155510085152375
512,1548339365.84582,260084,5786,0.02576957112572518,6.379297283253636,0.9536279212554182,0.05207916228946976,0.02057958352741759,1.9558333102434518,-4.996577521646326,3.4502699837618533,3.855686605310525,2.1317094262069407,0.10162126137727334,0.040718616550804436,-3.583910292768244,-1.3931030990360969,0.28490343489833064,6.4907680362564095,1.0938484040321466,0.05273202001248143,0.020919433888774114,2.1088772807169813,-5.104918509178435,3.4091807417634907,6.411233806558926,0.9919410275796733,0.05275396298180403,0.020847799934874844,2.1162546137004834,-4.9739239145940966,3.45315428948324,6.501930807390095,0.8643552142936973,0.06741626727330023,0.02810509643202069,1.1360266527177063,-4.979227179590751,4.023909089732042
513,1548339365.87919,260759,3847,0.023818157917842104,8.147347630748648,1.414789231618282,0.04392362061555514,0.01760152012279402,4.867034594145613,-6.451090783238485,-1.0366655111803957,3.8267416473792006,1.6438398295163024,0.09242420681778912,0.0372407133658992,-0.5165747413801081,-2.9177334711134297,-2.4215560212183678,8.502684179841632,1.5610754617119218,0.04478334056700759,0.01793216957295557,4.98030651327085,-6.798190880952598,-1.1299495750404176,8.130570476131979,1.4143453921799847,0.044142058663923706,0.017715721508748054,4.850898293138036,-6.446021808760771,-1.0539031745222665,10.43574631429156,1.8186310763620983,0.0727248147986224,0.027264816957199057,6.05092366966918,-8.501158902272984,0.14635982506129705
518,1548339366.04602,260123,1710,0.017193722645575945,3.7088557038538856,2.5974070561838687,0.037216003309945,0.014347763512010626,-2.381879346772735,-2.760750381887446,-0.6786153095350211,2.809058109324665,1.8606347509260157,0.07766982508333435,0.03041586990922114,-1.689181063797955,-2.045658494513601,-0.9234479514804393,3.8185475079398374,2.55633947512043,0.037456607907592344,0.014438057403589336,-2.46417092587479,-2.8070882011780727,-0.7933615501609451,3.6981179255747243,2.598156344793683,0.03732739780820796,0.014391025595913695,-2.3391880107175824,-2.785303786030685,-0.6708868442220424,3.3844242031537988,2.920334002011357,0.05132599524457455,0.02035330113978982,-3.1215882136669677,-1.1893192990006671,-0.5436302201066981
519,1548339366.07939,260426,2171,0.017831799099573123,5.816363343250276,2.0082318331257727,0.03660537857692836,0.014164546297320448,-4.550552359852448,-3.0618957059502137,-1.9358074405349546,3.1417326560890113,1.8180182207740885,0.07556772067001687,0.029311971913028922,-0.8186926232413331,-2.911492239560752,-0.8505524145893972,5.829345183075026,2.04795447684319,0.036934281666256896,0.014337860083520414,-4.5841177539237155,-2.9387393564190467,-2.0810912225645395,5.810629988605419,2.010697132445201,0.03676334894586981,0.014240154884056482,-4.544328477307483,-3.053213808039431,-1.935520871247638,6.08724425117067,2.290291008038007,0.05305563318159288,0.02060631788067662,-5.290758223120436,-1.8811182438774494,-2.3502795898457047
521,1548339366.14612,260221,11952,0.025677412213806393,7.881378597601076,2.0136527688439716,0.0554089803036912,0.02134487133425751,0.9648176827696228,-4.520276984982654,6.383756841921181,3.8225563841099626,1.9420298809249632,0.11020894046438898,0.04303767600152551,-3.0597808624340113,-1.1699518334294294,1.9699977388407146,7.129087998042791,2.0005875651127787,0.06397191650228547,0.02385433592529437,-0.4570937958458705,-2.390639691739439,6.700731513045196,8.182629845244175,2.046201679470319,0.058200124083682456,0.022269607598058183,1.0750010875133817,-4.757540479205926,6.278002867498193,5.64515245102526,1.7085431092379444,0.07792417737847737,0.02928587810203481,-1.3718777720811057,-4.4264745734071544,3.2236656812960978
522,1548339366.17950,259441,12659,0.014155610263494961,3.764319158124117,2.445732233717385,0.030155548467102222,0.011658729689308263,-3.044602703778535,-1.9149519783642466,-1.1106088514520112,2.9428221202852254,1.5906005433661508,0.06357696581120909,0.024532271947743264,-1.1405004822321525,-2.707358706385269,-0.1722484154590038,4.014360036895923,2.4079187283396726,0.03470484525320315,0.013061109990119538,-3.1727849541579105,-2.189600148150608,-1.1198988042296745,3.750618766649989,2.4341892107328054,0.031094832240144914,0.012027813249029224,-3.0568703416498817,-1.9780476445949193,-0.9975546792350276,3.7464056258188525,2.347305004644324,0.04394981394179428,0.017230773019447098,-2.6312898504556697,-2.444460383122402,-1.0660592250908036
524,1548339366.24623,261688,11369,0.022121940380243794,5.475114874221351,1.2836523848128887,0.0465384687921256,0.01801262240250616,-2.0475504371076485,-4.3927621813445645,2.5471671542262597,3.3206587843753623,1.8061802484188356,0.09013459785287276,0.03503092506788977,-0.6098481600559931,-2.983903971346171,1.323320472791882,5.105303298450618,1.558305511920758,0.05343371442662118,0.020019214324610436,-3.051559071178244,-2.9486894447622416,2.83854532509669,5.617311229250168,1.3306477519057562,0.04725083386065976,0.018312003208342056,-1.835961325058788,-4.499545542314735,2.7356968916187574,7.234085799689397,1.0242272465724849,0.06338789055820339,0.025138718332377623,-4.318073390853258,-4.884753128576204,3.134553623937195
531,1548339366.47982,260044,1180,0.012415622668898382,2.6276074453910834,3.2459391703248888,0.02558458035907951,0.009740674351084014,-2.055605959415201,1.4970788181352874,-0.6614832114135777,2.4763452629624236,2.3860518925348555,0.05082026108914726,0.01971349572370449,-2.163364240347635,-0.14218934062170896,-1.1966299412914159,2.6272541347926146,3.221621604725954,0.025680636229870327,0.009793477950712203,-2.0656073157340265,1.4646457130397164,-0.7003882075287531,2.6268798548270427,3.2451873413715724,0.025597148606863115,0.009749400777297555,-2.0547045299689466,1.4931979892056317,-0.6623795863651374,2.8744874327430603,3.2433734523668596,0.038566080968773654,0.014162676844919864,-2.186748574861098,1.6880948050398594,-0.7944460966850955
533,1548339366.54659,256565,5439,0.03112700223626081,4.943301896383515,0.6841896677756041,0.05380201057884899,0.020447841423031386,-1.661058477446258,4.590225551808935,-0.7790685186895527,4.924908986033544,1.2076136212739037,0.10889593790790389,0.04185462811342944,-0.07004990466700944,4.857709663577302,-0.8077613236332785,5.60603173324883,0.7516865238032295,0.05502187203773451,0.020924909333985896,-2.049068144179143,5.181704319890193,-0.6155094442284714,5.021413929166945,0.6692028333805335,0.05443459541539129,0.020658476968110115,-1.7892437714656486,4.609613961318306,-0.788098034944581,6.928616224637089,1.4479676403160748,0.09068730772035126,0.03453756903603838,-4.147633823680359,4.253806411926699,-3.564826428147416
540,1548339366.78016,252554,3422,0.03461224844362825,7.155792018491093,2.6617363116955475,0.05775802814714485,0.022091766056452446,5.210412740419333,0.4053646200851137,-4.888009616516725,6.8562755229532,2.2807984107559105,0.11529533273851794,0.04427589427051252,5.059425283642816,3.015207419963759,-3.5098794937260274,7.088561142195739,2.545590994697562,0.05850541986599081,0.02237968885686994,5.146750679342912,0.9269959453013104,-4.785324965843549,7.127061741106017,2.647634987932032,0.05817618290074121,0.022255422950447086,5.226004849753929,0.49319899798465683,-4.853379027215281,8.788225845336337,3.5736655621938933,0.07426054633237561,0.028020507196198186,6.961319975457949,-0.26658192041416906,-5.357412788616908
541,1548339366.81353,256267,1554,0.026135161083394896,7.455703091154497,1.135220276659702,0.050052519838938075,0.019007717525152536,-3.519903922952758,-3.3209151282510154,5.671799332450511,6.175944266741758,2.5843709055936768,0.10428517922225469,0.039941239490740556,-5.773165478733542,0.2374818093302561,2.180928777217845,7.528416546540848,1.1246521680284145,0.0505339194773045,0.019165626470715732,-3.6227401324470576,-3.608736132380554,5.525380815639636,7.477244290253944,1.1292052525743757,0.050378014919240086,0.019117148192743513,-3.5077078021767005,-3.3530586381463463,5.68720432034715,6.994396802905227,1.9759897382350253,0.07532698364901334,0.028949106079752786,-5.35529271487833,-2.1134268705337362,3.9718828579614374
547,1548339367.01374,254808,4733,0.030877507906080286,6.8185776722944,2.2954367900412707,0.051679656475842044,0.019725042899198388,4.867568589493839,2.2182053821245007,-4.228397141045122,6.907810053589652,2.2832050166909488,0.10568908049745306,0.04060767195668503,5.039525302159895,3.821644264276919,-2.777779613771369,6.887579390902433,2.126417496995284,0.05370167959294473,0.020473845995385327,4.307228994628376,2.953170982532091,-4.490580074082522,6.76879752713704,2.2038564418035533,0.05251281395833617,0.01999078916215717,4.732334059503049,2.332249239447772,-4.158657664487599,8.706889361017064,3.0301533603876742,0.07887200157741532,0.03079894456488599,6.321629268733698,4.831947862828129,-3.5354215568432936
552,1548339367.18054,258749,2515,0.020157493471958728,5.5400713635879315,1.4509054208378136,0.0397222821601413,0.015440168545725835,1.8908503037284072,3.219567078156787,-4.0928551979988494,3.462566217138821,1.8586289781403904,0.08337789907345025,0.03289281231390986,2.3221954271242806,1.0756317211333193,-2.3323356548331327,5.604480271793269,1.3127328146325405,0.040718841091991045,0.015794296702892754,1.7182649566582289,3.6415852608503045,-3.8982844231274445,5.506572506097372,1.4487207538261015,0.03993054179856384,0.01553461890404929,1.838574806899405,3.18809508337763,-4.079219647577803,5.9753700255687505,1.8932062942852128,0.06203750694914414,0.023092824218532013,1.2429936388300866,3.0682030157548725,-4.97454962890171
553,1548339367.21391,258418,1419,0.016768889638321644,2.6166312900952144,1.795818323644263,0.03163668251471937,0.01225322935684042,0.8973770887132503,1.8584333997023612,-1.608632639177945,2.2277429972891953,1.7002719585613673,0.06533794665611735,0.02598631977454248,1.535158777279953,0.9688518842564681,-1.2912987326269854,2.822645222971097,1.6446411675631818,0.03208460926288078,0.01243967084409611,0.6092195579040119,2.177988074588311,-1.688948054849496,2.619985307476875,1.7960813232115602,0.03171440678148699,0.01228810111126652,0.9059022274737545,1.8629104884977168,-1.609229812501098,3.3898848097327967,1.5255401457006683,0.04377333563356965,0.017148815813587348,0.151253209726389,2.5544406197019422,-2.2233476134472046
562,1548339367.51423,257972,527,0.01748018387295893,2.771535400256165,1.9882503134148037,0.03487386049197416,0.013450228280010895,-0.840927115827513,-1.9006697184406847,1.8334952091951948,1.7639796930364215,1.9156235905732266,0.07365697665462158,0.02893224395204215,-0.772034285149944,-0.8864934533412298,1.3151869742287687,2.7740782954607712,1.988174921732966,0.034891051076856076,0.013458215231647433,-0.8575984351167733,-1.898141939977302,1.8322370177275116,2.7728222044532327,1.9867285364242875,0.034889951888244106,0.013454277387674983,-0.8350667038595754,-1.9062178487625712,1.8291885579663145,3.4009597363289163,1.6470895564581447,0.048662885380832896,0.01942675193620344,-1.2350845526744307,-2.8642793848256978,1.3553585804273272
571,1548339367.81454,258254,1215,0.020474306390385503,5.6653427802623355,1.063789797213709,0.03989279653720347,0.015557834546943589,1.0082805851357617,3.7531223517571526,-4.122323579275372,4.06080270719274,1.7319579576975541,0.08239701765497802,0.0326181076631881,2.7108290982021064,1.6986833838557238,-2.5011995099346045,5.515902704336121,1.0962923943770067,0.04005694451542974,0.015638486710772247,0.960088294278482,3.5542140052327325,-4.107429356166635,5.6725481279545065,1.0592458638339113,0.040059548020900365,0.015612475862280008,0.9970400598363492,3.754077501351993,-4.140531769066534,6.942850115673043,1.449827697501698,0.054989981043835116,0.02191458947184662,1.075600169053368,4.554364869884942,-5.128743767921289
574,1548339367.91465,259041,784,0.017756091634824958,3.2186822862848046,1.467007367456713,0.033875467199083444,0.013100548215719068,-2.2200982770479762,2.2996350935180856,0.37783294847359117,1.6289187248518735,1.9142569159744505,0.07538781354372659,0.029808162502208295,1.0514568530434354,0.9478315655407428,0.8058722117839984,3.1567196537040125,1.5136926681493377,0.03400778321177236,0.013170782756490642,-2.1627898232944194,2.2508956006896157,0.46977457054571226,3.2174269349106246,1.4674130985948057,0.033889991923348045,0.013107726904476969,-2.222242468595142,2.297314400222618,0.3782565291588922,3.786506205002287,1.3037526233548167,0.045492584707199996,0.017145650956546722,-2.5196800832915405,2.8259379828583495,-0.05400032799192335
