frame,stem,n_valid,n_removed,sigma,all_dt_mm,all_dr_mrad,all_sdt_mm,all_sdr_mrad,all_tx,all_ty,all_tz,robust_dt_mm,robust_dr_mrad,robust_sdt_mm,robust_sdr_mrad,robust_tx,robust_ty,robust_tz,oracle_dt_mm,oracle_dr_mrad,oracle_sdt_mm,oracle_sdr_mrad,oracle_tx,oracle_ty,oracle_tz,shift_dt_mm,shift_dr_mrad,shift_sdt_mm,shift_sdr_mrad,shift_tx,shift_ty,shift_tz,mrcs_dt_mm,mrcs_dr_mrad,mrcs_sdt_mm,mrcs_sdr_mrad,mrcs_tx,mrcs_ty,mrcs_tz
14,1548340550.44865,246615,2362,0.02858153234315111,1.81628006845554,2.078768136844324,0.029604753107203452,0.013018246434001906,1.711272874003418,-0.46961166504571217,0.3871476744369473,1.4776844292627744,2.2440925835609717,0.06360157061710014,0.027228220913353553,0.8561605581807299,-0.8265532245320086,0.8759852385269123,2.7841193698881344,2.4500969127637853,0.03008296555266546,0.013141508637428962,2.0467250353399833,-1.8415084081103996,-0.4136231114886447,1.829884719682279,2.0736582687386864,0.029693509768812108,0.013059602790723603,1.7276939421149247,-0.46524167289839735,0.38729255815487784,nan,nan,nan,nan,nan,nan,nan
18,1548340550.58211,248585,4810,0.025235872068044996,8.227880240025774,5.780798035713046,0.027096295378645944,0.011952719934734866,4.2071168540891755,4.120863776897962,5.746012769955844,7.040383730734927,4.862697851327302,0.04986776732626468,0.02196433946596851,2.8945037784860936,3.8410367785278883,5.141525786993865,8.22246865318153,5.697525164432187,0.02848394166978516,0.012414940520455687,4.251164084748161,4.110288900557897,5.713328262147271,8.224586598642048,5.773201140124997,0.027254098611725466,0.012014354007062761,4.218095725419199,4.1225892023593005,5.729954580805083,nan,nan,nan,nan,nan,nan,nan
22,1548340550.71555,247155,6064,0.04669500753156608,2.906967263828971,2.218444584122151,0.04908992879314164,0.02235648648936361,2.3680462627627215,1.6835676147194079,0.09173689038118128,3.764651717186974,2.7132195307358034,0.09089877930028553,0.040809630226356856,3.449259866116121,-0.44762247868407,-1.4404315479383798,2.3071499888635505,2.2209406902519646,0.05045378711617714,0.022986516510440973,2.0396954192685945,0.35564650296609684,-1.017889597478912,2.9832744277734236,2.2413870592399547,0.04957146727793944,0.022522505520696377,2.395244630028464,1.7383131245412913,0.09312472350617391,nan,nan,nan,nan,nan,nan,nan
27,1548340550.88239,246327,5742,0.029497210736598386,7.744702549894107,2.86128529829497,0.029722404889474235,0.013808703757990305,-5.865512911785749,1.7950275108967493,4.728007202102675,6.312430993175811,3.06051564602374,0.06037936191417043,0.026840238617844077,-5.40494651287988,0.5760814557344028,3.209590066172488,7.315869971727694,3.156926559272076,0.03169445903893406,0.014733886141485155,-6.146281212583549,0.5308941767847876,3.932344348111629,7.732140038886848,2.8862116288588773,0.030132163683674915,0.013925425373454915,-5.899062806071715,1.793505961912718,4.629905940949268,nan,nan,nan,nan,nan,nan,nan
31,1548340551.01589,247842,3266,0.052334664354902395,1.548247955247943,1.1514911055168024,0.05006442744638618,0.023815713572820356,-0.7160877729236913,1.3018022363221273,0.4354319348708035,0.7380313583380066,1.6646601363951565,0.08991379958997303,0.04246464462328906,0.6727389574047332,0.028081563539521914,-0.30219862155445315,1.3755308034491445,1.193030728820564,0.05060398263356322,0.024082546929269186,-0.6966218862016154,1.1379267870481031,0.33455278540274197,1.6048692813149925,1.1355917107784657,0.05030233245691486,0.023926534915707814,-0.736960962016303,1.3366046857952847,0.4439179502480526,nan,nan,nan,nan,nan,nan,nan
36,1548340551.21609,246297,1159,0.033934498288809276,5.348154511456052,2.117716851245803,0.03276980447814861,0.01608601266611926,1.4777008285784203,3.0909724972878987,4.106707435481153,2.434222442092141,2.0525284156263357,0.06607927287799048,0.03247149553730962,0.7242918728309475,0.322575144462578,2.301474626562503,5.301222761097848,2.081458414984285,0.0329182599548217,0.016189436485854827,1.4193539203138106,3.0858733643123504,4.07010844955012,5.342991201507667,2.1161762845162446,0.032814858040553105,0.0161035900105208,1.4764262833463744,3.1028985414036168,4.082220695962992,nan,nan,nan,nan,nan,nan,nan
40,1548340551.34954,248105,5766,0.043127928647620904,4.932741274871627,1.5990510354793437,0.03899768900273278,0.019959673326899303,0.5684497498177605,2.618832681344376,4.141318238662288,2.5993450472269037,1.8491672138627178,0.07404945944035712,0.037238338912827365,-0.1323629913251376,-0.5408900631029521,2.5389983561843796,4.886540453916338,1.4943704780404972,0.03989452957656955,0.020738322091536927,0.4000937824427839,2.663222274363376,4.077431751770504,4.966137436146953,1.57560001315055,0.039417728477721695,0.020124336991765454,0.5059729428704665,2.691920965570553,4.113151086131131,nan,nan,nan,nan,nan,nan,nan
44,1548340551.48303,248041,4104,0.04594226062420907,3.0509459741574068,1.7364004530130743,0.04239845905791422,0.021638600809567973,-0.3911528910918055,0.3280284462347434,3.0079341900178984,2.942708098086509,2.0065259637222184,0.07687841101534526,0.03827764540123704,-0.45820438934694524,1.003049399225544,2.7282726386562595,2.949484542919463,1.6966525926792881,0.043090402088259476,0.02232470609111349,-0.6030892095239472,0.31387275114078417,2.8700568583858987,3.0623828170423932,1.7377205780020988,0.04274019311923893,0.02176525625524312,-0.39372800163752764,0.3262914329772948,3.0178687668966684,nan,nan,nan,nan,nan,nan,nan
49,1548340551.64985,247033,3535,0.023011999030728265,6.2430845826193995,1.3245257679513704,0.019744951320157647,0.010399213227561,-0.7966896593928859,2.7037405525556366,5.570563500833881,6.84491701213507,1.3180679750540805,0.04282470864392375,0.02174138253513766,-1.8395366708303866,2.4294568040817235,6.129170692417317,5.333404384396729,1.3233484268930584,0.020070625885887636,0.01050295244987381,-0.7500929713682205,1.7569979126837056,4.979510136211327,6.248634204923298,1.323801302393501,0.019907523179582345,0.010473589007605186,-0.7823328875336898,2.7136898334303634,5.566104270237416,nan,nan,nan,nan,nan,nan,nan
58,1548340551.95015,250410,11813,0.05065400644816121,1.14191751467577,1.0220980893378282,0.03563714703763929,0.02028039051076721,0.09846719927566906,1.1132297655768555,0.23451931695234043,1.449707379641433,0.8486819719888061,0.06607660775568691,0.03595867512443558,1.1814975151074445,0.7629886019352401,0.35151600489689194,0.9393355655814558,0.9823170959213818,0.03697865652579225,0.021576451190170445,0.25220659892649316,0.8989738704681739,0.10290343259403645,1.4274690156584908,0.8859770203786401,0.03677394172393124,0.021101393846715305,0.3259910812022477,1.3678353571380284,0.3398302649079849,nan,nan,nan,nan,nan,nan,nan
62,1548340552.08363,249714,10356,0.08063988151376354,1.142101101213755,2.0340629126620606,0.054250639504178196,0.03295209100563112,0.14822854634162758,-0.8146346286566163,0.7866343783719454,1.2384915935185286,1.1823444716027969,0.08492524500775854,0.050372361866658714,-0.7022700408440714,0.050952809818724666,1.0188631056822635,1.271066177286798,2.1183165844308216,0.05543969760810405,0.03416004842076054,0.36937315745019134,-1.013608917105378,0.6721381262524935,1.0512573801431881,1.958574936602683,0.055545267144508456,0.03360392275962211,0.15791127855484044,-0.6788001859976429,0.7611859725671697,nan,nan,nan,nan,nan,nan,nan
66,1548340552.21714,250668,10103,0.06279490918469198,1.2128653716132054,1.80499537102287,0.039447613299196584,0.02487364314179707,0.1564618089982444,-0.12037687463479864,1.1966919068985942,0.9454974904268003,1.4336665007594014,0.06615165473249054,0.041123020527434516,-0.3093203250328356,-0.11846835429941505,0.8855798608564598,1.1390565473529024,1.8525303784726859,0.0404803060110682,0.025954850475529048,0.23962343633325653,-0.23812445791988285,1.0878084249387474,1.1449345674643494,1.7877268803778104,0.04045629040702378,0.02562520346131381,0.16636079582420146,-0.041328541217998796,1.12243272803212,nan,nan,nan,nan,nan,nan,nan
71,1548340552.38397,249965,12997,0.04654376847275704,2.138375554757464,2.3420167852889784,0.027257868277892703,0.018444834289312283,1.351059898680364,-0.3656640545869716,1.616656105220004,1.7609298208131137,1.9193331654145562,0.05034013545097081,0.033276978708052594,1.2535961926185673,-0.4006607797388721,1.1699749395863894,1.762186794986207,2.2139058566422083,0.028512031129477804,0.019640420685703548,1.1560751561002371,-0.3426405972311744,1.2850641832222374,2.262558608766498,2.2909622962736296,0.028148033670991356,0.01898978102965458,1.5111361324274568,-0.16131683519611006,1.6850333992119144,nan,nan,nan,nan,nan,nan,nan
75,1548340552.51741,245994,75969,0.09142120406686667,2.480911415021168,2.6974862256814034,0.04861214833996354,0.034872939779572544,2.0109755941536758,-1.4501771302914261,-0.08879695760740068,2.1091958151537002,2.2497971523511646,0.07254943818276781,0.05081283450302762,1.8605077842300908,-0.9249864531699249,0.36279172114760405,3.4422746988477755,3.87414629005569,0.05918935517721773,0.044606183954264966,1.4883081036558132,-3.001605196025536,0.7902912995297924,2.957433499432706,3.068844012186638,0.0591800052142949,0.04282432725561733,2.0797308393252965,-2.04834993543719,-0.18044910505840517,nan,nan,nan,nan,nan,nan,nan
79,1548340552.65090,248707,5001,0.033895149073662464,6.255774281401341,3.59285945032446,0.017140911152787725,0.01275574944060698,-2.448210637981008,3.0885014273164186,4.858202904921071,5.044802902844889,3.1526316998049158,0.03173062400802922,0.02290552635286672,-1.8330307738582028,2.6152892108127297,3.905162846085621,5.847190084338631,3.346593345860454,0.01805153089492096,0.013160381734191571,-2.332020361874715,2.7591074332411316,4.597677575257236,6.2225058125847195,3.5842438685834717,0.01732942519669931,0.012890439622430017,-2.405237177387724,3.090367911162973,4.840022829881915,nan,nan,nan,nan,nan,nan,nan
84,1548340552.81775,246297,4753,0.036348357174610844,4.629811656150624,3.6742191530073045,0.016973690347766707,0.013257375314888784,-1.0889512944421194,3.8344709698703507,2.3550315137981803,3.4583273062274538,2.974796281316987,0.0327436623443326,0.024900421560917603,-1.2295445488849805,3.0045091851819907,1.1921294038243995,4.4013918590272745,3.5788884079416863,0.017787843862356524,0.01362370405722703,-0.9220757497297488,3.6871025990799837,2.219752470959211,4.65987937245471,3.693446841162216,0.017207552377581287,0.01336545216476317,-1.0571974519162293,3.8390696207187585,2.3737404788826497,nan,nan,nan,nan,nan,nan,nan
88,1548340552.95122,247400,75669,0.04747682295434845,3.573448563156999,1.6347227172413266,0.021393965978089697,0.018059842884740992,0.35841691595177705,1.0981374598061793,3.3815922384667956,2.895736097549651,0.9675074629675559,0.03892789861124,0.031401723012285804,-0.4195814444878584,0.552928297664304,2.8113180637799804,4.126960561678636,1.6671255380906167,0.027345304093588714,0.024474461763101172,-0.24736059366022864,0.44658626833380394,4.0952627411792015,4.067950950769401,1.5649166808330905,0.025462400316734336,0.02248080217793596,-0.23124564184841181,0.9617019702886126,3.9348990702046382,nan,nan,nan,nan,nan,nan,nan
93,1548340553.11805,243677,8984,0.034685913259556014,2.9678599439994775,2.165841523745964,0.014568188400048573,0.013119410310346599,0.40165724465916286,-0.13411276937203664,2.93749516937488,2.2219266165029934,1.9018357317667305,0.029160495503541144,0.024266303532395263,0.12626350044193685,-0.42423138777903563,2.1773936592182093,2.5935778615984915,2.3035475151880442,0.015001020055480945,0.013516026357137315,0.4070615168363908,-0.6038377069378026,2.489242268113885,2.9764522292232405,2.129215370815283,0.014999441567272172,0.013654688800966508,0.32657217224592183,-0.30030368445918915,2.9437423162330605,nan,nan,nan,nan,nan,nan,nan
97,1548340553.25154,241201,14013,0.05275958837568614,2.458559947341999,1.6706916956739855,0.020229964135547767,0.019476381919850464,-0.09941270911925787,-0.15378561368027213,2.451730840236106,2.039658711237987,1.6385254219726493,0.03594096630931825,0.03287921518769409,-0.533109110228693,-0.4793400923892998,1.9095118252444514,2.549203959559921,1.6296058629513246,0.02113753212540917,0.020359457143554426,-0.02179336078828784,-0.06824166094595585,2.548197196563262,2.296446257388248,1.6283130500909513,0.020835889375199257,0.020055827436704664,-0.05944515611608123,-0.11010938433373729,2.2882309374358862,nan,nan,nan,nan,nan,nan,nan
101,1548340553.38501,225963,43333,0.045537913573756444,3.1857909497323367,1.571467474969718,0.016268431738893453,0.016820678600820246,0.23470957367463455,0.5623177107645706,3.1269752451182637,2.904275930445301,1.2135969990702606,0.029472691407587084,0.029001193842402944,-0.38291569611759324,0.527276859615101,2.8302249668789825,3.283590728647303,2.319616921320598,0.017887967977114214,0.01889573288420867,0.33628816883306617,0.6193278722623099,3.2070720801691492,3.2172114318723253,1.7955802124897708,0.017637338385382693,0.018165693104095763,0.33020962076353494,0.6228152308338926,3.1184880167831457,nan,nan,nan,nan,nan,nan,nan
106,1548340553.55185,211476,6533,0.03237278554380335,2.6472059681254745,1.6109067955568666,0.011225559800814532,0.012798764729265038,0.09572184792704329,0.5250737449109429,2.592842904595988,2.3697960953170947,1.1797721929224774,0.02102942057927911,0.023526257748407813,0.018844520542220616,0.32088867650861014,2.3478945620947798,2.6822557121154342,1.767327331352114,0.011424076123912384,0.012983048153183845,0.14609905856007033,0.4404216286164503,2.6418136874712737,2.6367341988263515,1.6139445075930277,0.011352605248915421,0.01288156872559119,0.11130599793898532,0.5282798674723945,2.5824053263401625,nan,nan,nan,nan,nan,nan,nan
110,1548340553.68531,202911,27230,0.05754175260742606,2.7233005704661446,2.236166574911442,0.018110335522359133,0.02331989034389765,-0.026660353043528404,0.07268159886874459,2.7221999573621893,2.604725517077849,1.4448435717912627,0.030664103383240555,0.03951898737347897,-0.45649322153344324,0.219417415237473,2.5550078191467427,3.2931882951679508,3.3654558937890506,0.02002302204980195,0.026995494929520563,0.335509084641706,0.19360254833481882,3.2703273314505297,2.1744630834453615,2.751414616760896,0.019448065207479322,0.025879832550194225,0.11327772665774574,0.38151543769189716,2.13426034880814,nan,nan,nan,nan,nan,nan,nan
115,1548340553.85216,177627,8931,0.06453989725433346,3.7611026625073247,5.466785205666973,0.022611596872248417,0.032788890092161294,-0.5280384493336278,-2.48328749854302,2.7749507803788114,2.942549286020527,3.4702032097417708,0.03745512815997587,0.053434882845161576,-0.6423610732279764,-1.1628932394964533,2.6255757208267214,4.503884099626043,5.704358497880667,0.025077880025896265,0.03703905646322724,-0.5266768480434041,-2.286273525763192,3.844546377141742,4.262604984585344,5.754795500838576,0.02328839005942844,0.033913664508927466,-0.6755486023826902,-2.5184419312557074,3.435966332563283,nan,nan,nan,nan,nan,nan,nan
119,1548340553.98564,161338,9671,0.03846962508135241,3.36559824716632,4.504220336123993,0.013752654181161339,0.021676148900084295,-0.028759224480880707,-1.7225744431292584,2.8912214989886524,2.2783090024091015,3.0933649800998095,0.027559308888222264,0.04239001525717841,0.17278265396702855,-0.9390302879872204,2.068588935286347,3.7271136767472197,5.553444687474798,0.014824609267884021,0.024455046656416894,0.7937053025191951,-1.6786799774569483,3.231631443316863,3.478911074858668,5.144960380422884,0.014046314576751897,0.022791743888614713,0.3614144906616078,-1.8115420663098556,2.961786284040089,nan,nan,nan,nan,nan,nan,nan
123,1548340554.11912,137300,722,0.023970357276817626,1.6268606121161657,1.564596415951229,0.009812034048825052,0.016433225431830116,0.32264950062974357,1.290324472853445,0.936822024588364,1.9333972121730127,1.505384221996204,0.021570078743738008,0.035806379292239114,0.04904572392232216,1.3581845261818113,1.3751196638269707,1.6548621729142343,1.5243957835627975,0.009964602246395253,0.016577426664218096,0.2900161598329251,1.3014915168958112,0.9800914599293399,1.6278157736778387,1.5663726289286901,0.009821611997210586,0.0164556409566471,0.3227956052348636,1.2895489870942836,0.9363214380599452,nan,nan,nan,nan,nan,nan,nan
207,1548340556.92208,44635,5097,0.05807940788344406,1.8589730494322254,2.9072385252715733,0.04627225095458345,0.08392075918765536,-0.009180682934724776,0.9302456312102704,-1.6094531926062356,2.402410692242337,3.767160615849786,0.0840961034670928,0.15362372177408198,0.3005658526419939,1.183515777215016,-2.0689436211528416,2.0262024141727295,3.4375001811373034,0.051337897498471244,0.09196409456921457,-0.06507388685829572,1.0364291829382393,-1.7398494650982095,1.7374990437638314,2.6725616975357704,0.04983810402281305,0.08992607488193988,-0.11963441186297262,0.8191447590998793,-1.4540108902165372,nan,nan,nan,nan,nan,nan,nan
215,1548340557.18899,125626,7733,0.045240676818981494,2.5147299370900407,3.033505624818729,0.019612531016101796,0.02832002220192441,-0.18823112040716675,0.835916264044629,-2.3642503465819376,2.198825880337341,2.6104234015433825,0.03698924299912166,0.05333483635044546,-0.5287969885421286,0.7275304302999739,-2.0064666630516426,2.8547249937787313,3.552196234130476,0.022065353576783322,0.03316978137626726,-0.7547977636755627,0.6999716342035798,-2.6626631100020366,2.5280596911982407,3.062655094557125,0.020212346131105872,0.02891402355260657,-0.026371439651695496,0.8596571193375567,-2.3799938904209226,nan,nan,nan,nan,nan,nan,nan
220,1548340557.35583,179395,10804,0.04475989524661057,3.082519006831167,3.7390799657511575,0.016719197802585378,0.023388501301106833,-0.35693419748688254,0.9048233737187978,-2.925032661101741,2.417603537596733,2.7326255671003064,0.031036078674281757,0.0449145119330055,-0.19904336436665865,0.454063350295607,-2.366223801338362,3.3279427699867767,4.11906375725026,0.01910128871560207,0.02683987205614773,-0.3412437427683872,1.062939926258915,-3.135109966411605,3.2880190743795312,3.965144038648882,0.017984319005793045,0.025266529339134848,-0.3366425163996318,1.0041091888635854,-3.1138561801466245,nan,nan,nan,nan,nan,nan,nan
224,1548340557.48930,195216,10718,0.046933993853926693,4.1739111990135624,4.215577610550799,0.016498208277940123,0.021469616606935495,-0.16688450239204264,1.4427170450812312,-3.9130872451229957,3.4392180742419476,3.021469867877269,0.029774771087265096,0.03938847426513001,0.21819945336741367,0.9225423292678193,-3.3059833047751104,4.1354239596042195,4.502696661147922,0.018404974808615783,0.023984358797768505,-0.4405634398003333,1.433829907889391,-3.8537990316597774,4.154815848745491,4.347697350791329,0.01775951264697526,0.02331697449567951,-0.3868993071032677,1.3855703579466039,-3.8957775511408697,nan,nan,nan,nan,nan,nan,nan
229,1548340557.65611,209803,2365,0.05757895434148646,4.3610312520863115,2.501668543840971,0.019787825746606032,0.023421265965334337,0.9909421829985259,0.6740140472104426,-4.193129169938677,3.9136824502144507,1.5610353904129635,0.033928171022947456,0.03937553658820091,1.5422164350661383,0.335497097640334,-3.581329429974767,4.318739343705339,2.510471666891262,0.020038421326333024,0.023672493033916303,0.9907994141393379,0.701902430068161,-4.144533630998061,4.360560156396209,2.5078890367436766,0.019873676243670223,0.023548869677707758,0.9918301092736872,0.6796271074424884,-4.188680208771411,nan,nan,nan,nan,nan,nan,nan
233,1548340557.78959,223101,10183,0.08246219304045471,3.0073274360907765,2.114987522896257,0.02710806500827429,0.02884462045671286,0.8907497134355578,0.8899086824828025,-2.73105214024202,2.5618649129575166,1.6737289914824425,0.043302290160060944,0.046360696283472835,1.3864719977209825,0.5804051523850715,-2.0746028754591257,3.0175771868796755,2.1525280013908974,0.028415569174043004,0.03058448664712161,0.7645802060100578,0.8753633191418004,-2.784767180009008,2.9857275208200065,2.116836008974606,0.027619983940396123,0.02926297016107684,0.911397166997308,0.8837589566858002,-2.715093237341215,nan,nan,nan,nan,nan,nan,nan
237,1548340557.92307,236585,15668,0.04120100446560022,2.2581352468220466,2.75754392470287,0.01397804105671272,0.01255413416355138,1.8894657765513425,-1.0151434258978003,-0.706100344878668,1.753897962203934,2.814824806291638,0.027299533446124066,0.023984113688552175,1.549081984123567,-0.7939642584132973,-0.21476457959618706,2.1439089995516047,2.8793744575286895,0.015423725467500453,0.01356001173499406,1.8606702084273476,-0.9642267566718941,-0.45223769806075625,2.1466329557561012,2.7196638735463123,0.01497314477259936,0.013500779640699869,1.8303838483377382,-1.042534853205773,-0.49582640017610924,nan,nan,nan,nan,nan,nan,nan
242,1548340558.08991,245428,23725,0.03604665495437405,5.001137149193899,2.4265194745088277,0.01605603230231943,0.014211663643948822,0.1605864339789162,-0.5094187543675238,-4.972532283954309,4.493087034358314,2.190595286223937,0.031421796397072065,0.027052428976345622,0.29961273872709376,-0.03845944353890526,-4.48292138859404,4.961081581204087,2.4979594365777733,0.01742061148064504,0.015176738725027039,0.18129458394390352,-0.495882810418871,-4.932906138122449,5.130499741495154,2.4602362842845924,0.01681377171282441,0.015118134695828228,0.15981321414927313,-0.4019116151979407,-5.098597124381819,nan,nan,nan,nan,nan,nan,nan
246,1548340558.22334,248674,14005,0.05924267728509905,3.6757980370558525,2.3815482307325464,0.026382698608156847,0.021082516940579787,1.4218373922183867,1.6228256552763414,-2.975954726115669,2.824933122358596,2.087991426781171,0.046530154524958324,0.036251780088004976,1.5410929315493118,1.2711318895482449,-1.9973741365855677,3.5704338792029273,2.449265624475912,0.027307941967461148,0.021990567192606534,1.3392375638936742,1.6868992499967088,-2.8475975406606784,3.7833313061591443,2.366745257588348,0.02755074332484058,0.02182268595622441,1.4610525360149995,1.5913990664365687,-3.0245373272277503,nan,nan,nan,nan,nan,nan,nan
251,1548340558.39019,252681,7457,0.049089135827068114,6.717276200354788,1.540285155174094,0.027340651942849608,0.020115441572017247,2.096837794097232,-0.421445998660342,-6.367688284402079,5.95329517425888,1.454833445354749,0.05001954305281656,0.034482993518877736,2.589586555362951,-0.04663425230447989,-5.360372202622642,6.124525841035878,1.7274099179778502,0.029136803973518345,0.020820538462075305,2.190604734411659,0.2072589466104944,-5.715602453297409,6.579974217417454,1.6069005708902315,0.027961933248336512,0.020391752800342562,2.013441377102561,-0.4480608039813566,-6.270053095148348,nan,nan,nan,nan,nan,nan,nan
255,1548340558.52367,253092,1929,0.019574484691523886,4.185354459720368,1.7338771825908734,0.01147591117728623,0.007934995738025682,-0.32307100290942464,-0.032242748316643415,-4.172742202168888,3.3185587291739007,2.553885910977865,0.025884258683002488,0.01659951142715394,-0.4807984885200162,1.0851286237529687,-3.099058037908479,4.145229653589115,1.7350932013394027,0.011574786581534118,0.007998294095464443,-0.32288941041380137,0.010786390511678469,-4.132620834702464,4.182566890399693,1.7480726187427003,0.011533005569304191,0.00795985605990655,-0.34250817940088996,-0.021182397017141204,-4.169078771427841,nan,nan,nan,nan,nan,nan,nan
259,1548340558.65714,254101,9060,0.02241659795489103,10.731266448190848,4.516904371425046,0.013112934860701624,0.008611299473796828,3.4460054555530375,-3.167844037327903,-9.656598269449308,9.44503419102439,4.164487794840732,0.028574729836810423,0.017970413504771725,2.565431090330337,-3.561922238543383,-8.36301047213002,10.659855299927342,4.365510877443105,0.013332459282358116,0.009069449096344764,3.471149951415503,-3.218533081503711,-9.551161072531624,10.69776774257505,4.43566883296149,0.013343761481489037,0.008928122687988602,3.3534015507817294,-3.1855626916592668,-9.661429905523839,nan,nan,nan,nan,nan,nan,nan
264,1548340558.85733,253570,19128,0.07599363290985242,1.5985091508301679,2.456358262707815,0.04488696938879204,0.029232327278508392,0.1393471912573079,1.5155403407034729,-0.4888264940414802,1.5099315885801525,2.568116482914854,0.07274437894418231,0.04689108316146884,-0.24203741029922304,1.337057731263496,-0.6584739307492296,1.8513539277407824,2.7528727182321724,0.04796029046773764,0.03164603003592028,-0.18729757894037954,1.8110350054647364,-0.33553418851979416,1.6068580589179013,2.4820877421786944,0.046762738888095574,0.030863133875186514,0.16570227229674156,1.5541519575062606,-0.4293691221210152,nan,nan,nan,nan,nan,nan,nan
268,1548340558.99082,258667,16249,0.06230662336608129,3.7254846740176215,2.179888725429333,0.040095824734876905,0.024463878157645946,2.2890140591687143,1.1011422279153082,-2.7252773229838203,3.627847841042403,2.1425153377917243,0.06756978911649955,0.04010348884826367,2.5068576377410787,1.2533114370268386,-2.303509319206884,3.0857018237978076,2.2572299637551017,0.0426405247641664,0.026471774631721186,1.617517212318621,1.5777739951054517,-2.1013859792077927,3.7156735915048706,2.21723392063336,0.04162466289534415,0.02561155159503009,2.2590133887254202,1.1381191984522734,-2.7501549651820154,nan,nan,nan,nan,nan,nan,nan
272,1548340559.12432,257798,11231,0.04222108902430946,6.892909797457426,4.5350307222218245,0.030070781143782206,0.01792567830604622,3.5805608573560583,-2.2378326914921507,-5.448292784675142,5.683838404486904,3.9639345698028454,0.05730698495112018,0.0324887958638033,3.847789977581653,-2.3606858144365566,-3.453649342689618,5.41052346832628,4.097530436063473,0.03163798732265481,0.018870491697284483,2.759099908197239,-0.9020043911463603,-4.565908450270122,6.871770238421991,4.530918633332313,0.030726829331401175,0.01851211264489645,3.428714592612293,-2.290060243326235,-5.533311957907819,nan,nan,nan,nan,nan,nan,nan
277,1548340559.29116,259000,6748,0.03017129358217759,4.481909138739001,3.2585544356612206,0.022109381829166525,0.011944294846495845,-4.224526558179645,0.794590185794681,-1.2686651740257509,4.570273068324584,3.166719677689295,0.04632950524019071,0.02396767805465704,-4.295155858541733,0.6479815061777171,-1.4209686968893054,5.357394154663409,3.8259640661533862,0.023612634146877,0.012514842375227648,-4.812844296580572,2.335839759278384,0.28645160894612703,4.495304912245463,3.2561959254158515,0.02255573039428157,0.012115686384512298,-4.242864464472836,0.740421183197282,-1.2760898253299573,nan,nan,nan,nan,nan,nan,nan
281,1548340559.42459,260199,8557,0.057224540642069374,3.626884331600288,2.186517173019861,0.04421269131341478,0.02309929127070063,2.814375568518164,0.18610684587078527,-2.280119373203025,3.264944576595186,2.2994583143949314,0.07662990624105658,0.038915950370647386,2.722278349777739,1.1443791974076494,-1.392644939354727,2.638710732601241,2.5525955629396795,0.046766243702415514,0.02419345294083707,1.821708262729186,1.820348872298917,-0.5748941806708876,3.5338291190813127,2.1768409834539724,0.044740186784723475,0.02346601594350048,2.714675079847815,0.15005216277313294,-2.2552105211304694,nan,nan,nan,nan,nan,nan,nan
286,1548340559.59141,259719,7442,0.058014109096438886,3.1502310654277634,3.9333678885601664,0.06383420659840117,0.031734058278037755,0.41402314644295357,-1.6835639562883875,-2.6302382030687275,2.5593790706976978,3.631761639233481,0.11006289979908039,0.053685596719511376,0.3158487341963115,-1.124951894193631,-2.27709113572166,2.03312364942607,3.8090790953355027,0.06912798877252843,0.033540417385639565,-1.4121356703298789,-0.5800461610552088,-1.3427624784311936,3.3655539383378423,3.9009824765103076,0.06462926671273195,0.03204754092051555,0.2094391119317329,-1.8683648272431252,-2.820769528907978,nan,nan,nan,nan,nan,nan,nan
290,1548340559.72489,254890,4564,0.06250723193746625,2.6426666602144206,5.072506497662415,0.07792014519773488,0.03986080808307532,1.5782415462589494,-0.5745191726796934,-2.040286357081878,1.4233858435043114,4.006752279273385,0.13076486745636726,0.06541360283076515,-0.11902187919540584,0.36811794856024194,-1.3697993384832223,2.029805930213853,5.217693613904345,0.07978568429667718,0.04087120338164259,0.7622165588199938,-0.3682634121215604,-1.8448631632412518,2.765383330782881,5.102611882513048,0.07842992155762457,0.040147684306697504,1.698032027545796,-0.5865531167389474,-2.156688989453164,nan,nan,nan,nan,nan,nan,nan
294,1548340559.85836,248946,7117,0.05710238150693157,3.1705354278088596,1.9451067642328026,0.05549729646109312,0.027525316648174276,0.23871507597496386,-1.4592802212660476,-2.8046053639175494,2.4236556669916833,2.2013448886265805,0.09706110766719103,0.04809347837376427,0.18626429263020017,-1.0352460370379035,-2.183501327736988,2.547125446093421,1.8347358385623997,0.05852987665565257,0.029355899292635858,-0.970583841955953,-0.7166841829481947,-2.2432518418096774,3.4189935094352513,1.9657682293174767,0.05672962268803702,0.028175269641184848,0.23286771097081574,-1.6843244021572064,-2.951621984261909,nan,nan,nan,nan,nan,nan,nan
299,1548340560.02523,249030,2089,0.05547538451231615,2.3216136893520405,1.7083862621499764,0.059368521056944,0.029474390393204805,-1.4164392497673977,-1.4998144674784764,-1.0649631624837628,3.5290061788234683,1.8964621168693605,0.10660003099724638,0.052480258845749764,-3.1077872226506766,-0.9192774573197131,-1.3965930493050644,2.2529075419596474,1.743627514124546,0.06051393558811561,0.02998851703642406,-2.2255721626149843,0.33620555931051144,0.09688531106740256,2.353797467721135,1.6956797326664677,0.05950548691298837,0.029546742010042724,-1.4218262981385754,-1.5300439610244831,-1.0940818684831384,nan,nan,nan,nan,nan,nan,nan
303,1548340560.15870,246877,1176,0.029356339613520938,3.232343118784052,2.9025931261611717,0.02434098510934548,0.012686417516280591,1.8007308373940794,-2.354341552271746,-1.2893744002636685,4.402161109027192,3.0775811861842497,0.04951123425049276,0.02519327555054652,2.125493380417711,-3.1866269131868363,-2.1694951568937286,3.275260839286499,2.910235193266716,0.024629010025283123,0.012864387738319879,1.8372193457395705,-2.387742117964032,-1.2847747736878252,3.2425110337122343,2.904156910592811,0.024367647533001805,0.012702134890208563,1.8009960016252298,-2.355043965430187,-1.2992815887567966,nan,nan,nan,nan,nan,nan,nan
308,1548340560.32554,247328,1332,0.01755110492032688,4.665342373549566,1.4033254201055891,0.014604802258797555,0.007612968791804761,-1.1477578031220985,-2.574138744182977,-3.7177790700235973,5.162392519034883,1.320105751077887,0.03082939624987098,0.014356000863715076,-1.3660816765655799,-2.6927683402538354,-4.187256385661821,4.338090748841895,1.3012739304826895,0.014841369897957288,0.0077037588015261725,-1.2186892374588445,-2.2608957405333925,-3.4960232176184958,4.664057094872911,1.4040318757565662,0.014631122780698539,0.00762263661928322,-1.1497465535467386,-2.5785337246143603,-3.7125684702512403,nan,nan,nan,nan,nan,nan,nan
312,1548340560.45899,249853,8874,0.04749605733677083,4.163119536707485,2.0775530422088093,0.041858783698409376,0.021084225081457093,-3.9900090560040096,0.41277902791444315,-1.1140042567403157,3.059162931650147,2.14799533629675,0.07636092509929458,0.037009335100223674,-2.6306400306632924,1.52848727399425,-0.31927656458277837,4.59301104770809,2.4065371436617387,0.04308852382819031,0.02199695429739352,-4.442469447715945,1.060163318967411,-0.48607553692296473,4.101154636143473,2.0356732762511838,0.04271348242679693,0.02141439574282924,-3.8942314706471164,0.31854072925433674,-1.2304439485431997,nan,nan,nan,nan,nan,nan,nan
316,1548340560.59246,251269,3621,0.056056443330927685,6.175126525190091,3.2272901780930625,0.05288683546079795,0.02614910760895053,-5.8221148695989084,1.7367732310918256,1.1039858654278167,5.905737792315801,3.289169802266728,0.09126947951235077,0.044025059436069075,-5.198839025416908,2.5418468126761216,1.1784848069778107,6.596946262698948,3.3894881937134054,0.05403012059692111,0.02661110418396491,-6.065189148824922,2.139770697394529,1.4678426157070652,6.164487037180598,3.2158506020477358,0.05333352312255479,0.026373164879443467,-5.835610820991782,1.723622933289036,1.0914140386920042,nan,nan,nan,nan,nan,nan,nan
321,1548340560.75932,252033,2523,0.033334559669654,4.206210578570369,6.691928310783132,0.035362384938520036,0.016849553195383227,-4.134863683663389,-0.5018087398813383,-0.5859161521733414,3.402994428063186,6.092488093736516,0.07164860538460452,0.033266011265714115,-3.1093113814193636,1.379727739796488,-0.09436723393834887,4.851849394517572,7.0929009763909505,0.03608118951718487,0.017167280400606024,-4.7597401535646595,0.8552751033743385,0.39219984086281084,4.267071119583404,6.671453132936767,0.03566619505397803,0.01692684025459816,-4.162895763464262,-0.5650404160284688,-0.5827105374240081,nan,nan,nan,nan,nan,nan,nan
325,1548340560.89279,254518,5262,0.05477385888007853,3.6419597631893543,2.4214287569882416,0.04955183283351219,0.024664689495421308,0.3396281837011745,1.485680726314685,-3.307760026510867,4.4847950848454845,2.529249825987085,0.08750217531195109,0.043206456907786454,1.7466443288788889,1.10773440445001,-3.979390032485785,3.6182473346826454,2.808119620417789,0.05010050238997786,0.025267641859336894,0.5033397604953034,1.3913928484290652,-3.301876557623415,3.648266139464722,2.4227246431690954,0.050008385265079294,0.024899523312224104,0.3763736076913352,1.5070370154360693,-3.3105534820235283,nan,nan,nan,nan,nan,nan,nan
329,1548340561.02627,255376,3995,0.03410031150884543,5.0481871217240615,2.9986152577587903,0.035028315436612285,0.01745093033725518,-4.240171613174574,2.57287077811145,-0.9409962092959633,3.834760250376412,3.2514519828268806,0.06433631724986041,0.03208089017102477,-3.668203625432421,-0.7868847500769891,-0.7940281672130267,5.010589479035112,2.9099118357124056,0.03614517607376332,0.01821077317844213,-4.16184659929381,2.605697332950306,-0.9976879373930327,5.033493609561396,2.9971596158790237,0.03526940849194929,0.017558739922792853,-4.219610477860301,2.582090379847274,-0.977006758962853,nan,nan,nan,nan,nan,nan,nan
334,1548340561.19308,253566,976,0.02624292816007113,3.393594474371255,3.183011373581457,0.02341078308735472,0.011372292210261653,0.5164253526286942,-3.2151610487184463,0.9552631796783253,2.1458247911743213,2.6435538231756124,0.05123090811641145,0.023011331739691474,0.7416692040198357,-1.823963494675382,0.8530228580281262,3.3926766503702197,3.1795905809203244,0.023493624288215186,0.011454626412065955,0.5085645663690449,-3.217079036564862,0.9497470233151883,3.395620129342523,3.184536046286123,0.023449988035727044,0.011387838487011949,0.520346532633328,-3.216975164342117,0.9573713842534062,nan,nan,nan,nan,nan,nan,nan
338,1548340561.32656,253527,826,0.024291091107091434,2.1352961713813237,4.100859622955484,0.0249120924426496,0.012247151694453928,-0.5458564674017106,-2.052330160342721,0.22242160295053945,2.1541241540588363,3.404223273491803,0.04977391738291554,0.02336025249814841,-1.0084166399668213,-1.87918461477337,-0.3033346912847015,2.111438852855991,4.096156591955537,0.025038730128367444,0.012345511376571179,-0.5116902656630333,-2.035869343789947,0.2271191678212281,2.135771474718431,4.100694478858987,0.024928750124974898,0.012256524807974725,-0.5402193350060267,-2.052171445201668,0.21530859944615266,nan,nan,nan,nan,nan,nan,nan
343,1548340561.49339,251147,5022,0.04138664907008905,1.6273169921431445,3.991874882094142,0.0502270704021541,0.025144799042462973,1.139235068190324,0.8931428942436105,-0.7433705824051323,2.321453586336611,3.8809186087334213,0.09100671389504189,0.045213646868345114,1.6045760337354478,1.3305560608142626,-1.0218136202397015,1.9834072522251127,3.384853423583228,0.05214800078802914,0.026548050580030177,-0.6576062679719757,1.5892362587415363,0.9878190312017411,1.5817919464689978,3.9789207806495233,0.05071572673457862,0.025333547849270943,1.115103276030966,0.8814523857252146,-0.7608417500634308,nan,nan,nan,nan,nan,nan,nan
347,1548340561.62686,249952,4231,0.03943807495891808,5.1865717312103685,4.767944043195508,0.03863914859640132,0.020900742661878864,4.362092112470216,-1.8098171846622506,-2.144117646822778,3.9310738378766175,4.112514886045106,0.07410626482033245,0.037777296963245,2.953865187495257,-2.1901049968215167,-1.3897705119331862,4.843016351318173,4.529972964713766,0.03998652382166728,0.022084921512883868,4.125542541618625,-1.5037630531025543,-2.0428907940841605,5.109386713690933,4.75996559304124,0.03907439837083226,0.021142188327397754,4.277951231712166,-1.832222173079413,-2.1590216341373267,nan,nan,nan,nan,nan,nan,nan
351,1548340561.76034,252109,4310,0.03259147344162077,1.365956567269398,2.0643545785196635,0.027760805075404363,0.014989802443981995,-0.7081214962518835,0.9986725050555801,0.6058502437553388,1.4584792766789112,2.2648273331794853,0.05748518220012101,0.02962744050259469,0.04701033791518856,1.4561379569893178,-0.06792701116577744,2.2561749089646375,1.9315023714452961,0.028247945516823348,0.01537127452638126,-1.2437173733035345,1.1880873566166987,1.4601166899368325,1.3581073574030311,2.0650910830806524,0.028103519923650382,0.0151334811603871,-0.7071524929536506,0.9345977060392202,0.581079133195961,nan,nan,nan,nan,nan,nan,nan
356,1548340561.92718,251467,7903,0.040503390881746565,8.38959760306679,8.842903330939368,0.04912404306749808,0.0259518223846201,-5.705163010548186,5.7011433847469855,-2.3094213714721836,6.591783188399321,7.184962208798916,0.09414256712110478,0.04823221047062432,-3.1677994344866836,4.9645759185910405,-2.961357508690179,8.712667669782242,9.04780222249509,0.05082106020011555,0.027201647703607352,-5.907511942028606,6.157595386787961,-1.759516874447576,8.440585258829454,8.894616372129564,0.049896174346478014,0.026267126629087693,-5.822614950262317,5.7703747413216355,-2.1109256837012795,nan,nan,nan,nan,nan,nan,nan
360,1548340562.06061,248958,3556,0.029964079001028564,4.291305999234006,4.1590780861467715,0.029152562466360676,0.014450004773620852,-1.4520952697873595,-1.4348783950370854,-3.774632498400174,3.117524721806126,3.9088753805301693,0.058120567215583285,0.028759627585941923,-1.7146961412795825,-1.4064382166796625,-2.19105204794779,4.3103461419251925,4.225193575662761,0.029744905917330488,0.014930484820189336,-1.1343163319336882,-1.4585097898941697,-3.8942469766439776,4.309532094554033,4.17378268743294,0.029350293588219042,0.01457701841945407,-1.441529031638107,-1.4109716460716606,-3.776440885041467,nan,nan,nan,nan,nan,nan,nan
365,1548340562.22745,253789,6881,0.031891417286822904,5.305320234084788,4.840948492264242,0.03543035461636405,0.018715834736674365,-1.2333377475569645,-4.322609877881629,2.8178617124125784,4.401846271806994,4.068535016189806,0.06798832653733859,0.0358953295391515,-0.9285366891063749,-3.852564566338981,1.9161984447843188,5.5852605109679025,4.867259860153505,0.036487091270581876,0.01967076294755428,-1.4184660000650324,-4.446642974630733,3.0676465634430703,5.243951863102037,4.846795504971693,0.036028075973426915,0.019010317557025508,-1.227985195781771,-4.300733125131792,2.7134452695638798,nan,nan,nan,nan,nan,nan,nan
369,1548340562.36099,249882,6814,0.030384205041263733,3.1141170343734434,1.9064597849009,0.02569058126080312,0.012647057835054916,-0.9440672553770048,0.8042779721228839,-2.85650115782537,2.0858324077276498,2.0507820551638005,0.0502952719961509,0.025342572090713125,-1.412987766648279,0.38563894932917353,-1.4850740739739299,3.7232157557793735,1.6601142184062698,0.026268627211044653,0.013120671603517398,-0.5025227904920528,0.8183565736883598,-3.5972349002283543,3.1283760965870018,1.8926546471962038,0.026038110798749698,0.012820244486385513,-0.9737574706540062,0.8084465990378142,-2.8645631141330763,nan,nan,nan,nan,nan,nan,nan
373,1548340562.49444,249419,7738,0.04519857549819401,4.416936760502791,4.184008068157717,0.053908519831636456,0.026104095881393768,1.4624431066133572,2.6538707625673092,-3.213652202991229,6.03427052199061,4.140150519312997,0.09856987759825332,0.04730138689316509,2.504738732271235,2.8642788739487104,-4.6834400976073365,3.6971751834635467,3.798310786526753,0.05598310220994395,0.02734163342582458,0.9044320208146892,2.2317100164727495,-2.805454946941577,4.467973654816067,4.191411251725293,0.05510390721695614,0.026549255026954106,1.4914854803769353,2.6241651044146987,-3.2001534115037025,nan,nan,nan,nan,nan,nan,nan
382,1548340562.79475,244982,1863,0.02454980743128576,6.3095618860529274,1.943218953616924,0.02521864935876506,0.01167783187717959,2.3372220773090446,0.2408235935137871,-5.855763669418198,4.135778834038008,2.0003290943950227,0.057908941868654445,0.025541671903706015,1.093192275353227,0.9530190646048199,-3.8731578686757104,6.147647478311371,1.8461257529074324,0.025420830080557476,0.011861210529441614,2.277253562425731,0.15331243941497344,-5.708255515122647,6.30301932008895,1.9445526947717329,0.025351839695548682,0.011734944310024528,2.326939383505662,0.23649176196376193,-5.85012769728608,nan,nan,nan,nan,nan,nan,nan
386,1548340562.92822,247597,2913,0.01696956239854841,10.683766336966901,4.619389549390959,0.02118897876726316,0.009642114006216245,2.742381547275732,-5.355308915720862,-8.828526094953187,8.111089583468514,4.096348120640553,0.039437158577357474,0.017762753571485154,1.3413079213251973,-5.249807285713923,-6.0357427673905,10.761778297716301,4.587471687553045,0.021610382018937696,0.009882185929664864,2.8011973119459928,-5.338117716584593,-8.914800333862212,10.676703359669041,4.62059974090741,0.02137665233725853,0.009702178618203196,2.741491796603306,-5.355449709915705,-8.821855043322692,nan,nan,nan,nan,nan,nan,nan
391,1548340563.09508,248490,9198,0.03245870563438066,4.042763510033633,2.451565469627702,0.037728900323656486,0.016519023259640723,-0.25042526220274747,0.44206668307923086,-4.010710789102285,3.471963998291318,2.6091937913810375,0.06779670535516251,0.029581139430760475,-0.9459975687686779,1.0392931916611643,-3.174821611851844,3.7904317531247886,2.5308315416689577,0.038820921416028546,0.0171680418399677,-0.3911108078858734,0.6948149120905146,-3.7056224104714404,4.104741619084436,2.434264567085493,0.038664766062720776,0.016802166233605448,-0.24538454173934873,0.3836507774012141,-4.046422861598947,nan,nan,nan,nan,nan,nan,nan
395,1548340563.22856,245563,2974,0.05787184203168193,5.937782250815583,2.550543691784046,0.06803984202323196,0.028704902383995923,-4.720702560950077,0.23797839834516174,3.5938268838469423,4.345016438663634,2.3081072257229662,0.11727826296222592,0.04933189775413565,-3.7717733895944026,0.3064468656479276,2.1351776666917712,5.18170869540229,2.361208168306085,0.06854851252217131,0.028986367493736932,-4.272522559652455,0.31378913664616737,2.914994401193831,6.00357727976415,2.565337720713676,0.06871487718099417,0.028884726124096295,-4.7573192621480205,0.28094756182943315,3.624101141799402,nan,nan,nan,nan,nan,nan,nan
400,1548340563.39536,248857,4542,0.026796511319024333,4.376599954434331,3.0430528814395985,0.03644313451770091,0.015055988758878418,0.2993253452547866,-0.21262298385559486,-4.361172200862865,2.7346873911692677,3.150618613303919,0.07281896380193326,0.02972357502661886,-0.972492886585717,0.5895757391968645,-2.487000836491782,3.633205514450276,3.120314393250075,0.0370109664699925,0.01536724592100478,-0.3991997447220629,-0.08849043805501743,-3.610123448916749,4.352425535878994,3.0324208587463053,0.03684615849426147,0.015276603787221382,0.32592875997496845,-0.22157698199409442,-4.334970713793206,nan,nan,nan,nan,nan,nan,nan
404,1548340563.52884,252930,1924,0.01796321048914205,8.246734022648091,3.5990918768324898,0.024809966942230827,0.010032963511824287,-0.41244216390230426,-4.995278366300609,-6.5487180077406215,6.060338184263926,2.987868509866128,0.04772941058982634,0.01905618716567666,-1.0427015740736667,-4.223850411734655,-4.2189524806947825,8.243524225428054,3.6011485221105772,0.02496453636968797,0.010152582847506789,-0.42150226240523925,-5.02118038423851,-6.524245170664946,8.246175571987829,3.597897146369464,0.02490482249096943,0.010064841580830175,-0.4032091863030014,-4.988762853709072,-6.553758693645516,nan,nan,nan,nan,nan,nan,nan
408,1548340563.66233,256353,5595,0.019846529559525164,5.639968972760543,7.540030624004779,0.03278944485039941,0.012856316925844139,-1.369112597178661,-1.2696159640462763,-5.321922210422392,3.9843523635832288,5.9870575772820525,0.062173908553990714,0.024411010371073585,-0.3174697722699283,-0.9480606192690655,-3.856871499425058,5.588643299539676,7.473054966717466,0.03358504956279012,0.013289511172478358,-1.213362153361632,-1.267736855069155,-5.305989962351861,5.644944672847313,7.51804599298446,0.03310373323109805,0.012968099925792856,-1.3698815282618635,-1.3263210821491813,-5.315433654242042,nan,nan,nan,nan,nan,nan,nan
413,1548340563.82918,257015,10216,0.02369371216428094,1.500461360030312,2.102497383895917,0.03550122376237883,0.013386541721043355,-0.6544518111436204,0.6924494651756078,-1.159133667017253,3.6151991722516685,2.4082183763299825,0.06737199171265817,0.025641328111849833,0.3423338739686916,2.229768042810003,-2.824996822838211,1.8728272306787144,2.287338551327959,0.03681994603229607,0.014054936993487314,-1.4254923809369147,1.1801670394944976,-0.2875048986596599,1.516721540351412,2.0674578633859375,0.03614617262504545,0.01361157525115959,-0.6281174268547667,0.5909591751513326,-1.242293340025605,nan,nan,nan,nan,nan,nan,nan
417,1548340563.96263,256825,5678,0.031901053264137676,3.354573043654113,3.353345442043178,0.05121774258883063,0.018509853455740313,-2.495791051041852,1.636002812155263,-1.5322147804307003,4.26906224227075,3.37367188014592,0.09986998745760052,0.03642664369112659,-2.072465425218968,3.2344630273145603,-1.862264324576095,3.7605396363633976,3.4800067815259816,0.05309769945196377,0.01934757744933646,-3.190938189070114,1.7912186732322448,-0.8666645803644085,3.3695291454102607,3.354746038499977,0.05206381137957779,0.018894013324227306,-2.609694062177873,1.632476469957957,-1.487995930749889,nan,nan,nan,nan,nan,nan,nan
422,1548340564.12948,259220,4478,0.02863554151948408,2.550193352313416,4.61470450795238,0.05029011738188422,0.017182025859937243,0.6646967675030719,1.7114793963172596,-1.769887741478542,1.9852176315705234,3.8875413547021256,0.09300730976955926,0.0320873034009215,-0.14719405878664404,0.573417476909571,-1.8948919100917219,2.5412733274985735,4.683460581055436,0.05162524155477771,0.01773351411967457,-0.21752455541027188,2.2246921682011407,-1.208924294401325,2.5171696892424986,4.584642017119716,0.05085435235399199,0.017359022425217682,0.6106503341707226,1.730631213559801,-1.6941816824845497,nan,nan,nan,nan,nan,nan,nan
426,1548340564.26298,258940,2583,0.020549679401208765,1.7399601751745897,2.775943228156868,0.03197231714165993,0.010766583783114144,0.11790332795661523,-1.3697014418143685,-1.066526219434845,2.0598728470980783,2.6316822127113895,0.06292958504497359,0.020824574725823303,-1.505698221893454,-1.2794692015372904,0.5821576875008717,1.8541826778683166,2.752611023677595,0.03249252789025397,0.011024024362128937,0.15719147516478144,-1.4250425004890253,-1.1758138095984536,1.7272620883798457,2.7756448592410807,0.03207630043434455,0.01080233130132,0.11047429793856356,-1.3608117173659005,-1.0564411886314233,nan,nan,nan,nan,nan,nan,nan
430,1548340564.39644,260305,7550,0.0323855921324076,6.02549958151181,1.5872715075819999,0.05144395866818766,0.017852524325499036,3.8171089533505502,0.5077071142941469,-4.634496513230448,1.2361094204917689,1.8243562944987743,0.09384894422230008,0.03252097074909651,0.7615187855958024,0.07048176454537045,-0.971127159274089,6.580097890483398,1.4377404556847397,0.05231080704589779,0.01845752596062717,4.129095035912001,0.5901828496014505,-5.089199017211575,5.94726030021797,1.5665636336139401,0.05214171902064909,0.018027951569883058,3.791367631491135,0.579690103525279,-4.56017859359315,nan,nan,nan,nan,nan,nan,nan
435,1548340564.56325,260207,2101,0.02918168487994087,6.260525456835602,3.944804344795375,0.05061388676490494,0.017282342598791425,2.6195792279555397,-0.0003599272951700652,-5.686122011934216,6.893125631324108,3.8763291702614033,0.0810587851323568,0.02870036449699698,3.5250491197322154,-0.02688426429886304,-5.923553571043789,6.2564355196141825,3.9815357884681846,0.051248831082264315,0.017598011925316723,2.6090749528577026,-0.055846124230515555,-5.686175736984304,6.285575899650372,3.9507557358887886,0.05077462277948244,0.017329412181178016,2.6542563076659222,-0.01494435981066409,-5.6864784603181375,nan,nan,nan,nan,nan,nan,nan
439,1548340564.69673,257811,3953,0.02760079706755116,4.181105512003703,3.062296948537383,0.04608816873703688,0.01625460940759482,2.9649072009912025,1.1769285933547415,-2.7029257626065677,5.9458832014676535,3.3798377952048453,0.08325162129332417,0.030920330906313995,4.2628556307130925,2.091797746493328,-3.5785431539885537,2.935016484499192,2.873814475097091,0.04683180104033208,0.016542822836731606,2.0190526325037963,1.4992918216310012,-1.5132323896387758,4.171160191487259,3.0534594531950057,0.04646572215145349,0.016347750009210276,2.967700055435572,1.144661821078672,-2.7445234218001286,nan,nan,nan,nan,nan,nan,nan
443,1548340564.83021,256165,1797,0.018879593915577038,11.485029390399252,5.869412120943458,0.03416204743134454,0.011952028657142502,4.416964164254178,-7.782999672450288,-7.198697366098099,9.775936260411532,4.851700403352637,0.06276316993933176,0.0222694439322997,5.253616097698926,-6.025826522716561,-5.626532003263942,11.539266116081727,5.872835108124403,0.034494502796630425,0.01209181234994685,4.442731959927262,-7.790581916387911,-7.261103816503548,11.515111611867624,5.871486362682123,0.03427604461879456,0.011975613709490905,4.4400798627139855,-7.785009502467932,-7.228402530028492,nan,nan,nan,nan,nan,nan,nan
448,1548340564.99705,251705,2519,0.015279442091267206,10.815917401015783,3.33342663583109,0.026043306934837557,0.00924067461896493,1.389148683363101,-6.249457092070597,-8.717718808006778,10.175980509547099,3.4636243291699786,0.05182824915440351,0.01796083779255609,3.209288872657396,-6.178162531557922,-7.421681210896468,10.594325804514162,3.3193677827355343,0.026284451285283346,0.009330338521862056,1.220366177182472,-6.232717151660403,-8.47960391487609,10.806497801119205,3.3334759306858786,0.026129602337018987,0.009264220861180658,1.3966979755155484,-6.242950438941531,-8.713843332982925,nan,nan,nan,nan,nan,nan,nan
457,1548340565.29739,251353,3946,0.023863838836580498,11.473757538669917,3.444210230809012,0.03885768704051041,0.013275071184447913,1.1738359921371562,-6.813842704655123,-9.156460490602594,10.475314237760326,3.023012480381505,0.06675182737781286,0.02296601013602678,0.12876354496104278,-6.0038594813642465,-8.583082177012283,11.485574956607344,3.4382716358763656,0.0394340053129983,0.013657398725504321,1.15437001863616,-6.822592378847474,-9.167229416569223,11.471278831960625,3.4440052862945283,0.039224817646341226,0.013397932642983699,1.1655939942528444,-6.801959360218097,-9.162947142861123,nan,nan,nan,nan,nan,nan,nan
461,1548340565.43087,252656,4543,0.030628259847072355,2.8727544035414625,2.084409274294032,0.05237960363019505,0.01745119029206817,-0.05135185906273187,1.3374954182291805,-2.541886475799738,4.665319055082399,2.8370895859960927,0.10144256913096412,0.03530605139219098,-1.1190270609179342,3.6345177719935156,-2.7024546041907134,3.157664325215765,2.133805402435961,0.05284938032000697,0.01779134902593075,-0.005778947058223908,1.4481606015432678,-2.806000974099808,2.9000626493699184,2.0620890346224696,0.05276975900695545,0.017535957233910514,-0.03878838763733862,1.3522529981718625,-2.5768770656810194,nan,nan,nan,nan,nan,nan,nan
465,1548340565.56431,253787,4790,0.018730371309318032,12.952961831829256,4.8891086608988985,0.04220677417778621,0.012785217910635924,-9.974315276145164,5.91985526627352,5.766070465686003,5.321763756286512,3.463624292831608,0.08849147122683935,0.02728422828924722,-1.9971419695713122,4.61912345279537,1.7309800573482423,13.337565073325656,4.902555668465582,0.044443352199873394,0.013439337878566158,-10.201693629002515,5.984122753986738,6.16493017400717,12.747257571885402,4.872081448557819,0.04269298677048562,0.012903160135198027,-9.696394000049022,5.874325151997404,5.8321974142307615,nan,nan,nan,nan,nan,nan,nan
470,1548340565.73115,254301,2276,0.022768415696753384,7.185674882850873,2.5406359855663596,0.04016132910021692,0.012573618903828276,5.596296240240491,0.27478526375189005,-4.498875967653348,4.000764877586339,2.6096284218227286,0.08439602326252259,0.027518044797418387,2.502000111821328,-2.8368624096434436,-1.3031986475309463,6.9987542453329565,2.625379921362351,0.0403483913399674,0.012774709763079947,5.4503256179404245,-0.07179076579652216,-4.389915458290143,7.162218409180442,2.54327376513604,0.04027258033294155,0.012605401606910264,5.58785168117296,0.26104756066103774,-4.4681972134526635,nan,nan,nan,nan,nan,nan,nan
474,1548340565.86463,254574,3295,0.01803372929276328,6.2454637820020755,6.841700960103709,0.04076355478832464,0.0138017731008899,5.122426624880302,-3.5727243938328908,0.04694391045148957,9.694121363922733,5.990854724634458,0.08084251814400328,0.028243238669599276,7.686496772568891,-5.724082069087132,-1.4589862405472922,6.1653783849501815,6.815611325122209,0.04139964579563684,0.014090718856430795,4.973762488710279,-3.6427197153716273,-0.06457871748708109,6.192078614189218,6.822289297635311,0.04108832291959632,0.013888482945568836,5.079865420682605,-3.5516401274784863,0.1173221779108708,nan,nan,nan,nan,nan,nan,nan
479,1548340566.03148,252627,1748,0.02006938903467606,8.436254045940982,5.0264804287290605,0.042099065953665575,0.013873890119068326,7.50513166099477,0.07033286112379983,-3.852068842509908,5.986202303591769,4.554261114445347,0.08027721011184831,0.02757782767216104,5.063027510599603,-2.862558647780045,-1.416378633861252,8.450030012587021,5.07762072546972,0.04254815837643941,0.014132673517387062,7.530203418397807,-0.12921934032595042,-3.8317549573605474,8.452976144924413,5.024785091574011,0.04221524897840388,0.01391061289158311,7.516562372154829,0.07549765202223581,-3.8702752067091097,nan,nan,nan,nan,nan,nan,nan
483,1548340566.16496,251786,930,0.02564116540786596,5.823356047160453,4.21664804935976,0.04497229978241643,0.015860437418747965,5.11562936278703,-1.9245703561250518,-2.0094379360697037,5.9553002283266245,4.07727966126886,0.0817903050126202,0.029612224218994853,5.563266475548938,0.29357820161920856,-2.104632692674538,6.3102050024107434,4.351166740320637,0.045506609557358774,0.016117641500109532,5.596451548174513,-1.8467008098139508,-2.2556846766374865,5.792990872397782,4.213417579913891,0.04506095838459531,0.015879985448555324,5.090413715414757,-1.9187558672974117,-2.0149128023086904,nan,nan,nan,nan,nan,nan,nan
487,1548340566.29842,252154,6592,0.024252469399102194,2.8556702356845802,2.5238570487047687,0.042170363505136116,0.01493689015526602,-1.2298501115461877,1.9984716508069083,1.627400460558423,3.7191398298057403,2.555038835965086,0.08678804177927292,0.030174372042480645,0.42040011385684034,3.4302634162591694,-1.3742480536608375,3.0200219188598294,2.5096636939490287,0.043039495719085746,0.01543298704014528,-1.5399634518610616,1.933841259083915,1.7347342568793378,2.947558974268391,2.536405971314653,0.04245413803386448,0.015080515850363362,-1.2901284409012286,2.0286040024699417,1.7101419215358327,nan,nan,nan,nan,nan,nan,nan
492,1548340566.49862,249222,4482,0.040807934764536466,3.651386986558185,2.2241994819932165,0.07371356649634515,0.023823918237932385,-1.5315203426749704,-3.1647018400449154,0.9857660113817737,4.5287351005496435,2.46976444685513,0.13493904064322698,0.04487478080684099,-3.1420145879274837,-1.9700235651297133,2.59926779940715,4.467771773265208,2.547613849137668,0.07495471286142422,0.024607454546416833,-1.5252414115888115,-4.080482712419484,0.9921109252526376,3.6473958307737764,2.185829376127283,0.07418527819993595,0.02394984603561256,-1.540996996461185,-3.1375273357028366,1.0324755882544991,nan,nan,nan,nan,nan,nan,nan
496,1548340566.63210,252529,2210,0.01792807452005661,13.064285324326683,8.322460567040702,0.04012235014499528,0.013808524172618453,9.934154708293372,-4.376268777145176,-7.268864619546468,13.306242057584532,6.234989580522655,0.07848766374591387,0.02727482287708226,10.420833782562541,-2.149859122832069,-7.990019194170339,12.662535447878893,8.131991441497302,0.0406418283670901,0.014087225041439104,9.447270952271705,-4.276511333808765,-7.266383304984536,13.01884908146226,8.30804789454968,0.040297060560456885,0.01387933855809204,9.883293684468558,-4.391165819432057,-7.244072502026688,nan,nan,nan,nan,nan,nan,nan
501,1548340566.79891,252316,945,0.013570944232175008,14.237835602597515,5.087865340315984,0.023381857510133844,0.008543907601759625,-0.7575626855734826,-9.012028141936877,-10.996609031558675,10.808654422900661,4.256217808632897,0.04506248893644355,0.015790554728558146,-0.5769437027568436,-7.7936343033661,-7.46682065828117,14.23745669062061,5.072114869395062,0.023489148785759164,0.008595285601325787,-0.6931360852973709,-8.981279629500683,-11.025486456445913,14.237560274431743,5.08688218183346,0.023417331333760692,0.008553741779321479,-0.7554306195455032,-9.009497435991246,-10.998643924825943,nan,nan,nan,nan,nan,nan,nan
505,1548340566.93239,255517,2031,0.020919099824574107,5.126389375318008,2.7063344050393963,0.043100804751343154,0.015241882673239709,-4.191177474645993,1.088568649932656,-2.743887333287793,4.665726206526113,3.346066674343908,0.08012790597241147,0.028720070685666916,-3.655221559353214,-2.8403148490932373,-0.5839246050000589,5.031395877820069,2.717772176942496,0.04377499821294274,0.015577900978278903,-4.197580435878396,0.9949280882144433,-2.589475055480873,5.124004156734825,2.7108132357269064,0.04316884417404829,0.0152920855566533,-4.184403771249329,1.0816222725575866,-2.7476547001707514,nan,nan,nan,nan,nan,nan,nan
509,1548340567.06586,255322,1615,0.026283027861556958,7.0292666250179865,3.841879537067197,0.05396542248897582,0.019300730752825512,-4.235319557027717,-3.738509988358746,4.182845993147749,7.4334735946465225,4.367559005033121,0.09829154237501005,0.036730080832671846,-5.3477191414967145,-4.596303243010324,2.352111001689654,7.629234415834155,4.029325148695661,0.05446172029338163,0.01956632628886151,-4.657600635709535,-4.26635964076209,4.2790360486519425,7.020904697376393,3.8315550077188183,0.05412657095200067,0.019353845594575918,-4.197329417162932,-3.757314530902849,4.183083941901673,nan,nan,nan,nan,nan,nan,nan
514,1548340567.23271,256797,7698,0.03369237300795091,5.504694402987997,2.715019527041789,0.05924993348385479,0.020236974455149426,-2.0001731207289746,4.550241657521431,-2.3656434252772165,5.950904322264056,2.8045722260062016,0.11537203171075706,0.03938943859210149,-3.4341721885779646,3.997166131617996,-2.764486669923491,5.612124705175545,2.7576714261712003,0.06086361840206008,0.021014712863744404,-2.110498715486755,4.736546816686908,-2.1463604384407526,5.554650069013204,2.7217492927663667,0.06041103222815129,0.020570354612971922,-2.2361905964596884,4.522050303723159,-2.3062875115206625,nan,nan,nan,nan,nan,nan,nan
518,1548340567.36618,254216,4136,0.029219269259387805,5.387476818593746,0.8816109586548062,0.05884657240515542,0.01963476727872853,2.81232474193448,2.147752020623393,-4.062375816526123,3.5284965584926655,2.619708415152775,0.11155020404198211,0.03833481132887795,-2.7782057288807516,-2.043123424722532,-0.7466642904671613,5.637874425934687,0.854217774576043,0.05935989657836196,0.019985322317985728,3.2166146497520605,2.2411089942158338,-4.051721697458218,5.367159504239927,0.8634197096204581,0.05913094559385649,0.019728722490011126,2.795359195919835,2.211296013212194,-4.045930635042517,nan,nan,nan,nan,nan,nan,nan
522,1548340567.49964,255368,6820,0.030194364818654448,4.924879476557214,3.3832463597843097,0.06648508103741904,0.02255804168093315,-4.730775549067342,-0.4725934109230926,-1.2848564242409024,6.605776055221274,3.9264719557998498,0.1266316273607514,0.0435234048142221,-5.277747618734184,-3.86331255250931,0.9254585275982867,5.744187577152996,3.5843401017749157,0.06802002859616652,0.023300114750752894,-5.629682262890661,-0.27883480412313283,-1.106625362271581,5.018525126395387,3.362735352242375,0.06687170188335276,0.022740361235302896,-4.861198942347737,-0.39833012843829463,-1.127924293864094,nan,nan,nan,nan,nan,nan,nan
527,1548340567.66650,257712,1545,0.019458683003222718,7.630000623081486,3.537639484146412,0.03691863271435442,0.01242174443019824,-5.526411484069983,2.6891605424243354,-4.521515364789922,8.508695704823351,3.336563891584469,0.07249212458740613,0.023353767183316766,-8.176536048825579,0.879004263334312,-2.1839213228903733,7.6434953031115835,3.5342481608602667,0.03711521314639931,0.012523473014536582,-5.6424560343202215,2.65634387898683,-4.419224767538007,7.6290856570008305,3.538414117078166,0.03696865679752671,0.012435826741437648,-5.529626762850528,2.6920918453465825,-4.526871839897333,nan,nan,nan,nan,nan,nan,nan
531,1548340567.79996,254588,3602,0.026816939189282685,13.757840574332196,6.138106053889077,0.056815032026123424,0.018721651010594875,-13.210148664666505,1.7647502260515393,-3.4140600706200233,11.02706176476683,5.173607064011026,0.10462870470835049,0.03598371743491506,-10.712738858831013,-2.5970303300880597,-0.29791067633981994,13.81031639435861,6.159265434855698,0.0576674762483444,0.019196827836952,-13.211022130092177,1.807034275505476,-3.5956029143459833,13.752400982476079,6.13789495400991,0.05718631948906013,0.018836881285324396,-13.249092390395443,1.725987061324056,-3.376471634305622,nan,nan,nan,nan,nan,nan,nan
536,1548340567.96677,254766,5170,0.041511399957084076,4.098849709891905,2.6594965408952715,0.1015043401758393,0.030542918393500543,0.497633378952385,-2.796725457374236,2.9548699938420726,9.554839784517645,4.3192593978245455,0.18798984144305864,0.058056385474326754,6.841665270657466,6.661864904174195,-0.3257846383929677,4.055394091760952,2.569708634542506,0.10219023408277672,0.03084330882674314,0.9472532391448322,-2.577333308949605,2.9843400535123585,4.124851858695948,2.655773086242619,0.10261058375474744,0.030936393559404998,0.3281019549604118,-2.8719925354745213,2.9491300316734588,nan,nan,nan,nan,nan,nan,nan
540,1548340568.10024,251602,2477,0.03614283154570617,8.107705385340854,4.174780594654482,0.09742405443260643,0.029412668058696596,-5.549283775172616,-0.07301837464146099,5.9105841094646285,10.30062386108266,4.8786519107021995,0.18789935000075364,0.05805668898147689,6.603252864546834,7.8937891151222175,-0.4335861394664659,8.524970778952063,4.4359799812436185,0.09808261174544171,0.02989178234541312,-6.060956862511583,-0.29576123754184724,5.987691874431082,8.164263094681381,4.182619330634175,0.09765091068234563,0.029468797156036383,-5.636520709329265,-0.1206481639559612,5.960656367276423,nan,nan,nan,nan,nan,nan,nan
544,1548340568.23372,252018,2240,0.022378113903136144,1.9363844008171955,1.8495157743630686,0.05121928629572424,0.014403088672595274,-1.70039885707908,-0.8131720438686942,-0.4438237281204541,4.983380140012734,2.5769933768778435,0.09787376599963778,0.027490664513246037,-4.881636666227188,-0.9194187475524374,0.3979575925506877,1.8770815028547887,1.826756596553629,0.05197506464792641,0.0147237043277461,-1.721689447463408,-0.6936748094506597,-0.2793486595391645,1.9200554759515591,1.8435835312233837,0.05128403669781645,0.014424144810936547,-1.6726804045502646,-0.7999213883487686,-0.46462403116719514,nan,nan,nan,nan,nan,nan,nan
549,1548340568.46726,251633,9211,0.027584845478296514,6.627836477107809,2.7370618778932427,0.08032736501994063,0.02209652268982516,6.277095000655854,2.0215838909526687,0.6629429024152873,7.873300278811977,3.8946728528171066,0.16041450892927295,0.04666707068012024,5.954922891435,-5.13154225510192,-0.4416160340246762,6.259218841104013,2.822136905420573,0.0847199878040769,0.02347633435877056,6.16347595571379,1.0865432192289979,0.09385348643995343,6.77025370184591,2.696052275036496,0.08192756737754954,0.022536090467911843,6.296310825460658,2.212896305278579,0.7683262868908296,nan,nan,nan,nan,nan,nan,nan
553,1548340568.60074,250600,3478,0.022382521740658478,13.477958036475407,1.103671569509967,0.05561828779227932,0.015066235186540612,8.552193027108919,-2.4305674596626017,-10.129545354263975,4.513564490968896,2.7382264590015826,0.11630802223619097,0.03178595327224037,-1.5224372001263087,2.7757652025775488,-3.217075834662045,13.623664378038955,1.1538834863171457,0.05647367713076299,0.015331835379195146,8.806865602826651,-2.311965883006439,-10.134010217826434,13.597735571402215,1.0954086140055097,0.05597407651389358,0.015161546219656565,8.675649925092614,-2.4784843987828844,-10.187971390010738,nan,nan,nan,nan,nan,nan,nan
558,1548340568.76760,248701,1409,0.019575432217164655,9.125994214045338,1.7957108613783397,0.046754416082228425,0.012747241725422074,3.7864964769967493,-5.305330407088576,-6.387463040683803,4.41669869307897,1.740673151246747,0.08504186006735134,0.022959705745437237,0.34440983152831767,-2.662497468466074,-3.50709515750626,9.10541902485336,1.79839697560586,0.04714910455148419,0.012893876836321157,3.7922809956376997,-5.319143482703665,-6.343025546117384,9.12096044933504,1.794336804563768,0.04682175526809191,0.012764405351177524,3.7925357660775596,-5.299506347797697,-6.379406641802141,nan,nan,nan,nan,nan,nan,nan
562,1548340568.90107,254141,4303,0.018883474922631358,18.912741523060312,7.269723134007174,0.05713709559620821,0.014623214911820007,13.663879851497368,-9.046222489371797,-9.44224750759679,10.769642135319183,5.147445308476482,0.1011285330499938,0.026547969473769716,7.343665769358337,-4.241900662761862,-6.637924642390678,19.054904396714033,7.266756786700608,0.057897092037174566,0.014931945391666642,13.826954880779295,-9.074440947994416,-9.46357341463401,18.841333146681265,7.256123150840113,0.05761069994629014,0.014753770289358741,13.607889910381983,-9.029044792441638,-9.403994037256876,nan,nan,nan,nan,nan,nan,nan
566,1548340569.03451,253723,5808,0.029443771388783995,7.408238269112897,2.7246793941974827,0.07417651670022718,0.0200131661782392,-2.5792060428263923,6.930870356246752,0.4390063160100214,6.233810870130871,2.6627348330521037,0.1492798076306679,0.04174014007461022,0.8424534107517926,4.726149220280522,-3.976705139046179,7.244978846886053,2.697935360261786,0.07509779541565102,0.020508078928011625,-2.7752942922857864,6.687008299799767,0.2671705100517995,7.378171120303852,2.719128334575168,0.074570880632474,0.020143731428989755,-2.617742347741303,6.928484350518048,0.41112726641407726,nan,nan,nan,nan,nan,nan,nan
571,1548340569.20136,250100,854,0.018602212113485107,9.843344301414172,4.2439451391053415,0.04676583886135897,0.012338341380645134,-6.434236605030519,7.090012601923714,-2.285551935798247,7.07247536906487,3.1226363411879454,0.09844254024377595,0.026638867677182036,-2.6865319337080247,4.562220865985978,-4.689199802221957,9.835432742558174,4.2410337937192555,0.046798736283437885,0.012351239191577636,-6.423575453169198,7.082465439306608,-2.3047991087847532,9.84474052704214,4.244439860029918,0.04678364774181744,0.01234468733386225,-6.435752448311009,7.089930114538692,-2.2835870679484414,nan,nan,nan,nan,nan,nan,nan
575,1548340569.33484,250277,871,0.026260066253132017,6.207145187234014,3.034822914171032,0.06957037699363712,0.018032503938049983,0.9391049413682407,6.131106146455925,-0.2372144712923704,8.960011966394122,3.599762400014844,0.1459083854073617,0.03821750252295306,4.400868064778563,7.132369807620973,-3.169144307486611,6.32124188015627,3.0517360984079627,0.06973750565313296,0.018138609857489774,1.1160001853436545,6.214477309356194,-0.30481841357028866,6.208507015225718,3.0335836814806445,0.06965013914395207,0.018055220861367446,0.9501246289748777,6.127342329980403,-0.2404531512270397,nan,nan,nan,nan,nan,nan,nan
579,1548340569.46835,251679,3754,0.025535316526020008,9.412490806377944,3.9197847704508186,0.06720406702692543,0.01747352044239897,-7.447392766252435,5.56495870163635,1.470564114345961,9.63347115888015,4.047111818749326,0.12288606453601751,0.03283296432363348,-7.850932500176917,5.574380310066066,0.304810769805195,8.848541122620965,3.7759215529093475,0.06836803303844477,0.017854054560925516,-6.59280621780719,5.812368299861462,1.02369962387545,9.383621927839348,3.918577169185866,0.06771914316638045,0.017551090038864396,-7.440463199107521,5.464412134774053,1.4845694388162158,nan,nan,nan,nan,nan,nan,nan
584,1548340569.63516,247516,1594,0.02450893934395451,7.165587476439869,3.466115901537331,0.06815830029621862,0.01731529789746116,-4.841361525133588,4.436260845102171,2.8681792446919085,5.810196950414399,3.2439882017277326,0.14232619315288098,0.037526243272782506,-3.5102872957470757,4.537605273652699,-0.92000548065796,7.137428298218001,3.4877318094176575,0.06845070656773486,0.017422796755330632,-4.709971641691742,4.554024616827973,2.8319444973352748,7.0633951814839655,3.4451088263964205,0.06830269788967766,0.017347538367589704,-4.750475470308205,4.433396396082367,2.831039117519376,nan,nan,nan,nan,nan,nan,nan
588,1548340569.76863,248266,1485,0.023974989754447767,4.029074191188785,2.2667838666087112,0.06659647606625557,0.017031611616992928,1.0033617443813418,-1.1573773336522972,3.726550919491574,6.410195233576594,3.2374927772077737,0.12941744427048452,0.03438566847912725,4.169946907887719,-4.69886115433552,1.2739111312184996,4.080841404237741,2.2606312682815304,0.06742441679086521,0.01732707259244824,0.849580942298148,-1.179934752624713,3.8130345879067646,4.033582073059645,2.2572295641935183,0.06671502835941948,0.017072588886833502,0.9896450542356302,-1.129850101629997,3.738966409304326,nan,nan,nan,nan,nan,nan,nan
593,1548340569.93552,249993,3423,0.021265873647914938,11.01907156319072,3.696735574853536,0.05822177280917895,0.014148921730623753,8.026778875727356,1.1299571307670278,-7.464178178307658,10.69356727785798,3.7335476973890085,0.11801066587005839,0.030989120046241478,6.905287254948421,4.832702052283649,-6.581366114005149,10.837193536829822,3.6835603468586915,0.05849519266688332,0.014302707555763072,7.817900205294112,1.0682993447891278,-7.428589142272674,10.964926430032413,3.692636121069053,0.058428012464419074,0.01419701000919206,7.984234809606954,1.1351017522873534,-7.437394630628403,nan,nan,nan,nan,nan,nan,nan
597,1548340570.06900,248852,1143,0.030855717792455335,3.1753539277436773,1.8422134893053097,0.07393645106071077,0.018521547402629214,-2.407980222434044,-0.021200300483192384,2.0697957295499263,5.026918132634083,2.406865465575107,0.15708305914679818,0.04006013404934855,-2.6100606612753494,-3.7047377440497042,2.1754097325519446,2.634635499551591,1.8254603750190816,0.07575906702540451,0.018849605808087175,-1.9440286433994334,0.123228438479785,1.7739423894506428,3.135671711333001,1.838569429943998,0.07407500668179462,0.018548583228357035,-2.377397926586406,-0.016675769682507523,2.0467695497670455,nan,nan,nan,nan,nan,nan,nan
601,1548340570.20245,250375,2981,0.024502686204615324,9.017334156286527,3.617327253075275,0.05536958119501167,0.014157958268484937,-6.176633624530959,-5.935626793859036,-2.8159983875115957,11.525760163526883,4.41174378065837,0.130058294409633,0.03243876104038163,-9.45986332633622,-6.578312611859471,0.28273021563470563,10.284707933822405,3.957462309744488,0.06098677615408803,0.01515159401738377,-7.65762053094222,-6.58133967769658,-1.9550020805355712,8.977044404172116,3.597278719812404,0.05559113855374806,0.014241297232451357,-6.111587713768624,-5.926707169618613,-2.8218470201873465,nan,nan,nan,nan,nan,nan,nan
606,1548340570.36928,247063,2112,0.040119755482878494,4.264074381117054,1.6857410843716252,0.07674029963303075,0.020597673975418992,1.3199326093022898,2.1996586634251445,3.406113620978893,9.274568429861155,3.4220706982912863,0.1792354793732471,0.04657844085540882,5.967001783222967,7.092140060713441,-0.3377256851569038,4.527956121654127,1.7823776400825944,0.07708481523679826,0.020752470947801263,1.5366627620386237,2.506158004122049,3.443867920487646,4.265818895475187,1.6893859883105735,0.0769766057501127,0.020681142353741393,1.384909044882571,2.1880174326547466,3.366537642972598,nan,nan,nan,nan,nan,nan,nan
610,1548340570.50277,246881,4021,0.021389593222214426,8.121142932875172,3.539818884135048,0.04400958256626762,0.011836533815895653,-7.588852585063186,0.32095491739013393,-2.8738940341236026,9.897951733112347,3.9375997728277463,0.10890107060781368,0.02793009985102373,-9.892016119368632,0.33723365229651353,-0.061147926633755595,9.174605298399042,3.524497063912805,0.05265291406506712,0.013362246180686375,-8.48339183152985,2.220038491301034,-2.697568258874317,8.077260712270437,3.532327067222931,0.04427416052231997,0.011932665053881117,-7.548290725671584,0.28606570357480265,-2.841071336283432,nan,nan,nan,nan,nan,nan,nan
615,1548340570.66961,250377,4423,0.030153455174165015,9.045023478909695,2.9847099595100626,0.062093997088916955,0.0168362373369365,1.044943361887171,-5.940065581508431,-6.740635281029114,12.069478702105096,4.742197117913129,0.14617087345178564,0.039137473998246866,-1.5324497650638302,-11.421124223971647,-3.589127375662827,9.543081054161567,2.5788525982796817,0.07599345511295703,0.019121574774059888,3.222576094389626,-3.365459150025436,-8.32821013373678,9.072960445885531,2.9410995630847863,0.062486881795509604,0.016980574294004895,1.11385505108088,-5.790455797344144,-6.773875199795272,nan,nan,nan,nan,nan,nan,nan
619,1548340570.80308,252228,9531,0.02723013264530629,8.108164718020227,3.062957151604457,0.052664232611933544,0.014667971984219923,7.937540336510627,-1.408025084487028,-0.8690534288926484,7.665179029336021,3.389706668377629,0.12791239790974365,0.035440510983477856,5.799887472090826,-4.981046479502945,-0.5526760641532296,11.125461350705235,3.650809552037106,0.06766975275424418,0.016970771276128508,10.762055494568992,-1.7816486441712827,-2.186270776133628,8.016077791357358,3.05722178296142,0.05299953903373168,0.014771709105154036,7.8661309265133585,-1.4267896433900455,-0.9046708260711079,nan,nan,nan,nan,nan,nan,nan
623,1548340570.93655,251251,1157,0.016445981088807255,12.537674721574545,5.454832767750509,0.031213335978894176,0.008651121926213957,2.449607907754556,-5.747509999528743,-10.87008911313945,10.899074199293688,4.5573406039398465,0.06873818587670236,0.01825749123004556,1.8606978183323784,-5.8220859528624365,-9.023909196575747,12.542014474589202,5.426068034642138,0.03130278986885968,0.008703349214337968,2.3631268981458438,-5.746438043111923,-10.894778940425576,12.53272889295166,5.454498247616215,0.03127224387022517,0.00867262505188044,2.4607827670922315,-5.7394109538299904,-10.866479102124389,nan,nan,nan,nan,nan,nan,nan
628,1548340571.10340,249437,2414,0.01966767899451546,10.1761848957788,2.736609112329949,0.03682035106033778,0.010132932592658312,7.210011318976472,-2.0779139847134163,-6.874063520614291,5.49448857985346,2.4436070143397672,0.0902914226205363,0.023694160547629305,4.41974325662144,-0.4149313578532539,-3.2377625403910417,10.238099584294472,2.7457900825074764,0.037315998291749156,0.010307566135371456,7.2883782801759205,-1.979862587929798,-6.912189904502513,10.181982198477137,2.735579196973796,0.0368641335285139,0.010144013457621021,7.208827795546659,-2.0829455831771053,-6.880432079872568,nan,nan,nan,nan,nan,nan,nan
632,1548340571.23686,248541,2257,0.04578957708145265,11.769382970484424,4.35310931242545,0.08965912766218655,0.024014375654530587,11.537349677462824,1.7726030702626485,-1.505262861155046,15.023264386412846,5.701269725778685,0.19081872532832164,0.04893151368492655,14.980210713081947,1.1346669570218977,-0.06550352943229071,11.799770667023273,4.370142423404238,0.09097889887599203,0.024487762613485536,11.596997961642819,1.701810648822082,-1.3594361285293708,11.610065632521657,4.31505966029866,0.0901625955663364,0.02420578971494678,11.388336474081749,1.7465846321920813,-1.4702790358567368,nan,nan,nan,nan,nan,nan,nan
636,1548340571.37033,248358,6303,0.01623719576696507,6.3080452812075665,4.956451984405963,0.030818822771368434,0.008416560794130137,-2.8904484291865664,1.1455394866666528,-5.488577450712112,5.131749673650129,4.079230079471079,0.0663377998081952,0.018281647794267743,-1.921390196004118,0.024658256003505567,-4.758414273486318,6.442656183612468,4.871276233549002,0.03149808202296166,0.00871747368545508,-3.061879932128233,1.2153284910650992,-5.53675777330703,6.332911251421655,4.9382910414206105,0.031158546360153916,0.008539207643054587,-2.91965884455069,1.2344846809396448,-5.480538730609169,nan,nan,nan,nan,nan,nan,nan
641,1548340571.53717,252990,2744,0.019949748364893313,14.630930243825999,3.255158061409683,0.040261131288868754,0.010716617315717594,9.760090003144064,-1.6168809060902294,-10.779167828072369,7.240519470238584,3.0139061735095525,0.09182037651432826,0.023661795057706884,5.89146175765548,-0.14309564011014914,-4.206581057672429,14.624199831867369,3.240754597487066,0.04097839740958135,0.01100696453581021,9.679530098709135,-1.5218136011885435,-10.856242497006553,14.623148347708579,3.2479119809933317,0.040390399204800066,0.010748809090360453,9.731515352216292,-1.5905486398255766,-10.796854914896958,nan,nan,nan,nan,nan,nan,nan
645,1548340571.67063,249557,2321,0.03608525695974711,3.3191217252911382,1.6263369649778834,0.07273981784747173,0.01909543377036314,-0.8297969243105934,-1.5799371345241406,-2.7985361785504845,5.885640819880786,2.698379612945038,0.15717806149185423,0.03980374951346425,-4.667094239979476,-2.5437380769660627,-2.5275276084724316,3.7356946408187133,1.6960868886037215,0.07331245011584367,0.01936517531253031,-0.8445656384379078,-1.9437436964475518,-3.0763588500583006,3.3666479481557863,1.6370411723672502,0.07296687008577639,0.019176578671230002,-0.8237427241391941,-1.6256093207019822,-2.8154601173894904,nan,nan,nan,nan,nan,nan,nan
650,1548340571.83747,250582,841,0.041139721830964746,7.12508684452142,2.4852395395711984,0.08780967657210415,0.02239783740345806,0.7164544092712924,6.586404242694854,2.6216091953643974,11.71510905727265,4.412839039526397,0.19659962552028662,0.048669503956806165,4.8926681755402655,10.644507009456298,0.006990957226988552,7.190730550129165,2.5068209758247244,0.0879837982002812,0.022460358443548496,0.7494350495168812,6.647617893588229,2.637068313859562,7.122150033961374,2.484689868451671,0.08785679712821011,0.022414874979025712,0.7105763289599476,6.58354193098041,2.6200920492472455,nan,nan,nan,nan,nan,nan,nan
654,1548340571.97096,247726,734,0.05949473027764809,4.555947631232543,2.3047621314693605,0.1297897420545166,0.03248346931706498,0.7791168684699752,4.488709461450728,0.03351260183373674,11.051006533230439,4.1095279681785675,0.25873007306230306,0.06212201709995929,4.805689602099739,9.3696652624198,-3.3525312401193257,4.545271247125083,2.303929668859815,0.13006068934764103,0.03257065522696342,0.6990566683719196,4.491165319817968,0.015638235550229404,4.551199512604917,2.304118623436706,0.1298055957279058,0.03249194864096795,0.7829834664607711,4.486493208084999,0.03184941777727433,nan,nan,nan,nan,nan,nan,nan
658,1548340572.10444,248287,4612,0.021273808458161483,9.995761861522253,4.800123877650123,0.047616040893254497,0.012048528398603518,-7.3799195662647765,6.689787327825253,-0.8359353421131273,9.638489915797122,3.9620745452945,0.1148719899985598,0.02808636562029355,-5.6838851616655335,7.619837485461462,1.5912303482140864,9.894910230951602,4.749099742273364,0.048284308381034875,0.012348393779392754,-7.708896668947899,6.133508789976239,-0.9285637023698802,9.982775590224637,4.784517517882014,0.04772789354826229,0.012099110765836998,-7.320412538566038,6.690140558459744,-0.8585247425642049,nan,nan,nan,nan,nan,nan,nan
663,1548340572.27128,247148,2620,0.022239202862120538,8.121211108814869,2.441730721925409,0.048519894281385506,0.012050427117543545,6.645667198458222,-4.114203676577166,-2.2051089471754928,8.314859791133026,3.3130268690335947,0.12211125020046351,0.028853531852090816,1.2229346707295103,-8.218324765770108,-0.3169576969536429,8.983688765122794,2.5443045003740212,0.04953877568530215,0.012301730747745201,7.24793445694366,-4.6153047079151746,-2.6216545137638487,8.031315067996037,2.420423725758533,0.04872327099445174,0.012122946760890707,6.535791199473849,-4.078515055319159,-2.231966182091245,nan,nan,nan,nan,nan,nan,nan
667,1548340572.40471,248212,1727,0.02695047782555041,8.420588540837805,2.948637596794474,0.057238404538600435,0.01456224470235808,6.33930270185087,-3.9396568567587913,-3.8985454312331207,11.359827150412185,4.270330929574838,0.13925046899722107,0.03546727547138748,6.191681932264021,-9.281835376329076,-2.1345443972059255,8.410552789698608,2.9243316387411133,0.0576398495257042,0.014650018001173121,6.320023158514857,-3.852328540356874,-3.9942796999327452,8.385322552710884,2.925233285688584,0.05741833230999076,0.01461949404717948,6.271391678535804,-3.8577948624375997,-3.899137091216478,nan,nan,nan,nan,nan,nan,nan
672,1548340572.57155,247485,937,0.025835423554143228,5.6945332577991925,2.919972267193962,0.05681124846780582,0.014440829109279647,4.34438741018837,2.6641612469399796,2.5409155642565318,6.714340241522918,3.115116093058609,0.1333282429983496,0.0333144300752148,4.312326520264905,4.714774541047797,-2.0632755241706198,5.633651151592629,2.9032371650977846,0.05701228401167558,0.01452475045721442,4.273803410877639,2.6509089152246994,2.5387618293557637,5.694509940093143,2.919922389471905,0.05683584036808863,0.014452965468530594,4.33807477056933,2.664683065533695,2.53968799833359,nan,nan,nan,nan,nan,nan,nan
676,1548340572.70503,249397,3494,0.03487715493231203,8.618244648373592,2.7224376522432596,0.07380434513192212,0.01825431947122282,2.615807720447472,-8.195111731986843,-0.5213774919566765,10.055181457323501,3.8696491675457985,0.1645629882149934,0.03997860265712909,7.851722084901378,-6.084409897600631,1.5611183937017192,8.637321653943898,2.6752445893963084,0.07556212333033387,0.018616908875766187,2.282477039634852,-8.313078924276667,-0.5351100036207523,8.643532103647473,2.7560194072512623,0.07446567898963173,0.0184562334587995,2.825168041599365,-8.187824797359099,-0.47207940151633443,nan,nan,nan,nan,nan,nan,nan
680,1548340572.83852,248595,5488,0.02428316440507731,5.104436270185583,2.4538831543049144,0.05208520041188556,0.01294371285969559,2.7895704952179776,-2.1975011769533843,-3.6666816968321534,5.174812872603935,3.1165892771088517,0.12148212405543234,0.030006639211313652,-0.2558807406388513,-5.019361745173005,1.2325668274504673,5.021751669690546,2.4417409388129903,0.05242529420017759,0.013086032131733835,2.746519571701636,-2.1692755069163363,-3.601230879767711,5.003397658958477,2.4344464013320755,0.052431632495562736,0.01307595707406723,2.7213194971675465,-2.0655545643872406,-3.6136757107224766,nan,nan,nan,nan,nan,nan,nan
685,1548340573.00540,247581,2777,0.03744684581606466,9.259345479111932,3.3705948136503427,0.07852502349498557,0.019716522713524257,-9.17351701117913,-0.09697427504681447,1.2540575493719752,14.053651290050757,5.071836209037544,0.17612856394490187,0.04299514125651879,-13.974416261252069,1.3360475953848547,-0.6601375329924565,9.10516247699184,3.3296712142472624,0.07883263612198943,0.019818829093080137,-9.037011272025005,-0.18467825458194706,1.096496668484571,9.274824923543854,3.372112533417035,0.07896853211343577,0.019818857734139377,-9.182762631041147,-0.06616477491028648,1.3074496769901145,nan,nan,nan,nan,nan,nan,nan
693,1548340573.27235,244273,4407,0.06912743530485249,8.278053952478382,3.5158263396539065,0.15815654086039513,0.03870852107489661,7.488888680684299,3.3089218397309788,1.2221946763968914,22.034727756568458,7.860356891905118,0.2924672181148268,0.07135438939810096,19.57603424752511,9.50579680872434,3.4565788689191685,8.501432654082329,3.5636820235396476,0.15874581123522996,0.039025934979945984,7.684341578958338,3.421717467715574,1.2317066375235306,8.396485338805546,3.539121032771468,0.15913254974148203,0.0389657022858922,7.629636211996104,3.2895148234190597,1.2063730782748139,nan,nan,nan,nan,nan,nan,nan
698,1548340573.43916,251743,11741,0.01750939526979649,5.2962905988223845,2.994915314802807,0.03953419610362933,0.00988667268821317,-2.97705222227612,2.6766241138442326,-3.467497300100284,3.6720278704434333,2.4051333999505893,0.09048415354190774,0.021735848479179393,-1.9482580392145905,3.083133624173359,-0.4270437324685874,4.617052351146318,3.008502381761319,0.040146191772353686,0.01009960573002125,-2.566174384135817,3.0207050671595526,-2.367965865604384,4.68951716240003,2.924945100312388,0.040768422914566074,0.01026232568580862,-2.668444534959728,2.4757070112004547,-2.892868275219594,nan,nan,nan,nan,nan,nan,nan
702,1548340573.57263,249819,2554,0.035474363906122866,5.446520719552941,2.49597453013694,0.07829538439631901,0.019385391447812116,4.446433146797213,-3.0786178963691793,0.6449279554631969,7.710088163138203,3.270945786132675,0.17808936384720922,0.04385160716076287,6.119275890642877,-4.5836683312353514,0.9949405443496527,5.187455489239675,2.337191414298867,0.07931909509294602,0.019625170713232443,4.757166286201438,-2.0676297210125925,-0.06301361009055333,5.423048179283474,2.4908451853854032,0.07853308061862227,0.01948003678330345,4.410682206894527,-3.087543083080379,0.6606541872798987,nan,nan,nan,nan,nan,nan,nan
707,1548340573.73946,246559,1912,0.03906063771387218,7.307050117516698,2.413635587423314,0.07910922681506438,0.020710367318949024,1.9519612528294314,-7.002180558769999,0.7431662732772494,7.542041449977838,3.086244668809106,0.17657751603545682,0.045727001041458666,-0.8560303982743587,-6.967041960809861,2.7586097054003016,7.271147388211861,2.406313632321049,0.07931067108466691,0.020797947922858752,1.8633798326204094,-6.977494764882979,0.8437812195790528,7.296384703338477,2.4102569674439556,0.07916411614356597,0.020732132835892703,1.960422742823488,-6.993923321442486,0.762530409876343,nan,nan,nan,nan,nan,nan,nan
711,1548340573.87294,252960,9027,0.021218486330413976,18.41057593263262,9.435582663634355,0.05812216362223962,0.0148097261212339,18.144893115272524,-0.005277985276403577,3.1164293910561796,10.358835133301849,6.7229944922246325,0.12501239045975177,0.03132525216779254,10.341249149977873,0.5595753674733931,0.22562523158471728,17.64629552199894,9.142544166437807,0.05934957355204405,0.015353203164370477,17.420553422569807,-0.399088708945999,2.785101847958719,18.417509464332266,9.43854210281257,0.05857207827145845,0.014920745403144552,18.143200654535452,0.0028083810858225734,3.157338650149538,nan,nan,nan,nan,nan,nan,nan
715,1548340574.03976,249086,10076,0.020268917070610234,7.2710511354367044,2.6865331536551604,0.04469148352513203,0.011923483292154213,-2.7510135365071875,5.0879065446058265,4.406054485528612,3.304031518601217,2.5100592637308434,0.10446291748684212,0.02713692785927348,0.31997854494836836,2.7758471010298544,1.7632103897116598,7.372911562015297,2.530696082834268,0.045687033314113314,0.012329899603843215,-3.2935216393827234,4.839760869041162,4.482103841134709,7.580971112259865,2.7038114903250423,0.045427815769168836,0.012158080687739374,-2.8492100724326237,5.252564347918178,4.333822796832076,nan,nan,nan,nan,nan,nan,nan
720,1548340574.20660,250920,5487,0.030081351905339865,3.3463567029564505,1.2486858036182353,0.0654747282712192,0.01721429706739919,0.5502137749082832,-0.9720553689806284,3.1544375639658293,5.026811996227114,2.276139433136366,0.14585144867130587,0.038121576762916054,4.911593509100306,-0.16833960760068725,1.05676384461686,3.3854411950205088,0.9067279531330752,0.06751836067837788,0.018002745379010546,-0.7148753164475005,-1.09942454572616,3.1211265650612123,3.3518625607678327,1.1758791333775895,0.06634143089570665,0.017395033082010562,0.2278519597268555,-1.0215918410568134,3.162430675551252,nan,nan,nan,nan,nan,nan,nan
724,1548340574.34008,251865,18521,0.025233977529638345,16.80469049404658,6.432259395088309,0.06360096836408881,0.01672471882197343,14.73814706708881,-5.945079455936248,-5.462661795513768,11.07070204905397,4.887476773232142,0.13896257746626245,0.03625901496615753,10.007698419464528,-3.8112625074301754,-2.807257434478007,16.302063207117452,6.294886079084739,0.06970182821260201,0.01806665663461851,15.116533888241129,-3.802507978277257,-4.7737407857620315,17.321897662458362,6.476814282372911,0.06696104524974714,0.017391859510077344,15.610525732560141,-4.697507350405228,-5.249079156448774,nan,nan,nan,nan,nan,nan,nan
729,1548340574.50693,252218,3454,0.03185723763878347,5.776614750903161,1.3468116142211208,0.06491493609203437,0.01736477998332175,5.612557348561735,0.44774988927009374,1.2915099791005378,6.829264307802547,2.4906602878087454,0.13950456699469546,0.038555992391325775,3.682306803461326,-4.143635036173897,3.9887035836221747,7.048097802718052,1.6876009149746223,0.07320357910722022,0.01882328290544332,7.002480853435527,-0.5939694195519211,0.5367912653770008,5.7906565075955765,1.3529619817015357,0.06509858405204894,0.01741948432504518,5.629190143076521,0.441413333288392,1.2760349299326563,nan,nan,nan,nan,nan,nan,nan
733,1548340574.64040,256291,1692,0.026241087122067904,3.3484250984312274,3.1383906045125727,0.05693656139822094,0.01572914191841255,-3.146947010447353,-1.130446373761854,0.17540282007230165,6.510027404718922,3.3393058278912333,0.12950089473073126,0.03605477652895204,-3.9785147861665995,-3.4260093677523824,3.8489396875656596,3.3201667331129463,3.1729903778337945,0.05718510135701679,0.01586558214901638,-3.026398954059997,-1.351380936516557,0.19541256600864823,3.3392139243597376,3.1387022202480894,0.05697972840794875,0.015737579821442797,-3.1377983951611617,-1.1368124049231172,0.16986736458850143,nan,nan,nan,nan,nan,nan,nan
737,1548340574.77386,251858,2638,0.018146265869518056,17.72194165819083,6.01567665101044,0.039916211725908826,0.010961941095486632,-9.991456663852686,7.662799624367285,12.4707462402003,13.952524201393558,4.680776972478008,0.08650951481493523,0.023397195247944723,-7.334034677501924,6.902027501785705,9.656442580177547,17.709357790821123,5.962535532149104,0.04049652960133242,0.01121932260409891,-10.062251452291559,7.590306595952149,12.440244967588805,17.736730792591857,6.004621927439775,0.040184134736453214,0.011062902671049816,-10.01343244724754,7.622237741873707,12.493524071553814,nan,nan,nan,nan,nan,nan,nan
742,1548340574.94069,248697,1365,0.04359739706540856,4.345766834236535,1.9588543903148328,0.11758792577914969,0.02918454855554471,-1.2109085805692823,-3.518206275160567,-2.2453539570577123,3.1471820345606702,2.149827936508636,0.20445138597917437,0.0526257804729316,-2.3439089289466137,-1.4488638035390735,1.520407632926141,4.568644573782369,2.0427566080717976,0.11771968845598967,0.0292490259639388,-1.5254171336182891,-3.684224619444318,-2.229821688722041,4.41191046940382,1.972069450171967,0.1177701146529058,0.02922331999831502,-1.2028988325837418,-3.576456703671619,-2.266321084362014,nan,nan,nan,nan,nan,nan,nan
746,1548340575.07417,250333,2702,0.02382533101614474,4.81432060624927,2.6533976460097124,0.05871174364375023,0.015720195754588627,4.123635529685857,-0.9316727772272912,-2.3033234150336686,6.303809401054211,3.40603988129049,0.11428756751500632,0.032421599623084864,0.505501344351976,-6.250350635440234,0.6446691319814055,5.109564582059223,2.6934713567180872,0.05946546574437696,0.016009718878327948,4.391207571931558,-0.9331239210962281,-2.4401282807104607,4.83753373982967,2.6578192145935526,0.058852810454353074,0.015760377005948567,4.162949980139821,-0.8967041437724472,-2.2934782412457113,nan,nan,nan,nan,nan,nan,nan
751,1548340575.24102,252706,4037,0.026526778854139985,13.411948180388674,4.36928843888084,0.06301119535773275,0.017380797191345835,3.7197939839241876,10.187222346425399,7.8907532957939726,13.161196853660307,4.615198830669186,0.12045967224813824,0.035333882446808386,5.785054431228569,11.05038307836887,4.19991448363173,13.106943426804676,4.297432697438531,0.06360599564029495,0.017645395703773277,3.1061880580987475,9.93577340504864,7.963916661085247,13.352033022378853,4.347984244435196,0.06342759773966081,0.017442228606487344,3.6291869233877065,10.1501324461845,7.9096162405615775,nan,nan,nan,nan,nan,nan,nan
755,1548340575.37449,255405,934,0.027327172095683926,4.573773496483614,2.932415762183058,0.0640194762687663,0.018379256046226398,3.160623584958407,-3.1892185374982898,0.8710612328751023,7.344755605385797,3.4366430816941307,0.12263838506134446,0.03587707040572611,4.770638872312782,-5.09799116450696,2.27967667431881,4.525858149765228,2.920822086206804,0.06444940477660414,0.018561569677940728,3.0294363562559967,-3.2565013541688357,0.837320897557956,4.577534127992366,2.9321223248368273,0.06409519427707311,0.018393422833184965,3.164569679029172,-3.18691660955329,0.8701120252932363,nan,nan,nan,nan,nan,nan,nan
759,1548340575.50797,255750,5273,0.031220764793094262,6.597551731117828,2.6335113106077817,0.07142391336991924,0.02027877494095047,6.397032398680478,-1.014278726253903,-1.25574838262962,7.42147317001255,3.2999911375716473,0.13641051487397943,0.037999485928763364,6.817086968277663,2.635955823847374,-1.2873718091057045,6.279442927318268,2.5268534470097386,0.07252690389401868,0.02072896120284168,6.078781756257207,-0.8384515821870878,-1.3329721608383014,6.594820783345965,2.6288782659148398,0.07185132754529716,0.020360350788856833,6.3960087189934836,-1.0416549969675983,-1.2894574187346814,nan,nan,nan,nan,nan,nan,nan
764,1548340575.67482,253152,1399,0.01695737138877715,12.656030577207094,2.414664693279909,0.03744321568164057,0.011248907453058673,7.568657213840715,2.889195689222473,9.723326911091494,9.855210910440817,1.8093344106045608,0.07350313664425868,0.021308712042139962,4.480131974867029,3.0135287340414556,8.244528133626101,12.570953351752433,2.3888206259390747,0.03808177215480447,0.011584537447225256,7.5184466989870495,2.6559306599795245,9.718428871777947,12.647641892663295,2.4151885175231866,0.037532226461470836,0.01127237687381638,7.578934269092411,2.8876538413262125,9.710613775372908,nan,nan,nan,nan,nan,nan,nan
768,1548340575.80826,250612,1577,0.03917627413518982,3.5947489405437754,1.8668802243292963,0.0836097653164676,0.02566684916290615,0.3283888554321739,-3.3693536679436633,-1.2090643347163632,2.07812569765259,1.9756082247122924,0.1462840371127534,0.04455846469941859,-1.7734323141730763,-0.8553002891555134,0.6648350604934163,3.461777763516558,1.9285595232587824,0.08408049450383821,0.025880594726697136,-0.07842313314862179,-3.2995676738603406,-1.0443219148235472,3.5897160964640915,1.8703573930367834,0.08373552907856749,0.025694587621067112,0.295575289760397,-3.379196782942433,-1.1822429435349324,nan,nan,nan,nan,nan,nan,nan
772,1548340575.94174,253573,1756,0.02734682382515816,9.336942665275984,3.7777414502276137,0.055533593424375575,0.01782851503448056,6.971314221845232,-5.824065564024667,2.1585959929758576,8.849047354007705,3.580852088371467,0.10862673553982125,0.03558710535935231,6.0644623021039115,-5.616320235564724,3.159886559896969,9.734092431106486,3.886413138560546,0.05589158025405869,0.01803779983770324,7.322939523026328,-6.05100346167874,2.1242573540358536,9.336320546138598,3.7760465383954886,0.05563374370406188,0.017873599013453804,6.971057933802099,-5.825945610831294,2.158794408039696,nan,nan,nan,nan,nan,nan,nan
777,1548340576.10855,252837,2582,0.020194103968908722,19.659558247792297,5.112136266994771,0.04348433097812555,0.014130353524917268,-2.60527447973518,11.921361893213568,15.41401654321852,12.11892169269041,4.075767936335019,0.07756432568339246,0.024672017223307797,1.5307935329519715,8.97384246159076,7.999692845827601,19.712119138189856,5.137872948115843,0.044242496821413436,0.01452268002595193,-2.543880889543943,12.01230552478362,15.420792032747759,19.625823618999632,5.105592794338211,0.04362119306102262,0.014177118161291774,-2.557177139801315,11.900551294039882,15.379501089751795,nan,nan,nan,nan,nan,nan,nan
781,1548340576.24206,253876,952,0.03169871577679322,4.029669275047166,2.640564955454967,0.06206287604645324,0.01989983360723603,-1.4347013375602955,-3.753498406127016,0.3018546893188732,4.552990376115624,2.619892309907082,0.11368257337245727,0.03744872675009487,-2.9776870996060767,-2.642059782679977,2.2096653607698347,4.084684910732268,2.6605985101458987,0.062405329424076054,0.02006365954977398,-1.4615930277383584,-3.8048250710570244,0.2677738222575177,4.029244200001134,2.6404672172974992,0.06210938100786215,0.019915120625760438,-1.430170181912533,-3.748520547839691,0.3011307435035052,nan,nan,nan,nan,nan,nan,nan
786,1548340576.40888,254963,5073,0.031022574365615518,10.21045064804721,2.630839076197389,0.06813368371409242,0.02225143461061816,-10.132013715116168,1.0045893750918524,0.7657680460545115,7.509818585420592,3.0376164860179933,0.12171875055791065,0.040398393407767526,-5.74963416786481,-4.474704700207393,1.8210161909197644,10.4233330122115,2.7712587059720533,0.06914855850592061,0.022843279534186637,-10.375947017690619,0.5895254496850744,0.7987830204184697,10.212379074107684,2.609408117540416,0.06861681959251961,0.022400865901683185,-10.11399013926733,1.1127339511098306,0.7627606768665822,nan,nan,nan,nan,nan,nan,nan
790,1548340576.54236,253682,5773,0.0334531673623678,4.747589660325659,2.9330990750212993,0.05897628714804693,0.01976253770762838,3.3804745205050817,-2.2078767011180216,-2.497454718650019,4.507694245438711,2.7225994510004905,0.10913971527780075,0.036735393930299294,3.481549041125172,-2.855440050557457,-0.21115350405354655,4.534888444453797,3.003518631455778,0.06019696822528484,0.020482389928367994,2.9354580516035123,-2.5272967329896145,-2.3581922004655826,4.693258155723171,2.9225735159770965,0.0592884356834982,0.01986552832797043,3.348064029838298,-2.222677889593829,-2.466732662631424,nan,nan,nan,nan,nan,nan,nan
794,1548340576.67583,253307,3657,0.03403511335844475,3.4519450827067177,2.5541510753897776,0.05719838379629058,0.019683777533821632,1.86983041640697,-2.230503755828815,-1.8559396712005416,3.924193803541453,2.5513409460203893,0.10605510259419101,0.036647815099990724,2.320604070605185,-3.1415880557955296,0.3801555509612403,3.6597803605573915,2.6413201253419833,0.0579572290827131,0.020117898134354193,1.8860668980684263,-2.546418840811662,-1.830981985354178,3.4378785363543676,2.5609482435829642,0.057455753172389865,0.019793889474539146,1.7885618048469039,-2.255543303310347,-1.8764701912614719,nan,nan,nan,nan,nan,nan,nan
799,1548340576.84268,255175,699,0.024524553873113364,4.264187246848455,2.310172091459367,0.04133962775793654,0.01465637218158821,-1.3397434068846086,-1.904174482877088,3.5724641381900533,4.577020587767736,2.8202871683795925,0.07945964146661116,0.028206826240188988,0.3862107910907731,-4.0680672694814195,2.0617437708572655,4.1788130929732406,2.3202105023098,0.04158318169259969,0.014771570920611106,-1.2599678554950444,-1.9510984023577125,3.4739278768335105,4.265762137711161,2.308558303632153,0.041369894598021026,0.014664948923687145,-1.3422166464917271,-1.8990166323619344,3.5775809973281176,nan,nan,nan,nan,nan,nan,nan
808,1548340577.14296,251092,1191,0.021181788360033555,11.226234452056858,5.333223784012925,0.035461076494043335,0.01274699336041843,-6.155552757228418,7.956303644576775,4.983446853415843,9.519109004589923,4.16154577592523,0.06883742934387753,0.024429807290305697,-7.07021655636944,4.578648184248537,4.43412391484293,11.369563450091658,5.373391116003924,0.03564210678033896,0.012852863433907707,-6.322892154275783,8.011938139763002,5.009676146785222,11.242920076049346,5.33636340570985,0.035508915761478105,0.012758887617515043,-6.160443774997347,7.956587793002576,5.001078141399809,nan,nan,nan,nan,nan,nan,nan
812,1548340577.27644,250974,2896,0.0342965692743629,7.612570250326867,0.7780468771780154,0.05485189576402148,0.01987069666384848,-1.3423512128545274,2.11161307012992,7.1896042505527475,4.115504458237109,1.8564249333114256,0.10289140436782464,0.037039949777820436,2.2877859549812647,-0.09714510795501537,3.4196454784027535,7.73154663553402,0.8772820544253602,0.05512914309458055,0.020006360801835363,-1.2044204468796929,2.166710275853019,7.323356562744196,7.591768999137756,0.7723988623364331,0.05511582960472543,0.019977937400806285,-1.3206205848440105,2.1064525793506546,7.176304176189795,nan,nan,nan,nan,nan,nan,nan
816,1548340577.40992,249531,1697,0.02342904130669861,5.901477304983212,3.605464323959627,0.03905651441432595,0.01448236853624822,3.7036763307344045,4.31024060110226,-1.5912391331912625,5.598838076118098,3.2539239727447735,0.0743683712770244,0.027538962050400212,3.987129646429298,3.596737350547195,-1.5853281730711564,5.939133769147324,3.6166001221247,0.039589237123759564,0.014687542224681988,3.689432461953019,4.377605758328666,-1.5804954480039106,5.914404530285799,3.611806857987448,0.039191091569257805,0.014540217703525368,3.7228605977906977,4.3181927302778,-1.6031443847617317,nan,nan,nan,nan,nan,nan,nan
821,1548340577.57675,249583,8759,0.03407485144137303,2.2744417056336173,3.2438483652678602,0.06214968602648814,0.02234400274554147,-1.7279133158734126,0.2767467283795341,-1.4528633430175504,5.982240118907832,3.6989941507756554,0.1166075169305965,0.04318632677546711,-5.261204851355528,2.564346688843377,-1.237354602271091,2.5703287740956013,3.4589311807281837,0.06356548454565512,0.022769826594556914,-2.0450631946508784,0.9565047078459901,-1.2285785610601365,2.108038159313394,3.1838359277328685,0.06298026015497937,0.02262974511710804,-1.4690926727779092,0.19619107679366757,-1.3982631756353696,nan,nan,nan,nan,nan,nan,nan
825,1548340577.71022,249976,7411,0.02605054854816311,5.275538695273106,2.060117813951231,0.04719236823532659,0.016714018797030137,0.8388915345451079,-1.644518186752546,-4.9419762698775225,3.6334445206812216,2.9916176394691116,0.08937763804063521,0.03253684619136539,-1.2417731299863428,2.25606525811559,-2.5632183148604706,5.1479704426950965,2.0000269845149354,0.049156949962616596,0.017714310433331076,1.043938857398476,-1.4770715292125405,-4.819756325631581,5.275382453002022,2.0427266289417356,0.048185519596334866,0.01694417522780376,0.6972321785701319,-1.7429047502888857,-4.898091050265572,nan,nan,nan,nan,nan,nan,nan
829,1548340577.84369,250706,7823,0.023927467301412965,5.621151209684959,2.32655514703129,0.03987068435271115,0.013838043190002638,2.5611337084035295,-0.7158924420959478,-4.952315929054987,2.707303270424378,2.380528915998593,0.07703962240367787,0.02706892484146537,-0.4767336257573511,0.372082460140522,-2.638895733252559,5.500398362873243,2.6928678192253384,0.041397071247219926,0.014561722165693167,2.3979515421082995,0.07185279632825954,-4.949651273338243,5.554302205478972,2.288492631407035,0.040912112561501186,0.014226855951115322,2.5218990170757696,-0.7555909388971892,-4.874741836154737,nan,nan,nan,nan,nan,nan,nan
834,1548340578.01055,249404,4377,0.02772045264318567,5.434362083051242,2.1928598400927246,0.049874947752672705,0.01711857722304363,-2.4216047487708283,0.7526242665282828,4.806420539639491,3.333539322524516,2.731784974774841,0.09590970651690686,0.03295593431992409,1.7651614792447263,2.788566753852264,0.4696645891672329,6.138153352184167,2.2084743926541264,0.05106593966654784,0.017642911249703245,-2.889325112085046,0.9952798983190959,5.323358422613152,5.388943201927164,2.1839775416847536,0.050472136849775404,0.017316785586130708,-2.379394735371756,0.708733642856031,4.774401573252687,nan,nan,nan,nan,nan,nan,nan
838,1548340578.14404,249119,2047,0.019813374966611657,8.029013601000097,3.51009086799735,0.035168328771799484,0.011885955788389047,-5.718099357854693,5.08065143433934,2.4403647558289125,4.440093595708192,2.7405045597601823,0.06810653590356087,0.022965208633302845,-2.357469269039954,3.7277941953009637,0.5102158579087516,7.918550371924177,3.506838900158985,0.035359832237901886,0.012135646151047058,-5.564769901888354,5.079206419074089,2.436891069410895,7.995036686883622,3.508436995445417,0.035231539674189086,0.011919182667585102,-5.683533199121375,5.0793888379204795,2.4252334811798884,nan,nan,nan,nan,nan,nan,nan
847,1548340578.44433,250296,3055,0.024335629091634173,7.084433851136966,1.2518497734253586,0.034965286139926326,0.012444607935778888,-3.876574898413663,1.3404834257835818,5.776198943364395,4.238179686587515,1.8831115239185154,0.07404474877903554,0.025453301679747124,-1.6543467439350419,-1.1296672733879982,3.7348568591139735,6.526634940126782,1.2986280348308026,0.035258410914737866,0.012588206148057628,-3.4885167286318572,1.0349248160002502,5.41813116313792,7.03434440775934,1.2494132714973611,0.035273188605782824,0.012539510826437155,-3.8521458726631623,1.3278233420399106,5.733738081285001,nan,nan,nan,nan,nan,nan,nan
851,1548340578.57783,250033,6174,0.028048332066889742,5.251086764478498,1.870643509953808,0.03859024970077578,0.014182574591871099,-3.151668081824516,-0.010304574323533097,4.200094561535233,3.629981167079551,2.491957048992863,0.08161611411491218,0.029296012354872582,-1.2461179421742736,-1.6991000141889556,2.95584378635385,5.767289358661263,1.7123780074150106,0.03950724014789319,0.014715503316446384,-3.476023038325649,0.20922473104413122,4.597294355974641,5.172644423068924,1.900801307553269,0.03907338410047029,0.014427068409681863,-3.0503153203811078,0.003065057984063301,4.215458113270826,nan,nan,nan,nan,nan,nan,nan
856,1548340578.74466,253856,3214,0.04052584343945047,1.904280682643761,1.543356212444389,0.056484960564372216,0.02134870598121123,-0.2867703538273856,1.2399805933299386,1.4165083164673051,1.0736793567138168,1.942622358581441,0.10556429067295756,0.03978851396076734,0.731379295246026,-0.18048795657379912,0.7650462633400914,1.7195598231427878,1.6012550604580904,0.05683311353238095,0.021627645690663375,0.009309206169452626,1.1151556605596094,1.308903043303518,1.9086702352590024,1.550699012254758,0.05676672239905803,0.02148159783434042,-0.24076208943159902,1.2742428241008648,1.4275713335760891,nan,nan,nan,nan,nan,nan,nan
860,1548340578.87813,252841,5675,0.03699087779337754,2.231960195236911,2.1828030089729547,0.04913994074677325,0.01948608820026095,1.7304219192313155,0.44765255280202143,1.3367473532929233,3.0890739150271997,2.709497174145528,0.09359121529822291,0.03734234769715653,2.2208953556000113,-1.6378731742147215,1.3882985763745357,2.4981049204492183,2.29557795305433,0.05015256583800801,0.020239578231601614,1.9168432579555088,0.2855365356568183,1.5762959762710202,2.2569578142368685,2.2115746741634545,0.04986595114320427,0.019702624275833552,1.900596399540526,0.42027278285154424,1.270747743478271,nan,nan,nan,nan,nan,nan,nan
865,1548340579.04498,251955,1847,0.03573386462403795,2.2902139055018016,1.7305662204029253,0.044037883898539014,0.01740763046026916,2.1842633907996687,0.6299413402246435,-0.27793358998532036,2.495556007439447,1.943584850645894,0.08141283799006074,0.032045890707179225,2.488010831318049,-0.10085515550177614,0.1656204308649578,2.3294712891822202,1.7172831575264895,0.04420811965199325,0.017597636407603374,2.204330126663982,0.704134421834545,-0.2675068144806012,2.3228631718777595,1.7392930760682146,0.04416395267009825,0.017458864061221626,2.2160003562792108,0.6290180525828097,-0.27857254644278373,nan,nan,nan,nan,nan,nan,nan
869,1548340579.17846,254072,2980,0.03735983547345925,2.134555323811962,2.5994149730448646,0.044732129547299666,0.01850696078031084,2.0231106569348842,-0.5933830472904504,0.3335359941577347,2.632386816215499,2.8055647720310004,0.08650679462900392,0.03554625512517103,1.2953409675948675,-2.169561459776468,0.7379398350192019,2.3259996266994865,2.6717467961816244,0.04516888633808728,0.01888451309959938,2.1473909008915086,-0.7663102272297972,0.46016868409043393,2.168693566274867,2.606345257475038,0.045008109107779415,0.018604188428015513,2.0645819326011106,-0.5982239563324698,0.2549551786138092,nan,nan,nan,nan,nan,nan,nan
873,1548340579.31193,254372,705,0.026712233463688825,5.9944645554703175,2.4189393920386233,0.03142230788111342,0.013125915913181406,2.991110853988564,1.847949492648472,4.855094627148065,4.337775516274389,2.6801161285567017,0.06575243854017025,0.026973588446248527,3.2110730326968473,-0.7550646723879458,2.816945819285188,5.896067959715821,2.380466112394077,0.03160177956991032,0.013245703065559415,2.9367681646252484,1.800062430073623,4.785267534910517,5.980912469972562,2.422423622791702,0.03144936226078936,0.01313303173161846,2.992427311643941,1.8453651395677642,4.831630949767388,nan,nan,nan,nan,nan,nan,nan
882,1548340579.61225,257588,3391,0.049861656723514454,3.1615485789262268,0.9155938476714899,0.057479227768914676,0.024231855170903434,-1.0487026381744193,2.7493718453336324,1.1560997576693777,1.3725396773711018,1.8420507219655138,0.1021396349950751,0.04224744740511288,1.0324149922912946,0.6217459098734289,0.6568230151310139,3.293234905471778,0.7811393220028651,0.05831487344833464,0.024886551565346627,-0.9864450854468533,2.8413717024487286,1.341241620491653,3.155169245601499,0.9043431799924002,0.0578521591279654,0.024364680813246366,-1.059872385431433,2.752694568817584,1.1549976647714864,nan,nan,nan,nan,nan,nan,nan
886,1548340579.74572,259029,1752,0.04553065832298217,2.0156618958095787,1.0806496092112747,0.053293102819473706,0.02207070749200949,0.7293590910834301,1.1309979059790054,-1.5005905274736753,2.676019876127915,1.1515841680531116,0.09612798175119361,0.038743164892377634,1.6879434522561356,1.8955962103855717,0.8477288992296761,1.9776778188630595,1.130086526086259,0.053589822691826446,0.022378103306891547,0.7121478433075198,1.1145061100982983,-1.4703506843773553,2.015434171796108,1.084083393749276,0.053484197297579,0.022130183925491757,0.7537675086377229,1.1289851703239464,-1.51604857626642,nan,nan,nan,nan,nan,nan,nan
891,1548340579.91254,258376,2103,0.037572189420189625,7.324456942666513,3.626912771186763,0.03887205232740665,0.017460576634375703,7.063354928644108,-1.63686704604043,1.0379561313280847,7.9336190540801494,3.685499278387013,0.07591399753748544,0.03290490808612516,7.664310578523478,-1.7576880588363226,1.0541287108417543,7.357394013729555,3.6533698931541965,0.03931116930788415,0.01778676316784553,7.058333696189151,-1.7800634289155364,1.0688995722432255,7.212109401228558,3.5921440842479133,0.03910306660846587,0.017574438283908957,6.941044108036314,-1.640320812269209,1.0973771570690976,nan,nan,nan,nan,nan,nan,nan
895,1548340580.04602,259225,974,0.031341227593276344,10.517937655789787,5.041559686704129,0.0333579090612805,0.015154539425011004,9.425175828467355,2.442066004265815,3.978616187113891,8.347272698210285,4.484856298988629,0.06793708023749538,0.03032330317179357,7.731948287732554,-0.2859887846575255,3.1324347701375252,10.470628275426835,5.023332453259322,0.03350177141000577,0.015240984484434688,9.396888358845601,2.4060593543344506,3.942514938079452,10.525280143348256,5.044821115837798,0.03340847394190567,0.015172966298492045,9.43671897599831,2.451265748872147,3.993737509544986,nan,nan,nan,nan,nan,nan,nan
900,1548340580.21285,254098,2903,0.04424587765713949,4.135517652122601,2.8474451827521423,0.04331997246149857,0.020347346778251917,3.528658356207475,1.6263083883291212,1.416403008410787,3.445171608980331,2.45226295071493,0.08038735347973064,0.03708873060051651,3.3118424413797767,0.6264025624191691,0.7131107127189018,3.893382037963629,2.7102731546552454,0.04399627797719463,0.020811459778260606,3.2882494758248404,1.6570850929110281,1.2648747262585063,4.1764728402054025,2.8551312065382968,0.043665012042330295,0.020446089417013945,3.5450683408144954,1.6693844525979302,1.409111955160105,nan,nan,nan,nan,nan,nan,nan
904,1548340580.34633,252973,3602,0.046489921696042734,7.197216415459276,4.364236428768008,0.04916544565559111,0.02393235468881819,5.2297587162026495,2.7739008459364727,4.093289874681709,6.309799582988803,4.674055017235428,0.09254475199359559,0.04389168393031728,5.885853913578027,0.39283707898940146,2.2396369158582314,7.579963194765797,4.573381374032147,0.04969853355263035,0.024328225706387485,5.563074034247878,2.863922761225129,4.278550658951905,7.213558135384377,4.3847795229968884,0.04957381395010313,0.024087309240437282,5.298403184960344,2.7195752537683493,3.997349569315253,nan,nan,nan,nan,nan,nan,nan
908,1548340580.47980,252530,4175,0.03901923688146231,11.661533459058106,7.909874989418929,0.046322495224667165,0.02373811022509355,0.892688346063697,4.817417621189689,10.58238903067662,8.079301277549824,6.46359224923976,0.08790360954005087,0.043938690822536444,-0.7158398245119151,3.95539306803672,7.008391267358583,11.532150031240777,7.644748898890514,0.04738361046627219,0.02463688750949599,0.041891836218562656,4.924310615801884,10.42784226847557,11.641092835045631,7.898580957033527,0.0467181246535964,0.023925129451191986,1.0916649896456372,4.862794391864633,10.534547210426776,nan,nan,nan,nan,nan,nan,nan
913,1548340580.64660,247880,6423,0.03144162052573964,7.075982560533196,4.194421521143803,0.02607559851624181,0.013808421986642002,-3.8770814784243335,4.258980729092594,4.1108212751038975,4.9588732082841895,3.9111080563988914,0.05271888598201207,0.02697291526875398,-3.0089745063983244,2.8233806628870144,2.750457697933087,7.04572751881192,3.931222148369579,0.026915825647721554,0.01453342270925133,-3.046334936011961,4.326956421214236,4.651834891297139,7.082830117651515,4.208974684259724,0.02651408452359369,0.014026000750734244,-3.9951887212556247,4.227587855243815,4.086822292752233,nan,nan,nan,nan,nan,nan,nan
917,1548340580.78013,246049,10627,0.034974328748726684,10.113833229175349,5.600712456229093,0.03224923304228266,0.018314430715780764,3.1136579211850286,4.527698054732535,8.49086021923482,7.758206989587833,5.016492699271229,0.06064036722075943,0.03411383919361955,1.1857357158622057,3.406906503824625,6.8685365675386585,10.386297457784892,5.368223207937558,0.03358907446277749,0.01940952672647636,3.257797019014862,4.551318930803467,8.749138783594463,10.252051654772348,5.654506397779453,0.032969984142726984,0.018561762531639353,3.12075804190053,4.46631591421021,8.563993455212028,nan,nan,nan,nan,nan,nan,nan
922,1548340580.94695,244927,3889,0.06018789052996101,3.015941484845939,2.796563434843683,0.043967683035913585,0.025952243167382313,2.4107113210121978,-1.0554110216027364,1.4732554232847146,3.39495856885103,2.8606127180485714,0.07373873526431278,0.04300395586296146,3.1010681667835356,-0.9642233099085177,0.9896430254419507,2.697752375990958,2.6306772961904716,0.04489852337242493,0.02673393657223055,2.100395250196648,-1.0535259829997556,1.3252511755364027,3.0332027875688956,2.7964169358716235,0.04440374705874246,0.026232787808985435,2.3987703915679566,-1.0291510295651627,1.445767922961898,nan,nan,nan,nan,nan,nan,nan
926,1548340581.08043,248520,2689,0.02587288871566949,13.590230412041103,4.287082069880892,0.01945763930261976,0.011540630794605586,-1.027429924472836,3.844589931773885,12.99453264489214,10.548320514340608,3.2801220444669963,0.037633635330328694,0.02145630128985671,-1.4548144183603642,2.504060235969857,10.14299083190083,13.587466199422755,4.293571585537366,0.019515150482657083,0.011610748966610488,-1.0461851407024405,3.854282798738796,12.987272172368435,13.589725393065693,4.282233233829272,0.019592883879298268,0.01162683182403225,-1.0283014845868903,3.8433886725352107,12.992716967799291,nan,nan,nan,nan,nan,nan,nan
939,1548340581.54757,249405,180050,0.072455856479679,1.4512531616148272,1.5443270401454874,0.03764824668343914,0.027076304704605186,-0.017559777016727566,-0.4250707685669144,1.3874949495540831,1.5278386570142737,1.1946861864235838,0.05957484563592278,0.04135357984426192,-0.28119710437765155,0.46440910286193005,1.4281258122223617,11.827075161370578,2.433219472999226,0.18131521025445774,0.0783633098483704,-0.7222495171538685,10.016512537615952,6.247202501237041,5.784564798082364,2.231321848484897,0.12375454723034204,0.05858921790541827,-3.0017756078432285,1.2446222171797752,-1.3711507798711322,nan,nan,nan,nan,nan,nan,nan
943,1548340581.68100,252994,116652,0.07701415643565422,4.16000506152175,1.668435928097048,0.04119048387035267,0.03338274132821824,-0.4103299540743837,0.34588335372513646,4.1252437681053165,4.738801754205092,1.3998410771029184,0.06640110405455427,0.05374643412574229,-0.6393775306226288,0.40474420298791663,4.6779932202964805,12.714183617652946,4.999956620645648,0.09674731737528044,0.05730658174886818,-2.8832728990568004,11.09166950635598,5.505639836997339,4.24695971942174,1.1010343383328285,0.07297626542358443,0.04813041800971688,-0.9980001903657247,2.2372176733016893,3.169789182138069,nan,nan,nan,nan,nan,nan,nan
948,1548340581.84782,254611,125511,0.05371327006281886,3.6020542566909906,2.7792381980646983,0.02494416487593562,0.02257882786177477,1.8809317404782226,-0.4114406040774641,3.0442745088318857,2.785472518022196,1.9145381271320785,0.043708501109025945,0.03902507163917591,0.9341405691206237,-0.29947929039757243,2.607019505182667,6.177161565621307,2.375032945039149,0.06825615627245085,0.043926970464187094,1.5582353633441846,5.043655695351703,3.2079221915375427,3.436050936967468,2.4008238105452366,0.051136196745610374,0.03589742450339703,2.241828079388601,1.311142247045284,1.9008960275507438,nan,nan,nan,nan,nan,nan,nan
952,1548340581.98137,255983,129726,0.05478660087573636,3.597337380878777,2.1034399226787293,0.025326758484755966,0.022752434532600493,1.8900428771692224,-0.18453673107768476,3.055244728203099,4.268352530694725,1.4022328005784455,0.04311921805593109,0.03809032161809997,2.1469307397098407,0.5336454672172499,3.6503074172589214,3.6452190864737752,1.5497164994914512,0.051515866048681136,0.03326220091737539,2.304427520671417,0.48637230577352913,2.782207391720004,3.4258146028078205,2.0774624646143334,0.044318323707866855,0.03134893607171432,2.144722536886407,0.39876316046678545,2.695530792782143,nan,nan,nan,nan,nan,nan,nan
957,1548340582.14821,241325,62725,0.04188052154905854,3.2269154277741703,2.067299428262589,0.016957879990157583,0.017472227541096914,0.30248158753529963,0.5406869229597505,3.1668826499492204,3.019172312370109,1.3387266779528706,0.032010127719679385,0.031962134106122184,-0.6184834399669742,0.45997566128845624,2.919126937509079,3.22015333442199,2.4761908637263037,0.021019066842854373,0.02237656350186013,0.04076328798225483,0.6608130866646669,3.151357154629518,3.43329100703731,2.3808211665279337,0.0193797292139117,0.01964290843570192,-0.0036523094243049673,0.5811065399465845,3.3830036296524186,nan,nan,nan,nan,nan,nan,nan
961,1548340582.28163,222831,21438,0.043507718983968734,4.541468449337,2.7254870749891738,0.015759490602310095,0.01802155795636825,0.35721939151254906,0.5628048447892304,4.492280121423038,3.2348170372025704,1.3083480545972663,0.03061267147639472,0.03345563046155982,-0.7978636508116653,0.0802820421065957,3.133849015604404,4.158089323855655,2.6782081729672105,0.01705089854166394,0.019626973804139036,0.29236208570633154,0.6609878015354904,4.09479259086771,4.172751322161901,2.704161920525648,0.016402391885515538,0.018874363828061364,0.38539390347867397,0.5958971784505087,4.127209181152175,nan,nan,nan,nan,nan,nan,nan
965,1548340582.41511,206300,6301,0.039737011392194606,3.3176177586220756,2.914038863396373,0.013927616025096037,0.017757796766086763,0.1315248704732314,-0.3575133015631391,3.295674899011883,2.4602734662959875,2.5930042159607263,0.026615824076430997,0.03222505930462943,-0.14180043066828377,-0.4985724730315259,2.4050496161114,2.7148926647499922,2.7884660436127735,0.014114061550918157,0.017973521621066427,0.04559664381977017,-0.42305265916797385,2.681341003072267,3.3460158633642223,2.881232722548136,0.014122956176905658,0.017957411944421985,0.14184366972244855,-0.32533270442309403,3.320489678935995,nan,nan,nan,nan,nan,nan,nan
970,1548340582.58197,201775,8011,0.03520643477518553,3.8023127444704037,3.3698809707127984,0.013163248820648977,0.01834727018280929,-0.8575496324874723,-0.35025631480789443,3.687751530203716,3.076655191601086,2.1777835942712596,0.02463390665798466,0.034588265508438264,-0.26062621480031145,0.11313558257649994,3.0635080355892415,3.6551930135331494,3.553789043393437,0.013622386647982924,0.018907727130552852,-0.6142180399709929,-0.36148835539282503,3.5850381217598133,3.798659108332015,3.3545249938351214,0.013309793418443083,0.018564123537436854,-0.8844620061141897,-0.3446255024903124,3.6713473303230053,nan,nan,nan,nan,nan,nan,nan
974,1548340582.71545,191792,4889,0.032737416673731444,0.7978622047626369,2.789763230049318,0.010451602587391693,0.015408324028612874,-0.18158802412473185,-0.618332105371835,0.4703990803026785,0.8351068169213851,2.341991793074978,0.020661674431406415,0.029708869706718967,-0.33032277329132037,-0.4978967594630592,0.5834287257496696,1.0720120143916574,2.606111487791883,0.010921929560265192,0.01580548515527395,-0.28155524194474224,-0.3775136401134866,0.9630264047583335,0.8260225933964414,2.820930914117451,0.010535594365442266,0.015524522878785243,-0.16117033411924422,-0.6410064297894342,0.48843707772379463,nan,nan,nan,nan,nan,nan,nan
979,1548340582.88230,184388,2093,0.02602768045668285,1.3134576731340453,1.9301742932785864,0.008229179651177934,0.013303870045418924,-0.1827274982853695,-0.44160376984279825,1.2234246323111613,1.0378231050505804,1.5523720095957632,0.01791017776815622,0.027788840280932755,-0.09054922838886195,-0.1905546199989966,1.016152828767429,1.3500996722301828,1.9616015662081023,0.008407894352612685,0.013669598242915595,-0.1945601389179836,-0.4696771258831248,1.250727338280582,1.316284077307761,1.920156064556477,0.008313047405287328,0.01336709525588539,-0.18584121486500754,-0.43092868774461,1.2210416235883343,nan,nan,nan,nan,nan,nan,nan
996,1548340583.44952,120327,12109,0.04118363940400493,1.3910255362086184,2.720755613509609,0.01931882837810122,0.03383761703035357,-0.4684649791205411,-0.9290698518222186,0.9232127686276362,0.8360829378160762,2.3012480269356246,0.03925331734652999,0.06695918468668986,-0.2652921128076411,-0.7262478688374963,0.3181490323703867,1.2308959853672665,2.2686754520688828,0.021856342747548677,0.04098872913669356,-0.5004454692574709,-0.6512212122992165,0.9168261513201196,1.4308637539349074,2.812856982967973,0.020313027118427838,0.03565001697704526,-0.47836900085390155,-0.9492251926849409,0.953254969172539,nan,nan,nan,nan,nan,nan,nan
1031,1548340584.61743,122802,5489,0.034735982234106455,1.281934553404663,1.9334993324168508,0.01621359724457068,0.028766178218188637,-0.9555055965987771,-0.45711953521266824,-0.7220851643734149,1.4045561355911051,1.9434577781737135,0.03643506585479584,0.06401516176505298,-0.9078189764495,-0.7645867178605686,-0.751032485912563,1.3674208863626678,2.105562463529007,0.01974656209993131,0.035718321725951324,-1.0294186006979884,-0.42700862469782563,-0.7923388539201719,1.287963627914358,1.9345494474319045,0.016446538267900455,0.029052482908647106,-0.9565402745480384,-0.46794855620685194,-0.7300343739855193,nan,nan,nan,nan,nan,nan,nan
1036,1548340584.78431,159682,6216,0.03923943750472447,3.274956149249454,4.456394486160544,0.015229435324634761,0.023892357989357994,-0.3619773066782619,1.6560710611821916,-2.8020954390012585,2.355690285802028,3.3575322450915266,0.03046978291321066,0.04707751739776457,-0.2872920820965722,1.0602961337137096,-2.083869499517284,3.5283854975109166,5.1022467383269,0.016918554423370417,0.026675265318503484,-0.519899937287825,1.9263228691804872,-2.9100667480189752,3.295647763076964,4.469575371663293,0.015867474369963268,0.02451043284197786,-0.3409819298141915,1.6691921679273678,-2.81587269905732,nan,nan,nan,nan,nan,nan,nan
1040,1548340584.91775,192383,8345,0.04887699201650255,3.961644859856661,4.934495934397828,0.017298974636754505,0.023960747414411784,0.09085913232272026,2.005674636280591,-3.4152077341038845,2.4594170157076674,3.1273759292414316,0.03253858990427455,0.04473964741918734,0.04164644593251394,0.9925729443087503,-2.2498436792185936,4.3072695801436005,6.092735187408022,0.0198604867967847,0.02830137507462168,-0.16576730740414733,2.550696186255101,-3.4668489152615365,4.225631500241083,5.789508873732191,0.018194570784106363,0.0257238342434886,-0.12464856082635534,2.441307928740793,-3.4460181973268,nan,nan,nan,nan,nan,nan,nan
1044,1548340585.05122,219868,38459,0.06041418497604084,4.97400787038103,4.755893168316835,0.019394487030444923,0.024644380886989024,0.1997435147780334,1.9924139186769827,-4.5531465603007755,4.27642329426866,3.945693740798866,0.03447468403179647,0.04389059104382732,0.4683671763214768,1.5763216248498024,-3.9476117482522453,5.392030518379829,5.283734792919509,0.02319773490662856,0.03182127262748375,-0.1251410664297826,2.1200664944735097,-4.956173007840128,5.333352063421376,5.349005640843913,0.021560802199956534,0.028502215664905926,0.1716383822292603,2.2304919216660837,-4.886493368015861,nan,nan,nan,nan,nan,nan,nan
1049,1548340585.21805,228267,41110,0.06744287318877905,5.421778533323686,3.6750411064867112,0.02299405525020712,0.0246690042553221,0.2803488109737587,1.28946682284601,-5.258741514980039,4.638371920192283,2.383897990453787,0.03787102764733146,0.0392842526940237,0.7661439416887766,0.6459474740261532,-4.5288264916467105,5.218398833962694,3.8585594031447323,0.02529651406227167,0.027957752765722602,-0.02384047287381281,1.302747979861356,-5.053114457750143,5.510808686601058,3.8084474451274453,0.024634525832879475,0.026454429111520364,0.18291336933982627,1.3190757055842903,-5.352483285226308,nan,nan,nan,nan,nan,nan,nan
1053,1548340585.35150,229563,47488,0.084680351158772,6.3599740131488405,4.9841599716549725,0.0371523741938824,0.03436917381642904,-1.6229007028374989,0.9458400365397192,-6.07625290635081,4.31279369055319,3.4648608892186696,0.05965457429619509,0.05317478934865925,-0.35422659858970895,0.6217971411876023,-4.2530084939179105,7.108640832441245,5.867329744956404,0.044058552295423235,0.04055420822492969,-2.549381999350338,0.5225071796373075,-6.615165315641545,7.2202049457205195,5.763431133335894,0.04405861652157955,0.039934706114778076,-2.6265420609922856,0.5385673728428864,-6.639693118292883,nan,nan,nan,nan,nan,nan,nan
1058,1548340585.51834,246181,77948,0.03368066237856356,5.38741072030138,1.4967659940476652,0.013122839048717255,0.010962289052124466,1.8522977444133257,-0.8744587805223424,-4.982821407237764,4.7061256206303215,1.5739792370297556,0.027674442630590323,0.021048149126413618,1.8794662563745648,-0.8201128924524025,-4.235875327713962,5.419796564166484,2.279064000382702,0.016619383332028306,0.015498146854398558,2.381073608383345,-0.2079928272856225,-4.864300797875155,5.468268805098836,1.6841156851247439,0.016474608805030842,0.015129330352258491,2.069846427725226,-0.7589733425861218,-4.931835602824224,nan,nan,nan,nan,nan,nan,nan
1062,1548340585.65179,248674,50153,0.0597968382631678,5.00352415160181,2.5231160658923595,0.027766040408001284,0.02220425295379041,-0.44309722889802655,0.521275988115874,-4.956530048897043,4.181122343849013,1.8987101515622358,0.04599353819682216,0.03621578806232202,-0.07246819496637542,0.40277175480948757,-4.161046422293251,4.472289584531508,2.762415943868044,0.03225771895553301,0.02551847645122521,-0.7419032066254598,0.7484622438174717,-4.346349966292128,5.29883150749381,3.1115303539300667,0.03137021738461167,0.026186104888743643,-0.30129800801758577,1.2449329614236713,-5.127764843535944,nan,nan,nan,nan,nan,nan,nan
1066,1548340585.78525,249644,74278,0.05304259412849587,4.55730006218322,2.2235737956983566,0.028671187641362377,0.021473975267471773,1.1157804955342965,0.8025908406913874,-4.345096740579974,4.012540485025467,1.5846851140926694,0.04876974526402622,0.03525354772660283,1.0194106302658517,0.24682289779236644,-3.8730300241535396,4.208966676187483,2.628341365933166,0.03397109354063128,0.02674886781812868,1.1074364565468107,1.5095966605285285,-3.769629013376365,4.285412546736936,2.652495266706574,0.03413901494208458,0.02658635169156808,1.1598798814990752,1.4466837431699362,-3.8859161711117736,nan,nan,nan,nan,nan,nan,nan
1071,1548340585.95211,250126,88128,0.03983477069412809,6.984883739269075,1.8652436461460609,0.02254094935400456,0.015703771756748763,-0.31857313586400227,-3.198538284744206,-6.201327668268861,4.726163805369681,1.2026043191199236,0.043121881902676365,0.029325006406923985,0.17368412550456727,-0.9273069528513574,-4.631043074181848,3.5997161172374175,1.1737711748795978,0.041356054817262594,0.02285007713949712,0.8476244456250414,-1.0550349781055512,-3.335624397148379,6.216278802337499,2.12099300768063,0.03240264325220869,0.019566029910975183,0.11825319362559424,-4.082416504747786,-4.483228967366301,nan,nan,nan,nan,nan,nan,nan
1075,1548340586.08561,249528,101279,0.058847344023531915,3.990665419870991,1.7797647955037679,0.036969332460392475,0.024272599898511982,-0.22535483035044565,-0.5641778763873946,-3.944151241723223,2.4026740104251414,2.0760734140140293,0.06441107103708425,0.04071397054594142,-0.5435194219887632,0.3298161023487054,-2.3170348242797174,4.81191541604555,3.360089447239051,0.0886487144936431,0.04264248897438594,-4.744676614131144,0.08574370172814895,-0.797008040177634,3.676189110986739,3.2201026447714787,0.07051909861345287,0.03839162542597009,-2.2559407290313986,-0.6283161394026763,-0.5622504587118003,nan,nan,nan,nan,nan,nan,nan
1079,1548340586.21909,247297,156452,0.05111801498510203,6.82566990757919,2.5010713759263763,0.046329140981567866,0.026549935736888786,-0.2598066506534216,-2.4586534952802195,-6.362176764414419,4.426308399830245,2.5296094718984166,0.08146783879264981,0.04631207169024988,-0.232434975712634,-0.34119686605277527,-4.40701313034906,8.773637161212555,6.161293593685381,0.17359702909499058,0.07256582932511148,-6.39432207379424,-2.228503413107988,5.578810517571259,5.96992200174047,5.736572968772735,0.14687680082017665,0.06038283250262274,-1.5091951999215274,3.8792771730075897,3.4468555789884094,nan,nan,nan,nan,nan,nan,nan
1088,1548340586.55277,243806,7389,0.03251313886408108,7.3204707508400055,1.4890021165718168,0.025270523750205696,0.013472006416703312,0.7266137199390427,-3.4756538528672594,-6.40165250626347,5.620886280822733,1.2906052934260301,0.052528086899077946,0.027072742062069888,1.4861824277571067,-1.8362736268949025,-5.100365039929735,7.706654369927091,1.7118827920846615,0.025935882345321036,0.014155172498643006,0.4344637876698303,-3.6297886854713948,-6.784423106907746,7.171018495222665,1.5108954338334089,0.0258610387255655,0.013790544760104143,0.6719331732197791,-3.414853569743387,-6.256362252936192,nan,nan,nan,nan,nan,nan,nan
1093,1548340586.71962,243445,5220,0.037632493384154836,8.53480300136448,4.197516624523422,0.03612542748246438,0.017795477026223753,-7.244465110300837,-3.2255723052328187,-3.1553558977473632,7.076147424122281,3.9375234570688575,0.07289544772866285,0.034880516045202425,-7.031606857886169,-0.5494532163121912,-0.5713742443659675,7.957175441594586,3.8132825524654215,0.03704248611271638,0.018493852070139337,-6.661768208754148,-3.1973235101494506,-2.952051441386844,8.562608732857742,4.199996861817277,0.03652192860663985,0.017968717467805546,-7.233945177812124,-3.233587927383387,-3.1799167647814888,nan,nan,nan,nan,nan,nan,nan
1097,1548340586.85310,246926,5204,0.03061644384390566,9.416438792662515,4.650647829563611,0.031289454770242524,0.015098392659167188,-7.196960469859044,-3.2616045291473967,-5.12201282961015,6.834407471516637,3.7681334271337685,0.06359317623307806,0.03052567469998298,-6.137273726074661,-1.2487515231042545,-2.7356199172218503,8.945197233498275,4.311287928449847,0.03205728005959237,0.015672532244350546,-6.679641944163393,-3.2535081772620775,-4.981327291440209,9.380599133091097,4.657716301553483,0.03171070480247226,0.015269909879129911,-7.220911841537465,-3.2387277302139763,-5.012868180222096,nan,nan,nan,nan,nan,nan,nan
1101,1548340586.98656,246423,115699,0.032164125988327845,6.7303111111772225,3.0735188425974425,0.03230293348553799,0.014665660518367393,-4.8100313233442735,-2.6470149637636102,-3.892813648672905,5.239850364501812,2.9689015658228377,0.06686302286595365,0.030219279331425267,-4.902858683444245,-0.9414206800359125,-1.5911428835104222,7.855322482432238,3.374359427631065,0.11785309077262267,0.03822149323331455,-5.406716389649843,-4.906926402389285,-2.8975131520723236,4.290813280226743,1.875163572063194,0.0939367861128515,0.03103934293102354,0.2838872717891591,-3.045848472349854,-2.5145897367294,nan,nan,nan,nan,nan,nan,nan
1106,1548340587.15340,246044,4552,0.04145376169026541,1.8166871295644609,1.090755226026519,0.044212464214312186,0.01940813702558587,-1.3508564179674878,-0.9661483633738911,-0.7362719638225809,1.6664255296339374,1.896260092346504,0.08501793747119162,0.036886284395179436,-0.6128258905674188,0.39686708751456756,-1.4979702895964604,2.1194462136543297,1.2733113231039406,0.04474322854894823,0.02001652066532878,-1.5335889945679921,-1.1225359921655822,-0.9381204584734523,1.8585313838954431,1.0878027833058828,0.04458224217588988,0.019579839933954506,-1.3967261692003305,-0.9817813502875017,-0.7354314208435595,nan,nan,nan,nan,nan,nan,nan
1110,1548340587.28686,245028,1535,0.026532891274288373,7.439625509705116,2.9148728650990696,0.0330355463160842,0.013410626222672212,-6.147441369202061,2.7165232980492555,3.1902184107101195,6.9739847289890236,2.3939058925303276,0.0710296465629179,0.029163885286967214,-5.1860243989101065,1.6877588900990261,4.346617519747151,7.506777647210782,2.92408655772059,0.03339633367865515,0.01364111537907108,-6.257670613005922,2.7065475739707248,3.1413165032544432,7.447639740404858,2.9187847995790834,0.03313084034580288,0.013466918140048368,-6.146071592171914,2.7284698191827896,3.1874051769218976,nan,nan,nan,nan,nan,nan,nan
1119,1548340587.58716,240222,3872,0.03632188298564517,4.954317154060466,1.3034717342425461,0.03982293980788033,0.01867381229870258,-1.5349809597785136,2.1897559283549333,-4.170618765887102,3.3769184832553334,2.071936227706395,0.07889898337575171,0.03661209026352876,-0.6263034866476113,-0.3076936334561292,-3.304034959423873,4.8564476322235,1.2737377195222517,0.04053420186759528,0.01928867133631801,-1.302056849088607,2.273201342953525,-4.089289329536977,4.932486024601093,1.3060194212157175,0.04034317479809428,0.01890569449368998,-1.471972525240699,2.1266327487331074,-4.219555451108009,nan,nan,nan,nan,nan,nan,nan
1123,1548340587.72065,239389,2590,0.031697919267895315,4.621629241691189,2.746996413224035,0.03290616799691817,0.01524247749395234,-1.9026769595940434,-1.5586708129190465,-3.9127768313614975,4.197495856972269,2.7650242552138016,0.06862499781013137,0.030845682881631538,-1.3531227879730554,-1.870144360881465,-3.505793813023043,4.478221258904118,2.680239330770834,0.03330081309672429,0.015617860107964563,-1.6728948617057349,-1.5278038480173008,-3.8628621289612264,4.611058368342985,2.7494907992795445,0.03309639222138012,0.0153421364828818,-1.9298898840545289,-1.5453474891657772,-3.922019788411296,nan,nan,nan,nan,nan,nan,nan
1128,1548340587.88747,239908,534,0.021895513016604036,4.433505318918548,2.1277942589096455,0.02582151795831123,0.011333010150146887,-0.11696279407599566,-1.457104064186417,-4.185586800415494,3.6018004960433028,1.319700820263792,0.05501805475526378,0.022714007809087867,-1.4440845514193956,-1.3099620362650617,-3.0284626603598594,4.508220785734987,2.1590745578748436,0.025857247110358302,0.011371054768884602,-0.06787326033506563,-1.4936397299553963,-4.253056339923472,4.4336157885454766,2.1281065052849195,0.02585454236118194,0.0113393565239998,-0.11643674058421136,-1.456714012051703,-4.185904974155992,nan,nan,nan,nan,nan,nan,nan
1132,1548340588.02095,237070,82864,0.045628709178864024,7.470041731735837,4.0909926917567,0.05064465439216872,0.023782917143989023,-7.345653583226911,1.1898478302426465,-0.6535740585178164,7.544812207496026,4.128348897560845,0.09527859964504926,0.043992162763994876,-6.908765228958852,2.932460852191703,0.7706021073636649,11.139010378956407,5.180141148941756,0.09739133509656081,0.03606054333062961,-9.785840300683164,4.605532295303051,2.6653243909408832,8.069666557912848,4.477155136111879,0.07960465762313129,0.033555800526351875,-7.079742764475074,3.185908191370014,1.2102919128241685,nan,nan,nan,nan,nan,nan,nan
1136,1548340588.15443,236211,77299,0.03782834318417661,4.679203339559268,2.579132519541206,0.04151231242025269,0.018364773189252115,-4.286662545008314,-0.2886842494679491,-1.8536799945714946,4.4146296349603675,2.6104427008865034,0.07846657543945486,0.03504676908981779,-3.9880641764070983,1.1109899533206238,-1.5329710572445012,6.184838646620582,3.1924091149946423,0.07723463983271783,0.027392819538327978,-5.872869615839673,1.9048866439530472,-0.3647443402823276,4.299162645980398,2.700929594406732,0.06242878274070928,0.027355288053551446,-4.116836650848622,1.2076844587792364,-0.07132418668067494,nan,nan,nan,nan,nan,nan,nan
1141,1548340588.32127,240636,1638,0.031091427912014562,10.292953464081513,5.009356692183087,0.036171740317701366,0.015202017062370834,-9.890636476024822,2.787136388488918,0.5933564399548408,10.967392132696961,5.503400791596006,0.07351343081552317,0.030120722004099952,-9.673460178065078,4.995041950298368,1.3256750320088977,10.206792926204265,4.959326957207743,0.03638441375880103,0.015342911504308162,-9.786310679898559,2.820881169192543,0.6703540439288409,10.303689524367051,5.014185106642426,0.03622665593458142,0.015223412433284265,-9.899624353357007,2.7882475809571963,0.5934680379376348,nan,nan,nan,nan,nan,nan,nan
1145,1548340588.45471,244526,1486,0.018253003974198156,7.846825187670842,3.907318244356463,0.021743911510490457,0.009112761504104368,-2.038285899927966,-6.0765563657968595,-4.526976789129148,7.0726779131133,3.302269403937999,0.04360151937955586,0.017470654243404327,-0.6001511169685763,-5.38828444936105,-4.541913934919504,7.773218013536088,3.8652197334959295,0.021851763198983805,0.009184582734535762,-2.019744991079388,-5.988670867406835,-4.525413759960994,7.831109987572932,3.906399268044702,0.021824305385524937,0.009136214201436123,-2.0502705922342006,-6.07021532216573,-4.511350860362692,nan,nan,nan,nan,nan,nan,nan
1150,1548340588.62153,244093,2336,0.027768665069378022,5.861466351662418,2.620880932715839,0.03300447623133527,0.013298599949725116,-5.589536123055983,1.5353995789686654,0.8697251598211211,5.249147476018139,2.620818726923905,0.0707703423668602,0.027902122543437834,-4.757206033703799,2.198614472550488,0.2977152649282561,5.959082858649133,2.7034357054198837,0.033126358015368826,0.013452205178572514,-5.701174088470156,1.5441017305425118,0.7893239987090436,5.884798566840616,2.6278221821860512,0.033114438339601794,0.013347315681190172,-5.6100841995822215,1.5474435764399472,0.8876787290650999,nan,nan,nan,nan,nan,nan,nan
1154,1548340588.75501,246584,4716,0.02798568009800838,10.837651301057758,5.5791676255685765,0.03579880814111073,0.01401244835927488,7.880398931305201,-3.3548914005144974,-6.640685363541672,8.417192201849382,4.886727595895734,0.07099731534973129,0.02783538522757486,6.245141627922805,-2.701040153035007,-4.954968486454011,11.142260089334536,5.6765823573951275,0.03639605070522648,0.014454511807229885,8.138957276377846,-3.5501071919173843,-6.730830058586376,10.820699756787029,5.56539650294636,0.036209663151158915,0.014192897395629595,7.867521660361176,-3.2981102007530207,-6.657231291442539,nan,nan,nan,nan,nan,nan,nan
1158,1548340588.88852,244270,1034,0.021349378706609363,2.7826447737682045,3.182371724667619,0.026844074289042376,0.010573357791322046,-0.5955692166316711,2.4521603411873083,-1.1727399141703947,2.19101405629823,2.6905885082783647,0.06005288748467563,0.0230349324290948,0.6680853852673085,1.6201083398735623,-1.3150868716403437,2.8251468742753643,3.212278214715844,0.02716767684653865,0.010773468760035437,-0.566576339939645,2.5045367320668364,-1.1780245625522536,2.7814495524464986,3.1830511507358485,0.0268603913626032,0.010589284835569698,-0.5784314899570226,2.4511348822074286,-1.1725721312538557,nan,nan,nan,nan,nan,nan,nan
1167,1548340589.18885,245066,2675,0.05497780623627385,3.5699071129585165,1.0472458378316625,0.07078031961033612,0.027805155423214982,-1.5760847497104598,2.823457752356818,1.512706176869161,2.299607357425482,1.4017189399629464,0.12481031688026377,0.048684597988352875,-0.2833665526087226,1.8860829790274485,1.2847522684980954,3.6512231704345015,1.1455335325376297,0.0714817369650308,0.028296623045320542,-1.4703705253272235,2.7948071962631005,1.8326194079193592,3.566725414092681,1.0518352285105106,0.07106206690755286,0.027903869546514616,-1.5635176447358132,2.829420004900265,1.506509406036029,nan,nan,nan,nan,nan,nan,nan
1172,1548340589.38904,242573,1455,0.02617453187650802,4.125883214544983,2.6912007475638027,0.033191175100432437,0.013066177971729445,2.2267087146526587,-3.460303455634918,0.3016298975151331,2.5548876295509286,2.4757198099020523,0.06641561404173174,0.026003578491534996,1.1879980975564395,-2.252794625681379,0.20255294205649108,4.322309195259831,2.7237936288945677,0.03348015025218459,0.013213140625722016,2.328651543946505,-3.637735445360518,0.1631551282398411,4.136327325112587,2.6914424722193995,0.03329312358423456,0.01309950115672526,2.2234923232487005,-3.458230720229766,0.3074632041128214,nan,nan,nan,nan,nan,nan,nan
1176,1548340589.52251,245048,57701,0.026297653919717803,3.0933541150663584,1.9067048855038373,0.03449727004342149,0.01391712724368514,-3.0874115759965006,0.1910177473003252,0.015545475775507411,1.824879563326904,1.957181213803288,0.07045887194445326,0.02822263344900523,-1.613076109713598,0.7525803455671891,-0.40223588649622843,5.949784540958922,2.4230305564647416,0.05405332334309892,0.017920192371168483,-5.479135529926036,1.5127881119456303,1.7579766940696042,3.947910466899507,1.8725919425814568,0.04664995593001739,0.01828835677731852,-3.9021721369976556,0.2789487557958944,0.6676903899874955,nan,nan,nan,nan,nan,nan,nan
1180,1548340589.65598,255059,4983,0.03452460564798587,1.0446598725763119,3.2963629356517363,0.05341775890966988,0.019071239271583496,-0.6125339160488078,-0.6530800569224671,0.5381476473155069,1.688859464621936,3.303905211074905,0.10271103889497983,0.03586614818037452,-0.9108733840476968,0.2592392843678902,1.3983386438617127,1.1897735863300725,3.3377785890092277,0.05386149258233205,0.019413186394356456,-0.8393173904840268,-0.6498801281862098,0.5373670288996913,1.104438879032069,3.2757082258693684,0.053801074792117626,0.019316831733960333,-0.6818681656841491,-0.6742272429527408,0.4693427181882741,nan,nan,nan,nan,nan,nan,nan
1185,1548340589.82283,255958,1587,0.029805534039688247,8.229263287948736,1.4970997653543354,0.043096768439190344,0.015530355137222295,-0.3599646832801373,6.133898406092958,5.474165692861532,3.6988100942291173,1.6186927834305789,0.09327059430910307,0.032556790831457134,0.49359187597549864,1.5646675588860677,3.315023167839361,8.1695709073758,1.464160322284443,0.043569793143357224,0.01580502196552284,-0.4243958630959776,6.085368906139503,5.4341569942557415,8.247671384086523,1.493415753754776,0.04322593982031982,0.01556250303103733,-0.36909303075370825,6.144674983527832,5.483166709442479,nan,nan,nan,nan,nan,nan,nan
1189,1548340589.95631,254032,1727,0.01771665022541922,2.9114840398178403,3.339190455250626,0.025039884911353904,0.008718737561703004,1.7154543334085366,-0.9727603442759994,-2.1418900664385006,1.4972799341433103,3.253098405471117,0.058280059952302045,0.01985417708935123,0.3449223267294837,1.304389798278648,-0.649186447685334,2.941326659364696,3.328726073911737,0.025199319418610092,0.0088077300428292,1.799341957865333,-0.9760162828011135,-2.112146598004488,2.861121240845676,3.3394281837314406,0.025175537997920314,0.008744175438559907,1.6749510251856543,-0.9579204885446186,-2.104088448173359,nan,nan,nan,nan,nan,nan,nan
1193,1548340590.08979,255456,6164,0.03859387914448341,3.674088647212794,2.516809053733413,0.05349123169951022,0.019725810467302932,2.1750549943409547,-0.6275579387007055,-2.893826911331106,3.2965758602390776,2.6628996514110574,0.10484708712586831,0.038441379179885604,2.4484634518349955,-1.433627495400647,-1.6784371694438078,3.5257033105521054,2.5567548761104493,0.054020553387849696,0.020190136475820217,2.1737020261941846,-0.6172997844507183,-2.7063895343195647,3.615407337603571,2.458981006667109,0.05417181076452292,0.019963937143475066,2.113632570748071,-0.48560492555865253,-2.8723832440222,nan,nan,nan,nan,nan,nan,nan
1198,1548340590.25660,250576,1104,0.027610491392703496,4.924722672688471,1.5002294961645737,0.03709073100248996,0.01413329515805623,3.510398374772073,0.48261574374117394,-3.4200992232949354,6.128086138200696,1.974898745731923,0.07679937823191066,0.028144198490128676,4.502994074410667,-1.8571039206714817,-3.718554707256106,4.7866116901143965,1.5444926163129455,0.03728390641261519,0.014246937604707308,3.4410327216181322,0.2993247995533326,-3.313811996035,4.911243686108005,1.502969334345774,0.037163810448401585,0.014157439681300102,3.5081121942460722,0.4480118785387049,-3.4053996223351066,nan,nan,nan,nan,nan,nan,nan
1202,1548340590.39007,253434,2373,0.02297013133227537,3.1457434128535127,2.0340569417466394,0.03172438986910463,0.011479970023215458,-0.31130709143833163,-1.1752965177040595,-2.9012872332473707,2.085040776056143,1.8747157268976737,0.0644391448765312,0.023586544826219753,-0.1350393314932907,-0.7300637595512668,-1.9483753036200495,3.1542586396693597,2.052386984720668,0.03192198595441684,0.011597580540304006,-0.25454776154887887,-1.135931903729015,-2.9315885988845416,3.132031144268405,2.0358446304632345,0.03186346323927301,0.011528634906860496,-0.3442155647843793,-1.1821252593247484,-2.870076636283903,nan,nan,nan,nan,nan,nan,nan
1207,1548340590.55692,252466,1547,0.030783959545124275,3.761065355325869,3.0867861803682874,0.043418853484006203,0.01554765666476034,-3.65214270218733,-0.811122162584668,0.38671323646379524,2.7226322329796786,2.8498783410133317,0.09136035477182969,0.03159097033997846,-2.2885769332816173,-1.43944375312147,-0.32115973924325186,3.6780087714770064,3.074869845967373,0.0436214189675231,0.015626828808328493,-3.527290842336278,-0.8331469971056601,0.6259663871536969,3.790257731924519,3.093160941343183,0.04353167559511925,0.0155997281788719,-3.671513446798168,-0.8415186739006413,0.3756599038541164,nan,nan,nan,nan,nan,nan,nan
1211,1548340590.69040,253232,6683,0.04284044223362788,2.9604704738574377,1.8906137947099406,0.06336116521394505,0.022537608437576045,-2.3898561066706634,0.32813271899266355,1.71618825736488,1.0047186423660253,2.026567639419296,0.1203268457881353,0.04224420938898756,-0.7774320474498294,0.1340464971048898,-0.6221659734586132,3.238545100997675,2.0053753275998836,0.06393591120851798,0.022885880255334983,-2.7012091798131204,0.22874354199290917,1.7718125550085442,2.907378952748384,1.886677338423186,0.06382654262987358,0.02268371344610747,-2.3718237036521175,0.283224330488621,1.618159579946802,nan,nan,nan,nan,nan,nan,nan
1215,1548340590.82384,243752,6456,0.07619745898551356,1.891517930463348,1.831237529049985,0.12330211516192545,0.04199287802022195,-0.38316106934479466,-1.4577228138776075,-1.142835016134722,0.9937348072789529,1.444468706165734,0.19702467660282594,0.06549407783015554,0.7120027119667216,0.30644336405657047,-0.6218146588618377,2.097324666825639,1.738245966811887,0.1249822989418588,0.04267353024327618,0.058026134580131984,-1.4909552467976943,-1.4739254315695196,1.8641167653150816,1.8406356039493783,0.12448350356249027,0.042495909578272886,-0.3253873619042982,-1.4698037783924778,-1.104567241685583,nan,nan,nan,nan,nan,nan,nan
1220,1548340590.99067,252074,4715,0.032742038990749664,4.608238801432626,2.2964319336230714,0.05700105526527998,0.01881664654758316,0.4405134914612097,4.584620800679404,-0.15187109286363967,4.422121824984498,3.263187213310063,0.11209601094723622,0.036667172178027584,4.022973571920528,0.15165114312443603,-1.8297122739442593,4.673167175461838,2.2394586027260357,0.057966043703525406,0.01933996901460783,0.31304710897700816,4.661063057010713,-0.12240970527315094,4.563908895163058,2.337462609625141,0.057701097588472826,0.019060155502364548,0.6075297914001141,4.495479230010144,-0.24556761568245827,nan,nan,nan,nan,nan,nan,nan
1224,1548340591.12415,249400,5986,0.030804198203192933,7.510793031038409,3.568080600391922,0.05030602803054347,0.018256024406262464,5.54290362354901,-0.10680742122316772,-5.067230362822875,6.220624918896894,3.461253437191797,0.09988882662563418,0.036115632571434325,4.709797950898705,-1.886130194166823,-3.5995125411593674,7.339255848300992,3.3862318943723966,0.051532334172364115,0.01891828951662524,5.427614974597652,0.42182002490552584,-4.922168217455834,7.5807570549880605,3.5965516507956066,0.05089407220200552,0.018495423195077944,5.656662278325122,-0.13888722462314346,-5.087823872004069,nan,nan,nan,nan,nan,nan,nan
1229,1548340591.29099,243272,1987,0.015948220488595084,10.597851668707836,4.686746643120527,0.028505564984789285,0.00996637875837279,2.484156046440826,-3.645049784785296,-9.636235820863956,8.72832251163388,3.7497004430552687,0.04990341555104421,0.017167582409923304,2.1557858368734677,-3.0008785706867207,-7.907650036301794,10.587516567082313,4.676429361017605,0.028859127451468104,0.0101427043879909,2.5097860129384033,-3.673770829765485,-9.607283128848936,10.584976787978047,4.6883899304607315,0.02862356889740933,0.009994481453465596,2.476241799937964,-3.6401797727905314,-9.627034735287413,nan,nan,nan,nan,nan,nan,nan
1233,1548340591.42446,237917,5978,0.02866192578874957,4.623160954912021,1.8746708575895676,0.04445840529092319,0.016148923377526877,0.7410045409788101,3.210519167320128,3.243007271274902,2.9703809343140954,2.006034668572079,0.09399417403639787,0.033972620563045314,1.5422916381734324,0.8290506586274439,2.399411261786189,4.172309657920283,2.0405955427863365,0.04533009419401383,0.01653965183454714,1.2987866941537853,2.8897431760258967,2.7149043042574665,4.545575771646106,1.8756017059793528,0.04524691134618129,0.016302994186604948,0.8043790908673683,3.1653744299422826,3.1835379007436497,nan,nan,nan,nan,nan,nan,nan
1237,1548340591.55792,233188,6048,0.038221867875845875,3.7306163530966128,2.070688629430992,0.06902566517886588,0.024570376701449504,-1.7375491336086049,1.6467398961650894,2.8612355891583006,1.9861176609573525,2.463509932632374,0.1292158772980032,0.04620103022542145,1.0714978956921455,1.1441995092135244,-1.2195749693272404,4.48247154438198,1.9854026224119417,0.0703394487292599,0.025197810563583868,-2.30315297392833,1.8208316042237662,3.3871241184726553,3.606582183462224,2.1164395261562885,0.07019812803695166,0.02497763434998213,-1.5423639984065756,1.7340374698852137,2.7154863057463494,nan,nan,nan,nan,nan,nan,nan
1242,1548340591.72478,228544,3239,0.043260278575778,2.4128403528249684,2.8817440936631153,0.08782637639344294,0.030804339292300593,-0.7219087244025834,2.012162106037218,-1.1188610373410182,5.457697485954851,3.4100411800350403,0.16435031052418084,0.05747028159221904,2.1119798210805025,2.452701731212482,-4.39434378505528,2.098982421522537,2.7567521399603527,0.08904564018391836,0.03127034405610552,-0.9211524338307091,1.5829397751649565,-1.025430186657819,2.440632877672655,2.858002913391438,0.08873153123769947,0.031099742910697926,-0.7567237870303969,1.929961458103175,-1.1596136237191352,nan,nan,nan,nan,nan,nan,nan
1246,1548340591.85825,225385,2335,0.0265907264341555,6.329258413925453,2.4748957769675246,0.04764959396909351,0.016778766340545082,0.4521338158540511,-5.522349390690142,-3.0592064804376333,6.5245314600083875,2.4066517942713213,0.0978710929487424,0.034272671469609904,0.9502007052502783,-4.548471954344982,-4.580178192267,6.352925124757568,2.591548585827052,0.048351017516413214,0.01712033929929768,0.05179422346553133,-5.714141805355804,-2.77588876352722,6.425236338953051,2.487353684443117,0.04806066328307057,0.01693767362833091,0.4627614306505895,-5.519473946138287,-3.215797582171039,nan,nan,nan,nan,nan,nan,nan
1251,1548340592.02507,230676,4041,0.03304923051685152,2.1952338311561705,2.436076319620568,0.059275335548043886,0.020640401666175437,0.7014920213073055,1.6944737030859431,1.2065319668558303,3.105661478616212,2.6849474558944504,0.1189281904609134,0.040956222140966565,2.4153783173549503,1.702577233908589,-0.9551500229746026,2.5353835862404903,2.4411056556605657,0.060734357919162436,0.021201841583525456,0.3642274893237572,1.7008712329576292,1.8445989575774446,2.253698368532608,2.451691612964213,0.059705546104503585,0.020827965024236596,0.7891550708455208,1.7282848999616391,1.1868701360392953,nan,nan,nan,nan,nan,nan,nan
1255,1548340592.15855,233758,8288,0.028420341250790168,3.107373997795188,2.9931705715788985,0.053376980531683126,0.01766592612529274,-0.5364519967076882,-2.9156420730981005,-0.9311410843595044,2.8904734500756137,2.7496246104328392,0.10461276008700343,0.034491550317420606,0.033836935132185164,-2.054411536762057,-2.032999032225998,3.538852235082723,2.9837153421959455,0.054682220371914086,0.01823671118972195,-0.337881664490551,-3.056862912605695,-1.7506856531333395,3.198979303718575,3.0390669525206655,0.054791529426753825,0.018160782579939687,-0.7675881003592482,-2.938136635756927,-0.9994676065923759,nan,nan,nan,nan,nan,nan,nan
1259,1548340592.29203,232655,613,0.0225773127961933,2.9010461315541383,1.979410933248962,0.03917713812607828,0.0130823962695676,1.8754468541185114,-0.10239167082362584,-2.2109463359675097,0.8436198842559689,2.0342338387341616,0.08354832993731667,0.028232865014741804,0.2930676147156038,-0.7119001791231584,-0.3449695889225248,2.800982934633259,2.0229471615060084,0.03955358182923749,0.013258338102510309,1.807791539221758,-0.2683546103298237,-2.1225882676439394,2.8934696347351174,1.9798115008637855,0.03919828955010404,0.01309278622416129,1.8647467229264667,-0.10094386920864634,-2.2106776314227004,nan,nan,nan,nan,nan,nan,nan
1264,1548340592.45888,232487,2885,0.02343716904874353,9.293871255610304,3.1998547286580354,0.048293056725394606,0.01654758667457895,5.62560591443121,-4.512339754917854,-5.862370761693932,6.992330391301606,2.7986651433833996,0.10269329986048777,0.034727996798715945,3.6917176151065827,-4.254626453892301,-4.142711562403503,9.689059721273876,3.160412144642503,0.04871391241782564,0.016843671339377763,5.891669557517251,-4.575550229542999,-6.183077567390313,9.278646115581203,3.2104314099702917,0.048842938125683966,0.01670800166334757,5.57017141907979,-4.396478723136386,-5.853751955477639,nan,nan,nan,nan,nan,nan,nan
1268,1548340592.59236,231387,2914,0.05196555422253117,1.319144753064392,1.541605580630102,0.09609602262611762,0.03282716192916984,-1.2550797394970077,-0.2986740965738495,-0.2751572479096888,2.4539185836152777,2.2422363941055723,0.16706850406468615,0.05565170513341956,-2.359363704040699,-0.6027031282552289,0.30309778332928117,1.26244944592007,1.508499778228312,0.09660656321421694,0.033033986313043225,-1.1221693212369326,-0.3299294890332949,-0.4750380513651114,1.3397650558580718,1.5529598823046902,0.09683804892343209,0.033050347008520116,-1.2397857271150636,-0.28845201395310044,-0.20796410541540772,nan,nan,nan,nan,nan,nan,nan
1272,1548340592.72585,236516,4220,0.02723407289675629,6.347374384623072,1.8588722494350611,0.06423111793255207,0.021874103427898653,1.299595810727828,4.260757221891361,4.521743049246431,4.757580456645658,2.5464274255643615,0.12807406771518967,0.04441792913688599,-0.3103871733858456,-0.5539388904380316,4.715016787850764,6.130240639110257,1.9479314996921298,0.06580816864599486,0.02242592185662669,1.4294874477622919,3.9126835901957597,4.497479633428239,6.313835640413264,1.839204849897669,0.06473596012350559,0.02201766931654106,1.2640850543763156,4.294930955818591,4.453506001089838,nan,nan,nan,nan,nan,nan,nan
1277,1548340592.89269,237436,4330,0.05427678371207494,5.004475314124533,2.296064968256127,0.10730607977075113,0.03439409762098098,-4.4091843006947755,-1.0375807985309882,2.1277436543691928,3.3726640950251014,2.2065644537632054,0.18387641356025766,0.05787612045835634,-3.2390823170438092,-0.6901480441580196,0.6378906790590821,5.2493181894190055,2.414492124784058,0.10933205243367593,0.035085355592670724,-4.687196401437908,-1.070367855232144,2.1070937337001636,4.901983008667037,2.265225148213541,0.10854975997403055,0.03475965909233174,-4.264485603759517,-1.0794110270382697,2.0645669619715017,nan,nan,nan,nan,nan,nan,nan
1281,1548340593.02616,234881,4157,0.022720218676225683,4.871160986922622,2.0113557537617703,0.04677100925290224,0.015105240528633952,-0.6493844396060919,-3.620905931505897,-3.19304704714789,3.630949971814824,2.200219783888166,0.09614584423156211,0.031098634067329056,-0.48684659421838067,-2.0430024382305856,-2.961911397882104,5.130884715738697,1.989337137776577,0.04731148821719721,0.015332090655007303,-0.6314812386080679,-3.691451314459759,-3.507192125398936,4.829121167207471,2.0126987207681517,0.047232356176860585,0.015233755076269975,-0.5799260526373842,-3.6342586182362138,-3.108450743038011,nan,nan,nan,nan,nan,nan,nan
1286,1548340593.19300,235410,1153,0.026384561829254163,4.982587075174615,2.483258000376813,0.060326638275465805,0.019519875767657936,-1.8934621225653336,3.747027525053677,2.683423164280583,4.9590967479923025,2.9357294015853657,0.11354477563101034,0.0374014767166225,1.6701459009552864,4.5593813980299585,-1.0076182276876846,4.854068826048314,2.4731047533752686,0.06068925875894327,0.01962504048088707,-1.7404196318349554,3.73324745649891,2.5682264506234564,4.970685935549852,2.482509307210429,0.060405867028655205,0.019542904888291957,-1.8639332159888549,3.745960280386546,2.683858656863281,nan,nan,nan,nan,nan,nan,nan
1290,1548340593.32645,237635,1547,0.01718576928802232,2.5639070286958976,2.1546688384575012,0.03841292915221307,0.012194429704856609,0.7228364863128888,-1.349938610450712,-2.0564027849294173,4.684521788473358,2.5239337893751554,0.07438567289469819,0.02326414620336977,3.0363229744958566,-0.26237175450885347,-3.5576183386735294,2.5984170813633605,2.170793123782241,0.03871369387229976,0.012308323723697575,0.7818858618234131,-1.3944936735082358,-2.048368429347379,2.577952687292636,2.1552564936370784,0.038510198516600785,0.012223850354606408,0.731621374801642,-1.359069153965657,-2.062825147854049,nan,nan,nan,nan,nan,nan,nan
1294,1548340593.45992,244111,5466,0.030986830287446806,7.925000850027977,6.714403873899739,0.1171762725225989,0.03321973836807802,0.3788295227576862,-5.268103894708875,-5.908401477572805,6.465233153365025,5.705734561663477,0.19258927947639415,0.05658226014180858,-2.658794109778295,-3.0202060010923746,-5.060475206948862,9.037864830251833,6.4424129245365975,0.11911942802803903,0.034240511941019486,1.8825996691631426,-5.4315823085029775,-6.974004072376734,7.892920246701712,6.726893867898221,0.11873349783472753,0.03350602271724039,0.4204999589605595,-5.298227047627882,-5.7892666134609785,nan,nan,nan,nan,nan,nan,nan
1299,1548340593.62672,246229,7848,0.02632717049305974,5.452475096427726,6.972396298245816,0.08693096922641297,0.023629818130247348,0.6642295044405322,2.6793973306541723,-4.702032941938893,3.9488875879770906,5.5442530852481955,0.15820186655549148,0.04526344655804974,-0.4152840271169534,3.1007342256151254,-2.4097094475060716,5.706732058256146,6.804430638147238,0.09066111917751057,0.024870119338602847,0.6344396476517367,2.6475534087101873,-5.015449936570302,5.3244275539970705,6.869175957365326,0.08919170520285043,0.02444832530051262,0.4289768229789765,2.5106218792050243,-4.614658169714994,nan,nan,nan,nan,nan,nan,nan
1303,1548340593.76020,247577,5678,0.030898356056725678,9.56395532059437,1.032826248338759,0.08305897835755342,0.022092218324598033,6.164659323330126,-3.1150290849372633,-6.615346597238823,3.4357113575936347,2.0289411562561255,0.15195679305249082,0.04248335079140102,-1.2124739926820465,1.3141685931393057,-2.9337655425363853,8.505436388397639,0.8096640904137499,0.08446911246772211,0.022496639652721733,5.305828554689024,-2.8998549017212087,-5.981761701563238,9.498508746707092,1.0429885519793638,0.08436095441615271,0.02233682847363707,6.165638532781468,-3.1765045762961472,-6.541917828850519,nan,nan,nan,nan,nan,nan,nan
1308,1548340593.92704,244989,3231,0.026801914526956693,6.62710338222713,2.4769023776078147,0.0786970796699418,0.021048240017746616,3.0302207707116486,1.6630784648768826,-5.654240120399621,6.586160619091339,3.2305087173776723,0.1474805449326137,0.04132363977749229,-1.9512438697536085,4.380862719477094,-4.514222069672064,6.373084900668115,2.343108838172469,0.07973385609429338,0.021535550824324592,2.108867487071197,1.365172659628901,-5.857063486295814,6.707444235704299,2.4550397091042027,0.07897830527913169,0.021092719957198428,3.1082404298242654,1.6138276472837723,-5.727186167122616,nan,nan,nan,nan,nan,nan,nan
1312,1548340594.06057,244977,5823,0.02418343953727261,14.143286774694017,3.475399459042156,0.07136916839356629,0.01899466791447783,8.61899369795442,-2.094047404983918,-11.016372991667303,5.6876977274418525,3.329040266885686,0.14168095436594058,0.039468159679344014,2.21115646416184,-4.988624872846028,-1.604467016726887,13.722906607152487,3.616677234695716,0.0737646076352712,0.01962188396151509,8.248364936463735,-2.8914539880452055,-10.579325850854696,14.336506557312767,3.4564469569672416,0.07266567988672878,0.019261349129829748,8.531795389665156,-1.8795887336020365,-11.034444995224426,nan,nan,nan,nan,nan,nan,nan
1316,1548340594.19405,246846,6119,0.027928369806479,3.3883011574275663,2.831687164822998,0.08772703750479081,0.02506448914236631,0.8973589608255662,0.32372716474206414,3.251235511564659,7.268747678013479,4.187305868923525,0.16303785307858415,0.04860619743404788,2.114666704559403,-6.018878395566692,3.4836734052770706,4.203125477026507,2.975215275681554,0.09031125310854532,0.02632116985597196,0.30958752651447463,-0.33880549007054594,4.177993558989052,3.5045392847762384,2.820553988208641,0.08861865606430648,0.025276812534902104,0.7749001280003175,0.3370721932720283,3.3422608606059088,nan,nan,nan,nan,nan,nan,nan
1321,1548340594.36086,245273,6767,0.03226478821957126,4.587816530815174,2.611254706424013,0.07870030793472427,0.02206372175811084,-2.03022659356256,3.859699617410332,1.4244154459197937,6.091634027977966,3.0705142939479466,0.1481560893676566,0.04249104890904953,-1.2426655292750581,5.723990577462121,-1.6732362003899655,3.9377153425795095,2.5637041657003605,0.0801236744399447,0.02271740141795979,-1.2611928597855742,3.626938740199431,0.8719576047334618,4.490852490380604,2.5853976082604158,0.07959432383482282,0.02232355738317121,-1.9109765131404468,3.8168491264846955,1.3434523590907914,nan,nan,nan,nan,nan,nan,nan
1325,1548340594.49434,246899,4841,0.025213032808255677,1.6338778094848136,2.170755805867232,0.07913555432957432,0.02054889525845814,-1.1477203052832388,0.5687022291028108,1.0143335604134058,4.725801116118306,2.362991168552893,0.146154710957462,0.03915801320752696,0.6807212526057559,2.833888121822477,-3.7200662465001004,2.3272524203310763,2.2263748224800364,0.08089766409500213,0.021256927408950587,-2.034369831913767,0.4392128603819327,1.0414102353112935,1.725835095906418,2.215399712686871,0.07969655933344336,0.02072337531476795,-1.072353140152825,0.6827434030429022,1.0912074907015759,nan,nan,nan,nan,nan,nan,nan
1329,1548340594.62782,244022,3137,0.024016569264095927,6.570398120647287,2.1853063638234516,0.06469749696838771,0.017274565730422256,1.9463179542234936,-2.449880331065092,-5.777548290437136,4.9159905539275455,2.882775275273333,0.1268437856391805,0.0352819280003305,-2.5485158342710834,-4.154955740293479,0.639040659877511,6.591467225610497,2.301823347383225,0.06512474802837037,0.0174820865134485,1.882544365951325,-2.6775979974922226,-5.721357868578743,6.518991333761338,2.1751000379817205,0.06510069824432604,0.017364358045335333,1.9202207625577363,-2.430471807893068,-5.75094940615023,nan,nan,nan,nan,nan,nan,nan
1334,1548340594.79466,246103,5215,0.025310634431696517,5.8855008949490815,2.6126009467046845,0.07418351073178266,0.0212020647789164,-5.166102358922679,2.1938627240788233,-1.77129149195648,7.959827001358109,4.174040850619462,0.1395238985184544,0.04171947193685674,-6.032409643930303,-5.1667406014218,0.5231360597261646,5.290425686847236,2.4624154390999595,0.0764217751018599,0.022318163357869337,-4.341720783893005,2.247376435992442,-2.021722962651031,5.85325312872722,2.601317372437456,0.07470433815052373,0.021338161691392393,-5.132722932362997,2.1902718569536788,-1.7064394172591704,nan,nan,nan,nan,nan,nan,nan
1343,1548340595.09497,246840,2549,0.03171336998162888,8.022539298327494,2.6228218305164477,0.07599650898398243,0.02125999785404722,-5.093500543456938,6.19497271193325,-0.19925387176984338,4.923092953467211,2.031455975729912,0.13962268981642112,0.03984511597167845,-3.3864198469989097,3.461244581671986,-0.8881389498139951,8.190389850387472,2.642096962808109,0.07676506349906198,0.021619525545339944,-5.493959330800106,6.070815373519394,-0.20999398440227438,7.98594424771512,2.6126422927525854,0.07649125975379323,0.021430610667921297,-5.065492291145593,6.158099356881423,-0.19232584806217282,nan,nan,nan,nan,nan,nan,nan
1347,1548340595.22843,248082,4268,0.049032757595676525,8.499340242449005,3.263579841112197,0.12993276426103317,0.0346103355496103,-8.197998885812817,1.6318885868070345,1.5390056742500446,8.532505407687351,3.482718787824732,0.22753972856857752,0.062030722372888744,2.311959586395408,6.401307922205826,-5.146042002179266,8.349965084819486,3.1819774870768525,0.1307212081988603,0.03498069974059994,-8.043755026392683,1.5329266460223832,1.6340311780995829,8.531402337326664,3.284908344939276,0.13050695306746637,0.03469932988933164,-8.243180426153906,1.5263970701468725,1.490972658117052,nan,nan,nan,nan,nan,nan,nan
1351,1548340595.36185,248609,2244,0.024839027101343378,9.052588757163425,3.475959663440589,0.0697756086906749,0.018308502186219586,5.22761883564808,2.6664393577727528,-6.8928561327521916,10.47226510315835,3.4324256287760866,0.13165503907908407,0.036933444918411745,6.742300615959391,1.2141809376550403,-7.92057342908308,8.947607748237402,3.4831609942652197,0.07032373354525162,0.018536737903580684,5.176180186661391,2.585215646992864,-6.825210850228388,9.06435981913566,3.476175085511891,0.0699838952484975,0.01835527396200156,5.241483261629824,2.656066663092422,-6.925038025421253,nan,nan,nan,nan,nan,nan,nan
1356,1548340595.52869,251636,1931,0.024454829026541246,2.356906090966283,3.343880729192363,0.07639262742966532,0.02046040103770176,1.0353706932201387,-2.0876829409171793,-0.3529784518327006,5.727201447729669,3.698567128409073,0.14172279681285255,0.03977463520768755,2.320175485232028,-5.235375492081726,0.0920086817380841,2.690750877355358,3.467902199830345,0.07688823510282904,0.020685197916105326,1.0390366787902596,-2.460061966764928,-0.3296030700612634,2.3536801117034365,3.3403277233354185,0.07652947548168058,0.020481474112798576,1.0069450144281356,-2.07843230047669,-0.33971840348433113,nan,nan,nan,nan,nan,nan,nan
1360,1548340595.66220,251903,3346,0.025446478314144524,9.766537852473261,3.2610404031729683,0.06850236233159619,0.018137340703083017,-7.465294415336875,6.1182347347530746,1.4905853369042852,6.664096312938106,2.348646665052934,0.12503290628909913,0.03487323797367369,-4.146960276003254,3.67433547285792,-3.7029932446960054,10.015895152782479,3.288864944921401,0.0690095487079286,0.018326156586615443,-7.760096531610882,6.124939089026826,1.6075380826977435,9.677342638014455,3.2283477318226446,0.06901704567078223,0.018194297484555224,-7.295072230217171,6.1011977147287935,1.4204653769337672,nan,nan,nan,nan,nan,nan,nan
1365,1548340595.82907,252690,2697,0.033384777184712576,5.552390162133608,1.5532986360205585,0.1031634014925393,0.024958940053565987,-4.479202388069255,3.214123292010064,-0.6596923093618307,7.631655306385005,2.601486795671264,0.1897353653150024,0.04823970489856031,3.1552994012420483,2.9968284565009125,-6.2693913266203385,5.45573371585049,1.605424885681309,0.10375063363610686,0.02530023162702386,-4.311286063338486,3.119629736382253,-1.2023947630502774,5.56776573311217,1.553792183612095,0.10366061652450255,0.025093934602288377,-4.496206150736358,3.2142755629093713,-0.6275310781350447,nan,nan,nan,nan,nan,nan,nan
1369,1548340595.96249,253506,4327,0.026377952347422406,6.282315646389704,3.0990630124025924,0.08331690458460614,0.02152193130085777,-0.31568738372744926,5.239998500889208,-3.4511225807419597,7.5204964628776345,3.229859100907088,0.1499078854181306,0.041206246871203285,4.384593015336156,2.0970386310957014,-5.738958103847133,6.868926668122386,3.3019227874300188,0.08506963702285461,0.02212557540283884,0.04265679269495683,5.7971274485358135,-3.6842431129761963,6.197209345597965,3.064008034158279,0.08404037229734712,0.021640924297746042,-0.2993775614767393,5.088303590028754,-3.5760802311499185,nan,nan,nan,nan,nan,nan,nan
1373,1548340596.09596,253490,5083,0.026593448857357985,8.549385313863414,3.614795372626009,0.07043233292223348,0.019638309774517162,3.411282945054233,-5.4885946800252,-5.5973624460172875,6.352891963834072,3.4392608317241744,0.14266008640110495,0.04087883573679877,1.6551967754221362,-5.750363032403317,-2.133749032653331,8.488925090130559,3.6579052062570767,0.07227877812825839,0.02047817523774505,3.3243537897615405,-5.679493847572312,-5.3622635800317076,8.397195894462282,3.604844532274045,0.07105031154853154,0.019831659353536597,3.3878487621546927,-5.474039598859685,-5.481025168632711,nan,nan,nan,nan,nan,nan,nan
1378,1548340596.26279,253589,4716,0.020229518062713128,3.1451093953365508,2.7052474158702635,0.04035906973723379,0.0119591106370628,2.5609927490338973,-0.2828365226213863,1.8036165749686073,1.3622244092815325,2.1567241226405813,0.08858756479557925,0.025830267785141133,0.8054652624214995,0.9418241493258527,-0.5655513451679864,2.838690716167602,2.599789689648414,0.04147513374688817,0.01242998456878287,2.2497923415920393,-0.10418863711775195,1.7279305916805472,3.0822721768599886,2.695099935092384,0.04064756611899389,0.01206904600377081,2.4509636678177964,-0.2725781466130426,1.8509725855727748,nan,nan,nan,nan,nan,nan,nan
1382,1548340596.39627,255523,3933,0.029858716349421183,4.253617640305595,2.4878954725052043,0.05860783343572254,0.01836055129463812,-1.2347474295139096,-3.125604581259398,-2.607538651072692,5.934282553976452,3.2641694655822047,0.1296595154615212,0.04040388104343788,-4.722579814067452,-3.447834594537584,1.0126134202654882,2.705118960961565,2.434137949992729,0.0772762827620221,0.0222047579472943,-2.5217904861770593,0.32593947810969853,-0.9230410572613893,4.244993283637534,2.4785462437771026,0.058904953847594504,0.018471496882067492,-1.1961303511159187,-3.118120443913929,-2.6169985841686154,nan,nan,nan,nan,nan,nan,nan
1386,1548340596.52975,255391,2917,0.026590538799180666,5.654327440369853,1.6688752422824957,0.049142622604568614,0.014849953540338292,3.1492939475511736,-1.5621836169648229,-4.428650898606001,4.638848139993079,1.9263856348405537,0.10895583235046284,0.03235123778805893,2.2274740930663883,1.6826478279500836,-3.7048572870935508,5.511857942526766,1.7066722778134797,0.0495778312368013,0.01496791703736248,2.994854660257913,-1.5011686435801364,-4.376975696306597,5.651231725390362,1.6590092797157645,0.04922799626328911,0.014885864740127683,3.1235704323682,-1.611518965012679,-4.434843946221317,nan,nan,nan,nan,nan,nan,nan
1391,1548340596.76334,253232,4326,0.020612204034358334,8.163419811703664,3.485256186548243,0.04015570881419976,0.011725061965449831,6.251916922555846,1.5406040389916045,-5.018116878931626,7.182108423094123,2.8367881658025818,0.08886276695454334,0.025678459324513483,4.776250209616598,0.9617963608515568,-5.276842151937999,8.114358821263957,3.4801323426434183,0.041006839321810394,0.012062847563521098,6.152975668962352,1.548004173469513,-5.058398222392389,8.148997736987674,3.4775764578721775,0.04023525860314795,0.011762804304968105,6.236751271594085,1.5033847204359159,-5.034439406956157,nan,nan,nan,nan,nan,nan,nan
1395,1548340596.89682,256424,5071,0.024872537489286254,3.13328709925578,1.9088405031577795,0.04828451877515961,0.014144793765141477,2.4914489800060364,1.7871570934588321,0.6451662961511264,2.030826646372762,1.8079276398919284,0.10538169439483373,0.030906344081197426,1.4601660976872157,-0.17567078273536524,1.4004683541143192,3.2572586155594228,1.9611700462937547,0.04890651356858381,0.014425159816566968,2.714636956315471,1.6379261090821782,0.7467783775855322,3.1883641450477254,1.8975448311597722,0.04886663401405544,0.014293317475542893,2.5335765902678595,1.8952422968883624,0.6168501546710445,nan,nan,nan,nan,nan,nan,nan
1400,1548340597.06366,251657,6170,0.018810113941944748,10.994176207486898,2.386501705489763,0.03463160933113214,0.010074040163025136,4.83781462238215,-7.558529914882714,-6.351069649008709,7.568294639122118,2.150301818318276,0.07990993534493618,0.022249585529946846,2.9060143126698113,-6.056199049134412,-3.486634141458812,11.0098692947467,2.320977328068534,0.03521229482628337,0.010346907656817632,5.207078428775306,-7.38153626632869,-6.294162253458627,11.022153148040973,2.3936929007895227,0.03490133316634779,0.010179371691068414,4.958512657445379,-7.568520704544179,-6.313418026865623,nan,nan,nan,nan,nan,nan,nan
1404,1548340597.19714,254235,19147,0.039326713407565515,7.090161234190414,2.445171034630887,0.0827093147653943,0.023394781251219056,-6.536261387608586,0.5820816492390086,-2.684930977379646,10.345579325135454,4.250991998315814,0.19080940217346298,0.05198489940066408,-6.947969470061753,7.170394568649379,-2.709644542305032,7.925214760983894,2.2877846268093673,0.09173751875362035,0.025503828545883678,-6.788520400892459,-0.9824586528184732,-3.969860799812255,7.322803996466449,2.4373708085649746,0.08732025319026654,0.02436969004809095,-6.509708576834257,0.10243608702001135,-2.8016151594430223,nan,nan,nan,nan,nan,nan,nan
1408,1548340597.33059,249956,3435,0.04045603119706989,5.220307917871118,2.3290171308134893,0.09244125651346624,0.02481694175277591,-0.372434827585465,5.2061746574365975,-0.0930187768904975,11.774418780132105,4.475670644059955,0.21282742154923928,0.05491327405291033,4.518514610573118,9.244001637781894,-5.724368702717406,5.314208637179263,2.3004608356089857,0.09366992936421396,0.025329231929467764,-0.7981989467182158,5.253006461784936,-0.09805607260298395,5.190382403504222,2.324411652397102,0.09311270009845327,0.025087729761800043,-0.1919104559867768,5.174064713293217,-0.1511901105310085,nan,nan,nan,nan,nan,nan,nan
1413,1548340597.49744,249045,1613,0.012962771970555604,17.80745183434075,1.9033346803010958,0.02651216962990451,0.007030294921903422,-1.3445834459193626,-4.751144017615544,-17.10918077270801,13.604330720474163,1.968812452510343,0.0615353018043404,0.014670589262613224,-3.5896925933164723,-4.495242914821878,-12.328208003366491,17.838291472820167,1.92462076268385,0.02683156867599276,0.007162404912664679,-1.3777756137872885,-4.811608291746361,-17.121764005911874,17.80913134033269,1.9038190551956053,0.02659481999403283,0.007057275543760745,-1.3337978539385866,-4.759031867063454,-17.109110435872132,nan,nan,nan,nan,nan,nan,nan
1417,1548340597.63090,248910,1234,0.05526198115034018,8.415656772983537,3.090907171273013,0.11887307735240914,0.031166063404927676,8.265178726511195,1.5839549162663251,-0.03444361662473145,17.390207639337614,6.433509635015861,0.22673323967404624,0.05849958877026605,16.01123024710647,6.7207237610695385,0.9442985972744764,8.420812762893064,3.084498823359153,0.11893571628712356,0.031203587301133092,8.27570406888215,1.5550233227391272,-0.0686455951064376,8.379154991857208,3.0780616887452705,0.11910580429882256,0.031258018997454534,8.237424951026078,1.564508817782817,-0.03551392864742062,nan,nan,nan,nan,nan,nan,nan
1422,1548340597.79776,254142,3105,0.02863050405815798,9.225894543945229,3.375439967786232,0.061816841436889466,0.016701005149733945,-1.9921742142429855,-6.8930136775013064,-5.799546057915532,11.577508665155005,4.72963227639972,0.14210591852093452,0.03801822825186559,-4.540375511236553,-10.335713456786445,-2.5684089331541853,9.175572134941802,3.484910111549906,0.06272557418243162,0.017023001365839056,-2.440689433311957,-6.8071731786989735,-5.647703286189984,9.162397339928791,3.350932419531198,0.062003884361483345,0.016777816823780344,-1.871826949350348,-6.869931470755862,-5.777235877719654,nan,nan,nan,nan,nan,nan,nan
1426,1548340597.93123,252950,1377,0.030564249584053998,0.93613230568167,1.6699790000412238,0.05917824374854398,0.015518218463557347,0.13738302827836402,0.8154243686730591,0.4388082682175542,6.454501193278065,2.7800787703379215,0.1437815773612757,0.036190890141052215,2.2577185991135886,5.5453008019586205,-2.4110021561669384,1.0613096941295366,1.7208090580805744,0.05968007000466277,0.015679748280782356,0.3422953020752566,0.9270662581674799,0.3869888189571978,0.9301671756540825,1.6697825040594187,0.059247289584988004,0.015530820943066861,0.1322515238127484,0.8122207519676334,0.43572928794413934,nan,nan,nan,nan,nan,nan,nan
1435,1548340598.23155,249747,1861,0.021656666232485074,12.839419884311715,3.287589124322105,0.04414169187647868,0.011620080333366202,12.341112350227318,0.5132233478698967,-3.5048895446115,12.18565382222554,3.6772950967431934,0.1075267855711827,0.02760682089857762,10.572707140853304,5.741936187658651,-1.933440354840421,12.685476085349148,3.2557877928894516,0.04477025884930811,0.011755121312123647,12.218380238704311,0.3975560036625114,-3.387393847540761,12.8359691753896,3.2877134960528682,0.04433675363498652,0.011701248029600937,12.348464171180632,0.5091849701982626,-3.5077656381737796,nan,nan,nan,nan,nan,nan,nan
1439,1548340598.36501,252264,1541,0.03491346803139577,4.2351095173534,1.6672933324986525,0.07813775292505086,0.01953162158691753,0.7304940126262713,-3.5089472438361784,-2.2560630224949403,4.191584008196124,2.2524663393208932,0.1702601002125774,0.04186706288958605,1.3790478813985343,-3.9580763518645683,0.03514301333364986,4.439145562134084,1.7731176759792775,0.07855237243301837,0.01974627543282858,0.5157390798712943,-3.7460846701327357,-2.32526905271299,4.221979532488186,1.677645055334084,0.07847743328935686,0.019602168248208998,0.6398919858402048,-3.5443942577811427,-2.2771442409329192,nan,nan,nan,nan,nan,nan,nan
1443,1548340598.49849,249867,3936,0.015549898658788763,5.102181857221422,2.982252287532479,0.032847481986457386,0.008599240072147027,3.4272325123318215,-2.0085067755911292,-3.2019115451523117,5.121546648198549,2.316326145457227,0.07604613710391991,0.018928456720811705,3.3163224349425824,-1.5944032114501525,-3.562320027241761,5.094019743259866,2.9847115414923757,0.03351113707916025,0.008858651532505913,3.3638652432408027,-2.0399535814223335,-3.2360527121293923,5.090860405743802,2.9885646080571053,0.03310670119759848,0.008702563081126194,3.4217620352553233,-2.0227300163980724,-3.196359829380307,nan,nan,nan,nan,nan,nan,nan
1452,1548340598.79879,249226,2738,0.050629098978760854,8.244630699592873,2.85206099012298,0.1014386161832014,0.02597046013877023,7.968103991857785,1.8533676734326652,1.023856637759433,15.727977135891358,5.525598273438812,0.20426583104585117,0.05165045463908963,13.893377632439085,6.749277396547207,2.964890786187523,8.336307977588058,2.8605654968168404,0.10204024580737185,0.026224617272467984,8.099693313243245,1.7228608718648464,0.9595568481325363,8.261929185209715,2.861063772056305,0.10217292488794151,0.0261447176970366,8.005204372897033,1.8144952866293624,1.0236667850379222,nan,nan,nan,nan,nan,nan,nan
1457,1548340598.96559,249293,4170,0.03545955669128688,4.930298731536403,0.9836146238494103,0.07226193755628042,0.018759475910845903,-0.48131097098239384,-0.25228648568201184,-4.900258856483365,6.806458437190496,2.6218313819423997,0.16311659512866142,0.04184368921953129,-3.1498363229018422,4.481210032162109,-4.040441095199825,5.271175202094017,0.9215594857553935,0.0734025436051971,0.019111968350422302,-0.529957356633258,-0.6919552627144893,-5.198618193878342,4.942626668969831,0.9817111457041725,0.07326641437127476,0.019060086389218772,-0.4497056159256535,-0.32043118897209083,-4.91948849260215,nan,nan,nan,nan,nan,nan,nan
1465,1548340599.23259,251203,2848,0.03827822578365746,15.481885780988195,5.690923769690817,0.08482996497915528,0.02226964983550501,14.042684220265357,6.506716757467552,0.39299397395603125,19.707992689824387,7.096016265282714,0.18074910021960813,0.04558043365318897,18.733187981928012,5.962362311664614,1.3866793285978951,15.717876430049294,5.735500699858366,0.0857777709831354,0.02249274827907674,14.408099355173343,6.280617350870347,0.1102639274606403,15.469491118707031,5.688912128794955,0.08557683138191832,0.022438815410420136,14.019647983207811,6.547451670151631,0.4138301816833876,nan,nan,nan,nan,nan,nan,nan
1470,1548340599.39942,243162,6207,0.05783643841009944,6.242555632378295,2.423893612716635,0.11247032137307657,0.029937178170068433,4.449312641613872,-4.328706768601045,-0.6598602518567519,7.858226367066498,3.230263003104277,0.21913039215343508,0.058479765731934724,5.646495558423499,-5.207287294166545,1.6592072145378598,6.003097945364407,2.4077503432144316,0.11446451022563099,0.030723160695474476,3.907466581306841,-4.505540451507208,-0.6848321673525667,6.214428913045179,2.4086934066075205,0.11302194842051849,0.030097444616911596,4.516109145362064,-4.273897043780593,-0.6354261470101148,nan,nan,nan,nan,nan,nan,nan
1474,1548340599.53288,244900,6933,0.06819243648113216,7.292438175366676,3.088192471854265,0.13662703489136435,0.03599753846411159,-6.1373347914339105,-1.9978926578635192,-3.394289487809661,13.262729940195563,5.487201822472023,0.235078764966086,0.06138374746158486,-10.430511754176932,-5.846417306334751,-5.737929477845315,8.06714706507269,3.2050162763715013,0.14225514310054493,0.03721688057619676,-6.288245741060807,-3.168709771005112,-3.936509323839878,7.225050231194016,3.0821250917387504,0.13809882786235805,0.0363865501222765,-6.2040025899970415,-1.8311922857508813,-3.2522310091208624,nan,nan,nan,nan,nan,nan,nan
1479,1548340599.69973,250153,1659,0.03986528517265775,6.792018532383835,3.238688203658518,0.0824061474932207,0.021776019314427877,6.708551719159313,0.911369013605897,0.5442941269654679,12.171449463809083,4.862231984005992,0.17581738612796804,0.04370317833532041,12.052873168401868,-0.40831822172390925,1.6449032391861031,6.526301628436257,3.1494148158874182,0.0826202444537127,0.021873554447632854,6.450739727307513,0.8519931144318644,0.5046559707632703,6.838598228340858,3.2468707285158933,0.08268383055785146,0.021850676271009856,6.748441438503253,0.9507595079262056,0.5633846338418969,nan,nan,nan,nan,nan,nan,nan
1483,1548340599.83322,245895,2252,0.06761570085986597,5.5479601291225125,3.028556356408056,0.15444236714666454,0.03805859653689636,5.105573840986549,-1.7576032163944793,-1.2742873625233533,15.149116501481096,6.340838214696827,0.2745034673763959,0.06773314097557957,13.092651344394042,6.525472539459197,3.9365492104567466,5.608650424478042,3.023082541388107,0.15480347697391156,0.038161977789833414,5.1254318099091725,-1.8471778307881936,-1.3322321146908025,5.541420863384053,3.0115120572786713,0.15471901455363035,0.03813204250350298,5.079605120336136,-1.7646068567417188,-1.2961213543684336,nan,nan,nan,nan,nan,nan,nan
1487,1548340599.96668,248559,2621,0.04272744456493927,8.401770401806736,3.013037399539938,0.08256355866653128,0.022716625032389283,-0.10510162352771912,-8.24945572210322,-1.5890814398469477,7.949340791870631,3.39130520494168,0.1781738734807019,0.048524359295449786,-0.7611570244531625,-7.6861672875421,1.8802902534826131,8.255068249484953,2.9495612072629953,0.08338763258469266,0.02300166236835313,-0.23356869664063223,-8.066953574749625,-1.736622437502869,8.401694279300688,3.0091480412664167,0.08311884505045962,0.022871146097473892,-0.0877906627369022,-8.242938095941795,-1.5948677113119256,nan,nan,nan,nan,nan,nan,nan
1492,1548340600.13349,254305,2520,0.037751279559555984,11.109263809896172,4.580930082531025,0.0741358786532401,0.019898212228693257,10.513243487988568,3.5799659315629966,-0.26701627100805114,13.42998544172852,5.391493049102546,0.16341666096770632,0.04127437976589834,12.728514388879525,3.910573930915538,1.748382666343587,10.807842504061693,4.519653868522976,0.07472275467806702,0.020084108347727284,10.181332163729845,3.6238538957946482,-0.13273246150294593,11.105868120269605,4.576742759274373,0.07444804175344108,0.020009303467650088,10.487329576356071,3.6101473906045642,-0.3009163335176995,nan,nan,nan,nan,nan,nan,nan
1496,1548340600.26697,251320,2486,0.032184894125406364,7.379067508896772,2.4383303077449723,0.059729078929490566,0.016918502745206822,7.316722780901169,0.43345892005305525,-0.8534157327611855,9.802119591570142,3.5639597670406284,0.13560597691742377,0.03728062061258021,8.962609473231533,-3.826635233523846,-1.0535856430957478,7.49521676555747,2.416360087569001,0.06016683746763071,0.017033842303908812,7.374743298735573,0.8430932071866793,-1.0395333012675532,7.361929764091423,2.4296445538538647,0.059890825025506675,0.016986307878748413,7.297880332661137,0.4251813979816642,-0.8519154623017613,nan,nan,nan,nan,nan,nan,nan
1501,1548340600.43382,253880,4334,0.026160004871196112,8.186936655031277,2.7736393843103007,0.04958967070112666,0.014948418614414318,6.508308765796564,3.875837360547062,3.1057581292074072,7.166932567761278,3.0767633008669106,0.11020197347263769,0.032231785031049356,6.421192823771943,0.819370033242415,3.0760100616547557,7.417764449867982,2.553337177854138,0.05067146082438071,0.015382469256508538,5.800484802517323,3.5879902288236583,2.91615013457071,8.279898886601146,2.745596928555833,0.050252657329076425,0.015166917002982684,6.461278891361577,4.066688735873402,3.150864234768272,nan,nan,nan,nan,nan,nan,nan
1505,1548340600.56726,253683,2650,0.033738937262270785,7.1449501863796785,3.0351911914882184,0.05917493219201501,0.01836664211272487,6.8272532916374775,-1.967243933732433,-0.7542393273127448,8.757495745670125,3.889710073655405,0.13065153761414322,0.039916796638079885,6.67349211438788,-5.6664754059823945,0.22201623370780363,7.262861600944703,3.3148580768279285,0.05975785005845526,0.01863675678834133,6.529065893211728,-3.154665678065155,-0.4105382518281458,7.085622708506282,3.0145818467476673,0.05935690785453225,0.018442015441418963,6.794815604822347,-1.9648592749963298,-0.7572663241721764,nan,nan,nan,nan,nan,nan,nan
1509,1548340600.70074,254314,1289,0.03151994862271776,6.556336132040157,1.8174550489820032,0.05186694322758984,0.01620112429382518,5.618076238746565,2.6854766771357417,2.052066731002316,7.878994128487169,2.394689274498776,0.10198860929767349,0.031249503132821394,6.073930785677016,0.5429217223771106,4.989103054749554,6.5494128485496885,1.9035404018888205,0.05217880653251532,0.016343677403963516,5.744868543458625,2.4545146891725063,1.966380359890659,6.582593205174343,1.8242971490044124,0.05197034726570799,0.01625204929436671,5.628022827192751,2.7111592670085285,2.0599878157806844,nan,nan,nan,nan,nan,nan,nan
1514,1548340600.86759,255225,835,0.023468790731752617,7.89142279407307,2.105524229668603,0.038255098951927274,0.012251454347854377,1.6052514132103675,4.563223272024957,6.234959100495525,6.273227353824672,2.0489300947631777,0.0840712943378951,0.025818554881355496,2.53850796750825,-0.5551251044319595,5.709745602923185,7.817577778893534,2.192969797202946,0.03852205571821317,0.01239714797578526,1.7755182336759545,4.337886546215267,6.256580347370181,7.89360915843926,2.106367966621531,0.038280442461461714,0.012264607504895407,1.6012315917499436,4.564490768626717,6.2360491430194065,nan,nan,nan,nan,nan,nan,nan
1518,1548340601.00107,254692,4273,0.027119161567893842,9.099202350578187,4.21969740063856,0.050234163333263984,0.015840016955443695,6.582679016752399,4.621362725504699,4.255211738385185,9.959973420489135,4.461409297757386,0.11211528558057388,0.03313644727026304,8.414340672168608,5.007783291966118,1.8226486469542553,9.206310826690881,4.2307121371683465,0.05082539866224848,0.016126059853132677,6.645392023208801,4.67500194178496,4.328889088418112,9.057649938126179,4.204516070545745,0.050599911014838274,0.01601826721266065,6.562921281212995,4.6019687729120875,4.2576085484177995,nan,nan,nan,nan,nan,nan,nan
1522,1548340601.13453,255228,4641,0.048617522403989775,4.942105969539764,2.0850030183318724,0.08008611172322017,0.02513491932720915,-2.089385950259001,4.44326067384648,-0.5624165264909786,6.500871581487027,2.974004484205717,0.1692786409676046,0.05078697026065182,-1.7783310587211734,6.2147440988042,0.6898012401783964,5.374418049606503,2.2048231684750434,0.0820817176559287,0.026030294043651113,-2.3691268517591277,4.78994777478538,-0.5727195186464771,4.909189384171388,2.084392812647547,0.08055670980584351,0.025348300223408143,-2.0407760257267857,4.449857313565925,-0.5578962295190926,nan,nan,nan,nan,nan,nan,nan
1527,1548340601.30137,252628,1221,0.036358923235865294,2.920403604272269,1.2772611340224909,0.05896806782351927,0.018474573572505346,-2.3680530296547597,0.06016740357405665,1.7080579451928821,3.829200556225926,2.1401714789826722,0.13541278790833733,0.04000152814133916,0.2629771993773781,3.820103565974074,-0.020703565894158463,2.998749406013979,1.347517629451594,0.05923703744998422,0.01860987148233394,-2.452772054685146,0.2882404584941945,1.7009775677274102,2.925740165537862,1.2785645112164883,0.059013028064887556,0.018484900415231507,-2.3818145756797993,0.05763327489253428,1.7135336091151507,nan,nan,nan,nan,nan,nan,nan
1531,1548340601.43485,254971,4327,0.028399335872878167,4.920333311388817,1.520525417994235,0.05280173591888189,0.016205397735337388,4.709189550648299,0.1367372976687498,-1.4193366699460581,4.34993653039708,2.0921250395547992,0.11081406317405505,0.033135944196104355,3.1833751257901315,-2.9555888011938314,0.22927159710975967,5.963439921405922,1.7336729484153277,0.0701722012091111,0.019037493712296145,5.668064158633968,-0.6434582846579491,-1.7382824355472042,4.942484630099907,1.506798208628473,0.05306765523284443,0.016298026733342064,4.728120143582094,0.22303211683486235,-1.416066430283832,nan,nan,nan,nan,nan,nan,nan
1536,1548340601.60170,254812,4740,0.04011025201951745,9.510603645335623,3.8896369618523807,0.08784893546149028,0.027338008896260018,7.143879189327949,-4.024807358331977,-4.818453855260528,10.25280681129784,4.137201128989048,0.1677589227262328,0.05187913426670852,9.407173388112204,-2.8738466026524896,-2.8924284019162307,9.264389646470836,3.7520981829139135,0.08918720728570087,0.02798753759367684,7.034806415972476,-3.7050195341423757,-4.755338522445265,9.461406490261236,3.88123988275507,0.0881124137750248,0.02744012259108697,7.234879738524262,-3.8904099980824034,-4.741264160342972,nan,nan,nan,nan,nan,nan,nan
1540,1548340601.73518,259312,1713,0.04163249462575635,15.913357431715136,5.791575967819049,0.10574104090573808,0.03325250325873355,6.229697236515667,6.941443609642511,12.893493619071037,22.652799047969616,7.5320003139158915,0.17919923114831257,0.05783850566985571,8.377660362781283,9.129424133288227,18.963589495349,16.5719596563006,6.020890484155357,0.10712925207500894,0.03390438185295217,6.729100441486604,7.524696695116226,13.142602244036235,15.897720370722453,5.7851680553677785,0.10585009447782123,0.03328736665171886,6.228227801977241,6.918833188739196,12.885460986701203,nan,nan,nan,nan,nan,nan,nan
1544,1548340601.86864,256480,7173,0.031054273003265968,4.779784691243449,2.115618779877174,0.07072563742442725,0.022163542742006537,4.294750874780688,-1.3587730535742517,-1.5984969212032423,5.679533939229998,2.7888648679478916,0.1318557240606237,0.04141137466646904,4.557289338139775,2.7065285173343687,-2.040324248789583,3.7320157603511825,1.8029974547283503,0.07330004603131919,0.02327766928783181,3.3235805976939385,-1.0521527333722427,-1.332189277767741,4.86042362948126,2.0647163931067274,0.07154200987093853,0.022399252146397593,4.244215690813995,-1.4611269847524087,-1.7071114092365751,nan,nan,nan,nan,nan,nan,nan
1549,1548340602.03550,250892,3481,0.035224875951011134,1.8018587410941842,1.7273628617114651,0.07334953395736618,0.023768994811516647,-0.12665608219530466,-1.7802911074333791,0.2474201537750858,2.1432620846356367,1.9434539548416612,0.12553848994376132,0.040535580146892854,-0.7181346466516416,-0.8101348266830154,1.8497395912156114,1.8544019752233025,1.7921156150591486,0.07387995578634726,0.02402252716369239,-0.43881012473560843,-1.7872290473326395,0.22817688864578609,1.7802535501573327,1.7158226462227286,0.07353018244564855,0.023854590611086985,-0.18977724839143462,-1.735316130394079,0.3506596619808927,nan,nan,nan,nan,nan,nan,nan
1558,1548340602.33577,252870,658,0.02289735065591436,8.285721660549614,3.5397063415437597,0.04437771868952725,0.015204531017227149,5.264906304837296,-5.070176822597374,3.9022111712440606,7.498295620060246,2.6348025454075805,0.08784874137191478,0.030188852328117032,5.277539327051102,-2.6570485935332084,4.616503940087876,8.30261466443015,3.5508544170624496,0.04450480795812691,0.015260501628481324,5.291651255832268,-5.092722643696456,3.8724686347394375,8.285728068992928,3.539366850836255,0.04438964711201673,0.015209286142285039,5.265912979624779,-5.069398652568809,3.901039693634231,nan,nan,nan,nan,nan,nan,nan
1562,1548340602.46925,252173,8791,0.03182627280350457,3.878962355212756,1.8902323723046754,0.0624979512336355,0.020871426242960855,2.485983283116699,-2.9768159273617334,0.069303707170047,2.522981032093969,1.7916276377725766,0.11702292864452922,0.039737774688437456,-0.09971201108122425,-0.6130219747057355,2.445341461162422,3.900373907831958,2.098169509486359,0.0636341806929623,0.021505681030988034,1.7123760894828444,-3.5010786880291396,0.15209460638674605,3.815569004556423,1.890336847900452,0.0629902638754078,0.0210277000694219,2.4322427662379082,-2.98683049182167,0.19052792180927158,nan,nan,nan,nan,nan,nan,nan
1571,1548340602.76960,250040,3303,0.023627750381325544,7.9409432938828495,3.0911027376179776,0.048344836280418954,0.016197328658364655,-3.525554909333752,0.849041613510148,7.064571559299528,7.599717085496611,3.4260351467972785,0.09521345793261457,0.032399019138437485,-5.481834642511409,-0.29715405278764767,5.255177275855002,7.889274327840695,3.0522337288981767,0.04887483148980947,0.016504276537507058,-3.5148405235363747,0.9442546089574065,6.999637758305461,7.964685809970416,3.0913741034634485,0.04854795864988551,0.01626821980823491,-3.52664976873408,0.8796410777702633,7.091805617345981,nan,nan,nan,nan,nan,nan,nan
1575,1548340602.90306,246726,1206,0.017507510063668963,13.079461590498813,5.120448979204125,0.03374099750724523,0.011271374510354593,6.757858349875327,5.356530343615281,9.834187749798295,10.45721294243997,4.803764475731235,0.06511338962203853,0.02183894584355771,7.9063263897849385,5.127890852390218,4.532994699720818,12.968859983347034,5.015084309183839,0.03392661511858556,0.011407682673501354,6.567428771235647,5.2791744609930005,9.858525529347965,13.079464130407496,5.118124378589641,0.03376146122340695,0.011283204697600802,6.752814375139572,5.352442558517481,9.844830565116522,nan,nan,nan,nan,nan,nan,nan
1579,1548340603.03651,245935,2730,0.05442665433272544,3.5597887598663913,1.0078342088702943,0.10083125687691916,0.03285157148116617,-1.8811560164929553,-1.4069127589015258,2.6746858778786633,3.030981034504137,1.8295683954168642,0.17736623495948442,0.05766127538543214,1.5795662622948847,1.589251078937956,-2.0411020216143236,3.2793314441908428,1.022294162831456,0.10130070966540915,0.03304398643921254,-1.6632078136725883,-1.4043507991245445,2.452662496634117,3.520329921267805,1.0063982088497596,0.10132700907502068,0.03296900801641024,-1.8633289476574921,-1.435404519954952,2.593785019713075,nan,nan,nan,nan,nan,nan,nan
1584,1548340603.20339,242800,942,0.02219483302579896,5.9227990059184465,2.3470802587292576,0.042966932709913634,0.013714359742401094,-0.26733542254955855,-1.9362892147385495,5.59096270004066,4.5847086953719085,2.2421641228636955,0.08892922775307134,0.029126706935785333,0.7977376998751328,-2.086793924663633,4.003555856935639,5.91298219499096,2.3554247484527333,0.04314280122985493,0.01383041369680035,-0.27983490856407356,-1.9456229144122128,5.576701743606446,5.953505121599928,2.342260517310442,0.043052073701940155,0.013741054338124031,-0.3006609948482514,-1.9351881289911277,5.60589582204909,nan,nan,nan,nan,nan,nan,nan
1588,1548340603.33686,235384,4562,0.06754827246968802,5.286355352433548,1.7770558555562428,0.12740664033477933,0.041017520351922424,2.1216724915374305,-2.5755409680462518,-4.100078959333776,2.2441394784923085,1.7910109902992495,0.206009377971683,0.06565275885739451,-1.606426572951267,-1.4386190239374808,-0.6212334252186928,5.0406032341279765,1.7617729990609448,0.12785685222437937,0.04139022569337513,1.6979549256650264,-2.6764762377004736,-3.919324557029695,5.357402178122456,1.7923607105678518,0.12896612927809697,0.041394164699513306,2.1865496809191804,-2.6207844551823225,-4.155767838595139,nan,nan,nan,nan,nan,nan,nan
1593,1548340603.50370,241769,1794,0.022459061438253405,5.159998918187792,2.748127469158645,0.039951776188201345,0.013030353268723446,1.8799957475775355,4.689831346898706,1.0472281329470858,5.145646896406808,2.8200799653833393,0.08148947864390269,0.026797937605161377,4.049822707804856,3.1103842697585256,0.634135405325925,5.0184606712768725,2.6652423113189903,0.040600366515561315,0.013142696458901239,1.7059146708343895,4.559559941821098,1.2186942938756609,5.142906976284567,2.736915057676498,0.040074338267942516,0.013056719239639109,1.887904403558513,4.685048450928479,1.0441223219800906,nan,nan,nan,nan,nan,nan,nan
1597,1548340603.63718,244874,552,0.016770868509130184,8.78261293366211,1.7270669392654172,0.029261593504425813,0.009607696412950366,-0.679545974685389,0.024920382642260232,8.756248408156704,7.019661633961537,1.527714877171181,0.06327984061712429,0.020388666770041114,-0.43195912207665227,-0.3902046278813712,6.99548433781009,8.778233158407193,1.7341100785996586,0.029325872995468114,0.00963516530570802,-0.6749540963030687,0.0034200830549882175,8.752245577808884,8.782656710789343,1.7270449248733493,0.02927108944889558,0.009610942874455027,-0.6800529286446073,0.022096938608698116,8.756294924827387,nan,nan,nan,nan,nan,nan,nan
1606,1548340603.93746,254887,10263,0.033445851077620575,4.093159217585666,8.40272172653057,0.08637862807138817,0.02691203279266158,-3.7323411088424296,1.359970762265554,0.9869456689880212,6.676896865197693,6.72145477233062,0.14689864092522156,0.04762718882249417,-5.374400104831919,3.5464680648697717,1.7661652036342161,4.339832270091076,8.344513047113601,0.08898268992853436,0.027944336276108424,-3.9225742944664086,1.7645357617605324,0.5779001491463742,4.406885868621682,8.390936036676827,0.08834970175161067,0.02764848471188948,-4.035585461628537,1.2513602415364593,1.2576166045940902,nan,nan,nan,nan,nan,nan,nan
1610,1548340604.07091,260167,2259,0.026800127650321706,3.4959819560576046,2.3846766878325343,0.052565575260374926,0.01598843674876084,-0.6630318830825618,-3.42364726366517,0.24681566622550574,4.318536020009334,3.1685781171323693,0.10220105789106633,0.03121255205003455,-3.842164670157738,0.7665570920894426,1.8165666043603017,2.8795279270192844,2.599615994481698,0.05335649676794724,0.01628185426313279,-0.8957057757795928,-2.6994432831383026,0.44988688226992996,3.4929834763089156,2.38659830845841,0.05280938688463077,0.016042824732121916,-0.6476649626628511,-3.4284870918037447,0.24695126947920454,nan,nan,nan,nan,nan,nan,nan
1615,1548340604.27115,264526,2018,0.03251982438018152,25.376047944497024,10.688405003996726,0.0899784677622379,0.02499237803137395,-14.778253980128289,10.293100706715828,17.877334712468752,13.105563959555749,7.20620744634029,0.1541082689576584,0.0439742240860378,-4.222865950378422,5.297190356859624,11.218867330810829,25.34191553842449,10.669227450619404,0.09739431505124281,0.026238218862042938,-15.310819844969032,9.942882711957186,17.576420631283437,25.388711530304136,10.694967286682175,0.09025364303743574,0.02508500713836701,-14.798015700586554,10.303817696732326,17.864519263959792,nan,nan,nan,nan,nan,nan,nan
1619,1548340604.43798,261784,5197,0.026543694931113214,9.849952297515497,0.6023588748990625,0.051371669591016474,0.01590590085464344,-6.484088935632106,4.477016247494662,5.910539438817149,2.398445931754636,2.7377103226299226,0.10533480376619372,0.03267772999756629,1.6515366537084675,-1.6884596195063892,0.41722138284625526,8.676064654600964,1.0720580975078495,0.054062241951383615,0.016662280425323864,-6.403215495524303,2.914917995964726,5.077024944344337,9.893483647436735,0.5812520060712638,0.05190712199487265,0.016049285013913315,-6.448816474704289,4.536868059851901,5.9335689404181675,nan,nan,nan,nan,nan,nan,nan
1623,1548340604.57146,260999,6359,0.03898231982261838,6.838191437553374,2.2079334178770935,0.06420171305927412,0.020682758546058624,5.659086708073894,2.6970168825893417,2.7316111916152566,8.262032383797335,2.791330282039742,0.11668073174546359,0.037998140006696456,7.267327076040521,1.6994231650878966,3.543881655293648,6.960462079554749,2.5180841054515763,0.06666869680379388,0.021424388770638285,6.44066312713312,1.542338312129351,2.1417477383308747,6.889753281911982,2.2573407596757145,0.0649350784335097,0.02092810359353947,5.767394002472034,2.669218734450231,2.750799536972376,nan,nan,nan,nan,nan,nan,nan
1628,1548340604.73828,263369,3189,0.03277532803803728,4.953295877574815,1.847257322831544,0.05116290996518813,0.01620977979059359,-1.3141327605822204,2.613485560262062,3.9972350899923192,4.514879011235765,1.7649593454812749,0.10169460560347554,0.0324002287339259,1.2467036836840504,1.2976075079572376,4.140782192591016,4.633224070239561,1.850734813077268,0.051466496356710745,0.01651059099724966,-1.4564426522681024,2.1594157106626004,3.831770331615014,4.888287402385647,1.8456760975320292,0.05141099558132195,0.01634142357553235,-1.283161212529797,2.5659796046438723,3.937597788433939,nan,nan,nan,nan,nan,nan,nan
1632,1548340604.87176,264109,7348,0.03574003481093104,4.542104741020284,1.5321373251639627,0.05571040910445021,0.018478804255539782,0.8558366355589334,4.361746345636667,0.934573671766594,4.977570448085296,2.746361210409445,0.1093508030206044,0.03585802653391675,4.837085610934199,1.171527883559958,-0.07957874205401386,3.0684190824017814,1.783295991165765,0.05791955979030922,0.019172849926462857,1.6021845602801785,2.604285061686555,-0.2567092081002528,4.670813732902625,1.5642103020718898,0.05654637846880291,0.018656633742578102,0.9706791425756536,4.404273583419126,0.9353613891331585,nan,nan,nan,nan,nan,nan,nan
1636,1548340605.00524,267897,8825,0.026916032574533198,10.960918656788104,4.016082036051593,0.037777911194786025,0.012651545243795895,-9.574089603045483,3.4447326773927642,4.075826646814661,6.8071695000527805,3.641105871958722,0.08168054833608085,0.02656497228217649,-6.701129458755356,-0.05691655568896384,1.1954836197700387,9.078873328474705,3.8241120217289324,0.04029092083051712,0.013395905798598236,-8.521949896098018,1.4765156533115669,2.7608354547872396,10.547614628421378,3.954963311834282,0.03972362350941234,0.013235260289570543,-9.336124059102595,2.49229180119465,3.75369374762837,nan,nan,nan,nan,nan,nan,nan
1641,1548340605.17208,264094,3061,0.026162958256983074,9.408084262516287,5.542487012257994,0.04157430527036978,0.014366685881825414,-0.8774715104633763,5.670605053924946,7.455624156389096,6.579895434508352,5.160838339291549,0.08544394603786762,0.02918687179871744,-1.6722570749641177,3.803798937893577,5.101930403717401,9.48583374848665,5.463980433934904,0.04216900039408139,0.01473841123992472,-1.1033106575076312,5.6514809494984855,7.538203404950948,9.628835212231731,5.546830927053471,0.041920609877403946,0.014465949318539447,-0.9596801392764835,5.871726638382643,7.546658124801854,nan,nan,nan,nan,nan,nan,nan
1645,1548340605.30554,264056,4361,0.0400033283407406,5.520970972939899,1.1985227852027667,0.05465536194712416,0.020475065182674605,-1.2377164910079488,4.356168971861658,3.1580009912160647,4.489005633999948,3.0509508172586663,0.10946023223891707,0.04007540830502239,3.8417478320855096,1.0231659037906249,2.084532731829815,5.485926701809871,1.0587474713499083,0.05538638446285931,0.020922573429247686,-1.5182176510313827,4.257535342463294,3.1086652681501823,5.356603821872955,1.2494800056329107,0.055237463530175654,0.02066764292404179,-1.0658107388062021,4.2618262731495085,3.089833565244639,nan,nan,nan,nan,nan,nan,nan
1650,1548340605.47239,262441,3855,0.03779115018770242,2.786112281556013,2.919002875296158,0.04552263765344163,0.017992038665084826,2.705214466095341,0.1759697880769577,0.6428615492856139,3.9316700247894336,2.8730038640075226,0.0924517640464226,0.03631402946632477,3.9005677344132614,0.04171559120495351,0.4917929874778225,2.6291511093927817,2.987969099594689,0.04595557912013353,0.01834401919878922,2.5631394664018705,-0.1339670165718686,0.5699161958264238,2.78544203751413,2.949735367883267,0.045837728764775744,0.018143448486962775,2.7190422726669903,0.10073409663652137,0.6427871026653742,nan,nan,nan,nan,nan,nan,nan
1654,1548340605.60587,264418,80740,0.03468489947401624,6.09214327867965,0.6800246173073716,0.038545928150282606,0.01587966554812551,-2.0446131657238378,4.125914627049849,3.9888087470830795,2.4035165886144965,1.6053077136818181,0.08116614249008636,0.03255780934034204,0.15795158155147002,0.8602799927345163,2.2387187460087876,5.899348626241076,0.9223973142887134,0.10064640792740152,0.029381075066070305,-1.8254853476231858,5.213633750479628,2.0707343082600556,4.098769062664868,1.0391674482310889,0.07946971155906532,0.024900458840050533,-1.1359021641835338,2.9315913645006004,1.6372128521649967,nan,nan,nan,nan,nan,nan,nan
1658,1548340605.73933,264295,5684,0.0351394618176287,8.065487140558815,4.150430865599379,0.03834643192821007,0.01691352151430992,-5.873820632297635,3.363079797642404,4.3863433824546565,6.0243692240570885,4.007356290231841,0.0806356834947053,0.03429229587103317,-4.594460800793528,2.7797187494352595,2.7307724496515586,8.513470775870488,4.124672977828631,0.038813390931398406,0.01725733695993597,-6.325896916055323,3.6743850600721095,4.3544353582710915,8.086582024671277,4.146944937445731,0.038633872874153805,0.017070279437110786,-5.914941324586923,3.3438074745947146,4.386429098449954,nan,nan,nan,nan,nan,nan,nan
1663,1548340605.90616,261125,7464,0.03910924533484549,5.74859511889977,1.3570724770846267,0.037892832377522126,0.016906320238813395,-0.4751688556218917,4.614295065571392,3.3954147681143088,3.3208236801464146,1.5917725024184095,0.07556836604055124,0.032502252075591126,1.085372318018564,2.18029628242564,2.2574642780653513,5.913808114567473,1.313329451358178,0.0385372598587772,0.017382934720254452,-0.6661674582560746,4.709743375556922,3.513924397291784,5.765430117597987,1.3795494187498223,0.038474569350974264,0.017167464373513765,-0.40418971449949226,4.648520941284486,3.3514260684544945,nan,nan,nan,nan,nan,nan,nan
1667,1548340606.03964,258581,6403,0.05177730875596075,2.746340214016568,2.2117414901548047,0.05437611977246877,0.02508355128203933,-0.011893103103565844,1.9734175369694835,1.9099388341003052,2.52358584931412,2.072939838530187,0.09801421152524954,0.043899337257207745,0.8316281203589898,1.6240480288570693,1.7433726532936407,2.657630511231191,2.2267611352327203,0.05568757737149476,0.026184525875563622,0.1247938431316297,1.7952337263838105,1.9556488178089377,2.7307234554845823,2.2136568508687233,0.05525173321345578,0.025297707900362926,-0.029325342991933682,2.0412412311430086,1.8657578959728003,nan,nan,nan,nan,nan,nan,nan
1672,1548340606.20649,251776,5184,0.07142373234590993,1.449283340250327,2.6776433663168775,0.06513450161951459,0.03409604691915643,0.8078038547389391,-0.31958397153572304,1.1600608681157683,1.6687404631372948,2.595456675639863,0.1084840417016582,0.05549169898727077,1.6040244493254083,0.09234183964359945,0.45085838567030095,1.5171780859270734,2.7434343141349107,0.06606830833197,0.0346894778860011,0.9867286879332322,-0.4864507206999803,1.0447782239104,1.466447275996852,2.6837281382926808,0.06581338530397365,0.03437632189618581,0.8078787625638392,-0.24792223733383692,1.1851263842344677,nan,nan,nan,nan,nan,nan,nan
1676,1548340606.33995,248594,5973,0.0310640269033648,4.364826321332394,2.6494451376374673,0.02495576991162618,0.012802323352454006,4.281359962257084,-0.7810570102380747,0.3340892631259788,5.7171089679167855,3.0644633213243333,0.0558180542682663,0.02687735765590078,5.5953645882866425,0.019145089390313282,1.1733982873409234,5.003403562163193,2.9356608337038934,0.025403330850044717,0.012919155217687984,4.633974451795352,-1.7860773899645666,-0.6084862718522527,4.385430453823998,2.6523062542203015,0.02543630482335969,0.013182817005647862,4.307524312321655,-0.7372943565923793,0.3560426772330471,nan,nan,nan,nan,nan,nan,nan
1680,1548340606.47340,250908,7656,0.036630603649703344,3.6241086892502574,2.5129899639587605,0.028622359253994815,0.015603587853430646,3.020416732190954,1.292212206753758,1.5301745547867158,3.9790157901234404,2.5443582234174102,0.059155933958064545,0.03150055974133849,3.205678137958536,0.6349128441618835,2.270039650355172,3.1606553894738885,2.177012911113784,0.029369073159077802,0.016504993423444324,2.559166304174343,1.4224448037183302,1.1904037545991253,3.653191003475453,2.551544822122009,0.029150546553922053,0.015972736148750423,3.13028129529855,1.2926708367001307,1.442805532806344,nan,nan,nan,nan,nan,nan,nan
1685,1548340606.64027,252878,13831,0.034411759307894,7.07716121390191,5.644524397241927,0.025420697850279908,0.014407233135332142,0.037490492614505294,2.7335603071790473,6.52782148634108,5.917051629594038,4.949480465264518,0.04525449601646785,0.025947896147701474,-0.28940859548888864,2.726504618974423,5.243464047254424,7.020734860673118,5.839229436322324,0.02650048200179282,0.01569832994124448,-0.08409148269005504,2.7553620401740626,6.456905344975842,7.193442726703452,5.597464638972503,0.026513345592512276,0.015060979850453786,0.2892859933279872,2.8102773081944514,6.59636920411657,nan,nan,nan,nan,nan,nan,nan
1689,1548340606.77375,250008,5006,0.02994554260597069,6.082285500136845,5.159598691862624,0.021790679950428948,0.012575296994170225,1.5710100766330348,2.5950050642805085,5.271818752636599,5.320334426257461,4.713374403556126,0.040827496127205064,0.023352923107627096,0.9787965810389273,3.0445745185555677,4.251879779712609,5.907598527527463,5.345077822847357,0.022079647060678866,0.013049813535344288,1.4134096794074056,2.6000905777849983,5.112878096328503,6.0884545734836255,5.138668296558387,0.021900513972726944,0.012642269956816825,1.5731837041779309,2.586125595275356,5.276416137006338,nan,nan,nan,nan,nan,nan,nan
1698,1548340607.10742,250937,971,0.025257303917527906,3.419334201536604,2.690302052859902,0.017063643466553226,0.009865077859675797,-1.998081503433809,0.9674383583830004,2.6006883146895667,3.1275638246644997,2.679612636509216,0.032513980975981314,0.019125544540095813,-1.8138418904595137,1.3768417018372614,2.1438143580651206,3.4141674264988606,2.6887174473919924,0.01712642440439155,0.009926395875650942,-2.0575513998326556,0.9646588761569577,2.5480295731926126,3.4119387743035947,2.6896106478333586,0.01709977281811355,0.009877935476366968,-2.0001825612733946,0.9647087144939366,2.5929881382620836,nan,nan,nan,nan,nan,nan,nan
1707,1548340607.40772,254420,129060,0.05963747776357864,1.0703797987111554,1.7381835137859671,0.03671058128854021,0.02284060123275281,-0.5632214588744946,0.46674876713406005,0.781434635866017,1.149721014185966,0.9119318475972115,0.06215446953461608,0.03794782422709573,-0.34276733013517113,1.0970877909787025,0.027701024137811982,14.700409532685324,4.509549375992836,0.12868526177076473,0.0494686082573384,2.4969201337812077,14.45872688259076,-0.901469471935051,3.1310180912075496,1.9842814736873071,0.08403519824294095,0.04061479495017559,1.4621414306375429,1.4576665802445206,-1.8641826591311652,nan,nan,nan,nan,nan,nan,nan
1711,1548340607.54118,256280,11675,0.050846940173595895,1.0959068011408566,1.8643413763865666,0.028908668607514076,0.01937685528859638,-0.10201020270943104,-0.6905790251806745,0.8448113667029317,0.5577496209244096,1.8306605043890865,0.054677100055656166,0.034403816585581073,-0.07718589031118797,-0.43167023152727263,0.34465604476257583,1.1135201757756992,1.834174449935233,0.029711053705410682,0.020476397193970416,0.14814560089628176,-0.7454218168959752,0.8138343674791122,1.1940121375679629,1.803167917430192,0.029692965012158755,0.020378436093660832,0.113028770283428,-0.7140705503974958,0.9311075236146875,nan,nan,nan,nan,nan,nan,nan
1720,1548340607.84151,254412,9079,0.026178187336548114,4.287222416044051,2.462841947303795,0.014880998929828446,0.009850598526296944,1.241181555456096,1.198328580192109,-3.9247615220444847,3.6437487985917687,2.3749075829789867,0.030102392352838906,0.018520622756107923,0.943344880469031,1.6378659911388471,-3.115188716402682,4.246608344071811,2.404498008469328,0.015167837781662951,0.010321390034700258,1.2756333044032946,1.150599759298888,-3.883627465983163,4.293878429529815,2.4687300917981836,0.015115976891973915,0.00999385661266346,1.201231025931041,1.1955262795991533,-3.9503004841598077,nan,nan,nan,nan,nan,nan,nan
1724,1548340607.97497,255332,11576,0.043924528546461575,1.0986029521037834,1.278514347779564,0.027013198396124337,0.017636031905386998,0.36706924036590477,-1.0341343713771822,-0.05248543688172585,0.6253926143257438,1.5899691110116319,0.051513656091922856,0.03284922655990137,-0.33619075544244337,-0.2616340277324129,0.45786388101786635,1.1710565005356193,1.2028957962799345,0.027468628548918732,0.018469166403379454,0.32228199172873834,-1.1214203953653075,-0.09961898470073771,1.2256129727677667,1.2523649923834026,0.027732077707667287,0.01811032714223768,0.33145879974280446,-1.095213692475603,-0.09640496156935327,nan,nan,nan,nan,nan,nan,nan
1729,1548340608.14181,250058,9525,0.01864996371912486,1.9193451821466625,2.3687490484975298,0.010655402126784707,0.006895713619512983,1.7288667497595667,0.45103276730020436,-0.7010528743446652,1.6998552566526246,2.477396624296971,0.022460865041440396,0.013697796823984403,1.1680112127615232,1.0648127519785504,-0.6256448702393247,1.9659887772121407,2.3267621610061107,0.010845554655226908,0.007242529073108006,1.8197422506036334,0.399195279543697,-0.6279276568858395,1.9431682339326648,2.3883738416484896,0.010888471880256396,0.007129388752954062,1.7604014503790175,0.49930902749044115,-0.6574182332189651,nan,nan,nan,nan,nan,nan,nan
1733,1548340608.27529,253723,6168,0.030974169294691333,0.8871347866185165,1.5573191409904226,0.01699236272204943,0.011326207386014406,0.32365334342894314,0.6432929949924068,-0.5181030452618927,0.5771546518448873,1.917802236736806,0.036316674040156226,0.023108158007603182,0.22195972755909976,0.09967997263742155,-0.5233596034688638,0.9920849136691152,1.4135513611787502,0.017275185017373032,0.011801977816279589,0.32897498290291777,0.7592822432124645,-0.5472644805723544,0.9445290507158014,1.5661875673184271,0.017191486251270018,0.011428712810730976,0.3335206962447108,0.6582942888013865,-0.5614406008126456,nan,nan,nan,nan,nan,nan,nan
1737,1548340608.40878,245893,10348,0.11295492472068233,1.3113460511588755,1.8190104979631345,0.06070306738600188,0.03998918757860355,0.47892640717369556,-1.1589010426804958,0.38367477852437903,0.8365013577695402,0.9535118808038334,0.0890583676251747,0.05666573527399189,0.8046278807700422,-0.017813739112048466,0.22801571379324473,1.5509529434310325,1.9259700599010376,0.0617388413698427,0.04143011980536907,0.6655249637419512,-1.3530960704989579,0.362853385507063,1.330668652082664,1.778674951994966,0.06194463150661421,0.04108114540294586,0.5440174940583715,-1.17005345094333,0.40065263352853575,nan,nan,nan,nan,nan,nan,nan
1746,1548340608.70907,255602,7802,0.047602696471483526,2.9365306688459243,1.3226871357450336,0.02979211572059476,0.018938019952168903,0.27712051820407213,-2.529290042202279,-1.4659837890916085,1.3890637901443683,1.2992325005785472,0.05550330377151284,0.0343087136945392,-0.7480261395629894,-0.9993647429519305,-0.6092825437884716,3.012963238839095,1.3817555372695127,0.03012384808547671,0.019599776568020196,0.07781178560236701,-2.524093897228125,-1.643424109167465,2.921576730645582,1.3492917832450289,0.03009043259123565,0.01937210069401509,0.2501410206045967,-2.4739291812831326,-1.5331620979126162,nan,nan,nan,nan,nan,nan,nan
