frame,stem,n_valid,n_removed,sigma,all_dt_mm,all_dr_mrad,all_sdt_mm,all_sdr_mrad,all_tx,all_ty,all_tz,robust_dt_mm,robust_dr_mrad,robust_sdt_mm,robust_sdr_mrad,robust_tx,robust_ty,robust_tz,oracle_dt_mm,oracle_dr_mrad,oracle_sdt_mm,oracle_sdr_mrad,oracle_tx,oracle_ty,oracle_tz,shift_dt_mm,shift_dr_mrad,shift_sdt_mm,shift_sdr_mrad,shift_tx,shift_ty,shift_tz,mrcs_dt_mm,mrcs_dr_mrad,mrcs_sdt_mm,mrcs_sdr_mrad,mrcs_tx,mrcs_ty,mrcs_tz
1,1548266530.54122,260551,3419,0.0264531827342716,9.979771470667574,5.727594101325778,0.038177270893667355,0.014312649855721855,7.520617198460915,-5.496601167911084,3.5809958338265133,6.269065805220007,3.80161359242625,0.07481874114895234,0.028093650487760764,4.994493343062044,-3.0467347476508437,2.2524719074262953,10.095566059642078,5.790199208687183,0.03843276622825279,0.014480086592943983,7.547304169272186,-5.645006067036256,3.6183643188888013,10.01811973959289,5.742913226123005,0.03845272135938123,0.014402593265007143,7.5545171387251795,-5.510837829389022,3.572263103855878,4.704560962275177,4.235694103217914,0.06025880593655087,0.020324639684983596,3.9798116341761833,-2.2796189303570666,1.047535553858265
2,1548266530.57459,261947,4466,0.03263281900288432,10.972620887133006,7.17137968942026,0.0533043027402092,0.019220104666301592,8.902950609761213,-5.878690401603725,2.564542597617006,7.431118204524727,5.1942388172063545,0.09820771498468876,0.036262285554108015,6.467520247458533,-3.5796970245660282,0.7605713843196004,11.301936200855547,7.368676202840644,0.05361826610637034,0.01944957236076563,9.162994222668877,-6.112084147861872,2.532928371075953,11.078257876173254,7.222682375556854,0.05355668419154151,0.019338927476805535,9.003412418450186,-5.891295517106066,2.5655627624808073,4.892167703956253,5.292456894269099,0.09862623369181307,0.03409508276628415,2.2708908456023313,-4.018713622441696,1.6205864468746085
3,1548266530.60794,259169,5964,0.03703619970413185,9.383139260353634,5.465465520589811,0.06069434174328499,0.0226998311911065,7.7187054024345665,5.334190356302926,-0.10631336859495691,8.13040255958083,4.935805005992504,0.1152834333750598,0.043514942419660266,7.756570882882603,1.969325674795382,1.435552265244289,8.22453309543489,4.785893867403936,0.06119668413571993,0.02316655550923284,6.706131847600921,4.761145962384777,0.04721657932953948,9.369261216037893,5.474535027147683,0.061004427204258416,0.022837465136066236,7.715808273800967,5.3334421967949694,-0.08405180734060175,8.550107988969808,4.825763929875547,0.11688487601733945,0.042176293710151455,7.441593444677344,3.7060394048886494,1.9980754631877886
4,1548266530.64131,260573,6010,0.039688024911707614,7.6581988256897215,3.1425205701445202,0.0586775565935096,0.021510576810127576,5.34596586250373,3.552275681252688,4.1773192043607255,5.616956146478845,3.1482356905750577,0.10886924843448711,0.040165265535555744,4.59248831706646,0.9395962186916671,3.094576926640356,7.691873729778303,3.1628552647621846,0.05907558766078109,0.02181238953888657,5.469656424159405,3.471128381059605,4.147173475839643,7.717859701150967,3.1579277217770945,0.059042391565770305,0.021695356353703496,5.411069940218752,3.581626932261047,4.174456512988724,6.473146235830828,3.2093639671391814,0.08906983625787648,0.0301389058650028,4.650723441488693,2.6321309557487362,3.6529823833448245
5,1548266530.67466,262186,6520,0.04474886884340438,6.711083446854274,3.6975126167758687,0.06481669836555126,0.023358049696362713,5.253142419794396,0.5498044804652079,4.140151057782614,5.5207756490255955,3.7584499111542726,0.11351600061727185,0.041239329272081224,4.7313467475751345,-1.1921861465247268,2.583024179739459,6.747962184394422,3.8993391608275108,0.06511764660037235,0.023593826469509954,5.548462587494215,0.6087812203811408,3.7919575397023357,6.74690015522072,3.6685717475801236,0.06515321083169992,0.02357283105427485,5.218157718320265,0.5409691503802273,4.151238336255174,7.112308441937974,3.7999674146501823,0.10088714444246616,0.03451776635239854,6.036132466235524,-1.8592128591843886,3.27007091170253
6,1548266530.70803,261906,12398,0.029209491757932395,14.811053711182673,10.281963589064816,0.0537028597624555,0.019256642877176166,11.631744063127265,8.22488747976229,4.052291701086091,11.688656653989591,8.470016766572792,0.10015645035203175,0.03675442303691113,7.882003338434567,8.134210889959142,2.8867509323513874,14.549854798211955,10.010345378147694,0.05443677421775758,0.01976777242656629,11.346102970103614,8.041478879613388,4.277714280967024,14.706238035557053,10.212520969695962,0.05514118976661907,0.019906843752532852,11.667335102252839,8.12764975224292,4.081800368108129,17.21333401424701,9.961527939972498,0.15463946241902163,0.04589131073846102,16.31770814670192,1.0420385787462116,5.380095196694513
8,1548266530.77475,259420,1598,0.025253130278826114,4.7790840019043355,4.209334051041011,0.040184571048355426,0.014409938381335245,2.3426331717431195,-3.6115811967096256,2.0756191797823123,6.500539803196808,4.5126607495365345,0.07794614477228899,0.028432874562063483,3.5758834035991502,-5.030108995179151,2.0415874003891994,4.715819891672508,4.168569993080603,0.04043874323853216,0.014572874456756391,2.195345618718553,-3.6099639644741415,2.0946539189721762,4.7892769160874815,4.215104854921001,0.0402734082866637,0.014444704261781769,2.3603819005034703,-3.6071798815883915,2.0803308196097605,4.798831813866404,4.014599469202343,0.05879364957675139,0.01963246568791343,1.1114328132527183,-4.419451110044161,1.5039799750431881
9,1548266530.80811,261395,4714,0.029684009397758775,1.694377052629829,2.486272155771791,0.04412655272384717,0.015484031462082349,0.19854468076389095,1.590236241351694,0.55012935107168,2.152062751671965,2.0601746605578097,0.08434921785104395,0.030405306961693936,-1.3296855950077744,1.344626987071858,-1.027272393866782,1.7683957667092383,2.4857881171385183,0.044358785559369784,0.015641522866552612,0.12669137040493175,1.655697205725887,0.6081444296641754,1.6855769271484995,2.482804613777466,0.044231596291348485,0.015552693936112541,0.1629081133124246,1.5735560016949945,0.5418298216825753,1.5529617237672144,2.3383157265883665,0.06168145560523397,0.021395599474728688,0.42974856818798707,0.9202668551392748,-1.1747830433567221
10,1548266530.84148,259842,3560,0.024019870891111,12.157649245223906,7.850515401768497,0.03993805982652993,0.014460133528038922,11.177859890350643,1.9000979228227572,4.387882328101837,8.941921238178098,6.399656463686342,0.0767751359980427,0.028940249170029558,8.14109077399921,2.1566486355852903,3.004906504687558,12.085174791843759,7.7688397805015,0.0401644126223047,0.014628462060685417,11.079979832778715,1.8490103496486487,4.457202865197522,12.105902673308623,7.828430649047416,0.04010969024206047,0.014533774263749615,11.118224924273232,1.8937429409902036,4.376202447586066,12.392807369461535,7.47285231797489,0.07330883592746575,0.024818080567412956,11.264628069791906,4.270291622956003,2.9076516986647905
11,1548266530.87485,258256,1527,0.02310404143945795,6.122801540392783,4.161173766760472,0.03351408754154766,0.012086473409329886,4.836947202182554,1.452668994337154,3.4615593681498633,4.791940557943291,3.3551101841143356,0.06601202968521862,0.024539282702397743,3.4863638978019122,1.7502257305616344,2.782924895688941,6.078792251575657,4.100622073188508,0.033584226096116,0.012141705557897859,4.756859779955054,1.4233474724544644,3.5068621650015968,6.1055631173037455,4.155270051126146,0.033601730907679345,0.01211658762453412,4.8206036882842405,1.45917208811639,3.444010429875314,6.403406718853332,4.0242750585760545,0.06262680600403057,0.022115649330880383,3.262791552506313,1.855482308182063,5.1879662967267635
12,1548266530.90822,260230,616,0.01644391615745121,7.9839300525738865,4.851310700696516,0.02215445906548134,0.008146661598628912,7.561232182842625,2.048495423934097,1.5409651065674699,5.398029021341792,3.6693849715313718,0.04568216355014336,0.01676493415035598,4.708144493263431,2.549076804745904,0.6886945544345912,7.991513387373503,4.854988631480652,0.0221851227370677,0.00817017283987028,7.565111551408553,2.068072299332863,1.535073418454917,7.985772172752721,4.851234701230556,0.022165143055229312,0.008150648151548364,7.562448918795434,2.048081238993809,1.544458221052559,5.556615672214011,4.252073442286972,0.04540872787103709,0.0159075357166159,2.034630788914296,5.1101064202830635,0.7893463465920221
18,1548266531.10844,260053,1017,0.0195865263555647,4.9609962060257535,3.206233080041409,0.02630364050834318,0.009644958041493342,4.271767224522992,-2.362830151074903,-0.8834714556025067,5.5425932757145215,2.8986417524430523,0.052664791489331446,0.019456040178284832,5.438470605527867,-0.8722603569167425,0.6184978274470115,4.978294139059864,3.1685355866158895,0.02652407009019476,0.009750543031901973,4.264310984569787,-2.450650916804403,-0.7703080201068823,4.9217776166208775,3.192460733801281,0.026346172422322865,0.00967323601913474,4.239108740693998,-2.3566093728131734,-0.8758210038348389,4.351129598262819,4.784677739119885,0.05284579427722818,0.01981029946026027,3.4177129329697444,2.6369170862379705,0.5461093013274588
23,1548266531.27527,262143,2402,0.02408942576588515,4.713523283218837,3.954730289102976,0.037211386321848346,0.0130526471562787,1.2365726093861016,-3.469231675865955,-2.941533868975578,2.6103668204816697,3.685773383921775,0.07395767825923293,0.026313106039420605,-0.4428654509779784,-2.059598153806434,-1.5414086332438859,4.699413523457153,3.9440567612473703,0.03747842322453797,0.013226948260105146,1.198119039291209,-3.4286119339641314,-2.9822170340903456,4.737430715230435,3.947921771351808,0.0373245850203788,0.013098423250675277,1.267729232589125,-3.4992910463509204,-2.9389997532489796,12.78690959672432,3.299443474507873,0.13722314521012585,0.040702978815952105,11.936189139786169,3.583723550653938,2.8617077709891303
24,1548266531.30863,260953,2063,0.030714255142582508,2.4450705783246094,3.0872505217616584,0.04566045793312572,0.016259412754639557,0.29498388859283237,-0.8341125315923867,-2.279388278266744,3.017814120933961,2.8021731156312524,0.08865522156223314,0.03159728455710012,-0.9336405342177659,-0.6460973899003866,-2.796082184796772,2.419692499689753,3.0821930721517368,0.045787232053961166,0.01636321461517504,0.3492408491875647,-0.7600892955814016,-2.270508067604289,2.4317758204233892,3.0810399295379614,0.04580288481963808,0.016317627293055567,0.30062451515933525,-0.8394318644387568,-2.258630191883025,11.119650476157307,2.4422856845828087,0.12515018878089296,0.039164552971532623,5.420111197114708,-8.461477441753205,-4.761556554900807
25,1548266531.34198,263016,4742,0.0435313161625237,4.520659231273134,2.4668157302978346,0.06525581969930679,0.02330352498656547,-2.6074744160337477,-1.0806711267746605,-3.5312302347454008,6.027243743530129,2.9252122059726173,0.11858505280664783,0.042272159119512674,-3.641032824104361,-0.32721112785609807,-4.792022537042669,4.684869431174879,2.511066319126942,0.06573467976039252,0.023611819243500174,-2.634116337201,-0.8181247348779489,-3.7868330604118934,4.661947076651435,2.4756801365771675,0.06551403683527784,0.023397399730182712,-2.689283403652631,-1.080185250030444,-3.644299368594335,13.651656901365909,2.213317131305353,0.15370760482616927,0.04935417731185023,5.5157399156254625,-10.691136901424166,-6.453211688050684
26,1548266531.37534,263468,5105,0.04595799304203503,4.995034886783508,2.775062942764328,0.07494339988241754,0.026705660368031254,-0.6679738708548343,0.3002847755349117,-4.941053883699457,5.843164490691588,3.0534908184636818,0.12927915544692328,0.045972818281969405,-2.1874796288593803,-0.2157735591364239,-5.4139584325871875,5.521236850659913,2.8614575908651467,0.07602996470885433,0.02708063957537466,-1.1916570294094366,0.38587180821857847,-5.3772774554570075,4.98364311547652,2.780585446464082,0.07522512618451269,0.026835937265197733,-0.6728610970448565,0.29049792737351376,-4.940810195364433,13.251920931161102,2.766652975122326,0.21951124054637153,0.07204218217467774,-1.1503850448165116,-11.491495435477121,-6.498888771999155
27,1548266531.40871,263478,52939,0.04583011192732923,7.276311074610178,3.7964794436623843,0.08145781755247386,0.02867536139290934,-1.055875753312917,2.452757810528057,-6.7685898362180446,9.530907022465843,4.290908531849552,0.13944006703538814,0.04925226749223096,-3.954251402746002,2.8619548859829975,-8.186042923498999,11.098558670000635,3.587714266103075,0.16164376867390354,0.051480015855627614,-5.057333864471939,-1.8275745019183527,-9.708828465610537,8.608881303999585,4.0751369365207815,0.09737437396673948,0.034082803607201985,-3.0302420469654687,2.465545357343921,-7.6130267363760025,6.243118697621808,2.333835151588774,0.20118846544306124,0.06263166606714207,-0.23479610300747883,-3.4566501183493354,-5.1935509838571
29,1548266531.47545,263348,53721,0.05529293008432403,12.243351762315905,5.712474638894434,0.0981546723831154,0.03589212564697467,-5.988346812622481,6.238769356653135,-8.667013426898794,10.707448552347108,5.817176306551226,0.165181151047568,0.0606367150357776,-5.796864817980574,5.020106007231756,-7.47290763086062,16.011445061328352,1.3721623996408565,0.22166532197710626,0.07041199122187324,1.6740071559174643,-7.389325434622463,-14.10538700692451,12.733323486312294,4.866043434922149,0.12001046338371812,0.04238700419353497,-6.2730293662975765,3.8603695651248993,-9.703805738500964,15.750158804950935,7.27097922934154,0.19100758175209817,0.06510352898831662,-10.131643391360495,8.062794840164702,-8.967086702875585
30,1548266531.50882,263433,52995,0.06600186443566601,7.739846119255864,4.57416218454828,0.11124976818863742,0.0390023890202921,-0.7334572525615816,4.684680678170483,-6.117272705381134,8.747053978569218,4.385869768580762,0.18497588245905675,0.06538169741608993,-2.7015157328297494,3.215421697358419,-7.672928343040462,15.031631231886113,6.497085472591093,0.22761824062958377,0.07185534419323227,-11.560327370586686,4.941827488882932,-8.239363424828362,9.997507564862367,5.107973908701883,0.15036861320698275,0.05000384448284081,-2.370268565511407,5.161229606207817,-7.5507925514912095,16.35806614759661,7.915447554947161,0.19697393121511117,0.06256383765189474,-7.942919921293255,13.375769929830819,-5.058174571651576
31,1548266531.54220,263381,52681,0.05005328672262055,10.21483927154665,5.2510283109911855,0.08250693981703108,0.029064519094097924,-3.0629326598258206,4.613542846650188,-8.583507864913207,9.892542061876645,5.699727264793491,0.14341013809057349,0.05057334682663697,-4.001829455027888,4.00549738274274,-8.111950454465983,10.711029335526145,3.75170638641101,0.1703668233516313,0.05379715083511247,-0.9672117969130515,-0.6732076872988467,-10.646005925988188,10.716468020597862,4.695555625335326,0.1080181418854956,0.03562608614027636,-3.093117899926883,1.8124787767802175,-9.16516354769223,10.91742686753273,3.481072705010837,0.2089924026046185,0.06441291814391047,-3.6689587640810144,-4.2556693510325285,-9.360460959273373
32,1548266531.57557,262527,52795,0.05973605337668919,10.817689789806408,5.648458872154741,0.09276171808463558,0.03241494385283173,-2.4667796540861024,7.1358223238629215,-7.747093021832656,9.327049508424071,4.798449829556761,0.1669673201612071,0.05834611143285483,-3.483457081192905,4.616457623469893,-7.317629281863589,12.196935917488446,5.5022093297284345,0.19348120628865106,0.06058639992090664,-6.800311652167705,3.023544292924598,-9.663290698174972,11.532287314128688,5.742767672698887,0.1091173227731043,0.03785366033357704,-3.2323262169599865,7.093634402492369,-8.555995255397647,8.635045360718625,4.865660868148574,0.16412432724439233,0.05242452339682536,-3.0317258376047866,5.135847967448961,-6.244654712833863
33,1548266531.60893,261273,52266,0.06299707134055262,11.601237065529578,5.593568221138708,0.09933630910838473,0.033880750248385966,-2.435080196982506,6.628092871235801,-9.204752618900416,12.534715278518116,5.837176576067964,0.17129173140575035,0.057987522252667574,-4.762769314843457,5.756668714325497,-10.064585479820174,19.58679419737077,8.363100297202267,0.1960279494807591,0.06141792413467842,-15.486271241656356,6.476109662783384,-10.093458951004267,11.776004756425385,5.443790511694788,0.12834178384726727,0.04211972600292368,-3.169624256190544,5.732886675346839,-9.263380412589477,10.954919008712993,6.196493427111616,0.18489611004369985,0.05561743371259429,-5.240588909630867,7.247857450623726,-6.325744283730838
34,1548266531.64230,261827,51833,0.055660089429680225,7.363617484581115,4.0756676237621665,0.08592552817477768,0.029386672018301002,0.8136495491188572,2.977760372430182,-6.685340682031983,10.776200685825117,5.019635163466421,0.1498407912328157,0.050632070334713536,-2.305046222395401,4.18988990006236,-9.657022613577842,12.750308494893467,6.257898644129065,0.16040109579136697,0.04989959962463893,-10.023845205760486,2.4723195077767377,-7.482013783559317,8.670101776392933,4.615126184476649,0.1206071333330413,0.03984722458028815,-2.686163169942893,2.6399644166427576,-6.5018150379464235,4.174454877630406,3.716479449277137,0.158440443189159,0.049141336460033644,1.4255783007320473,2.159784093442915,-3.2755354834843686
36,1548266531.70904,260451,51827,0.0476829925396034,9.886197053490074,3.9343042746119856,0.06798225361724775,0.023664749432673746,-1.1133865159920415,3.193784997966841,-9.289617862603654,7.795902204987182,3.7640284550539884,0.1278818928216272,0.04376760533562071,-1.3377245992817777,2.9482240096336962,-7.091865711871582,10.221079095012415,3.670104603589228,0.12238160612167256,0.0376985216665347,-3.7151423633095795,-1.1117916315439405,-9.456854363628066,9.585885557302245,4.0828338318895145,0.08042791746840883,0.027759084438671575,-1.352267268565476,2.6494478580380587,-9.100158391414817,10.818628683843682,2.4411232886319945,0.2346443449712209,0.07088087858649629,-3.666393107099292,-8.102180733325548,-6.160759332065192
37,1548266531.74239,261428,52510,0.036242042027879444,9.932692231712176,2.57976198392201,0.04997675416409306,0.016984433907411403,3.19380878509276,0.30581064505261946,-9.400236181264395,5.853672277272015,2.2418683235644887,0.10118410187763326,0.03405803802389342,2.5112564417612266,0.47832591379832895,-5.2659542851799115,6.933104487312208,2.598858001312305,0.08379230216541321,0.025318031359712164,0.11433803263229786,-2.1706738099422633,-6.583543108168518,9.87049770641228,2.354240469073451,0.057699494661223816,0.019596620744163733,3.7963027287363804,-1.040361373705951,-9.079580866289088,12.427013830725356,0.7589883069014541,0.12288864222778227,0.037763752369664096,4.984977775795442,-9.101977941784407,-6.836275804203257
38,1548266531.77576,259876,53692,0.04487486000841522,9.756540314523773,2.9630682971565414,0.06266671419276157,0.021179359513517966,1.4086702720633224,-0.8679363121270828,-9.6152178098899,6.668373987052721,2.841957586470683,0.12076811289727317,0.04029479368784901,0.09876739346910152,-0.5167570485468321,-6.64758744101692,9.239302356975005,3.5482114578243147,0.09670211792216116,0.02892184720974938,-2.189464689000949,-3.90129828903031,-8.083985655555745,9.940080813254044,3.1255432028179246,0.0736886858705734,0.024849232827312898,0.8690338829296161,-2.0509305283858303,-9.649920474941057,16.87313571801995,3.9069925012606466,0.20946107823295748,0.060338942991283395,-1.5481607092154333,-12.044466845011158,-11.71480797096517
39,1548266531.80913,258964,57541,0.03154224316488162,9.367383795643821,3.027182348599529,0.03776842221328334,0.013182229974169632,0.9540766742916098,0.13898784435835995,-9.31763377975244,5.214696545012862,2.1150518259243145,0.08454370148844474,0.028390074316478178,1.7884503999918202,-0.8736450749757918,-4.819880652703834,10.713219516370627,2.0609326453961256,0.0885697925814055,0.026725564588691117,0.7287608256138434,-8.029828366546994,-7.0543487629115935,9.175015005842916,2.8388013933801006,0.044809119688495595,0.015050984812284274,1.2352549918871807,-0.8457419682359766,-8.088574619105204,11.51283570570172,1.8159148649725536,0.15002179401933605,0.04368958540629696,3.4242604785946447,-10.600760587054175,-2.905804731425362
40,1548266531.84250,257535,61363,0.033881388376973895,7.776803539742494,2.4067049338879447,0.04014003190407594,0.013846978437536872,2.153442379558834,-1.2287502009352604,-7.3709926168307165,5.661162145903292,1.880402314190435,0.0861785661523587,0.0288765956528922,1.8968752621013911,-1.6235234165401444,-5.080825995660741,11.632698848678151,2.2001653283205873,0.1055105456978048,0.03123135576134543,1.834904967999854,-8.976950131277913,-7.167089548972921,7.881931217613827,2.372954653603398,0.04746288136142566,0.016166534535076865,2.0586107378609766,-2.132995864098582,-7.201085790549316,10.916466520516648,0.9348071422845444,0.1557559054299297,0.04499714687245523,6.376713807309176,-7.05517307432388,-5.360158132421909
41,1548266531.87584,257549,63102,0.025770995064971394,6.735315897747068,2.691854106105558,0.03056674435406304,0.010488306041541329,3.116080389098267,0.560668089264237,-5.944760259657439,4.663124877400151,1.5813884481535436,0.071258114480264,0.023055518817838388,3.8649761062701433,-0.6542777878990145,-2.5255917913334742,8.97497758654157,1.4884402062121471,0.08186700149934158,0.024214997522521913,5.796957469852301,-4.327067344881509,-5.312437761000806,6.432006184180378,2.4799625784231134,0.037201540732521965,0.012255186011012957,4.25543327928655,-0.28058977390938866,-5.14595166354775,8.139032592908796,1.6259606077040085,0.09877962815848433,0.028938727497466437,6.333936992632231,-2.9804362882267053,-4.152359961951524
43,1548266531.94256,256458,63796,0.03205274997480937,6.9339075604836,2.843849840285506,0.03713197462906636,0.012660416491949322,2.8337219766932686,-0.5910472202369655,-6.300774317461892,4.547305045118206,2.0437832192573007,0.08197106705951247,0.02734279071176323,2.6236751297440337,-1.0633611203580384,-3.5585917319398988,11.336645654862535,2.1833268469290386,0.1084682742491383,0.03203208010591755,0.8609560517574298,-9.290443109498433,-6.43940651069871,8.723546545002309,2.116742289948271,0.052157655555687674,0.01679546878919251,5.537173569411356,-2.770475810301233,-5.613149541405466,11.39486633587124,1.423893280780554,0.14252498032733543,0.04251741706769715,4.043122424367929,-9.431225556266769,-4.954606380002903
44,1548266531.97590,257139,66572,0.03655834233692706,5.817621010055138,1.6870588151373636,0.04242722017606305,0.014275091928735825,3.7767041027697927,-2.0583375375933657,-3.917201414031561,5.035852417893901,1.689451018478389,0.09092767647506718,0.029792626081565243,1.9461090038229456,-1.9670195168222,-4.207529386764597,10.5015720601658,1.4652878696489806,0.12493361824106826,0.03646059400799347,3.165924873681531,-7.58623212036569,-6.535213664830817,7.415390944146525,1.5081560918525154,0.05812694311761779,0.018813227786735262,4.8831228413239804,-2.945047030424916,-4.421964483077085,5.500859995857717,1.5294743190377191,0.145187008725405,0.04323660445056294,2.5497756930817532,-2.630370978978927,-4.1035659032045135
45,1548266532.00927,257706,60844,0.026900147958411738,7.40781049606502,1.394992132943005,0.02905885234682154,0.010001617816883185,3.67277338934723,-2.876203493714685,-5.754463088669296,4.89653035795788,0.9704389820905469,0.07272260286966084,0.02417769311012288,3.312393507215336,-2.937089772632277,-2.092262523504087,8.534070095450781,1.2932139513125187,0.09067314363742303,0.026645875059699835,0.266134085530642,-6.955485986514412,-4.937685665773769,7.570020725633929,1.015606312601165,0.03592711356587293,0.012124337330827496,4.108312358300521,-4.148829434290659,-4.740947423186641,6.6325957819730315,1.5818031780894553,0.0635626573016611,0.019647431854859745,3.603942563956631,-2.068278906294795,-5.169637044176714
46,1548266532.04264,258881,59273,0.029821830866630313,5.675841164831341,2.632920839041454,0.033389299245374864,0.011316356307907073,2.5171689888363917,-1.4411010748281385,-4.878756081437516,3.7014077481702627,1.819337496993759,0.08287849469934522,0.02688496905963485,1.6804593906426106,-2.2239371238361225,-2.4352780588342338,15.75530434774518,2.6301897945971935,0.1069814007161506,0.031257215443933874,5.301515997097699,-13.635809023730712,-5.847072386326296,5.9382499496596415,2.215033740165884,0.039755061575103445,0.013750858750858332,3.0006227621515444,-2.336469520201663,-4.849599643800973,14.954992042581479,1.700159368076138,0.15653965416081686,0.04543399847405284,9.764415751392681,-10.957193481317004,-2.871912784297954
47,1548266532.07601,257703,58609,0.053549225938661196,3.311668545719942,2.143649297561502,0.05577249172877204,0.019584459393156423,2.5949609998377348,-0.3913303821130805,-2.0199471522956265,5.305659908481429,2.510280926096589,0.10613289696628252,0.03628991796256959,1.2972955310086431,0.3447006345111084,-5.133052974815262,10.162988163982988,1.6283817140512238,0.19446229162067075,0.056508166960636735,1.704667064421575,-8.814556395717434,-4.762775888854264,4.023056184059333,2.1012472344960234,0.06575740800479442,0.02241614396324951,3.0575826610702124,-0.6152996914763607,-2.294208557786358,9.997092727863267,2.8956156905826282,0.18158326638517125,0.0555495823839535,-3.5917927664291915,-7.829749894480161,-5.073056704040618
48,1548266532.10938,258490,58473,0.03246446359672789,6.185890460518761,1.951573827449268,0.03765152105522457,0.01353405685166139,3.2222364449268723,-4.123540626904776,-3.2983095338048236,7.849119285424123,2.7887255511861375,0.08511268871131386,0.02838377257109603,1.2120993365115647,-1.3344935676692824,-7.639281096614684,10.271792202221194,1.69178878599305,0.13638861672124683,0.03940947410912321,2.822974001282232,-8.072562774454129,-5.689838581734476,8.70145258675603,1.363115879851645,0.048920433265568615,0.016331561728299943,4.357221116275268,-6.01628718487661,-5.014861410632669,5.544427809705654,1.9960324801879554,0.09557503671243756,0.02798397879660983,0.6762581309793814,-4.652576593940955,-2.938857892929581
50,1548266532.17614,258066,56655,0.025827574619893316,11.115586070200186,5.04540138178804,0.03647808045252856,0.012876211554436271,5.695571050125112,-8.852207075702236,-3.571435843731818,7.5314537257168706,3.5286700780019826,0.08664661463888394,0.027879058371533642,5.529779814588139,-5.112653302919564,-0.07146068103358262,8.053048273969564,4.669704890979529,0.07182455230052226,0.020672615387715906,2.641221595156382,-6.067605442843785,-4.5890847865490825,13.644371885949939,4.946309288611631,0.04973112057320307,0.015835182618612026,7.149036331655962,-10.571083855924499,-4.259142924994302,8.060633587028708,4.660256563295724,0.13702698268599034,0.03980563149194346,1.474158551416132,5.783832044344892,-5.41737549671713
51,1548266532.20949,256853,55939,0.027548787348383223,8.741170845981262,4.370039490440435,0.03609731683166006,0.013029490958867502,3.8389191490993717,-7.749901909047614,-1.2687741822133252,6.117643329578681,2.668037249328903,0.08337628437927141,0.027357697575849237,3.2883503786658768,-3.470093468642719,-3.817166883167365,4.1068274645561385,3.994310742347183,0.07174870109212798,0.020782431113050483,0.817795180448206,-1.922812437665069,-3.5355388833993615,8.869030024651494,3.8589050738707424,0.04761476707229166,0.016034873944152414,4.385830735248684,-6.445962291671206,-2.220235009370078,10.389164766230161,5.800734683827017,0.10051133683872712,0.02894732816887773,-3.9873585734622914,9.015143468877822,-3.2806865717505738
52,1548266532.24286,258222,54331,0.02605295735653832,10.500486317868452,3.786146264104118,0.03375390006803617,0.012159639450519606,5.036706950755728,-8.353526754539635,-3.8872080938820375,7.257399795305316,2.6181327714125118,0.075148495189717,0.02522082389240432,4.7733108136050895,-3.862706072803951,-3.868443803487629,9.814915790142216,3.631203070405064,0.06635396706537765,0.01948755827826029,4.554572123938082,-5.123159382715155,-7.0243635067333186,10.392878967679026,3.6819379329567807,0.04349798282978472,0.014031368686741319,6.1034965381069615,-8.448093094085989,-3.9589735313200958,14.657310688722365,3.5648754845934723,0.1155401633692686,0.033671705723801335,9.193863621846758,-7.084931135162457,-8.950607752472639
53,1548266532.27623,257485,56332,0.023244249496702785,10.632447544933514,5.945512303559021,0.032339735664539355,0.011624524172965741,5.673920209445548,-7.61538965430485,-4.781360754608962,7.890609174775126,4.049379793309534,0.07242202026350499,0.02437266460067596,4.915124637060132,-3.8328756107321413,-4.838628680097762,9.77697180476153,5.670508201131388,0.12959047089129486,0.03701451294314658,6.002428594202074,-4.843579669429922,-6.00830796718114,9.185943788418538,5.293504491198799,0.038480665465198474,0.01303074209986922,6.395744412661619,-6.25452231698117,-2.9836631314984805,12.484600524358438,5.178642535802044,0.14782739999545597,0.042266524505787884,10.851769762695541,-4.262370047018845,-4.465035817609335
54,1548266532.30959,257307,53941,0.03302320780242278,7.207838285407522,5.595297464767872,0.04535116240247456,0.01639294772264867,4.447102675269692,-5.418615634768925,-1.6777410845638128,5.89422088679213,3.239374520340338,0.08905542705343365,0.03075704954794957,3.131180918110405,-2.3494688418549052,-4.406534021372224,9.18534282386282,5.012220181402783,0.18129953874740828,0.05185204042289722,8.029638869466218,2.9499638235426957,-3.3456144215427526,7.104371763324253,4.638033583049756,0.053366693698719825,0.01867636441721736,4.407968441335157,-4.401306681689141,-1.870957940016287,7.656530681328983,4.402438022536833,0.21906220905825735,0.0630469688524404,5.156745656196572,4.9624101251265404,-2.7211986442506246
56,1548266532.37630,257870,58240,0.022945460501086843,18.826541220182904,4.907759712679911,0.03407797006732911,0.012405349643504156,7.2216485273759785,14.008938281985829,-10.297382923529947,10.627341486571055,3.5916569099004563,0.08730989737735238,0.02868966219335759,5.517271655599398,8.752322428556804,-2.4283641936693243,12.882358984169434,5.499190095865639,0.15684396965086708,0.0449749723893654,5.055269561670665,11.730075255398395,-1.6747409228138195,18.807539904251538,5.89757557047923,0.050852744858943366,0.016822083984098797,5.243047677883903,18.014098509829005,-2.8159002251436167,19.67727148783227,4.7986775582564265,0.16258734910305056,0.04742479798171034,16.360909468570735,10.757209772365039,-1.9488695390978323
57,1548266532.40967,258060,61038,0.021703423385909977,13.409436826965392,4.133093626189352,0.028910354363747875,0.010866915018782064,5.791885005169218,11.262838165432171,-4.406306907440299,7.80190251626788,2.8967632005310113,0.07254507611991186,0.024355216961497894,3.2628564973281518,6.93495937956139,1.4593795788019115,4.788142964932748,3.80563132927673,0.13417760372862,0.03885379185861482,2.709670653589455,3.840537552629496,-0.9133834400478811,16.86240666831782,5.466814681399671,0.040141327553706134,0.013965946205279472,4.190097799800738,16.447002934784624,-0.22987488467076989,10.881850486888752,3.0889554877555625,0.18262858398868995,0.052900052877358994,10.773903437133193,1.3155094635166917,-0.7791723799831328
58,1548266532.44304,257747,58193,0.02452626870978591,11.61114679061213,3.8735377950016785,0.0310297833347207,0.011744686686849125,4.060250537249434,10.702945775242085,1.9442343223324836,6.764646423612766,2.238161518035967,0.07736336218312792,0.026804220470207796,2.020306264695619,5.999443025040413,2.384425973399586,20.48832250747835,6.007461525379983,0.13798878833696815,0.040259686733150515,6.28897511494408,19.433722906670322,1.5970488911787155,6.724111418985215,3.0785167883607563,0.04834930983504933,0.016529006623488864,2.8772568994434735,4.7227692227576945,0.7434470604485186,7.612624683155911,2.858498283748069,0.14566605088717569,0.04152312482788568,5.455942267610769,5.308546280283964,-0.06391345066711035
59,1548266532.47642,258110,57407,0.023681634302221255,7.2756495451818335,3.190238612223578,0.030156124983908652,0.011917873873614536,4.091007960956841,6.002774760912288,-0.4067251374660547,4.796146488028996,2.0382525874569914,0.0776368771260598,0.0277049480955467,2.492113847747486,3.066843983299539,2.7178774230265623,7.7269883052534825,3.5187536858871082,0.11923946151807475,0.034767780118592856,2.935623407514216,7.147606662391032,0.013508461127552525,6.932282834919002,3.499585249677235,0.034507595343545736,0.013077434060801942,1.1290831300512965,6.533825931553441,0.8742147200587926,5.1471232119964,3.1406880821338157,0.08212147212714506,0.025343170000109445,2.088118690915063,4.658594048160279,-0.6558499726072429
60,1548266532.50978,260162,60474,0.04087339989324581,9.63439741727053,3.78870741846412,0.05704784989222273,0.021701651899047717,1.2453994485001396,6.603797024159377,6.903655457168204,12.056860698485288,4.524274842935347,0.11786468799673713,0.043210276673169006,-2.2988980916893818,1.5191958935214698,11.737759637333419,3.954520280390044,5.043310286993286,0.23851574292915456,0.06965505429918506,-3.203165229680814,2.2041149753391567,0.7209995387416509,11.747881427358687,3.754198506325749,0.06488641073190118,0.02426431606393817,0.24811907684676515,7.462963990329732,8.347799871207332,5.272820824549655,3.5166749202624046,0.28614646826544915,0.08382610071967411,5.128759296559881,0.6664179740053977,-1.0268177100525846
61,1548266532.54315,257708,61861,0.02352188760263489,10.461857553270088,5.311726909677962,0.031354165102463416,0.012227064078767435,-3.0884334314102575,6.972064189733692,7.162566812176688,6.735718107345364,2.4940761350570138,0.07734460406738343,0.027606501066409713,1.0257078580522738,4.8591903971569606,4.550394542864125,5.159919269703732,4.068027376705721,0.142696742249555,0.041883330830880694,3.0580253508438147,3.629245560277048,2.0252961478919045,12.958958131226641,5.7025234812546906,0.03602826599890532,0.013883557627663001,-4.8533415459455505,8.041466430492362,8.902187105425108,17.067817614757104,3.69693839829965,0.11613331762607883,0.03525289095929269,11.250324461331727,12.526237882694144,2.79892160510651
63,1548266532.60989,258255,62053,0.03272981787184213,3.9714120676061895,2.9293048912890445,0.03996521198378226,0.015399569036492984,-1.4155876160157324,1.0117223512630122,3.569964060892743,9.352076584470616,4.339964976570016,0.08840644137822373,0.032833732277121275,-3.1497259852821897,-2.329320853058858,8.492044925867203,11.59012276750662,1.1787682285074208,0.16567634055033661,0.04935979246824549,5.922771181899627,9.782159136628167,1.8870850321108168,2.591917383130928,2.6534891897978383,0.04758840590855935,0.017695387289547657,-1.0501323777370104,1.0056022595561658,1.173057171950835,11.602250648288946,0.7712326037417612,0.16237758623850126,0.04836365948211432,8.055015769272352,8.322209572947695,0.6853968824212682
64,1548266532.64325,259784,61444,0.022954003198683143,5.238025532242301,2.862804393364033,0.03219950938166595,0.011760904331530668,1.8794404934418947,-0.24429321773713195,4.883127658765513,7.853715743578592,3.5583984784543334,0.07574710610574426,0.02651860607490091,1.7659767901197678,-2.5261800748574372,7.223613443913358,4.261538050223611,2.2242059524265008,0.12880619639174845,0.037976753093572325,-0.30176249097128116,4.249930674437961,-0.087950071164062,5.167886981610115,2.67833996848446,0.03891993260853682,0.01382560138228019,1.1110024277210533,0.6566859248295571,4.386579180891884,17.74675332476017,2.275674792896504,0.16545425623514287,0.04899608170279745,11.773855897613846,13.277040470915468,0.20920613227768223
65,1548266532.67663,258925,61580,0.033678071920906105,3.4108313492984896,1.9806374965376174,0.044340920995389034,0.016460232185651916,1.8157706152244955,1.3333755189768104,2.5610266089281333,6.839419566103514,3.8266287010135507,0.09091601795141704,0.03378927727756537,-0.27941260014050173,-2.2984568719703193,6.435579586002702,9.33841864711306,0.25767752684015516,0.16968144618620615,0.05029686480967306,5.3188636901568715,7.675367576787239,0.06696592777634358,4.987016025994754,1.4231948728470092,0.06179209220975246,0.0209415756319207,4.176252885933435,2.89771832896391,1.1708454865259994,6.448075900154346,1.0482411139018095,0.0794756972498881,0.02503331792252317,5.23341575541033,3.2730212368356906,-1.8645037753774523
66,1548266532.71000,259705,60793,0.03193097484207014,9.125067523430635,1.515249427700364,0.041791693722531165,0.01550536859436503,8.395127452093085,3.3061707476373963,-1.3630580903792489,8.594091973184115,1.273943998169478,0.0856611140611935,0.030759062215803597,7.73103990777522,2.5115599319988227,-2.7895349963591816,12.702233960191444,1.698282979081666,0.17492181592449582,0.05129294391718381,1.526154071604106,11.567399351607897,-5.021242233709527,8.627182595142976,1.4421929526352049,0.04845104561650816,0.017928701925128337,7.498769486108574,3.6318653545616773,-1.5699996964391305,8.755847753165822,1.2449902822937706,0.07258832095079133,0.02344626982703328,7.283331306382543,4.796913107268168,-0.7794739247760503
67,1548266532.74337,259195,58853,0.02872812815268878,8.630796525714672,1.9429595321398394,0.04256685878985213,0.01579409391799641,8.362391727578125,2.1064644841292774,0.3519384035927413,6.528571254038515,2.7064680907902647,0.09354267976126535,0.033995084596322486,5.5242533992963345,-1.0649374914970036,3.312216046489871,7.6322837658159095,0.27993434747056595,0.16276935972975592,0.04827365507972564,3.173708287333201,6.681577125576753,-1.8803878067619804,6.795535447323481,1.7723662512078864,0.05049665630350947,0.018792859498571853,6.361058926939719,2.168606289190694,0.5556200234209534,16.315263992655545,2.7398257116950604,0.09434409552157645,0.029733615216378264,13.641416591210803,8.867249117362794,1.2130480722996808
68,1548266532.77673,261236,58512,0.021823633929545918,9.02551688135674,3.544565016937825,0.03424500179804677,0.012575151664147317,8.285969160709646,-1.367443541854337,3.3064736810180495,7.535790605127942,2.844114932087943,0.07622796684395454,0.027353836192274,7.210717472065505,-1.0917411830238595,1.8978395010309679,6.5982512569358605,1.5996303141111277,0.13028179556931188,0.038803009633643484,4.078263322120156,4.6722738245031605,2.25267512836799,7.503192719208568,3.316620915254478,0.04351039827963714,0.015434518404754627,6.2991294664797195,-1.2067880114756007,3.6857915323106205,10.114609823143995,2.9904978396728716,0.0579686466119375,0.018736957481580444,9.61692937649821,0.9530476330363414,2.9852473014895455
70,1548266532.84348,259680,3277,0.02312967400958779,4.001016066529485,1.9732996824893945,0.034934080689325506,0.01289092009353992,2.276684520889188,1.9799797228154323,2.6276448493299767,4.2777456911555465,1.7898250249002483,0.08702583226133677,0.03145777937842027,3.2508908557872713,0.2233907564164305,2.7714460867760438,4.759673150133309,1.7184539189852597,0.036530980376742184,0.013368768488681904,3.638407172586291,2.0463948859468686,2.28664595277517,4.0080176502315945,1.9703982581523793,0.03516764664431901,0.013023356563102826,2.249909296955025,2.0092818113300828,2.619912863205437,11.32550404598337,1.3112446311989339,0.0800325879215636,0.02504111401975412,8.35101137283589,7.502601935439284,1.4962002354945783
71,1548266532.87685,260547,56802,0.022832018717497748,3.7653989527598313,2.1059730289817615,0.03474187367942883,0.012836878150829895,3.165050713141386,0.39460168814884977,2.001242804958488,4.178843056540963,2.1604013735774226,0.08185897759691488,0.029749399201587447,2.9059662020769745,-1.0698345432748484,2.805983566167634,12.121786104692442,1.3208447105725531,0.11892114342102626,0.03621840137001874,8.25795205846356,8.71992355400941,1.6452535914758193,3.722813961477792,2.2117552720185376,0.0437173723652668,0.016702159557669165,2.9677532097734165,0.17794022675012783,2.4662282596953515,6.539570677138948,0.8196784991997857,0.09502123720903474,0.028785559019940517,4.48741899871115,4.5861248077220065,1.263532595265578
72,1548266532.91022,261148,3573,0.0269206983528574,2.8111420629125985,1.9970742885248987,0.04195398522732033,0.015371866468890038,2.1115876344761277,1.477908184623166,1.122276595865684,3.707731115788031,2.2846761752570446,0.09627921761719165,0.0350223973917545,0.9933197050035228,-0.8743750502917886,3.4635320500988156,2.173446350214227,2.247183796332972,0.04347923545157105,0.01583065360379614,1.0078778445112984,1.136662783975566,1.5543645014370728,2.799708066829343,2.0004698691899687,0.04236147154505346,0.015493207442583425,2.0972634577792575,1.4728416716896828,1.1088451972809756,2.524447100336873,1.9854290553961451,0.06581280926681195,0.02188496832042239,1.155998938724411,2.0592622933345495,-0.8921538114685238
73,1548266532.94358,259994,4364,0.02576950372463271,2.814909755944111,2.5288651039186534,0.039491031088539616,0.014639616827926591,-0.19912680240279376,1.308669520516627,2.484240233299701,3.7047463348423846,2.1724408349335103,0.09326157689454723,0.03423172521992981,0.9090552944167376,-0.5404907909097859,3.5505821469391035,2.612822846931417,2.4666503640252264,0.039871669713742425,0.014865146696025186,-0.31457012879822627,0.9481902455192054,2.414295781758501,2.8466385596677712,2.531197026774881,0.039627574483976934,0.014720028933256394,-0.22743530524506092,1.3438939791127922,2.506493696611643,4.526585926483005,3.1719367726213092,0.07073954010319766,0.024039588789443914,-1.5314248410446383,-0.6801148844148306,4.20501627227087
74,1548266532.97694,261042,7321,0.02778048453921878,2.412681470346062,1.9567416599296514,0.041961130008746864,0.015461049790262025,1.257172665158592,1.8746932657189566,0.8520997164635564,3.356334372940741,2.1702688183101393,0.09657629645610882,0.03577150978329364,0.7658278836767364,-0.7224016369184479,3.186945865643825,1.9708211861528941,1.9843374872962025,0.04255016114655352,0.015892883108393943,1.1489781804821815,1.4425539718933662,0.6949987962145177,2.4092040544480193,1.9482577921992759,0.04236211776256935,0.01566675844625863,1.2589887573953926,1.874664423376343,0.8335848308617653,3.808743013072909,3.303064531049778,0.0774863820067168,0.025984193603880316,-1.7778273136383038,-0.49453162435600917,3.3318601193665267
75,1548266533.01031,261105,7535,0.027148276061179578,1.8717332114637115,2.723571067854068,0.042905809758788716,0.015574172275492933,0.7487036952428995,0.639762397271254,1.5917072804581958,3.8175479737654117,2.6446113751906264,0.0966943948602791,0.03523377331047634,-0.29909464489725873,-1.3948126191191696,3.5410044737249495,1.7270610076931494,2.636476027445825,0.043695398468684254,0.016006324379502078,0.6733005120532649,0.13931647743450457,1.5842970251433692,1.8579688252009112,2.7268314059985843,0.04346075319942866,0.015772677233874148,0.7107281274991495,0.5843115993321395,1.6184102242756802,4.0269163570010695,2.075417390790672,0.12777237166308217,0.03891054316541522,0.801931909916407,3.7558163442070143,1.2111169005211868
77,1548266533.07702,263105,13118,0.026587582339321597,2.2485661466887223,3.1388334825963295,0.04369123374649272,0.01631093790983665,0.6404086610599856,-0.30762824572257175,2.133375570617508,3.9322362035011658,2.7365420994211367,0.09386396913877018,0.03473297802006784,0.1717443465539584,-1.2656033135914402,3.719036661849192,2.5208212565389534,3.267520285211518,0.045647638869060946,0.017123376404067994,0.3819949800685251,-1.054355152969305,2.257643650806776,2.39493142780117,3.191016439185456,0.04480674100659873,0.016938475993822588,0.5018505560067474,-0.36254194266848716,2.221528275125511,8.875460219849707,1.4591907540437306,0.12937594180010142,0.04079063404342504,5.391830096934118,5.697867039558553,4.151659128522267
78,1548266533.11039,260790,64013,0.03673800992893362,5.016160321327517,2.674479448845979,0.053866260221807585,0.020558198228938382,-0.7772745922602571,4.938884643640038,0.40635828317366024,3.897755030791057,2.4616755347807784,0.11574841155447856,0.044817767837511624,-1.479596724628787,1.103718447547294,3.4329423824277256,22.361430388554897,4.957853469163362,0.22158938438473827,0.06674562967005195,1.2775296114345678,22.313433437951304,0.7156642538306559,14.478814227865987,2.5362556039037667,0.1147549864483767,0.03706022568006413,4.601209573885142,13.290575233834096,-0.09723517887270056,6.609634113830225,4.276572275638976,0.11934474147392443,0.03989713269094057,-4.905066207354012,1.5007918289881168,4.168358490608084
79,1548266533.17712,262290,64874,0.027009697912528892,4.0962115280473705,3.3594926564027903,0.04248020928192616,0.016175393597758762,-1.3135775437975692,3.108497423056432,2.3217895446810934,5.049123250353556,3.0977877499918107,0.09363924327257896,0.03564266665795552,-2.141813335684011,-0.5126684686806307,4.543506605427976,13.959669791638623,2.2034854955329473,0.169277458401907,0.05198765814025252,10.588792061308556,8.656529794693897,2.795416836096835,11.917504695629905,2.0041365405089326,0.08728498229823901,0.028032829652521695,4.435177586394523,9.923331177822234,2.8761215957722945,5.9997091169941426,2.9724309921800773,0.09123666772792927,0.03049272972609798,-1.0733928811566091,4.63193158995466,3.659172988149787
80,1548266533.21049,262765,64246,0.02920836870249694,5.3662884118633825,3.561951555517854,0.042675339149624576,0.016369283939094648,-2.8185594528883264,3.7048819161699234,2.6695737332147544,4.983942225448461,2.7271260240356687,0.09122872417852097,0.03475542625609217,-2.295526753847861,0.7866273849811427,4.353326818213237,6.020819178433564,2.1687199865712135,0.16715058544844152,0.0515259052557697,2.5677879997005726,5.01274551470419,2.1281707574346984,11.123827404771172,2.2288584057417173,0.09055584368236765,0.029590799309083447,4.441230095681487,9.529863419950324,2.109498020914386,6.923774267635689,4.169292963126273,0.08959743262872102,0.030834272603511348,-4.187574528063417,4.729243563605312,2.834982362764588
81,1548266533.24386,262540,14466,0.03012708254675534,5.151411229998439,3.285380356608201,0.04196378790755813,0.016175405870064025,-2.210761844076108,4.528256803633309,1.0697943959845215,4.09892413714704,2.5061054076850247,0.09131021906898894,0.03546828594129746,-2.098102674829997,1.403165021383717,3.2295931896638392,4.4489160107331545,3.030102946339814,0.043284993206223935,0.01690301646678535,-2.435472183274194,3.55848379414468,1.0947702963933237,5.130227477400068,3.287238167779695,0.04260218366500183,0.01652881838657335,-2.2384098666913426,4.417512728429056,1.130812372530791,7.8339540535007215,2.454735325915513,0.12380026116999551,0.04192739675903458,0.6457043162467044,7.356287753119811,2.6151352817091986
82,1548266533.27723,261793,12421,0.030106675304166632,5.368359287351666,3.6378270087288476,0.04181357563120994,0.016641896940774975,-3.106913914501394,3.9393686424034007,1.9099062974976782,4.98386579874824,2.849057422784527,0.08755855129454823,0.03414600112422626,-2.83774173359098,1.4330897653276462,3.838280067671149,5.274842305784926,3.480682110134513,0.04294642838036326,0.017275984541512916,-3.4982056434383253,3.0401100046828122,2.51877942395561,5.356617378674285,3.6843662618726714,0.042093821516897355,0.017003743258893877,-3.134942772092857,3.881807885732279,1.9567348394991408,6.0034422260626785,4.041972547328526,0.08164830173655051,0.030245831256926703,-3.1699197519656814,4.452051550511135,2.4843840925592886
84,1548266533.34396,262813,13600,0.03545249340774124,4.963538155608997,3.10048172535738,0.047088656389442624,0.018637012602438302,-3.120382684651159,3.767399358042899,0.8406098979512066,5.044700946172596,2.844657208881139,0.09987934382275533,0.04067406708081758,-3.605421185531748,0.6383452516390528,3.4702249280044377,4.510375270631758,2.8795317227922665,0.04839221934405013,0.0192607502737031,-3.487564691051636,2.5974332099831687,1.1973797757323876,4.887890121390125,3.090015927064097,0.04752579933192004,0.018949938256877536,-3.147455409255295,3.600263648513838,0.8460475119420519,9.966221217914336,2.2499154842932607,0.1060569538325468,0.036054121705188284,-1.262293532763263,9.884757292232349,0.15412227356667876
85,1548266533.37733,264821,14604,0.03044962104130577,5.053471939397296,3.3115283206979744,0.0424448449997989,0.016954977635687263,-2.5976044819599275,3.0946273685613317,3.0353436456732106,5.477532793063687,2.830283497946728,0.09082219418696727,0.03644026338816259,-2.9724031491510017,0.6086930413168782,4.560447105214323,4.931971970546462,3.0149916286914373,0.04382462487696792,0.017665859512086934,-2.9364997003634477,2.0082383842235956,3.4158887013707484,5.204474843301341,3.271448564253036,0.0434047735304878,0.017403829531142043,-2.7091790455778817,3.139124237296738,3.1312961268712916,5.830987658567969,2.0868969034067018,0.10036041267260674,0.034724961638683674,-1.0786905117468806,5.607892833150723,1.1782961538322918
86,1548266533.41070,264754,13110,0.03336779114381117,5.802773304975794,4.431998714604346,0.047555588577859687,0.01891069969600755,-4.219598812626066,3.289011735324734,2.2471238716013353,6.591228370480489,3.696747671255346,0.10299738286686959,0.04164104371165509,-4.311548538435151,0.016220956698973464,4.9854365418795945,5.102462720401028,3.9850058050358173,0.04893487764106027,0.01959382066197356,-4.312128235086416,1.9553105509005926,1.9019559791934164,5.72576100780797,4.4109894103532685,0.04865246692934433,0.019518161194765467,-4.200220020355295,3.2644277945178355,2.219270726812217,12.385620002388427,3.9838265032323648,0.12788632984282355,0.042386765466039984,-1.4023424761451788,12.111644411294085,2.1783223080003706
87,1548266533.44407,265382,13134,0.03257819367546609,6.355398752220277,3.527750470631962,0.04278456357105893,0.01698670529728645,-4.488783319480568,2.3260859469495254,3.8511351284887416,6.087273340629036,2.980427015007339,0.09181299525055515,0.036661710655116655,-3.5549833072869244,-0.07799207935703298,4.94073958471825,5.891640734994333,3.281904805979235,0.044111929018616,0.01759117776259882,-4.57122917156164,1.1614422718170154,3.530771340733491,6.480000286660347,3.525084385209749,0.04349643954510095,0.0174335641154794,-4.610113824395053,2.2382580345527687,4.011046791310463,4.805651058934427,3.054818999216048,0.09664775058007802,0.03310245521535129,-3.800737013978509,1.3586139590563873,2.6082270532046166
88,1548266533.47744,263892,13597,0.036160433821172004,7.230622075221945,4.489166165367546,0.054593602800530126,0.020899450982283553,-4.904501547532552,4.544079142755904,2.7530174189983776,6.882743022219878,3.4411648910563337,0.11242100186621823,0.04383206734920255,-4.308005364184043,0.9838950593198422,5.276854347461557,6.416067078726015,4.17935577651289,0.05604174356502733,0.021556585522327795,-5.113341110051182,2.954437686215247,2.508178105566556,7.345203280659071,4.488282004724503,0.05540495301607339,0.02132943839353493,-5.14035435553358,4.455553568175462,2.948506220482066,16.663683577107246,2.757462409246583,0.15878598521842727,0.054248447521912074,4.666618455574215,15.681319052180305,3.1618436602360473
89,1548266533.51081,264966,13421,0.0331999935353132,7.391907895804984,3.482446069913261,0.051049579913796245,0.019541358676872744,-3.278896049555455,5.5515420538387135,3.615179644323906,6.178415109815518,2.716245188283463,0.10581184566470925,0.04064793970109017,-2.985817201922401,1.511083445862751,5.1936822896227035,6.480917156340797,2.963260673803953,0.05245095590314455,0.02020928819314389,-3.546043267432188,4.079724959161113,3.5754312453813433,7.47722722585134,3.490661056474167,0.05194983648050443,0.019943752120974358,-3.5395932568962074,5.408981651807554,3.737407416859214,14.82172317180767,2.7400613092791666,0.15144980708475317,0.050080337837405856,1.0470489888750791,13.478258037988494,6.076489649295443
91,1548266533.57750,266159,15462,0.039861184054992976,8.25362734269962,2.728411364208669,0.06627397530311113,0.024340319068793064,-2.051050139772878,7.61092134340759,2.4473320046040477,7.75722258465098,3.2664358157829967,0.1265278422271575,0.048534689853823754,-4.51523769079037,1.5745411820492081,6.108023484689328,6.256799415669365,2.7598012825528717,0.0683636962545948,0.025051328007008378,-2.5896362348456994,5.242985470844156,2.225404783766715,8.270593803397588,2.7967616126076953,0.06735701069032317,0.024690740964240433,-2.4474871847044883,7.441716802008809,2.7611154699242713,23.20761020460222,4.630621983582396,0.15691746557981928,0.055000105923144214,9.137182624973617,21.02917940563247,3.5886875891278702
92,1548266533.61085,265931,14748,0.033996999324668556,7.170966403541594,2.492347540965489,0.0634259703717377,0.023978982633517047,1.6461537068551793,6.979328900181835,0.04364902308002392,3.070565512938457,2.1206591183223136,0.12780245608733004,0.0491694401087434,1.387041946611651,1.172868885240828,2.4756546175952554,4.836511697686016,1.723003303807702,0.06510273977502648,0.024865424000350387,1.1568310807489433,4.696110902926265,0.011385951166188497,6.965218463689055,2.4614068794521318,0.0646066756701437,0.024671424889377656,1.5064532674432636,6.805908289148027,0.19647264318454682,11.700574872345479,1.993486604271202,0.16066681826320797,0.052790715060620406,0.46861022688071385,11.513892848349181,2.0283314017582907
93,1548266533.64422,264327,14879,0.04610207863961226,7.270787765077586,3.2357111697660956,0.06752348945891554,0.025825503138370415,-4.703169709988811,5.0026228914742275,2.3912995649946738,6.56832691080187,3.0372709730023484,0.13498974609400274,0.05204781954222203,-4.207525075744507,1.3604355124528351,4.856837073713963,6.568912445627214,3.2584306305973354,0.06908851447223519,0.026413538162187722,-5.185269577902339,3.229843483987982,2.4148915486491274,7.1579019839178635,3.238703077645784,0.06856431475540214,0.026348345448755722,-4.781520399272788,4.7813705847710715,2.2714197406826235,8.470578497741458,2.4940238790017344,0.18560765989441647,0.0619615750733642,-2.766445252480954,6.298553623507105,4.942236639744303
94,1548266533.67758,265245,15762,0.03111650264928959,4.454997144309874,3.1402166748408438,0.05268266651145026,0.020656388761157836,3.2326179534585187,2.227556704246556,2.1059847701616956,5.075849217087341,3.998424628006205,0.0999045903407955,0.039003343753685846,2.9774231509689475,-1.9216798354204117,3.634053283156274,3.5881114706722146,3.26376330823097,0.05482829156823382,0.02162002548603292,3.175040283644056,0.948312045635451,1.3763601953375795,4.490470033906265,3.172031675190518,0.05375113178695183,0.02127099745796951,3.23798973438269,2.350821630672426,2.123738649092277,7.281616468422878,2.2634044004012677,0.13691596736893316,0.04809028382653815,2.7153921989675673,6.3459759201910915,2.318873265046665
95,1548266533.71095,262819,16039,0.045235098005467614,7.306001421337008,3.5774807586630555,0.07266145282605223,0.02746046030443549,-3.101002928005163,6.589027876449452,0.5883445015072509,5.7167030797673615,3.46061103665663,0.14105094790704298,0.05362698403270604,-3.7577017181444967,1.238988402741172,4.1261700931430845,5.851837271677997,3.442496108987542,0.07440549771112084,0.028362359577270284,-3.6042239566418095,4.609055568017729,0.10087564370956827,6.95011681939081,3.438754472424966,0.07399003761171827,0.028090652751354986,-3.1365014473898314,6.276114509404989,0.510154138864973,12.713801908395501,3.588103376144311,0.20919404510980671,0.070578612187744,-3.0601406590051683,7.783327906157362,9.57580831148246
96,1548266533.74432,264152,15307,0.03218176858910365,4.672439326458383,2.011521580300497,0.04501058189168306,0.017385152678000913,-0.28158071534710916,3.475613944926165,3.11006579769854,4.579458082981137,2.8244059593427417,0.09270439809715293,0.03551136133351619,-0.13871282842134688,-0.6525925739207665,4.530597975706528,3.013863967054331,1.7250782650476575,0.04636710702503194,0.017957762898529073,-0.4831525803580856,1.6213091693560229,2.4942526282162913,4.657942207600394,2.012209790348202,0.045646459383678166,0.017698458143385422,-0.41271349344026664,3.496963204577008,3.1923901606565233,7.461284322690215,2.569942520302597,0.1558587423924549,0.05309420911862804,3.432169317135515,1.5261370360871287,6.446850647379657
98,1548266533.81106,263904,20342,0.03864574673682724,7.138583923467464,3.7426877702265244,0.052725485776046965,0.02005156765993668,-4.164172713562805,5.66580735457198,1.2319387423428074,4.758924226634973,2.8110472488105223,0.11056920473433479,0.042057188545660186,-2.9892451544821106,0.8807003856144323,3.5966845889008803,5.634096738978986,3.269704212513348,0.05431124475627975,0.020947210077694862,-4.191283712332494,3.741572358141011,0.4205035026074313,7.036547454833382,3.7031623057355088,0.05390969849094673,0.02054571778733062,-4.0611497861277535,5.691356715874571,0.9847879711869972,12.291698300583493,2.0784133458350667,0.17737634728902613,0.0600822112247452,0.380225747802117,9.31298110083889,8.013092942721498
99,1548266533.84444,263914,18832,0.03832130905186983,4.680792471837076,2.4878328894067603,0.05455340768127822,0.020370553023794903,-1.3694381379600948,3.7845512184657255,2.389901551427719,3.383830673978677,2.2223736110127716,0.1130173151831113,0.04258734294662237,-1.3039017362142848,0.5532778572619215,3.0731146911757166,2.857516760707381,2.0184376272790026,0.05616846196244767,0.02111160188052879,-1.6165852449771696,1.6854842632397828,1.6465712805149835,4.511138624732341,2.4947678961734088,0.055723102277966785,0.02095816971205555,-1.4366881951933994,3.569689070508759,2.238237527530477,22.135238444109522,5.2206023871334715,0.1852587049674071,0.06053161175846611,6.8003412352694195,20.027161470620953,6.5296970443623294
100,1548266533.87781,264475,20767,0.035060505764139556,6.424120175086541,4.693352609218715,0.05511211408309953,0.020696191077577787,-4.502257709121536,4.578768235681525,0.18405702519470854,5.267861610174646,3.8484831283359777,0.11069051355919969,0.04192000318293483,-4.214571578381951,-0.9935903412065569,3.000088430114672,5.128707337806633,4.063652845578362,0.0568521663744461,0.021563075185402247,-4.340204676710292,2.663624166844155,-0.6094002124527761,6.216413384378198,4.600060847891601,0.05608033171764788,0.02107205377934911,-4.33771687648053,4.528041532568087,0.14322347475198913,14.079493328367896,3.645129782766295,0.19893692351356465,0.06644535478967367,1.99615595065449,11.336227205226304,8.107863254625709
101,1548266533.91120,265116,21147,0.04244092170167609,9.462775862144047,4.129262944483582,0.06261038035309328,0.023733495732497455,-5.6361138499178525,7.57870033467802,0.5845074209036687,5.908498265917117,3.525801384796594,0.11991731150123623,0.04603428537901261,-5.230652224357339,0.20005478529719567,2.7405486948877393,7.861675209821086,3.3068131787913195,0.06486854870981895,0.024831830995855845,-5.794319766107307,5.31330101877438,0.025056669864808378,9.421363066751315,4.076405682874174,0.06466215054515236,0.02462696766700245,-5.820700693863792,7.488832744088107,0.512422545435736,18.708678466494714,4.2822215771916605,0.2423680990264512,0.0816863332226077,-0.13132421693121346,17.948282360712312,5.277931812071244
102,1548266533.94457,263897,21971,0.05506390734665494,9.712582405129758,4.155039424095928,0.08753435672333877,0.032504199680421834,-5.425434286812692,7.985120589728905,-1.0661936706813364,5.3818867135212045,3.6094127516972576,0.15235068674484809,0.05812313917683091,-4.962334783714551,1.3755123790655128,1.5645778301351023,8.86968489639037,3.84963025177244,0.09027664223058388,0.03343635045736654,-5.726934191476694,6.659498731182053,-1.234751625686407,9.381158909706414,4.041515285075342,0.09007336660228342,0.0336834990700761,-5.13381054676716,7.77018697278546,-1.5772775914255577,29.92608121795238,7.419119226580439,0.2561844845944552,0.08499850656560914,5.631881777796456,28.205913982339023,8.263090289068515
103,1548266533.97794,264580,22118,0.05826459201518568,10.28928836309968,4.7357271555557165,0.10146654086693718,0.03755954108680986,-5.037103758874907,8.908132631157173,-1.068744013812265,5.227427483245799,3.942067910225072,0.18113079443593108,0.06904522588719643,-4.44603152235951,1.1453715183207545,2.4993851003394205,9.213108178886497,4.566225552649354,0.10448891397353702,0.0384726137375063,-5.512081550624623,7.295103023930397,-1.1312785533945642,10.381126758767573,4.830479664240087,0.10348369339403904,0.03851665473318182,-5.626952979808266,8.701735921212897,-1.0537547458569618,39.75652735875414,10.006608493807168,0.3074644861997826,0.10006763441755354,7.253703150319402,37.04634490990415,12.471310558671535
105,1548266534.04467,263905,24621,0.06192130722111981,9.252948926048731,4.9725827565839085,0.11014358230234499,0.041014309313391915,-5.291545409976033,7.197644857886796,-2.4105019190956254,6.2388844136732216,4.5003838668522365,0.18930829383760053,0.07272223139534707,-5.794388991787242,1.0351229312234949,2.068152667547724,8.373484516455768,4.584678211469457,0.11318856975759072,0.04195204317154804,-5.417789899140778,5.877738611312576,-2.4929870383092534,9.321244476427356,5.07083931576193,0.11348918779543139,0.04243534775445089,-5.451871239252194,7.094458122785623,-2.726024350542644,17.135106723385054,5.325057941334491,0.42752355045538587,0.13585331507529064,-2.969511160974474,16.166921693328092,4.839889342582243
106,1548266534.07803,264799,29273,0.04668062793203107,9.635350008266304,5.301966808392108,0.08842410779108623,0.032842566443089645,-5.566614026810497,7.05363929113282,-3.4783546122989475,7.532889751366799,4.832518733256725,0.15786952738384383,0.06101351903188927,-7.066661375831189,0.3012237761414148,2.5915225722091826,7.7764608470768035,4.594554167058057,0.09249351158533109,0.034239041873884116,-4.636904749520933,3.8154762356787937,-4.941113107889666,9.726669126351648,5.255308401323072,0.09268831101877519,0.03447140691163137,-5.465193938762818,7.107773206638482,-3.3941465938697437,20.90659678608623,6.604295420480946,0.21515681466286457,0.07489199197908263,-5.641297053561729,19.061126120000328,6.475726041681208
107,1548266534.11140,263769,19435,0.039851491613939735,10.4789497144007,6.137883941584191,0.07545101764012806,0.029159370328888615,-4.266722780208961,7.199338488539603,-6.306583002008038,8.334089306850823,5.863560094070301,0.14251504818467306,0.057920424085717744,-8.027191973107355,-1.6728158434087679,1.4909462617702414,9.271608578147335,5.116331926727434,0.07826815873973902,0.03028518410368865,-2.4444874443239657,3.1653656317794536,-8.364667786473483,10.561380721993606,6.169550403149596,0.07707164504858897,0.029800525433484482,-4.303932636190203,7.3756196264760945,-6.0529146319824605,20.839074032762998,9.426964641889766,0.289481559673253,0.09819918820365818,-18.572939813726325,4.221836677090862,8.455117284263236
108,1548266534.14475,266061,31321,0.02547387680621716,4.897620398436603,3.9840485930496756,0.04552168052939611,0.01713032187364598,-4.798231855000476,0.39886104072656264,-0.8969763112989768,4.326378898595214,3.204317063643665,0.08905007060576706,0.03324895125757246,-3.9379322815429285,0.5636260585351013,-1.7007555339707805,5.4727052776560114,3.9470607138035394,0.04782274988234257,0.01802574753195165,-5.438521837453938,0.4899194447547676,-0.36463984597378496,4.868075413634912,3.972237463147015,0.047828934768269285,0.017905105351057188,-4.741636134714015,0.33987231353814873,-0.9580680597074658,8.816889899069073,4.587590550798954,0.1323477399720271,0.04449056971978261,0.13533482339159872,8.74832720017068,1.0890377296667122
109,1548266534.17815,265612,21095,0.029568370753393032,1.733986159261887,4.121490518449554,0.05896326309285898,0.02192824975764293,-0.8905579520998715,0.3863313427070142,-1.436788999159469,2.465525823525844,3.9318152238124426,0.11072710251664407,0.0416377533729951,-1.5030616535520802,1.3982004147701665,-1.3655251195897544,1.894521445276459,4.121588722434723,0.061035714518218924,0.022573801402159928,-1.042925282831395,1.2052925688655527,-1.0241036004628312,1.9480044848266103,4.269678499045003,0.060306016491577144,0.022409688136783765,-1.2574905174573914,0.6644038121865682,-1.0668651384832897,10.897255792047341,4.4784654314896875,0.16735559769006794,0.05569156795623007,9.91774984846759,4.514925594308346,-0.06219821854222671
111,1548266534.24482,265506,2058,0.038907424215069555,3.7401182400895396,3.02972869690307,0.0760510104894723,0.028643161214253386,-3.1468846839375977,-1.2874028495002938,-1.558266709824723,3.6983710540622705,3.6494897545259977,0.1328746901111594,0.05072517002427579,-2.415301836954309,1.6550909938406915,-2.259411271114279,3.637470505455415,3.1015919845404363,0.07639247046169628,0.02886801140453946,-2.973365278710964,-1.0524647567825869,-1.8117970452411918,3.7498785419107836,3.0455246411383357,0.07627829922302563,0.028759322128923133,-3.16693499368885,-1.2532354409059585,-1.5446256606284972,19.460011049725626,8.910452779942593,0.2210760055415911,0.07524921396002354,-8.460069680518771,16.54581073677402,5.775413242276622
112,1548266534.27819,266064,2025,0.04029377614399901,3.8201939935027713,4.06335376376466,0.08067732510266465,0.030994772487983324,-2.798744712623876,1.8513977754915927,-1.8257153278809195,4.626559838908017,4.270554698725814,0.14704193650898106,0.05681484892017758,-0.6188562132409676,3.3831498005297487,-3.0945711104295466,4.1210746219910535,4.353412021048497,0.08113043780000305,0.031298654830358465,-2.7403298160019145,2.4566600672076504,-1.8543650810282546,3.8106273801904242,4.0563661362887125,0.08075131513365214,0.03102283584393519,-2.8081043037844466,1.8475099601468656,-1.832060311413068,3.2468837793573817,4.074262031599721,0.2117407358088791,0.07242203564568025,0.4414630452773389,3.213968568936796,0.1333067672509465
113,1548266534.31155,265740,13159,0.043314890148601244,5.491277359904378,4.951788233500604,0.09430115296435046,0.0360153878209993,-4.387208436405998,2.4659695010956506,-2.1967074449258126,6.333901277719002,5.589870403807929,0.16113834927087178,0.06286563148943415,-1.9825940386295435,5.213320885102716,-3.001484902982662,6.426947957559879,5.504150271213735,0.09646875952400212,0.036896218779397166,-5.374741669853131,2.9473529507370224,-1.9315596328638762,5.81795354224652,4.970735421866575,0.09621442133034155,0.036982312213141036,-4.890980100015396,2.404506209491148,-2.13644967999472,16.438404827886078,6.925459873984335,0.2533234257982952,0.08876702252077477,15.111207979283266,6.363171386714395,-1.175838677546066
114,1548266534.34492,267200,14024,0.04708166099047691,2.4281449391328,3.7709147293898866,0.09792460352833011,0.03748074054082628,-0.43186122370931085,1.8978967152593849,-1.45167895455578,5.487923887208849,4.837307465300392,0.16558276033957717,0.06430007080518074,1.1644424839579854,4.6841749096618335,-2.61149147213729,2.9530052887671876,4.269157274875612,0.10068833459023366,0.038590911131481394,-0.48514320385331233,2.4918815533940353,-1.5084437779037225,2.4312759380394047,3.863504703920836,0.10025280394485221,0.0383910686691947,-0.9249811555493491,1.8955920790794396,-1.2087177972495042,11.428097930887338,6.427253247484801,0.2167457076002129,0.0743952404083939,2.904171299194001,11.032116740252228,0.6779466146650657
115,1548266534.37829,266001,2956,0.03723186343786492,5.066602969056377,4.7653750748167285,0.07441146025528665,0.028717710332421827,-2.659204534581009,1.6134717108625083,-3.999475706584689,6.0482645746214825,5.460893306556036,0.13652320393000555,0.05358350666152134,-0.8284236278380447,4.855161353851679,-3.5103599367480776,5.473168928738281,5.1702943591722725,0.07487743759282667,0.02904320360846756,-2.2388201634203058,2.5767637780295805,-4.278264932259752,5.073393869910003,4.781463114145774,0.07501543439982368,0.02896437337216961,-2.6875447765391387,1.6814545194213208,-3.9906462416218265,14.615160286253314,4.880286766202805,0.19931612290424217,0.0681260423282621,14.541255813022076,1.4404362613463235,0.2827241590778889
116,1548266534.41166,266848,4211,0.0426047834820715,5.922228988400754,5.5106028645888845,0.08398136498105971,0.03251674053391848,-4.287343456300226,1.4548058513246644,-3.8177247430538213,6.392109686446524,5.812707607175083,0.14645864991506602,0.05766952199302266,-2.4845919621071078,4.836809185450928,-3.36023004107364,6.198200110861558,5.949405381407311,0.08459597542005705,0.03291900170562579,-3.9222796941391262,2.5985610085302007,-4.034958153460161,6.018679795373918,5.685758669718825,0.08464830799904614,0.03284076495457085,-4.098466841917184,1.9952946105087062,-3.88374427768549,11.42067037052535,6.2958229906126215,0.2423180938377465,0.0840818495912481,9.14273761942597,6.619838440219182,-1.737757048590297
118,1548266534.47840,264912,13737,0.038043092712444666,5.284982716491835,5.385897245158466,0.07096538921748605,0.02748496340401081,-4.081743571289299,2.2162642606095893,-2.5216233777074115,5.255930781207672,5.178517469643163,0.13153195383737085,0.051398850815966964,-2.1800134304215812,4.113588920870738,-2.4394130462300443,5.846065893642912,5.787400756402416,0.0723490727714196,0.028230154906647757,-4.843314820448837,2.3838534639644493,-2.2441102123514907,5.594008745602381,5.561783439365557,0.07250714240565798,0.028207854046433292,-4.710973307158314,2.0437054276844906,-2.169787561365387,10.125993970260824,6.55865063087916,0.1780618800697161,0.06258435930068487,6.732026091541329,7.560120077635791,-0.24528147156593477
119,1548266534.51177,265058,11666,0.02716979667357407,4.862160600405971,4.543956771314009,0.04944662957588129,0.019006683022034683,-0.7907426992055206,2.004050026337424,-4.358797446513234,4.344816939775857,4.15761503986944,0.1027972063486174,0.03950910039504219,-0.0033281223185575707,2.8367127436150206,-3.2909700657978065,4.686989880180948,4.684145168616039,0.05061887029490251,0.019541003024216373,-1.3123637062395141,2.413729470367416,-3.7972997884475403,4.816431582392688,4.679543603847607,0.050601129997144834,0.019461686174971432,-1.025245404540476,2.1760071175430977,-4.196800176594994,6.198570775595874,3.6701433177554117,0.11562061212025028,0.03957984369491107,4.313699362788274,3.1367262029540086,-3.1583581486672774
120,1548266534.54514,264977,12038,0.03330210154886798,4.339817913958916,3.9966313454956683,0.0587077821938363,0.022565999625930113,-3.0708604487832045,0.5345338142561485,-3.0196207099293955,4.624906466773124,4.221450951862666,0.11117031752787881,0.04311872892152753,-0.25598375085132935,3.687981591250389,-2.779032912417231,4.243514604028215,4.1359690177803445,0.060451999700713334,0.02335606155441626,-2.544519078002999,0.9962876347515117,-3.2465750884772016,4.456130549417191,3.9833222706526175,0.06001236866801108,0.023146500844291068,-3.150579249723815,0.2975323376930553,-3.0821305355650535,5.697162095842661,4.988054828384137,0.12254186958802653,0.04274281909608911,-3.6331846584975254,4.32776346853597,0.7266970097434604
121,1548266534.57851,265401,1505,0.0274848935501405,5.79381223346176,3.7452240703859014,0.04766820689109642,0.018426668368168957,-3.3478235802879657,-0.6051338364388078,-4.689792160839952,4.477578384870874,3.604896024459495,0.09655637564932641,0.03719948626866635,-0.705241497021123,2.4974400481719172,-3.648854043303092,5.757945791669262,3.681599800885606,0.048069452408499136,0.018667927651340996,-2.980608432512413,-0.5608525055981086,-4.894421066765913,5.792784664998688,3.7339793250855466,0.04792812377158446,0.01850734232369123,-3.3190934477495775,-0.6123672945311839,-4.702843993784305,7.685575883613521,5.415796917122088,0.12450734049730114,0.04258653016034543,-1.786962849145713,7.473723435788588,-0.13527174094842187
122,1548266534.61188,264373,4991,0.02732676902053596,6.357461095864449,4.269274551464457,0.0488376579883922,0.01869354159282648,-5.562057899976567,0.033527643728750126,-3.0789120480852077,4.146773869810785,3.5758782065773254,0.10030388593075341,0.038572237761590404,-2.1614961574650864,2.293877356343753,-2.694771708821096,6.0906631363697254,4.100793016169564,0.04936846372429161,0.019032998144960477,-5.26995852490334,0.15928895864419018,-3.0493182212071197,6.368644869855723,4.265808057196885,0.0499131781680181,0.019029219550992574,-5.593594744056595,0.02440102360699335,-3.1323474675790144,10.019355531676974,3.786796803455104,0.11552750760203168,0.03939365031148182,-7.695797360523854,-6.282272326947104,-1.3020148485999221
123,1548266534.64525,265646,3123,0.025096628707116556,6.250998220510707,3.9645722737074305,0.04097131058731294,0.01617685545232573,-2.1305705977634535,0.5072830666760122,-5.8547682764595965,4.424972862477612,3.375676664737429,0.08502745393018842,0.033543241648853625,-1.3037852260179814,1.575564277236343,-3.924044613199151,6.390893083450012,4.069279659585902,0.04136747318751434,0.01644225833446599,-1.826986131719172,0.7804288765161403,-6.074254427277045,6.2709982028441384,3.9729149626668017,0.04109947048608776,0.016242818928625398,-2.117975949406925,0.5669059234102465,-5.870172913311414,5.476488174739639,4.7821020427016085,0.07020961182269507,0.025923948983196724,-3.7697990249206015,3.4347463722938,-1.9957593536760287
125,1548266534.71198,265466,13240,0.03515367011495467,8.465245415570338,3.142199824348058,0.06504916680193754,0.025084557338143805,-8.073721046560316,-2.4996918989500228,0.47639145509472136,3.0542976306187386,3.100532521121971,0.1195050295357195,0.04648304496692363,-2.4284404324523026,1.361200732357899,-1.2564010699861858,10.442960844847212,3.258365109478162,0.07053770896413959,0.026824598607060716,-9.767259881348512,-3.5636526483345756,0.9779802754809588,8.609658098292599,3.1085585174493913,0.06792491969358791,0.026221963524328817,-8.085588667488127,-3.075689434792131,0.28983402347913545,9.58575647294947,4.004632777331501,0.15174749118949676,0.05224450110746459,-9.458092189039277,-1.2039162497229479,0.9908607197683843
126,1548266534.74533,266767,85060,0.033027459884979925,5.817575221957933,3.780859152618014,0.05645598463074144,0.022678025549757442,-5.809357845297454,0.22930625145911282,-0.20727163689608094,3.692243282609704,3.2453304299194574,0.10761693520367394,0.04385316107099349,-3.21435148347266,1.7388694348475078,-0.5262490733737254,9.143041981527007,3.7836577675849954,0.06628197593991293,0.026024341036282275,-8.852572891777129,-1.3534551361078146,1.8426418714121886,8.066476850584653,3.6925443420679835,0.06477073919219171,0.02565014168438431,-7.974994027426787,-0.7681028447319023,1.0443918947011357,7.40891471751287,3.351300444823625,0.11423525273273775,0.04045710762312889,-6.767246544780315,-2.96019645080366,-0.577605805188201
127,1548266534.77870,265690,13431,0.03521808413992175,2.6339428823789217,4.0213864653847375,0.05628415214477195,0.022738570494194324,-1.3105816518260596,1.5762242376117352,-1.6539492115227616,4.498814100400311,3.5858968835102187,0.10773056325918029,0.04364550596827047,1.2666041562302357,1.9756626931252617,-3.8382025929299237,4.5992367421994516,3.0366293169222915,0.06508015730942734,0.02536189701090822,-4.519644371992562,-0.8424435714222173,-0.12681557665668633,3.5584221963730034,4.698170250493841,0.05876824384421213,0.024028472991669055,-1.0518498957634264,2.7666169079513976,-1.9352577957706494,3.3723865896531064,3.103672638733662,0.14325599205154943,0.04921461944806437,-1.2551990419060954,-2.6014658678409304,-1.7406441375906692
128,1548266534.81209,264595,10998,0.033993659222318236,2.579568090205598,4.244440454835261,0.05162947865728392,0.021130126893161478,0.7269132167265098,1.0354498329070332,-2.2480240992676372,4.466342113450904,3.5584204604943515,0.10237738082659201,0.04130569124271883,1.75414888975484,1.5214074085429108,-3.815297241918078,2.7837226644842477,3.508010645559634,0.058924878765103134,0.02357133108856326,-2.692600965117651,-0.3115942973762507,-0.6339723253055903,2.6540331066602683,4.256366834607528,0.05282740496090227,0.02176548280908134,0.853810022631879,1.0388770529200317,-2.3073398347719642,3.071216985100899,4.723373842810874,0.10678331756942988,0.0378602213256757,2.830100896624137,0.570126144242064,-1.0477876045035022
129,1548266534.84546,265414,13266,0.036044961502730066,1.1405792043086913,3.6720080445432397,0.05213209699612652,0.021415389639797756,-0.6520178040182096,0.4582667225540085,-0.8159566872967746,3.8935736843282114,3.2958170040495878,0.10059318478662607,0.04155142551019915,1.262276141971425,1.1971994832520785,-3.483287007124715,2.23298835407622,3.7597464358044017,0.05760979669843254,0.023344551291008937,-2.122219347379843,0.6832077704709629,-0.12509665628942904,1.1434870635786045,3.6485531879046205,0.052533956765151574,0.021870826323328776,-0.6039281574911222,0.6300576892158081,-0.8069263880529132,4.4023782368749895,2.9254520222901856,0.12163598672898714,0.042184775976873194,-2.847788644234405,-1.5190111036109468,2.9939337409813813
130,1548266534.87883,264457,9952,0.031521804518810335,3.1556097260587284,4.129787275002405,0.042064179027145744,0.017683471247105623,1.5005296484175477,0.7532303008932942,-2.6718771736800613,4.60075038042948,3.1152623476590247,0.08472827123840901,0.03546831075770297,1.5736787320616246,0.770884385784421,-4.253960105011881,2.3343485105793134,3.5393118947378173,0.04470755753760512,0.018532269733867013,0.5501734011855586,0.019513952500138966,-2.268504221536648,3.724979222172998,4.393749046806466,0.04348172008192002,0.018423102021024484,1.868315870744914,1.0974888387834323,-3.035364555956881,7.554451573047816,3.764531026435478,0.13682387089282916,0.04594340698352673,-1.1066221176899451,-2.1475219069965505,-7.157742361746052
132,1548266534.94555,264209,20418,0.033273223708571296,5.960290016753876,3.195553454383582,0.04299613670754214,0.018544690005629364,-1.8878712189413414,-0.7699897348705537,-5.600724520336885,5.1708466891124045,2.5376953143213363,0.08629644202349757,0.03592901219803615,-0.5040815055284446,0.14899447819090544,-5.1440604548894555,3.5316897528412983,3.964244547946205,0.044982771760185856,0.019800523540774443,-0.02683400203024244,1.8442347667516068,-3.0117952406768818,5.120603938492172,3.46143580935858,0.04420203347855203,0.01943035835751975,-1.1836231996171513,-0.1549327910298092,-4.979914566445974,3.380759957467697,4.146287893283297,0.0877445033834673,0.032385305810877334,-0.49249206876777496,3.337348366332175,0.22157466903458212
133,1548266534.97892,261959,20286,0.025955955503182446,7.642245424934526,7.675013964118272,0.034691715499840375,0.015273109997634272,0.07502984811881996,-4.720858501269227,-6.009307836000584,5.670714254159195,4.091811267523495,0.07978869063237516,0.03289685279719263,-0.2984576486418423,-1.6055719332017322,-5.430475297025694,3.459704563611481,8.118221179806945,0.03693324360149859,0.016421187822999152,3.1612138221720976,0.2723846858233766,-1.37916257957903,7.494094027705443,7.632427942844382,0.03589238954211534,0.01578190674941593,0.09847225765176368,-4.695517933875811,-5.95007321086909,12.917328968438138,4.097144881564712,0.14041599318337158,0.046099770307378614,-9.896127649470001,-6.850914666570549,4.689244444003209
134,1548266535.01229,263727,85643,0.031646498736966684,6.96511587101602,3.0240047641897947,0.03545570538642829,0.015655541821530988,-1.0482564686678622,-5.430676277636729,-4.233409103794354,5.418495012627883,2.3108635911489177,0.07434434020194068,0.03176445786055043,-0.008270635694824934,-1.6660134316377595,-5.156008053141599,11.2423283476002,5.288736845949376,0.18598672703402006,0.058836383842702775,7.238652485554835,-1.3202656328062217,-8.499926795417514,12.37738486185127,4.400245055895205,0.07974715637674312,0.027871489070241857,3.2259904904460193,-7.774132948815004,-8.721317522012132,5.590578712656144,4.077115246867683,0.12154403132016384,0.04051408757498501,1.6729958431061527,-0.7380403321714518,-5.2830816498935365
135,1548266535.04566,263076,81905,0.03192274449001832,6.282268737965064,3.1292430143932086,0.03605048931040501,0.015938953683721883,-2.525592458294981,-5.215449538258358,-2.426390188015389,4.332299171266918,2.362048634920814,0.07611025411958583,0.031836486073377766,-0.32877604042464237,-2.378166921706465,-3.6062507562708275,10.307723185952025,3.230124587270844,0.18116514693373398,0.056644495759184094,-1.4908860803735933,-4.373636508656244,-9.213995857591344,10.580339098838852,4.275258159289912,0.09200542208825999,0.030196683569884634,1.8049824689475238,-5.024466843045618,-8.175466416680099,3.8933344722162833,3.51611115077398,0.06756650339430449,0.024773586167869042,-1.9629186704583361,2.57827583384588,-2.1581235669720256
136,1548266535.07903,260635,27734,0.03473418718630567,8.119552365474156,7.693707982045035,0.046371500411841494,0.020634757031613566,2.1227720559006866,-6.186884996465155,-4.810761213662397,6.669269165951249,3.9913853336682554,0.09826220642833768,0.04003903506173951,0.2993932694115264,-2.939078864192899,-5.979241616475598,7.042917417398208,8.868302812666938,0.04959395648851926,0.02256646046436909,6.775008938485909,1.250574285423221,-1.462191365165745,7.080182862826058,8.312345685633563,0.049474256305218275,0.02214185425635297,2.0134390216909406,-4.515154151098322,-4.417563363293206,16.962514364224855,2.8108045804679986,0.22115929581684857,0.0710305895276737,-13.774043528988631,-9.885370517350006,0.5311008875611476
137,1548266535.11241,259954,68232,0.04000317158602167,8.47581064042856,2.573747905896616,0.04918991426406293,0.02158766838119364,-3.0675993901286067,-7.819318108477519,-1.1346648458994986,6.072811439225921,2.113320440634262,0.098572770608393,0.041130961250653394,-0.09270475388674221,-3.899896556295036,-4.654164957884295,9.01041370522592,5.080514373016231,0.11819218058225804,0.040751429795539154,3.17504308295003,1.4498665669530735,-8.306897344903568,10.571387537672884,4.65356531879112,0.08482198904619512,0.0313445136271821,2.8574252407980616,-6.1679260307305555,-6.8676280563133645,5.296121721438291,3.0798059544254133,0.17766951489701743,0.06063751831076037,-3.6903842430209606,-3.797608128633572,0.0902326353893772
139,1548266535.17914,261981,62203,0.030561556594523528,8.99784024915707,9.643546865159841,0.03728187391699363,0.015888324234674383,6.0442552279485104,5.863480440297599,-3.16981151096016,5.107939315777423,4.961301525831216,0.08437081049295707,0.03362545502116982,1.4922984650748934,3.7685206524839914,-3.108430703200809,12.566002698711644,8.79804023581594,0.08105667295462742,0.027688323503292457,-3.319591450867818,11.690271029466087,-3.1972331289694087,8.057464308071015,8.844405251759378,0.05734907259973615,0.021150538986487485,3.012803538270459,6.915072428109603,-3.2069015548524566,13.811230766996285,4.759015483173207,0.1841684547885106,0.06017575045068048,-9.847297139644988,-8.836699437454152,-3.9615120086731865
140,1548266535.21251,261213,30058,0.03438081817845087,13.360159795672415,9.973927479737716,0.04807007919129661,0.01995560293974447,6.629431912499655,9.949610983322152,-5.962360569773349,6.974934567621201,5.115197423570878,0.09849711530566783,0.038541555415586265,0.84147087034006,5.752637071506048,-3.8534148129289973,11.558004190383242,9.313662920754537,0.05535930278827877,0.022823444331186177,6.625232059838557,7.210027670449365,-6.140786758189742,12.313163179957229,10.074358301430468,0.050871280462740226,0.021697531939899872,7.030016852707435,8.911120008841806,-4.5874007856131165,14.446568214370302,5.758799592437539,0.18779034405755982,0.06097080317214731,-13.55161526654158,5.005131455179246,-0.07560394478353923
141,1548266535.24588,261620,80189,0.04020225016340986,4.228956826664285,3.926815990142587,0.05110088546643421,0.021169426267084752,-0.9624668047362726,4.110662036276631,-0.24533877615507158,4.098306059777915,3.184175120029727,0.09956995995676389,0.040618068874052324,-0.8948962106720323,3.3500347196305644,-2.1846145447210996,14.2929534305566,5.8416022660509395,0.23906460210237052,0.07610179487537415,13.171539766362983,0.13156816454740974,-5.548130114665292,7.549361637578503,3.536501596812567,0.10852070936975036,0.03731442087957716,-0.9622324582959241,0.9323593639750263,-3.492845655373669,8.373740178446782,5.0855389908764925,0.17009597338793025,0.05742302926535741,-7.918497508612399,2.0685472692404856,1.77144968236496
142,1548266535.27924,263424,73601,0.03922584857647582,4.813169134902397,3.826723726508712,0.04625371781715201,0.01864251965883001,-0.5627167000039909,4.473645163465383,-1.6841751655087727,4.455309262692776,3.183055663509273,0.08974426837287616,0.03581148501386594,0.6564090286052907,3.1117976493568307,-3.120196019941504,4.5461568075112915,2.6054572168199623,0.19302781119451878,0.06095481779969055,-0.628601236635513,-1.1957999808204705,-4.3407907816032,6.473802693383496,3.9875071036744285,0.10880014452768436,0.035735563489979055,-1.1354631804400144,4.090891467208611,-3.8236361890982415,6.1889315780893694,2.642230586006795,0.08319202408970236,0.032132026807768804,-4.331082848977774,-1.1238889377158088,4.27568346457527
143,1548266535.31259,261567,18948,0.03248037413296099,5.015611193408725,6.20972165841549,0.04768217307672838,0.01796506299466063,-1.014918983225311,4.573127222568717,-1.7924292195611884,4.584985589657752,3.812523052025009,0.09396197634612838,0.03546476713454318,-0.8027296196136195,2.8354413809492933,-3.5125475356733005,5.981862151850194,5.955225014754147,0.04948003985496691,0.01868910559183362,-1.170910575106174,4.4025299446174255,-3.8767735703274244,5.651467454090961,6.090835216251783,0.04915574158614194,0.018607753550907817,-1.0738812693541093,4.367033886925238,-3.4521210312434416,23.337630894743864,5.771161422138655,0.1711207511029627,0.05574543532862047,-23.201976284031524,-2.5013515817639833,-0.2378078193600903
144,1548266535.34594,257174,5377,0.0224816125015125,5.269950166031311,6.892920310266907,0.0334038469467816,0.012380408778436155,-4.463151694692923,2.8021880824146677,-0.019840700248248733,4.76431340464016,4.565023483840537,0.07139941045051922,0.02636566122216296,-3.9990313066784933,1.8641133164472399,-1.7976407787106092,5.914313054820427,6.860703313196952,0.03421745410779212,0.012677548954474035,-5.2060262319964075,2.5555099451928958,-1.1600684041059068,5.24673186245624,6.884315431032341,0.03361754438561837,0.012548356951388489,-4.322960181159263,2.936305982375223,-0.18939565421833127,10.420461539279009,5.5535299846922355,0.08393870767285642,0.028809193169905548,-4.623039404963258,6.7259396003303245,6.478831827147421
146,1548266535.41267,260083,18452,0.029056581060783553,3.447091079898407,2.83169635935006,0.03723372689161245,0.013634600217144686,-2.196396985749491,2.6566222233904666,0.025210241839573138,2.8231095377988606,1.9856097616987776,0.07748646797636856,0.027976179055996742,-1.2978522472247966,1.079372591595152,-2.2628481644373775,3.6251673901322405,2.5983664926345877,0.038935210305977797,0.014151516976332795,-2.1685638207744447,2.883640493171006,-0.35183386399097216,3.472571415869597,2.7013507652006075,0.03840871192112692,0.014113808804817562,-2.240751683426957,2.609597920035677,0.2294452524515881,4.035396556063789,2.789301998994103,0.06629747419073491,0.02250106481215848,-2.3409144209513806,2.816710539140066,-1.6943101183580977
147,1548266535.44600,258988,47386,0.02903113491961812,5.899246729424972,1.4520364076469647,0.039012981706358904,0.01537606244181514,-4.5318342938655185,3.2907882474782997,1.853187151324539,2.74374125143432,1.8893632497250175,0.08491170382106744,0.033132622190269204,-2.32382495830132,0.5664070116774444,1.344297852085193,13.037847659587744,4.716830537124036,0.10179950518691848,0.033607128872747145,3.9415592334666667,12.417215004498676,-0.5122049743454584,7.952220313437111,2.133537158024747,0.06049878725857497,0.02133586245037499,-2.830866472666627,6.039276364128246,-0.4281718544103784,5.827534725481002,1.5141897146446366,0.08538620747167172,0.028942645829135874,-4.435394294184141,3.578181198405311,1.2182190866935392
148,1548266535.47937,260508,61395,0.02180818018218809,4.510830349196567,2.4048033174692542,0.02679813196652585,0.010269348168429265,-1.6818699226482685,-0.986131772494319,4.06773255386845,2.2163515025277856,1.8585741488005205,0.062041918068503774,0.02309222523229365,-1.3384476574452369,-1.3508351447473004,1.138427100323982,3.8748640374739143,2.910923376003835,0.09430254680067819,0.030345074574139253,-2.1111809328948175,-3.2382848286806136,-0.26645402197561424,3.2210888329594853,2.265555762023422,0.05246754806832708,0.017422747785623863,-0.7734805215792298,0.8848954070666157,0.6027966505112258,2.3460869499789023,2.6140697407097626,0.050755383766843055,0.017045520066985995,-1.9819996692496236,-0.2119467792353874,1.2372872951450833
149,1548266535.51273,261127,65444,0.030984182280321078,4.948514837475934,1.705545003012097,0.037559483903890224,0.014930896236032014,-2.559791831202098,1.537190590203222,3.946176626434903,2.3601464582840537,2.302484509874689,0.08273204945970382,0.03268912651117679,-0.983536948970787,-0.8221778076386989,1.9816584032538047,5.092175846427632,1.2496335609341649,0.1617761863880596,0.050682773228806884,-3.9682136971266417,3.1648842406855024,-0.40870851219178145,4.79622066324363,1.4788572465620917,0.07514682416173019,0.025356768361244945,-4.01614937781566,1.5872377563146363,1.0556697305975256,4.5186394066488536,2.156913592932629,0.0715092729377132,0.026618953325959493,-1.4286899552487524,2.4784879869408933,3.49771988553699
150,1548266535.54610,261860,52562,0.024455453525661967,6.228730329811359,5.742193918539432,0.03468496945365387,0.013169772341132325,-2.6943856917187197,0.7699129318086559,5.562787191975543,3.603805117540227,3.599024597434292,0.074846169973399,0.02798937244703936,-3.5599594701388324,0.3120402607830536,0.4655435230227313,6.908335551437574,6.26922547630473,0.07495382964195951,0.02477121850957129,-3.908789363913999,5.6958046396585855,-0.06538582914381984,5.329067962917238,5.987382020243483,0.04490987735638809,0.01611440900065902,-2.6758997507445086,1.6349254653220955,2.52996026737676,8.061773056719469,5.4607335162216195,0.08165070991010115,0.026633797168248187,-7.726679051758253,-2.083142250091063,0.9752609984274557
151,1548266535.57947,260590,49909,0.027271504427581625,4.445197987962571,3.313587258971773,0.03677872157588837,0.01423237994541298,-2.196302226276134,0.07605327313702144,3.8639691487751473,3.0104655634323665,3.038109320732046,0.07759730876341478,0.029291167041975878,-1.6968453952187796,-1.4847438295459867,1.994781786051321,8.087162135287546,3.363919559071112,0.08578341546199353,0.02827292767584183,-3.4502724941813425,6.842413690793897,2.5844121192953162,4.132105412679524,3.2684148693922124,0.04530452359401589,0.017174482151285947,-2.018902191897333,1.1647659461162427,3.061395051623392,5.535103644660449,2.6865480656958756,0.06671971303654868,0.02274007599804124,-5.331100847447293,0.1768138788192692,1.4783345236234644
153,1548266535.64621,259651,52055,0.022749680644079957,6.213457461694847,7.064664492493077,0.03582669461814537,0.013424271640403372,-3.0603096827299425,2.2622382341597285,4.911602227989009,5.627063620560091,4.778408544581123,0.07538842065583808,0.027633861529173884,-4.852023959522832,0.9729971225778021,-2.6786162632042965,11.86195143066983,7.587385238870616,0.0784009709342936,0.02511967032654998,-7.980341395893964,8.628012724093178,1.605440556805957,7.265807267597559,6.704579513464337,0.04929410729652803,0.01724416317411265,-5.654012504535184,3.515817431008757,1.6175181308086404,7.687783737774242,6.498315533223768,0.07258128926207645,0.023865083957844712,-6.639077258369028,3.8320103897186053,-0.5834109437454452
154,1548266535.67959,257902,50532,0.0367447510648154,5.298942621551215,9.774794054024028,0.05493759673867261,0.02129198067950454,0.8386554446484983,-0.6116406927858288,5.196281902916928,8.257241332146936,9.574496590391599,0.09935074469229846,0.03805418185206511,3.219348591531821,-4.375383332411755,6.2188302564044315,15.785526170437421,11.386233035368514,0.11141834716010952,0.036859018153821345,13.476438654088284,7.095027283214364,4.150786134047824,6.6988209937606005,9.76594565660281,0.06849013241570204,0.024851199958196395,0.7164669625489084,1.3113814185333679,6.368904474872577,6.237934963637564,10.164335599244758,0.09825492686679445,0.033389899404314624,3.7722412482270005,1.6687584727070657,4.679452290120624
155,1548266535.71298,259955,50434,0.028716167659832155,2.602408028670146,3.4769832883147846,0.03293958248581792,0.012614588266494335,-0.3388400015771525,2.2750790211239966,1.217263508308495,4.871159007031693,3.0352162464352346,0.07099206664945942,0.025800603809572928,-0.6824899576049227,2.281893656424897,-4.24915978404228,6.822105023480719,2.4648359765700514,0.0669999738525734,0.021736899205848367,-4.216052256002059,-0.4700889113085539,-5.342755538252294,3.6422560913771065,3.497493764356079,0.04039004971275109,0.014412753159683895,-1.1546519434263653,3.129718752107843,-0.3366978386605084,4.426855731390515,3.6302135871519092,0.04623188130037051,0.016939542457951803,-0.7982588731781374,3.564059508621249,2.50146242365219
156,1548266535.74633,258742,49835,0.03102868643420905,3.1989321443610628,5.847782580630201,0.04378594830953254,0.016601053482494667,1.101420996057319,-0.030174031851501068,3.003186338120296,4.569156293738883,5.07725496416151,0.0813007456499373,0.029733874614115686,1.3390107998170755,1.22284322005123,-4.193911512390507,10.954226695299498,5.643012504767674,0.09442730193401515,0.030134059650023394,2.825584716330291,-10.035756544204746,-3.3607654021523747,1.4628800249442095,5.577692809346841,0.05314018428238693,0.018535187818651384,0.3567956524935893,0.6967671736847811,1.2162340788723804,1.4484858297524505,5.201757575752836,0.08226585975771464,0.02628941622036409,0.13399410485164995,-1.436926110583417,-0.12409726661882502
157,1548266535.77969,257653,14941,0.02244682398215156,4.797102667738657,8.781225604143309,0.031041712941403784,0.012031695144396696,3.405496470956233,0.07683297179560994,3.3777040257510778,2.667322139617502,5.084271202474496,0.06962271477199346,0.026162478433103056,-1.3819930638575941,-0.6548272961455277,-2.1853841264560163,4.428967606860672,8.784032319422545,0.0321216851103821,0.012598121582179583,3.2726077563558946,-0.0820555468936603,2.983129132787309,4.394115643624019,8.843033142617656,0.03191761322066283,0.012494800426975813,3.198660602006305,0.027931375382207867,3.1105391209569806,4.325428455629482,8.511444315119121,0.06233469335662278,0.019830128078920865,4.069655926164883,1.4647431854757975,-0.0419448209259679
159,1548266535.84642,258819,14421,0.025043411404008196,5.650182459970623,7.092745985453647,0.03249667772495649,0.012467208494309441,4.8662635325607795,-0.8891531645269733,2.7301003118274676,4.004859378659951,5.8376439101155775,0.06520021646298191,0.024363860031691015,3.651117799312265,-1.6059765354334967,0.3592726346700411,5.280635591312858,6.865316403948501,0.03357384523772895,0.013219945240082666,4.613925005321083,-0.6712208623271634,2.4791673698017496,5.693494125633242,7.127710069029812,0.03325320715120836,0.012868395100285663,4.872558178231321,-0.865478495189741,2.830737952098395,8.9067517210978,8.0538585342274,0.06411537483423614,0.021002036606042617,8.7279083035678,-1.7198680556278094,0.4426022334127096
160,1548266535.87979,256881,12247,0.024152459386889723,5.602257745087944,7.984291727283507,0.03300177813232239,0.012561762096078484,3.450681291944818,0.5004875658183789,4.3849290370861285,3.121777656022342,5.110331538173968,0.06922148526073561,0.026091613781451226,-0.30899020493281,0.19839083457982754,-3.100106750363711,5.228512220603194,7.73675379957018,0.03377611019580731,0.013003968387511552,3.137498465218865,0.4990145761014144,4.152641072207486,5.521075560671898,8.007588601016321,0.0337148536717436,0.012856821730571854,3.38189821778153,0.4592457270328418,4.30879572814462,6.829807390936181,6.893925154788291,0.07527116299602636,0.023854485067619616,4.56013141701342,-4.751879002708747,1.8086227910953057
161,1548266535.91315,255820,1866,0.022180979085201877,5.505263893345043,9.117819856994446,0.030281804150838823,0.011456675845989979,4.956437933053658,0.2480749757307719,2.383298629540909,2.84423488689589,6.01078902593209,0.06879218139356888,0.02513744600891102,1.56248394732757,-0.7526452845463668,-2.254293920905047,5.256600284810639,9.01597330278041,0.03068312227346134,0.011668915478118129,4.682436949484297,0.1883655617893237,2.3814174735873745,5.498813653754664,9.098032803910899,0.03035665630798852,0.011499781186890339,4.930870096694612,0.2387584826290015,2.405684341273891,12.318764803631376,9.618845787485492,0.07014680009286518,0.022177473193322847,12.185854691504824,-1.7672163162885615,-0.3658663911328338
162,1548266535.94651,257095,12875,0.02015977321696247,3.655580967867711,6.3597440257741225,0.023247355481311925,0.008877278094207998,2.9826821083043487,1.201115550841019,1.7390230265771738,3.5597101293060955,4.699555188550277,0.05502096895995312,0.020303327855306745,0.7246135218924604,1.905682073549687,-2.918021124516817,3.3548428417762604,6.187579100581559,0.023988972150783015,0.009243012249919637,2.882154445046853,1.14634908356056,1.2782957508080612,3.4036995656878872,6.303140901791878,0.023891159934412445,0.009161561463633384,2.844392457384152,1.2010477894498468,1.4335545076282221,2.1894337658915606,6.138617263687462,0.0360903517983896,0.012037031928359308,1.8847346355343406,0.882531374975854,0.6800984789179912
163,1548266535.97984,259187,4489,0.024080408283865345,3.129857492328812,4.881275622372512,0.028675487029494445,0.010763518745411088,0.5785545962466776,2.109970891479675,2.238147747258234,2.635179012413727,3.825376084876131,0.06442481849488912,0.023500667970288366,-0.7861345180559716,2.1226175100250555,-1.3493168097677148,3.1075160638719592,5.0186307291927905,0.029208295581888238,0.011196004188072593,0.8104328087037495,2.0284023215526963,2.2103028687757837,3.1723825124833462,4.866882925963221,0.02888621635810555,0.010917278913223999,0.5829049406642249,2.1351725649050257,2.285294245755359,3.425264738934679,5.333431892385154,0.03718234449371713,0.013038599273065811,0.7040940409057762,1.6968744065544399,2.8909007872513968
164,1548266536.01321,257331,5430,0.02610811046859602,5.40728633253324,5.132351548983655,0.03376665765557183,0.012805840281847919,1.2581291788525786,4.3871237458351615,2.8998278724865347,2.933931170770279,4.111348404441844,0.07520163337024469,0.027715835202164227,0.5981127084698725,2.7258490141268097,-0.9055166784594281,5.322814427278543,5.022020007801736,0.03440580125310736,0.013348513342041117,1.0047668838000092,4.273480903663276,3.0100096183382443,5.418334272875388,5.133738268007804,0.03407113227055659,0.012991358038070215,1.2613761376264048,4.341594070204033,2.9855799266363503,3.302680069408264,3.7362256674159746,0.06486549360653719,0.02191252985435705,0.7241910639107525,3.218545129609656,-0.15559624829779672
166,1548266536.07995,257963,5001,0.025806313980997937,4.063316854551559,2.7097619764449434,0.029031995067911095,0.011382046925868049,-0.8386114015232463,1.3889069241704743,3.7253472769272538,1.3764581332567114,3.039661949283674,0.06560243088898562,0.024687099544524867,-0.17345701086242823,0.846188751966726,1.071687572959683,4.175293726795106,2.56135517344741,0.02944281432983423,0.011702256518137551,-0.9140919223905222,1.5192846601953875,3.780117429886266,3.9447671248847263,2.7233632998599298,0.02935884742707609,0.011490246045247406,-0.8881168703916873,1.4207040430059616,3.5996927467093123,4.968630443707711,2.248168617062653,0.054024719359599724,0.01884730320253714,-1.506388121915992,2.4090381963932184,4.07610332064927
167,1548266536.11332,258037,4223,0.03620050459373876,3.8239611954190145,2.531469810780146,0.03880261261747266,0.015691915394863018,1.360840661032041,3.5231814569538704,0.5983179261301648,2.707333725424808,3.143578786160354,0.0829340076913951,0.032504970274562395,2.3727710862532256,0.8186778233395828,1.0145836065279297,3.7281687445329625,2.5698464368804124,0.03926226717430154,0.01607051379671801,1.4092397488935062,3.416508105035065,0.4906708530988613,3.837613617078395,2.5176850937757824,0.03904720526222995,0.015824075904521045,1.3646599436068825,3.5356930402923146,0.5997449119115448,5.291962732600935,1.9772821060978791,0.06563233224476334,0.025611051359330575,0.1816462699076811,3.687038030937463,-3.7917838485713533
168,1548266536.14669,257764,11873,0.03279912758014317,4.327384255770932,2.466622106161376,0.034276462165154994,0.014265377934778183,0.1906319280499895,1.3985833316489615,4.090706372930692,2.846131767289497,3.014974407979862,0.07704945809459497,0.030655248989297914,1.0477653079623548,0.053377420494745836,2.645714411493863,4.40417701626644,2.455784658424272,0.03556158589803663,0.01503110665817287,0.2978467065278494,1.4780262183810333,4.138055222903429,4.382268423133029,2.4392146166622086,0.035134651029419706,0.014643338526231923,0.16760217320684018,1.4651800232159822,4.116712240439521,1.5910155012417333,2.7963093875382232,0.07957646575939063,0.027941317091769616,-0.7545983427081369,1.0306096638416868,0.948554367007892
169,1548266536.18005,259369,13954,0.03576025150022062,6.451825094704066,2.4902649391718588,0.03786970363091372,0.01557273336436863,-0.34036891191922336,0.24141304176785713,6.4383162239607685,5.341868412093583,3.4040171803725316,0.08340755788227944,0.03308746226906338,0.7647846053180697,-1.2565841677660794,5.135334348307939,7.138774871329134,2.454524916030367,0.03958445621391958,0.016505865215878626,0.05063758220006055,0.37829055349274177,7.128564985740635,6.832977625798227,2.529392469367792,0.0392116342989513,0.016236151953143735,-0.12488370384415007,0.17822059374941274,6.831580360484352,4.192117460404831,2.097185465291986,0.06947097298644174,0.02370695091320543,-0.20899082356891982,2.04599995136309,3.6529516608514356
170,1548266536.21342,258525,3733,0.03918558481357417,4.836383107297777,1.4514975561329302,0.03900536950431851,0.01601807888795995,-0.20594762973180428,3.7376474143013207,3.0623812533271884,2.9747258015986593,2.6735591720489316,0.08033376444419646,0.031876409158023165,1.5523218879186194,1.6116842596928467,1.9600418868085134,5.065762325484223,1.615648573299447,0.0402214725613121,0.016375437382790303,0.30967526386097244,4.576345781300655,2.150141497487934,4.8971887495272615,1.4556157555501603,0.039126300452046375,0.016095174975847976,-0.19057617237125477,3.766505182902028,3.1004328741303597,1.5380204836367362,2.2844137972261604,0.08830052207998006,0.03010382701044843,0.11283855402788727,1.3488783003599643,-0.7302751533696659
171,1548266536.24679,258503,2882,0.04305285684130545,7.025824869084891,5.100982127842112,0.046016308570313885,0.01983306135183817,0.8835879739989754,-3.3112724073457183,6.1332668642092365,8.756728573765828,6.838424938229798,0.08365611845871164,0.035365829175096966,2.8927896107021756,-6.282325518987472,5.370702901511056,5.001416991162423,4.706926695262175,0.048201363524993754,0.020378532947598962,1.4867410065455335,-1.4027735710962526,4.564646690290282,7.005829123245936,5.10458705165507,0.04627054101488129,0.019938255819938258,0.890321534530007,-3.3057678336150973,6.083834952052245,8.18442526553862,4.884833270610562,0.14540784092334721,0.04888124866331049,3.083048437013476,4.5288804169563965,6.080203239294268
173,1548266536.31353,256872,1005,0.01829189612579139,9.673246816144447,4.752059949202693,0.017253479879884657,0.007441046426609711,1.0874840275711748,-3.7718056215266427,8.840959495962316,5.269366220773504,3.5978305778851714,0.04183746231290873,0.01673503593431648,0.8867495081539363,-2.042161247730853,4.775926414496349,9.705710292060424,4.785618700720371,0.017313016562808918,0.007506743247337986,1.0876139582445044,-3.8229627991521506,8.85453915161812,9.67763878207396,4.752414211108754,0.017279863901104947,0.0074509619200194875,1.0902018513303307,-3.7720795530156677,8.842508424098916,5.467956616435057,4.151636102118288,0.03683801043893466,0.013048022489549177,0.8072254324010322,-1.9229318870694267,5.0546285341449675
174,1548266536.34690,257545,2333,0.03035731026712182,4.4196535357084885,2.504334073248236,0.02623745007725526,0.011149208523013834,0.9458083122680765,0.38768527660570395,4.299823733416094,3.452474708243984,2.323836377186038,0.05981276497797223,0.024546143480174806,0.8848773652783293,0.06339343210820976,3.336548356048209,4.054760986512153,2.4497220448253985,0.027043193594271216,0.011347576112477656,1.20381415088246,0.8795803859694531,3.770710343223671,4.3032508785910295,2.4914863882816816,0.0263823732239722,0.011195719672221867,0.9435097592332855,0.4209489913769021,4.181302309502624,4.0112143179718345,1.631377110813749,0.052913299396936044,0.018658268605264053,-0.5465768467398194,3.719869043915721,1.39773686773575
176,1548266536.41363,258488,848,0.023103471448032212,5.6979947316778095,4.383865810767896,0.020092696852788115,0.008897030326405018,-0.9835507673821519,-4.810847279573792,2.8905916873241515,5.412146242588234,3.438114009573364,0.047829843386391124,0.01969990987889119,0.1745848813920308,-3.9809947283081617,3.6623118441134825,5.842353417067628,4.458406920967576,0.020210041968520262,0.008992626479247616,-1.0678546949857628,-4.918280233810746,2.967035446708576,5.6962672689961185,4.383917006242708,0.020130853011098036,0.008912448614193502,-0.9807378911586938,-4.8126451258791505,2.88906552807938,4.398177020445712,4.526988335807186,0.035032353661564535,0.012848244445124965,-1.021640675301124,-4.032918897958086,1.4268064326458316
178,1548266536.48033,257664,892,0.02641778327132052,1.6971909288382319,2.1957017675609403,0.022878759705563412,0.010199319716772424,1.6131776928330457,0.4482968497942741,0.2777493739707833,3.380867721998646,2.456278286501178,0.05218565119689666,0.022046959573144967,2.4764845845550765,-0.9119459599607019,2.1132073306291406,1.6972326287144348,2.238942243622374,0.022901424596600592,0.01025499063268303,1.6192015180081896,0.43228437825602123,0.26817020037411,1.699076992140745,2.1961321943486976,0.022895534248587902,0.010208174447775348,1.6150215924671638,0.4483814510731414,0.2768881262580597,3.5022252767255497,4.119258229923835,0.03990506682625473,0.016371944277836236,-1.3746094647663567,-2.7486712506276563,1.6795347761457924
180,1548266536.54707,257687,700,0.02366951975011531,6.495375599684199,3.6906288280061483,0.019888711556223775,0.008977019670670649,3.0129845241021544,-1.5163497365476744,5.55090190103965,4.975747230289202,3.4731520372625306,0.04518123336159844,0.019627467627395742,2.323519934595471,-1.9934495857354015,3.9224321998473695,6.5171569124762545,3.6936905714483275,0.01993084605584176,0.009015060443148497,3.014410124900481,-1.525111113513433,5.573212889543365,6.503124663882106,3.689870905265181,0.01990598752216197,0.008987776769160155,3.0171401289549182,-1.5138994897932543,5.55789292886254,4.357084183533804,2.287448406584093,0.05249603476390653,0.018018467984521874,2.0063160778867375,3.324080004258112,1.9772128118401913
181,1548266536.58043,257817,1295,0.02051234956061957,5.695665636147189,3.7157174853139816,0.017167313290510508,0.007868961931707998,2.718505044724442,-2.192582927572804,4.499212982990692,4.869736354467736,3.3471524696637727,0.039644908601092835,0.01702176134291801,2.6265377155597784,-2.493079169283172,3.255792998096326,5.705714877399872,3.723273657663537,0.01724344086261275,0.007935688257544772,2.700342062788028,-2.210630048148742,4.514028112046028,5.697913951478151,3.70988090585086,0.01719636278335717,0.007884614978978619,2.714394118768854,-2.1829468329402753,4.497894146495655,2.914336143954902,3.5235781688832133,0.04108297743596141,0.014577080592533185,2.5370425339218365,-1.389975345934419,0.35318391629275314
182,1548266536.61380,256970,2935,0.020360068751706,6.4131884806529404,3.782421160171196,0.016691453723052495,0.0075828501060586535,2.1459678962630715,-1.6767506212141028,5.806230759352055,4.388738273260154,3.4860755542314172,0.041475014859943024,0.017436350142264745,1.381134123245568,-2.153965300196459,3.5656592167977563,6.905203654237566,3.7923951416129342,0.01785505498846663,0.007853983397388308,1.5264010330325692,-2.188323338473884,6.3689228570570275,6.442152971334772,3.776527510283481,0.016737390202745644,0.007601373282000175,2.1489967906397673,-1.6722044207908486,5.838199203595147,4.192256656970372,3.274798754729461,0.0389997653686736,0.014120739389409515,1.419755662823117,-0.7034800898556953,3.8812917307219656
183,1548266536.64717,258271,669,0.019562749597071192,4.20307764449881,3.472888943630995,0.016433187741324115,0.007418251434112776,2.5122766871585713,-0.7860127422186064,3.2766616398272204,3.3656067824235127,3.12442217621598,0.03852394772406879,0.016289123900681008,1.742714130402808,-1.770053672053328,2.270939557020412,4.209090518290263,3.4783214709874337,0.016449306568922222,0.007435302472942658,2.506792967528335,-0.7992761333740901,3.285359899878557,4.206751338784869,3.473508889448116,0.016439974740313015,0.007423864131907154,2.514406296962127,-0.7882425556030994,3.2801569914072095,1.4333459062560907,2.846340363843426,0.03940076248387569,0.014070292104512152,1.3566359656413676,0.02778481930769401,0.46178712360290786
184,1548266536.68054,258185,2855,0.02943624556962646,2.8890861139375907,2.3638820931107287,0.024673426282835167,0.011178005645734118,1.5535995792054742,0.7769300941922185,2.308576736861492,3.228117668153201,2.5727997191332275,0.05299344877077052,0.022812208065115344,1.3277383628317028,-0.33751058200972156,2.9230020742961007,2.8333741148601885,2.259757672306434,0.026099180762078338,0.011546770296871766,1.142960149309828,0.7469607642724261,2.482680122063043,2.9028782342658492,2.354842717529551,0.024748016641301517,0.011236457671049568,1.5630300884874555,0.8056683744625811,2.3096623499640865,2.2371138780592874,1.993738737255672,0.05047476879886134,0.017676574084378418,0.8839976776833034,1.8393301587793165,0.9165648783696903
185,1548266536.71392,259212,1709,0.027866940577076452,2.586975404995317,3.1527012973539565,0.024381177671052825,0.01123334223595291,2.2315217626006754,0.12698156479612047,1.302546755894847,2.4845840719229235,3.1579910474763553,0.05186936638513215,0.0226740514154949,1.7857932613652407,-1.2305038462646896,1.2124193673986725,2.539955152266816,3.2045487470559273,0.024652874684391514,0.011475947414983964,2.191945274891664,0.04955289454768547,1.282299730191346,2.5925725063974694,3.1550538398830987,0.02445232592249732,0.011286118863996344,2.223582415647787,0.1269938318808971,1.3369205833405977,1.925552898480466,3.270066789348005,0.055136728780765525,0.02110508748658726,0.29780803093323827,0.03342042639822843,-1.9020902756329814
187,1548266536.78066,256107,3237,0.01963157129556933,3.3226433054838114,2.8108542598934254,0.01555370011639677,0.006822611570062209,1.5863523036774507,-2.038216063993985,2.0902440480887643,2.4949053560276067,2.4188238195157203,0.03763370505679325,0.015075758320755962,1.1170380405700355,-2.1157678847552623,-0.7073224224446283,3.394408517714252,2.8418297011234674,0.015718588083242818,0.007003644142918106,1.6371824268145312,-2.0458283571973532,2.157829747535224,3.3376722633795577,2.8133738751395123,0.015576396345478152,0.0068389428381247334,1.590980869742907,-2.0402187084583217,2.117205449640509,2.7491803654056484,2.9097444243642308,0.03758837091540089,0.01388920358737108,1.7907801736891813,-2.0238423527259166,-0.5051348160308364
188,1548266536.81403,257700,12009,0.036579325966636184,2.000503637909746,2.589531135273437,0.030317756091823835,0.013252846287125246,1.75555708880607,0.9471704083516024,0.15133516040875347,2.8924107730134785,2.0890825829540076,0.061739628547611294,0.025335952848378578,1.556518980573013,1.1097526422005537,-2.1706537761903135,2.1249407527513995,2.420599441111997,0.03143299088986866,0.01383225632569402,1.8794056192245219,0.888130582936679,0.4409442014399658,1.9827235826281608,2.550227613650385,0.03070413102567704,0.013396609954126762,1.7454718129164761,0.9357969552237402,0.10831980564719912,2.739144729979575,2.430254816687735,0.0640861145811987,0.0236772429965765,1.3523827150585819,1.7978578487223125,-1.5625882373719682
189,1548266536.84740,258546,98511,0.03348983768190147,3.2136142696813446,3.521046562078595,0.029654763784600583,0.012756026949895218,-0.34975101801482755,2.603191361644827,-1.8515900286928817,3.036534213007169,2.7471306378937386,0.062210199781692795,0.02453348649059487,-0.004442298839225838,1.804325550398186,-2.4423205360730957,4.951268118811481,3.414578107982203,0.09784789675027021,0.03093597175099754,-0.9380647158056851,2.2488010736420145,-4.310218591267258,5.773093224668708,3.8091096153998882,0.06548619681107504,0.021780946758296345,0.5541969745751807,4.862742747439418,-2.908895124957512,5.36223555142694,3.7987108742687026,0.06636261223232774,0.023650974429449897,-1.992299537848637,3.1224571935426164,-3.87744422719
190,1548266536.88077,257677,96311,0.07173115763716104,4.072190963087687,3.8958371425066383,0.06717945538659131,0.029431494207471025,-1.4874654961017024,3.153936796754301,2.1030616538368907,2.7935910836191846,3.215693696079692,0.11433717003802453,0.048123890002265655,-0.5905066755928833,2.350375370652213,-1.389672128808923,2.7258790766167307,2.841324314549235,0.20393226727643762,0.06541340257313104,0.7974507481800741,-0.032874055956744974,-2.6064167627240415,6.8512333954535,4.608001995291595,0.14359225143961796,0.04908474283573939,1.191647267073082,6.549861455986367,0.06718300012435205,2.48493448625857,2.8767425755730693,0.12811686008709186,0.047255666966677295,-0.6972021061902964,2.351572187514351,-0.39864378965428027
191,1548266536.91414,257493,92306,0.03634831377262083,3.661754347084089,4.192096753916467,0.03431327372529184,0.01518435620462387,-0.40599366650870766,2.9555386575853353,-2.1233005639010964,3.6324523364330936,3.109126423595427,0.06924133607166036,0.028451157185527237,0.5609503296286849,1.8544925184199987,-3.072605116716426,5.285702991125981,3.9524079424890917,0.10061578925413348,0.03316716290642526,0.736348036570851,2.8453174969308064,-4.393246637863141,6.3122785559267385,4.526846597771503,0.06715074262694673,0.02398436161648368,1.1019455502443214,4.778771621860842,-4.015261371705083,8.318726575926684,5.215494487373402,0.08334568025126009,0.031137034861212262,0.03572990931258008,5.835571738588545,-5.9284093737187264
192,1548266536.94751,259192,74615,0.058133023992343394,3.3587083514722966,4.124548527237802,0.05945020585948166,0.02584099589985472,0.2854326808103725,2.7019435074628175,1.9745762222448349,2.9859957636607217,3.485027872514105,0.103164986535528,0.043269049182539675,1.0585141753637333,2.2864130753766405,-1.6025085615685635,4.560151695434352,3.8254006700318737,0.15420524609152042,0.05116984133171266,3.8977283570652443,0.6049400618031703,-2.2883934673757156,4.6160368698648675,3.0656726058915433,0.09872623340368157,0.03650504302361829,1.9195200251428255,-0.377281665821506,0.14772023623488825,4.892771560324405,3.7717813115915377,0.11246685551874339,0.04299268343509868,-0.3836630896542267,2.8169732075362397,3.9820444652438622
194,1548266537.01424,259922,78149,0.05852495068043346,2.2590994568755183,3.863924648535572,0.060418760816967024,0.025832004838233474,-1.2411539569832624,1.8718351136869051,-0.2435169774138621,3.688322802751062,3.4397381366352655,0.10884216828828079,0.04443965951282315,-0.04266495139521542,2.2048308142088233,-2.956454951446267,18.62777756042778,4.276300023859193,0.23967595998330243,0.07448020776772243,17.85106540493183,-3.485530273941691,-4.02301372842036,3.9155388484519587,2.7343151867833573,0.10356101072245633,0.03671300626891123,1.0606533403416782,-1.2147513243806596,-1.9073893750254909,2.1156455364977513,2.2635281320102556,0.11729405900989838,0.04203830890700269,-0.9438312915576966,-1.5995204584799612,-1.0132486526432902
195,1548266537.04758,260029,72229,0.05585732391351913,3.7411350130349654,4.455624664987591,0.059987718936011826,0.025273059011476723,-1.2756964715455161,2.7823227303132088,2.151132242012309,2.960294974513968,3.785470860391248,0.11005114761075918,0.044214461012011964,-0.22245349122592548,2.1773400589908696,-1.9932513759904156,3.6844346711493623,3.058008099539419,0.25172867104209284,0.07531647372418276,-1.330748643027181,-3.101358282539601,-1.478426088234322,2.5132664325325536,3.485445065275621,0.08057064831420466,0.03089375522105143,-0.6742374356429547,0.1549444367162234,2.2446797011893747,7.465822226324161,3.7295973446765514,0.08231354640443732,0.03786128819185628,-1.16287965345358,0.9044409411636021,7.319029922783937
196,1548266537.08092,259773,70760,0.04751857125165784,4.125936419920519,4.384742106671123,0.05297284562180678,0.021451120102935803,2.8701261717972644,2.363996116433627,1.7880854176122734,4.866281081370477,3.7084157307676797,0.1014671574631338,0.039899956757948433,3.259822701332234,2.144011517167045,-2.9081716134090683,15.354633276861811,4.612240527394309,0.20577051111729902,0.062213409717590526,13.885445195007664,-6.349985228660704,-1.6238418639576744,4.076605482415099,3.5229484259342563,0.08425426723778892,0.02939705779852414,3.431235091539584,-0.048148024906552386,-0.15071432220782202,6.605100681992229,4.283852480669714,0.08050436197132604,0.02992130976120088,4.0984302016790695,1.1036469855321664,5.060848568426529
197,1548266537.11429,260629,70718,0.0548884329030581,2.7343575131124074,3.841581406536529,0.05804386959772923,0.023537101700304788,-0.3620756422814349,2.4276994165473327,-1.204943061591084,4.7091079637234134,3.4271026686975317,0.10631124633237221,0.04153191474624876,-0.011865884125573796,2.2320014572792775,-4.146531865245988,12.282482992069035,2.3691295340605625,0.22054065630089476,0.06654646560278688,10.959393246480055,-3.3263010930285617,-4.436981987566494,3.3597757807852497,3.1218295582497406,0.08838755766076795,0.030586594516389926,2.2603806372154174,1.2326196924581025,-2.3322058189241366,2.975303275703935,3.298440450539474,0.09340522002236144,0.03585462705434268,-1.0075394547113399,1.4913514063178415,2.369211854707877
198,1548266537.14766,257782,56343,0.04664805240489923,2.423114171271908,3.6316215431566676,0.05228321506780655,0.02085346326594234,1.7821376992369797,1.3761945335827281,-0.8952966624053101,3.225855263304564,3.313432559878944,0.10072500625443435,0.03825867598053292,1.2579196082323676,1.644296970304791,-2.473877101325119,9.745027395182904,1.490756160068893,0.1119051192079568,0.03525801541772522,7.408261967943175,-4.982494455832806,-3.906144204300114,6.181204159088745,3.0842074118365157,0.06885451497949668,0.024928775214661608,4.114614928447077,0.9075909628944222,-2.1111819346204843,3.282891370971906,2.1590195599036983,0.09444149113159105,0.03310068653676137,1.501989973153343,-2.740247814332157,-1.0062026586113033
199,1548266537.18101,258473,14233,0.03414054122458734,5.3055117823665325,3.1724937305871634,0.03395458574583781,0.013395262247229919,5.289995810088078,0.2479808733647707,0.3207882300302296,5.093743366506875,2.64626031832688,0.07048383243022656,0.026797521657166454,4.48551660492419,0.05615630700903983,-2.413132557479025,5.791245576266986,3.0476906983073246,0.03596291565069123,0.014078190137780722,5.742353086529192,-0.3111677229300781,0.683433246533343,5.498210113384173,3.2827383986265004,0.03472836416702041,0.013931964985652606,5.4771677498573474,0.3660075133826285,0.19496241315840063,6.604309566635332,2.996964878946221,0.0671652505837922,0.022398335665034484,5.796854992918352,-0.747880694345643,3.0747441373313706
201,1548266537.24775,255290,14758,0.018869199997024435,11.803586324406895,3.5190658160703134,0.0200827597010614,0.007407589666381748,8.84523854503219,1.758443831973212,-7.615397592312411,9.176237444784322,2.4905495565153823,0.04788300117897389,0.016211928907219834,6.711948416630831,0.2386358250251676,-6.2526902241006095,11.47658683741238,3.5646800779329473,0.021510587341259803,0.00768371481550154,8.76355276776583,1.7838829394447033,-7.192353577349287,11.716942368600357,3.522315455806273,0.02106953695819596,0.00766893468950354,8.748822662438858,1.754186685538838,-7.511775587637164,9.843670746667607,1.989216118534619,0.08823810704984472,0.026146556513474296,5.04210115778253,-2.1581307859510783,-8.174199728060103
202,1548266537.28113,256839,14193,0.021582532589099923,8.102246819506279,2.333654294923293,0.022856840706197156,0.008080053898992473,5.987507985733025,1.636324265959759,-5.207551684007959,5.03472695230964,2.124734067796809,0.05242920770967428,0.017127571161328018,3.5749531418844076,1.613665865555958,-3.1566228776943652,8.09521795817545,2.4474432767438725,0.02405042559169209,0.008293953253473168,5.732901718683601,2.092633111532546,-5.318578600979639,8.271123366329306,2.3499585388885897,0.023580029961030285,0.008312768929678069,6.101984020994967,1.671272380934814,-5.227536955898522,7.216861388440976,2.8166426905550472,0.09796008888575379,0.028625905436155823,5.482836177869906,3.1129658568029623,-3.5115579620718402
203,1548266537.31450,255796,38435,0.020518698447292386,16.540408049341536,6.6631931423707975,0.022513132447630656,0.007841881074115787,16.26500397914035,-2.3639657275966166,-1.8564509247538894,11.88533311272182,5.32116667411648,0.05174712874325279,0.016313161174651265,11.424448003759327,-3.1871734443465956,-0.7648898256697703,17.316279544811046,7.019871881572604,0.03619999878378127,0.011380713295605725,16.81629660393625,-4.018901852233891,-0.9561033963931597,16.592858108376333,6.66652109463243,0.025363411002982207,0.008634796390776394,16.19431802258871,-2.589734773198552,-1.8902298927410572,9.60362009124717,5.034069553109488,0.07084007065926383,0.02037455004628639,7.919016168623397,-5.116542067185498,-1.8274843509066425
204,1548266537.34788,256925,37234,0.021214990501012897,8.775303114780245,3.194224379315762,0.02404608644069291,0.008138536866120703,7.012742932343415,-3.20872447205774,-4.187059658466444,7.71604746716893,3.165008469182662,0.054836912401496164,0.017944188804323868,5.197259860949779,-3.427562277602841,-4.558255728512648,10.768624994587716,3.9202982965751003,0.03756770779636324,0.01170772775499022,5.341030161878711,-7.4066675652666,-5.707710281854617,9.584819684188925,3.045627464753307,0.02592498848845747,0.008736829123112858,7.491732603707177,-3.33381848408584,-4.538372261425848,16.809579241226174,5.63032929352052,0.08938702797398625,0.026393848001564704,5.434369753539004,-14.716725998793933,-6.037181090981545
206,1548266537.41463,257582,48302,0.01946472353235885,13.219350231217588,6.119843167712289,0.023110355550971715,0.007933197826327062,12.795578536105799,-3.230837952248223,-0.76555639129563,10.365079651228607,5.079605285551363,0.052108227298903007,0.01756159246502349,9.87665181992867,-2.8775536933616817,-1.267402756046224,9.270146855970623,5.176429246117489,0.04561849330278976,0.013880240431445645,9.196410658440358,-0.004494143620412327,1.1668905412504282,12.160091538426023,5.549129757361988,0.02447836452093623,0.008632637870203193,11.76901307744632,-3.038756322596355,-1.3821198951758658,12.734011474200582,6.319075633294401,0.09742366375565173,0.02864996963644945,12.265208302600946,-3.303013721505803,0.8998965909621347
208,1548266537.48136,258468,21871,0.022731821799126375,10.294005727249731,5.1143928677738115,0.02749673201758522,0.009494367400210915,10.246077012534764,0.654270505066512,-0.7459154590548319,8.798100040575795,4.271560203169748,0.05975493324896604,0.019611247305990367,8.457773936861491,-0.1284678703908996,-2.4199422231126735,10.277316509975453,4.793204265994898,0.03000475266097565,0.010057179222611321,10.054312046103643,0.7918010812746107,-1.9766372893076645,10.1732481786255,4.9642361435080575,0.02916276350632868,0.00995083725820244,10.148765377023825,0.42166756251245757,-0.7284720479945961,5.368693832161512,3.489018396628951,0.09815270233453571,0.029746864495330733,2.934169684953319,-4.423982137839055,0.8011889711366335
209,1548266537.51473,259796,9824,0.0340416682612329,15.054268681333896,7.281418249147857,0.045478015913683854,0.01544782707674476,14.755746127240055,0.4680851219942849,-2.9461598864960328,14.14529156511532,6.27660729056924,0.08224392955621349,0.02886944999049156,13.214520099276745,-0.49517933354317356,-5.022004523650422,15.443963596573658,7.075241629854442,0.04664485268768539,0.015919539766152558,14.844361660106163,0.31847421134400694,-4.249648532875562,15.02568992778916,7.24707405293421,0.045828050690766564,0.015587191126249407,14.722820986555416,0.48490586423070015,-3.039669033776705,14.463295491256389,7.109600010546907,0.06064491374611798,0.01986907014268828,14.020025718339161,-3.4499762556607045,0.850564024564425
210,1548266537.54810,261476,10181,0.03675496840608076,12.375033839419098,8.19292043591746,0.049524826068662445,0.01752433612412768,12.347499499803899,0.6999917288450928,0.43672669790001806,11.806155153562468,7.191399957521158,0.08861691799016776,0.032015574360935564,11.519588864976756,0.38983348928573464,-2.5558563618725767,12.156679448799629,8.126435747597897,0.05081118390599223,0.018348651451496965,12.119704871468967,0.651828611276705,-0.6875525513585958,12.189742606298221,8.07392321841543,0.05000003058933157,0.017856751994296913,12.163770408559241,0.6411399185310225,0.18941585983801174,17.943514130568406,10.003734564749404,0.0831567292791062,0.02685219091857735,17.93318169361184,0.24332418186431,0.5581102403050643
211,1548266537.58147,263130,10573,0.036105606320076145,15.127354304160908,8.59509704522017,0.05075043381321578,0.01872543497466309,14.808197951523278,2.6771710513299594,-1.5449520491064581,14.66201945016331,7.093376420479065,0.09273228189485473,0.03487344999571606,13.525940642288152,2.282691537807521,-5.178133200438815,15.237895668233344,8.667001275055677,0.05221091472869173,0.01966871798708535,14.72115728879154,2.556012505697547,-2.9912861022212534,15.0394329711009,8.345586499882604,0.051380287236893314,0.019243839024405525,14.619648525274254,2.678364456946107,-1.8668237100338572,20.378228472255557,10.856225116570057,0.09596603134456266,0.029217079709425622,20.242852343471906,0.0679587674496593,2.344036320914779
212,1548266537.61483,264329,56795,0.038250723427415416,12.473053489990878,6.876421513640915,0.05358211451630053,0.019802345596466417,12.214194669070372,1.742640969323883,-1.831314938032369,12.982518182878627,6.362902283142592,0.09520321774436516,0.035853142445714824,11.900103994180146,1.8732934982238003,-4.839842431937669,23.956646295946776,9.974623367131828,0.14603385100005092,0.04358628257097542,23.47916460063786,2.00799183687481,4.314823309047366,15.172951306661698,9.002567707388508,0.08393300116539415,0.027581646515663437,14.653392059753203,3.667401552414441,0.3869366010720692,15.060959568591016,8.227121151684287,0.11026897535089068,0.036762195959860286,15.031264466735443,0.8399078872709191,0.43375845662057555
214,1548266537.68157,264878,52102,0.04489561850198378,12.499759625316523,11.313232493858804,0.08332841174506742,0.031555774845548945,11.42353406664364,3.7508040725526524,3.4173570091882017,6.841284680257342,7.103731308687025,0.14338587258958038,0.05390805665506286,6.118464267611135,1.1986361164603745,-2.8161751619184368,41.04737221003617,18.196319335095133,0.23095815236871,0.06932475231377558,40.07380280802178,2.6961693082152127,8.468043747789341,19.194446658004154,13.199234451927794,0.12846470410863403,0.04252724509185156,16.892683178955828,6.588330504196241,5.773566143981871,23.30661270074629,10.285355648696157,0.17223077856648977,0.055797367717087244,15.983797405668534,2.530487862879291,16.772389431829698
215,1548266537.71493,263990,49352,0.03048338021607473,12.012762691841896,8.592511997831354,0.04434637622881049,0.016587168589164106,11.41040945452286,3.245668596456994,-1.8906768451051497,8.866348382665304,5.817933792145999,0.08046855590903314,0.030666463827998335,8.045768399224876,0.9985289721058002,-3.5889670381171492,13.778658043515497,9.165689851603506,0.11698998044184165,0.03685030519539328,12.713758530798309,3.7308479506381955,3.7805469273514287,10.556253631383353,8.567900359001225,0.06170126723048702,0.021364120204497003,10.102547518939256,4.571924096383998,0.26551383756409186,12.901307049795426,8.43832750657423,0.073427199261666,0.026343092773927962,12.705623438872278,1.8655200229676978,1.2372112457406528
216,1548266537.74828,265491,51819,0.051250074608716924,3.495079999884365,5.720574883804286,0.0740714024226298,0.027605146474645785,2.9664596352924852,1.8470164791049584,-0.06505047030416461,2.647742888760508,6.266921579739265,0.11980124910563185,0.04538935038212591,2.3639321385731322,0.2819989535562029,-1.158811390777681,12.254973643503666,6.513318182743858,0.1806192074533004,0.05477169423100102,0.9822863694950937,10.343524324100414,6.498538070059813,3.636983532457148,6.3710970123373,0.10296231056233292,0.03664669157860216,1.6393226389358664,1.8531372801302215,0.8789366254194351,5.7573948960188615,5.8804778657988725,0.11174480767888723,0.039230311236888527,2.8577197076694807,0.8926630759244811,4.917742032069448
217,1548266537.78165,263684,49597,0.07003836271096543,8.400116658196383,15.966495838782059,0.1409879493801536,0.05291227524001408,7.985221786701711,2.547413015517245,0.5557695717345936,4.353767374759388,10.29756794678628,0.21910799085599852,0.08119127424776827,3.5766193888245046,0.8260557074642114,-2.341092921942588,45.66919013333171,23.466364530241314,0.3904096883838465,0.11492384466752104,42.68679203418596,13.84701048551865,8.471895530428634,18.61061575317241,17.734019304236625,0.20929999307101024,0.06952436001557488,18.424939867764447,2.2754839081994325,-1.1254059543301862,8.707952543543414,21.857718368942447,0.19780085629707583,0.08916857370449069,6.273562763369801,0.09963751888407685,6.0382878466908725
218,1548266537.81501,255958,45263,0.0303046087243507,15.220469423068884,11.333931051686646,0.04238794902850723,0.017052422733442686,13.482034917195048,5.351890059884575,-4.610281633156161,9.991963525192944,7.582541221237041,0.0813736372029203,0.031724993109813304,9.077647597467111,3.1582979010379093,-2.731447153668788,26.076504390400775,13.030803554019428,0.11096013417536305,0.035928605358000694,25.71760614968801,-0.9384939069238426,-4.208092719842007,16.976652620597598,11.444436214304051,0.053240587514430664,0.020540458508283767,14.846027103155157,6.787886277802405,-3.7848481248250434,11.091957501579833,10.07285996067186,0.09800811467015855,0.03435375971276659,10.380759611477675,-3.9075609497757036,0.0481511095926335
219,1548266537.84838,256918,47884,0.04187327547784505,4.075621068960661,4.41497195251674,0.043742579124373945,0.016926228945242025,2.9219671456940377,0.1592953597905814,-2.836797505214263,3.9637784806210483,4.028198235537536,0.08263792542449329,0.03178587482464048,2.828539179540773,0.511041641274251,-2.7294216226374846,3.6848479665278036,4.3771381503309605,0.09159596319655688,0.028713456462115917,-0.6537108125421439,-2.3590698155875995,-2.754188867012041,5.082066256625721,5.278633494449386,0.06093310484414248,0.021803169263170122,2.252211672027321,-1.8326754661821956,-3.714186952122758,4.3684995167007195,3.602526048601128,0.07752133064864293,0.024301627374961398,1.0731322570909876,-1.4345489886998388,3.984249538523597
221,1548266537.91512,251947,41843,0.08810134721781902,1.7056415299494316,2.4205820116761045,0.11575695232522518,0.045019653434418806,0.755745735837354,-1.1110907845966016,1.0504944930062234,2.781747150694184,3.5038781163415833,0.1911532740772669,0.07303341086735184,1.395210650800055,1.6246977755765042,-1.7753483005669781,26.737505604633018,9.231003537087824,0.21027341688630272,0.06971878390654436,25.14723096574111,-6.1166390850677415,-6.715482634664122,6.754534326849764,3.5904530175595477,0.13624657144995939,0.052593791695876795,5.924251269628521,-3.1488481110666076,-1.3909238915174376,16.787870233930498,3.7569072964988615,0.19507302983701397,0.0811250475667191,-8.717566362600737,-0.34693114325490926,14.342812223785877
222,1548266537.94849,245995,66863,0.0846318831656455,3.9404949799327715,2.5066539518700384,0.0828722705096503,0.031073531122637683,-2.4643240826254638,2.9993379062497274,-0.6771850757370832,3.2675226341478254,2.5565957472820418,0.1403638447718244,0.05113547831588987,-1.8733129127659822,2.6701867530247076,0.1936636246277184,8.980277553732892,3.8872074916318264,0.15794291975304475,0.049513181778587684,-6.98761750730542,5.334455764864249,1.8336216093796922,5.937600799601322,3.6381197104466354,0.10281860031975468,0.038194617450079044,-5.72873504437922,1.4240098908159067,0.8588693248815036,5.304755708547592,2.884667512768982,0.17171902251088633,0.05592455105048426,0.788001840411526,-2.252829473648882,4.737535814063596
223,1548266537.98186,253395,41128,0.04510089728420352,2.952765299309856,2.9863114691014814,0.04475836761427555,0.01745353522876109,1.7905044699919435,2.0818943382699997,-1.0856484790329752,3.0990062996828396,2.81287438281059,0.08861580125251584,0.03385112133183987,2.1705261587822076,1.2584841214386464,-1.8190310485538388,2.801447486641305,2.651038296815235,0.06537837728731147,0.022529335538187097,-2.427719394445352,-1.2281447390450826,0.6677926790544081,2.917131582878558,2.8697820946649424,0.04790435853389472,0.018933319464079744,1.3835156318455284,2.0634741786437765,-1.055125076499991,7.422465792553808,5.322919119279404,0.08704383594926036,0.02964690557282706,4.450018752530723,-4.843830334706669,3.4391335002194685
224,1548266538.01523,250857,1511,0.02162496901829029,10.467229142724891,5.797626253268478,0.025396686306695285,0.010062376885275752,7.838160610723255,-2.837551229256667,-6.330436571687588,3.8333351792871078,3.3966544093476885,0.062471633109143686,0.023117463186322303,3.0172099521888525,-0.9574888565177123,-2.1619708117403134,10.479930174440073,5.682124568672932,0.025545498039614967,0.010146673144143751,7.6926788739934935,-2.8070332695869236,-6.540045292365021,10.48371088073059,5.779783592988545,0.02545649833648921,0.010106296381866827,7.849147106533183,-2.8297256045924626,-6.3731254677658296,15.81587484416391,8.281848758819981,0.04908396628402719,0.016280371667561064,14.60066986770205,-4.228672631567262,-4.36814197064017
228,1548266538.14868,250704,53198,0.030166339224634485,2.8789235323803544,1.343387759545111,0.02486618995846231,0.009910343480664973,-1.9218807074704272,1.4633183775678733,-1.5662932603502049,1.4998331298242544,1.7213903536290796,0.0545462249522586,0.020637190868886036,-1.2127576415246666,0.8336979233904195,-0.28925091663890873,4.879319852185144,2.97196008924666,0.06034487854330305,0.01969110770308259,-1.3669493274898188,-4.6312989192628775,-0.7002014541813634,3.5987196864800355,1.3250856518032184,0.03010899412425596,0.01165395610606109,-2.529635061874929,1.377827545328611,-1.45952138135585,2.545141692760417,1.5164989609208355,0.043925612937204754,0.015187340606665208,1.1619044401722252,0.5019819883112879,-2.20810742300878
229,1548266538.18205,251893,57938,0.04659294154479949,3.9697242068557514,6.567709720841103,0.05601484075714981,0.02217478693341506,1.1876386925409959,3.0210624050995745,2.285039728094462,2.4418790802524515,5.1941626548349875,0.11180114006830845,0.04125666184967403,-1.2956286553263754,2.0246671793351854,0.42993330063468116,7.243639119266587,7.571792671198072,0.15176358640792123,0.04590210911413165,6.952543416583366,-0.7344796702044032,-1.8955176983475888,6.49842398208302,6.143798040076511,0.09113229421472122,0.030297986113822777,-3.96244787523425,2.7445752283476366,-1.626718793008191,7.927803812923271,4.886660097808697,0.1164607968564958,0.03909431053833243,-5.905349724209854,4.319855895333959,3.052173483687285
230,1548266538.21541,247544,11992,0.03574127569691759,3.657243220049672,5.482566482136287,0.04589168230549943,0.01846793190130562,1.0264676192793327,2.4742399447760235,2.489965640896487,1.7961033576812593,4.4496859540969504,0.09550872118208997,0.03554883052994877,-0.3731347762117172,0.7874582449132593,1.5705627089592615,1.8379036687068142,5.21429978872422,0.05103597413712202,0.019244224783595672,-1.2085599577617196,1.2667817813222961,-0.5590497674186687,3.622819973619035,5.850450839353421,0.04800109851134955,0.019474407147006656,1.1980109830406418,2.1211637410027055,2.7118994785324624,2.3925532875174667,3.7642340348049568,0.08116342675687191,0.02981184494357287,-0.5892122164221703,2.282241008878658,-0.410507216772174
231,1548266538.24878,249561,12289,0.03169740972977855,9.73236602862848,5.981166357257144,0.03523459670169911,0.013363425888875884,-7.307863140295748,1.7966860743807387,6.171385904967765,7.060730639685514,4.472861353016146,0.07398250534563348,0.026694096495000385,-6.58839581422689,0.9739253124706221,2.3448725438710776,8.256663416097332,5.963240460760703,0.03856932852493379,0.01379131160550897,-7.896274170236573,-0.1338045192004819,2.409033280346355,9.351022160367945,5.839660662020069,0.03601853067690821,0.013649837332734012,-7.48042820878592,1.440882453023879,5.581734701493449,10.214770035644916,5.784309424439395,0.061002511579298,0.0208495233067497,-9.859870131020546,-0.3844875710764916,2.641336250500073
232,1548266538.28214,242870,10779,0.026669295531634635,7.31908381013156,9.260832651497038,0.038770611319546226,0.014574062405662919,-6.8568884482897525,0.32835862804115856,2.5385525873677297,6.288638310069575,6.535470831130128,0.08549408185905095,0.030107212113028158,-5.929059761412035,0.053204464620679945,2.095326090474655,6.735123987621341,9.17540228633378,0.0417231132429261,0.01501021324920889,-6.638845244229405,-0.6825800306258359,0.9064841165711766,7.42427861018679,9.195004623186641,0.04023630455901992,0.015105017739079291,-6.974353801789338,-0.2824165204123848,3.0402793903400536,7.837267262027001,8.67445911215078,0.06057575472292743,0.020950304933723823,-7.5216279090269245,-0.865024009751083,2.024748181167631
233,1548266538.31551,238538,6740,0.024247763014786695,5.991614795437798,3.747446236264731,0.02493465865245425,0.009347540461153424,-4.0238541801672385,-4.001073796379725,1.92339644108626,4.1536752783154975,2.9876311221222265,0.05822958292991473,0.021755510724735343,-2.798340025183945,-2.9837250969184477,0.7208994154262044,6.220640284664561,3.863707271561401,0.02536704375689675,0.009400241648527291,-4.199738540401246,-4.385663034162618,1.350748494072649,6.0400372015751564,3.7428726404099857,0.02520372615043596,0.009482749782305375,-4.081537677961409,-4.005615159157857,1.9064581276906094,4.898571494859499,2.9801291562837147,0.048188359758131356,0.01624729461562621,-4.598034300650471,-1.5065442592096665,0.7644656011451125
235,1548266538.38225,241070,6086,0.026806591138426802,7.374251331671548,3.746767235382411,0.02966261541948583,0.01051820819070764,-6.1532585164269005,0.07121362265728068,4.063486305209782,6.797871587350275,3.6926756685533033,0.06825690213613461,0.024022278582483125,-6.592962390178872,0.29695875148567386,1.6296381622026106,7.142395327208654,3.6893153458399714,0.030168072574398366,0.010647611368232437,-6.015028582054264,-0.12284995343021221,3.849435030773279,7.353985128708675,3.74479860921831,0.029745968402625573,0.010553879185020848,-6.149811191687741,0.057215987136924086,4.003756009273449,9.170412843773779,3.549078643444559,0.09451599527177028,0.029515520313655164,-7.362222490002363,-5.182478259261883,1.7424324449551576
236,1548266538.41563,239622,3118,0.028741349260612784,8.19703917296845,4.356238441374243,0.03202581049597522,0.01184821497081834,-4.536687419100366,-6.068308019355515,3.1281873739885366,6.104913942587232,3.4288509581530806,0.07025537676255734,0.026093017941958986,-3.85216453594349,-4.4954701859289266,1.4904866459782198,8.377705467634529,4.386492482764194,0.032458689250674105,0.01192532014847057,-4.696911102875608,-6.152586801204129,3.2047855853030303,8.206772771393023,4.359250075542045,0.03203987887754599,0.01185633514840586,-4.537642081899623,-6.076580417976732,3.137895736917061,11.516175122349901,4.044296225244782,0.0752686241500108,0.02413296868495583,-10.059249986981966,-4.187175290319024,3.728450380007203
237,1548266538.44900,239420,1887,0.028016535063450206,8.994540974566721,5.343564569991428,0.02807385583212398,0.01071287675318252,-7.622118164090779,-4.682859329686487,-0.9359009211264266,7.159356194154728,4.2206818009434715,0.06057984422999157,0.023160111675991964,-6.180375014338831,-3.598967202120711,-0.326773430647855,8.957843370930838,5.343898292091151,0.02893282601042645,0.010794565129438957,-7.618128037894037,-4.637563137779478,-0.8367145268795599,8.996453983658387,5.345041721327542,0.028096569738616066,0.01072691284809271,-7.623774579791041,-4.684018492078154,-0.9372801155476176,12.257069356935984,5.582011169356364,0.0755574156447099,0.022718977630340868,-11.602743821412675,-0.4662952318505592,-3.923602144989035
238,1548266538.48237,239248,3772,0.02681139103954114,9.61048637233534,4.331853247855582,0.029885090344139425,0.010847299058788212,-7.725500249128084,-5.647550707430182,-0.8850227231941799,7.4221573876065525,3.7416879715250384,0.06933022521843596,0.024521264100265165,-5.634126915786222,-4.655015601936541,-1.29455163239754,8.862015554167053,4.147052919178068,0.030706593742022635,0.01094690294262567,-7.00165017121921,-5.353596206990003,-0.9226170465946512,9.582412607553962,4.317813463746016,0.029943581564458144,0.010870524946054338,-7.707882233785019,-5.640857294566327,-0.874181439344647,11.693862396602663,3.96701323820206,0.10298061319076529,0.030187749728076294,-11.048024488873555,-3.3345151499139165,-1.8890689132275171
239,1548266538.51574,239122,41696,0.024091039751631686,10.264389452260842,4.342528197526614,0.0262323365596374,0.009397780990383846,-9.870326166806237,-2.8139891309702216,0.12576708363169606,8.017433027911014,3.639697242840064,0.061505170079048814,0.021574919467332435,-7.927952716952482,-1.0155488863548816,-0.6288549389386329,7.599000769908164,3.6329810487261938,0.05238614497541408,0.016881747718431688,-6.884385445000481,-2.0850369744768207,-2.4500348080782333,12.085869539157333,4.860151938325865,0.030590041185235214,0.010794055426995831,-11.624183542282656,-3.0367942600398328,-0.7683076246140743,12.825276690063545,5.001881421339719,0.09961652148793908,0.02935714555083775,-12.410863018554453,-2.922185949204015,-1.3852907960567105
240,1548266538.54911,241736,42085,0.025062445516010907,9.329900210491335,4.505626775298251,0.027053933208866753,0.009789782410479574,-6.494498375495883,-6.432708871825002,1.8678290496593921,7.184320703251571,3.5359785465704494,0.05945892396630624,0.021390696329309983,-5.292734658528925,-4.8518305112100855,0.24731456096786958,3.0187818834140163,1.9185587294555653,0.054164648279817,0.017388172499907185,-2.7518505342408788,1.0859244083291306,-0.6009416579185494,9.44763337911142,4.244293129626013,0.031757200941994385,0.01113673890582684,-8.114202614822263,-5.088405885545134,1.2408727059296667,5.4577514634529285,2.7006611233663036,0.06504359863457075,0.02083627095664386,-5.347664172630005,-0.6308456384217236,-0.8897037226382213
242,1548266538.61584,239136,40370,0.03250324555498844,8.423143379039876,4.1308441040570365,0.03712202819181721,0.013361138353552184,-8.060925825760544,-1.0284273513697,2.2165640975177565,6.505592771438553,3.4148564665200487,0.07698209401103268,0.027422481539846964,-6.431913805067477,-0.5649896501525994,0.7962466999595051,5.0769108934967555,3.1989502647665824,0.06923551711625625,0.022199420625199445,-4.6552904291173975,-1.895130823182616,-0.7153840955019599,9.644291876432295,4.536043872338784,0.04345525967114647,0.015504177529715224,-9.51904899325093,-0.611946990027249,1.390332218220402,8.675821904620973,3.8251712993109517,0.07864241331506962,0.02450480326067225,-7.595001481568304,-0.7333538368699701,4.128926054753759
243,1548266538.64920,240301,65498,0.025278586580989845,6.623516358102582,2.8837712336931234,0.03336581974704645,0.0119241628412023,-5.005488386998055,-0.39077703359558374,4.320109751348261,3.7768192143435306,2.1685505923138924,0.06847959787697015,0.0244762208570209,-2.8973767048755525,-0.3548543158262419,2.3965913340447638,1.6968365069447706,3.7580344988705905,0.09094404120833223,0.026837428688189623,1.6311463151625303,-0.39105205213573224,0.2563086466599633,6.629075774412373,3.022379272702171,0.04686171121230687,0.015781392827050614,-5.200323836381523,-0.2951670211957974,2.863758212260037,2.340293160782389,3.5395389938307598,0.09039100912340116,0.027558256407320812,2.099617131988872,-0.9877840304408809,-0.3047337964020663
244,1548266538.68257,237421,59856,0.050514010154103395,8.994260309393104,3.7752590064273934,0.07095973775990605,0.025789098023699594,-8.773970924990309,-1.7937584638776052,-0.8346156563450458,7.010716521235428,3.805263895483721,0.1290699820355953,0.04658250991850861,-6.998468174768078,0.2687359055913063,-0.3152306471898845,9.832293003664493,3.4974079423159914,0.1761222680548587,0.05314565002794317,8.268758915273438,0.27047824957338307,-5.313045569868896,8.262677720323696,3.463858502563513,0.09228117727170951,0.03217616547190364,-7.129898244306686,-1.1108913574449906,-2.4594591261317063,11.001896899567084,3.597017617050587,0.13040106988089442,0.04203110541504917,-10.992957508678273,-0.4320082816888027,0.09994721431878636
245,1548266538.71593,238143,24372,0.045781291901596674,6.078434163993233,4.1212918617383,0.06294531669541951,0.021919788360443743,-5.825813391529524,-1.2815272373355124,1.1683099558946615,4.020952288853408,3.382266185644116,0.11602776167848614,0.039388912992871,-4.020324851340428,0.01825309804344501,-0.06864563600003194,6.951166977180176,4.08386478583119,0.07040084584923195,0.023130700043565218,-6.228894502617806,-2.7795652576883354,1.3392582268367181,7.008915399368121,4.284781557379992,0.06710528252690423,0.02288109151680825,-6.565949137501733,-2.358927385026,0.6522269629583756,6.939422543297784,4.791604062616086,0.11284431279663479,0.03575932784950868,-6.626097122725542,1.3624875932458498,1.5472716997634632
246,1548266538.74929,238465,26493,0.04123418810732438,7.715071051768939,5.6396064906074,0.05817089962774553,0.02049785274103579,-7.488577679010437,-0.25275955890346635,1.8383792548472384,5.381092533221019,4.270188483743026,0.1083900021306515,0.037689240227733845,-5.3307047422335225,-0.22785310367017345,0.6984459645268936,8.376129119278282,5.961591139210457,0.06312468573979754,0.02123406923906422,-8.163558962514832,-1.2957465101171086,1.3553173318026477,8.465315541012908,5.987860574763285,0.06298874550244318,0.021294443839526372,-8.27188320759223,-1.1901900465753381,1.125266115252881,8.114533702872507,4.9998126928679145,0.1028505750319372,0.032544121322523725,-4.259675404439525,0.6370734748483233,6.877133127365752
247,1548266538.78265,238870,26241,0.050360614267558404,7.411371252180708,4.467896689834837,0.0688261825643541,0.02460743379481122,-7.361189409799091,0.10282675632507625,-0.8548338838020049,5.747243598340371,4.199412713619029,0.12045189452469661,0.04401970392003376,-5.395624441696652,1.6714689121895785,-1.0603006830205575,7.835819252320115,4.867022031834322,0.07475357210995645,0.02579726178565791,-7.7362481842542685,-1.1415092127766195,-0.4974777420138672,7.4126658278732265,4.618532013408038,0.07272807692801468,0.025599948962221872,-7.354751312607911,-0.5442285157817579,-0.4200844214529753,10.023231753360413,5.117081058909338,0.13312117765774098,0.04086401954474853,-10.00624117403198,0.5778305184575651,-0.08015136067867826
249,1548266538.84937,241973,10613,0.05182306703592409,8.82680451770434,7.211166578480645,0.09018792980857111,0.02942289668238444,-7.860591545043346,0.3606105555086038,-3.9991922413175636,6.836893688565443,5.190522846501565,0.15825836928030823,0.05135100351868949,-5.641659150554423,-1.3682923891076166,-3.6114503008655268,7.33880858785738,6.819963912776054,0.09287125085866185,0.030294534831860655,-6.8107224677219715,0.5679192426674587,-2.6738808295592342,8.84243701066174,7.274992957042126,0.09190256434978494,0.02986581343551742,-7.927159346379154,0.5198477830608697,-3.817776780555202,13.736895557214252,8.080539307974416,0.16341649864040464,0.04978863745800834,-10.170571128651664,3.615142608097947,-8.496618526800217
250,1548266538.88274,238428,2702,0.03944271711072254,15.221659759586252,8.119067582013638,0.06530125381668721,0.022029046161909874,-14.701522499683344,-1.2407012709984087,-3.744972948374222,10.300806586992769,5.650241398328473,0.12510812709299404,0.042227477413070376,-9.905710113312155,-1.2457426132930798,-2.536069564322843,15.110456355015634,8.117810036396179,0.06596773131894419,0.022344071391569353,-14.658355586194386,-1.2753020097655225,-3.4397830672012217,15.299038235668885,8.17411099289161,0.0656664806447843,0.022205857008933096,-14.780676964226803,-1.2501510339082162,-3.740540383049958,19.0600373342816,8.707601567105044,0.11112020509548494,0.03785996659172282,-18.352307458168376,3.6765293914153507,-3.600134133490703
251,1548266538.91611,239879,26100,0.028947949566662284,4.969076551887941,3.8081078333975706,0.03914840920521152,0.013605803752758308,-4.714664889263839,-1.5540234785162512,-0.22060777113599553,4.163220906728051,2.8494372640004704,0.07893290402363497,0.02760186887747633,-3.611380193881334,-1.8684634306386345,-0.8939719357033838,5.873821829358961,3.941184741987246,0.043105919826875366,0.014257645907869496,-5.228975365655275,-2.567637179060507,-0.7528869935988577,5.159181760031867,3.8534049351086335,0.0411301007152757,0.014200793695523998,-4.762477721458132,-1.9747947415894704,-0.14541982629322897,4.889183815923641,3.68551489908091,0.06258288698496677,0.019259403254584348,-4.106846717441368,-0.9030178655076369,2.494491362964552
252,1548266538.94948,239545,29951,0.028720766502114237,9.242730602904645,4.5524095241570555,0.04011489890982354,0.013622141692582582,-9.202667565049369,0.5905951518594785,-0.6246407380714726,7.899968156251656,3.7697912696676235,0.07736649453141813,0.027314982784060537,-7.743568114486377,0.06058145179473778,-1.5630033953253393,8.777482176244023,4.640635491651422,0.04421710692507152,0.014333822240549245,-8.700805956815577,0.7160117800803641,0.9096681740669057,9.250420395853755,4.60891688453361,0.04247520900253649,0.014352105331271042,-9.147953167430869,0.45385111728071015,-0.6843468931559028,10.132575105313563,5.062979580630864,0.06486341547724797,0.01976393738006114,-9.857843730628934,2.1464590886592085,-0.9405895109091371
253,1548266538.98285,241988,2278,0.03461306217177811,10.48183653253006,5.055453618116941,0.0523005253462214,0.01703589905264906,-10.098160620837854,-0.4618106530277777,-2.7717828362250048,9.597682354105698,4.185778855128,0.1010358749436131,0.033618500741240294,-8.815950613955106,-1.3775413235169796,-3.535095648581453,10.434824055276685,5.045567271919668,0.05244967824084913,0.017121481872327343,-10.03124295630621,-0.3896389128763705,-2.847437327442082,10.47317393589939,5.0582734787026835,0.052516617629347055,0.017071443682349752,-10.10536858653882,-0.45812006190279736,-2.6743724174456287,10.172999973010326,5.649842859211992,0.08293324968504621,0.02435692601542093,-9.93034858722534,0.15347314067497725,2.2033046503266704
254,1548266539.01622,239611,28262,0.025917633252427772,16.369713465366733,8.289898066412928,0.04156594333308666,0.013787656047558876,-16.36066788253022,0.214464444546981,-0.5000703728259173,10.32685977696453,5.286517440140673,0.0856803687619697,0.029312071521522525,-10.313714771888035,-0.38647972726373153,-0.3492189537247137,16.265293303880064,8.456509556749355,0.04651590207296196,0.014655305912736939,-16.2275166278781,1.0254909023672167,0.41933132764874,16.349822381001864,8.39017657026005,0.04540758613308266,0.014713541836670627,-16.331664649436263,0.5183668401372457,-0.594072088401421,16.095214978384206,7.598158034920949,0.07250026964464047,0.023473569903420935,-14.873815649443836,4.016033597692236,4.658006802160137
256,1548266539.08296,240123,4537,0.01972805322491756,8.765739236617215,5.142569852758652,0.02790856836071333,0.009215997298110862,-7.726674626078097,3.979442071951997,-1.140493043849833,7.315116921643125,4.044020876962893,0.05996627906888179,0.019939818698303215,-6.781874977889338,2.728278033714724,0.2713048697274474,8.712088412502,5.092141597318887,0.028302602633040894,0.009324880088335355,-7.51251668960697,4.377561499283045,-0.5472959123025896,8.820855894351409,5.1609254794263455,0.028146485701207938,0.00928626299982662,-7.793456883063177,3.979177826707394,-0.9713545328845158,7.800633665275336,4.804222301868773,0.056628090032736576,0.016081646180894204,-7.512242531323016,1.6414332298828105,1.3121717426636483
257,1548266539.11632,242360,31841,0.07057223186098939,5.3879093501189095,3.0532973410692494,0.10262847897248754,0.03379868163793077,-1.8204157258210245,3.9346189011948174,3.1991292335013233,4.350833170818628,3.223106403140424,0.17906496064445263,0.05813555365301715,-0.8061612710957989,4.227434866684621,-0.6392556086731461,8.077185120809357,3.9205239525282036,0.20844798822796434,0.060888728821675384,5.473730232227733,5.938783495419545,-0.10023679540276413,7.29524411475721,3.703574255981855,0.11652165929310937,0.03829042797687015,-2.8484469997426083,6.239170713077197,2.1004036049961705,9.378751404130128,4.108878332704451,0.26758753592901197,0.07472318957472773,8.992726264016364,-2.1785950980130777,-1.531527224654048
258,1548266539.14970,237157,1083,0.06580561169496885,4.415296623704406,4.180043813380193,0.08789064867249995,0.02990662948265644,-4.255051319258758,-0.05986274094256882,1.1771996423787559,3.957732058692769,3.975040586833235,0.1472825486281632,0.050523403968857385,-3.5683048385616654,-1.670001053490282,0.3767493979335052,4.466365814001542,4.192395932742253,0.0880656545483009,0.029953709027835427,-4.306323614208593,-0.1143879944279375,1.1793709768015528,4.386705836548645,4.174645509277266,0.08800746336170644,0.029960812648117806,-4.192087058218191,-0.059649483392201906,1.2064218740069572,12.647233121727442,6.3053835357038865,0.2699581614919083,0.07905190068123039,-12.509994871973893,1.5810217264014894,0.9761681408205224
259,1548266539.18306,241136,8661,0.013430931800154285,11.83759966909249,4.678220102885864,0.01861136901591154,0.006159194147966636,-11.191966620469728,-2.3289818293170885,-3.0731893418240412,9.624961190295886,3.8419881247658325,0.04201392863933981,0.013960605166220502,-8.924230373485557,-2.310041064842908,-2.767977679534157,11.958172064954166,4.701331480034402,0.018971792306296125,0.006351181416241568,-11.276825447778629,-2.423356178467365,-3.155698304284896,11.877272425275148,4.695508902265347,0.019005468487402123,0.006259023006853677,-11.232243810335993,-2.352833212310804,-3.0285569110212016,10.662775263085136,4.694199524411983,0.058994833133430395,0.016666893250928887,-10.079212299042494,-3.006306843735768,-1.7511067652197243
260,1548266539.21643,243356,3622,0.02495973184608612,7.8693205123385646,3.034883188522599,0.03536875352714748,0.0116380561643721,-7.84395554446921,0.1611686964917739,0.6104026487281762,6.877047657735404,2.9390224568288597,0.0793060571619341,0.0262814031625005,-6.722406775248545,1.0013664954830055,1.0489503213120048,8.05798404524127,3.1059701607508576,0.03575024987859531,0.011749694999639317,-8.000874472559795,0.45055274591725436,0.8450543005335878,7.847307114910104,3.0294150343421338,0.03544981653368278,0.011665367125643384,-7.822469994303692,0.1547952650404481,0.6225675849474686,14.677878937953981,5.135754162248048,0.07581023540687507,0.024089475870249174,-14.646116584007853,0.9471763776621364,0.18508385797270605
262,1548266539.28318,244493,3526,0.01956478620547171,9.044646291339507,6.313371280388962,0.02871277727953389,0.009388943053052802,-8.204153728630672,3.673460243344118,-1.0015877260665427,6.917800624255927,4.815509092454742,0.06293850239744049,0.021119732390694722,-5.793091329608701,3.5912804488989174,-1.1826931390367381,8.83504104870673,6.336222180178122,0.028997180755594338,0.009459076426286604,-7.889640448857163,3.9359136584363057,-0.5657805170067309,9.074387069818172,6.310490334648788,0.029022430719328217,0.009479329293960115,-8.233779384522336,3.6856235000545166,-1.0313091796067644,8.435576221546741,6.248151069999471,0.058590232869145206,0.01700154006308343,-4.353764863268793,7.209178995694479,-0.4810570786594999
263,1548266539.31654,244468,3868,0.01612357015732821,6.554455631804568,3.9928665057430632,0.02465042175721219,0.008061030777776148,-5.713858736801413,-2.4334182799135635,-2.0955148389250997,4.660758545736892,3.238959889475693,0.05874719046394908,0.019138804130942766,-4.16199829194317,-1.574616866234047,-1.3860094386738042,5.870148649048947,3.954665098682441,0.024941708562222477,0.008136575857824653,-5.285087736977403,-2.073802856865054,-1.4919230828834942,6.555313784052474,3.994619453500624,0.024746237337427805,0.008110630448377357,-5.717197777013156,-2.4292587969238575,-2.0897191910444146,13.528328305463301,4.680546652458788,0.06046247567428855,0.018411266305383804,-13.526439448483009,0.19918905062445386,0.10689391485755287
264,1548266539.34991,246000,3441,0.015139710036475289,8.76834477926156,5.308306462960845,0.022566193168499102,0.007247955383584256,-7.6083603196353105,4.35537995250464,-0.16549587282763667,7.222142939368557,4.078412213241972,0.05679302512350458,0.01771183814723266,-6.167392499779557,3.7301901310439223,-0.4563989226504457,8.604199891214472,5.356430096623311,0.022773597481217146,0.007303364246662087,-7.284380227230913,4.572446665768061,0.250583243272561,8.78584988514434,5.315147531912932,0.022699718148186415,0.0072992914691403735,-7.610858777211124,4.3745199464943525,-0.16300534438448852,4.690148558109517,3.148898428186925,0.04834063088442279,0.01372697109705213,3.2136094624873195,-2.535919819297625,-2.288955742220072
265,1548266539.38327,248259,5873,0.0170470208193662,8.340567816496067,6.799291291324819,0.027279379429515364,0.00880827847571591,-8.056387638059718,2.0812749760735874,0.5726990491160399,7.711221489268637,5.188230565844557,0.062331848387294046,0.020287795151712286,-7.394154010780672,2.107046404605434,-0.5914209754936387,7.854703659403179,6.786682125228866,0.027763150490300342,0.008991855945269871,-7.423618455004203,2.3374689363560996,1.0594798644301828,8.364891022245992,6.806242427798706,0.02750383933764546,0.008876031396961089,-8.095309940501572,2.0685529679419266,0.543464834590146,9.547603037135389,6.724373730219625,0.05974371912629379,0.017247083847136937,-9.093363024422192,-0.7001075834592236,2.824415343459789
266,1548266539.41664,250007,7270,0.05815772343462636,3.0277199069136898,2.7335639115874555,0.0910344204104185,0.029878525586757302,-1.9180610535896043,1.898367569656572,1.3727090732928011,2.693328484094674,2.5478725493959233,0.1705213720589851,0.054509760836436105,-0.8641730947593764,2.2245453086338474,-1.2484475781404905,2.9714550606713095,2.8024469515528434,0.0948215266649372,0.030698838275882944,-1.561942544222386,2.2851863092638323,1.0806498961691426,2.799178882546326,2.6508837827932243,0.09334516616040142,0.030735352410260763,-1.82034945298596,1.689146563370026,1.359410515739572,7.1130977034161615,3.687011513755675,0.23155875212006083,0.06394195510059335,6.364558587012265,-1.0460645030984288,2.999050180672231
267,1548266539.45000,251019,5837,0.045861025849794304,3.927784045713944,2.7542421155650083,0.07691995814397769,0.024420359145093624,-3.4576157213367167,-0.4287806248874505,-1.8134299570293033,4.467557187887873,3.3901612431008554,0.14345984140194817,0.0454560589522508,-4.221025349548844,0.6269929763314894,-1.3224568171194222,4.236298710089301,2.767404990678278,0.07952754521261318,0.025067157933571838,-3.0260827468455567,-1.4788837449684593,-2.5694265584398375,4.011108085857669,2.8042622973694558,0.07853010988499748,0.025085011640454777,-3.5886519095410017,-0.0533389241108449,-1.7732877593367973,13.2072088554445,5.6968340898828425,0.16545975340312316,0.04798050495646182,-12.162147891745004,-2.878602606503195,-4.269212040234965
269,1548266539.51674,253615,5984,0.022560313717036255,7.16995045209327,5.254679013422752,0.03706906761519578,0.01210404040118746,-6.72672293541845,2.459297294267836,-0.33353388732598155,8.46202474553048,4.7845291167346895,0.08419084453568511,0.02776705170787846,-7.1829277068353,4.466913050778959,0.24103972520845876,6.6894878404769145,5.208680649518745,0.038177036272160014,0.012413934998619747,-5.925899086323551,3.086815725196618,0.3233206848889706,7.165177340159524,5.303425542293239,0.03737906010716753,0.012221515663984963,-6.818546781697073,2.441325917391471,-0.13115248229307527,2.734959820441254,4.388392727444018,0.07706663600985456,0.022306505169879715,-2.303239775415447,1.3951804860275936,0.47808280431329514
270,1548266539.55011,259372,4641,0.019008746399909515,8.388502833132586,5.9898532962673565,0.03180779688375936,0.010240181481439141,-6.799847447545826,4.223444583636185,2.508300285159674,7.609683195305966,4.596524826527983,0.06876826636871212,0.02199901325429825,-5.362658713912368,5.0476358348684345,1.9158659477045357,8.426216873451882,5.97856463418325,0.03240361217241879,0.010400064547665502,-5.8567764215783855,4.995191235895822,3.427442962752009,8.390340316051676,5.987375065344694,0.03201843378552088,0.010311334036966869,-6.743679832908593,4.256273140933802,2.531162773031739,11.42270130220376,5.846563627920407,0.05202651986368776,0.015591699343879366,-2.7994268494159193,9.523832959456703,5.651364447149284
271,1548266539.58347,262087,5958,0.02430730896679524,13.591571385759133,10.750877838072011,0.05424880025109207,0.017127225930386212,-13.100227598455417,3.599051804337192,0.4020891848217814,9.637511452954111,7.258205275926574,0.11132656113594419,0.035835980905509594,-7.394576796566108,5.977301235798208,1.57280988744126,12.643390659456381,10.566533116553254,0.055607050140674776,0.01753095584731296,-11.848875600457394,4.245187988883109,1.1991052128803659,13.947963064902556,10.8340010062973,0.05503010222228642,0.01738367883464735,-13.416683141764867,3.6450900612677932,0.3727646061280195,16.05580460509394,11.340919620997814,0.093797999841101,0.02910480554648687,-14.146014847226876,7.0352784372970305,-2.8607661156927815
272,1548266539.61684,262957,6303,0.017474455998691008,15.226043443138588,6.9098008367080626,0.03460364678009702,0.011011297788513515,-14.721278442893215,-1.2765905869183416,3.6724210559986936,11.949933218454177,5.162909908597077,0.07393805982565473,0.02440304934101675,-11.14839590245099,0.9068094604711776,4.206170387671974,14.80762342643503,6.795288033313269,0.03547892575670492,0.011269760715897144,-14.117149489697553,-0.3787483625166258,4.4529037158387546,15.270708112525812,6.9745012066010945,0.03513529061742551,0.011202731967672443,-14.716206045009795,-1.1787416371522834,3.9353212312562444,17.575949836467885,7.589611397993523,0.06431770704940873,0.02024366394585673,-17.008427801791306,0.09544485860140356,4.429253508691346
273,1548266539.65021,264609,6494,0.018574006866101823,11.768596225596466,7.074530483352518,0.03314884138543074,0.010584004546011577,-10.817687064231654,3.99688245930639,2.3457268186997906,9.96729047994219,5.342338516144277,0.07152208455701162,0.023102692440490822,-8.648292961579571,4.308352944416717,2.4478568725673573,11.79777592545882,6.977080566291601,0.034050945537313845,0.010859407646499997,-10.24155736265744,4.759445631529624,3.4125792086406554,11.917279989626554,7.121096730761174,0.033778013027874754,0.01081631693448042,-10.986607855267122,3.917500715641202,2.503654215433537,15.811941903118445,7.909677409114134,0.05987966692360418,0.016451394846065184,-11.879008552942635,10.397729772378485,0.8909983879349556
276,1548266539.75032,264865,18045,0.01869089851016547,9.230205946252932,4.41878322026016,0.03137933226060666,0.01035280129799853,-8.627389878906408,0.6454981113477102,3.2168583860395183,6.346976822393031,2.8811519034799136,0.07465016510029093,0.02490405807757192,-5.731929454415202,2.2999849521717066,1.4625897351566117,6.999479661282387,4.119058268052494,0.03374899717971566,0.011069444722921309,-6.149344001051299,-1.105881349768934,3.1552036900449774,9.783174750925118,4.5197997177881115,0.03272282612314124,0.010915539684838545,-9.07344235633358,1.093045862468034,3.4596999256225835,5.955802485697586,3.1471246488177638,0.06034673186109799,0.017809969678043387,-4.881989712633168,2.8276511355583613,1.9084414452534235
277,1548266539.78368,265946,20295,0.02166219132633299,9.275472566495786,3.9482102923297306,0.03651221352762334,0.01203673814375993,-8.264053423897174,2.5261218668711707,3.3702404443161917,6.194975835702106,2.5246875576242735,0.08378468281400894,0.027648400594390585,-4.623332130613706,2.8548985479352305,2.975244510282347,7.461251445057671,3.8027712852333098,0.039207330319339234,0.012886153138752987,-6.55934545926377,0.7775255340561876,3.469973244320709,9.68095810599749,3.9047507328789433,0.03791459939654773,0.012603499613748504,-8.284327100755808,3.1435484317654145,3.722962731039798,5.518500010392502,3.0170739074077306,0.06711673391566297,0.020259158952522165,-4.095620040991776,1.9223343197304035,3.159805311679065
278,1548266539.81703,265615,18452,0.01961734293774541,10.772546168603103,4.888812053681573,0.03615172059426543,0.01187796968210212,-10.289657316916992,-1.895662028165834,2.564599136331483,5.780942799145823,3.2656171886714938,0.07840614333430478,0.026008515726301924,-5.217623748946885,-0.4330620714511777,2.4511546878342485,8.90099946268534,4.709965570118188,0.03861849232175853,0.012534660194677489,-7.851646072548076,-3.8899772295675814,1.5644559883904772,10.994820147217624,4.881740860071714,0.03793364736061343,0.012621524001359262,-10.535432044681212,-1.811418935566636,2.7040089927889346,25.124934467975546,7.889333446170617,0.07633127149238511,0.023495109963918726,-24.5700941334857,3.4691509922390282,3.941801324872197
279,1548266539.85040,265488,23889,0.029615845312479818,8.20756460810407,2.2940581619211273,0.04631622182740851,0.015523492317318505,-6.482655619063049,5.028830876417911,-0.22394851466050605,4.709457051609573,2.380941579214845,0.10450263248896048,0.03568923974544421,-3.9205860399428296,1.4373706002595084,2.1776034032555494,6.481715225844497,1.96580817146296,0.04997893155174845,0.016746699098340475,-4.964960296997561,4.110461483568716,-0.6825744723327659,8.649782934279617,2.24646264010285,0.048603526625056376,0.016275683165617588,-6.3296004822267165,5.823926908312785,-0.21552558569204386,8.757526496417034,3.3329085339865205,0.09291385359382015,0.02723343245043452,-8.498440451503171,1.4758433007683212,-1.5141554673408704
280,1548266539.88374,265649,21634,0.023185340672721325,8.841164681002628,2.9113581206072587,0.04091923119936177,0.013434354174631217,-7.490120694861393,4.568149245483189,1.0937537949688338,5.61505301327733,2.6969228040823285,0.09535105000139069,0.031054798210608272,-4.681689179114996,1.39128969986775,2.7703645505807133,7.4152704419886915,2.7767249787488155,0.04395367247006086,0.014399287960613317,-6.575432864312327,3.386688737027664,0.5293937789986929,9.083486849389239,2.832125932866271,0.042901973795548,0.01416660318516544,-7.330408505806351,5.0869692360017,1.6886415845815872,5.406354859824043,3.3235495775625266,0.0869163646361238,0.02578032071700972,-5.326620635907948,0.12127240807592665,-0.9171033063412891
281,1548266539.91711,265782,10791,0.02115962053129971,17.631572404297163,9.436975756421022,0.04264274245030274,0.013569270865585365,-16.43412631255403,-3.1587456897010346,5.551050662603224,12.2963752427322,7.233466276931796,0.09149090031468904,0.029268406721195614,-11.448832334099404,-1.7341920492564271,4.13734942107301,17.69518830331589,9.601499293531836,0.04505841547784653,0.014205678220239465,-16.38367672999655,-5.119622563283822,4.299336077383598,17.278382313120176,9.337026742107192,0.04371138909197443,0.013994388647407398,-16.056574110233576,-3.142335637328001,5.56979683423399,25.924097484050176,11.554875687180175,0.104592106700887,0.030744594351251472,-25.06828326992898,-4.309546662325282,5.006776590419884
283,1548266539.98383,263142,5405,0.017772728310805515,3.2300343326339815,2.9467024376952056,0.028726143215497307,0.009017705702310235,1.2822150927805962,-0.5973191152307138,2.903834726774218,2.791226553239722,2.664922909388723,0.07247768877889149,0.022615017218165685,1.4357392902217831,-0.40613094224086665,2.3589523140111366,2.997867731437179,3.06505277317376,0.029719045294857964,0.00923763658265735,1.3471178547905907,-1.2883716731129027,2.347889020464331,3.225238544854261,2.9475422243541654,0.028836703269707678,0.009070906408122071,1.2674775238612392,-0.6285771870925086,2.9054310842388604,2.9390006089812237,2.347879510906819,0.05943751882367263,0.017322049903910175,-0.6427350444844785,2.735599239893578,0.8608792254882316
284,1548266540.01719,264124,1603,0.020482997189325208,10.27567058312336,4.603014315896826,0.033640756128341845,0.010888560058977878,-9.241072186453291,-3.093383399972535,3.2592897874230977,7.25186527198143,3.4727475997349195,0.08117013972561557,0.026386415667208934,-6.391784028009448,-2.2672517817815145,2.567920602406189,10.359844154868455,4.665300405200814,0.033964256983166144,0.011098707835625785,-9.177789289626098,-3.3486815855741416,3.4468661573700876,10.270679962440502,4.601220696073072,0.03368928851822113,0.010902019229385256,-9.242013736613334,-3.099079235002728,3.263699470896687,11.152198726238193,3.047823114336803,0.06504620731648722,0.019293581087979815,-7.831258318512373,7.93632498713159,-0.24015677560769386
285,1548266540.05056,265770,858,0.018969301139945813,13.914658120691616,8.104962393500818,0.03301793175058463,0.010720889573236784,-12.995543245519553,0.6311568715959385,4.933072812456503,11.562596963862925,6.323305988422574,0.07472749226449958,0.02449818927551541,-10.44018449615695,0.14840944081828522,4.967310225143199,13.844142262446363,8.004610606271038,0.03316600244157947,0.0108324720433318,-12.858762737375656,0.6548766630926433,5.087595935495417,13.91342925796641,8.098852908935239,0.033046311365813444,0.010728012502997982,-12.990058865850376,0.640398959563261,4.929292344190309,18.063580297164513,9.355170006942627,0.058002648869439156,0.017712523079393225,-17.731100398335133,1.9428813163985983,2.850653259633497
286,1548266540.08393,263393,32604,0.016270368970149995,6.361018278589659,3.9407296611021527,0.027151855044041547,0.008919304500832184,-2.6473080064620063,2.7227675131531734,5.103023704510062,6.990663398326871,2.2546811928096453,0.06768990481113184,0.021685042405669715,-3.7277283736352222,0.16452858843531887,5.91154347566601,5.889982627060777,3.7785388644795237,0.036999090930636545,0.011363521908462843,-2.8437565335211024,2.274040281698064,4.62965278637053,6.082195212281629,4.2167919875122415,0.028806446370250753,0.00969531320211118,-1.908810295630523,2.964860905716532,4.8277031381786175,11.99854664494047,3.9267053352116075,0.0711289943680091,0.019976509901078614,-11.38785902647679,0.9954306363278859,3.6456695176830207
287,1548266540.11730,262205,34421,0.020832609749512652,8.748720951693567,3.843542388541326,0.02945591159309383,0.009638571718007803,-8.724744587320663,0.107396681826483,-0.6382915707993227,8.93535399394841,3.7224578952639473,0.07407234172673788,0.023712213064692178,-8.861381613471256,0.24617360881889605,-1.120654028647759,5.004831730286792,2.4260900182726255,0.03718686573980222,0.011559201165250787,-4.095809158475668,-2.1737309948868946,-1.8835024681959838,6.510019599814147,3.1288651953128683,0.03278173794494388,0.010776852032452985,-6.227940753075981,-1.165696074420472,-1.5033724187947728,5.690399285562499,0.7398164066165511,0.0699933690393125,0.020217702164061824,0.9108230631135517,-5.606723212312331,-0.34014731712707524
288,1548266540.15067,264308,35076,0.020322492696814642,11.127992266819556,4.5402494554543225,0.029000731304953647,0.009343139507807099,-11.07038604242336,1.129279907923004,-0.059090199486410686,9.709375748905117,3.8485544445437685,0.07398958256138424,0.023671110883720675,-9.684043430213974,-0.5564534528102649,-0.4261922453681439,9.101937581188604,4.212463607980055,0.03776371738233454,0.01142243858983976,-8.743384552015046,2.171263960127304,-1.2977315295893987,12.23878626170876,4.899320275155773,0.03168077927102548,0.010321399965902218,-12.19805777074794,0.8240577855444753,-0.05761875317073965,17.17100120133917,6.013675594463136,0.0599044774581827,0.01738989360420364,-16.76141179035132,-3.139250280799894,-2.0108368221118247
290,1548266540.21741,261744,47804,0.024007934979101156,6.694049518491683,2.740720574053983,0.03234881667239285,0.010761440208804568,-4.400471345332329,-4.97626683170639,-0.8263893238581145,6.218499410930947,2.2763672535713697,0.08113715743811835,0.026604677115817217,-4.044594582149227,-4.073418685446255,-2.391286223532214,7.849858296538172,1.1913141801895897,0.0726722124481784,0.021150306201133316,1.8090690644518062,-7.258139444132136,-2.3805369573493054,7.705517161227019,2.507853421307583,0.03689983662360369,0.012016506433839808,-3.4067161815771927,-6.100244144312365,-1.3116183069065506,7.899299111163357,1.7447722667240813,0.08365815749466306,0.025009803172503467,-0.7122632763619202,-7.063436670330423,-3.4640250976290323
291,1548266540.25078,261338,41151,0.024149893244964367,4.376259530953902,2.557755587477665,0.0348432154827869,0.011379289354817725,-2.626294690294875,-2.9732309031924773,-1.8477342012029367,5.0129485313758115,1.7410209426970078,0.08500342704852591,0.027482487599929956,-1.7684987347351273,-3.67306413560584,-2.9173044166129247,4.545713617912019,1.9928160253577762,0.051980027642603704,0.015529534580732711,-0.7678643090116497,-3.4890188373115043,-2.810808469444744,5.31760077687337,2.5939988243128473,0.03934960988926752,0.012986198847710097,-2.826426026474271,-3.797573868187123,-2.0773236121095726,2.7333637027290445,2.0492454934306736,0.05841680697167614,0.016943746037680597,0.5904143138761224,-0.5706198955014461,2.6071212101137036
292,1548266540.28415,260384,4655,0.023381207016935104,5.155185038960013,4.098188020733501,0.034445615455852015,0.011404697337526984,-4.787958472791702,-1.810835329381068,-0.6101326565630364,3.7885752668611987,2.4120020959309594,0.08253023319323535,0.027211749165120834,-2.597338835663852,-2.6063745735940627,-0.902189064191711,4.924650942235398,4.060417473675529,0.03490759011860328,0.01164379527366906,-4.614041959759567,-1.6152723722191635,-0.5947258696101644,5.132471291954019,4.124821721496165,0.03475116482253009,0.01152648621266738,-4.794984401914177,-1.7049754634076004,-0.5277483092856344,3.8030007543366904,3.5354170046805633,0.06890294328070326,0.020714708979790206,-2.5830914900173556,0.22083417743651965,-2.782388426830677
293,1548266540.31752,258845,1850,0.02351323000037541,4.764302541108698,3.0239160758695056,0.0327584122866723,0.010783192338766663,-4.46617102058717,-1.3773698844012041,0.9245254564514533,4.653378436244698,2.2743547732290894,0.07807853473518547,0.025843355322607935,-3.8907128217061726,-2.475406245384368,-0.6234168190147008,4.683339664748397,3.0361629459921966,0.03304758780625479,0.01086255528087399,-4.412401375206945,-1.2166487329004618,0.9920435374564944,4.714164111742369,3.0111154620519254,0.03286834917055718,0.010834323436334888,-4.434187098927362,-1.324607678194535,0.9529738344459515,5.858549190714975,3.514590105617076,0.06938535627955705,0.020623826769951614,-5.842580196135565,-0.42245684708192754,0.09157228895904587
294,1548266540.35089,257996,9074,0.015191543229341986,4.769715269076993,3.7249559906882226,0.021195499258073885,0.006885614459699777,-3.6557998999304018,-2.9953329792315637,-0.6428772692068403,2.7223493596339994,2.2713483528188423,0.049841109972629326,0.016356115726168116,-1.7121624258340442,-2.1081946495810993,-0.18761978291041986,3.939130819766304,3.6060398334656245,0.02245397353723144,0.007221441771387102,-3.012925406171557,-2.5354317739586287,0.10304286331286577,4.850818707784994,3.727822245648884,0.021548114235503894,0.007039159539547689,-3.6357707273212343,-3.0937811552583696,-0.5832448041807909,1.8432852611570159,3.2273268850580146,0.039840457300273295,0.012114920431068576,-0.5780525849972298,-0.39973654192598473,-1.7040441484966766
295,1548266540.38426,256659,7836,0.021304303927452327,4.6400143688945015,2.266923163992741,0.02943982571442101,0.009429144513739931,-2.0918100761581946,-2.8126861212772387,-3.0402073501662494,5.168945831325625,2.0847838405834147,0.070693375587331,0.022824639361605045,-2.924067942911411,-3.10917621853735,-2.9156218744031546,4.009665027274148,2.316777369655388,0.030810250621914725,0.009789813318129588,-1.8724912972065273,-2.2526500158259415,-2.7380207959456038,4.5119527736991865,2.2488819634172255,0.029949904449831644,0.009580080843470184,-1.9652319532213212,-2.7362437265224937,-2.998364491387976,3.4919107569771133,1.790357509501685,0.04607895167581466,0.013536249295573425,-1.8469972698701749,-2.6041215704732767,-1.4144230859189169
297,1548266540.45098,258991,7296,0.013570869114423843,4.839438932601963,4.509763128647656,0.018271025550191253,0.005873009797506956,1.628836110640326,-1.5223527773983587,4.295288596614345,3.7613981470261564,3.7504182415836995,0.04864863167734959,0.01542495553400923,0.13969046968860654,-2.7574719636025815,2.5543983563797763,4.931411615657063,4.493609993142645,0.01896189443592133,0.00604462164000245,1.713575018137376,-0.6525858354369423,4.5778393274163705,4.885398527132319,4.507512495450523,0.018554257487976795,0.005943468514956675,1.6402044082957539,-1.5436146387785756,4.353418054634408,7.333685056111268,4.369892255833711,0.027672823505941864,0.008975401339920195,3.2973585628370388,-3.088751064566533,5.77667550338896
298,1548266540.48435,258270,7240,0.013366973092644703,4.730165291544823,3.4063652515031544,0.018349156446305605,0.0060028551319029075,0.7459691091198817,-0.04389619652163494,4.670767270749544,3.7878899414678493,2.2868632696483053,0.04516107095755175,0.014341640811441072,0.20736259122499862,0.4332325142195422,3.7573156046646887,5.117004691650386,3.566860704955145,0.018998305992275363,0.006174725257755643,0.8630112969117947,0.9255076493415466,4.958062535586353,4.715666232175664,3.409878688287237,0.018661784812852286,0.006100770025894544,0.703757357853121,-0.03228355965680113,4.65453291463565,5.370164130804306,3.845147564308214,0.028099387407893493,0.008688074584039751,0.20997401408704808,2.247776501466562,4.872583965889155
299,1548266540.51771,257909,7129,0.014454037699289041,5.846101186643083,3.5566368826486836,0.0186566905399635,0.006171297360739588,1.914553264901974,-3.064069393582427,4.595961665596687,1.9775657122407457,2.112884291210516,0.04772114912131982,0.016171085371821547,0.963854703211918,-0.8648634068614431,1.4945773799969442,5.907254369469634,3.3847498247112235,0.019193711640247024,0.006314416769270203,2.255190042045047,-2.093879907532991,5.04236442482181,5.838812460341696,3.5560122508433247,0.018855838344592635,0.0062900389350949,1.9219786641992722,-3.0599712764812566,4.599872475408565,2.112438037691426,3.0555034480572956,0.033075520153929505,0.010145818556158662,0.8431003147640855,-0.037601859793569434,1.936533609951133
300,1548266540.55108,259550,7764,0.015211148032644112,7.833292658503392,3.979949258290271,0.019502869535844274,0.006505804698754651,3.6208684365320627,-3.6905104220874203,5.884719064114543,4.727465093313471,3.035285897904232,0.04953182349512625,0.01663707036401531,2.7822235958379213,-2.1745108385277225,3.1431927532980706,7.669131680598865,3.73089454811197,0.02049988980909517,0.0067783316339063895,3.794584020364547,-2.581025008374057,6.144511595961627,7.887199625850229,3.956853647725162,0.019815032093130458,0.006679093019696957,3.596789982293898,-3.734028535274378,6.058434566454735,5.734051125538704,3.5709290241312877,0.03180129962620861,0.010113592583491371,4.4379841988077935,-0.706336618726463,3.5615624580330034
301,1548266540.58444,258887,6695,0.020898431653668306,5.970563820340768,3.004011063762421,0.02712039229333072,0.009056194941859618,0.5252939144934521,-2.287106933105528,5.490067441543768,4.130203276423709,2.716603391469701,0.06865711672549708,0.023190051121239296,0.9269171898571075,-1.5757374075520667,3.7035733083293527,5.494556167506592,2.3620187602541716,0.028461794182527644,0.009442262708542768,0.31771395405581926,0.21518288094650345,5.481140542718323,6.123054593809856,3.007847240389681,0.027562064319355345,0.009303953234989937,0.4822634727386861,-2.3061580340245706,5.645475340120882,3.1295665546488185,2.0814030728426416,0.05763413751995364,0.016961209672402083,-1.0232470331082515,-0.34541991026039653,2.937318064971401
302,1548266540.61781,258641,6777,0.015525915613232827,11.049727321964944,5.392677272677708,0.01889093434306415,0.0065602743975400665,8.22537158535454,-5.661108458120351,4.731974978591809,7.137518411856648,3.662808750698451,0.048978138812731276,0.017117890245186403,6.462559325422072,-1.5952223046710061,2.5758031453651493,10.506418649290298,4.96395731034363,0.020228492666294725,0.006952978000157551,8.635206189781089,-2.6758726819657097,5.353293592175847,11.100123118147451,5.418406909513525,0.019376287014635986,0.006704090974043422,8.233503326735487,-5.792238415554064,4.720107215079907,8.950366213554215,5.025801543417431,0.03397960240475479,0.012177075919201358,8.097766897258033,0.09641125165524303,3.8112900053602714
304,1548266540.68455,262064,8414,0.018713174086558163,8.838310274628823,4.901116731374602,0.025299907342523565,0.008649520595335511,6.1583059636882265,-5.811815189898791,2.532548196317915,7.815865970969119,3.6326250033168064,0.06439065723912951,0.021777733134430335,7.3498907228078965,-1.9154884523997595,1.8433044316277878,11.049639237733269,4.347228667693106,0.02822250611069177,0.009490281103816132,10.215606649065666,-0.08095946886365929,4.210623901516418,8.84550452232481,4.864897625383895,0.0258558323670815,0.008844644926379763,6.0686501725755715,-6.010152004829466,2.6226307087605134,5.006553716286906,3.2333334942683756,0.06283824039060704,0.018335120364175866,4.497110321108888,-1.4432153468139233,1.6609359820784488
305,1548266540.71791,259426,9029,0.019412080710986816,4.844586640695085,3.849555703056649,0.024500999879373448,0.008422420759291201,0.8516278685541993,-4.307344736577379,2.0473228892830444,5.3356650194548285,3.545783376435797,0.06619536158021092,0.02253769552513885,4.1485110012084885,-1.9853015551630124,2.705135007306171,5.514377534676137,3.540720518494166,0.02779343100524808,0.009477914204079086,4.20724586939771,0.3279860904253504,3.5496291234246238,4.6986176852177675,3.79197481656655,0.025108504667605933,0.008680510737380302,0.8004314822417057,-4.195228123852884,2.0648363995709165,6.008579712155424,2.6005540360555504,0.047330706592407366,0.014464542072944205,5.103688157271563,3.094194504438461,0.6937994806531532
306,1548266540.75127,260016,13921,0.020352902809516245,4.815531941493697,3.8124887492491055,0.0230990172004811,0.008146703516308876,2.339706541929508,-4.010938392656492,1.2757328825081193,3.9128184455161694,2.9917329721917936,0.06343255976388988,0.02213607645893338,3.671049029475489,-0.8379066883948352,1.0637008941905797,7.026127289289219,3.6048984259346293,0.02676294617261052,0.009269836174287633,6.154579606561477,0.8997966797046918,3.2677179325922037,4.95319741109335,3.863972445321758,0.02385466807968,0.008333798191680935,2.2658025442521277,-4.1279664585855835,1.3058878989510319,6.000453449276451,2.7225946759144244,0.04292779643315406,0.012426368203986434,4.679920571948202,3.7227491626030638,0.4948976758157815
307,1548266540.78464,260380,14594,0.02449187010151661,5.26972945365439,3.6800952942630785,0.02834262594469162,0.01011429308546476,4.244965247568,-2.5858383272017322,-1.7503595936912755,5.723885152912315,3.51166573060067,0.0683887136768615,0.02412726082262291,5.08898285622034,-1.5973654958387513,-2.0769059212032963,8.109513262131525,3.9103963402487354,0.03246081066314138,0.011396451094397223,8.097607284994519,0.2427788994450409,0.36608743856493314,5.2251743170374,3.432264373719243,0.029751636882650388,0.010520778955762505,4.29463823759827,-1.732160346706892,-1.6630706339856327,8.386357462079312,4.259656535870864,0.08534163640396576,0.02450314908659027,8.340306448914106,-0.18020987092474283,-0.8589553087305616
308,1548266540.81801,261681,29786,0.034918850001302106,3.95611333986027,2.7246815137659595,0.04034461644369094,0.01387313369425029,-1.6984601559960533,-3.359449550543435,1.21662014354019,4.614564385984477,3.515069723344809,0.09418942448970846,0.03206917064342009,1.3298155625098942,-3.177832078231097,3.0703710402275837,1.2788537647198273,2.0557909866276365,0.04917856333570041,0.01669405952133648,0.33749111381073854,0.2581684115846299,1.206198893589582,3.942807300122004,2.7143170973123674,0.045164380928036055,0.01536515486367575,-1.3729303161359105,-3.3409105236384105,1.160578858137857,4.761548551745211,2.0104241690467792,0.14003565137418622,0.03878998289810893,1.5303705138464117,2.146661439056112,3.9651173207164914
309,1548266540.85138,262466,33830,0.03253425829463737,3.319591824669629,3.8418609896692217,0.04271460385962038,0.01479815540630196,0.8739670336533373,-3.104475628593229,0.7861949999658473,3.075752095689072,3.6425542271220586,0.10232409682518222,0.035829227113492824,1.7963962508860158,-2.3315704971137463,0.8927432334815775,5.84450433870881,4.577527572702053,0.05450304923107792,0.018480147453123052,5.079650915824017,2.5373253110945777,1.3846868975451256,2.908614372071552,3.803685912166679,0.04887603298307684,0.016871374651109612,-0.09033699151069935,0.08681209390463021,-0.35279368379141085,3.2298114501222015,3.3892233842688277,0.084631771746929,0.026823326072227264,1.4142569742614344,2.391661034887284,-1.6466683662156307
311,1548266540.95148,264921,69061,0.035064914645811594,6.5694778593985825,4.428417789480241,0.04471726611703875,0.014638766311210768,0.79748767306025,-5.646046467013165,3.2625468653757728,4.191224021715435,3.90427204636117,0.10301823943733261,0.03436697093708104,1.5486113130591488,-3.290601007218874,2.0832923012769595,14.591959823341309,2.831135261576224,0.14362659902052707,0.04137694946115833,-5.030859277495247,13.647342525181251,-1.1686695069292878,8.006606929404516,3.275967224538584,0.08541681057612169,0.025278585457152013,0.29652702304296574,7.193552938888947,-0.41505047279843066,7.873741618498418,4.84875082638854,0.11895976660496235,0.03385943853750104,1.70979355938393,-6.069223768053696,-4.715605572188518
312,1548266540.98485,261285,62982,0.05094142972781343,4.845956294451274,4.441499491357878,0.07357557773917267,0.02417473950253088,-0.7096964352309633,-2.6894959691591342,3.968152568819545,3.698563431556771,4.359840796030903,0.14895993280345796,0.04938593672944919,1.649142491607484,-2.1992318248078,2.474485781001017,11.093458612098075,7.14385066261132,0.16402201136537067,0.04765785104804786,10.60051700398856,-1.2092656896146752,-3.0383448978684338,8.424539421953908,2.4452603828630735,0.1027373985996202,0.03299897244676058,-4.958915591711456,4.969207599249918,2.850903201879598,9.721604720927983,4.761725713848419,0.15219727514763817,0.04674763005708335,-2.4158094939723926,6.993569500471325,-6.305826550174004
313,1548266541.01820,264082,52136,0.027153959593037947,6.145762166601003,5.449358186483405,0.03540914969557263,0.011897385599563295,1.8752893719332007,-0.8767861366067408,5.786616321356796,3.520733357352345,3.907982366436571,0.08134397885524976,0.027792969619325748,0.635438822215331,0.3327119998759581,3.4468947767423432,12.388727446283115,7.694841405657233,0.09152967711791363,0.027664189592705054,12.06621545639224,-2.3149580358416313,1.5899627638727376,5.718908944442315,5.1121905133202326,0.05728492753753443,0.017914367399897407,2.1089946466988128,0.1666897976820617,3.8182832031032286,8.421488519438123,6.410099209813563,0.07132547287098948,0.022810732965844748,4.088509347325158,-4.726701823991451,5.644807354280462
314,1548266541.05156,265836,65870,0.027229354289762562,10.726482062892448,3.723084906718283,0.03626363159228345,0.011503444898879178,-3.1793518505951512,10.145663301944381,-1.4193855780758158,4.531687491433645,2.4155773878190776,0.08254053551043586,0.026880905081730758,-2.8461047059183477,3.523232411910206,-0.15070797799382848,19.575235611859007,5.396755200533001,0.08753009857594309,0.025529699528216192,-19.350485379577147,2.9481600459585717,-0.2385732130347592,5.441100975658475,3.2467434892589635,0.04386428568978319,0.014229429689649797,-3.0029984021548475,3.935573010887661,0.7012301146914772,4.841367270813636,3.1310830531107663,0.07708493849747924,0.02208452145195553,-2.551612921671036,-2.056133962226371,-3.5637650986346117
315,1548266541.08492,262839,62802,0.06667366892353703,11.968825700389132,2.0916916792593434,0.09778422535786069,0.03203426343660051,-7.087313125475622,9.169187223065354,2.9914523188798245,7.295478560920348,2.6578694767407223,0.1803368663379769,0.059326774913498935,-2.468253610065172,6.313781068753286,2.695904331592886,4.51349811156333,5.080881356755571,0.2087285594779952,0.061274627758095654,4.35408772629735,-0.7359494267640652,-0.9337899742651792,5.044463141546087,3.124906567062351,0.17658478454801002,0.052737162266543264,-2.035365370320956,1.1155076006962,-0.7161032309175752,15.340750303331793,0.699721706721832,0.176438867538816,0.05501450801449889,-13.176242230213978,7.690622410451413,-1.606109429572856
317,1548266541.15164,266426,11808,0.04768115309175426,6.660137160325799,6.142042339198595,0.06958661090853466,0.022202818305734773,2.2013610605469176,5.3477090570891095,3.3035502593705837,5.166257978182426,4.1704497375078775,0.14300177307770182,0.04625818633611315,-2.5495340243017477,4.185968919891374,1.633328490465019,15.72935939954329,5.156284879643784,0.085511049276637,0.02736886667744221,-7.618708699739109,11.851555793839927,6.99347196562764,6.923965232224722,6.233683696791555,0.07164726408743008,0.022821766603563987,2.5026627274318267,4.8841382846228205,4.7730291322679435,13.897176287120853,5.987158819023787,0.14305146037207045,0.04304250668615666,-11.894567414803166,4.121855466627762,5.8873663281851
318,1548266541.18501,262206,55497,0.07703149613890613,17.228062484959835,9.994666603214917,0.1264180984884569,0.045457675735148466,14.020190737101267,7.674815890370107,6.429431524629746,9.399505966335315,5.9819036969330615,0.22120215591629772,0.07750334515288029,5.71012526178787,6.813779249051886,3.0524734644309497,22.207243296107876,11.954803106664963,0.24561269599039132,0.07716331045585324,21.842203293027996,-4.00785771294683,0.1299487258027804,15.151938644649025,9.738936302990474,0.20912731309867721,0.0686074869477591,14.947213886812925,-1.9152235479054815,1.4815363214082287,14.33030242514025,3.4276562191484325,0.21664670487676005,0.07529846057970241,-10.687723969969984,5.6707361137062415,7.679379914186911
319,1548266541.21837,265765,113390,0.05589179222401741,5.666380280313199,3.368177784317741,0.07607506060669919,0.029249040815794613,-0.38179512830807094,3.7366001189614346,4.242630965815894,7.0086059938369045,4.136698976430412,0.14534734801847857,0.054120131091182896,2.4470012451276326,2.706870487438442,5.983777656917507,10.669921161479415,2.4713768007156562,0.27176555386247814,0.07774895518269095,-6.444062317354068,6.2782921766719495,-5.736229230651732,8.270973203835652,2.5664399562130966,0.1833654785637356,0.054470011506174934,-6.219285030049571,4.489195893461882,-3.5229395108531563,6.355370292008095,4.528976338954195,0.1665131051792173,0.04918680817653319,2.0845757664788254,1.5021917584061633,5.812804430163196
320,1548266541.25174,263263,12204,0.093138504220012,16.716289841567434,4.916526710843198,0.15740242629505813,0.05541370208906031,0.8695878221070842,5.291975556105492,15.832661109254992,9.154870783399428,4.765696304605191,0.23687414564876197,0.08342915688043179,2.609247681658018,3.3348218347306107,8.116800411929978,15.830670740731259,4.39330522211355,0.16945171723239544,0.05917356228701061,-0.739854374521774,4.583471206217928,15.134548004737931,15.921723670423653,4.562740247822888,0.16506977014768426,0.05767739906524657,-0.08196182004433344,5.1455874578072684,14.491900713501137,18.007241974114773,5.599007195410479,0.25811689884445327,0.09210656545868451,2.2754302228043057,2.0389331123170416,17.746152613424883
321,1548266541.28509,261694,9298,0.06645652165672418,11.562184393772183,5.356997584544106,0.11515991048842486,0.04370082840890731,5.121299179120817,1.1878431299401502,10.297836247104506,9.08506462297595,5.574759883277145,0.19892788150422402,0.07459403570532856,5.301178773068646,0.9705094583683966,7.313960227594421,11.080607757711322,5.6760724903365825,0.1231512535403246,0.0465083059924572,5.7591817935326635,0.28171960997110135,9.462152366700293,11.253111766431616,5.510952968575722,0.11771271718336704,0.044602198508673765,6.157470266077663,0.9346392771276112,9.227739482574263,14.712424051653175,7.712206791247406,0.19667495639338708,0.07474526023022961,9.549713122830692,-6.589697195507651,9.046230796238659
322,1548266541.31847,262600,124933,0.09407280784353785,3.9188947357943595,1.973023274544454,0.09722168650036112,0.04056312136124093,-3.2393215776012623,-1.1419679051836031,1.8869130797824747,2.992698875507697,3.1308071518274394,0.17028615666314478,0.0691776749134,0.4947296492917579,-0.1570167139142257,2.9473436998640428,13.411420009265495,2.708564333745036,0.3961558705261832,0.11265096949037437,-2.897698013410215,12.445697322919727,-4.071136332066773,6.481805748720347,3.191793932916957,0.20274533580003773,0.0633365003448647,2.214024309100144,0.5882990909344858,-5.609589227380596,5.265631189718233,2.309354624188193,0.2725931592494749,0.08337686565830214,-4.172505116916932,-1.0774310304753552,-3.0259238671857376
324,1548266541.38520,260371,1395,0.037841520208765696,9.335336160494187,10.473650562073622,0.06831706549884571,0.026379738359105828,-0.17518108364790044,4.150401040038338,8.36014258396416,6.859678876069896,7.937819071239863,0.11982091672668935,0.04562681119349325,-0.20677734599134048,3.9126952885754984,5.630564180501224,9.317719748818769,10.433436011443709,0.06849745257498922,0.026504301707020617,-0.2063698991235572,4.137238487539936,8.346290821645344,9.275465904204856,10.465264882875829,0.06851746416335927,0.026458961489294087,-0.1246627579026528,4.133088597472307,8.283245037359832,12.449318264635803,10.603119585708106,0.11191219247414176,0.04343635279423331,-4.303581400734241,3.4541845096698216,11.159449885841417
325,1548266541.41858,256137,133875,0.09915878186914392,6.433468228816692,2.10044090438756,0.12440124901252889,0.04829546952235434,-4.100963446558845,-1.819890210591816,4.610814665823606,3.294662987835892,3.4948228014212783,0.18867443635095144,0.07428541595225792,0.08235299677521205,-0.6754199857414174,3.2236361504051496,6.254840357020714,3.5707412919992363,0.4462865986182509,0.1264705735840275,2.226141389365057,5.035632125980137,-2.96811918530365,6.449134238074875,4.303670216206266,0.2940170627999571,0.08668828039405375,5.331485550986688,-0.9131100427806903,-3.399735464438894,9.790627633643963,1.1190702801832333,0.26670942653099816,0.08701167220282632,-6.552084339978382,2.2326783044775107,6.9239965230492615
326,1548266541.45194,256508,145364,0.06307742620693392,9.277130949691257,7.513356155209884,0.10583409557344689,0.040031315083214974,2.564521708721672,-1.1851377693058947,8.83650584399622,6.7981370973496675,7.224931500914946,0.17700729419289404,0.06672594111220735,4.996004082674466,-1.2096170689389942,4.448756876566001,10.11490644647488,3.6412918224025996,0.377975543716032,0.10602528717141768,-8.796775861409856,4.707203341345068,1.6644228934636138,7.222742338210869,5.510808623185216,0.2765687396232942,0.07919456930572624,-0.45084865266071356,2.3427397820647218,1.5946915091952807,4.535232052723278,6.623721834674421,0.18582724603068584,0.0663874342019642,2.662320352045971,-3.621570408972436,0.6038276972660653
327,1548266541.48531,256384,146606,0.067349646211498,7.206817922725198,5.641601048758255,0.09809923634537546,0.038688567178594445,-0.6874018157455196,-1.2967341455071413,7.055790804077085,6.255320689331363,6.084839290469226,0.16176572821754917,0.06355864811464004,3.3794774443634714,-1.2333900654606718,5.117315514587551,3.656981402222312,6.027416225437928,0.3498325669519008,0.10059446937485927,0.4037282999491097,-2.887114883897817,-2.207959257594162,5.957223408788573,6.581616024783273,0.2840745834974977,0.0830871340706607,3.611671716194441,-3.7500799263637123,-1.4608080461942985,4.47895249770827,4.672713872794242,0.16913569958730723,0.0625263527493708,-2.618029357148352,-3.010054638152046,2.0362978262464186
328,1548266541.51868,256693,1297,0.07440255447373761,7.199713792538238,3.268234242065616,0.1054436537460504,0.04072724943194782,1.516323505864193,0.021140514399364818,7.0381954220297125,3.8948561345806483,3.1285569583558708,0.16702289142563484,0.06384156203886683,1.0468647088796346,0.40936867890828516,3.7291280314722037,7.022938007237511,3.0866210050505045,0.10586215580115536,0.04097648132343204,1.1547318376870566,-0.014087717766830005,6.927341060806894,7.218752137572398,3.290378878921671,0.10560318198656846,0.04079075661403871,1.589935565515521,0.0173103063719267,7.054469014976041,6.85591330950087,3.9144814567165533,0.19890378227965183,0.06400263094666482,0.8052713001011167,4.597767220644119,5.021515909105047
329,1548266541.55205,252559,1958,0.0805115032120535,4.699634334604337,4.887649673280651,0.12696896152783524,0.047693151410415656,-0.5703143124818052,-3.6570270162838514,2.8961108173100683,2.1091601404282194,5.663624665995903,0.1948469466570266,0.07406543232639803,1.750849271521325,-1.1029685090689987,0.40809777552265897,4.644320664815024,4.7588405278810315,0.1273725676405203,0.04792810946010536,-0.9078784870959564,-3.6701297271208917,2.6973355142435937,4.725113270925105,4.855833059181041,0.12732301235163668,0.04778833135045029,-0.7220771007406482,-3.675603218565276,2.90121641739226,10.777564161012958,6.792386031056206,0.23173053832492557,0.08440921551415317,5.794391279103028,-8.397850686767345,-3.4723223917382637
331,1548266541.61877,256526,49744,0.049751069852366825,3.983503046959381,5.940651929565574,0.08083274437925837,0.030045158910465084,2.7622579807990957,1.0541725738785381,2.669634348956552,1.6110366965391978,4.355452646915324,0.14297015549659456,0.05154314829301569,1.1477148230616656,0.5344203744067687,0.9962854941929998,7.110290523115149,4.232381720879724,0.11925539160869618,0.04014265583084782,-6.052614536023854,1.5738712415892617,3.383048612762183,5.644642334853154,6.275077153657212,0.08949916546753067,0.03433213220079273,4.85960340927668,1.2082396002679179,3.179314374190612,2.412474574986636,5.70667355888253,0.13200328545982642,0.04949437995833192,1.798197802740739,1.2150665301646353,1.053627811159615
332,1548266541.65213,255191,45167,0.04153826021010782,1.637993428011327,8.157684415221762,0.07700856406136546,0.02865706351470514,1.2282264282144135,0.37452376154252626,1.016963255621362,2.9204632232959904,6.102870399239304,0.14078999235109013,0.05173810320429511,0.3121098926807634,1.8248208730637498,2.2586991023033725,10.237568050786567,7.324200066098156,0.10855822065230633,0.03691667922081281,-9.063759540638754,-2.3525554935037576,4.137818898157715,3.471035481299764,8.493779829458695,0.08593237926898392,0.031074395532304677,2.290303660979444,0.9519050116869026,1.209423704771808,4.204813094732361,6.755420743935294,0.1253441072047788,0.045283133615445996,-2.9146125519293946,-3.0203596550428324,-0.2508274067120637
333,1548266541.68550,257180,38251,0.05935899807166688,7.361463879009949,4.383811785013291,0.08590569405089951,0.03293962555481928,6.073869974970118,1.733395445894224,3.780819249485203,4.665986478270567,3.8147487219499685,0.15044659686351777,0.056584236119059744,3.755133257614494,1.4276904716925403,2.373205416730644,7.218655921450367,4.371628951201384,0.11939949818653924,0.04130195750554783,6.9029393065043765,0.9184241987467507,1.9012940946007542,11.055781447950743,5.685272804955764,0.0949899628362331,0.037541042194143434,9.640282642617265,2.2718543331930796,4.908436066661289,8.671824130084687,4.62374469030063,0.1374038958710323,0.049481851658428305,5.968871014575569,4.137906274626083,4.738232182669898
334,1548266541.71887,253960,34972,0.036195358841734415,7.52191086364852,7.1806545150373795,0.060351271907202166,0.022129627943425267,7.25480192050941,-1.9808332465974798,0.15261646051681863,6.402401133807178,5.613399518511773,0.12093180284274216,0.04387084100778458,6.006306493919284,-0.8867253159045448,2.0319303121447048,6.613854942580726,6.575458360506194,0.08272208014704796,0.027980474772547507,6.539214096025178,-0.6521931150218915,-0.7459224816045931,6.386343510351471,6.428685703981477,0.06826107006588901,0.02530550142783454,5.549891663902347,-1.9238335398372617,-1.7570471752357566,7.359447935723503,6.072742000497712,0.11060453308478692,0.03538267038770915,7.278505612477981,1.0441008678962753,-0.3077065898054749
335,1548266541.75224,257843,33786,0.02949876319906668,5.078144477020071,4.265951554884778,0.04125778454950778,0.015567767257814545,-4.504235486360339,-1.9092538726474222,-1.3616767834851708,5.242300936784449,3.289644511844797,0.0797843942421493,0.02940407433060745,-5.16944595945913,-0.14898452801716994,-0.8581090807434075,10.476953617407045,4.642054368363751,0.05529553853644461,0.019302481245545948,-10.17581706749625,-2.1259549290882944,1.3036946535273288,6.344935855394089,4.4724664642864,0.0461600592321848,0.017553744978585625,-5.368721762489564,-2.32181631818393,-1.33441716905189,7.269881671721995,4.199809367497512,0.07866169662904314,0.02615006287305053,-4.933958158581867,-4.854328223801795,-2.2232260132078645
336,1548266541.78560,256244,1468,0.05321319162587066,5.1574500046078535,3.506881027226986,0.0854071220625324,0.03081630285915512,0.900470912354993,0.21323667230636933,5.0737533254599425,4.936541044581516,3.1824095175484026,0.1468184237149966,0.05214338507477227,1.0496171302219208,0.5623394168173513,4.790774023587022,5.193780333636715,3.4567957098026127,0.08582042329672557,0.0310332414112834,0.8434593995326857,0.2668370842325499,5.117883191895819,5.179738341559666,3.514312477710159,0.08562750393510443,0.030915863805816783,0.9330528196763491,0.22003301594185437,5.092049126246023,6.446141141472593,2.037816843893889,0.15213631491913557,0.054671969719039676,-0.8367240077341324,4.187142396677956,4.829126950144187
338,1548266541.85234,257504,27998,0.031132028234779167,1.942953248389691,2.674840669626246,0.04925529408422998,0.01806453450172787,1.475157108528494,-1.264430416845134,-0.013948173455563187,0.8200940416026946,1.992051394798257,0.10220341115773082,0.03646204617431749,0.1934728427865062,-0.7961464613426351,-0.035683445292604185,1.126564956029787,2.093963060884329,0.06444012386704907,0.022196165059016157,-1.037322708122332,-0.3738577328744185,0.23095582897633704,2.7731442746435,2.9787688549170044,0.05283225843381324,0.019910791179366324,2.374983392682503,-1.134792908929923,0.3569785240162211,3.4376955831221254,1.7361602537296221,0.09708118965494172,0.031967032969409975,-3.2808152719250265,-0.9179026960631668,-0.4598442282782858
339,1548266541.88571,255497,29838,0.02362608430270284,6.920219578386143,7.092970795841862,0.04321608476062982,0.015665868593936347,-4.137258522408497,-5.53664745825208,0.3436071228422576,6.636819993718733,4.481193455651887,0.09231634360491708,0.03244859269883927,-5.644514259678811,-3.3816769813097283,0.8666597921833051,17.478486651719663,6.381490576105776,0.05714277191877685,0.019740138860758778,-16.411420731068013,-1.460781765856432,5.833427967735158,7.2454781929200625,7.127262183186868,0.04630839868630096,0.01725732242269772,-4.385409311674463,-5.659319966900069,0.14264923990950518,13.264164891064016,5.731348701927005,0.07433407557056608,0.026359128448684058,-12.675123659695016,-0.6573215686826172,3.853211494859778
340,1548266541.91908,252830,1613,0.04491038572539383,5.963967406412173,3.3259725014148644,0.07868090364261908,0.028962099070108428,5.2828635130968795,0.8444084684589769,2.6357607374591483,2.8054088541022764,2.5236301455874597,0.1523566018667226,0.054679984305235504,2.236666615256471,0.680406784789456,1.550705612966266,5.617533003523247,3.1559710940351597,0.07910739693398283,0.02920000103044328,4.968535399937934,0.7554186741653428,2.5099154670942183,5.863972715262118,3.284349899147099,0.07881518705311194,0.029005616038247424,5.1889228146918,0.7932645760735177,2.643511070198713,6.589271907455277,3.4367289599429443,0.16612515411213577,0.052371641864138,6.357232549583236,-1.729809919280298,0.10888628957877518
341,1548266541.95245,254235,910,0.02199286357019932,3.2288182952451434,4.926597138278858,0.03382796196169828,0.012503127448258239,1.0787582935831546,-2.182685120853195,2.120715396025923,2.6608220923980723,3.5360423214300374,0.07222282585683881,0.02608389426186928,1.0655940371424764,-1.428304647707075,1.9759629016604598,3.139489283316354,4.869375298648773,0.033908522422785775,0.012547855543708943,0.8948097567275431,-2.2085427941294093,2.0440271979165274,3.228157430687453,4.92571231978669,0.033841801512626085,0.012509355500288978,1.0792186314174061,-2.182755548865554,2.1212941230929045,5.8921483767098035,3.814242390708256,0.05619142632888331,0.020272687543613877,-3.9896344220927946,0.8001983536082438,4.261444856630075
342,1548266541.98582,256913,23096,0.029426634358265435,2.863333703443593,1.8623698821756518,0.04298437808921513,0.016012279078689583,-2.2769144937196844,1.7307056220497297,0.13783444914350354,2.1648587522856606,1.9290601368867197,0.08308985044192588,0.030772163264818835,0.04177065107539723,0.7555041337164046,2.0283200275089697,4.313991297388901,1.3164760025482598,0.05692981988917783,0.020118670397587197,-2.534047271987259,3.4608582126125267,0.4599845317763659,3.3581584222208836,1.7918696379454158,0.050436504338285185,0.018675116403060802,-2.716752719545858,1.766645127293729,-0.050861298162174905,4.2387432752358265,2.472020288374409,0.07756920344275448,0.026969499160650178,-0.9565814104726427,-0.23882069044143872,-4.122482411886337
343,1548266542.01919,256163,2818,0.04101681340905708,4.323013644049146,2.8788654753893193,0.06475948417277455,0.02407496107041116,-3.4949260064627694,-1.826863614802168,-1.7710190594392905,1.4827625409588994,2.8705748849858703,0.12428872791884286,0.045437363650451555,0.5148478867772731,-0.2955452792965,1.3587381625013044,4.84197869531262,2.886335089149044,0.06519230249822307,0.0243543863757213,-3.952148832932066,-2.001338072754519,-1.9544623830501933,4.25823545429756,2.8806308468759156,0.06514021479774956,0.02427645036515601,-3.435313279368493,-1.8108976856627386,-1.7468762758500576,10.952116772450724,5.634492878076595,0.11260706214990292,0.04237923581077435,-5.005320505432806,-8.612251190160928,-4.552445263027553
345,1548266542.08593,256088,21089,0.038083878026332965,3.659102244200147,3.893422247549851,0.06485464503459874,0.024954481978790306,3.28809385504374,-1.0837965959160492,1.184420944012277,5.585095171853081,3.8139941431359046,0.12172642063158166,0.046579448999327894,4.838567238968939,0.31280694320634667,2.7719500300176754,13.695445394194936,7.3272808350741885,0.08991013026251492,0.032140654073888865,11.448157710631433,-6.850550060541419,-3.094329240061777,9.731384984475765,6.086099035787551,0.08119525277254348,0.03038990304131635,8.4825824085139,-4.675307124750022,-0.9265850208779789,8.962756595229154,4.720095362970122,0.10805466821756443,0.04112681006898669,7.620264624798001,1.0166588868466182,4.607491458610817
346,1548266542.11929,259831,19160,0.05124754284512894,3.119981405474954,2.7647690513627095,0.07776933115998007,0.030133059888611563,-2.203267802573716,-1.9395168768035573,1.057435220354248,3.159157629213825,2.891363534602742,0.1441945050543562,0.05438306886331374,0.8220355976477494,-1.1370794600187455,2.830474289588814,5.441959056901886,3.291439862612542,0.10294974109449156,0.03733104770429317,-3.68713085841425,-3.3882949250016106,2.130596609199918,3.3127779823407626,2.838006409854402,0.08145258234834718,0.03187489098064921,-2.303718802941467,-2.040269478853966,1.1334203439601676,7.435575936338631,3.04610206399805,0.16379884856568946,0.05449868094722365,-6.549303400041253,-0.24730830770912524,3.511873158330783
347,1548266542.15266,255804,2009,0.05794738932862772,4.7692528274227755,4.884796453161545,0.13061313975126315,0.046579602833595114,0.21935609054626254,-4.312180243265865,-2.0255263481396497,7.5122495110072585,5.757830357778549,0.23056618270849266,0.08015801407792146,7.498955194137781,-0.2941344679568776,0.33622704635783907,5.122795404995364,5.0783362104366265,0.13157562690088714,0.047135595869029226,0.5708499944769013,-4.705742113003515,-1.9424608647673056,4.824340355625065,4.822609281366168,0.13119253356608454,0.046785190775778224,-0.049235262583054135,-4.358495593043587,-2.038474943337504,13.71500492242797,7.193848944387007,0.28136825858765446,0.09079968803008381,10.979141362588026,7.2814358751614785,3.8132016152366743
348,1548266542.18602,256596,13415,0.040176226253197285,8.830591870039967,4.704540695821707,0.07062749431961904,0.027740755537724537,7.826189329783903,-1.7858515777834385,3.6797890553292563,11.420275511295568,5.329727043997757,0.13685917508972772,0.05188032670030029,10.475171739507301,-0.05617058199453481,4.5486607531715535,20.440440343156286,9.150616500837186,0.0939064161804713,0.03466112460532813,18.72415962356305,-8.101365864429592,-1.259094493720502,10.893305595132347,5.600129372918324,0.07851304973311736,0.03077394014313447,9.800310851334146,-2.9521455826156897,3.008718613065257,10.799901450216572,4.195228172595471,0.09715831957750572,0.041215719886968295,7.817502935472433,-0.41641705143140284,7.439833064494598
349,1548266542.21939,258927,12113,0.04083037790048171,5.337609068150245,3.80755947001764,0.06392277069630262,0.02507245108576913,-3.481238863007151,-3.9546268662964446,0.8555541429125166,3.320957065619475,2.963803925873113,0.1197440028358287,0.04566169758780298,1.0801996097965503,-1.5350508889451502,2.739624682877565,8.324014157250014,4.117952894232166,0.08276946798387579,0.030760951432829198,-6.519511737816054,-4.521355778397161,2.5184360852981693,7.789787791609754,4.262716188724489,0.07897892742116305,0.02962671648826177,-5.52563124290128,-4.868802287498042,1.5899167657358875,7.5976097642945,3.8652946976718745,0.1285051383066996,0.044680265676664416,-6.718508368732108,-2.6399018304194124,2.369860281857981
350,1548266542.25275,258252,7714,0.05339296555425915,6.9295337123108895,4.066340278986042,0.09340395786995116,0.03556827919491405,-4.837224654136559,-4.914560847335482,-0.6832179691019082,3.082657892628936,3.6938605887281795,0.16755342684334715,0.06266054770880458,0.42526315120550046,-1.9790064363555209,2.32496547502918,7.971843643960018,4.7849049380254005,0.11167253036573381,0.04102880443654062,-4.121449560812718,-6.767167603308615,-0.877147211220965,7.110118878311784,4.146363192747355,0.09893757786353326,0.03758876427210266,-4.582232168341055,-5.164488273148356,-0.7425956541946137,13.458329759159469,7.223389398341208,0.15296965411988453,0.06112344181004779,-1.867695098517097,-12.988037934677253,-2.9915256195856337
352,1548266542.31947,259962,6182,0.03090338097507722,8.745941438035645,3.9495923279622227,0.051446815804961625,0.019991583668164614,-5.350409719857636,-6.561137945548592,2.194556065969692,8.132321862834228,3.6222710683138515,0.10651900856842084,0.03939512176339125,-1.9182730175058458,-6.51683385420466,4.47054404158293,8.683369420106535,3.9508179523760942,0.05203035693937038,0.02031507275255802,-5.221656057430955,-6.543903308929684,2.3048952226326986,8.856751831100556,4.018916197983898,0.05219080096582375,0.02038681988238882,-5.243768296877116,-6.710319284470251,2.2890178518115807,17.212537913813282,5.936166709126958,0.1049919569364245,0.035264157754663183,-12.599449058009466,-10.961187309445554,4.168658973379058
353,1548266542.35284,256430,3190,0.04884949040467371,5.06608151597582,3.961930011986002,0.08579315344044039,0.031786935066400755,-0.6490471534173654,-4.736118909377251,-1.677229082562046,3.3955736752570163,3.775019967076257,0.1559356870692808,0.0573573466915691,2.063399512059725,-2.622073712041136,0.6301051391259628,5.176935789155909,3.9761218783629233,0.0862888305268391,0.03209350364932107,-0.664658270825916,-4.822409928343495,-1.7616060941879448,5.047138811265459,3.973741891217565,0.08629860260441383,0.03197245247680053,-0.6145385284157028,-4.728875931668318,-1.70325399583144,8.669299937664288,5.28258221858422,0.1655297838643355,0.05689194987936439,6.803948758180057,-4.170293246829061,-3.3869893623538334
354,1548266542.38621,257612,2283,0.027825024535848515,7.006389572227707,2.8366222705081463,0.046394493985194546,0.01788710766473024,5.873306294364489,1.0735632849860623,3.666228291245592,6.5546483433994185,2.752265515414426,0.09494126095144609,0.0356434695147318,5.775227637217541,0.6768351887886394,3.0252363165817124,6.926067144379127,2.778171289743684,0.04688466542723364,0.018129924819673123,5.7939544120651965,1.185113859171519,3.6049970180511735,6.9549354047131535,2.8373442919240914,0.0467196738894526,0.018006187025007413,5.8458608611426115,1.0845660287145935,3.6580928810876374,10.052140650112138,4.872036757406973,0.08914359528243179,0.034377633255017415,8.868180252026114,-4.247589879227969,2.0877957000365335
355,1548266542.41958,258345,7248,0.03769279673033119,1.6179520871029063,2.1315374070259896,0.055760699409070136,0.02116184526135748,1.2455933365322172,-0.9631978960274248,-0.3721773894737983,1.7149843965305203,2.2304247943121127,0.10864558166979166,0.04013015215210525,1.39251245991103,-0.8636695474910642,0.5061180120014166,1.5406846760721904,2.0959585678113157,0.05622985834997815,0.02142864006554194,1.1177263878003423,-0.9872431985639719,-0.386972686358672,1.8792867565711544,2.169936840435078,0.0571671566600585,0.021526812800794257,1.3695992774430852,-1.1306613251095063,-0.6501468644546251,6.570096269981665,1.6254968101632898,0.11116475551540787,0.037662857422704456,1.9467063683788,6.211179200945799,-0.8931697743871091
356,1548266542.45294,259189,3149,0.030807730233774037,3.698178980754924,1.2042296086208206,0.05016343972134322,0.018936201703078782,-2.6750467092452,1.5283996581034154,2.045641063863189,1.9593038480170173,1.9761530759990236,0.10040937141523365,0.03700836046781952,-0.09300249626883896,-0.5006475942365894,1.8919762395250026,3.6620218344488724,1.1270914773877427,0.05071999896602246,0.01923324314819748,-2.53394483311804,1.7004869482628833,2.024320043244709,3.7482130874177173,1.1621447042373798,0.050652836097263135,0.019064888628669736,-2.6557894174420804,1.6180468464965019,2.088310369998582,1.5500975593183688,1.7455654966648468,0.08392846087632792,0.03104715675150586,-1.4469754384092584,0.4075991207179186,0.3780575099572532
359,1548266542.55303,258614,2073,0.042693417602336595,5.58835025180577,3.172554755980333,0.06866263263239013,0.02582947820028578,5.386677545944122,-1.4817838895808297,0.13296637717009374,6.355582137267508,3.166562524541497,0.12788542626628568,0.04766510734085767,6.163406806003784,0.11465523783242601,1.5468338707494247,5.913345409818684,3.309852911127057,0.06913435994370401,0.026090527791060376,5.683374568027587,-1.6204252582901912,0.2028039388574819,5.530791904286837,3.149218554353431,0.06888773703632943,0.025927187675863238,5.341120135084032,-1.4516853918231756,0.14520046084726262,8.203455985209514,4.522154418495458,0.11886187122785744,0.0451083341115422,7.415249804484752,-3.4828383996559413,0.42496719901738417
360,1548266542.58640,258008,1059,0.031111119492327192,0.9413667663249317,1.8746094290495103,0.05016900102011815,0.019479909748490613,0.8642824576696164,0.3562020971045225,-0.11093821759865505,0.9275284324453259,1.9717410184426774,0.100910909310331,0.038393496686634346,0.8404358582111776,0.0032196829126400063,0.3923852633181664,1.0201041482658901,1.837994354571005,0.050405155903870166,0.019597948030654292,0.9350764855469065,0.4028200744175754,-0.06309062634609265,0.9411719406406986,1.8757186902263618,0.05027691943113663,0.01950759130619439,0.8652666867283998,0.3540308006005252,-0.10918009934260922,4.142359094333655,2.995401107985542,0.07413849072048104,0.027417497772452618,1.0444000294033975,-3.466776550841428,-2.0124183937558633
361,1548266542.61977,261146,5475,0.03412605100084757,1.603752163330409,2.034718286155016,0.04893666982655632,0.019502135245815108,0.9559480493460359,-0.3817929607911507,-1.2298042378479601,1.1128131055134227,1.8784342639940648,0.098204351721961,0.03776343334261412,0.7505877439545299,0.3579364683710014,0.7394947809401851,1.1444596857713574,1.932227274208743,0.05200167368924786,0.020414500991382242,0.8246461627466429,-0.11684763842315832,-0.7849161152747741,1.6237417898224584,2.0298536164331407,0.04932262715491073,0.01969741108166634,0.8974349205995249,-0.37216878736169634,-1.2574540006967094,3.5971709544151196,1.537581293943424,0.0856740270479603,0.03100162061586576,2.6118074397947613,2.4133561743222884,-0.5420449691501674
362,1548266542.65313,258827,2747,0.03332329282687231,2.578641491164132,2.9266555000294594,0.05454347715062791,0.021348628273690794,-1.7968814244870621,0.7000221494487306,1.7118931265028507,3.15673607123729,3.1754948346092937,0.10723216099711452,0.04101669990210266,-2.887159383860629,-0.6921474463912657,1.0724855374736753,2.58334096525322,2.9306849358996843,0.05528224751597074,0.02182540549666204,-1.6679774856860234,0.7270518589285004,1.8338203959026582,2.6426005805153263,2.9361163372018693,0.05476868388875787,0.021400059418016936,-1.867464079396731,0.7018418574265555,1.717870091602074,12.743890429366605,4.69599193796223,0.10986078909448495,0.037663878945680324,-7.609857011862815,9.151376062627152,4.555121918794148
363,1548266542.68650,258821,3120,0.036927479019045424,2.947938607143427,2.5580030880217737,0.05138841370232732,0.02055724461294483,1.1286562579083355,-1.9379240537874496,-1.913355023178683,2.9010099693592912,2.518610255055207,0.10247045968987502,0.040294057748691554,2.148507992983702,-1.7709634741065878,-0.8145309200929494,2.9352497882689543,2.5364479364278836,0.051917590883612766,0.020858953910105553,1.1373477343675198,-1.9671981050072167,-1.8580266592054127,2.942771137822368,2.5371172079470474,0.05163471910153397,0.020706784664778842,1.0761144784627978,-1.9327058069004468,-1.8985998446203225,9.623545436122509,4.639210398782598,0.10945515569063213,0.042548543024923204,2.174895525582866,-8.120030593340053,-4.684822235382639
366,1548266542.78660,261079,2944,0.01800080092398298,1.9915450778379795,2.7758576072319916,0.02650950866157971,0.010343927953299817,0.6021787509225595,-1.6157189192924806,-0.9965364633762117,2.0790050461755536,2.21408995741694,0.05378731297559901,0.02010169965330111,-1.621822004870533,-1.2022138814607055,0.4966257642977503,3.183720829834,1.8491814643810855,0.0308288014935414,0.011473553879528255,-2.422093172839833,0.9567803717936475,1.8314241192449043,1.5878639258146636,2.618913023770271,0.027238763760961626,0.010581862598668522,0.12287098665270688,-1.2784325507162282,-0.7339635212176736,2.1006932701551677,2.0118324343688694,0.05095237952262276,0.020129391407011973,-1.8662594607918086,-0.0021935236819862476,0.9643562768677018
367,1548266542.81997,261457,3899,0.01898542664893143,1.2010748666024194,6.166157560589977,0.028462748465635016,0.011112946375139758,0.23810349044767343,0.9059514691884457,-0.7517576062109055,1.3304417923677647,5.286732595229636,0.05836159576365928,0.02204682289779679,-0.5925017374007275,0.8608826670075024,0.8233456672029794,2.6009925932156075,6.255121552854745,0.033890752312591664,0.012549317289716548,-2.1813458405742217,-0.16548460957460726,1.4069497637676809,1.2391690151168708,6.170805099932799,0.028744549343394016,0.011184592817003599,0.2424485797210476,0.8984440933597068,-0.7933769720651223,2.245526441146786,6.253189762736389,0.06105652791498162,0.020917634516549734,0.7135582358134067,1.429791349615027,1.577631242894945
368,1548266542.85334,260816,5767,0.030123158802579465,4.459886228029383,3.7961638417666226,0.044566705793425615,0.017466226478926265,4.291847169791196,-1.2013234761841147,0.16569533394270056,5.504759846524943,3.331393689314663,0.0926838655016028,0.03484514041918531,5.281719006095291,0.17475656283471244,1.5411961109188175,3.7146634988618685,2.4208757465497133,0.05100022589424141,0.019291141065293498,0.9797587290190266,0.7578182220257959,3.502072141611789,3.3382579024990755,2.752284314642376,0.04947525258268579,0.018856771624457855,1.77026591840686,0.3171507711764925,2.8101161709569595,4.865387985512251,2.4687356324222844,0.08500451197349199,0.030554223273136956,1.391418363159483,1.5684194710618757,4.39044593988168
369,1548266542.88669,259692,6405,0.027073243311004476,4.094013852911279,2.5074312175029076,0.03950175892870673,0.015456451545040233,1.1507207700398583,0.9626829729545839,-3.8092036741045563,3.866939943042091,2.6350757499532933,0.08067627258808363,0.03042516551740861,-1.0285695273755138,1.488271675360488,-3.4176478272005393,2.7045087785375026,2.5834450787349876,0.04419600350903152,0.016809136010284574,0.6752633112977205,0.8932678094468667,-2.4618001166235346,4.0924782949021985,2.504748866892767,0.039782252352849615,0.01559540827106521,1.1875560766983477,0.9750992550951935,-3.7983741020606923,2.63228433840577,2.2813354296253707,0.06352441582169066,0.025504701914706766,-0.15466717652416634,-0.48742708537071616,-2.5821335633869436
370,1548266542.92006,261872,7136,0.03157988528272894,5.385060152972779,2.9315930142574618,0.04458974441123741,0.017291662959255612,-2.174467369191082,-4.508147957856041,1.9867477196505932,5.676981817822856,2.936116387938308,0.08969314595274701,0.033414122662604524,0.3685571096301668,-4.6342707900234,3.25819312834096,9.671324442708721,1.89759063379667,0.04945494437449819,0.018568141472244757,-6.114353694254763,-2.505140809225228,7.062114761432487,5.496699633755682,2.944395568014241,0.04517485611564109,0.017553548084642122,-2.1844747387670242,-4.571777698942627,2.0473036176474277,10.620534264461345,3.476995971161046,0.08124527111967136,0.0287030991449309,-6.301827563858638,-6.552895660344207,5.490198164240615
372,1548266542.98680,259609,3821,0.021914479732669447,6.173400503590084,2.3215386239737423,0.03433697562819573,0.013444454925809216,1.860843785179999,0.3530188790013766,-5.875671183443803,2.36246496896641,2.0068824042372237,0.06939613350839621,0.026281137678647405,0.640519268954496,0.14969433199906315,-2.2690454827214928,7.05223393403338,1.2927049819180394,0.03773515330297934,0.014533046538001672,1.7228490372977978,-2.2995876940504134,-6.440317623563754,6.182404916430979,2.3184221671753438,0.03445477763989205,0.01350072761960013,1.8327415851129945,0.337955455741218,-5.890881776591378,2.0703386751091677,2.9487252320846524,0.059153132953399926,0.023506591934155427,-1.6260312955020355,1.031718582847645,-0.7601849916353263
373,1548266543.02017,261627,4241,0.016969828810882943,5.9839614945170245,1.6658425626602444,0.024628104801984366,0.009581920551278704,-2.144311583772557,-2.0267758994642153,-5.205948756270299,4.6930755803702,1.4537251634439787,0.044989178327206676,0.016720176401539194,-4.552197552167969,-0.8158204938084269,-0.7980556189797953,6.754345733180848,2.1458648698094214,0.027171638342967326,0.010398280829276692,-3.543554416376485,-3.0580133425196383,-4.869595751034054,6.082406744869496,1.6816451605821248,0.02488759793332737,0.009723462485524813,-2.227696002502,-2.068797681621403,-5.268752774248364,7.562368592151818,2.2935492894815197,0.045384905757598994,0.016414852029123468,-7.291494187224596,-1.6650696514654428,-1.1185143257924473
374,1548266543.05353,262130,4223,0.018446256714821557,7.046226938087899,4.245743721083406,0.029218822564955296,0.01148264680606389,-2.289445703627004,-0.4791568148556746,-6.646665418084228,4.79989778557573,4.048518211683211,0.059350291866848905,0.022140157369957694,-3.8153389257335015,-2.17517146474637,-1.9367077045105867,9.194219449496396,5.1429124181236,0.03364172274442655,0.012898508884676755,-4.105108481326246,-4.3145369711765715,-7.004750271522293,7.058795451472607,4.242472804258812,0.029346867037437177,0.01152280223392985,-2.2907197621092563,-0.476094957095821,-6.6551325610263765,5.745474079859241,4.399885292755069,0.06587915590578543,0.023983359918161803,-5.482599160713445,0.600791606623224,1.609542882525877
376,1548266543.12028,261309,2499,0.021514152060857075,5.935919245832262,4.590678856032941,0.03537578729397529,0.01417401948525734,3.753666808730554,0.37792083288884654,-4.582826488767061,4.156240682886214,4.104918064503498,0.07153138532009685,0.027255069627524386,3.8304208787060077,1.3572165187221874,-0.871880626782806,5.89700480125855,4.509433727802364,0.03588655923026241,0.01445473008344204,3.537735339485491,0.5038066370788029,-4.690977847555585,5.949751516064577,4.56659624622432,0.03552750462386271,0.014254048209196369,3.718681401243158,0.38931289410159553,-4.632410806080342,3.1419031001662683,4.439902587605874,0.059338666283183045,0.022109592071785526,2.338495045415687,-1.2123971322290557,1.7126264061853809
379,1548266543.22035,261794,1122,0.029907483747417075,1.7194023764277735,2.3423343180742378,0.04453527275222003,0.017622180459085278,1.3455211678568497,-0.9091511329112633,-0.565120815791439,1.973940477100043,2.2165359067518664,0.08712855217959278,0.033576676116911806,1.3696072141716373,-0.4864177268689744,-1.335670199192365,1.819914490454858,2.358157966392908,0.04468772412944751,0.017707743192738278,1.447843628514545,-0.9529389266864152,-0.5547476741214379,1.713567752814237,2.339118785544242,0.04463397447955571,0.017669321682592734,1.3438829978397617,-0.9123076224298838,-0.5378809740500542,4.258350175782772,0.9894349955327439,0.08780487565376162,0.03269811810461453,-3.2449262224677398,-2.7494005417156986,0.21165228924779486
380,1548266543.25372,261761,9145,0.031132648807439472,4.432045064141218,2.44798289744882,0.052627553553778655,0.020854998332561762,3.928696980359414,-0.054773521029893184,-2.050698258761474,2.15006324914456,2.4176838494064743,0.1008273845937952,0.03854983162930908,0.3652130010779076,0.8860778902116281,-1.9246447494651682,4.198414117006777,2.111153170058962,0.06462360858048466,0.024995391712939633,3.5656093793371424,-0.9550847225541342,-2.0002309928127033,4.452100593407236,2.4202751595942296,0.05374075565531186,0.021404277130181698,3.930449437265639,-0.09559290753356436,-2.1018446849457106,8.67397078033086,5.231096520548194,0.11004940329581087,0.039723030132256976,0.49991418251074615,6.578837555523038,5.630874827786338
381,1548266543.28709,262229,6448,0.03227487839829991,1.0907439612448322,1.9840079266793529,0.04942020656954103,0.019766371575458633,-0.42784958880888274,-0.8109862011350223,-0.5907355583649277,1.5276788475411667,1.8964233130132,0.09530791436470316,0.037022698093617634,-0.7961769473770922,-0.5766666100880158,-1.1693419305316979,3.47327653139647,1.4630530379009699,0.05929012419969638,0.02305780076273102,-2.5189707653144273,-2.3737515781472327,-0.2893779402170522,1.1001735998621334,1.9670881134920921,0.049877320885916177,0.0198861854927742,-0.4457182414807566,-0.8250287055958095,-0.5836642475572462,5.682165543823389,2.257001347217405,0.08528636512080584,0.032202257299323925,-5.124020503992429,-0.42471919191136775,2.4188908098756916
382,1548266543.32043,261382,3100,0.026413622014982763,7.920206364586417,3.7987206915265377,0.04561370535804095,0.018007966423659115,6.079003392507811,-1.139597855521315,-4.947393590488323,4.536236770095681,3.21836036521609,0.09372315163268037,0.03560358802317543,3.664072557624906,0.9242631173659207,-2.5095326291373894,7.7771398191225805,3.6756544471896153,0.04626503155488444,0.01833704896666605,5.805060117535509,-1.219565409232717,-5.029695916313795,7.988539174114553,3.7869612809191477,0.04581303183665962,0.018075263548271086,6.058757605246713,-1.1549722535215725,-4.997383464412853,8.255490306168273,4.59884269040798,0.08836351349280258,0.03082314462277676,7.747348286306553,-2.579685398529833,-1.2152933680857558
383,1548266543.35378,261365,8006,0.03631213168652316,4.686952764210476,1.5484157162753676,0.05807484058585755,0.023140873317866913,1.6205362108975339,-3.4543873793477444,-2.7218736995887776,3.0934177128058327,2.4407150898184167,0.11429951403087994,0.043985890162666325,-1.06353725723536,-0.5049126681862728,-2.860626652654655,7.852440317285585,1.0516596243948322,0.06660005195470922,0.02593795027566353,2.667945724733196,-6.16662263293141,-4.063945109056975,4.776153531835218,1.5378708256717548,0.05885159335457177,0.023571906384512138,1.6633843345914645,-3.5515969113552113,-2.7593030621511048,3.340460460373812,2.4757459464087,0.08927461336749996,0.036865654372657174,2.8946009508382735,-1.510611160301312,0.7057020228822568
384,1548266543.38715,261443,552,0.02850125656313641,7.948859489032132,2.829897146626035,0.04594635721470895,0.018431009331869492,-7.473399966271894,-2.648164520723819,0.5655835850544013,6.476517772137798,2.900688545931588,0.09484134391374902,0.03702972429206966,-6.435953178236865,0.26504954631597377,-0.6734522094085292,7.890635655064084,2.761240159289845,0.0461872487339018,0.018561673373392523,-7.318859234319861,-2.886213986380169,0.6051440935868184,7.940965673010532,2.829465437949348,0.04599925818005659,0.018454835664753838,-7.469547700243908,-2.647485689797332,0.5652481643641076,12.462801845927975,4.62533466978416,0.0860837429492376,0.03228484858919291,-12.359679984052656,1.5999132804117497,-0.004247097366131849
386,1548266543.45388,259020,5868,0.0396929952241989,3.1322734791372366,1.168756959514239,0.061138692729888,0.02492279026962956,-1.8464696226873814,-2.405614593409911,-0.7840315737089149,5.460747849659331,2.3072353255020372,0.12071999180168623,0.04726770577706055,-5.050159146568298,-1.7078980337262821,-1.182685071473156,5.116074653140531,2.30903312454637,0.06671693804305855,0.026841842406197566,-4.903154915754382,-1.4543403197628468,0.13485534076459832,3.1336561822729068,1.0380493724498339,0.06201055811834324,0.02524578614812095,-1.605252670989615,-2.574393394462806,-0.8110566752324155,9.044848766353542,3.9548746505094803,0.11190702427250204,0.04182416148750036,-5.724438759107599,4.598858855982725,5.281153976375155
387,1548266543.48725,258763,7853,0.03568943342812425,4.148167700782516,1.5934062869591192,0.04653414025177802,0.019404944056847707,-0.10918619284406594,-3.8877072217426156,-1.4426039675246443,3.2313998833439705,2.106936864090871,0.09463018972453066,0.03854388620311767,-1.8953661028797644,-1.5098174396504387,-2.1377520532225422,3.9059474812391897,2.37307430447752,0.05616252067346916,0.02266129214967634,-2.313368126136926,-3.0335317271645956,-0.8381162803920944,4.292249598579309,1.62366304535775,0.047901624852313446,0.02013690885203667,-0.17187895873721326,-3.990764191181233,-1.4666307854573897,9.645960730059858,4.135044983588969,0.10586128954800454,0.03928548934877947,-7.690289496293944,-5.3766383235977795,-2.235121071948369
388,1548266543.52062,258495,13010,0.029298979682198877,5.361306927632333,1.241675441685753,0.03671011697034442,0.015495875256402267,1.2971439916686558,-5.202021023127322,0.0025907716461496693,3.4071015476298045,0.6080911605390288,0.07993476910756965,0.0322959355966862,-0.3123035701338719,-3.2952510078001116,-0.807544569380164,4.2063600269949255,0.740548825196223,0.045515889627462267,0.018466826946972825,-2.8052394879971714,-2.7737072110148477,1.4596727027818086,6.2237230244529895,1.6317101394531837,0.039327081709861836,0.016647953134257824,1.937810578839812,-5.906436501719581,0.13400175571667322,5.648761593907234,0.9404504158955342,0.07423396699771795,0.02931291494236387,-4.131887924009417,-3.7827035684759394,0.7260602187600731
389,1548266543.55399,259184,15291,0.061599371906883256,3.7472346163800627,2.3689595566596524,0.08433547099677828,0.03634743608346153,-1.728240546078494,-1.2304715909695052,-3.088833363732061,6.029846978119149,2.4506424369863464,0.15547864352101096,0.0646606308498401,-2.641898160886866,-2.4451840085363767,-4.837406727931113,3.4958903683058113,2.9468864817298357,0.10868941560172393,0.044570174317523324,1.7637294019911365,2.8671812345181973,-0.9432814172833243,4.3352410713466725,2.4580345968374693,0.0914765016000613,0.03962366640017756,-2.0398736506971895,-1.273758126183836,-3.4837522906979785,16.779885372660438,7.292440067794516,0.2042783347067163,0.07402109638528694,8.130775141266907,12.804798318446498,7.175805790689264
390,1548266543.58736,259631,17494,0.04078388299518644,9.326694051194316,2.7036688275994867,0.06047332183900508,0.025859678344822293,-2.310153993270862,-8.349744187604196,-3.4542991262379226,7.236299580168803,2.536113477218248,0.1135036965727305,0.04764576737362355,-3.7151718479836515,-5.614532141223521,-2.6530281922868713,4.359693197202142,3.8729985931009336,0.07049256334870628,0.02939326846775194,-4.233359682860301,-0.567101812023976,-0.8740629863246072,9.686199606834805,2.8520720677896056,0.06465542156031301,0.027901717989400922,-2.385797185184548,-8.895790901964261,-3.3743622822433776,3.862894327171463,3.9596387962101036,0.11383174742031492,0.04563370751118939,-3.738447614229487,-0.20213766013575482,-0.9513686903142072
391,1548266543.62072,258961,17964,0.04369145651186502,12.374803163552299,2.5121058929386177,0.06615929936240715,0.027849888565103693,-2.9471640092597453,-10.660244284721951,-5.5506008169603565,11.523125996451691,3.2350905916417836,0.12467545567196116,0.051307634598980446,-6.469207737367138,-8.454839306511667,-4.4099292831014,6.90628584395123,3.5617049356453077,0.07699035037091499,0.03160270128746859,-6.294569985320508,-1.3879682100650967,-2.479660683664605,12.559395662272735,2.900150208278996,0.07261514344924733,0.030258761416791652,-3.3758226556679274,-10.12529159308609,-5.2709682938404185,5.620488352086007,4.13154044330771,0.16348084552149453,0.05905503344173191,-3.7052369448891813,3.2973160709429026,2.6436367425318545
393,1548266543.68747,260424,16179,0.06618491097000354,6.326868334419457,6.630693379037315,0.10543956773291184,0.04477964159299247,-1.6022523469466308,3.2254423171766153,-5.2017854815774545,8.777023030952957,6.749858052742196,0.18059100789933735,0.07547241464650656,-5.434794503228616,0.5109229561111819,-6.872997870396388,13.361281316667434,10.208063347320655,0.11830286397999962,0.04940719122441898,-6.030061540879595,11.846108698547342,-1.3534788282540648,6.998866541662393,6.916595855658636,0.10995106693904849,0.046053006396815685,-2.341391503023268,3.0666126281366504,-5.720986821798855,7.462162198990184,8.507290529900322,0.2780307279396311,0.11066042959775789,-5.862290467501881,4.481314816028259,1.1114102205397363
394,1548266543.72085,259751,15479,0.05262943228003589,2.8952227188758934,2.584327646920971,0.07862114750042545,0.03188392019664424,2.4556777031206574,-0.38906004964438956,-1.4834398835348457,2.7719623903727304,2.839921715338961,0.1499412054247875,0.06019059298656194,-1.1665298248862923,-1.623232291258737,-1.9204428108919487,8.219758357036918,6.163582939922467,0.10769368183668591,0.04199277101536773,-2.8302405611325105,7.717123222836557,-0.013227915756954223,2.998736375959555,2.617313258805646,0.08016008691613981,0.032801826577924034,2.428242704145349,-0.4169232362710311,-1.5354811626615499,20.150570523179244,9.782481736327512,0.15938149786995764,0.059933593635889945,-11.558891384710595,15.905271070744458,4.411334778978216
395,1548266543.75422,257241,16166,0.025639886101527908,11.235877363026553,7.317541812723849,0.03616840672652832,0.014954627815995535,-9.078737153546571,6.556720855883208,-0.9115280751637765,7.151571164863713,4.856479354714749,0.07417532114729589,0.030228706004173277,-5.650990151855735,4.306926457649341,-0.8134278813390389,8.597066205213483,4.869912811324032,0.049764462100469455,0.01960783792310121,-7.245232423846375,-4.038497710516967,-2.2597988192355047,10.930655776267384,7.131547709584831,0.03888952836373923,0.015879396903831222,-9.276184641626255,5.445283608284122,-1.0205812597355113,8.467690983202036,4.662818992452489,0.07615531903397972,0.03221620525883001,-7.360145537355118,-4.053978826897774,-1.046567688693459
396,1548266543.78758,258616,14634,0.053935492928476325,14.8646055006801,7.014909956659606,0.07255326501228329,0.029900409254628703,-0.20195122397324453,14.07500073536579,4.775988556669421,8.159580734849419,4.890257714638802,0.142241948991956,0.055970220184814984,-0.35214229201549774,8.061462503616172,1.2114354615456608,6.466026058114974,3.0834336187811595,0.09564791600230212,0.03748492948539729,5.8399922518781295,2.3433750802724447,1.487473265434842,11.963562883474562,6.346714093344646,0.0785041604500745,0.03235742117296024,-0.971745394186133,11.489319391502839,3.2679659591147776,4.376882236206403,1.3708885265559179,0.1303724303893177,0.05267928007959556,2.8642330781676475,-0.6385764230256556,3.2473815814445333
397,1548266543.82095,254731,13266,0.035771312878182755,7.454868296254735,8.020466799130448,0.054764800046520255,0.022869602360827364,-2.9912715313167713,6.68144355911645,1.4091372916714346,5.020627902591417,5.44761325036646,0.12183687561161247,0.048526413082984686,-2.6104353498982085,3.9895042839831336,-1.5735906037980572,8.581358168985226,6.66465472689263,0.06944375015007555,0.027681223365209475,5.84348415147886,5.111292107343136,3.656240417318946,7.333731487216756,7.778371166863575,0.05949859966949456,0.024909744222044346,-2.621999170027089,6.6965134910843105,1.3688921346570637,10.62656597309467,3.9480859453545687,0.099547115988842,0.04036586844477874,9.799378220187787,-4.099621709974299,-0.29865149145801234
398,1548266543.85432,251706,15440,0.03588151849297404,7.017303999149443,3.6419795175764826,0.047247202794478124,0.01961790614430478,6.685916146663759,2.127752563467978,-0.11725922102356155,7.646198245554852,3.8505558000777294,0.09625231716256653,0.037834929959873934,7.617327178109563,0.32945178414820736,-0.5763122364491957,11.00226712567864,5.344122535106408,0.06043607629522846,0.02382999360955277,10.709661493059581,-1.2690224654821156,-2.177754483629283,6.695531090257635,3.3983294552206216,0.05138375720027678,0.021256021515754252,5.766465751504565,2.907891652532879,-0.6796267636095599,7.246194475372646,4.013048014629975,0.08210567218082919,0.032103981351251025,7.1607227304074454,0.09032640928675971,1.1059952499593129
400,1548266543.92103,251052,32735,0.0867102244836632,9.888942614436534,7.182001469451541,0.1342109874553767,0.05390665895333576,-9.546586882872814,-2.570197038099218,-0.2189796902125804,5.471976230895927,5.205482996477958,0.1939444818843722,0.07636361090363764,-5.068365424020845,-0.9518124144742036,-1.8298221027555626,17.26249096227198,9.475115441458385,0.1826558125321042,0.06784130017151412,-16.646415063058022,-4.556722481048563,-0.35600562021326376,9.368094003650944,7.073822170679071,0.14613520926054213,0.05970612535583891,-8.762563276222544,-3.233652636246779,-0.03608459557977123,20.463457079941655,10.629589858613707,0.28897118796674837,0.09027749106627748,-20.175145925348502,-3.4215761191539875,0.09684737654253518
401,1548266543.95438,250866,930,0.028573808378468096,3.5474032706634464,4.268813917691301,0.04114720953037665,0.01688873600641173,-1.026194315975308,0.8226946488680598,-3.294566542854696,4.195288804154969,3.063382940208379,0.08195233274852066,0.03212700865524724,-1.4153205770211275,0.11091638002678997,-3.9477858821332203,3.5571336932589688,4.273017071686113,0.0416900531208845,0.017124335865572857,-0.9621248909548612,0.702489130383043,-3.3517196821358684,3.50972122803484,4.273139603648279,0.04121417976300175,0.016908138321902914,-1.0001452085414542,0.8066639351546234,-3.2909678478176287,4.041830827308544,4.235043093132656,0.056034983698876786,0.021609702348644642,-0.6229720098118117,0.7758792269406289,-3.9174371388415046
402,1548266543.98775,250903,2734,0.027819695546100746,3.8982102311546027,2.2883794554770422,0.04077992849781077,0.016029773505365406,2.6966311454232765,-1.3096391300925665,-2.4918003171887504,3.2476182123307047,2.7321599151138,0.08221410536143349,0.03154253115818459,-1.1121107199752693,0.28358838111160656,-3.038060471695168,3.6759630022590657,2.3500385586079298,0.04125404520822757,0.016290492084899758,2.356272307295697,-1.1705900188804794,-2.5671781814954517,3.866443354317643,2.277287162852387,0.040922695285725674,0.016111411704753435,2.669880959293959,-1.3397426444851925,-2.4709125182309153,6.437489050452438,1.61103327724082,0.06813104606335925,0.0274566820620054,4.817876401856512,-2.1232603465522564,-3.7042000151028525
403,1548266544.02112,250820,3015,0.05351078310123197,3.024008983821756,3.1040314789050014,0.08293714903746516,0.03301353584390807,0.46949102984140395,2.3905947006187023,-1.7914422917043475,2.790704625100561,3.210596201081931,0.14285625662020124,0.05637298609842724,-0.8650729971570517,2.1829515510806616,-1.5081125753012974,3.0833091327267486,3.1412625344010547,0.08345072484019897,0.033300215017005544,0.4309354680331335,2.4622362895281658,-1.8051266672668178,3.088762174569741,3.1487413344442925,0.08334643541601375,0.0331830748317077,0.5407108680206383,2.475403436596824,-1.8003921866110102,7.412369797483311,4.075553019831266,0.13510168734577832,0.04922766294367164,1.4032129224803382,5.675897258016543,-4.556139794306937
405,1548266544.08786,248649,5417,0.05376692317343992,1.2631034857596166,3.3403797656934953,0.09006371992458365,0.03635551674678849,0.21798924199472564,-0.2790199837721491,1.2124598775911921,2.6247781424224743,2.3617078314299804,0.150380463153609,0.06051701110223121,1.8604739923648632,0.07378016094570203,1.850041434272094,1.2977929107753108,3.573299993715207,0.09343858985864806,0.03768910670433237,-0.12951650653316274,0.2790292609506841,1.2608071166230836,1.2769864370762587,3.3865721042143413,0.09157375398271717,0.036969858465545985,0.15418732026952256,-0.2841418698771052,1.200369237490353,3.236140167638272,3.595043069466525,0.14067192802034664,0.053642506072204714,2.1479723908567814,1.8031705281479682,-1.6147426541518748
407,1548266544.15461,246906,3654,0.042059159804736894,2.7349410706388286,4.705310800493561,0.07782839008746163,0.030120041404232918,-1.2369402948378803,0.8625953324080646,2.2816245658261267,3.8956080916639366,3.3328972494007396,0.14252491836969874,0.0550895678449174,1.3294581697645906,1.267708183068943,3.4352902848614937,4.341031509234981,5.406159729420024,0.08154928279877352,0.03151708791303616,-3.193633781755253,1.8036199946793965,2.322113853150889,2.78644260804211,4.696183457336852,0.078551877226071,0.030502069109266026,-1.2208683942389598,0.7584108030911252,2.3069215676885433,1.8924737634114024,4.797555298967754,0.13620726963274146,0.0516905273519161,-1.5561482473603738,0.8670206917536705,0.6388542067707941
408,1548266544.18799,247073,2307,0.0360007969998235,3.0989254249706355,2.521465665899723,0.05275783287107989,0.021178058368863814,1.2929587244753558,-0.17529710619794014,2.810848172863687,1.7474855194212275,2.9006519632854944,0.10793353968348804,0.04275699868517516,-0.44387369824077555,1.032720361497694,1.3379725092635524,3.0200678457768872,2.8808763135424615,0.05448201032320012,0.021793586172734775,0.797962553407502,0.7042979155512333,2.8263103160490033,3.068120570520894,2.5286750257537265,0.05301472611143654,0.021260091059553454,1.2921384796203277,-0.16114040962723586,2.787467774020053,4.156168265148295,2.1876448690937633,0.08616768878289995,0.03165127847488926,3.8822111386365337,0.44038809830244474,-1.4171201946714966
409,1548266544.22135,246209,1938,0.04319991456712705,5.326804921800851,2.5173451926915758,0.062274065024059876,0.024504517019476642,0.7854659973191147,-3.9812713823070633,3.4507060179621307,3.289665575356265,2.8522894078970946,0.11162700514893163,0.043293221828029575,0.7479408257755237,-0.8265555520889403,3.0950428168497512,4.5822337275927225,2.907756040033021,0.06374259108156169,0.0250447833980525,-0.057997223547245035,-2.9730204758917753,3.4863521776030244,5.280082064811118,2.52331321527116,0.0626353610944339,0.024616669850206052,0.7435959264092327,-3.9790983435365277,3.422834494242216,4.992955749899112,2.267357820981495,0.09730636360526933,0.03798519525157197,1.0627821741965813,-3.6697835745156957,3.214465692284706
410,1548266544.25473,245335,1362,0.0539634208998359,2.8028058494033488,2.486995301666809,0.0804823154818072,0.030874825333755043,-0.5708290119540415,-1.3130976410144906,2.409491534270951,2.291302421568652,3.3904240987639356,0.1309006018747534,0.050645003062541986,-2.082878047804007,0.10493564649508969,0.9490386373363277,2.854990335550219,2.848742996947423,0.08272141869338041,0.03164347107942078,-1.4047885074628004,-0.6685577145864194,2.393860824620465,2.8011097919904095,2.4880313790860926,0.08064475115098255,0.030953320094424846,-0.5577993821113021,-1.314685917703109,2.407182517179782,7.817763274122152,4.838588273355714,0.1649146604946062,0.05562095389960963,-7.584140340076821,0.2546504544298168,1.8797316452864332
411,1548266544.28810,245432,2305,0.019038995033702117,5.092798341958829,5.393670824407948,0.02837670562925933,0.011113666897559429,-4.746903715111628,-1.6712664935237311,0.7812607624493323,5.89768817112025,4.735890640667061,0.06461921485997274,0.024569357770887583,-5.895622158328235,0.10107195384996448,0.11895204977546861,5.9814439395016015,5.712163375222042,0.029518783518337387,0.011532354926513496,-5.9187602932593935,-0.41219812183390614,0.758973583659548,5.110101081233369,5.402270346594629,0.02852459355654534,0.011159728207057497,-4.749695264054323,-1.6755754046314606,0.7523177237357852,10.83382278400729,7.146997839328189,0.04449320046179431,0.015307074276021532,-10.589424257709076,0.3834201247468833,-2.2558366548704605
412,1548266544.32147,247961,1903,0.023312615629642618,2.7184974008171436,3.0569482148755593,0.029307189502728634,0.011681878955818674,-2.5921401036619076,-0.6356190959946286,0.5167457460339375,4.211044886573373,3.5489508244358814,0.062073254081272775,0.02445466713234343,-3.0167606092566435,2.9375960993770445,0.05082932321023872,3.429407952101382,3.3920901034215354,0.030246851750831572,0.012022179252598256,-3.394083725836985,-0.05269959627622312,0.48811608916019705,2.7149296859870233,3.0537146283758174,0.029365531606500038,0.011700590337499931,-2.5853302735642627,-0.6519032184231341,0.49989504356255987,5.670962875829552,3.0696553838843275,0.043810761121110424,0.017400860996269286,-3.9976144939196008,-3.709322932446375,-1.5555776032934985
414,1548266544.38821,246019,1085,0.023995684880407563,7.6092713468128865,6.739496412525584,0.03593636017333192,0.014330942889871306,-7.007191333862024,0.6090035958183029,2.9033419812961974,7.173440293525549,5.603689541454877,0.07659411356770549,0.030014985719627244,-6.930301678636636,1.849084117627636,-0.10026072909854371,7.514802264268632,6.683768983410942,0.03628425410421067,0.014497394708373001,-6.875463855758645,0.6260606925596377,2.9678776673652116,7.605483723429442,6.734629651294642,0.03599901928444388,0.014358870365322485,-6.988784446532005,0.608340638990382,2.931754616510333,11.601659182099725,8.049656894610568,0.0783193285825509,0.02515888941149526,-10.31073094382841,4.81024162494815,2.269118483286927
415,1548266544.42158,244772,621,0.013535561451267275,6.097358789218672,2.4366510131574413,0.016967398081910882,0.006687789026818223,5.3848406493091545,-0.0616669806004979,2.8596280474064417,4.933800807857749,2.288813323360457,0.03623575800748511,0.013613509948985797,4.721945589114205,0.5258879074095363,1.3300609662354175,6.108869025739426,2.4445428865880388,0.01702232581973105,0.006720541480099557,5.391975299978566,-0.08513833859604654,2.870127976477829,6.096323594399694,2.4344708387288447,0.0169887511925536,0.006696529383918386,5.383128491138762,-0.05837707505637241,2.8583271291404615,9.048233382287275,3.73808162011121,0.0360048041196855,0.011022769212205897,8.937539955592888,0.735023193847892,-1.2044284067657063
416,1548266544.45495,244732,607,0.032667619301897016,2.03376465069872,2.315941906436365,0.03732816626265984,0.014904033828373202,-1.7647983671713277,-0.714123130773686,0.7153415490205294,1.9956235216757445,2.4229696133010563,0.0809276187165544,0.031577529812074304,-1.6320759687347526,-1.0851682703794265,0.37583386955640685,2.0811380370714465,2.3459966334429057,0.03763579178328663,0.015080354035805908,-1.8130306993494223,-0.7383523327017982,0.7063221965618453,2.032750638282815,2.3159993136222825,0.03733622682564517,0.014907352145602334,-1.764835853133683,-0.713893694054381,0.7148823197575309,2.486057810639505,2.1195167806624866,0.06424258956119586,0.0237435316649953,0.09771920267797853,-2.4703618331351564,-0.2612409015808572
417,1548266544.48830,243682,1696,0.022172969613143596,3.750050504204453,2.8927926124478547,0.02713515549405104,0.01084990795337258,-2.0741726497446247,-0.08052779562320637,3.123171765572221,3.019496213151538,2.569813300750746,0.0638929539704519,0.025152773253791273,-2.707826149665753,0.5657423570296696,1.210359661375633,3.702117372185027,2.839833424478484,0.027498849882260173,0.01101039426035688,-1.9467540536602752,-0.054000611214270716,3.1484767151719484,3.7504623484361046,2.8917044909098912,0.027239294028374793,0.010905833606328432,-2.073572134273122,-0.07554853116633847,3.1318226665836697,5.175517687754562,2.6366823694710737,0.06773002689211932,0.02222681247741314,-1.8011972196619015,4.201165611989774,2.4273193882917736
418,1548266544.52163,244866,540,0.030287696025948836,2.3470055791167668,2.602701029556962,0.03662528191685927,0.014503456562881234,0.28083836775169874,1.447165836133387,1.8262738136249301,3.4154083292343427,3.142952382106782,0.08127607478559577,0.03130806922586518,-1.5786447190087296,2.97518000803038,-0.5667440571947115,2.2064552438169516,2.488021199325596,0.03698311365689613,0.014627275656602913,0.4075487803876832,1.1131710330278837,1.8609672178196663,2.3491590432026754,2.607258879630546,0.03665892343987058,0.014523618146140699,0.2802216179277396,1.4579396606530128,1.828122507762655,1.1568548114328572,2.1913764140706458,0.07128603798471755,0.025781439557846994,-0.1548728259595099,0.695675686743441,0.911242449290368
420,1548266544.58835,247099,1193,0.045269716840411596,4.368041787790068,2.8893673456789606,0.05934491765660608,0.023230428252387948,1.5806024799283425,3.45188805734609,2.1600818734196308,3.747890236536044,2.979239717409456,0.11062297621914763,0.04315280597229373,1.1489912927159294,3.2494502514909294,1.4722680793492462,4.640261951672274,3.0386297818446297,0.06040707447921077,0.023632258834839198,1.4142647954381709,3.8441967001053063,2.180375609710649,4.366036957684564,2.8803878160495886,0.05949744035670855,0.02328471219748844,1.5765144055210856,3.4380960883990697,2.14715491687305,8.495146869381758,3.8220101620457956,0.10381132507722919,0.03656629286795309,1.1496847210634364,7.8544149341691645,3.0255431605614844
421,1548266544.62172,246543,1111,0.03594169641108122,5.764001042964075,2.3329281102905597,0.044060693596286164,0.017590202263524073,5.5409669391412715,-0.07916635473090282,1.585914906580106,4.164085266710969,1.9309276781844926,0.09269266373034818,0.03639556331466445,4.152233885773695,0.1763055527634919,0.25976184927121365,5.703668912892095,2.300081296933751,0.04507968248304605,0.0179202973674182,5.440762200417178,-0.10350114661097573,1.7085763837339907,5.77003777594947,2.3349452704560183,0.044147381845023315,0.01762148527127026,5.54648175855762,-0.08406794892927244,1.5882460703710748,4.972230774535693,2.15624461385914,0.0796893944293345,0.027619399027483747,4.23748153107464,-0.985859608767872,2.4072619260980286
422,1548266544.65508,250067,1385,0.022717573935360936,4.889956945627971,3.050852984298996,0.028810646137903118,0.011304424614241275,3.0554402798437548,3.1982823445650856,2.0849349320414787,2.8433878433627284,2.2771417332663684,0.06515207435311872,0.025187126321472304,1.7240051570661037,1.724398908654743,1.4625693316977344,4.776756092045406,3.0566518956449857,0.029767473948172717,0.01161927958075343,2.923130314458258,3.061858078091989,2.2130822481803287,4.886948948573451,3.048269031687111,0.028866761930854495,0.011328246463777617,3.04757657630313,3.21978354952457,2.0781045161118046,3.304062873640295,2.5886883818279847,0.048099059523375946,0.017893861375337567,2.2048290169402867,1.728027147351037,1.7519939089631935
423,1548266544.68845,250078,1051,0.01796496719923138,6.855831116201209,2.5915474775930747,0.02532603849356876,0.009980776564553625,3.646113258796867,3.7115002642945463,4.464643791618759,3.2416162013205763,2.322700346154455,0.05508011130992557,0.02078435441349293,1.3066214265398322,2.024849925202423,2.168132566237314,6.714520108948323,2.7189193630657895,0.02611163317818789,0.010225650111578785,3.5081172131444127,3.286378839830589,4.688028160476963,6.8658762647426235,2.5985297904566327,0.025382228059904904,0.010003909618442558,3.666757878526009,3.703876494931417,4.480737569906996,6.1584067336311366,2.707079429842062,0.04800720860439347,0.016639717240742702,3.6757134789264403,3.4796066406843646,3.5081963376893657
424,1548266544.72182,250483,1875,0.01814715443659286,2.5469194305867395,2.866949217066203,0.026107399893139996,0.010370938261798487,-0.06219036836698173,1.2568485677893613,2.2143311905919787,2.3060023706430637,2.1608755174670917,0.05476768372473159,0.02031764785669053,-0.632548659491075,0.18301344957436483,2.209985340236981,2.806630285101718,2.749049445953944,0.02700220067993646,0.01067805055034665,-0.5063077793613403,1.277067420989204,2.447432285489493,2.5442500959526066,2.873552909188569,0.026191419723673472,0.010409247563053281,-0.05507785172953641,1.2557132048194763,2.2090360115911527,4.599671479888824,2.3491228820085652,0.04222079804072707,0.01652677388950438,-2.6071789589844223,2.1944746332834613,3.0893165397231406
425,1548266544.75519,250085,3060,0.037664804777546884,6.413785975750447,3.119398025562498,0.047707882475314774,0.01901624339348059,6.138867137326922,0.8782813003315206,1.6369431176643434,6.506918472950383,3.149962238908797,0.09479256472593706,0.037610395653784455,6.22206131141825,0.880553302318453,1.6883622041348827,6.394703468269155,3.186364547503003,0.0493997875506758,0.019593213117845197,6.135488190285056,0.5011752141085348,1.7311385036239697,6.373005301080328,3.110977512564103,0.048223008573274134,0.019173780348999435,6.0960790402073,0.9069918905315514,1.6841490964000696,7.971813512642765,2.620676638391594,0.08926583588806375,0.031887006496994164,5.53632035805711,3.9103759403014355,4.196180117538788
427,1548266544.82193,252716,1847,0.014514597423260051,7.705568464801294,2.771642701356346,0.01938044260278406,0.0077414169359648075,1.4337037071812453,5.587057907112036,5.109311400603001,5.32964022742303,1.9877124430365285,0.03994900636872101,0.015535824519162585,0.31240571953534046,4.111959926511033,3.3762780073528886,7.73394690771137,2.795019230651891,0.019832117639759395,0.007883658566431605,1.6003335019449925,5.679769351017003,4.999308709521609,7.7165342249986235,2.7770624992678217,0.019408984331453126,0.007749003204402229,1.4330850505038688,5.593784218388635,5.121087879167357,7.405201183268241,3.077527018168112,0.03856777580031125,0.015188943123897921,1.4899552500922424,5.865803150399272,4.267246339053547
428,1548266544.85530,251445,2756,0.04165429856089592,7.984715975907343,3.412564480848911,0.05306754713778868,0.020813200864298335,7.952168700955494,-0.5499243082401193,0.4650649660642901,6.853026621009136,3.025616842161331,0.10277724894159164,0.03980902290603169,6.783631746108529,0.9115916226963611,-0.33958049837742393,8.17750995843706,3.5002722875984613,0.05462616935977144,0.021395618947873892,8.130538467763868,-0.7465436798127008,0.4568214954234736,8.000188145494636,3.4134784834055676,0.05338960916826828,0.020965928346201028,7.967072609631142,-0.5557597925618178,0.4722423171363572,7.140148004921617,2.9561455309960896,0.08897341753725503,0.030947609904330015,6.480185462832491,-0.42552979090095344,2.9677995714900254
429,1548266544.88867,253870,2086,0.038284795898947586,1.4862032427186,1.9923209534668602,0.04951165424485303,0.019484766591833676,-0.14797507176717364,0.9679679463021093,-1.1180078316963875,1.2491867759058906,1.9106583141707716,0.1003161993737505,0.03907766435932428,0.1926346769965086,0.49445849760079785,-1.1308714677039855,1.6167874832856406,1.958870446706523,0.05133459772011873,0.020148743819700908,0.04343882907703226,0.9715160888021125,-1.291615780112715,1.4976771862116012,1.9985859340706182,0.04970933609266628,0.019555453912689015,-0.19095155716961645,1.0165986716282442,-1.1019749239330565,5.271191537604431,3.0002527514561987,0.0868302652178897,0.031704792310786295,2.6807672409502263,-3.880547773714041,-2.353783380407738
430,1548266544.92204,252934,511,0.026165661753296657,5.7620374524467755,3.5613927906901934,0.03432357383545093,0.013566326011413572,5.398638277604282,0.40963850119268524,1.9717952858564731,2.5444307112698397,2.431404145430767,0.07266913940031423,0.02843321621775733,1.872426397607925,0.9013684501731792,1.4682240792966694,5.7512982830549095,3.5454335549564635,0.034391430381353914,0.013605289525570417,5.389137305395925,0.36401716981033183,1.9753790887684233,5.76158266007856,3.5610274046685166,0.03433997463248603,0.01357594427886212,5.398377437297974,0.4084340313942786,1.968803621688457,6.522750845857243,3.0095288732947396,0.06118789975119561,0.02218355297554241,5.434939292562865,-2.7045047824609956,2.3860778203850064
431,1548266544.95541,255831,521,0.019118539064305936,4.433135673465902,3.1152440271014026,0.023562185329313735,0.009329631092259602,3.0649463260298186,2.978936326582346,1.1767473306026104,3.572126973997489,2.666286971362662,0.05095767939537069,0.019187263117898992,1.9942624896068422,2.963276981263713,-0.04469645646124713,4.378193418266864,3.1017975064849574,0.023621396625034354,0.009364106788515344,3.0282736147054847,2.931129423721187,1.1860087789008027,4.432602594621759,3.115682504989926,0.0235829714484031,0.009339102724370073,3.0641745784559626,2.978194725757864,1.1759373863962228,7.536502320424398,3.6674478635843757,0.03729643189726171,0.013715771507137691,6.098791388524335,4.251388785516751,1.2366504030671546
432,1548266544.98876,254802,2997,0.04103782197597393,6.353036441497425,2.1667971042369043,0.05405938258684267,0.020902165833116045,6.232828706891445,0.08917561584484912,-1.2267705763845422,6.404159402585853,1.9939496479228773,0.10025528346526956,0.037291795555951204,5.901621683817772,1.7967858126427028,-1.7192090909213364,6.613846335513071,2.2793320778291393,0.05608022514664067,0.021628087512926393,6.47222801951149,-0.13508781806422707,-1.3546140020835087,6.303319284159752,2.16194475940089,0.05441344342914208,0.02103725232431134,6.188781711326395,0.1208312237097662,-1.2420228740482497,7.700162129544129,3.1941249824785642,0.08838889691020413,0.03294482927889382,5.5611323129309715,-3.7663022210165717,-3.7658029421766397
434,1548266545.05549,254205,2488,0.03175105191630196,4.978720147206728,2.577372065857569,0.04156371909507117,0.01628675981482126,-2.499739970339474,1.6892529992762726,3.9604770785002024,4.791997131224568,2.6061605100183387,0.07935902608869765,0.03143434950375727,-3.5890482461815965,0.8665474775983256,3.0546791421216866,4.904143754999022,2.4818218190899257,0.04192403439939016,0.01647814631877138,-2.3236945122760337,1.5943639770118951,4.013611004086092,4.93851071403736,2.56943638462051,0.04174879956947156,0.01636940582941108,-2.466857629579497,1.6821077897504546,3.9481818355504066,6.382793947022244,2.9588016092577085,0.07261292842812128,0.02706552318532926,-3.6275456127058243,2.855896811237625,4.407360298573885
435,1548266545.08886,254067,5089,0.023086831277085332,5.221844677230416,4.077108148479209,0.029521158612359977,0.011883606690825221,-3.0675177586048776,2.950993856483852,3.0248358455886324,4.827173274539464,3.265141286486053,0.06422667760129137,0.024802498625876638,-2.777833503783034,3.567659850276889,1.6902798704388613,4.87416687261896,4.011458285604404,0.030945426874066716,0.012491116435410789,-2.8360372715425943,2.764845172850531,2.8407792006283152,5.240555256070904,4.086979416622123,0.029809505195224247,0.01199931205239723,-3.074739183819529,2.9507766259837074,3.0339432657921344,1.9231677745157656,3.15036791445723,0.051683848928290796,0.019964540521822293,0.524939069289126,0.42049573588920963,1.8017204551674437
436,1548266545.12224,251096,777,0.11044952540426356,4.254067140580259,2.8814424480179612,0.13834348111201236,0.05452226286768708,3.265852310639013,2.6894249417222134,-0.4452969846080145,3.5137720856805563,2.5770565008430766,0.20705628185374292,0.08105783139580837,3.084136020987846,1.214974709486111,-1.1655624090808208,4.233551352071427,2.9113166242440873,0.13848339732667014,0.05462284982870203,3.1843020597109213,2.7463091890328677,-0.49088010896778334,4.251635630583023,2.8823754059546527,0.13850786483580502,0.05459416384396998,3.272430422428308,2.6926592072443603,-0.4441138950507485,4.350670003267926,2.6446183450817107,0.24325685786060344,0.07863371068252092,0.16805494915766134,1.1253819227764228,-4.199238328469462
437,1548266545.15560,250932,1380,0.08354568290865398,4.9825424810297845,3.5074727143227733,0.10351339530912536,0.041479208630031135,-4.848039474128093,0.867561503918597,0.7547051540043594,4.374679773042009,3.1623921479393466,0.16267867166378802,0.06398184463931696,-3.7672859854796594,1.8153572466192178,1.2844677837215397,5.065539701075459,3.5437974796373806,0.10374098871123559,0.04157857451755654,-4.9267467474523405,0.9086294338298514,0.749167205380398,4.996008169918241,3.511140184768454,0.10381867328695817,0.041539762250432,-4.85863543071606,0.8762337484808567,0.7210751502950932,9.266423584898904,4.315189798546183,0.19788571954003298,0.06871197316114956,-7.248780310069464,1.8848817489023437,5.456098502022737
438,1548266545.18895,251601,1832,0.01790001125020932,7.588511932643993,5.534810467016242,0.02263731226832936,0.009310191865557713,-3.540469922534656,5.250667747148443,4.181037465577509,4.775384578982204,3.9994335520849855,0.052077448460459246,0.020522910817612986,-2.421794281033888,3.5501299003252202,2.082255514664191,7.692264204391428,5.573572079527924,0.023242984346593297,0.009543491656812427,-3.594633210153603,5.38342142227877,4.155516149020784,7.583047190602333,5.533250953642103,0.022694841079839864,0.009328822690064496,-3.534212111845733,5.248757205417098,4.146972072238345,3.0332858359906525,4.463966378148138,0.04008161074487462,0.015424937798962665,1.3578065313981729,2.699026817781972,0.26914424201103626
439,1548266545.22232,252352,5381,0.02310350571351729,5.056836343063795,3.0139660501561547,0.02780717707080593,0.011489472621569598,-1.220389367385335,0.5697078058794766,4.874184712177374,3.8435292788519133,1.99552462478129,0.06450072634090226,0.025220640893915076,-0.5535913037733963,2.11632124954254,3.1602908654921436,5.979130193612316,2.7653257692155475,0.03048910293510649,0.012451117589218736,-0.7814703374579618,1.8939318642334695,5.617145545335364,5.050885782164457,2.972095983100029,0.028578333042623007,0.011761082836882208,-0.8083018445670478,0.3357073859128993,4.850093897977282,4.166635679548204,2.34832529504159,0.04677959429383441,0.01815907841601905,1.5715153672599496,-0.5682707753092879,3.8168390930820397
442,1548266545.32243,250020,3931,0.03442127795068508,7.612234952640477,3.2178965677349143,0.0395675520589796,0.01608588002641354,-5.564419706164353,5.186036629571185,0.29728502249042454,5.530517061306507,2.0727666214711236,0.0779910525473067,0.031320252887021297,-3.2229652210491855,4.494165397783343,-0.03989394285634212,7.497345693743585,3.1273383018602487,0.039821084321920906,0.016162970191565887,-5.27664787103925,5.312337259740572,0.38242977829198066,7.620909035431463,3.187028671460842,0.03974100699488871,0.01615606103782314,-5.501771997907024,5.248086279608858,0.33440926730849585,3.7882495259096336,1.1342299913870193,0.05686843349471819,0.022182752422976664,-0.2794574645039469,3.775359032160923,-0.13929168808125783
443,1548266545.35581,252922,3891,0.020105808124587284,11.076795871456525,5.2038925046962135,0.024138331836904163,0.00957071716776333,-9.439549363270489,3.3848883566981622,4.704555814206614,7.836097879949551,3.814405534832342,0.0540228687685393,0.02055721891849136,-6.735957266499819,1.8647057961258435,3.543188109871226,10.928837902014335,5.171828232167604,0.024344154444460312,0.0096357401258407,-9.183504055281315,3.531930769775311,4.756912464261995,11.123221619804482,5.211413938055209,0.02438548407209943,0.009666427866012486,-9.523207107288279,3.2590969890076775,4.758304378151036,10.320487321052484,4.899207265467327,0.034086716915499346,0.013250533018729962,-8.702766345833748,3.810937745809353,4.0312615855826275
444,1548266545.38918,252660,3993,0.03287212801382844,5.939273401361089,1.8393454548734267,0.037607257521430695,0.01528368097604978,-3.9797496643175014,2.720082917971358,3.4695403247174523,4.117298301992289,2.0565225119630086,0.07781546346209144,0.03101969632605494,-2.9166603113663685,0.698276085439801,2.8209304217211195,5.935773088518068,1.8043007226331658,0.037948151820339844,0.015411801547755559,-3.848246949777032,2.7572955079760475,3.580742807519439,5.909104983789321,1.8558068690676066,0.038219478340296785,0.015517791418275022,-3.9603301703475173,2.6804105060027132,3.4487578884851304,5.595353962264146,2.3591678844519937,0.06436570145666724,0.023015696952550756,-5.043861209470159,2.396488739862697,0.3525503968776662
445,1548266545.42255,253207,3083,0.04541728015692952,7.715927613921398,4.555336183721294,0.056838132693522336,0.021951549399949255,-1.0134949438603171,3.7213746593900665,6.682794145153194,7.153742315986559,3.7065133309206093,0.09170627058783654,0.035223394484404834,2.9014950519503686,3.0124147903349208,5.803680962804182,7.786917633301561,4.581401811948183,0.05729510041774566,0.022107489209937856,-0.8180910462469931,3.8885498610694875,6.696715108607336,7.721541381907652,4.570985964509948,0.0572589726795448,0.022053704970608986,-1.1137955886003659,3.7235838622152118,6.590568569875119,8.115166556421753,4.146014751819058,0.08802744233347184,0.03342726272205089,7.295474436987966,-1.3891400320907594,3.2714325530207877
446,1548266545.45592,251642,816,0.03974740292153679,4.312416250336006,1.789895888814516,0.04556974704206947,0.018052444800778653,-0.05326224868277077,2.96990110088246,3.1263052474133852,3.5735958991519854,1.794476327814741,0.08636453337594104,0.03402022768097564,1.1711112352836544,1.6661455041772006,2.9365022192973704,4.346846952057273,1.7738343731699668,0.04567614182612905,0.01812182935155081,0.014897445619468569,2.992777276608268,3.1524816674075704,4.320083851174507,1.7878883301064503,0.04565935764386314,0.01808330749899106,-0.05821032412362004,2.9850767085966674,3.127633896380206,5.945189903422149,2.922253609646339,0.08975750307577117,0.03182892943929228,5.847377337501213,0.9436748883734004,0.5127757459975388
451,1548266545.62276,253970,1032,0.022594586185222854,4.573650920565724,4.569060424968771,0.028636221360540413,0.01119087704147019,1.4416102671566495,-0.28960600906499034,4.330839519115628,3.9861721960898255,3.5039858020723282,0.06495527659704035,0.02518454623586706,2.504818971989625,-0.7291878514866635,3.0139236506064133,4.531861419613989,4.570251939544743,0.02874292969790526,0.01125730687096748,1.3903746063300357,-0.20649355825896362,4.3083624256851785,4.570814078982006,4.565845949960124,0.028669926099115662,0.011200985475842546,1.4422248877690642,-0.28493618412507826,4.32577111823468,6.907453271101369,3.868604430633231,0.04941674519427937,0.018472690866233637,6.336026550516677,0.48426822829810307,2.707981264089129
452,1548266545.65613,255030,3444,0.03940041227567773,6.805624230890275,2.936538605715983,0.044178177954749195,0.017378126712933706,-6.2699067852963974,2.144310124498333,1.5513620356799276,5.153599676961862,2.4054611236001304,0.0877819245111237,0.03467935603634634,-4.9216855296404525,1.2365832397467107,0.8985894885245004,6.923003811622242,2.975868102363856,0.044746147528050964,0.01773807861816063,-6.364087460344579,2.240107481263418,1.5518669547382757,6.845635748092482,2.9685950118697475,0.04432232796045093,0.017453746182663807,-6.346701209688222,2.140329658928203,1.5525855711461911,6.928432963579689,2.054664993751326,0.09690171111530012,0.03380853152928593,-1.9209374498978993,5.558325959795908,3.663085471164478
453,1548266545.68950,254554,1524,0.01916985967524673,7.124309006136531,4.65891189627263,0.02573374919115135,0.010013919250513143,2.7563490198988956,-3.1964061379138577,5.739451776688004,5.727331021509033,3.2323930779906394,0.05685693481421945,0.021536871777931916,3.221196256993632,-1.662659740027908,4.4341603368349505,7.1368615014910155,4.633843346456194,0.02590287257653304,0.010099346440776216,2.882930964597088,-3.1035820888788352,5.743803562311509,7.1293505574934155,4.660023181807823,0.02577343745199026,0.010029247762768485,2.7552202624380904,-3.189992833006163,5.734777987588412,9.232357106019924,4.616215982466502,0.044931929483347496,0.015986208391291144,8.267693242033195,-2.577023201753538,3.20009649953547
455,1548266545.75623,257364,589,0.025180701925415327,4.40876822566133,3.0605046357098264,0.0321533358443982,0.0127940831180447,-3.161640959633153,-1.0468755960399914,2.8888259200559,4.094501545635834,2.723340326125957,0.07134287114794634,0.027760375290256663,-3.335113285796305,-0.90837828050737,2.194723485458174,4.184105508306221,2.889442426939023,0.032691315521071206,0.013015589957772803,-2.876938699346443,-0.7219388287070426,2.951062004168391,4.407568487267539,3.0587672227623464,0.03217607563354595,0.01280670615540859,-3.1599738339324532,-1.046042835968554,2.8904006336223036,2.779278992238713,1.5493132889102734,0.05178242561515624,0.019046383261823716,1.4452613896194537,1.8568379740762202,1.4791091813666764
456,1548266545.78960,255521,2592,0.020430665439815043,6.8151443762042785,3.896757257446015,0.02810688623757385,0.011145557032196317,-2.3281370436563957,0.07171258560568167,6.404750430698249,5.711406388380307,3.7353282784927044,0.0626452855827784,0.024251429347952814,-4.1358288181162495,-0.14774723601661763,3.9361470595901236,7.086498954501233,4.061166625421994,0.028687047836459954,0.011337043739328465,-1.865431815345942,1.3769700299650758,6.6964606405936715,6.815278176476223,3.889086977305696,0.028175257011260717,0.011171467423878615,-2.3044506561240983,0.06957597801648976,6.416602132024863,4.873515911659124,4.066468313002759,0.05610811843752324,0.020088530681211206,-2.391957929733211,2.26162579114121,3.5937088619455473
457,1548266545.82297,256557,4323,0.03355804120994736,2.1700992157435968,1.2313407294061125,0.042740649773618876,0.016987917132991644,0.6985203641414177,1.0344285635044188,1.775206313096283,2.9138060364872644,1.4834922897488814,0.08960711052843508,0.03431361293510807,2.135580947080026,0.7112656400558994,1.8503137101622178,2.958406706137074,1.0258670663545149,0.044825103528453064,0.017720885013989402,1.4302540765836558,1.7806492947995993,1.8803807072671044,2.1869385970704287,1.215674202720483,0.04297076326113671,0.01709915157902868,0.7034499367331041,1.0514014662777598,1.7511012218749895,4.476753096200488,1.0642496708095095,0.07035131690165872,0.026266160068767735,2.7643337638663965,2.580068953945867,2.3964601643201937
458,1548266545.85633,257843,3577,0.021152092469102438,3.2118353501841623,2.79118360181405,0.02948114465925527,0.011560182443964466,-1.752138375963692,0.3456074763184204,2.669541702330336,4.481388455563562,2.971424148918464,0.06256601170567068,0.023590603021918663,-3.503829278680459,1.3736640524173647,2.432913879819062,3.136145472451568,2.9319783556772006,0.030785433368716007,0.012004734063629586,-1.2981468669532197,0.9207276900146367,2.702310799489637,3.2293403738968776,2.7911505771503897,0.02970896505541909,0.01163591175554353,-1.7816910144184666,0.3502205922815397,2.702556496784121,3.1152496914166514,3.355274854332953,0.054822010766446584,0.01996677474659397,-0.38411162334665083,2.3837724718802535,1.9684683647413415
459,1548266545.88970,254154,2198,0.044772363584204444,2.4305459780332233,1.205446612404567,0.05747723614659912,0.022979286861597913,-1.1781985126547245,1.0200692536073863,1.8651704302707948,2.1198224355846644,1.5372692530502667,0.10713853272876543,0.04266947465149932,0.46037071192239865,0.13650579869047288,2.064720836562667,2.4211247536476894,1.2579752583722328,0.057886843594374335,0.023256557386332102,-1.2753495041490794,0.9327479299257112,1.834478131298267,2.4385248507132253,1.198863570763971,0.05782056938825185,0.023096242252196142,-1.152761602183055,1.0228581942041242,1.894145877205982,10.55110093071643,1.560081495300771,0.17103795106439107,0.053816596733688486,-1.924454755429161,9.523142872488336,4.1148456319339415
460,1548266545.92307,254337,2158,0.031482793230588065,2.5813372354103388,1.844887973869819,0.03734816614839293,0.015503759945585113,-1.8787178886717302,0.47771601390242774,1.7045551993883632,2.2710196367724587,2.0701415619693155,0.07663286405039674,0.031121184144528594,-0.3344574337886902,-0.8601288027083686,2.0750534591525733,2.6191254388910616,1.7672739179618555,0.04045409390081664,0.016631864639097268,-1.7607391130000414,0.6723616063564466,1.818665915141069,2.5840219158643234,1.844600970057838,0.03747815371330288,0.015568617824728168,-1.8693786224469355,0.48126861229930823,1.7133809530888109,5.135363515982307,1.1332637007040833,0.08022863252575156,0.028112606443606327,1.8564182529843467,4.52207131057868,-1.5737028859698796
463,1548266546.02318,254341,37069,0.01874987268776732,2.7359538436436335,2.0739440780881293,0.023217319824267574,0.009414259071230632,0.9310104057926576,-2.4042470505493894,-0.9155649506063046,1.6459955384467815,1.4164491108713266,0.0447045697781007,0.017062813749983315,-0.46762583984446826,-1.5401290367221832,-0.3444269686619588,4.504594908074849,1.43841679649526,0.032702543388022455,0.011866914736242984,-3.633954498927577,0.7225328585191727,2.5619711657116655,2.9139715767362646,2.117547008533322,0.024990873484033803,0.010373436664608094,1.0258080004506773,-2.5247447717076192,-0.8887586386170435,6.7235882851527915,1.9185207527831505,0.05522882724677903,0.017790045215507394,-4.14157119381208,2.165708235192164,4.833604795062446
464,1548266546.05655,254149,2897,0.025718171473275753,2.1350578295640767,1.8666749506711608,0.030316582447999365,0.012140103828262423,1.8702412692081367,-0.8180185346519641,-0.6257117607169111,1.735724023872858,1.3943409240756557,0.061089372320430955,0.02376663311256792,1.1583408316695196,-0.15660552787911683,-1.2831442293733994,2.1309220759099623,1.9035200364258544,0.030709457343252245,0.012331534662620698,1.8347663351951697,-0.8643125940191044,-0.6537775834753552,2.1561689217639115,1.8668847827885433,0.030470604151869578,0.012216452338318631,1.9104242845315667,-0.8114303798132344,-0.6032609926138257,7.077001136818288,1.3267446259943743,0.05051355398912769,0.019354680046892843,5.535327045062647,-3.0500448759737213,-3.1845448417743825
465,1548266546.08992,256779,2206,0.03873383430363908,4.072380605705125,1.4419008777773472,0.05080622658733448,0.020395184719997305,-0.44513379943385345,-1.7726232427371056,3.639223342642357,3.3774940277640217,1.9931194816603732,0.0980192777290074,0.03840585245661611,-2.1193423628298533,-0.9664199704892201,2.445789503889495,3.9588425725154157,1.4682916508643438,0.05126907892099932,0.020671386826793616,-0.29088453561576805,-1.5491019724653639,3.631542892463752,4.045296327887176,1.4509169183497135,0.05105114272799201,0.02051876904088546,-0.4412249051156065,-1.7462602985229725,3.6251400564531497,10.173058976168116,3.753625453249414,0.10695402418045395,0.03960270662249886,-4.9606301907123855,4.7349553837784555,7.514218160075929
466,1548266546.12329,256885,5795,0.025023442470629927,4.403922162400298,3.763222554143189,0.03550108089941517,0.01431303607827776,-2.708327258990376,-1.376452994687981,3.1882394866296795,3.3931795411469277,3.4037857208356606,0.07194053502581924,0.028014413329790374,-2.961618827618705,1.4931501291133042,0.716229020831608,4.416101769734277,3.767575997578378,0.03644275840796551,0.014886655697478402,-2.6874809683077383,-1.3221256534859547,3.2452094912390863,4.500589786735146,3.807532408352406,0.036041918086933876,0.014573185968101013,-2.8432726895240092,-1.3339223429721412,3.2417993160396747,2.394894327669625,3.892937203186215,0.08603676063420922,0.028077761572099746,-1.7079498063172367,1.3195201917664618,1.0379271474075906
468,1548266546.18998,256461,1076,0.04264029158758763,4.132483346815418,1.8862840491055364,0.06875942179075156,0.027771383815588524,0.22685529080773026,-2.922659789900161,2.912733259541636,1.8708048699774005,2.2638617663699234,0.12562139060633648,0.04960298110179925,-0.37958724403451316,-1.6713053174302672,0.7500419465781594,4.118916792011825,1.9119969298858634,0.06901863684059519,0.027916176939327665,0.15376450987009607,-2.92949895113741,2.891343616782032,4.14270446603247,1.894396317599408,0.06891553433998227,0.02784519416785916,0.18284468214882663,-2.930333033607052,2.904775314696539,3.1548360900516306,2.099883787129873,0.14769927770065558,0.054022326273190646,1.2117375982029557,-1.0339188927254677,2.723177275070232
