seq,frame,depth_stem,mover_px,covered_px,mover_w15_px,covered_w15_px,mover_seq_px,covered_seq_px,fn_px,valid_px
balloon,0,1548266469.88217,6195,474,45325,23253,262260,46079,5721,262280
balloon,1,1548266469.91552,5741,1241,46235,23508,263179,46234,4500,263196
balloon,2,1548266469.94889,28711,20062,46533,23178,261891,44685,8649,261906
balloon,3,1548266469.98226,4973,115,48924,22960,262956,44407,4858,262971
balloon,4,1548266470.01563,5418,795,50584,23406,263903,44744,4623,263917
balloon,5,1548266470.04900,8066,264,51968,23033,262620,43619,7802,262633
balloon,6,1548266470.08237,23843,19040,53038,22598,262000,43338,4803,262014
balloon,7,1548266470.11574,565,0,53406,22428,262124,43070,565,262138
balloon,8,1548266470.14910,0,0,53236,21961,260798,42658,0,260811
balloon,9,1548266470.18247,294,0,56292,21788,262443,42302,294,262457
balloon,10,1548266470.21584,0,0,58488,22333,262374,42983,0,262388
balloon,11,1548266470.24921,91,0,59182,22359,261213,42884,91,261226
balloon,12,1548266470.28258,0,0,58946,21979,260196,42414,0,260208
balloon,13,1548266470.31595,0,0,61977,21705,260104,42442,0,260118
balloon,14,1548266470.34932,0,0,63215,22799,261677,43621,0,261691
balloon,15,1548266470.38269,0,0,63610,22621,260576,43390,0,260590
balloon,16,1548266470.41606,1299,13,67092,25243,261622,43279,1286,261635
balloon,17,1548266470.44942,783,0,77210,25007,259882,42262,783,259895
balloon,18,1548266470.48279,5704,613,76180,24709,259068,42040,5091,259082
balloon,19,1548266470.51616,7454,2758,78212,25137,261877,42065,4696,261889
balloon,20,1548266470.54953,6133,456,79586,25158,262012,41845,5677,262024
balloon,21,1548266470.58290,7486,2894,82670,25141,259197,41092,4592,259210
balloon,22,1548266470.61627,5441,6,85322,23321,261557,40090,5435,261571
balloon,23,1548266470.64963,4009,145,88953,23435,261129,40621,3864,261142
balloon,24,1548266470.68300,5022,119,90885,23366,257489,40243,4903,257502
balloon,25,1548266470.71637,3567,0,94300,23710,258381,40166,3567,258394
balloon,26,1548266470.74974,4487,0,94501,23143,258746,39318,4487,258759
balloon,27,1548266470.78311,4222,0,96292,24743,260302,40742,4222,260316
balloon,28,1548266470.81648,6218,0,96245,25243,258606,40961,6218,258619
balloon,29,1548266470.84985,4208,0,96288,25071,260352,40877,4208,260365
balloon,30,1548266470.88322,4236,0,96741,25436,261244,40629,4236,261258
balloon,31,1548266470.91659,27390,21375,96284,26176,260264,41054,6015,260277
balloon,32,1548266470.94997,39603,21632,94514,26827,259708,41355,17971,259721
balloon,33,1548266470.98334,27554,21566,95237,26496,261967,40627,5988,261980
balloon,34,1548266471.01671,25767,20684,94308,25718,261357,39717,5083,261371
balloon,35,1548266471.05008,24897,21504,95756,27176,261826,40200,3393,261840
balloon,36,1548266471.08345,38693,21455,98209,27574,262354,40432,17238,262368
balloon,37,1548266471.11681,39811,21886,96866,28043,261788,40993,17925,261801
balloon,38,1548266471.15018,40836,22549,95577,29077,260453,41553,18287,260467
balloon,39,1548266471.18355,29251,23078,94680,31019,260965,43880,6173,260979
balloon,40,1548266471.21691,29232,23544,95982,31298,261285,44438,5688,261299
balloon,41,1548266471.25028,2791,82,97028,30605,260956,43084,2709,260970
balloon,42,1548266471.28365,2956,0,96858,31154,260674,43530,2956,260688
balloon,43,1548266471.31702,724,0,98162,31316,262495,44252,724,262509
balloon,44,1548266471.35039,280,0,171977,40120,260576,43531,280,260590
balloon,45,1548266471.38376,125,0,178377,40215,261070,43343,125,261084
balloon,46,1548266471.41713,0,0,180271,40417,263071,43888,0,263085
balloon,47,1548266471.45049,178,0,184868,39929,261244,43507,178,261257
balloon,48,1548266471.48386,486,0,181240,40772,262490,43921,486,262504
balloon,49,1548266471.51724,2468,0,178307,40031,260780,43378,2468,260794
balloon,50,1548266471.55062,12443,26,177958,39754,261405,43810,12417,261419
balloon,51,1548266471.58399,28771,23514,176731,38886,260855,43330,5257,260869
balloon,52,1548266471.61736,25290,23500,174656,39358,259735,43961,1790,259749
balloon,53,1548266471.65073,25263,23570,174012,39555,260942,44501,1693,260956
balloon,54,1548266471.68410,5323,133,169206,38860,259531,43716,5190,259545
balloon,55,1548266471.71747,28363,23532,172780,41628,266153,44415,4831,266167
balloon,56,1548266471.75084,4350,429,166240,44156,263790,47290,3921,263804
balloon,57,1548266471.78421,2102,60,162918,42964,260631,46081,2042,260645
balloon,58,1548266471.81757,11015,542,165045,45652,263962,47500,10473,263976
balloon,59,1548266471.85094,111503,43199,166775,47370,264770,47434,68304,264784
balloon,60,1548266471.88431,104473,44640,168566,49477,262046,49503,59833,262060
balloon,61,1548266471.91768,2486,0,170275,50526,261512,50685,2486,261526
balloon,62,1548266471.95106,104151,46816,172178,48886,262869,50621,57335,262883
balloon,63,1548266471.98443,131,0,171937,48063,259838,50608,131,259852
balloon,64,1548266472.01780,137,0,173340,46970,260849,50396,137,260863
balloon,65,1548266472.05117,1591,261,174829,45329,263130,51914,1330,263144
balloon,66,1548266472.08453,2515,0,173533,43379,262060,51542,2515,262074
balloon,67,1548266472.11790,2095,183,170752,42191,261402,50489,1912,261416
balloon,68,1548266472.15127,2823,177,172606,41659,264282,52406,2646,264296
balloon,69,1548266472.18464,2516,0,170874,40856,264339,54106,2516,264353
balloon,70,1548266472.21800,5608,29,167930,38737,262965,51682,5579,262979
balloon,71,1548266472.25137,3439,214,166122,38416,263337,52187,3225,263351
balloon,72,1548266472.28473,3217,122,166465,34695,264807,52611,3095,264821
balloon,73,1548266472.31810,2754,75,165178,33844,262528,51877,2679,262542
balloon,74,1548266472.35147,4698,76,166466,32676,263790,51801,4622,263804
balloon,75,1548266472.38484,9612,101,164628,30673,265719,52518,9511,265733
balloon,76,1548266472.41820,5960,176,159581,28996,263154,51586,5784,263168
balloon,77,1548266472.45157,1325,0,173358,42061,262950,51621,1325,262964
balloon,78,1548266472.48495,10840,172,116188,36099,265060,51949,10668,265074
balloon,79,1548266472.51831,5009,46,118384,36585,263398,49914,4963,263412
balloon,80,1548266472.55169,2184,0,122255,37201,263232,48448,2184,263246
balloon,81,1548266472.58506,5625,0,124629,37490,263744,48114,5625,263758
balloon,82,1548266472.61843,2505,329,125241,37716,264575,47553,2176,264589
balloon,83,1548266472.65180,9123,228,126576,37523,264711,46092,8895,264725
balloon,84,1548266472.68517,15225,3899,128706,36898,265061,45231,11326,265075
balloon,85,1548266472.71854,11034,192,130672,36225,265143,44177,10842,265157
balloon,86,1548266472.75190,16847,68,132285,36784,265665,43669,16779,265679
balloon,87,1548266472.78525,12111,3153,132773,35853,263450,42432,8958,263464
balloon,88,1548266472.81862,11847,2999,134655,35687,263820,41854,8848,263834
balloon,89,1548266472.85199,9418,74,136857,35722,265467,40447,9344,265480
balloon,90,1548266472.88536,11524,31,137687,36363,264470,40171,11493,264484
balloon,91,1548266472.95207,6165,0,138890,35190,264963,38760,6165,264977
balloon,92,1548266472.98544,56767,33460,138689,35788,265425,39020,23307,265439
balloon,93,1548266473.01881,9789,0,138283,34955,263661,37152,9789,263675
balloon,94,1548266473.05218,41075,31488,137473,35160,264407,37292,9587,264421
balloon,95,1548266473.08555,42939,31275,137375,34830,266131,36592,11664,266145
balloon,96,1548266473.11892,42001,30960,136230,35196,264394,36903,11041,264408
balloon,97,1548266473.15232,37283,29647,135576,33844,263691,35749,7636,263705
balloon,98,1548266473.18569,41679,30126,141490,35152,265705,35855,11553,265719
balloon,99,1548266473.21906,34924,29051,139127,34220,262926,35055,5873,262940
balloon,100,1548266473.25243,5796,90,137410,35472,264459,36508,5706,264473
balloon,101,1548266473.28580,5801,194,134996,36168,265240,37144,5607,265253
balloon,102,1548266473.31917,5619,459,130544,35476,263618,36434,5160,263632
balloon,103,1548266473.35253,4830,0,127289,34943,262346,35813,4830,262360
balloon,104,1548266473.38590,8145,0,126123,34942,263244,35937,8145,263256
balloon,105,1548266473.41924,8792,481,130527,35255,262619,35598,8311,262633
balloon,106,1548266473.45259,12456,748,128277,35609,264452,36032,11708,264465
balloon,107,1548266473.48601,9163,1111,128586,36236,266059,36720,8052,266072
balloon,108,1548266473.51934,10146,1875,124256,35742,264481,36237,8271,264491
balloon,109,1548266473.55271,11349,2096,124186,35715,264916,36286,9253,264930
balloon,110,1548266473.58608,9241,1802,124887,36334,265162,37331,7439,265176
balloon,111,1548266473.61943,6876,1889,122790,35549,264340,36631,4987,264353
balloon,112,1548266473.65280,3509,2660,123395,36011,265251,37724,849,265265
balloon,113,1548266473.68617,27309,21561,124428,35974,265537,38079,5748,265551
balloon,114,1548266473.71952,30425,24398,118547,36867,264500,39204,6027,264514
balloon,115,1548266473.75291,6937,2753,114814,34590,265618,39868,4184,265632
balloon,116,1548266473.78628,8022,2602,123900,35643,264429,39217,5420,264442
balloon,117,1548266473.81965,8173,2880,124107,36838,265372,40765,5293,265386
balloon,118,1548266473.85302,2830,2458,125667,37183,264488,40640,372,264502
balloon,119,1548266473.88639,5986,31,127353,37778,265619,40806,5955,265633
balloon,120,1548266473.91976,29507,7415,128251,37653,266980,40276,22092,266994
balloon,121,1548266473.95313,9315,2630,127053,38443,265034,40812,6685,265055
balloon,122,1548266473.98650,6977,603,127983,40424,265939,42850,6374,265955
balloon,123,1548266474.01987,11885,2952,129502,39751,265875,42259,8933,265893
balloon,124,1548266474.05322,25905,3272,129095,40831,265996,43095,22633,266014
balloon,125,1548266474.08658,31313,4183,126998,41512,265455,43889,27130,265474
balloon,126,1548266474.11995,15655,4119,129124,42959,265516,45703,11536,265532
balloon,127,1548266474.15332,30870,4942,128335,43093,265615,46024,25928,265635
balloon,128,1548266474.18669,18066,5010,129025,42156,265239,45170,13056,265260
balloon,129,1548266474.22006,11023,3951,129299,43807,264781,47036,7072,264801
balloon,130,1548266474.25343,17096,3563,128946,41892,263921,46666,13533,263939
balloon,131,1548266474.28679,64614,33857,130852,41833,263987,47293,30757,264008
balloon,132,1548266474.32017,34027,4564,134110,43459,264350,49556,29463,264371
balloon,133,1548266474.35354,67431,35101,135143,42873,263642,49870,32330,263663
balloon,134,1548266474.38691,49685,35025,139602,43024,262155,49978,14660,262176
balloon,135,1548266474.42028,67512,35779,142272,44063,263389,52057,31733,263410
balloon,136,1548266474.45365,51098,36411,135842,41806,262068,53011,14687,262089
balloon,137,1548266474.48702,50718,37419,133416,43512,261737,55563,13299,261758
balloon,138,1548266474.52038,53254,37679,132859,43891,261482,56408,15575,261503
balloon,139,1548266474.55375,53199,37199,135805,42718,262083,55545,16000,262103
balloon,140,1548266474.58711,43944,38194,134889,44335,261117,57370,5750,261138
balloon,141,1548266474.62048,67908,38481,133746,45197,261756,58240,29427,261777
balloon,142,1548266474.65385,40279,37706,132916,46553,260667,59601,2573,260688
balloon,143,1548266474.68722,42960,38559,130055,47425,259853,60797,4401,259874
balloon,144,1548266474.72060,42215,39945,130937,46777,262229,60746,2270,262250
balloon,145,1548266474.75397,41762,39424,128767,46122,260106,59569,2338,260127
balloon,146,1548266474.78734,43249,38765,128541,46548,259773,59728,4484,259794
balloon,147,1548266474.82071,48511,38605,126703,45527,260386,59761,9906,260407
balloon,148,1548266474.85408,44464,40786,133566,47257,261250,61629,3678,261271
balloon,149,1548266474.88745,48635,39209,129762,46216,259701,60614,9426,259722
balloon,150,1548266474.92082,43277,40058,130386,47193,260929,61515,3219,260950
balloon,151,1548266474.95418,45430,42316,129156,49927,261857,64691,3114,261878
balloon,152,1548266474.98755,47191,42258,126740,49488,259746,65372,4933,259767
balloon,153,1548266475.02092,143,0,126186,48464,259288,63834,143,259309
balloon,154,1548266475.05429,6765,0,127489,48198,260848,64868,6765,260869
balloon,155,1548266475.08766,5619,395,123007,45938,260033,62554,5224,260054
balloon,156,1548266475.12103,1021,0,123222,45749,260979,62857,1021,261000
balloon,157,1548266475.15439,1738,0,122251,49446,259790,63829,1738,259811
balloon,158,1548266475.18776,2072,0,125039,48863,261653,62526,2072,261674
balloon,159,1548266475.22112,11562,695,122981,47481,258902,61016,10867,258923
balloon,160,1548266475.25449,3053,0,124580,48872,261191,62833,3053,261212
balloon,161,1548266475.28786,1484,38,124405,48462,260695,62229,1446,260716
balloon,162,1548266475.32123,1700,62,126716,48651,261773,61739,1638,261794
balloon,163,1548266475.35460,46375,251,125920,48184,261200,61153,46124,261221
balloon,164,1548266475.38797,1237,69,132993,46954,261800,59879,1168,261821
balloon,165,1548266475.42134,7440,172,131238,47210,260633,60123,7268,260652
balloon,166,1548266475.45471,13572,839,130144,47571,260550,60754,12733,260570
balloon,167,1548266475.48807,14826,178,129339,45301,260998,58258,14648,261018
balloon,168,1548266475.52144,14975,849,119614,37918,259791,58090,14126,259807
balloon,169,1548266475.55483,17300,568,118955,37669,258414,56791,16732,258433
balloon,170,1548266475.58819,1717,0,119386,39456,258508,57239,1717,258521
balloon,171,1548266475.62156,3057,37,119048,39467,257379,56626,3020,257393
balloon,172,1548266475.65492,39807,36919,121707,39515,260405,55747,2888,260424
balloon,173,1548266475.68829,33416,29530,121480,39715,259814,57251,3886,259835
balloon,174,1548266475.72166,35683,34778,121501,39234,260185,58367,905,260203
balloon,175,1548266475.75504,30149,29169,120313,38893,258214,57395,980,258227
balloon,176,1548266475.78837,30286,28996,120500,38764,258734,56862,1290,258748
balloon,177,1548266475.82174,32801,32315,124632,37485,262137,55604,486,262151
balloon,178,1548266475.85511,30563,27450,123129,35374,260253,54636,3113,260265
balloon,179,1548266475.88848,35828,2158,107505,34090,259647,52766,33670,259661
balloon,180,1548266475.92185,1817,101,107794,32858,260222,52349,1716,260236
balloon,181,1548266475.95522,2630,0,110043,32818,260281,54085,2630,260294
balloon,182,1548266475.98859,1969,65,112181,32699,260219,53230,1904,260232
balloon,183,1548266476.02196,30403,707,114027,31507,261357,52090,29696,261370
balloon,184,1548266476.05533,9536,987,116301,31689,260708,53207,8549,260722
balloon,185,1548266476.08869,4071,1441,116978,34163,261573,55367,2630,261587
balloon,186,1548266476.12206,27065,2009,118094,33789,261793,54293,25056,261806
balloon,187,1548266476.15543,32666,1808,117595,33921,261274,53956,30858,261287
balloon,188,1548266476.18881,33588,2575,116904,33799,260405,54200,31013,260417
balloon,189,1548266476.22217,21906,1747,117310,33380,260605,54724,20159,260619
balloon,190,1548266476.25554,34123,2026,116936,31420,261349,55652,32097,261362
balloon,191,1548266476.28891,30208,318,119298,31016,261624,56679,29890,261638
balloon,192,1548266476.32228,30333,0,122047,30354,260745,57328,30333,260759
balloon,193,1548266476.35564,26576,0,120805,25182,260926,57499,26576,260940
balloon,194,1548266476.38901,24065,131,101600,8396,261570,56999,23934,261575
balloon,195,1548266476.42238,28685,1134,95896,6262,261913,56972,27551,261951
balloon,196,1548266476.45575,23153,17,96870,6148,261776,56990,23136,261783
balloon,197,1548266476.48912,25411,847,98532,6184,262916,56267,24564,262929
balloon,198,1548266476.52250,24507,600,137081,31143,265302,56396,23907,265315
balloon,199,1548266476.55587,25769,0,138618,31492,263884,55704,25769,263898
balloon,200,1548266476.58925,24963,0,141152,30391,263701,53945,24963,263715
balloon,201,1548266476.62262,25927,91,142235,31549,264912,54775,25836,264926
balloon,202,1548266476.65599,24292,0,144277,31792,265559,51062,24292,265573
balloon,203,1548266476.68936,16718,0,146610,31679,264669,49959,16718,264683
balloon,204,1548266476.72273,14758,33,146541,31608,262503,49490,14725,262517
balloon,205,1548266476.75610,21025,0,147787,31207,262691,47991,21025,262705
balloon,206,1548266476.78947,21045,165,149127,32399,264584,48744,20880,264598
balloon,207,1548266476.82284,20735,0,150163,34103,263429,48849,20735,263443
balloon,208,1548266476.85621,7199,6,152083,34989,264611,48427,7193,264625
balloon,209,1548266476.88957,18767,14,153961,35995,264022,47556,18753,264037
balloon,210,1548266476.92291,17462,25,157474,37188,264497,47481,17437,264512
balloon,211,1548266476.95627,5018,137,153512,40629,267457,50008,4881,267477
balloon,212,1548266476.98963,3148,125,153233,40817,267650,45857,3023,267669
balloon,213,1548266477.02300,54979,39080,157465,42717,267828,45271,15899,267847
balloon,214,1548266477.05637,55160,40619,156913,45527,267877,46796,14541,267897
balloon,215,1548266477.08974,52804,40642,155218,46662,266637,47687,12162,266657
balloon,216,1548266477.12311,50255,38492,153161,43297,265097,44261,11763,265117
balloon,217,1548266477.15647,49126,39164,154771,44359,267904,45471,9962,267924
balloon,218,1548266477.18984,49962,39436,153279,43457,269110,44500,10526,269126
balloon,219,1548266477.22322,47967,38013,153058,41953,268232,42996,9954,268247
balloon,220,1548266477.25659,46992,37505,152669,40640,267471,41743,9487,267486
balloon,221,1548266477.28995,47345,37521,151321,40647,267768,41604,9824,267786
balloon,222,1548266477.32331,45700,36722,149848,39946,267873,40808,8978,267893
balloon,223,1548266477.35668,45131,36677,157843,40070,267123,40956,8454,267145
balloon,224,1548266477.39007,41853,37424,156881,41897,267361,42633,4429,267382
balloon,225,1548266477.42342,46482,38600,155839,41680,267976,42744,7882,267997
balloon,226,1548266477.45681,2830,31,155135,41772,264992,42738,2799,265013
balloon,227,1548266477.49017,1801,0,154068,42817,265599,43637,1801,265620
balloon,228,1548266477.52354,41431,38616,155421,44245,267913,45694,2815,267935
balloon,229,1548266477.55691,1786,20,151931,43279,266796,45110,1766,266818
balloon,230,1548266477.59028,2957,0,145863,42849,265284,44374,2957,265305
balloon,231,1548266477.62365,1814,0,143109,45217,266428,47279,1814,266449
balloon,232,1548266477.65704,5245,470,141841,44664,267631,46609,4775,267652
balloon,233,1548266477.69041,5978,8,138860,45414,266088,47577,5970,266109
balloon,234,1548266477.72378,5196,1821,134699,46503,265679,48569,3375,265700
balloon,235,1548266477.75715,3373,1334,132297,44846,266546,47015,2039,266567
balloon,236,1548266477.79053,442,0,128578,41183,263214,43204,442,263235
balloon,237,1548266477.82390,2773,0,125101,37769,260803,38751,2773,260824
balloon,238,1548266477.85727,32930,30399,126340,36664,263238,37995,2531,263259
balloon,239,1548266477.89063,27111,26084,125955,32856,262820,33558,1027,262841
balloon,240,1548266477.92400,23832,22851,118816,29534,257404,30121,981,257425
balloon,241,1548266477.95737,26463,21994,113490,28483,258857,28874,4469,258878
balloon,242,1548266477.99074,25610,19842,114547,25057,258566,25300,5768,258587
balloon,243,1548266478.02411,11034,5193,114005,22622,253698,22862,5841,253707
balloon,244,1548266478.05747,22104,16159,101202,21347,254341,21581,5945,254350
balloon,245,1548266478.09085,20269,13814,103262,19340,256665,19556,6455,256668
balloon,246,1548266478.12422,16783,10642,102543,18396,258077,18554,6141,258077
balloon,247,1548266478.15758,8520,4607,102138,21811,258527,21951,3913,258530
balloon,248,1548266478.19094,19816,15136,100102,21695,257617,21824,4680,257624
balloon,249,1548266478.22431,15289,12713,97553,22311,259033,22560,2576,259036
balloon,250,1548266478.25768,22189,14294,96497,24025,261062,24264,7895,261083
balloon,251,1548266478.29105,23486,16010,94061,26905,259972,27184,7476,259993
balloon,252,1548266478.32442,28155,18863,95347,28010,262774,28327,9292,262799
balloon,253,1548266478.35779,31862,22260,96416,33687,265724,34404,9602,265759
balloon,254,1548266478.39116,34041,24743,106895,34912,257798,35488,9298,257835
balloon,255,1548266478.42453,27391,22029,106211,36726,257432,37443,5362,257468
balloon,256,1548266478.45788,34258,29421,108928,41073,262623,42455,4837,262660
balloon,257,1548266478.49124,5474,0,116384,43460,261157,45546,5474,261196
balloon,258,1548266478.52459,5977,0,118874,43770,259437,46591,5977,259481
balloon,259,1548266478.55796,7365,0,119458,45561,261184,48930,7365,261230
balloon,260,1548266478.59133,3380,0,119372,48483,263410,52890,3380,263460
balloon,261,1548266478.62470,0,0,112964,46734,261850,53967,0,261907
balloon,262,1548266478.65807,0,0,117790,47577,261418,55089,0,261478
balloon,263,1548266478.69144,0,0,121068,50757,263531,57669,0,263599
balloon,264,1548266478.72480,0,0,128097,53556,264138,60362,0,264207
balloon,265,1548266478.75816,0,0,124603,51765,259838,57744,0,259903
balloon,266,1548266478.79153,0,0,132836,53834,262549,59064,0,262614
balloon,267,1548266478.82491,237,0,134874,56614,262882,61268,237,262944
balloon,268,1548266478.85829,1427,0,136269,56963,258866,61673,1427,258927
balloon,269,1548266478.89167,54753,53009,141268,59387,258291,63664,1744,258358
balloon,270,1548266478.92504,573,0,146070,58112,261880,62332,573,261948
balloon,271,1548266478.95843,1046,0,148136,59257,261646,63627,1046,261725
balloon,272,1548266478.99180,54406,50441,149305,58687,260587,63014,3965,260669
balloon,273,1548266479.02517,53346,51608,155038,59404,262939,62961,1738,263017
balloon,274,1548266479.05854,5192,0,159400,58720,264072,62164,5192,264162
balloon,275,1548266479.09190,712,204,161957,58205,262268,61460,508,262357
balloon,276,1548266479.12527,4855,0,167854,57369,261600,59866,4855,261694
balloon,277,1548266479.15863,49624,42663,176863,58876,266218,60819,6961,266321
balloon,278,1548266479.19200,48606,41059,181141,57982,265385,59441,7547,265490
balloon,279,1548266479.22538,53449,39897,185625,57667,264185,58857,13552,264292
balloon,280,1548266479.25875,0,0,192479,58328,266376,58885,0,266473
balloon,281,1548266479.29211,51162,41008,200256,57407,267008,57561,10154,267095
balloon,282,1548266479.32547,54603,43645,206259,57719,266552,57994,10958,266636
balloon,283,1548266479.35884,44406,39111,224299,55089,267469,55225,5295,267549
balloon,284,1548266479.39221,47468,39906,244403,54706,267678,54706,7562,267742
balloon,285,1548266479.42558,43653,30002,245581,54427,266582,54439,13651,266635
balloon,286,1548266479.45895,53476,39326,250007,53843,267028,53851,14150,267076
balloon,287,1548266479.49232,58395,41259,252555,51725,266749,51725,17136,266783
balloon,288,1548266479.52569,46627,41631,254781,51411,266741,51411,4996,266767
balloon,289,1548266479.55906,48806,39428,252698,49372,266635,49372,9378,266651
balloon,290,1548266479.59242,63047,43647,253862,55702,267310,55702,19400,267324
balloon,291,1548266479.62579,65358,40835,252901,50161,266280,50161,24523,266294
balloon,292,1548266479.65916,62532,40799,252155,48071,264820,48071,21733,264834
balloon,293,1548266479.69253,64072,40313,251797,47449,266165,47449,23759,266179
balloon,294,1548266479.72589,67856,40189,250587,45934,265491,45934,27667,265505
balloon,295,1548266479.75925,68811,41246,247434,48068,265780,48068,27565,265794
balloon,296,1548266479.79262,70015,42935,247697,48340,265343,48340,27080,265357
balloon,297,1548266479.82598,70147,42209,245060,48940,265067,48940,27938,265081
balloon,298,1548266479.85935,120798,40298,243126,47874,265782,47874,80500,265796
balloon,299,1548266479.89272,121837,47779,240936,50152,266311,50152,74058,266324
balloon,300,1548266479.92609,144279,49361,238199,51876,266469,51876,94918,266483
balloon,301,1548266479.95946,118440,48855,235740,51305,265637,51305,69585,265650
balloon,302,1548266479.99283,151816,48405,234404,50387,266590,50387,103411,266603
balloon,303,1548266480.02620,147707,50126,233364,52143,268338,52143,97581,268352
balloon,304,1548266480.05957,123693,49681,230648,50734,267782,51051,74012,267789
balloon,305,1548266480.09294,9252,6,231112,48121,268904,48510,9246,268978
balloon,306,1548266480.12632,34548,2,229181,43384,269044,43897,34546,269280
balloon,307,1548266480.15968,36835,154,227381,38450,268508,38962,36681,268835
balloon,308,1548266480.19305,9110,370,224819,34354,267450,34867,8740,267771
balloon,309,1548266480.22643,12643,40,224068,28409,269168,28854,12603,269450
balloon,310,1548266480.25980,3078,997,220879,25010,267677,25292,2081,267946
balloon,311,1548266480.29317,2836,609,217417,22388,265720,22657,2227,265949
balloon,312,1548266480.32654,714,0,217959,19294,268190,19561,714,268399
balloon,313,1548266480.35989,1334,0,216073,16077,267076,16347,1334,267255
balloon,314,1548266480.39326,2265,595,214799,12573,267641,12844,1670,267850
balloon,315,1548266480.42665,4806,0,214290,9700,268549,9980,4806,268751
balloon,316,1548266480.46002,5063,0,210845,7816,267064,7984,5063,267171
balloon,317,1548266480.52675,30656,0,210312,8243,267511,8345,30656,267571
balloon,318,1548266480.56012,19731,0,205440,5728,265819,5732,19731,265856
balloon,319,1548266480.59347,42640,270,203124,4158,265653,5465,42370,265679
balloon,320,1548266480.62684,31758,0,114404,0,266602,0,31758,266623
balloon,321,1548266480.66021,30394,0,114430,225,265817,3519,30394,265838
balloon,322,1548266480.69358,5298,0,113483,0,265352,0,5298,265373
balloon,323,1548266480.72695,10783,0,112141,0,265947,0,10783,265968
balloon,324,1548266480.76032,21751,0,113529,0,266285,0,21751,266306
balloon,325,1548266480.79369,8327,0,111944,0,265555,0,8327,265576
balloon,326,1548266480.82706,22007,0,113575,0,267186,0,22007,267207
balloon,327,1548266480.86041,24452,0,112872,0,266194,0,24452,266215
balloon,328,1548266480.89377,6150,0,114494,0,266639,0,6150,266660
balloon,329,1548266480.92714,21163,0,116595,0,267225,0,21163,267246
balloon,330,1548266480.96051,8051,0,117797,0,267301,0,8051,267322
balloon,331,1548266480.99388,6271,0,119722,0,268462,0,6271,268483
balloon,332,1548266481.02725,5760,0,120382,0,268354,0,5760,268375
balloon,333,1548266481.06061,3175,0,119970,0,268877,0,3175,268898
balloon,334,1548266481.09398,6405,0,119571,0,269106,0,6405,269127
balloon,335,1548266481.12735,4443,0,113070,0,269278,0,4443,269299
balloon,336,1548266481.16073,21903,0,110529,0,269196,0,21903,269217
balloon,337,1548266481.19409,5560,0,103299,0,269160,0,5560,269181
balloon,338,1548266481.22746,6013,0,104036,0,268675,0,6013,268696
balloon,339,1548266481.26083,26145,0,101482,0,269729,0,26145,269750
balloon,340,1548266481.29420,25143,0,100102,0,269061,0,25143,269082
balloon,341,1548266481.32757,24997,0,98079,0,269497,0,24997,269518
balloon,342,1548266481.36094,4836,0,97341,0,269587,0,4836,269608
balloon,343,1548266481.39431,23498,0,94029,0,268869,0,23498,268890
balloon,344,1548266481.42768,25599,0,92263,0,269147,0,25599,269168
balloon,345,1548266481.46101,24244,0,89008,0,268400,0,24244,268421
balloon,346,1548266481.49438,27416,0,85980,0,269107,0,27416,269128
balloon,347,1548266481.52775,26527,0,84811,0,268906,0,26527,268926
balloon,348,1548266481.56112,23260,0,84092,0,267991,0,23260,268012
balloon,349,1548266481.59449,16069,0,82447,0,266426,0,16069,266447
balloon,350,1548266481.62786,2921,0,80618,0,267113,0,2921,267134
balloon,351,1548266481.66123,18914,0,79781,0,267267,0,18914,267288
balloon,352,1548266481.69460,2686,0,80105,0,268073,0,2686,268094
balloon,353,1548266481.72797,20360,0,78661,0,267481,0,20360,267502
balloon,354,1548266481.76134,975,0,76831,0,266863,0,975,266884
balloon,355,1548266481.79471,1461,0,73648,0,266568,0,1461,266589
balloon,356,1548266481.82808,533,0,74266,0,267270,0,533,267291
balloon,357,1548266481.86145,3038,0,72939,0,267112,0,3038,267133
balloon,358,1548266481.89482,4637,0,72550,0,266692,0,4637,266713
balloon,359,1548266481.92819,2786,0,71708,0,266403,0,2786,266424
balloon,360,1548266481.96156,2210,0,69676,0,266493,0,2210,266514
balloon,361,1548266481.99492,624,0,70958,0,266835,0,624,266856
balloon,362,1548266482.02829,745,0,68347,0,266551,0,745,266572
balloon,363,1548266482.06167,2180,0,66129,0,266381,0,2180,266402
balloon,364,1548266482.09503,387,0,64583,0,266283,0,387,266304
balloon,365,1548266482.12843,217,0,63609,0,265711,0,217,265732
balloon,366,1548266482.16178,790,0,63038,0,265588,0,790,265609
balloon,367,1548266482.19515,3991,0,62448,0,265773,0,3991,265794
balloon,368,1548266482.22851,459,0,62599,0,266761,0,459,266782
balloon,369,1548266482.26188,556,0,61919,0,266344,0,556,266365
balloon,370,1548266482.29525,0,0,62266,0,266159,0,0,266180
balloon,371,1548266482.32865,18460,0,62131,0,266207,0,18460,266228
balloon,372,1548266482.36202,19379,0,62024,0,265357,0,19379,265378
balloon,373,1548266482.39539,27426,0,63482,0,266838,0,27426,266859
balloon,374,1548266482.42876,28338,0,63536,0,267691,0,28338,267712
balloon,375,1548266482.46213,27613,0,64931,0,267860,0,27613,267881
balloon,376,1548266482.49550,24386,0,65239,0,267423,0,24386,267444
balloon,377,1548266482.52885,2144,0,69616,0,267007,0,2144,267028
balloon,378,1548266482.56222,5586,0,70704,0,267050,0,5586,267071
balloon,379,1548266482.59558,22695,0,70786,0,266577,0,22695,266598
balloon,380,1548266482.62894,1166,0,72510,0,266816,0,1166,266837
balloon,381,1548266482.66229,97,0,73450,0,266706,0,97,266727
balloon,382,1548266482.69566,0,0,73539,0,267076,0,0,267097
balloon,383,1548266482.72903,122,0,73306,0,267910,0,122,267931
balloon,384,1548266482.76240,4385,0,72137,0,266978,0,4385,266999
balloon,385,1548266482.79577,1017,0,73148,0,268477,0,1017,268498
balloon,386,1548266482.82914,1201,0,72919,0,268103,0,1201,268124
balloon,387,1548266482.86252,1615,0,71298,0,267202,0,1615,267223
balloon,388,1548266482.89589,2572,0,72387,0,267597,0,2572,267618
balloon,389,1548266482.92927,1039,0,69343,0,267191,0,1039,267212
balloon,390,1548266482.96264,3998,0,66991,0,267202,0,3998,267223
balloon,391,1548266482.99600,1810,0,61670,0,267904,0,1810,267925
balloon,392,1548266483.02937,9404,0,60257,0,269076,0,9404,269097
balloon,393,1548266483.06273,2381,0,60835,0,268961,0,2381,268982
balloon,394,1548266483.09611,7005,0,56932,0,269670,0,7005,269691
balloon,395,1548266483.12948,3737,0,37653,0,269426,0,3737,269447
balloon,396,1548266483.16285,3210,0,37118,0,268979,0,3210,269000
balloon,397,1548266483.19621,470,0,37055,0,269002,0,470,269023
balloon,398,1548266483.22957,2318,0,39663,569,268841,686,2318,268862
balloon,399,1548266483.26293,0,0,39557,623,269235,933,0,269256
balloon,400,1548266483.29630,101,0,37156,625,268428,1147,101,268449
balloon,401,1548266483.32967,109,0,37343,620,268762,1279,109,268783
balloon,402,1548266483.36303,362,0,36233,619,269598,1212,362,269619
balloon,403,1548266483.39640,3353,600,35887,604,268727,1107,2753,268748
balloon,404,1548266483.42977,4711,0,33790,0,268681,0,4711,268702
balloon,405,1548266483.46315,95,0,33152,0,268366,0,95,268387
balloon,406,1548266483.49652,0,0,32684,0,268199,0,0,268220
balloon,407,1548266483.52989,1471,0,31205,0,268197,0,1471,268218
balloon,408,1548266483.56326,2196,0,26628,0,267096,0,2196,267117
balloon,409,1548266483.59662,0,0,25423,0,267009,0,0,267030
balloon,410,1548266483.62999,0,0,21959,0,265917,0,0,265938
balloon,411,1548266483.66335,0,0,19953,0,266736,0,0,266757
balloon,412,1548266483.69671,0,0,18398,0,266955,0,0,266976
balloon,413,1548266483.73006,4789,0,18379,0,267190,0,4789,267211
balloon,414,1548266483.76343,79,0,16759,0,267541,0,79,267562
balloon,415,1548266483.79680,3560,0,16978,0,267975,0,3560,267996
balloon,416,1548266483.83017,563,0,16839,0,267790,0,563,267811
balloon,417,1548266483.86354,0,0,16883,0,268510,0,0,268531
balloon,418,1548266483.89691,0,0,16597,0,267613,0,0,267634
balloon,419,1548266483.93028,434,0,17205,0,267711,0,434,267732
balloon,420,1548266483.96365,0,0,14765,0,267654,0,0,267675
balloon,421,1548266483.99704,0,0,14922,0,267143,0,0,267164
balloon,422,1548266484.03039,331,0,14949,0,268402,0,331,268423
balloon,423,1548266484.06378,0,0,13795,0,266907,0,0,266928
balloon,424,1548266484.09717,0,0,13607,0,267608,0,0,267629
balloon,425,1548266484.13054,0,0,13481,0,267184,0,0,267205
balloon,426,1548266484.16391,0,0,13423,0,264509,0,0,264530
balloon,427,1548266484.19728,0,0,13489,0,267037,0,0,267058
balloon,428,1548266484.23065,269,0,13579,0,267096,0,269,267117
balloon,429,1548266484.26402,90,0,9468,0,267290,0,90,267311
balloon,430,1548266484.29738,0,0,9299,0,265620,0,0,265641
balloon,431,1548266484.33075,0,0,6391,0,266888,0,0,266909
balloon,432,1548266484.36410,0,0,6126,0,266801,0,0,266822
balloon,433,1548266484.39747,0,0,6260,0,266981,0,0,267002
balloon,434,1548266484.43081,3155,0,6172,0,267527,0,3155,267548
balloon,435,1548266484.46417,2962,0,5717,0,267516,0,2962,267537
balloon,436,1548266484.49754,694,0,5659,0,267715,0,694,267736
balloon,437,1548266484.53092,0,0,5768,0,268263,0,0,268284
balloon2,0,1548266530.50783,203,0,32885,75,259175,55733,203,259431
balloon2,1,1548266530.54122,3420,0,33469,33,261399,55446,3420,261655
balloon2,2,1548266530.57459,4468,0,33651,0,262785,56917,4468,263040
balloon2,3,1548266530.60794,5960,0,33986,4,260624,55874,5960,260880
balloon2,4,1548266530.64131,5997,0,34302,0,261789,55827,5997,262045
balloon2,5,1548266530.67466,6517,0,34479,39,263795,55579,6517,264051
balloon2,6,1548266530.70803,12403,0,33859,150,262740,56075,12403,262993
balloon2,7,1548266530.74138,6204,0,33412,89,261487,55442,6204,261742
balloon2,8,1548266530.77475,1589,0,33690,2,260236,55893,1589,260492
balloon2,9,1548266530.80811,4706,0,35286,74,262249,56024,4706,262495
balloon2,10,1548266530.84148,3567,0,35840,140,260848,55675,3567,261104
balloon2,11,1548266530.87485,1546,0,36390,200,259239,55942,1546,259491
balloon2,12,1548266530.90822,616,0,85718,40999,261049,56849,616,261302
balloon2,13,1548266530.94159,124,0,87768,41357,261053,56775,124,261298
balloon2,14,1548266530.97496,169,0,90794,41884,261996,56611,169,262244
balloon2,15,1548266531.00833,0,0,93240,42595,260586,56916,0,260837
balloon2,16,1548266531.04168,112,0,96825,44382,260414,57862,112,260669
balloon2,17,1548266531.07506,0,0,101139,44564,261996,56963,0,262252
balloon2,18,1548266531.10844,1004,138,104021,45777,260982,57414,866,261238
balloon2,19,1548266531.14181,228,0,108809,48019,263122,58021,228,263376
balloon2,20,1548266531.17518,308,0,109003,48751,258761,57808,308,259017
balloon2,21,1548266531.20854,275,0,112265,49453,261468,57740,275,261719
balloon2,22,1548266531.24191,334,0,112063,51452,262742,57938,334,262998
balloon2,23,1548266531.27527,2403,0,113691,52560,262984,57307,2403,263240
balloon2,24,1548266531.30863,2052,0,125200,52054,261820,55614,2052,262076
balloon2,25,1548266531.34198,4736,0,130258,52882,263868,55632,4736,264123
balloon2,26,1548266531.37534,5117,165,135229,55818,264359,58281,4952,264614
balloon2,27,1548266531.40871,53268,49146,139688,52922,264373,53928,4122,264629
balloon2,28,1548266531.44208,52303,49199,144286,53089,264991,53703,3104,265242
balloon2,29,1548266531.47545,54125,49036,147478,53591,264212,53921,5089,264464
balloon2,30,1548266531.50882,53363,48631,150619,54222,264265,54650,4732,264520
balloon2,31,1548266531.54220,53010,47777,153319,54772,264224,55800,5233,264480
balloon2,32,1548266531.57557,53168,48640,155535,54983,263351,55981,4528,263607
balloon2,33,1548266531.60893,52658,48134,158398,55270,262115,55769,4524,262371
balloon2,34,1548266531.64230,52215,48054,162948,55445,262650,55957,4161,262906
balloon2,35,1548266531.67567,54778,49200,164497,54812,261360,55210,5578,261616
balloon2,36,1548266531.70904,52208,48445,167264,54011,261263,54261,3763,261519
balloon2,37,1548266531.74239,52931,47843,171846,53605,262261,53951,5088,262517
balloon2,38,1548266531.77576,54161,47328,175957,52652,260699,52882,6833,260955
balloon2,39,1548266531.80913,58035,45399,176738,53327,259787,53555,12636,260040
balloon2,40,1548266531.84250,61856,46688,177076,53258,258334,53564,15168,258589
balloon2,41,1548266531.87584,63559,46902,178873,53127,258370,53468,16657,258626
balloon2,42,1548266531.90919,65588,47583,183108,53420,257952,53742,18005,258207
balloon2,43,1548266531.94256,64123,46565,183152,51852,257281,52250,17558,257537
balloon2,44,1548266531.97590,66878,46524,184652,51904,257943,52427,20354,258199
balloon2,45,1548266532.00927,61032,45895,186103,51644,258511,52202,15137,258767
balloon2,46,1548266532.04264,59395,45487,189303,50502,259712,50761,13908,259968
balloon2,47,1548266532.07601,58696,45149,189701,49998,258552,50178,13547,258808
balloon2,48,1548266532.10938,58508,45070,191324,49658,259344,49717,13438,259600
balloon2,49,1548266532.14277,54843,40218,193484,48671,260219,48673,14625,260475
balloon2,50,1548266532.17614,56795,40863,193259,49399,258908,49399,15932,259164
balloon2,51,1548266532.20949,56103,40812,192659,45223,257688,45223,15291,257943
balloon2,52,1548266532.24286,54406,41124,192804,45413,259015,45413,13282,259271
balloon2,53,1548266532.27623,56446,41478,190844,45350,258318,45350,14968,258574
balloon2,54,1548266532.30959,54057,41462,190107,46009,258169,46009,12595,258425
balloon2,55,1548266532.34294,52984,40454,187598,45035,258789,45035,12530,259045
balloon2,56,1548266532.37630,58437,40699,187189,44656,258717,44656,17738,258972
balloon2,57,1548266532.40967,61226,42235,183016,46502,258920,46502,18991,259176
balloon2,58,1548266532.44304,58395,43797,177464,49064,258617,49064,14598,258873
balloon2,59,1548266532.47642,57565,44875,173464,49558,258966,49603,12690,259222
balloon2,60,1548266532.50978,60592,47196,170052,51871,261011,51903,13396,261267
balloon2,61,1548266532.54315,62085,47230,164680,51959,258550,52352,14855,258804
balloon2,62,1548266532.57652,62044,46498,160630,50641,256541,51105,15546,256796
balloon2,63,1548266532.60989,62294,46907,162448,51851,259084,52252,15387,259339
balloon2,64,1548266532.64325,61657,48119,161781,53437,260566,53783,13538,260819
balloon2,65,1548266532.67663,61796,49179,160174,54601,259992,55117,12617,260247
balloon2,66,1548266532.71000,61350,50051,160750,54842,260903,55108,11299,261158
balloon2,67,1548266532.74337,59407,50927,158239,55988,260365,56441,8480,260605
balloon2,68,1548266532.77673,58825,51959,158201,56909,262157,57397,6866,262412
balloon2,69,1548266532.81011,64611,53296,157530,58238,262432,58854,11315,262687
balloon2,70,1548266532.84348,3277,865,154358,58664,260633,59483,2412,260888
balloon2,71,1548266532.87685,57092,54009,153270,58339,261420,59506,3083,261675
balloon2,72,1548266532.91022,3573,708,152242,58129,262130,60061,2865,262385
balloon2,73,1548266532.94358,4353,0,149275,56738,260903,58825,4353,261209
balloon2,74,1548266532.97694,7316,0,148869,56844,261908,59000,7316,262245
balloon2,75,1548266533.01031,7509,55,147944,56081,262015,57628,7454,262321
balloon2,76,1548266533.04366,12549,53,147394,56178,262297,57285,12496,262563
balloon2,77,1548266533.07702,13101,0,148357,57557,263928,58265,13101,264182
balloon2,78,1548266533.11039,64325,52112,146084,56911,262738,57448,12213,262992
balloon2,79,1548266533.17712,65249,51716,145725,55789,263182,56313,13533,263436
balloon2,80,1548266533.21049,64545,52365,145600,56443,263728,57007,12180,263981
balloon2,81,1548266533.24386,14490,61,143696,56319,263581,57093,14429,263835
balloon2,82,1548266533.27723,12442,0,141671,56191,262917,57472,12442,263170
balloon2,83,1548266533.31059,11620,0,140654,55632,264038,57698,11620,264292
balloon2,84,1548266533.34396,13611,0,139138,54652,264538,57723,13611,264792
balloon2,85,1548266533.37733,14587,0,137513,53366,265691,57531,14587,265945
balloon2,86,1548266533.41070,13123,0,138522,53047,265738,57481,13123,265992
balloon2,87,1548266533.44407,13121,0,131195,49359,266498,57367,13121,266752
balloon2,88,1548266533.47744,13575,0,130973,47236,264955,55896,13575,265208
balloon2,89,1548266533.51081,13413,0,134209,45483,265941,54707,13413,266195
balloon2,90,1548266533.54417,14850,0,136808,43907,267775,53596,14850,268030
balloon2,91,1548266533.57750,15480,0,137996,40869,267159,50547,15480,267414
balloon2,92,1548266533.61085,14764,0,138860,38610,266732,48143,14764,266986
balloon2,93,1548266533.64422,14893,0,139320,37822,266688,47642,14893,266942
balloon2,94,1548266533.67758,15759,0,134168,34989,266016,45085,15759,266271
balloon2,95,1548266533.71095,16053,21,130810,33182,264653,43527,16032,264908
balloon2,96,1548266533.74432,15325,0,84552,3576,265235,41882,15325,265488
balloon2,97,1548266533.77769,16440,147,82465,3174,264484,40794,16293,264739
balloon2,98,1548266533.81106,20406,121,82925,2800,265237,39812,20285,265492
balloon2,99,1548266533.84444,18862,0,82048,2597,265028,39140,18862,265282
balloon2,100,1548266533.87781,20841,114,81851,2230,265336,38370,20727,265591
balloon2,101,1548266533.91120,21210,149,82727,2493,266235,37934,21061,266488
balloon2,102,1548266533.94457,22058,235,82072,1969,266031,35533,21823,266285
balloon2,103,1548266533.97794,22131,0,83257,1350,266952,33503,22131,267206
balloon2,104,1548266534.01130,26770,243,81311,1010,266296,31696,26527,266550
balloon2,105,1548266534.04467,24653,0,82366,568,267839,29450,24653,268088
balloon2,106,1548266534.07803,29320,220,81636,323,266143,26319,29100,266358
balloon2,107,1548266534.11140,19483,120,80563,139,264769,26089,19363,264990
balloon2,108,1548266534.14475,31435,298,81628,369,266944,27710,31137,267184
balloon2,109,1548266534.17815,21159,667,152784,1935,266493,28466,20492,266738
balloon2,110,1548266534.21146,16113,427,152959,2124,265707,30466,15686,265946
balloon2,111,1548266534.24482,2046,0,157719,2862,266421,32690,2046,266661
balloon2,112,1548266534.27819,2031,56,159050,3376,266938,34820,1975,267178
balloon2,113,1548266534.31155,13152,0,158339,4119,266601,37970,13152,266854
balloon2,114,1548266534.34492,14015,0,161014,4554,268067,39703,14015,268322
balloon2,115,1548266534.37829,2953,17,159421,4335,266855,40238,2936,267114
balloon2,116,1548266534.41166,4158,539,162149,5636,267667,42176,3619,267973
balloon2,117,1548266534.44503,3400,0,166086,7389,267421,43608,3400,267736
balloon2,118,1548266534.47840,13737,57,167516,9727,265709,44453,13680,266015
balloon2,119,1548266534.51177,11665,31,207943,41158,265871,46074,11634,266171
balloon2,120,1548266534.54514,12039,27,208537,42278,265820,47066,12012,266096
balloon2,121,1548266534.57851,1505,0,209518,43754,266236,48720,1505,266502
balloon2,122,1548266534.61188,4992,0,210067,44776,265207,49750,4992,265473
balloon2,123,1548266534.64525,3132,0,212598,45850,266481,50801,3132,266741
balloon2,124,1548266534.67862,90405,1814,207377,47130,265888,52457,88591,266142
balloon2,125,1548266534.71198,13225,1472,208095,49024,266308,54688,11753,266566
balloon2,126,1548266534.74533,85517,2024,208835,52249,267574,57207,83493,267828
balloon2,127,1548266534.77870,13379,2133,210100,55154,266525,58482,11246,266779
balloon2,128,1548266534.81209,10998,1496,210379,57800,265381,59849,9502,265683
balloon2,129,1548266534.84546,13261,1522,210819,60441,266121,61876,11739,266487
balloon2,130,1548266534.87883,9956,1598,208072,62045,265176,63665,8358,265543
balloon2,131,1548266534.91220,15786,2060,209299,63961,266653,65429,13726,267021
balloon2,132,1548266534.94555,20514,887,207946,64807,265000,66513,19627,265358
balloon2,133,1548266534.97892,20410,5045,206592,66495,262969,68089,15365,263251
balloon2,134,1548266535.01229,85988,65074,208220,67739,264630,68152,20914,264884
balloon2,135,1548266535.04566,82203,57845,207973,60600,263957,61309,24358,264211
balloon2,136,1548266535.07903,27882,1568,205127,55152,261578,56041,26314,261832
balloon2,137,1548266535.11241,68537,40306,205304,53632,260825,54269,28231,261078
balloon2,138,1548266535.14578,78580,48926,207939,52062,262631,52871,29654,262884
balloon2,139,1548266535.17914,62366,34263,208744,51800,263028,52494,28103,263281
balloon2,140,1548266535.21251,30101,1743,204189,53567,262008,53799,28358,262262
balloon2,141,1548266535.24588,80594,52530,204233,55682,262432,56135,28064,262686
balloon2,142,1548266535.27924,73850,50946,163734,55376,264260,55676,22904,264514
balloon2,143,1548266535.31259,18909,0,160882,54267,262407,54593,18909,262660
balloon2,144,1548266535.34594,5258,141,156584,52435,257939,52622,5117,258193
balloon2,145,1548266535.37931,51145,48400,160168,53033,262163,53499,2745,262416
balloon2,146,1548266535.41267,18472,3232,158573,52605,260840,52782,15240,261094
balloon2,147,1548266535.44600,47677,44497,157637,51853,260494,52015,3180,260748
balloon2,148,1548266535.47937,61695,47852,157124,52476,261293,52846,13843,261546
balloon2,149,1548266535.51273,65730,47407,158105,51796,262763,52522,18323,263016
balloon2,150,1548266535.54610,52780,33670,155456,50843,262871,52296,19110,263123
balloon2,151,1548266535.57947,50102,34706,151162,50958,261945,53298,15396,262198
balloon2,152,1548266535.61284,54968,34834,150635,52788,262668,55998,20134,262922
balloon2,153,1548266535.64621,52143,34260,147884,50326,260802,54561,17883,261055
balloon2,154,1548266535.67959,50624,33186,142207,48299,258931,53352,17438,259184
balloon2,155,1548266535.71298,50525,34846,141364,48572,260788,54645,15679,261042
balloon2,156,1548266535.74633,49940,33425,139024,45366,259603,52171,16515,259857
balloon2,157,1548266535.77969,15012,60,136174,43419,258814,50939,14952,259068
balloon2,158,1548266535.81306,16524,89,128929,42372,258536,51882,16435,258789
balloon2,159,1548266535.84642,14555,85,129571,42429,259705,51786,14470,259960
balloon2,160,1548266535.87979,12348,0,127606,40262,257905,50684,12348,258160
balloon2,161,1548266535.91315,1855,74,123327,38481,256733,50140,1781,256989
balloon2,162,1548266535.94651,12961,0,122682,38567,257913,50521,12961,258169
balloon2,163,1548266535.97984,4494,0,123479,39234,260081,52424,4494,260337
balloon2,164,1548266536.01321,5452,0,120358,37090,258630,51919,5452,258886
balloon2,165,1548266536.04658,14419,146,106467,30692,258940,52573,14273,259196
balloon2,166,1548266536.07995,5036,208,103090,30769,258801,54110,4828,259057
balloon2,167,1548266536.11332,4222,32,101364,29659,259656,54479,4190,259912
balloon2,168,1548266536.14669,11954,32,96612,28890,258737,56048,11922,258993
balloon2,169,1548266536.18005,14025,28,95126,27943,260255,57899,13997,260511
balloon2,170,1548266536.21342,3736,1216,92858,27455,260174,58609,2520,260430
balloon2,171,1548266536.24679,2884,1292,90365,26645,259326,60111,1592,259581
balloon2,172,1548266536.28016,4584,1416,62433,4820,257751,60749,3168,258007
balloon2,173,1548266536.31353,1004,30,62936,4505,257673,60752,974,257929
balloon2,174,1548266536.34690,2340,1391,140982,49640,258586,61457,949,258836
balloon2,175,1548266536.38027,268,0,139463,50274,257508,61683,268,257754
balloon2,176,1548266536.41363,848,0,139936,52077,259246,62925,848,259495
balloon2,177,1548266536.44699,422,0,141132,52960,259530,63646,422,259765
balloon2,178,1548266536.48033,895,23,143330,58919,258645,63271,872,258852
balloon2,179,1548266536.51370,1712,167,143231,60155,259117,63939,1545,259282
balloon2,180,1548266536.54707,697,0,142518,60617,258535,64090,697,258748
balloon2,181,1548266536.58043,1290,0,141507,61131,258626,64482,1290,258862
balloon2,182,1548266536.61380,2934,1637,141754,61501,257747,64705,1297,257992
balloon2,183,1548266536.64717,675,0,143200,61322,259072,64804,675,259318
balloon2,184,1548266536.68054,2853,1493,143807,61669,259025,65090,1360,259254
balloon2,185,1548266536.71392,1709,0,145187,61897,260107,64978,1709,260277
balloon2,186,1548266536.74730,3865,0,142069,62403,256024,65271,3865,256164
balloon2,187,1548266536.78066,3266,0,143363,63353,257028,66109,3266,257185
balloon2,188,1548266536.81403,12097,0,146707,65766,258598,67484,12097,258788
balloon2,189,1548266536.84740,99010,58368,146701,68121,259426,69153,40642,259636
balloon2,190,1548266536.88077,96825,59481,145384,69024,258545,69332,37344,258774
balloon2,191,1548266536.91414,92766,58805,146491,68668,258357,69095,33961,258579
balloon2,192,1548266536.94751,74925,61283,148143,70846,260008,71678,13642,260256
balloon2,193,1548266536.98088,78229,65806,148257,70508,259976,71448,12423,260232
balloon2,194,1548266537.01424,78377,64217,149516,68655,260720,69092,14160,260976
balloon2,195,1548266537.04758,72441,62080,149162,66520,260829,66857,10361,261084
balloon2,196,1548266537.08092,70929,57039,150009,61297,260603,61682,13890,260859
balloon2,197,1548266537.11429,70928,56203,153529,60437,261461,60495,14725,261717
balloon2,198,1548266537.14766,56455,45246,151422,60001,258610,60106,11209,258866
balloon2,199,1548266537.18101,14285,5450,153671,59069,259297,59176,8835,259553
balloon2,200,1548266537.21438,22012,13842,152593,56719,258312,56845,8170,258568
balloon2,201,1548266537.24775,14878,14798,153150,56808,256108,56975,80,256364
balloon2,202,1548266537.28113,14322,14287,156392,57090,257659,57248,35,257914
balloon2,203,1548266537.31450,38486,38156,155921,56405,256602,56659,330,256858
balloon2,204,1548266537.34788,37285,36639,158314,54782,257856,55219,646,258112
balloon2,205,1548266537.38126,84,84,162572,56324,258509,56714,0,258765
balloon2,206,1548266537.41463,48474,47726,160895,55377,258380,55821,748,258636
balloon2,207,1548266537.44800,48919,47482,158618,55085,258685,55571,1437,258941
balloon2,208,1548266537.48136,22091,14160,156714,53395,259280,53976,7931,259568
balloon2,209,1548266537.51473,9917,0,154910,51338,260661,52065,9917,260962
balloon2,210,1548266537.54810,10281,2325,152459,52634,262616,55797,7956,262948
balloon2,211,1548266537.58147,10701,125,149679,49114,264047,50033,10576,264339
balloon2,212,1548266537.61483,57157,44143,159599,48242,265460,49419,13014,265716
balloon2,213,1548266537.64817,56673,44668,162030,47384,267655,47809,12005,267911
balloon2,214,1548266537.68157,52314,42403,163212,47341,265983,47343,9911,266238
balloon2,215,1548266537.71493,49517,42266,164879,46309,265011,46309,7251,265267
balloon2,216,1548266537.74828,51994,40134,170486,45883,268862,45883,11860,269117
balloon2,217,1548266537.78165,49778,42014,171108,45605,265587,45607,7764,265842
balloon2,218,1548266537.81501,45411,39226,165018,42668,256798,42673,6185,257052
balloon2,219,1548266537.84838,47974,38565,167458,43411,259816,43490,9409,260065
balloon2,220,1548266537.88175,50264,38571,167043,43588,257904,43699,11693,258158
balloon2,221,1548266537.91512,41903,37340,163590,42789,252931,42965,4563,253184
balloon2,222,1548266537.94849,66889,36945,163520,42195,253329,42436,29944,253584
balloon2,223,1548266537.98186,41163,37190,164627,43577,255665,43820,3973,255918
balloon2,224,1548266538.01523,1511,438,175203,43488,251731,43872,1073,251957
balloon2,225,1548266538.04859,493,0,179436,43998,253993,44452,493,254213
balloon2,226,1548266538.08196,335,0,180088,42556,252327,42948,335,252546
balloon2,227,1548266538.11533,50947,36785,178689,41900,248773,42397,14162,248991
balloon2,228,1548266538.14868,53341,37681,181848,42114,251956,42609,15660,252173
balloon2,229,1548266538.18205,58098,38166,182317,41741,253266,42207,19932,253484
balloon2,230,1548266538.21541,12112,795,178568,43016,248605,44861,11317,248824
balloon2,231,1548266538.24878,12402,449,179258,41391,250541,42787,11953,250759
balloon2,232,1548266538.28214,10943,0,171547,42763,243819,46006,10943,244021
balloon2,233,1548266538.31551,6868,0,164945,41255,239681,44925,6868,239695
balloon2,234,1548266538.34888,5986,63,165033,42576,241897,45905,5923,242042
balloon2,235,1548266538.38225,6155,618,162423,42378,242108,45302,5537,242206
balloon2,236,1548266538.41563,3191,110,159911,42310,240685,44034,3081,240735
balloon2,237,1548266538.44900,1953,0,160396,42335,240450,43704,1953,240520
balloon2,238,1548266538.48237,3867,3143,152377,43806,240282,45116,724,240349
balloon2,239,1548266538.51574,41818,40833,149592,44526,240139,45697,985,240206
balloon2,240,1548266538.54911,42232,41260,153412,45181,242747,46206,972,242808
balloon2,241,1548266538.58248,41438,40531,152459,45453,240597,46319,907,240634
balloon2,242,1548266538.61584,40668,40115,153163,44636,240164,45385,553,240210
balloon2,243,1548266538.64920,65868,41792,151873,45228,241316,46454,24076,241350
balloon2,244,1548266538.68257,60306,37467,144097,41828,238485,44278,22839,238503
balloon2,245,1548266538.71593,24431,15,128888,39837,239199,41845,24416,239257
balloon2,246,1548266538.74929,26588,1949,128347,38867,239397,41296,24639,239541
balloon2,247,1548266538.78265,26289,185,128575,37100,239766,39669,26104,239960
balloon2,248,1548266538.81602,27773,249,128111,36468,239995,38266,27524,240201
balloon2,249,1548266538.84937,10665,284,127492,37196,242839,37653,10381,243058
balloon2,250,1548266538.88274,2703,0,123302,35773,239270,36390,2703,239489
balloon2,251,1548266538.91611,26191,1225,123062,34555,240738,34884,24966,240957
balloon2,252,1548266538.94948,30044,1245,122658,34249,240425,34611,28799,240642
balloon2,253,1548266538.98285,2275,0,124967,33998,242878,34084,2275,243096
balloon2,254,1548266539.01622,28365,1127,123482,31947,240492,32117,27238,240711
balloon2,255,1548266539.04959,5258,491,123643,31187,241231,31294,4767,241485
balloon2,256,1548266539.08296,4580,0,122861,31154,240991,31245,4580,241244
balloon2,257,1548266539.11632,32025,27120,124171,30984,243314,31132,4905,243569
balloon2,258,1548266539.14970,1083,985,122643,30526,242786,30668,98,243040
balloon2,259,1548266539.18306,8672,1144,118897,30542,241970,30714,7528,242225
balloon2,260,1548266539.21643,3683,0,112403,29079,244209,30923,3683,244464
balloon2,261,1548266539.24980,4626,0,113869,28885,244491,30426,4626,244746
balloon2,262,1548266539.28318,3570,0,113983,28866,245350,30384,3570,245605
balloon2,263,1548266539.31654,3883,0,112688,28790,245327,30162,3883,245582
balloon2,264,1548266539.34991,3456,0,112533,28613,246866,30235,3456,247121
balloon2,265,1548266539.38327,5879,127,113795,29668,249114,31052,5752,249369
balloon2,266,1548266539.41664,7325,5263,115334,29908,250902,31310,2062,251157
balloon2,267,1548266539.45000,5869,3502,117067,29787,254170,31665,2367,254425
balloon2,268,1548266539.48337,28076,19825,112445,28479,254843,31212,8251,255098
balloon2,269,1548266539.51674,6041,0,111874,28059,254433,31096,6041,254687
balloon2,270,1548266539.55011,4637,0,96297,27990,260239,31424,4637,260491
balloon2,271,1548266539.58347,5958,0,108294,31477,262952,32110,5958,263207
balloon2,272,1548266539.61684,6303,0,107300,31012,263811,31695,6303,264066
balloon2,273,1548266539.65021,6525,124,105857,31811,265466,32853,6401,265720
balloon2,274,1548266539.68358,468,0,108427,32307,267356,32818,468,267610
balloon2,275,1548266539.71695,6933,154,108463,33108,266963,33938,6779,267217
balloon2,276,1548266539.75032,18148,9360,109095,33764,265737,34617,8788,265991
balloon2,277,1548266539.78368,20397,9928,110105,34966,266804,35620,10469,267058
balloon2,278,1548266539.81703,18557,10082,110586,35578,266493,36153,8475,266747
balloon2,279,1548266539.85040,24004,10639,110676,37208,266441,38054,13365,266696
balloon2,280,1548266539.88374,21759,10283,109681,37300,266571,38364,11476,266827
balloon2,281,1548266539.91711,10856,28,106929,38265,266642,39946,10828,266895
balloon2,282,1548266539.95049,9081,171,102321,37567,265690,39375,8910,265941
balloon2,283,1548266539.98383,5461,0,100675,37858,263983,39486,5461,264236
balloon2,284,1548266540.01719,1603,0,96596,37848,264998,40060,1603,265251
balloon2,285,1548266540.05056,858,0,95917,38323,266620,41040,858,266876
balloon2,286,1548266540.08393,32722,29587,93535,37913,264236,40172,3135,264492
balloon2,287,1548266540.11730,34529,31143,91022,39465,263079,41944,3386,263334
balloon2,288,1548266540.15067,35168,30534,91227,38083,265199,40719,4634,265455
balloon2,289,1548266540.18404,37174,31630,90746,38895,263046,41503,5544,263301
balloon2,290,1548266540.21741,48041,38390,91037,42625,262622,44974,9651,262876
balloon2,291,1548266540.25078,41279,36304,91612,39606,262190,42055,4975,262445
balloon2,292,1548266540.28415,4650,28,92254,40248,261266,43216,4622,261521
balloon2,293,1548266540.31752,1897,113,105461,40384,259696,44069,1784,259952
balloon2,294,1548266540.35089,9162,53,110024,41513,258878,43897,9109,259132
balloon2,295,1548266540.38426,7884,0,126362,43753,257497,44696,7884,257750
balloon2,296,1548266540.41763,7509,0,129830,42717,257784,43656,7509,258038
balloon2,297,1548266540.45098,7316,0,133085,43040,259906,44120,7316,260161
balloon2,298,1548266540.48435,7254,0,133292,43668,259136,44410,7254,259390
balloon2,299,1548266540.51771,7125,0,136986,44351,258799,44463,7125,259054
balloon2,300,1548266540.55108,7797,0,141521,45421,260450,45555,7797,260704
balloon2,301,1548266540.58444,6695,0,144459,45619,259802,45823,6695,260056
balloon2,302,1548266540.61781,6777,0,146024,45951,259533,46443,6777,259787
balloon2,303,1548266540.65118,6896,288,154647,46317,261455,47230,6608,261710
balloon2,304,1548266540.68455,8412,576,185468,47131,262966,47654,7836,263220
balloon2,305,1548266540.71791,9025,943,187406,45835,260311,47460,8082,260566
balloon2,306,1548266540.75127,14016,937,187252,45128,260973,47016,13079,261228
balloon2,307,1548266540.78464,14685,1740,198279,44920,261593,46589,12945,261847
balloon2,308,1548266540.81801,29944,6161,199294,48841,262744,50293,23783,262999
balloon2,309,1548266540.85138,34007,8498,200209,48942,264175,49891,25509,264429
balloon2,310,1548266540.91811,64216,41652,212203,45784,265411,46752,22564,265665
balloon2,311,1548266540.95148,69295,43908,218474,47964,266177,48417,25387,266433
balloon2,312,1548266540.98485,63105,44619,218733,48357,264348,48650,18486,264603
balloon2,313,1548266541.01820,52273,43508,218874,47644,265067,48014,8765,265320
balloon2,314,1548266541.05156,65977,44416,219930,48138,266674,48569,21561,266928
balloon2,315,1548266541.08492,62949,45854,222263,50184,266205,50689,17095,266460
balloon2,316,1548266541.11829,65018,47186,223273,51432,267687,51819,17832,267941
balloon2,317,1548266541.15164,11961,10879,222291,52596,267415,52883,1082,267670
balloon2,318,1548266541.18501,55934,51956,220352,55878,266073,55878,3978,266325
balloon2,319,1548266541.21837,114212,47196,220674,50252,266683,50252,67016,266938
balloon2,320,1548266541.25174,12340,2603,219986,54605,265805,54653,9737,266060
balloon2,321,1548266541.28509,9386,3639,219089,58526,263637,58526,5747,263891
balloon2,322,1548266541.31847,125966,54232,220651,58343,265204,58343,71734,265459
balloon2,323,1548266541.35184,2224,567,219223,60756,262493,60756,1657,262747
balloon2,324,1548266541.38520,1393,261,219203,61916,261356,61916,1132,261611
balloon2,325,1548266541.41858,134787,57731,217983,61472,260718,61472,77056,260973
balloon2,326,1548266541.45194,146057,58251,215065,61848,257824,61848,87806,258078
balloon2,327,1548266541.48531,147290,57740,214454,61421,257649,61453,89550,257873
balloon2,328,1548266541.51868,1297,194,213912,60128,257804,60168,1103,258006
balloon2,329,1548266541.55205,1963,515,210591,56423,255779,56434,1448,255983
balloon2,330,1548266541.58540,138999,51185,209105,54066,256602,54066,87814,256806
balloon2,331,1548266541.61877,49939,45426,208612,49811,257554,49823,4513,257757
balloon2,332,1548266541.65213,45344,40517,203483,44427,256178,44427,4827,256394
balloon2,333,1548266541.68550,38445,37375,204427,41050,258170,41113,1070,258371
balloon2,334,1548266541.71887,35059,33989,200591,37059,255251,37117,1070,255378
balloon2,335,1548266541.75224,33955,32345,197554,35673,258939,35692,1610,259004
balloon2,336,1548266541.78560,1463,0,196846,31861,257533,31878,1463,257549
balloon2,337,1548266541.81897,28126,26808,193577,29408,255328,29439,1318,255342
balloon2,338,1548266541.85234,28031,25431,186623,27605,258612,27643,2600,258626
balloon2,339,1548266541.88571,29941,22857,185152,25263,256625,25308,7084,256639
balloon2,340,1548266541.91908,1613,0,182705,23520,253879,23557,1613,253899
balloon2,341,1548266541.95245,912,0,180092,22892,255286,22923,912,255310
balloon2,342,1548266541.98582,23122,21171,178551,23080,258002,23112,1951,258026
balloon2,343,1548266542.01919,2818,0,167941,21766,257610,21794,2818,257635
balloon2,344,1548266542.05256,2307,0,166448,19126,256920,19159,2307,257019
balloon2,345,1548266542.08593,21017,17696,166900,19367,257420,19393,3321,257448
balloon2,346,1548266542.11929,19241,16993,78902,19531,261033,19578,2248,261068
balloon2,347,1548266542.15266,2022,0,69347,12657,257985,12699,2022,258148
balloon2,348,1548266542.18602,13317,11281,65508,12925,257966,12955,2036,258146
balloon2,349,1548266542.21939,12118,7674,64813,13176,259829,13214,4444,259961
balloon2,350,1548266542.25275,7685,5578,61458,10448,259628,10472,2107,259767
balloon2,351,1548266542.28612,10886,8234,57525,9650,259193,9661,2652,259362
balloon2,352,1548266542.31947,6196,1246,58139,10113,260822,10126,4950,261018
balloon2,353,1548266542.35284,3196,0,55163,6764,258355,6764,3196,258491
balloon2,354,1548266542.38621,2287,0,53246,6154,258688,6156,2287,258831
balloon2,355,1548266542.41958,7348,669,50334,5776,259592,5778,6679,259754
balloon2,356,1548266542.45294,3159,0,50015,4563,260232,4574,3159,260285
balloon2,357,1548266542.48629,328,0,49091,3801,259489,3811,328,259677
balloon2,358,1548266542.51966,3288,0,48165,4115,259850,4128,3288,260019
balloon2,359,1548266542.55303,2040,0,46722,3120,260290,3228,2040,260411
balloon2,360,1548266542.58640,1060,0,45345,2838,259070,2927,1060,259185
balloon2,361,1548266542.61977,5414,1554,45603,4016,262294,4075,3860,262401
balloon2,362,1548266542.65313,2753,0,41940,4291,259866,4357,2753,259915
balloon2,363,1548266542.68650,3134,0,41104,3953,260383,4001,3134,260458
balloon2,364,1548266542.71987,1501,1501,40304,3798,260685,3857,0,260825
balloon2,365,1548266542.75324,125,0,40649,4071,262048,4095,125,262190
balloon2,366,1548266542.78660,2901,2711,39544,4328,262068,4361,190,262210
balloon2,367,1548266542.81997,3874,3768,38512,5630,262512,5727,106,262649
balloon2,368,1548266542.85334,5751,5104,38691,8623,261914,9272,647,262129
balloon2,369,1548266542.88669,6371,6245,37023,9959,260656,11208,126,260767
balloon2,370,1548266542.92006,7097,7097,39879,10017,262846,11435,0,263024
balloon2,371,1548266542.95342,3458,3456,41380,11036,261038,13942,2,261249
balloon2,372,1548266542.98680,3847,3847,42371,10802,260447,15086,0,260671
balloon2,373,1548266543.02017,4266,4115,46799,10827,262553,15615,151,262747
balloon2,374,1548266543.05353,4232,4232,47772,10714,263180,16617,0,263406
balloon2,375,1548266543.08690,0,0,48474,8998,263248,15335,0,263490
balloon2,376,1548266543.12028,2495,0,49594,8850,262701,15583,2495,262920
balloon2,377,1548266543.15361,0,0,48923,7387,262417,13806,0,262656
balloon2,378,1548266543.18698,800,0,49654,8725,262260,15383,800,262476
balloon2,379,1548266543.22035,1114,0,51271,9761,262682,16126,1114,262915
balloon2,380,1548266543.25372,9201,6528,52927,10358,262635,16279,2673,262884
balloon2,381,1548266543.28709,6471,6170,54624,11520,263114,17041,301,263350
balloon2,382,1548266543.32043,3091,0,55235,12784,262299,18468,3091,262544
balloon2,383,1548266543.35378,8025,7157,56423,13168,262237,19743,868,262496
balloon2,384,1548266543.38715,552,0,67862,20271,262330,20590,552,262567
balloon2,385,1548266543.42052,3794,0,68555,19097,261539,19384,3794,261771
balloon2,386,1548266543.45388,5809,136,64999,16198,259907,19047,5673,260138
balloon2,387,1548266543.48725,7778,0,66382,15894,259647,18865,7778,259885
balloon2,388,1548266543.52062,12950,85,68641,15172,259358,18319,12865,259586
balloon2,389,1548266543.55399,15235,698,69148,15386,260039,18714,14537,260275
balloon2,390,1548266543.58736,17447,5371,71187,19788,260494,23031,12076,260724
balloon2,391,1548266543.62072,17973,997,73007,14479,259739,17373,16976,259995
balloon2,392,1548266543.65410,17606,6017,74989,22478,261878,25389,11589,262126
balloon2,393,1548266543.68747,16229,11249,76273,30427,261293,33267,4980,261446
balloon2,394,1548266543.72085,15588,777,76730,17485,260760,19265,14811,260829
balloon2,395,1548266543.75422,16257,493,76519,18221,258278,19786,15764,258302
balloon2,396,1548266543.78758,14758,12013,77178,34559,259692,35337,2745,259714
balloon2,397,1548266543.82095,13318,1631,75234,26627,255855,27438,11687,255878
balloon2,398,1548266543.85432,15404,1137,73302,26036,252855,27019,14267,252855
balloon2,399,1548266543.88766,32778,24723,75246,28813,254682,29632,8055,254682
balloon2,400,1548266543.92103,32741,27513,74125,29363,252658,31330,5228,252673
balloon2,401,1548266543.95438,932,81,74439,28872,251961,30761,851,251976
balloon2,402,1548266543.98775,2734,13,75065,30003,251973,32552,2721,251991
balloon2,403,1548266544.02112,3015,0,74750,29649,251911,32870,3015,251925
balloon2,404,1548266544.05449,481,0,73427,29501,251407,33687,481,251420
balloon2,405,1548266544.08786,5442,488,72533,29202,249783,33952,4954,249797
balloon2,406,1548266544.12124,3268,1533,72818,31966,250504,38548,1735,250518
balloon2,407,1548266544.15461,3677,1130,71939,31659,248040,38451,2547,248054
balloon2,408,1548266544.18799,2321,1210,71680,32028,248224,39466,1111,248237
balloon2,409,1548266544.22135,1956,899,71430,31644,247377,39414,1057,247390
balloon2,410,1548266544.25473,1368,765,72084,31606,246500,39998,603,246514
balloon2,411,1548266544.28810,2327,824,70681,31436,246576,40088,1503,246590
balloon2,412,1548266544.32147,1928,912,70428,31299,249132,41346,1016,249146
balloon2,413,1548266544.35484,710,65,68415,32146,247927,43340,645,247941
balloon2,414,1548266544.38821,1084,0,63816,31294,247132,42948,1084,247180
balloon2,415,1548266544.42158,621,0,58999,30164,245905,41365,621,245956
balloon2,416,1548266544.45495,607,0,30114,7179,246140,40594,607,246179
balloon2,417,1548266544.48830,1696,217,31204,7343,244774,40598,1479,244834
balloon2,418,1548266544.52163,540,281,31312,7098,245996,40111,259,246073
balloon2,419,1548266544.55500,1630,339,31227,7147,247682,41209,1291,247785
balloon2,420,1548266544.58835,1192,556,33636,7440,248157,41942,636,248306
balloon2,421,1548266544.62172,1117,724,31085,6467,248204,42360,393,248387
balloon2,422,1548266544.65508,1400,882,30706,6303,251111,43036,518,251294
balloon2,423,1548266544.68845,1074,986,29623,6202,251090,45164,88,251289
balloon2,424,1548266544.72182,1903,1156,32712,5766,251503,44432,747,251701
balloon2,425,1548266544.75519,3087,1231,33430,5893,251196,44061,1856,251391
balloon2,426,1548266544.78856,2224,1042,32570,5447,251363,43203,1182,251553
balloon2,427,1548266544.82193,1874,1001,33602,5543,253720,44978,873,253914
balloon2,428,1548266544.85530,2781,832,32760,5023,252759,43620,1949,252943
balloon2,429,1548266544.88867,2117,1038,33852,5863,254896,46446,1079,255074
balloon2,430,1548266544.92204,511,0,33631,5236,253931,45296,511,254110
balloon2,431,1548266544.95541,521,0,33928,6301,256849,49411,521,257032
balloon2,432,1548266544.98876,3024,1108,37089,6409,257115,51029,1916,257310
balloon2,433,1548266545.02213,2332,336,36215,5730,256438,50621,1996,256642
balloon2,434,1548266545.05549,2488,0,35898,5566,255193,50739,2488,255397
balloon2,435,1548266545.08886,5122,1026,34700,5991,255013,53742,4096,255216
balloon2,436,1548266545.12224,777,0,34940,6123,255475,55129,777,255679
balloon2,437,1548266545.15560,1380,130,36016,6410,254454,56296,1250,254658
balloon2,438,1548266545.18895,1874,675,35823,6633,252566,56976,1199,252770
balloon2,439,1548266545.22232,5528,623,36063,7241,253270,57918,4905,253474
balloon2,440,1548266545.25569,4250,0,34987,5687,252239,56312,4250,252442
balloon2,441,1548266545.28906,0,0,35456,7864,250230,56586,0,250434
balloon2,442,1548266545.32243,4050,597,36957,9621,251003,56999,3453,251207
balloon2,443,1548266545.35581,4007,496,38594,10633,253884,57495,3511,254088
balloon2,444,1548266545.38918,4102,0,38652,8878,253634,56128,4102,253838
balloon2,445,1548266545.42255,3176,0,38869,7876,254145,55461,3176,254349
balloon2,446,1548266545.45592,816,0,38931,8793,252593,55752,816,252797
balloon2,447,1548266545.48929,4815,0,39314,8051,254988,54070,4815,255192
balloon2,448,1548266545.52266,0,0,71304,37766,254751,53726,0,254955
balloon2,449,1548266545.55603,0,0,71605,36587,254496,52323,0,254700
balloon2,450,1548266545.58940,0,0,71678,36311,254539,51172,0,254743
balloon2,451,1548266545.62276,1032,0,72022,35608,254966,50013,1032,255170
balloon2,452,1548266545.65613,3454,182,73000,34871,256760,48582,3272,256977
balloon2,453,1548266545.68950,1540,472,71827,33936,255519,45850,1068,255737
balloon2,454,1548266545.72287,1087,339,71313,33411,256921,44238,748,257139
balloon2,455,1548266545.75623,589,208,69474,33311,258323,42467,381,258541
balloon2,456,1548266545.78960,2569,2562,67552,33039,256476,41035,7,256692
balloon2,457,1548266545.82297,4302,2533,67750,33535,257684,40627,1769,257902
balloon2,458,1548266545.85633,3576,2389,66370,34584,258815,41519,1187,259033
balloon2,459,1548266545.88970,2198,0,65002,35107,256334,41694,2198,256551
balloon2,460,1548266545.92307,2154,0,63016,36081,255294,41438,2154,255512
balloon2,461,1548266545.95644,942,0,59628,36355,256404,40521,942,256622
balloon2,462,1548266545.98981,107,0,59514,36638,255104,39864,107,255322
balloon2,463,1548266546.02318,37123,35977,57212,36525,255269,38474,1146,255486
balloon2,464,1548266546.05655,2897,0,57472,35392,255137,36729,2897,255355
balloon2,465,1548266546.08992,2208,0,57755,34171,257764,35321,2208,257983
balloon2,466,1548266546.12329,5792,0,58200,33209,257862,34617,5792,258086
balloon2,467,1548266546.15663,1563,0,58186,31781,258292,33880,1563,258527
balloon2,468,1548266546.18998,1076,0,55850,30025,257412,32424,1076,257652
mv_no_box,0,1548266065.37646,403,0,182907,0,253797,0,403,254344
mv_no_box,1,1548266065.40983,559,0,187275,0,254265,0,559,254818
mv_no_box,2,1548266065.44320,2505,0,190260,0,254015,0,2505,254572
mv_no_box,3,1548266065.47656,5100,0,190572,0,253584,0,5100,254128
mv_no_box,4,1548266065.50993,44683,0,191079,0,254426,0,44683,254979
mv_no_box,5,1548266065.54330,2623,0,195261,0,254150,0,2623,254704
mv_no_box,6,1548266065.57667,376,0,195523,0,253839,0,376,254387
mv_no_box,7,1548266065.61005,1552,0,195065,0,253302,0,1552,253845
mv_no_box,8,1548266065.64342,4099,0,196169,0,253741,0,4099,254290
mv_no_box,9,1548266065.67678,2218,0,196795,0,253234,0,2218,253787
mv_no_box,10,1548266065.71015,350,0,197662,0,253378,0,350,253930
mv_no_box,11,1548266065.74351,1814,0,199199,0,254879,0,1814,255433
mv_no_box,12,1548266065.77689,4970,0,201099,0,255467,0,4970,256021
mv_no_box,13,1548266065.81027,3012,0,201867,0,254851,0,3012,255405
mv_no_box,14,1548266065.84364,157037,0,202372,0,255451,0,157037,256006
mv_no_box,15,1548266065.87699,161938,0,202475,0,255138,0,161938,255693
mv_no_box,16,1548266065.91036,165281,0,203174,0,255672,0,165281,256228
mv_no_box,17,1548266065.94373,166781,0,203600,0,256140,0,166781,256697
mv_no_box,18,1548266065.97710,1471,0,204328,0,256623,0,1471,257176
mv_no_box,19,1548266066.01047,283,0,203243,0,255858,0,283,256412
mv_no_box,20,1548266066.04385,46235,0,196504,0,255650,0,46235,256207
mv_no_box,21,1548266066.07720,1118,0,197938,0,256669,0,1118,257226
mv_no_box,22,1548266066.14395,885,0,197810,0,256457,0,885,257009
mv_no_box,23,1548266066.17733,3117,0,198604,0,256952,0,3117,257509
mv_no_box,24,1548266066.21070,3751,0,197813,0,256969,0,3751,257526
mv_no_box,25,1548266066.24407,2917,0,197299,0,256970,0,2917,257527
mv_no_box,26,1548266066.27744,1230,0,198125,0,257356,0,1230,257908
mv_no_box,27,1548266066.31080,6077,0,199111,0,258508,0,6077,259064
mv_no_box,28,1548266066.34417,4988,0,198100,0,257548,0,4988,258105
mv_no_box,29,1548266066.37754,1244,0,198159,0,257527,0,1244,258084
mv_no_box,30,1548266066.41091,997,0,195619,0,258254,0,997,258810
mv_no_box,31,1548266066.44424,1001,0,194696,0,259369,0,1001,259924
mv_no_box,32,1548266066.47761,1134,0,189952,0,258770,0,1134,259325
mv_no_box,33,1548266066.51098,1397,0,65026,0,258491,0,1397,259048
mv_no_box,34,1548266066.54435,1064,0,64661,0,257875,0,1064,258431
mv_no_box,35,1548266066.57772,1298,0,65632,0,258671,0,1298,259227
mv_no_box,36,1548266066.61109,1840,0,31145,0,259013,0,1840,259569
mv_no_box,37,1548266066.64446,2112,0,32262,0,258804,0,2112,259361
mv_no_box,38,1548266066.67782,2350,0,33548,0,258942,0,2350,259496
mv_no_box,39,1548266066.71119,2062,0,32731,0,258346,0,2062,258901
mv_no_box,40,1548266066.74456,699,0,34791,0,257952,0,699,258507
mv_no_box,41,1548266066.77792,918,0,35639,0,259040,0,918,259594
mv_no_box,42,1548266066.81129,1021,0,35761,0,258649,0,1021,259203
mv_no_box,43,1548266066.84469,2249,0,35114,0,259063,0,2249,259617
mv_no_box,44,1548266066.87806,1767,0,31717,0,259409,0,1767,259964
mv_no_box,45,1548266066.91143,746,0,33646,0,258466,0,746,259020
mv_no_box,46,1548266066.94480,904,0,34967,0,259516,0,904,260070
mv_no_box,47,1548266066.97817,1066,0,37972,0,259439,0,1066,260004
mv_no_box,48,1548266067.01153,1085,0,40556,0,259911,0,1085,260463
mv_no_box,49,1548266067.04490,1822,0,42833,0,259172,0,1822,259726
mv_no_box,50,1548266067.07826,2553,0,44813,0,259973,0,2553,260528
mv_no_box,51,1548266067.11161,2511,0,49293,0,259456,0,2511,260011
mv_no_box,52,1548266067.14498,3456,0,51182,0,258502,0,3456,259055
mv_no_box,53,1548266067.17835,3914,0,51140,0,259353,0,3914,259912
mv_no_box,54,1548266067.21172,2571,0,51003,0,259512,0,2571,260066
mv_no_box,55,1548266067.24509,3440,0,50657,0,259685,0,3440,260240
mv_no_box,56,1548266067.27846,3257,0,52210,0,259558,0,3257,260113
mv_no_box,57,1548266067.31183,1948,0,53257,0,259260,0,1948,259815
mv_no_box,58,1548266067.34520,2446,0,53419,0,258909,0,2446,259464
mv_no_box,59,1548266067.37857,1506,0,52108,0,258259,0,1506,258811
mv_no_box,60,1548266067.41194,6339,0,51231,0,267105,0,6339,267679
mv_no_box,61,1548266067.44530,2403,0,52039,0,267582,0,2403,268157
mv_no_box,62,1548266067.47866,9390,0,53298,0,268273,0,9390,268848
mv_no_box,63,1548266067.51203,4535,0,55018,0,267994,0,4535,268570
mv_no_box,64,1548266067.54540,6163,0,55048,0,268111,0,6163,268686
mv_no_box,65,1548266067.57877,4869,0,56217,0,267733,0,4869,268308
mv_no_box,66,1548266067.61213,7087,0,56746,0,267362,0,7087,267938
mv_no_box,67,1548266067.64549,6372,0,56880,0,267871,0,6372,268447
mv_no_box,68,1548266067.67886,1803,0,55925,0,266361,0,1803,266937
mv_no_box,69,1548266067.71223,1991,0,56079,0,266262,0,1991,266837
mv_no_box,70,1548266067.74560,2986,0,55557,0,266449,0,2986,267025
mv_no_box,71,1548266067.77897,2434,0,53905,0,265918,0,2434,266494
mv_no_box,72,1548266067.81233,3262,0,94799,0,264086,0,3262,264662
mv_no_box,73,1548266067.84568,2509,0,98275,0,265944,0,2509,266520
mv_no_box,74,1548266067.87905,1045,0,96075,0,263319,0,1045,263895
mv_no_box,75,1548266067.91241,1062,0,96823,0,263549,0,1062,264125
mv_no_box,76,1548266067.94578,1479,0,97932,0,263928,0,1479,264504
mv_no_box,77,1548266067.97916,2844,0,97617,0,263413,0,2844,263989
mv_no_box,78,1548266068.01253,4241,0,94340,0,264395,0,4241,264971
mv_no_box,79,1548266068.04590,1588,0,93198,0,265115,0,1588,265691
mv_no_box,80,1548266068.07927,2360,0,89361,0,264504,0,2360,265080
mv_no_box,81,1548266068.11264,3868,0,87033,0,263904,0,3868,264480
mv_no_box,82,1548266068.14601,393,0,84449,0,264989,0,393,265565
mv_no_box,83,1548266068.17938,1300,0,80306,0,263398,0,1300,263974
mv_no_box,84,1548266068.21275,2404,0,79203,0,261503,0,2404,262079
mv_no_box,85,1548266068.24612,1243,0,80024,0,262297,0,1243,262873
mv_no_box,86,1548266068.27949,2550,0,81792,0,262408,0,2550,262984
mv_no_box,87,1548266068.31286,48946,0,82955,0,261879,0,48946,262455
mv_no_box,88,1548266068.34623,5947,0,84321,0,261676,0,5947,262252
mv_no_box,89,1548266068.37960,2341,0,87375,0,263276,0,2341,263852
mv_no_box,90,1548266068.41297,2635,0,87269,0,260164,0,2635,260739
mv_no_box,91,1548266068.44634,1764,0,88266,0,258069,0,1764,258644
mv_no_box,92,1548266068.47970,1574,166,99373,1080,259821,1455,1408,260397
mv_no_box,93,1548266068.51307,660,0,100332,0,259762,0,660,260338
mv_no_box,94,1548266068.54644,1071,0,99561,0,259530,0,1071,260106
mv_no_box,95,1548266068.57980,0,0,103009,0,261845,0,0,262421
mv_no_box,96,1548266068.61315,1251,0,104314,0,260699,0,1251,261274
mv_no_box,97,1548266068.64652,1602,0,102279,0,259715,0,1602,260291
mv_no_box,98,1548266068.67989,1889,0,104137,0,261115,0,1889,261691
mv_no_box,99,1548266068.71324,1121,0,104538,0,260302,0,1121,260877
mv_no_box,100,1548266068.74661,2092,0,105255,0,260164,0,2092,260740
mv_no_box,101,1548266068.77998,5085,0,105451,0,259614,0,5085,260190
mv_no_box,102,1548266068.81335,4538,0,105097,0,258730,0,4538,259306
mv_no_box,103,1548266068.84673,5461,0,95396,0,259982,0,5461,260557
mv_no_box,104,1548266068.88009,5841,0,94939,0,260803,0,5841,261378
mv_no_box,105,1548266068.91347,5935,0,95737,0,260849,0,5935,261425
mv_no_box,106,1548266068.94682,6534,0,96580,0,262089,0,6534,262665
mv_no_box,107,1548266068.98021,46528,0,96713,0,261594,0,46528,262170
mv_no_box,108,1548266069.01358,5677,0,97754,0,261374,0,5677,261948
mv_no_box,109,1548266069.04693,7863,0,98451,0,261924,0,7863,262499
mv_no_box,110,1548266069.08031,8252,0,99370,0,262729,0,8252,263306
mv_no_box,111,1548266069.11368,8338,0,99688,0,262174,0,8338,262751
mv_no_box,112,1548266069.14704,5147,0,99486,0,262409,0,5147,262985
mv_no_box,113,1548266069.18041,6643,0,99641,0,263005,0,6643,263581
mv_no_box,114,1548266069.21378,4497,0,97868,0,261093,0,4497,261670
mv_no_box,115,1548266069.24715,5536,0,98887,0,264366,0,5536,264943
mv_no_box,116,1548266069.28052,2974,0,96867,0,261508,0,2974,262085
mv_no_box,117,1548266069.31388,3505,0,101135,0,260969,0,3505,261545
mv_no_box,118,1548266069.34725,7072,0,101567,0,262102,0,7072,262678
mv_no_box,119,1548266069.38063,4147,0,100381,0,262423,0,4147,263000
mv_no_box,120,1548266069.41399,4506,0,99597,0,262253,0,4506,262830
mv_no_box,121,1548266069.44737,6531,0,97879,0,263213,0,6531,263790
mv_no_box,122,1548266069.48073,3726,0,96895,0,263607,0,3726,264184
mv_no_box,123,1548266069.51411,5800,0,87367,0,262746,0,5800,263323
mv_no_box,124,1548266069.54748,4463,0,85277,0,263177,0,4463,263754
mv_no_box,125,1548266069.58085,3007,0,83378,0,263100,0,3007,263677
mv_no_box,126,1548266069.61421,2011,0,79336,0,262173,0,2011,262750
mv_no_box,127,1548266069.64758,695,0,77521,0,261257,0,695,261834
mv_no_box,128,1548266069.68093,0,0,79590,0,264399,0,0,264976
mv_no_box,129,1548266069.71433,0,0,78694,0,263375,0,0,263952
mv_no_box,130,1548266069.74767,449,0,78986,0,262203,0,449,262780
mv_no_box,131,1548266069.78102,529,0,80310,0,264590,0,529,265167
mv_no_box,132,1548266069.81439,24119,0,81720,0,265407,0,24119,265983
mv_no_box,133,1548266069.84776,25543,0,82576,0,264420,0,25543,264997
mv_no_box,134,1548266069.88113,25307,0,82469,0,264829,0,25307,265406
mv_no_box,135,1548266069.91450,27349,0,85252,0,266755,0,27349,267332
mv_no_box,136,1548266069.94787,1551,0,85115,0,266281,0,1551,266858
mv_no_box,137,1548266069.98124,3181,0,82707,0,263990,0,3181,264566
mv_no_box,138,1548266070.01461,31185,0,84790,0,265651,0,31185,266228
mv_no_box,139,1548266070.04798,1728,0,84569,0,265686,0,1728,266263
mv_no_box,140,1548266070.08137,2612,0,84184,0,264892,0,2612,265469
mv_no_box,141,1548266070.11474,3317,0,84031,0,265212,0,3317,265789
mv_no_box,142,1548266070.14811,2789,0,85136,0,264659,0,2789,265236
mv_no_box,143,1548266070.18148,4579,0,85702,0,264282,0,4579,264859
mv_no_box,144,1548266070.21483,4189,0,85723,0,263182,0,4189,263759
mv_no_box,145,1548266070.24820,4423,0,88050,0,264341,0,4423,264917
mv_no_box,146,1548266070.28157,4212,0,89266,0,264528,0,4212,265105
mv_no_box,147,1548266070.31494,3425,0,92374,0,264149,0,3425,264726
mv_no_box,148,1548266070.34831,3779,0,93694,0,265368,0,3779,265944
mv_no_box,149,1548266070.38168,3932,0,93212,0,265055,0,3932,265629
mv_no_box,150,1548266070.41506,6989,0,93676,0,264404,0,6989,264980
mv_no_box,151,1548266070.44843,3355,0,92858,0,265897,0,3355,266472
mv_no_box,152,1548266070.48179,3521,0,94522,0,265879,0,3521,266455
mv_no_box,153,1548266070.51516,6996,0,93381,0,265685,0,6996,266260
mv_no_box,154,1548266070.54853,4064,0,67342,0,266862,0,4064,267438
mv_no_box,155,1548266070.58190,5675,0,67488,0,265755,0,5675,266330
mv_no_box,156,1548266070.61527,6345,0,67534,0,266770,0,6345,267344
mv_no_box,157,1548266070.64864,8415,0,67291,0,267829,0,8415,268404
mv_no_box,158,1548266070.68201,4538,0,66476,0,266312,0,4538,266888
mv_no_box,159,1548266070.71538,3905,0,65564,0,266808,0,3905,267384
mv_no_box,160,1548266070.74875,6522,0,64710,0,267158,0,6522,267734
mv_no_box,161,1548266070.78212,4665,0,63010,0,267749,0,4665,268325
mv_no_box,162,1548266070.81549,10945,0,61767,0,267340,0,10945,267916
mv_no_box,163,1548266070.84886,4004,0,61838,0,267695,0,4004,268271
mv_no_box,164,1548266070.88224,8540,0,61048,0,268295,0,8540,268871
mv_no_box,165,1548266070.91561,4089,0,61072,0,267726,0,4089,268302
mv_no_box,166,1548266070.94898,1128,0,60201,0,267997,0,1128,268573
mv_no_box,167,1548266070.98235,3612,0,59199,0,267872,0,3612,268448
mv_no_box,168,1548266071.01572,1297,0,57846,0,266686,0,1297,267261
mv_no_box,169,1548266071.04909,2707,0,56580,0,266805,0,2707,267381
mv_no_box,170,1548266071.08244,1882,0,56971,0,267817,0,1882,268393
mv_no_box,171,1548266071.11581,1322,0,55732,0,267332,0,1322,267908
mv_no_box,172,1548266071.14918,2476,0,54993,0,267189,0,2476,267764
mv_no_box,173,1548266071.18255,3237,0,52426,0,267387,0,3237,267963
mv_no_box,174,1548266071.21592,3000,0,52526,0,268091,0,3000,268667
mv_no_box,175,1548266071.24931,1680,0,51473,0,267602,0,1680,268178
mv_no_box,176,1548266071.28268,1571,0,52399,0,268424,0,1571,269000
mv_no_box,177,1548266071.31605,3188,0,49915,0,267676,0,3188,268252
mv_no_box,178,1548266071.34939,4478,0,45550,0,267790,0,4478,268366
mv_no_box,179,1548266071.38276,1521,0,44317,0,268105,0,1521,268681
mv_no_box,180,1548266071.41613,5117,0,37908,0,268124,0,5117,268700
mv_no_box,181,1548266071.44950,1697,0,35069,0,267000,0,1697,267575
mv_no_box,182,1548266071.48287,2054,0,35644,0,266775,0,2054,267351
mv_no_box,183,1548266071.51624,677,0,33525,0,267507,0,677,268083
mv_no_box,184,1548266071.54961,529,0,32239,0,266742,0,529,267318
mv_no_box,185,1548266071.58297,1237,0,30139,0,266830,0,1237,267405
mv_no_box,186,1548266071.61635,1386,0,29636,0,268085,0,1386,268660
mv_no_box,187,1548266071.64971,716,0,28137,0,266324,0,716,266898
mv_no_box,188,1548266071.68309,1210,0,26629,0,266348,0,1210,266923
mv_no_box,189,1548266071.71646,2205,0,25705,0,267654,0,2205,268230
mv_no_box,190,1548266071.74983,1868,0,24113,0,267127,0,1868,267703
mv_no_box,191,1548266071.78321,3788,0,23671,0,267122,0,3788,267698
mv_no_box,192,1548266071.81658,594,0,24209,0,266779,0,594,267355
mv_no_box,193,1548266071.84995,1307,0,22974,0,266148,0,1307,266724
mv_no_box,194,1548266071.88332,409,0,21730,0,267771,0,409,268346
mv_no_box,195,1548266071.91669,1527,0,21049,0,265919,0,1527,266494
mv_no_box,196,1548266071.95006,1401,0,19221,0,266121,0,1401,266697
mv_no_box,197,1548266071.98341,3733,0,18202,0,267467,0,3733,268042
mv_no_box,198,1548266072.01678,3458,0,17316,0,266302,0,3458,266878
mv_no_box,199,1548266072.05015,0,0,16735,0,265008,0,0,265582
mv_no_box,200,1548266072.08352,0,0,16760,0,266983,0,0,267556
mv_no_box,201,1548266072.11687,0,0,16158,0,264688,0,0,265262
mv_no_box,202,1548266072.15025,0,0,16265,0,265317,0,0,265892
mv_no_box,203,1548266072.18362,0,0,16198,0,266907,0,0,267483
mv_no_box,204,1548266072.21699,979,0,15916,0,265975,0,979,266551
mv_no_box,205,1548266072.25035,767,0,15771,0,265862,0,767,266438
mv_no_box,206,1548266072.28372,983,0,15579,0,266594,0,983,267169
mv_no_box,207,1548266072.31709,5030,0,15222,0,265998,0,5030,266574
mv_no_box,208,1548266072.35046,5519,0,14866,0,265505,0,5519,266081
mv_no_box,209,1548266072.38383,4896,0,14407,0,266820,0,4896,267396
mv_no_box,210,1548266072.41720,1380,0,13735,0,264801,0,1380,265376
mv_no_box,211,1548266072.45057,197,0,13153,0,265600,0,197,266175
mv_no_box,212,1548266072.48394,0,0,12267,0,266134,0,0,266709
mv_no_box,213,1548266072.51728,174,0,11811,0,266144,0,174,266720
mv_no_box,214,1548266072.55065,255,0,11393,0,266297,0,255,266870
mv_no_box,215,1548266072.58402,0,0,11865,0,267593,0,0,268166
mv_no_box,216,1548266072.61739,639,0,12048,0,265578,0,639,266152
mv_no_box,217,1548266072.65076,0,0,12383,0,266399,0,0,266975
mv_no_box,218,1548266072.68413,854,0,12590,0,266551,0,854,267127
mv_no_box,219,1548266072.71750,675,0,12756,0,267048,0,675,267622
mv_no_box,220,1548266072.75087,1244,0,13203,0,267448,0,1244,268024
mv_no_box,221,1548266072.78424,318,0,13170,0,265444,0,318,266020
mv_no_box,222,1548266072.81760,982,0,13061,0,264928,0,982,265504
mv_no_box,223,1548266072.85098,170,0,12463,0,265456,0,170,266032
mv_no_box,224,1548266072.88437,202,0,12181,0,264570,0,202,265146
mv_no_box,225,1548266072.91774,510,0,11476,0,265578,0,510,266154
mv_no_box,226,1548266072.95111,0,0,10751,0,265122,0,0,265697
mv_no_box,227,1548266072.98448,229,0,11238,0,266001,0,229,266576
mv_no_box,228,1548266073.01785,450,0,11046,0,265726,0,450,266300
mv_no_box,229,1548266073.05122,1012,0,11065,0,265669,0,1012,266244
mv_no_box,230,1548266073.08459,954,0,11173,0,265652,0,954,266228
mv_no_box,231,1548266073.11796,464,0,11236,0,265509,0,464,266084
mv_no_box,232,1548266073.15133,879,0,10388,0,265326,0,879,265902
mv_no_box,233,1548266073.18470,867,0,11011,0,265522,0,867,266098
mv_no_box,234,1548266073.21806,278,0,12018,0,265687,0,278,266263
mv_no_box,235,1548266073.25142,899,0,13559,0,265708,0,899,266284
mv_no_box,236,1548266073.28478,1513,0,15441,0,266816,0,1513,267392
mv_no_box,237,1548266073.31815,112,0,17206,0,266264,0,112,266839
mv_no_box,238,1548266073.35152,0,0,17696,0,265813,0,0,266389
mv_no_box,239,1548266073.38488,304,0,20868,0,265474,0,304,266050
mv_no_box,240,1548266073.41825,2705,0,23879,0,266418,0,2705,266995
mv_no_box,241,1548266073.45161,378,0,27661,0,266950,0,378,267527
mv_no_box,242,1548266073.48498,716,0,31647,0,264176,0,716,264753
mv_no_box,243,1548266073.51835,236,0,35445,0,264543,0,236,265120
mv_no_box,244,1548266073.55172,666,0,38419,0,266303,0,666,266880
mv_no_box,245,1548266073.58509,222,0,41294,0,264682,0,222,265259
mv_no_box,246,1548266073.61846,0,0,40890,0,263434,0,0,264011
mv_no_box,247,1548266073.65182,102,0,48936,0,265564,0,102,266141
mv_no_box,248,1548266073.68519,363,0,48049,0,264854,0,363,265431
mv_no_box,249,1548266073.71856,1350,0,48056,0,265652,0,1350,266229
mv_no_box,250,1548266073.75193,3115,2005,47965,3559,264924,3559,1110,265501
mv_no_box,251,1548266073.81866,5107,4322,47874,5178,266000,5302,785,266576
mv_no_box,252,1548266073.85203,6930,6322,48751,6934,265115,6934,608,265692
mv_no_box,253,1548266073.88539,6924,6654,49711,8460,266335,8460,270,266912
mv_no_box,254,1548266073.91876,10806,10256,49684,11252,265908,11252,550,266485
mv_no_box,255,1548266073.95213,5713,5401,49624,15041,266061,15041,312,266638
mv_no_box,256,1548266073.98550,17896,14375,48941,16148,266930,16148,3521,267507
mv_no_box,257,1548266074.01887,21575,18124,49672,18783,267727,18783,3451,268304
mv_no_box,258,1548266074.05223,25187,22238,48916,23111,266761,23112,2949,267338
mv_no_box,259,1548266074.08561,27655,25309,48974,26731,267032,26731,2346,267608
mv_no_box,260,1548266074.11898,29996,27612,48947,29773,267756,29810,2384,268333
mv_no_box,261,1548266074.15235,3068,2963,48852,32327,267075,32411,105,267652
mv_no_box,262,1548266074.18572,32326,31128,48696,32959,267384,33983,1198,267959
mv_no_box,263,1548266074.21908,164,0,49445,32285,266531,34333,164,267108
mv_no_box,264,1548266074.25244,0,0,49567,31696,266512,36588,0,267088
mv_no_box,265,1548266074.28582,0,0,49484,31024,266426,38685,0,267002
mv_no_box,266,1548266074.31918,0,0,48800,30628,265746,43183,0,266323
mv_no_box,267,1548266074.35254,2109,494,48985,30561,265916,45765,1615,266493
mv_no_box,268,1548266074.38591,559,0,48175,29975,265547,47225,559,266124
mv_no_box,269,1548266074.41928,530,0,47878,29741,264393,48331,530,264970
mv_no_box,270,1548266074.45264,323,0,47726,29516,264724,49016,323,265301
mv_no_box,271,1548266074.48600,1265,0,47564,28681,263340,48930,1265,263917
mv_no_box,272,1548266074.51937,395,0,47045,27091,263258,48983,395,263835
mv_no_box,273,1548266074.55275,373,89,46361,25343,264089,49310,284,264666
mv_no_box,274,1548266074.58612,0,0,44593,21965,263441,48322,0,264018
mv_no_box,275,1548266074.61948,392,0,43601,19829,262278,47632,392,262854
mv_no_box,276,1548266074.65286,0,0,39389,16482,262203,47063,0,262778
mv_no_box,277,1548266074.68623,0,0,38739,16098,261716,46193,0,262292
mv_no_box,278,1548266074.71960,0,0,14417,1018,261977,47056,0,262553
mv_no_box,279,1548266074.75297,0,0,14471,1005,261613,46904,0,262188
mv_no_box,280,1548266074.78633,0,0,147424,38423,262255,46869,0,262832
mv_no_box,281,1548266074.81969,0,0,153268,41305,261740,46536,0,262317
mv_no_box,282,1548266074.85306,396,0,156934,42606,261522,46437,396,262099
mv_no_box,283,1548266074.88643,0,0,159688,43184,261857,46713,0,262434
mv_no_box,284,1548266074.91981,358,0,160906,42981,261936,46114,358,262513
mv_no_box,285,1548266074.95318,574,0,161576,42949,262641,46042,574,263217
mv_no_box,286,1548266074.98655,804,0,161317,42799,262025,45698,804,262600
mv_no_box,287,1548266075.01992,823,116,165498,43470,263517,46543,707,264092
mv_no_box,288,1548266075.05329,3776,0,167133,43069,263917,45933,3776,264493
mv_no_box,289,1548266075.08666,1034,0,166220,42150,262492,44917,1034,263069
mv_no_box,290,1548266075.12003,1561,164,167825,42805,263307,46026,1397,263883
mv_no_box,291,1548266075.15340,3359,0,169371,42695,263528,45921,3359,264104
mv_no_box,292,1548266075.18676,1243,0,167915,41792,261526,45138,1243,262103
mv_no_box,293,1548266075.22013,3310,0,168236,42220,262179,45833,3310,262753
mv_no_box,294,1548266075.25350,629,0,172214,41810,266260,45035,629,266837
mv_no_box,295,1548266075.28687,138041,40020,170489,41866,264368,45061,98021,264944
mv_no_box,296,1548266075.32024,132433,40340,176261,43151,266550,46108,92093,267127
mv_no_box,297,1548266075.35361,71814,38150,175099,42462,264029,44852,33664,264604
mv_no_box,298,1548266075.38698,121446,39583,174184,43791,263171,45871,81863,263746
mv_no_box,299,1548266075.42035,3027,300,175404,43985,264404,45292,2727,264980
mv_no_box,300,1548266075.45372,1250,0,174082,44120,262929,44970,1250,263505
mv_no_box,301,1548266075.48706,1703,792,174563,43724,263046,44833,911,263623
mv_no_box,302,1548266075.52042,120605,38363,177121,44167,265459,44603,82242,266035
mv_no_box,303,1548266075.55379,5174,70,174184,42828,261809,42893,5104,262385
mv_no_box,304,1548266075.58715,1462,0,173428,42281,261212,42402,1462,261788
mv_no_box,305,1548266075.62052,9839,103,175589,43052,262548,43157,9736,263124
mv_no_box,306,1548266075.65389,2812,30,177771,42707,263622,42824,2782,264198
mv_no_box,307,1548266075.68726,393,0,177865,42385,263403,42590,393,263980
mv_no_box,308,1548266075.72063,846,0,176012,41334,261744,41497,846,262320
mv_no_box,309,1548266075.75401,592,45,174314,41269,261207,41407,547,261784
mv_no_box,310,1548266075.78737,6311,594,174216,40809,261068,40977,5717,261643
mv_no_box,311,1548266075.82074,109510,35603,168978,41015,262441,41181,73907,263017
mv_no_box,312,1548266075.85412,110959,37053,164481,42233,263803,42518,73906,264380
mv_no_box,313,1548266075.88748,502,0,160704,40943,261874,41726,502,262451
mv_no_box,314,1548266075.92085,680,467,154392,41265,261245,42281,213,261821
mv_no_box,315,1548266075.95422,916,753,153314,41232,260638,42328,163,261214
mv_no_box,316,1548266075.98759,2151,1163,154595,41959,261641,42938,988,262216
mv_no_box,317,1548266076.02096,2933,1079,156628,41461,263564,42243,1854,264140
mv_no_box,318,1548266076.05433,2436,1537,144140,40630,261763,42155,899,262340
mv_no_box,319,1548266076.08770,1977,0,144650,40193,263449,42138,1977,264026
mv_no_box,320,1548266076.12107,3451,86,147134,40348,265266,42158,3365,265842
mv_no_box,321,1548266076.15444,43095,36335,142588,41060,261583,42488,6760,262160
mv_no_box,322,1548266076.18781,2853,0,148403,39257,264271,40275,2853,264848
mv_no_box,323,1548266076.22118,43669,36633,149520,42209,261480,44432,7036,262057
mv_no_box,324,1548266076.25454,0,0,148661,40756,260016,42773,0,260592
mv_no_box,325,1548266076.28791,0,0,148262,41229,259616,43618,0,260193
mv_no_box,326,1548266076.32128,0,0,147174,39226,258566,41352,0,259143
mv_no_box,327,1548266076.35465,0,0,144457,38764,259863,41512,0,260440
mv_no_box,328,1548266076.38802,1789,0,105495,36063,259897,41190,1789,260474
mv_no_box,329,1548266076.42139,445,47,106590,36592,262344,41680,398,262920
mv_no_box,330,1548266076.45475,751,0,105425,36661,259559,40850,751,260136
mv_no_box,331,1548266076.48812,7274,842,107742,36389,261061,41035,6432,261638
mv_no_box,332,1548266076.52149,9265,1522,108554,36315,260529,40775,7743,261104
mv_no_box,333,1548266076.55486,7213,840,107486,37316,259151,40971,6373,259726
mv_no_box,334,1548266076.58823,5937,914,107824,37523,259853,41725,5023,260429
mv_no_box,335,1548266076.62160,7726,974,109502,37925,262280,42327,6752,262856
mv_no_box,336,1548266076.65497,58449,33296,110087,36740,262416,41616,25153,262993
mv_no_box,337,1548266076.68834,25395,802,108403,34546,261616,42381,24593,262193
mv_no_box,338,1548266076.72170,23430,0,106111,33932,259908,43209,23430,260485
mv_no_box,339,1548266076.75506,653,0,122175,40601,260243,42872,653,260820
mv_no_box,340,1548266076.78842,0,0,121646,42155,259008,44902,0,259585
mv_no_box,341,1548266076.82180,422,0,122780,39439,260553,42655,422,261130
mv_no_box,342,1548266076.85517,327,0,121363,38463,259068,42838,327,259644
mv_no_box,343,1548266076.88854,0,0,121086,40078,258789,43637,0,259365
mv_no_box,344,1548266076.92191,104,0,120883,40410,258736,44618,104,259313
mv_no_box,345,1548266076.95530,2617,107,120138,42322,259285,47604,2510,259861
mv_no_box,346,1548266076.98867,5988,450,122698,41840,261399,45805,5538,261974
mv_no_box,347,1548266077.02204,7209,347,167818,41345,259383,44449,6862,259959
mv_no_box,348,1548266077.05539,991,27,169925,41839,261202,44968,964,261779
mv_no_box,349,1548266077.08875,2090,0,172072,42785,259536,45982,2090,260113
mv_no_box,350,1548266077.12212,9589,1,177790,42888,259315,46657,9588,259891
mv_no_box,351,1548266077.15549,3160,4,177719,43708,259936,47313,3156,260512
mv_no_box,352,1548266077.18886,372,39,171352,40797,259252,48204,333,259828
mv_no_box,353,1548266077.22224,949,109,170080,40092,258072,47380,840,258648
mv_no_box,354,1548266077.25561,63443,38578,165561,41126,260330,48493,24865,260903
mv_no_box,355,1548266077.28899,1178,340,165772,40646,259769,47346,838,260343
mv_no_box,356,1548266077.32234,85,0,164927,39598,258634,47522,85,259182
mv_no_box,357,1548266077.35571,119,0,165333,39801,259056,48137,119,259600
mv_no_box,358,1548266077.38908,238,0,166701,39632,261503,48844,238,262053
mv_no_box,359,1548266077.42245,0,0,166137,39360,261717,49315,0,262277
mv_no_box,360,1548266077.45582,0,0,165861,39510,261231,51053,0,261774
mv_no_box,361,1548266077.48919,1912,665,167081,38662,261546,50737,1247,262092
mv_no_box,362,1548266077.52257,74929,1320,164307,37984,262657,52090,73609,263183
mv_no_box,363,1548266077.55594,12275,834,163226,38719,261431,52041,11441,261954
mv_no_box,364,1548266077.58931,6328,484,163466,38863,262004,52842,5844,262530
mv_no_box,365,1548266077.62268,77939,987,163539,39798,263758,55302,76952,264329
mv_no_box,366,1548266077.65605,2414,193,162183,40036,263183,55944,2221,263760
mv_no_box,367,1548266077.68942,97,0,161495,41577,263336,58867,97,263913
mv_no_box,368,1548266077.72276,2966,48,162460,40825,264315,58542,2918,264892
mv_no_box,369,1548266077.75610,758,219,164304,42976,264347,59631,539,264924
mv_no_box,370,1548266077.78946,3863,1123,111758,11623,262368,59330,2740,262944
mv_no_box,371,1548266077.82283,2702,656,111519,11706,262707,59721,2046,263283
mv_no_box,372,1548266077.85620,2118,0,111680,11361,263826,60203,2118,264403
mv_no_box,373,1548266077.88956,226,226,111139,13073,262966,64697,0,263543
mv_no_box,374,1548266077.92293,0,0,111097,12921,261750,62630,0,262327
mv_no_box,375,1548266077.95630,126,0,111919,10569,263520,59387,126,264096
mv_no_box,376,1548266077.98967,3700,973,112455,12182,263572,60592,2727,264149
mv_no_box,377,1548266078.02303,1203,0,112134,7026,263963,54444,1203,264540
mv_no_box,378,1548266078.05642,325,0,107694,5974,265005,53531,325,265582
mv_no_box,379,1548266078.08979,423,129,105379,4595,264689,51819,294,265265
mv_no_box,380,1548266078.12317,404,238,100481,3910,264962,51214,166,265539
mv_no_box,381,1548266078.15655,1214,0,27374,2838,265635,51288,1214,266212
mv_no_box,382,1548266078.18993,2076,120,26222,2702,265717,50091,1956,266294
mv_no_box,383,1548266078.22330,2161,215,26120,2479,265753,48705,1946,266329
mv_no_box,384,1548266078.25668,7157,0,24317,2370,265590,47712,7157,266167
mv_no_box,385,1548266078.29005,2730,0,24449,2270,265639,47091,2730,266216
mv_no_box,386,1548266078.32342,0,0,22878,1950,265092,47247,0,265668
mv_no_box,387,1548266078.35679,457,0,20951,1571,264593,46712,457,265170
mv_no_box,388,1548266078.39016,0,0,20204,1941,265675,46678,0,266252
mv_no_box,389,1548266078.42353,0,0,20208,1704,266014,47049,0,266591
mv_no_box,390,1548266078.45690,0,0,20073,1657,265363,46459,0,265940
mv_no_box,391,1548266078.49028,309,0,20448,1482,266028,46085,309,266604
mv_no_box,392,1548266078.52365,1178,0,17357,1471,265973,46926,1178,266549
mv_no_box,393,1548266078.55702,1683,0,17065,1320,264646,45852,1683,265223
mv_no_box,394,1548266078.59039,475,121,18374,1348,267215,47837,354,267792
mv_no_box,395,1548266078.62376,377,0,18254,650,266679,47540,377,267255
mv_no_box,396,1548266078.65713,468,0,17830,471,265567,47058,468,266144
mv_no_box,397,1548266078.69051,669,35,17949,530,266419,47594,634,266996
mv_no_box,398,1548266078.72390,268,55,17210,415,266239,48077,213,266816
mv_no_box,399,1548266078.75727,0,0,15995,412,265643,47483,0,266221
mv_no_box,400,1548266078.79064,612,75,10832,598,266588,48736,537,267165
mv_no_box,401,1548266078.82401,174,0,8647,485,266946,47890,174,267523
mv_no_box,402,1548266078.85736,0,0,10058,1877,266627,48004,0,267203
mv_no_box,403,1548266078.89073,362,128,10019,1859,266903,48110,234,267480
mv_no_box,404,1548266078.92412,0,0,10079,1690,266730,47952,0,267307
mv_no_box,405,1548266078.95746,0,0,10696,2946,266672,48993,0,267250
mv_no_box,406,1548266078.99083,819,0,10975,2615,266359,47861,819,266937
mv_no_box,407,1548266079.02420,0,0,61720,35327,266462,47647,0,267040
mv_no_box,408,1548266079.05755,0,0,63986,36243,265378,47918,0,265956
mv_no_box,409,1548266079.09092,1421,0,69512,40018,265824,47863,1421,266401
mv_no_box,410,1548266079.12429,0,0,73200,41450,266944,48668,0,267521
mv_no_box,411,1548266079.15766,190,0,81054,42206,265776,48339,190,266353
mv_no_box,412,1548266079.19102,479,0,83202,42971,265890,48735,479,266468
mv_no_box,413,1548266079.22439,372,155,85746,44064,266883,49566,217,267460
mv_no_box,414,1548266079.25775,0,0,85621,43729,266097,48516,0,266674
mv_no_box,415,1548266079.29114,855,3,86223,44850,267291,49935,852,267868
mv_no_box,416,1548266079.32451,202,0,85687,45470,266346,49736,202,266924
mv_no_box,417,1548266079.35786,1389,495,85416,47362,266942,51368,894,267519
mv_no_box,418,1548266079.39122,764,333,86137,48485,265733,51793,431,266310
mv_no_box,419,1548266079.42458,309,0,87301,48837,265412,51558,309,265988
mv_no_box,420,1548266079.45795,1582,1055,87293,52834,265203,58818,527,265779
mv_no_box,421,1548266079.49132,1683,1602,86847,55339,263244,60615,81,263821
mv_no_box,422,1548266079.52470,53814,49681,88459,55631,264496,58409,4133,265072
mv_no_box,423,1548266079.55806,48646,47371,87913,56168,263811,58932,1275,264386
mv_no_box,424,1548266079.59143,57540,49645,87331,56220,262489,57378,7895,263065
mv_no_box,425,1548266079.62479,48623,47000,87161,59192,264041,62556,1623,264619
mv_no_box,426,1548266079.65816,50233,46003,86107,56931,262401,57719,4230,262978
mv_no_box,427,1548266079.69153,59660,52365,85486,58947,261179,60853,7295,261755
mv_no_box,428,1548266079.72490,60515,53318,86086,56092,261566,59482,7197,262131
mv_no_box,429,1548266079.75827,0,0,86283,55458,261999,59989,0,262528
mv_no_box,430,1548266079.79164,141,0,90188,57316,263933,61054,141,264475
mv_no_box,431,1548266079.82502,0,0,89114,56679,259826,60530,0,260349
mv_no_box,432,1548266079.85839,93,0,90468,56129,260846,60977,93,261374
mv_no_box,433,1548266079.89176,647,225,91195,57059,261531,61862,422,262053
mv_no_box,434,1548266079.92513,1853,0,95795,60174,260192,63284,1853,260746
mv_no_box,435,1548266079.95850,0,0,96926,60083,261060,63039,0,261548
mv_no_box,436,1548266079.99187,83,72,96806,62157,262103,65761,11,262608
mv_no_box,437,1548266080.02523,2470,0,97531,63559,262184,66929,2470,262746
mv_no_box,438,1548266080.05859,294,0,96647,63952,262211,67471,294,262782
mv_no_box,439,1548266080.09196,777,0,95672,64147,262947,68388,777,263509
mv_no_box,440,1548266080.12532,370,0,95466,65182,264170,69274,370,264747
mv_no_box,441,1548266080.15869,0,0,93282,63923,263568,68659,0,264144
mv_no_box,442,1548266080.19206,281,0,91800,63056,263232,68760,281,263808
mv_no_box,443,1548266080.22543,193,0,91162,62960,265072,67984,193,265649
mv_no_box,444,1548266080.25880,694,520,80314,57765,264377,66274,174,264954
mv_no_box,445,1548266080.29217,3905,3513,79915,56598,263791,63715,392,264367
mv_no_box,446,1548266080.32554,4201,3462,81024,56344,265559,61690,739,266136
mv_no_box,447,1548266080.35891,3564,3516,81340,55821,265297,58795,48,265874
mv_no_box,448,1548266080.39228,3754,3468,81510,55215,264896,56525,286,265470
mv_no_box,449,1548266080.42565,66109,51820,89981,52758,264893,52842,14289,265469
mv_no_box,450,1548266080.45901,63500,48256,89162,48982,265533,48982,15244,266109
mv_no_box,451,1548266080.49237,106,0,88414,46260,264109,46260,106,264686
mv_no_box,452,1548266080.52574,56909,42009,89200,43392,264866,43392,14900,265444
mv_no_box,453,1548266080.55911,53497,38766,89089,39699,266651,39699,14731,267229
mv_no_box,454,1548266080.59248,49602,36222,88790,37449,264944,37449,13380,265521
mv_no_box,455,1548266080.62583,48503,31049,89203,31405,265675,31405,17454,266252
mv_no_box,456,1548266080.65920,45220,29519,88692,29752,264567,29752,15701,265144
mv_no_box,457,1548266080.69257,41320,23692,89736,23797,265666,23797,17628,266243
mv_no_box,458,1548266080.72593,38284,19500,89345,19510,265560,19510,18784,266137
mv_no_box,459,1548266080.75930,34976,13639,89090,14209,265722,14209,21337,266298
mv_no_box,460,1548266080.79267,32752,8517,88035,8829,264295,8829,24235,264871
mv_no_box,461,1548266080.82604,5659,3526,89545,3536,267044,3536,2133,267620
mv_no_box,462,1548266080.85941,2585,0,89292,0,265150,0,2585,265727
mv_no_box,463,1548266080.89278,1285,0,89388,0,265455,0,1285,266033
mv_no_box,464,1548266080.92615,12256,0,90825,0,266068,0,12256,266644
mv_no_box,465,1548266080.95952,100,0,86837,0,264670,0,100,265248
mv_no_box,466,1548266080.99289,604,0,84536,0,265725,0,604,266303
mv_no_box,467,1548266081.02626,460,0,91439,0,265885,0,460,266460
mv_no_box,468,1548266081.05963,1904,0,91552,0,266317,0,1904,266894
mv_no_box,469,1548266081.09300,770,0,94383,0,266124,0,770,266701
mv_no_box,470,1548266081.12637,2551,0,93835,0,265234,0,2551,265811
mv_no_box,471,1548266081.15974,239,0,92859,0,265519,0,239,266097
mv_no_box,472,1548266081.19308,365,0,90767,0,264964,0,365,265541
mv_no_box,473,1548266081.22645,113,0,90913,0,265622,0,113,266198
mv_no_box,474,1548266081.25982,0,0,89702,0,265922,0,0,266499
mv_no_box,475,1548266081.29318,0,0,87733,0,265289,0,0,265862
mv_no_box,476,1548266081.32655,1602,0,61457,0,266175,0,1602,266748
mv_no_box,477,1548266081.35992,2643,0,59399,0,267422,0,2643,267999
mv_no_box,478,1548266081.42666,2260,0,57217,0,265930,0,2260,266426
mv_no_box,479,1548266081.46003,1451,0,56973,0,267374,0,1451,267938
mv_no_box,480,1548266081.49340,1333,0,53210,0,266981,0,1333,267553
mv_no_box,481,1548266081.52679,5849,0,51828,0,265001,0,5849,265564
mv_no_box,482,1548266081.56017,26092,0,52805,0,267264,0,26092,267827
mv_no_box,483,1548266081.59354,26645,0,52025,0,266751,0,26645,267315
mv_no_box,484,1548266081.62690,28325,0,50887,0,266161,0,28325,266714
mv_no_box,485,1548266081.66027,25549,0,50923,0,266480,0,25549,267053
mv_no_box,486,1548266081.69364,24402,0,49078,0,265625,0,24402,266180
mv_no_box,487,1548266081.72701,647,0,48783,0,265148,0,647,265705
mv_no_box,488,1548266081.76038,2089,0,49821,0,267003,0,2089,267563
mv_no_box,489,1548266081.79375,1840,0,49420,0,266314,0,1840,266876
mv_no_box,490,1548266081.82712,433,0,48833,0,265179,0,433,265739
mv_no_box,491,1548266081.86048,379,0,49212,0,265376,0,379,265949
mv_no_box,492,1548266081.89383,0,0,49123,0,266102,0,0,266664
mv_no_box,493,1548266081.92720,0,0,46973,0,264576,0,0,265136
mv_no_box,494,1548266081.96057,0,0,46592,0,265081,0,0,265630
mv_no_box,495,1548266081.99394,0,0,48170,0,264949,0,0,265502
mv_no_box,496,1548266082.02731,594,0,48334,0,265089,0,594,265635
mv_no_box,497,1548266082.06068,106,0,47196,0,264864,0,106,265424
mv_no_box,498,1548266082.09405,0,0,46174,0,265655,0,0,266222
mv_no_box,499,1548266082.12742,216,0,43791,0,265463,0,216,266021
mv_no_box,500,1548266082.16079,698,0,41214,0,265699,0,698,266259
mv_no_box,501,1548266082.19416,694,0,39182,0,265007,0,694,265563
mv_no_box,502,1548266082.22753,663,0,36921,0,265782,0,663,266335
mv_no_box,503,1548266082.26090,270,0,37118,0,265443,0,270,266012
mv_no_box,504,1548266082.29427,94,0,36104,0,265558,0,94,266125
mv_no_box,505,1548266082.32763,1621,0,36212,0,266359,0,1621,266925
mv_no_box,506,1548266082.36099,1298,0,37623,0,266961,0,1298,267524
mv_no_box,507,1548266082.39434,965,0,37114,0,266122,0,965,266675
mv_no_box,508,1548266082.42771,659,0,36064,0,264772,0,659,265335
mv_no_box,509,1548266082.46107,914,0,37605,0,267543,0,914,268111
mv_no_box,510,1548266082.49444,25002,0,37457,0,266827,0,25002,267384
mv_no_box,511,1548266082.52781,2483,0,36883,0,266323,0,2483,266872
mv_no_box,512,1548266082.56117,595,0,37398,0,267289,0,595,267853
mv_no_box,513,1548266082.59454,2040,0,37039,0,266910,0,2040,267469
mv_no_box,514,1548266082.62792,832,0,36917,0,266493,0,832,267047
mv_no_box,515,1548266082.66129,1382,0,38277,0,267163,0,1382,267728
mv_no_box,516,1548266082.69466,1043,0,38574,0,266402,0,1043,266970
mv_no_box,517,1548266082.72805,1990,0,38750,0,267048,0,1990,267609
mv_no_box,518,1548266082.76142,1515,0,37818,0,266021,0,1515,266585
mv_no_box,519,1548266082.79479,279,0,39027,0,266292,0,279,266853
mv_no_box,520,1548266082.82816,1178,0,46118,0,267149,0,1178,267705
mv_no_box,521,1548266082.86153,1592,0,46255,0,266144,0,1592,266704
mv_no_box,522,1548266082.89490,0,0,45721,0,265798,0,0,266361
mv_no_box,523,1548266082.92826,0,0,46146,0,266477,0,0,267044
mv_no_box,524,1548266082.96164,0,0,53711,0,266067,0,0,266635
mv_no_box,525,1548266082.99501,0,0,53082,0,266136,0,0,266709
mv_no_box,526,1548266083.02838,0,0,64679,0,266342,0,0,266911
mv_no_box,527,1548266083.06174,0,0,67137,0,266921,0,0,267483
mv_no_box,528,1548266083.09511,0,0,67242,0,266933,0,0,267500
mv_no_box,529,1548266083.12846,182,0,66407,0,265821,0,182,266385
mv_no_box,530,1548266083.16182,1213,0,67409,0,267812,0,1213,268385
mv_no_box,531,1548266083.19519,2565,0,66166,0,265285,0,2565,265851
mv_no_box,532,1548266083.22856,172,0,66411,0,265806,0,172,266370
mv_no_box,533,1548266083.26192,0,0,65988,0,266146,0,0,266721
mv_no_box,534,1548266083.29530,1515,0,65203,0,266018,0,1515,266589
mv_no_box,535,1548266083.32867,24443,0,65780,0,266394,0,24443,266963
mv_no_box,536,1548266083.36203,5344,0,64866,0,265327,0,5344,265901
mv_no_box,537,1548266083.39540,348,0,64270,0,265233,0,348,265808
mv_no_box,538,1548266083.42877,238,0,64958,0,265916,0,238,266493
mv_no_box,539,1548266083.46213,13081,0,64700,0,265589,0,13081,266165
mv_no_box,540,1548266083.49550,709,0,64768,0,265565,0,709,266142
mv_no_box,541,1548266083.52887,19858,0,65353,0,264386,0,19858,264962
mv_no_box,542,1548266083.56224,7111,0,66055,0,265635,0,7111,266207
mv_no_box,543,1548266083.59561,1143,0,66375,0,265505,0,1143,266078
mv_no_box,544,1548266083.62898,862,0,66479,0,265502,0,862,266072
mv_no_box,545,1548266083.66235,520,0,67258,0,266991,0,520,267562
mv_no_box,546,1548266083.69572,922,0,67095,0,266156,0,922,266715
mv_no_box,547,1548266083.72909,279,0,66208,0,266397,0,279,266955
mv_no_box,548,1548266083.76246,1021,0,66364,0,266891,0,1021,267449
mv_no_box,549,1548266083.79583,0,0,66057,0,266133,0,0,266690
mv_no_box,550,1548266083.82920,0,0,66359,0,266047,0,0,266610
mv_no_box,551,1548266083.86257,1322,0,49385,0,266669,0,1322,267230
mv_no_box,552,1548266083.89594,100,0,46388,0,266372,0,100,266947
mv_no_box,553,1548266083.92931,645,0,46452,0,266681,0,645,267253
mv_no_box,554,1548266083.96268,550,0,46371,0,267008,0,550,267570
mv_no_box,555,1548266083.99605,928,0,37178,0,266644,0,928,267211
mv_no_box,556,1548266084.02942,3053,0,36871,0,266363,0,3053,266934
mv_no_box,557,1548266084.06279,476,0,18131,0,266472,0,476,267039
mv_no_box,558,1548266084.09615,297,0,12545,0,267080,0,297,267645
mv_no_box,559,1548266084.12952,338,0,12152,0,267707,0,338,268269
mv_no_box,560,1548266084.16287,0,0,13548,0,266673,0,0,267233
mv_no_box,561,1548266084.19624,1346,0,15135,0,268353,0,1346,268922
mv_no_box,562,1548266084.22962,0,0,14733,0,266986,0,0,267562
mv_no_box,563,1548266084.26299,1102,0,15413,0,266679,0,1102,267251
mv_no_box,564,1548266084.29635,1112,0,14668,0,266453,0,1112,267021
mv_no_box,565,1548266084.32972,3108,0,15807,0,265682,0,3108,266256
mv_no_box,566,1548266084.36308,0,0,16652,0,266246,0,0,266821
mv_no_box,567,1548266084.39646,278,0,15969,0,266606,0,278,267178
mv_no_box,568,1548266084.42983,0,0,16778,0,266736,0,0,267307
mv_no_box,569,1548266084.46321,0,0,17150,0,266379,0,0,266942
mv_no_box,570,1548266084.49657,780,0,17360,0,265820,0,780,266391
mv_no_box,571,1548266084.52994,464,0,21171,0,266698,0,464,267268
mv_no_box,572,1548266084.56331,1076,0,19489,0,266881,0,1076,267437
mv_no_box,573,1548266084.59669,0,0,46145,0,266711,0,0,267265
mv_no_box,574,1548266084.63006,552,0,48784,0,267284,0,552,267826
mv_no_box,575,1548266084.66343,3738,0,48761,0,266205,0,3738,266759
mv_no_box,576,1548266084.69679,2956,0,49418,0,266292,0,2956,266865
mv_no_box,577,1548266084.73015,1066,0,51356,0,266688,0,1066,267255
mv_no_box,578,1548266084.76351,2007,0,54757,0,268070,0,2007,268627
mv_no_box,579,1548266084.79689,1172,0,55935,0,267279,0,1172,267836
mv_no_box,580,1548266084.83026,2119,0,56073,0,267674,0,2119,268243
mv_no_box,581,1548266084.86364,1700,0,55129,0,266357,0,1700,266918
mv_no_box,582,1548266084.89701,182,0,55410,0,265904,0,182,266476
mv_no_box,583,1548266084.93038,1293,0,57100,0,267094,0,1293,267664
mv_no_box,584,1548266084.96375,2096,0,58220,0,268052,0,2096,268623
mv_no_box,585,1548266084.99712,2735,0,66693,0,268055,0,2735,268623
mv_no_box,586,1548266085.03049,6217,0,66911,0,268422,0,6217,268993
mv_no_box,587,1548266085.06384,1895,0,66835,0,268040,0,1895,268612
mv_no_box,588,1548266085.09720,32580,0,67056,0,268373,0,32580,268947
mv_no_box,589,1548266085.13056,8675,0,66694,0,267992,0,8675,268562
mv_no_box,590,1548266085.16392,3217,0,67080,0,268359,0,3217,268918
mv_no_box,591,1548266085.19729,2173,0,64934,0,267142,0,2173,267704
mv_no_box,592,1548266085.23066,6095,0,64851,0,268048,0,6095,268610
mv_no_box,593,1548266085.26403,7923,0,64758,0,268198,0,7923,268763
mv_no_box,594,1548266085.29740,10564,0,63807,0,267294,0,10564,267860
mv_no_box,595,1548266085.33076,891,0,64396,0,267878,0,891,268434
mv_no_box,596,1548266085.36411,932,0,63987,0,268086,0,932,268656
mv_no_box,597,1548266085.39748,1835,0,63589,0,267829,0,1835,268391
mv_no_box,598,1548266085.43085,2791,0,64258,0,268404,0,2791,268960
mv_no_box,599,1548266085.46422,3288,0,63169,0,267639,0,3288,268200
mv_no_box,600,1548266085.49761,39426,0,62603,0,267560,0,39426,268103
mv_no_box,601,1548266085.53098,885,0,62021,0,267710,0,885,268279
mv_no_box,602,1548266085.56437,375,0,59780,0,267927,0,375,268483
mv_no_box,603,1548266085.59774,558,0,59174,0,267870,0,558,268426
mv_no_box,604,1548266085.63111,991,0,56536,0,267470,0,991,268026
mv_no_box,605,1548266085.66447,0,0,54611,0,267122,0,0,267679
mv_no_box,606,1548266085.69784,1137,0,54086,0,267258,0,1137,267821
mv_no_box,607,1548266085.73121,946,0,53964,0,267299,0,946,267859
mv_no_box,608,1548266085.76458,782,0,53510,0,267983,0,782,268538
mv_no_box,609,1548266085.79794,1247,0,52926,0,268082,0,1247,268639
mv_no_box,610,1548266085.83131,267,0,50879,0,267472,0,267,268039
mv_no_box,611,1548266085.86468,709,0,51084,0,266949,0,709,267510
mv_no_box,612,1548266085.89805,177,0,52268,0,267839,0,177,268402
mv_no_box,613,1548266085.93142,0,0,52022,0,268145,0,0,268715
mv_no_box,614,1548266085.96477,1089,0,51586,0,268263,0,1089,268835
mv_no_box,615,1548266085.99814,845,0,49357,0,268318,0,845,268879
mv_no_box,616,1548266086.03151,559,0,14064,0,268918,0,559,269488
mv_no_box,617,1548266086.06488,688,0,14325,0,269264,0,688,269829
mv_no_box,618,1548266086.09825,684,0,14432,0,268532,0,684,269107
mv_no_box,619,1548266086.13162,1949,0,14363,0,268724,0,1949,269291
mv_no_box,620,1548266086.16499,2438,0,15293,0,268833,0,2438,269400
mv_no_box,621,1548266086.19836,748,0,49641,0,267930,0,748,268493
mv_no_box,622,1548266086.23173,1242,0,50746,0,267809,0,1242,268376
mv_no_box,623,1548266086.26509,1328,0,56967,0,269069,0,1328,269645
mv_no_box,624,1548266086.29846,892,0,69125,0,268222,0,892,268797
mv_no_box,625,1548266086.33183,738,0,71766,0,268903,0,738,269475
mv_no_box,626,1548266086.36521,1434,0,73096,0,268559,0,1434,269133
mv_no_box,627,1548266086.39858,962,0,78807,0,267567,0,962,268144
mv_no_box,628,1548266086.43194,0,0,82156,0,267587,0,0,268164
mv_no_box,629,1548266086.46531,207,0,85681,0,267201,0,207,267777
mv_no_box,630,1548266086.49869,96,0,88307,0,267210,0,96,267785
mv_no_box,631,1548266086.53206,135,0,93817,0,267838,0,135,268415
mv_no_box,632,1548266086.56541,865,0,93882,0,267441,0,865,268014
mv_no_box,633,1548266086.59879,855,0,95693,0,269051,0,855,269626
mv_no_box,634,1548266086.63217,1203,0,96084,0,269402,0,1203,269977
mv_no_box,635,1548266086.66553,2569,0,95624,0,269121,0,2569,269690
mv_no_box,636,1548266086.69891,38240,0,96378,0,269627,0,38240,270203
mv_no_box,637,1548266086.73228,4648,0,96406,0,269295,0,4648,269858
mv_no_box,638,1548266086.76565,36199,0,96353,0,269417,0,36199,269984
mv_no_box,639,1548266086.79901,48830,0,96244,0,269321,0,48830,269894
mv_no_box,640,1548266086.83238,5665,0,95427,0,268562,0,5665,269133
mv_no_box,641,1548266086.86575,37200,0,95757,0,268690,0,37200,269249
mv_no_box,642,1548266086.89912,48159,0,98271,0,269832,0,48159,270401
mv_no_box,643,1548266086.93249,45826,0,97427,0,268703,0,45826,269263
mv_no_box,644,1548266086.96585,50613,0,100447,0,269751,0,50613,270316
mv_no_box,645,1548266086.99922,45232,0,100887,0,269856,0,45232,270428
mv_no_box,646,1548266087.03259,52545,0,100387,0,268984,0,52545,269489
mv_no_box,647,1548266087.06597,2299,0,101178,0,269568,0,2299,270128
mv_no_box,648,1548266087.09933,2826,0,100948,0,268993,0,2826,269551
mv_no_box,649,1548266087.13270,202,0,100171,0,268209,0,202,268772
mv_no_box,650,1548266087.16607,0,0,100698,0,268985,0,0,269558
mv_no_box,651,1548266087.19944,1358,0,99691,0,268281,0,1358,268842
mv_no_box,652,1548266087.23281,1259,0,97728,0,268587,0,1259,269137
mv_no_box,653,1548266087.26619,962,0,96908,0,268905,0,962,269464
mv_no_box,654,1548266087.29956,823,0,94808,0,268304,0,823,268866
mv_no_box,655,1548266087.33292,570,0,92020,0,269193,0,570,269751
mv_no_box,656,1548266087.36629,1370,0,90880,0,269300,0,1370,269860
mv_no_box,657,1548266087.39964,10018,0,88062,0,268436,0,10018,268999
mv_no_box,658,1548266087.43301,4219,0,84960,0,268385,0,4219,268948
mv_no_box,659,1548266087.46638,39309,0,83465,0,268587,0,39309,269147
mv_no_box,660,1548266087.49975,3811,0,79283,0,269103,0,3811,269664
mv_no_box,661,1548266087.53310,3854,0,79328,0,269976,0,3854,270545
mv_no_box,662,1548266087.56647,3074,0,69976,0,269132,0,3074,269683
mv_no_box,663,1548266087.59984,2172,0,69865,0,269680,0,2172,270227
mv_no_box,664,1548266087.63321,0,0,67615,0,269453,0,0,269990
mv_no_box,665,1548266087.66658,0,0,67133,0,268721,0,0,269254
mv_no_box,666,1548266087.69995,0,0,66832,0,268300,0,0,268831
mv_no_box,667,1548266087.73333,0,0,67121,0,268752,0,0,269288
mv_no_box,668,1548266087.76669,1662,0,66423,0,268468,0,1662,269000
mv_no_box,669,1548266087.80006,1239,0,66226,0,267973,0,1239,268506
mv_no_box,670,1548266087.83343,2603,0,67724,0,269231,0,2603,269761
mv_no_box,671,1548266087.86681,4480,0,67764,0,269423,0,4480,269973
mv_no_box,672,1548266087.90018,3058,0,68405,0,269449,0,3058,270007
mv_no_box,673,1548266087.93354,3388,0,62960,0,269140,0,3388,269682
mv_no_box,674,1548266087.96691,3677,0,64349,0,269214,0,3677,269769
mv_no_box,675,1548266088.00029,3952,0,28470,0,269252,0,3952,269808
mv_no_box,676,1548266088.03366,5229,0,28844,0,270286,0,5229,270843
mv_no_box,677,1548266088.06703,1296,0,29249,0,269680,0,1296,270234
mv_no_box,678,1548266088.10038,0,0,29729,0,268938,0,0,269497
mv_no_box,679,1548266088.13375,0,0,28289,0,269731,0,0,270286
mv_no_box,680,1548266088.16712,1257,0,29307,0,269097,0,1257,269655
mv_no_box,681,1548266088.20047,0,0,31847,0,269578,0,0,270132
mv_no_box,682,1548266088.23384,0,0,35026,0,270055,0,0,270616
mv_no_box,683,1548266088.26721,636,0,35536,0,269643,0,636,270199
mv_no_box,684,1548266088.30058,1734,0,35739,0,268753,0,1734,269314
mv_no_box,685,1548266088.33394,2547,0,36104,0,269903,0,2547,270469
mv_no_box,686,1548266088.36730,2547,0,35348,0,269544,0,2547,270112
mv_no_box,687,1548266088.40068,2187,0,33375,0,269300,0,2187,269869
mv_no_box,688,1548266088.43405,2140,0,33163,0,270340,0,2140,270909
mv_no_box,689,1548266088.46746,5690,0,32138,0,270279,0,5690,270848
mv_no_box,690,1548266088.50079,3754,0,30804,0,268638,0,3754,269207
mv_no_box,691,1548266088.53416,4389,0,29044,0,269658,0,4389,270231
mv_no_box,692,1548266088.56753,4868,0,26599,0,269137,0,4868,269703
mv_no_box,693,1548266088.60090,3416,0,26485,0,269176,0,3416,269743
mv_no_box,694,1548266088.63427,1109,0,26966,0,268731,0,1109,269300
mv_no_box,695,1548266088.66763,2751,0,53136,0,269269,0,2751,269841
mv_no_box,696,1548266088.70100,4181,0,54792,0,268772,0,4181,269342
mv_no_box,697,1548266088.73436,4752,0,55616,0,269206,0,4752,269777
mv_no_box,698,1548266088.76779,1522,0,56384,0,269218,0,1522,269790
mv_no_box,699,1548266088.80114,1062,0,59683,0,268990,0,1062,269564
mv_no_box,700,1548266088.83451,0,0,59943,0,268694,0,0,269267
mv_no_box,701,1548266088.90127,0,0,60522,0,268659,0,0,269235
mv_no_box,702,1548266088.93464,0,0,60324,0,268222,0,0,268794
mv_no_box,703,1548266088.96801,440,0,63250,0,267988,0,440,268563
mv_no_box,704,1548266089.00138,0,0,64318,0,268343,0,0,268918
mv_no_box,705,1548266089.03475,0,0,62884,0,267926,0,0,268502
mv_no_box,706,1548266089.06812,585,0,64693,0,268348,0,585,268923
mv_no_box,707,1548266089.10149,216,0,63587,0,267648,0,216,268224
mv_no_box,708,1548266089.13485,1949,0,65141,0,268032,0,1949,268609
mv_no_box,709,1548266089.16822,1683,0,65204,0,268654,0,1683,269231
mv_no_box,710,1548266089.20157,30906,0,64660,0,268223,0,30906,268793
mv_no_box,711,1548266089.23491,3873,0,66455,0,269045,0,3873,269621
mv_no_box,712,1548266089.26826,3960,0,65048,0,268586,0,3960,269158
mv_no_box,713,1548266089.30162,4348,0,63392,0,268841,0,4348,269411
mv_no_box,714,1548266089.33499,30976,0,63626,0,268264,0,30976,268822
mv_no_box,715,1548266089.36835,3869,0,74823,0,269294,0,3869,269865
mv_no_box,716,1548266089.40172,3521,0,74538,0,268514,0,3521,269083
mv_no_box,717,1548266089.43509,2230,0,77051,0,268600,0,2230,269164
mv_no_box,718,1548266089.46848,33514,0,79600,0,269183,0,33514,269756
mv_no_box,719,1548266089.50185,30925,0,79657,0,268884,0,30925,269443
mv_no_box,720,1548266089.53522,2134,0,81810,0,268731,0,2134,269295
mv_no_box,721,1548266089.56860,30178,0,82363,0,269365,0,30178,269915
mv_no_box,722,1548266089.60196,2633,0,84072,0,268960,0,2633,269527
mv_no_box,723,1548266089.63533,6982,0,84486,0,268592,0,6982,269145
mv_no_box,724,1548266089.66869,3264,0,84821,0,269171,0,3264,269745
mv_no_box,725,1548266089.70206,126,0,84799,0,269010,0,126,269587
mv_no_box,726,1548266089.73543,3051,0,81636,0,268003,0,3051,268581
mv_no_box,727,1548266089.76874,1740,0,82059,0,268460,0,1740,269038
mv_no_box,728,1548266089.80211,384,0,81978,0,268622,0,384,269199
mv_no_box,729,1548266089.83548,1223,0,80876,0,267820,0,1223,268396
mv_no_box,730,1548266089.86885,37956,0,77129,0,267547,0,37956,268124
mv_no_box,731,1548266089.90221,3634,0,78850,0,268051,0,3634,268627
mv_no_box,732,1548266089.93558,15324,0,79277,0,267993,0,15324,268567
mv_no_box,733,1548266089.96895,8071,0,78492,0,267387,0,8071,267962
mv_no_box,734,1548266090.00232,3866,0,76932,0,268138,0,3866,268710
mv_no_box,735,1548266090.03571,40397,0,74606,0,267627,0,40397,268200
mv_no_box,736,1548266090.06908,2873,0,74543,0,268014,0,2873,268583
mv_no_box,737,1548266090.10245,7771,0,71743,0,268333,0,7771,268898
mv_no_box,738,1548266090.13582,3195,0,71130,0,267295,0,3195,267848
mv_no_box,739,1548266090.16919,2718,0,69101,0,267854,0,2718,268414
mv_no_box,740,1548266090.20256,3649,0,68806,0,267925,0,3649,268489
mv_no_box,741,1548266090.23593,3031,0,68201,0,267048,0,3031,267605
mv_no_box,742,1548266090.26930,2400,0,69302,0,267725,0,2400,268284
mv_no_box,743,1548266090.30268,2712,0,69209,0,267766,0,2712,268318
mv_no_box,744,1548266090.33605,894,0,69554,0,268138,0,894,268698
mv_no_box,745,1548266090.36942,1092,0,73107,0,268272,0,1092,268837
mv_no_box,746,1548266090.40278,9088,0,70342,0,268168,0,9088,268740
mv_no_box,747,1548266090.43615,3783,0,70657,0,267768,0,3783,268336
mv_no_box,748,1548266090.46951,482,0,67612,0,268402,0,482,268974
mv_no_box,749,1548266090.50288,636,0,65587,0,268228,0,636,268806
mv_no_box,750,1548266090.53625,604,0,64951,0,268405,0,604,268983
mv_no_box,751,1548266090.56962,1652,0,35468,0,267699,0,1652,268277
mv_no_box,752,1548266090.60299,567,0,35223,0,267592,0,567,268170
mv_no_box,753,1548266090.63636,0,0,33856,0,267507,0,0,268085
mv_no_box,754,1548266090.66973,0,0,33914,0,267001,0,0,267579
mv_no_box,755,1548266090.70309,0,0,68030,0,267680,0,0,268257
mv_no_box,756,1548266090.73647,0,0,93759,0,267674,0,0,268251
mv_no_box,757,1548266090.76984,1294,0,93952,0,266819,0,1294,267397
mv_no_box,758,1548266090.80320,1952,0,96782,0,267993,0,1952,268571
mv_no_box,759,1548266090.83657,1424,0,97423,0,268386,0,1424,268964
mv_no_box,760,1548266090.86995,7757,0,98246,0,268485,0,7757,269063
mv_no_box,761,1548266090.90332,3207,0,98058,0,268622,0,3207,269200
mv_no_box,762,1548266090.93669,1926,0,95384,0,268269,0,1926,268844
mv_no_box,763,1548266090.97006,3126,0,94313,0,267896,0,3126,268469
mv_no_box,764,1548266091.00342,2720,0,94274,0,268186,0,2720,268751
mv_no_box,765,1548266091.03677,2887,0,94445,0,268791,0,2887,269355
mv_no_box,766,1548266091.07014,2818,0,93784,0,268111,0,2818,268675
mv_no_box,767,1548266091.10351,4309,0,92616,0,267429,0,4309,267994
mv_no_box,768,1548266091.13689,3604,0,93231,0,268444,0,3604,269005
mv_no_box,769,1548266091.17026,4106,0,93161,0,268232,0,4106,268800
mv_no_box,770,1548266091.20364,40173,0,92786,0,267969,0,40173,268541
mv_no_box,771,1548266091.23699,59758,0,93232,0,268661,0,59758,269239
mv_no_box,772,1548266091.27038,3449,0,92729,0,268114,0,3449,268692
mv_no_box,773,1548266091.30375,6194,0,92613,0,268047,0,6194,268621
mv_no_box,774,1548266091.33713,4287,0,91144,0,267688,0,4287,268264
mv_no_box,775,1548266091.37049,3753,0,90891,0,268030,0,3753,268607
mv_no_box,776,1548266091.40383,1045,0,85244,0,267468,0,1045,268044
mv_no_box,777,1548266091.43720,0,0,84129,0,267307,0,0,267881
mv_no_box2,0,1548266187.13430,0,0,23022,0,266487,0,0,267428
mv_no_box2,1,1548266187.16766,0,0,27707,0,266621,0,0,267560
mv_no_box2,2,1548266187.20103,454,0,28515,0,266274,0,454,267214
mv_no_box2,3,1548266187.23440,0,0,33053,0,266964,0,0,267904
mv_no_box2,4,1548266187.26775,319,0,34987,0,266224,0,319,267168
mv_no_box2,5,1548266187.30112,0,0,38368,0,265180,0,0,266122
mv_no_box2,6,1548266187.33449,1431,0,40509,0,266170,0,1431,267112
mv_no_box2,7,1548266187.36786,5648,0,44349,0,267557,0,5648,268501
mv_no_box2,8,1548266187.40123,377,0,47415,0,267363,0,377,268306
mv_no_box2,9,1548266187.43460,3356,0,48215,0,266348,0,3356,267291
mv_no_box2,10,1548266187.46797,2337,0,49059,0,264412,0,2337,265354
mv_no_box2,11,1548266187.50133,9389,0,50838,0,265985,0,9389,266929
mv_no_box2,12,1548266187.53470,3908,0,52070,0,266026,0,3908,266970
mv_no_box2,13,1548266187.56807,4164,0,53212,0,265599,0,4164,266536
mv_no_box2,14,1548266187.60142,7251,0,57367,0,266151,0,7251,267094
mv_no_box2,15,1548266187.63478,2397,0,58683,0,265856,0,2397,266800
mv_no_box2,16,1548266187.66815,9885,0,60380,0,265859,0,9885,266784
mv_no_box2,17,1548266187.70152,7627,0,61557,0,266192,0,7627,267076
mv_no_box2,18,1548266187.73488,10646,0,62276,0,266371,0,10646,267292
mv_no_box2,19,1548266187.76825,9365,0,64395,0,265698,0,9365,266590
mv_no_box2,20,1548266187.80162,11445,0,65970,0,265685,0,11445,266486
mv_no_box2,21,1548266187.83499,7287,0,68546,0,265146,0,7287,265879
mv_no_box2,22,1548266187.86836,11378,0,70434,0,265190,0,11378,266049
mv_no_box2,23,1548266187.90174,12658,0,69143,0,263087,0,12658,263955
mv_no_box2,24,1548266187.93511,10155,0,70754,0,263990,0,10155,264648
mv_no_box2,25,1548266187.96848,9981,0,71032,0,263496,0,9981,264213
mv_no_box2,26,1548266188.00185,10764,0,71334,0,263025,0,10764,263676
mv_no_box2,27,1548266188.03522,9099,0,70485,0,262602,0,9099,263412
mv_no_box2,28,1548266188.06860,9640,0,69965,0,263547,0,9640,264189
mv_no_box2,29,1548266188.10197,25207,0,72867,0,264909,0,25207,265684
mv_no_box2,30,1548266188.13534,9309,0,74455,0,264867,0,9309,265615
mv_no_box2,31,1548266188.16870,10398,0,74117,0,265605,0,10398,266392
mv_no_box2,32,1548266188.20206,9853,0,72940,0,264945,0,9853,265757
mv_no_box2,33,1548266188.23543,8854,0,72272,0,265639,0,8854,266436
mv_no_box2,34,1548266188.26879,10135,0,70353,0,265731,0,10135,266571
mv_no_box2,35,1548266188.30214,11310,0,69237,0,265485,0,11310,266215
mv_no_box2,36,1548266188.33551,11147,0,67762,0,265073,0,11147,265827
mv_no_box2,37,1548266188.36888,8854,0,67252,0,265027,0,8854,265888
mv_no_box2,38,1548266188.40224,2979,0,66520,0,265141,0,2979,265843
mv_no_box2,39,1548266188.43561,2438,0,64871,0,264356,0,2438,265174
mv_no_box2,40,1548266188.46898,2958,0,63768,0,264559,0,2958,265366
mv_no_box2,41,1548266188.50235,7769,0,63530,0,264264,0,7769,265048
mv_no_box2,42,1548266188.53572,2140,0,61981,0,263401,0,2140,264027
mv_no_box2,43,1548266188.56909,2689,0,61653,0,262717,0,2689,263234
mv_no_box2,44,1548266188.60246,10611,0,61498,0,264282,0,10611,264784
mv_no_box2,45,1548266188.63584,10461,0,53704,0,263346,0,10461,263763
mv_no_box2,46,1548266188.66921,8060,0,51323,0,263524,0,8060,263937
mv_no_box2,47,1548266188.70258,8052,0,48379,0,262639,0,8052,263067
mv_no_box2,48,1548266188.73595,851,0,46203,0,261702,0,851,262126
mv_no_box2,49,1548266188.76932,1356,0,44636,0,262067,0,1356,262501
mv_no_box2,50,1548266188.80269,364,0,42245,0,261010,0,364,261455
mv_no_box2,51,1548266188.83605,987,0,40570,0,260238,0,987,260683
mv_no_box2,52,1548266188.86941,0,0,37187,0,260252,0,0,260695
mv_no_box2,53,1548266188.90277,196,0,36472,0,260895,0,196,261338
mv_no_box2,54,1548266188.93613,0,0,34870,0,259172,0,0,259616
mv_no_box2,55,1548266188.96950,0,0,38340,0,260417,0,0,260859
mv_no_box2,56,1548266189.00287,383,0,39839,0,262832,0,383,263280
mv_no_box2,57,1548266189.03624,219,0,39144,0,261751,0,219,262200
mv_no_box2,58,1548266189.06961,105,0,38169,0,260667,0,105,261147
mv_no_box2,59,1548266189.10298,903,0,38792,0,261853,0,903,262338
mv_no_box2,60,1548266189.13635,2999,0,36987,0,262636,0,2999,263152
mv_no_box2,61,1548266189.16972,0,0,86742,0,260520,0,0,261102
mv_no_box2,62,1548266189.20309,523,0,94161,0,262250,0,523,262876
mv_no_box2,63,1548266189.23646,478,0,98098,0,262300,0,478,263005
mv_no_box2,64,1548266189.26983,525,0,123324,0,261849,0,525,262637
mv_no_box2,65,1548266189.30320,0,0,123540,0,262711,0,0,263611
mv_no_box2,66,1548266189.33656,1534,0,124383,0,263610,0,1534,264511
mv_no_box2,67,1548266189.36993,1748,0,123928,0,262456,0,1748,263366
mv_no_box2,68,1548266189.40330,3192,0,124628,0,262425,0,3192,263382
mv_no_box2,69,1548266189.43668,4207,0,137323,0,265584,0,4207,266638
mv_no_box2,70,1548266189.47006,5860,0,136780,0,264463,0,5860,265524
mv_no_box2,71,1548266189.50341,4226,0,137982,0,265149,0,4226,266207
mv_no_box2,72,1548266189.53678,4302,0,140220,0,265549,0,4302,266609
mv_no_box2,73,1548266189.57015,638,0,140040,0,264318,0,638,265378
mv_no_box2,74,1548266189.60352,747,0,142619,0,265202,0,747,266263
mv_no_box2,75,1548266189.63690,506,0,142616,0,265217,0,506,266274
mv_no_box2,76,1548266189.67027,67911,0,145912,0,266014,0,67911,267075
mv_no_box2,77,1548266189.70364,73379,0,146614,0,266695,0,73379,267754
mv_no_box2,78,1548266189.73701,77737,0,146595,0,266325,0,77737,267384
mv_no_box2,79,1548266189.77038,99607,0,147036,0,265858,0,99607,266912
mv_no_box2,80,1548266189.80375,2023,0,145152,0,264080,0,2023,265139
mv_no_box2,81,1548266189.83711,724,0,146081,0,264011,0,724,265071
mv_no_box2,82,1548266189.87048,3403,0,147867,0,263088,0,3403,264149
mv_no_box2,83,1548266189.90385,2336,0,148105,0,263991,0,2336,265050
mv_no_box2,84,1548266189.93721,112644,0,147723,0,263894,0,112644,264952
mv_no_box2,85,1548266189.97056,2963,0,147344,0,264003,0,2963,265058
mv_no_box2,86,1548266190.00395,1796,0,150048,0,264895,0,1796,265949
mv_no_box2,87,1548266190.03732,5006,0,149610,0,265060,0,5006,266119
mv_no_box2,88,1548266190.07069,3252,0,149635,0,265223,0,3252,266278
mv_no_box2,89,1548266190.10406,6372,0,150061,0,265653,0,6372,266707
mv_no_box2,90,1548266190.13740,1362,0,150851,0,266103,0,1362,267153
mv_no_box2,91,1548266190.17076,3765,0,150765,0,265055,0,3765,266102
mv_no_box2,92,1548266190.20413,994,0,152072,0,265657,0,994,266705
mv_no_box2,93,1548266190.23750,1399,0,151572,0,265601,0,1399,266647
mv_no_box2,94,1548266190.27087,1630,0,148987,0,264824,0,1630,265871
mv_no_box2,95,1548266190.30424,436,0,144175,0,264071,0,436,265115
mv_no_box2,96,1548266190.33765,1868,0,145563,0,265515,0,1868,266562
mv_no_box2,97,1548266190.37102,4556,0,146409,0,266596,0,4556,267640
mv_no_box2,98,1548266190.40439,1479,0,147390,0,265831,0,1479,266872
mv_no_box2,99,1548266190.43776,1326,0,145504,0,263411,0,1326,264446
mv_no_box2,100,1548266190.47113,1712,0,45863,0,265436,0,1712,266477
mv_no_box2,101,1548266190.50446,5707,0,50972,0,266017,0,5707,267056
mv_no_box2,102,1548266190.53783,1379,0,51934,0,264977,0,1379,266019
mv_no_box2,103,1548266190.57119,5704,0,54613,0,264767,0,5704,265809
mv_no_box2,104,1548266190.60456,845,0,56847,0,265395,0,845,266437
mv_no_box2,105,1548266190.63793,2764,0,54923,0,264766,0,2764,265809
mv_no_box2,106,1548266190.67133,1571,0,60144,0,265698,0,1571,266740
mv_no_box2,107,1548266190.70470,5011,0,60439,0,266010,0,5011,267027
mv_no_box2,108,1548266190.73807,405,0,66120,0,264250,0,405,265291
mv_no_box2,109,1548266190.77144,441,0,106047,0,265064,0,441,266102
mv_no_box2,110,1548266190.80481,5235,0,109522,0,265508,0,5235,266548
mv_no_box2,111,1548266190.83818,1250,0,110545,0,264340,0,1250,265335
mv_no_box2,112,1548266190.87155,1247,0,110323,0,262458,0,1247,263499
mv_no_box2,113,1548266190.90492,5939,0,108787,0,264153,0,5939,265126
mv_no_box2,114,1548266190.93829,1277,0,109893,0,263870,0,1277,264908
mv_no_box2,115,1548266190.97166,1328,0,110157,0,263797,0,1328,264799
mv_no_box2,116,1548266191.00503,11754,0,110566,0,264574,0,11754,265612
mv_no_box2,117,1548266191.03839,7086,0,109212,0,264643,0,7086,265651
mv_no_box2,118,1548266191.07176,12876,0,109007,0,266020,0,12876,266976
mv_no_box2,119,1548266191.10509,9835,0,107559,0,266145,0,9835,267055
mv_no_box2,120,1548266191.13845,4568,0,108069,0,266255,0,4568,267260
mv_no_box2,121,1548266191.17182,11728,0,106067,0,265699,0,11728,266723
mv_no_box2,122,1548266191.20519,4558,0,106441,0,266516,0,4558,267491
mv_no_box2,123,1548266191.23854,18430,0,105448,0,266764,0,18430,267780
mv_no_box2,124,1548266191.27191,56579,0,106973,3354,266087,3519,56579,267130
mv_no_box2,125,1548266191.30528,58033,0,107991,0,267187,0,58033,268221
mv_no_box2,126,1548266191.33865,20378,0,106381,0,267638,0,20378,268663
mv_no_box2,127,1548266191.37202,5005,0,106080,0,267440,0,5005,268478
mv_no_box2,128,1548266191.40541,1185,0,106023,0,266961,0,1185,268001
mv_no_box2,129,1548266191.43878,4812,1786,104419,2806,266694,2843,3026,267736
mv_no_box2,130,1548266191.47215,5016,0,104749,0,267189,0,5016,268231
mv_no_box2,131,1548266191.50552,2056,0,104976,0,266641,0,2056,267682
mv_no_box2,132,1548266191.53889,532,0,102155,0,266294,0,532,267335
mv_no_box2,133,1548266191.57226,2310,0,99948,0,266050,0,2310,267091
mv_no_box2,134,1548266191.60563,711,0,96650,0,266733,0,711,267775
mv_no_box2,135,1548266191.63901,874,0,94823,0,267205,0,874,268247
mv_no_box2,136,1548266191.67237,393,0,92533,0,266968,0,393,268009
mv_no_box2,137,1548266191.70573,1416,0,90381,0,267311,0,1416,268350
mv_no_box2,138,1548266191.73911,892,0,88788,0,266799,0,892,267839
mv_no_box2,139,1548266191.77249,2780,0,86780,0,267324,0,2780,268365
mv_no_box2,140,1548266191.80586,1317,0,84865,0,266892,0,1317,267932
mv_no_box2,141,1548266191.83923,411,0,48140,0,267125,0,411,268164
mv_no_box2,142,1548266191.87260,483,0,33584,0,266496,0,483,267537
mv_no_box2,143,1548266191.90597,205,0,33313,0,267550,0,205,268589
mv_no_box2,144,1548266191.93934,881,0,33225,0,267191,0,881,268231
mv_no_box2,145,1548266191.97271,1503,0,30817,0,266738,0,1503,267779
mv_no_box2,146,1548266192.00608,2574,0,27859,0,266426,0,2574,267463
mv_no_box2,147,1548266192.03948,1027,0,27461,0,267108,0,1027,268148
mv_no_box2,148,1548266192.07285,491,0,29256,0,266788,0,491,267827
mv_no_box2,149,1548266192.10622,695,0,28133,0,267081,0,695,268122
mv_no_box2,150,1548266192.13959,808,0,38183,0,265885,0,808,266927
mv_no_box2,151,1548266192.17296,135,0,142549,0,266118,0,135,267163
mv_no_box2,152,1548266192.20633,421,0,146636,0,266048,0,421,267095
mv_no_box2,153,1548266192.23967,0,0,149928,0,265977,0,0,267021
mv_no_box2,154,1548266192.27303,293,0,151828,0,265996,0,293,267040
mv_no_box2,155,1548266192.30640,1031,0,154561,0,265995,0,1031,267041
mv_no_box2,156,1548266192.33977,1742,0,157440,0,266400,0,1742,267447
mv_no_box2,157,1548266192.37314,1175,0,156826,0,265502,0,1175,266549
mv_no_box2,158,1548266192.40651,2106,0,157546,0,265873,0,2106,266920
mv_no_box2,159,1548266192.43987,855,0,160587,0,266318,0,855,267363
mv_no_box2,160,1548266192.47325,620,0,160614,0,266388,0,620,267434
mv_no_box2,161,1548266192.50662,1028,0,161505,0,267870,0,1028,268918
mv_no_box2,162,1548266192.53998,609,0,160524,0,266824,0,609,267870
mv_no_box2,163,1548266192.57335,2436,0,159011,0,266401,0,2436,267454
mv_no_box2,164,1548266192.60672,1822,0,159110,0,266604,0,1822,267656
mv_no_box2,165,1548266192.64011,12142,0,159185,0,266037,0,12142,267090
mv_no_box2,166,1548266192.67348,119519,0,159993,0,267581,0,119519,268634
mv_no_box2,167,1548266192.70685,46106,0,160205,0,268259,0,46106,269315
mv_no_box2,168,1548266192.74022,49497,0,159138,0,267280,0,49497,268333
mv_no_box2,169,1548266192.77359,49602,0,160422,0,268046,0,49602,269107
mv_no_box2,170,1548266192.80696,10285,0,161305,0,269117,0,10285,270177
mv_no_box2,171,1548266192.84032,7111,0,161455,0,268614,0,7111,269672
mv_no_box2,172,1548266192.87369,3035,0,160682,0,268345,0,3035,269405
mv_no_box2,173,1548266192.90705,2176,0,159893,0,267795,0,2176,268855
mv_no_box2,174,1548266192.94042,4388,0,160385,0,268176,0,4388,269235
mv_no_box2,175,1548266192.97376,9278,0,161811,0,268248,0,9278,269307
mv_no_box2,176,1548266193.00713,855,0,162130,0,268423,0,855,269482
mv_no_box2,177,1548266193.04050,2211,0,162482,0,268905,0,2211,269966
mv_no_box2,178,1548266193.07387,2912,0,162211,0,268543,0,2912,269602
mv_no_box2,179,1548266193.10724,1087,0,163560,0,269079,0,1087,270138
mv_no_box2,180,1548266193.14060,1065,0,164225,0,268894,0,1065,269953
mv_no_box2,181,1548266193.17397,325,0,159876,0,268592,0,325,269653
mv_no_box2,182,1548266193.20735,1916,0,103655,0,268391,0,1916,269451
mv_no_box2,183,1548266193.24072,455,0,102839,0,269411,0,455,270471
mv_no_box2,184,1548266193.27409,605,0,98600,0,268284,0,605,269340
mv_no_box2,185,1548266193.30746,277,0,62129,0,266914,0,277,267975
mv_no_box2,186,1548266193.34082,1825,0,58191,0,268714,0,1825,269775
mv_no_box2,187,1548266193.37419,1332,0,54921,0,268763,0,1332,269824
mv_no_box2,188,1548266193.40755,1007,0,55254,0,268908,0,1007,269969
mv_no_box2,189,1548266193.44093,2984,0,56693,0,269150,0,2984,270209
mv_no_box2,190,1548266193.47430,4686,0,54962,0,269117,0,4686,270178
mv_no_box2,191,1548266193.50766,2648,0,46929,0,268866,0,2648,269927
mv_no_box2,192,1548266193.54103,816,0,47198,0,269011,0,816,270071
mv_no_box2,193,1548266193.57440,3998,0,46165,0,268783,0,3998,269843
mv_no_box2,194,1548266193.60777,5687,0,44878,0,269301,0,5687,270359
mv_no_box2,195,1548266193.64114,3463,0,44319,0,269508,0,3463,270566
mv_no_box2,196,1548266193.67451,3975,0,43430,0,269080,0,3975,270138
mv_no_box2,197,1548266193.70788,4876,0,43325,0,268780,0,4876,269841
mv_no_box2,198,1548266193.74125,2948,0,43797,0,269207,0,2948,270267
mv_no_box2,199,1548266193.77462,2435,0,43898,0,269206,0,2435,270266
mv_no_box2,200,1548266193.80799,2715,0,44712,0,269094,0,2715,270155
mv_no_box2,201,1548266193.84136,2725,0,44617,0,268967,0,2725,270027
mv_no_box2,202,1548266193.87473,1935,0,45809,0,268756,0,1935,269816
mv_no_box2,203,1548266193.90810,4385,0,47250,0,269112,0,4385,270171
mv_no_box2,204,1548266193.94146,4145,0,47023,0,269575,0,4145,270635
mv_no_box2,205,1548266193.97483,3886,0,47437,0,269115,0,3886,270175
mv_no_box2,206,1548266194.00820,3025,0,45168,0,268914,0,3025,269972
mv_no_box2,207,1548266194.04156,2596,0,44669,0,269065,0,2596,270125
mv_no_box2,208,1548266194.07493,699,0,44958,0,268659,0,699,269715
mv_no_box2,209,1548266194.10829,1019,0,43186,0,269051,0,1019,270110
mv_no_box2,210,1548266194.14166,0,0,41223,0,268098,0,0,269156
mv_no_box2,211,1548266194.17503,0,0,41298,0,268875,0,0,269935
mv_no_box2,212,1548266194.20840,120,0,39541,0,268056,0,120,269115
mv_no_box2,213,1548266194.24177,2799,0,38711,0,268250,0,2799,269308
mv_no_box2,214,1548266194.27512,3519,0,37774,0,268899,0,3519,269956
mv_no_box2,215,1548266194.30851,1225,0,37213,0,268427,0,1225,269488
mv_no_box2,216,1548266194.34188,73,0,36804,0,268805,0,73,269863
mv_no_box2,217,1548266194.37526,4342,0,35842,0,269229,0,4342,270290
mv_no_box2,218,1548266194.40862,5632,0,35546,0,268436,0,5632,269496
mv_no_box2,219,1548266194.44199,2170,0,33570,0,268757,0,2170,269811
mv_no_box2,220,1548266194.47536,4516,0,31638,0,268690,0,4516,269751
mv_no_box2,221,1548266194.50873,2492,0,33615,0,269190,0,2492,270251
mv_no_box2,222,1548266194.54210,3012,0,33039,0,269522,0,3012,270582
mv_no_box2,223,1548266194.57546,3397,0,31656,0,269207,0,3397,270267
mv_no_box2,224,1548266194.60883,3974,0,31382,0,268840,0,3974,269901
mv_no_box2,225,1548266194.64219,1994,0,31025,0,268955,0,1994,270015
mv_no_box2,226,1548266194.67556,5030,0,30980,0,269541,0,5030,270601
mv_no_box2,227,1548266194.70893,2039,0,32043,0,269114,0,2039,270174
mv_no_box2,228,1548266194.74229,4007,0,31837,0,269074,0,4007,270132
mv_no_box2,229,1548266194.77567,3255,0,31943,0,270050,0,3255,271110
mv_no_box2,230,1548266194.84240,1843,0,30420,0,269092,0,1843,270097
mv_no_box2,231,1548266194.87576,1669,0,30644,0,269980,0,1669,271040
mv_no_box2,232,1548266194.90914,1531,0,31373,0,269001,0,1531,270056
mv_no_box2,233,1548266194.94252,1955,0,30406,0,268620,0,1955,269671
mv_no_box2,234,1548266194.97588,451,0,29396,0,269799,0,451,270839
mv_no_box2,235,1548266195.00925,1689,0,29077,0,269858,0,1689,270901
mv_no_box2,236,1548266195.04262,3681,0,27207,0,269565,0,3681,270607
mv_no_box2,237,1548266195.07598,1678,0,26697,0,268711,0,1678,269723
mv_no_box2,238,1548266195.10934,368,0,29365,0,269554,0,368,270590
mv_no_box2,239,1548266195.14271,941,0,30094,0,269725,0,941,270771
mv_no_box2,240,1548266195.17607,436,0,30874,0,269179,0,436,270225
mv_no_box2,241,1548266195.20943,323,0,30781,0,268579,0,323,269583
mv_no_box2,242,1548266195.24280,2622,0,31026,0,268855,0,2622,269861
mv_no_box2,243,1548266195.27616,1217,0,32422,0,269725,0,1217,270737
mv_no_box2,244,1548266195.30953,2642,0,34591,0,269118,0,2642,270157
mv_no_box2,245,1548266195.34290,3826,0,36745,0,269085,0,3826,270112
mv_no_box2,246,1548266195.37627,4035,0,37168,0,268773,0,4035,269814
mv_no_box2,247,1548266195.40964,4853,0,37726,0,268945,0,4853,269990
mv_no_box2,248,1548266195.44301,1218,0,38295,0,268534,0,1218,269579
mv_no_box2,249,1548266195.47638,4176,0,38286,0,268874,0,4176,269920
mv_no_box2,250,1548266195.50974,2633,0,39869,0,268728,0,2633,269774
mv_no_box2,251,1548266195.54311,1837,0,40907,0,268771,0,1837,269817
mv_no_box2,252,1548266195.57648,3011,0,40524,0,268744,0,3011,269801
mv_no_box2,253,1548266195.60985,5854,0,39827,0,268131,0,5854,269176
mv_no_box2,254,1548266195.64321,5148,0,41049,0,269040,0,5148,270085
mv_no_box2,255,1548266195.67657,5594,0,40680,0,268407,0,5594,269450
mv_no_box2,256,1548266195.70995,2301,0,40697,0,268234,0,2301,269275
mv_no_box2,257,1548266195.74329,3204,0,41331,0,268799,0,3204,269839
mv_no_box2,258,1548266195.77669,4745,0,41605,0,269556,0,4745,270597
mv_no_box2,259,1548266195.81003,5401,0,42278,0,268423,0,5401,269463
mv_no_box2,260,1548266195.84340,6985,0,42767,0,268811,0,6985,269853
mv_no_box2,261,1548266195.87677,2514,0,42171,0,268763,0,2514,269804
mv_no_box2,262,1548266195.91013,1514,0,41264,0,268025,0,1514,269067
mv_no_box2,263,1548266195.94350,3064,0,41219,0,268495,0,3064,269536
mv_no_box2,264,1548266195.97687,548,0,42432,0,268572,0,548,269614
mv_no_box2,265,1548266196.01027,1971,0,41599,0,267535,0,1971,268576
mv_no_box2,266,1548266196.04364,2376,0,42367,0,266926,0,2376,267968
mv_no_box2,267,1548266196.07701,1205,0,42216,0,267396,0,1205,268438
mv_no_box2,268,1548266196.11038,113,0,42201,0,268368,0,113,269409
mv_no_box2,269,1548266196.14375,1540,0,42734,0,266780,0,1540,267821
mv_no_box2,270,1548266196.17712,972,0,42152,0,266205,0,972,267247
mv_no_box2,271,1548266196.21049,457,0,40739,0,267545,0,457,268587
mv_no_box2,272,1548266196.24386,960,0,40429,0,266810,0,960,267852
mv_no_box2,273,1548266196.27722,3069,0,41215,0,267439,0,3069,268478
mv_no_box2,274,1548266196.31059,2892,0,39627,0,267981,0,2892,269022
mv_no_box2,275,1548266196.34394,2181,0,39184,0,267916,0,2181,268958
mv_no_box2,276,1548266196.37731,1957,0,36831,0,268626,0,1957,269667
mv_no_box2,277,1548266196.41068,2540,0,36388,0,269018,0,2540,270061
mv_no_box2,278,1548266196.44405,1440,0,39052,0,267015,0,1440,268056
mv_no_box2,279,1548266196.47742,3173,0,38757,0,267266,0,3173,268308
mv_no_box2,280,1548266196.51079,1509,0,40817,0,268568,0,1509,269609
mv_no_box2,281,1548266196.54416,4524,0,41750,0,268950,0,4524,269993
mv_no_box2,282,1548266196.57753,659,0,40550,0,266714,0,659,267756
mv_no_box2,283,1548266196.61090,1412,0,40328,0,267022,0,1412,268064
mv_no_box2,284,1548266196.64427,5232,0,42465,0,267522,0,5232,268561
mv_no_box2,285,1548266196.67764,784,0,41374,0,267167,0,784,268206
mv_no_box2,286,1548266196.71100,1377,0,41739,0,267535,0,1377,268573
mv_no_box2,287,1548266196.74437,2056,0,42570,0,266659,0,2056,267701
mv_no_box2,288,1548266196.77774,2346,0,45261,0,267501,0,2346,268538
mv_no_box2,289,1548266196.81111,1350,0,45173,0,267998,0,1350,269036
mv_no_box2,290,1548266196.84449,742,0,44170,0,268368,0,742,269406
mv_no_box2,291,1548266196.87785,2629,0,44113,0,268717,0,2629,269758
mv_no_box2,292,1548266196.91122,1095,0,43512,0,268318,0,1095,269359
mv_no_box2,293,1548266196.94459,6270,0,43471,0,269156,0,6270,270197
mv_no_box2,294,1548266196.97796,1816,0,45545,0,268626,0,1816,269663
mv_no_box2,295,1548266197.01133,4578,0,47925,0,268951,0,4578,269990
mv_no_box2,296,1548266197.04470,3481,0,48190,0,268002,0,3481,269042
mv_no_box2,297,1548266197.07807,1734,0,46566,0,267991,0,1734,269028
mv_no_box2,298,1548266197.11145,1046,0,47267,0,268526,0,1046,269564
mv_no_box2,299,1548266197.14481,4116,0,48318,0,268366,0,4116,269407
mv_no_box2,300,1548266197.17819,1117,0,45305,0,267820,0,1117,268862
mv_no_box2,301,1548266197.21156,1921,0,46276,0,269008,0,1921,270048
mv_no_box2,302,1548266197.24493,2140,0,46540,0,269439,0,2140,270480
mv_no_box2,303,1548266197.27830,4080,0,45874,0,268297,0,4080,269338
mv_no_box2,304,1548266197.31167,4306,0,46273,0,268089,0,4306,269129
mv_no_box2,305,1548266197.34501,1990,0,46750,0,269237,0,1990,270277
mv_no_box2,306,1548266197.37838,2608,0,250114,0,269068,0,2608,270109
mv_no_box2,307,1548266197.41177,1435,0,251249,0,269209,0,1435,270251
mv_no_box2,308,1548266197.44512,2137,0,251831,0,269671,0,2137,270704
mv_no_box2,309,1548266197.47848,5150,0,252974,0,268673,0,5150,269711
mv_no_box2,310,1548266197.51184,4303,0,254457,0,269065,0,4303,270111
mv_no_box2,311,1548266197.54521,2791,0,255249,0,269002,0,2791,270047
mv_no_box2,312,1548266197.57858,4945,0,255267,0,268598,0,4945,269642
mv_no_box2,313,1548266197.61194,4593,0,256043,0,269193,0,4593,270237
mv_no_box2,314,1548266197.64531,3173,0,256866,0,269274,0,3173,270325
mv_no_box2,315,1548266197.67868,3325,0,256644,0,269087,0,3325,270137
mv_no_box2,316,1548266197.71205,2559,0,257056,0,268986,0,2559,270027
mv_no_box2,317,1548266197.74542,2717,0,257230,0,268796,0,2717,269837
mv_no_box2,318,1548266197.77879,4058,0,257284,0,268489,0,4058,269522
mv_no_box2,319,1548266197.81216,3407,0,257448,0,268550,0,3407,269586
mv_no_box2,320,1548266197.84553,3401,0,257420,0,268522,0,3401,269562
mv_no_box2,321,1548266197.87889,236456,0,257011,0,268377,0,236456,269416
mv_no_box2,322,1548266197.91226,3956,0,256282,0,268436,0,3956,269474
mv_no_box2,323,1548266197.94562,2378,0,255603,0,267731,0,2378,268772
mv_no_box2,324,1548266197.97899,5698,0,255189,0,267485,0,5698,268526
mv_no_box2,325,1548266198.01235,4065,0,255419,0,268081,0,4065,269122
mv_no_box2,326,1548266198.04572,5844,0,254911,0,267537,0,5844,268578
mv_no_box2,327,1548266198.07909,4549,0,254489,0,267660,0,4549,268699
mv_no_box2,328,1548266198.11246,2897,0,254242,0,267553,0,2897,268595
mv_no_box2,329,1548266198.14583,2668,0,253993,0,267445,0,2668,268488
mv_no_box2,330,1548266198.17921,2846,0,253983,0,267304,0,2846,268345
mv_no_box2,331,1548266198.21258,3650,0,254307,0,267810,0,3650,268850
mv_no_box2,332,1548266198.24595,3605,0,254634,0,268171,0,3605,269215
mv_no_box2,333,1548266198.27932,4236,0,254367,0,268274,0,4236,269318
mv_no_box2,334,1548266198.31269,6523,0,254518,0,268688,0,6523,269732
mv_no_box2,335,1548266198.34607,5087,0,254377,0,268797,0,5087,269837
mv_no_box2,336,1548266198.37944,6112,0,253588,0,268895,0,6112,269935
mv_no_box2,337,1548266198.41281,5376,0,63444,0,268908,0,5376,269944
mv_no_box2,338,1548266198.44618,5768,0,61427,0,269143,0,5768,270185
mv_no_box2,339,1548266198.47955,1408,0,60877,0,268825,0,1408,269858
mv_no_box2,340,1548266198.51292,10483,0,59487,0,269103,0,10483,270138
mv_no_box2,341,1548266198.54628,7042,0,58018,0,269251,0,7042,270288
mv_no_box2,342,1548266198.57963,15355,0,55745,0,269111,0,15355,270120
mv_no_box2,343,1548266198.61300,1962,0,54612,0,269168,0,1962,270181
mv_no_box2,344,1548266198.64637,18157,0,53508,0,269514,0,18157,270547
mv_no_box2,345,1548266198.67974,15284,0,52147,0,269511,0,15284,270539
mv_no_box2,346,1548266198.71308,15264,0,51257,0,269459,0,15264,270497
mv_no_box2,347,1548266198.74645,1324,0,49523,0,269358,0,1324,270400
mv_no_box2,348,1548266198.77982,12033,0,48249,0,269116,0,12033,270157
mv_no_box2,349,1548266198.81320,3169,0,47140,0,269405,0,3169,270442
mv_no_box2,350,1548266198.84657,882,0,45230,0,269469,0,882,270510
mv_no_box2,351,1548266198.87996,1625,0,44630,0,269360,0,1625,270400
mv_no_box2,352,1548266198.91334,149,0,45595,0,269313,0,149,270349
mv_no_box2,353,1548266198.94671,0,0,51182,0,269537,0,0,270576
mv_no_box2,354,1548266198.98008,480,0,53009,0,269058,0,480,270101
mv_no_box2,355,1548266199.01347,7874,0,54972,0,269214,0,7874,270255
mv_no_box2,356,1548266199.04683,320,0,57046,0,269447,0,320,270490
mv_no_box2,357,1548266199.08020,838,0,57224,0,269292,0,838,270332
mv_no_box2,358,1548266199.11355,3153,0,58725,0,269201,0,3153,270236
mv_no_box2,359,1548266199.14691,365,0,61934,0,269489,0,365,270528
mv_no_box2,360,1548266199.18028,443,0,64603,0,269124,0,443,270166
mv_no_box2,361,1548266199.21367,1898,0,66428,0,269356,0,1898,270398
mv_no_box2,362,1548266199.24705,7685,0,66303,0,269594,0,7685,270636
mv_no_box2,363,1548266199.28041,2971,0,68171,0,269506,0,2971,270545
mv_no_box2,364,1548266199.31378,8738,0,68041,0,269367,0,8738,270410
mv_no_box2,365,1548266199.34714,847,0,69590,0,269123,0,847,270165
mv_no_box2,366,1548266199.38051,13047,0,72540,0,269238,0,13047,270279
mv_no_box2,367,1548266199.41388,15307,0,72652,0,268775,0,15307,269816
mv_no_box2,368,1548266199.44727,10131,0,72761,0,268964,0,10131,270007
mv_no_box2,369,1548266199.48064,19018,0,72969,0,268643,0,19018,269687
mv_no_box2,370,1548266199.51401,17634,0,73255,0,268522,0,17634,269564
mv_no_box2,371,1548266199.54738,13093,0,72045,0,267334,0,13093,268376
mv_no_box2,372,1548266199.58074,4313,0,72491,0,266914,0,4313,267958
mv_no_box2,373,1548266199.61411,16827,0,75806,0,267337,0,16827,268379
mv_no_box2,374,1548266199.64748,6864,0,75406,0,266264,0,6864,267306
mv_no_box2,375,1548266199.68085,10952,0,77555,0,266102,0,10952,267146
mv_no_box2,376,1548266199.71424,18684,0,78638,0,266645,0,18684,267687
mv_no_box2,377,1548266199.74758,6534,0,78472,0,266373,0,6534,267415
mv_no_box2,378,1548266199.78098,20892,0,79270,0,266205,0,20892,267246
mv_no_box2,379,1548266199.81432,1737,0,80255,0,266057,0,1737,267096
mv_no_box2,380,1548266199.84768,12151,0,80965,0,265402,0,12151,266443
mv_no_box2,381,1548266199.88104,11466,0,82292,0,266727,0,11466,267763
mv_no_box2,382,1548266199.91441,950,0,81406,0,265284,0,950,266325
mv_no_box2,383,1548266199.94778,928,0,80660,0,265350,0,928,266391
mv_no_box2,384,1548266199.98115,1222,0,81214,0,265920,0,1222,266958
mv_no_box2,385,1548266200.01451,3051,0,80317,0,265857,0,3051,266897
mv_no_box2,386,1548266200.04788,2274,0,65222,0,265855,0,2274,266891
mv_no_box2,387,1548266200.08126,4401,0,65341,0,265798,0,4401,266839
mv_no_box2,388,1548266200.11462,9339,0,66237,0,265897,0,9339,266937
mv_no_box2,389,1548266200.14799,5287,0,64348,0,265514,0,5287,266555
mv_no_box2,390,1548266200.18136,15238,0,65984,0,266244,0,15238,267284
mv_no_box2,391,1548266200.21472,7619,0,65102,0,266034,0,7619,267074
mv_no_box2,392,1548266200.24809,4372,0,64779,0,266861,0,4372,267903
mv_no_box2,393,1548266200.28146,4993,0,63385,0,265859,0,4993,266901
mv_no_box2,394,1548266200.31482,3811,0,57386,0,267263,0,3811,268305
mv_no_box2,395,1548266200.34819,3260,0,57805,0,267017,0,3260,268059
mv_no_box2,396,1548266200.38157,1493,0,52335,0,265595,0,1493,266637
mv_no_box2,397,1548266200.41493,3871,0,49250,0,267565,0,3871,268608
mv_no_box2,398,1548266200.44830,1726,0,49033,0,267421,0,1726,268464
mv_no_box2,399,1548266200.48167,1429,0,48521,0,265543,0,1429,266587
mv_no_box2,400,1548266200.51504,2773,0,49182,0,267349,0,2773,268393
mv_no_box2,401,1548266200.54841,2208,0,47590,0,268050,0,2208,269092
mv_no_box2,402,1548266200.58177,899,0,46690,0,267530,0,899,268573
mv_no_box2,403,1548266200.61515,2363,0,45314,0,266106,0,2363,267147
mv_no_box2,404,1548266200.64852,1366,0,42518,0,267209,0,1366,268251
mv_no_box2,405,1548266200.68190,5061,0,41637,0,268162,0,5061,269203
mv_no_box2,406,1548266200.71527,2335,0,35068,0,267795,0,2335,268836
mv_no_box2,407,1548266200.74864,2757,0,32376,0,267784,0,2757,268826
mv_no_box2,408,1548266200.78201,3514,0,30543,0,267836,0,3514,268879
mv_no_box2,409,1548266200.81538,4056,0,29021,0,268318,0,4056,269360
mv_no_box2,410,1548266200.84876,2710,0,26857,0,268432,0,2710,269476
mv_no_box2,411,1548266200.88211,1402,0,26000,0,267642,0,1402,268685
mv_no_box2,412,1548266200.91548,1361,0,25495,0,268396,0,1361,269437
mv_no_box2,413,1548266200.94884,1700,0,22931,0,268192,0,1700,269234
mv_no_box2,414,1548266200.98220,1226,0,22690,0,267084,0,1226,268126
mv_no_box2,415,1548266201.01557,194,0,23219,0,267547,0,194,268591
mv_no_box2,416,1548266201.04894,167,0,21458,0,267634,0,167,268677
mv_no_box2,417,1548266201.08231,320,0,19834,0,267020,0,320,268062
mv_no_box2,418,1548266201.11568,0,0,19485,0,267616,0,0,268659
mv_no_box2,419,1548266201.14905,0,0,18637,0,267906,0,0,268949
mv_no_box2,420,1548266201.18240,0,0,19615,0,267398,0,0,268439
mv_no_box2,421,1548266201.21577,0,0,17295,0,266932,0,0,267975
mv_no_box2,422,1548266201.24914,0,0,37064,0,267808,0,0,268850
mv_no_box2,423,1548266201.28250,230,0,39617,0,267908,0,230,268950
mv_no_box2,424,1548266201.31589,0,0,41773,0,266868,0,0,267911
mv_no_box2,425,1548266201.34925,99,0,42225,0,266913,0,99,267957
mv_no_box2,426,1548266201.38263,0,0,44068,0,267031,0,0,268072
mv_no_box2,427,1548266201.41600,161,0,44002,0,266081,0,161,267124
mv_no_box2,428,1548266201.44935,0,0,47881,0,267193,0,0,268235
mv_no_box2,429,1548266201.48272,322,0,51116,0,267401,0,322,268444
mv_no_box2,430,1548266201.51608,1141,0,50586,0,266918,0,1141,267961
mv_no_box2,431,1548266201.54946,971,0,53270,0,266313,0,971,267349
mv_no_box2,432,1548266201.58283,0,0,55737,0,266110,0,0,267152
mv_no_box2,433,1548266201.61619,90,0,59203,0,266233,0,90,267274
mv_no_box2,434,1548266201.64956,1010,0,60880,0,265752,0,1010,266795
mv_no_box2,435,1548266201.68294,1991,0,68809,0,266339,0,1991,267375
mv_no_box2,436,1548266201.71630,281,0,71278,0,266696,0,281,267740
mv_no_box2,437,1548266201.74968,22861,0,71347,0,265806,0,22861,266846
mv_no_box2,438,1548266201.78306,20792,0,73360,0,266318,0,20792,267359
mv_no_box2,439,1548266201.81644,23745,0,75935,0,267310,0,23745,268348
mv_no_box2,440,1548266201.84981,23956,0,76542,0,267440,0,23956,268480
mv_no_box2,441,1548266201.88315,25026,0,76609,0,267515,0,25026,268556
mv_no_box2,442,1548266201.91651,20495,0,75634,0,266465,0,20495,267507
mv_no_box2,443,1548266201.94988,24083,0,76317,0,267100,0,24083,268140
mv_no_box2,444,1548266201.98325,20345,0,77097,0,267298,0,20345,268335
mv_no_box2,445,1548266202.01662,15734,0,90871,0,266010,0,15734,267050
mv_no_box2,446,1548266202.04998,18512,0,91220,0,266908,0,18512,267951
mv_no_box2,447,1548266202.08335,20730,0,91674,0,267395,0,20730,268438
mv_no_box2,448,1548266202.11672,21342,0,91087,0,265833,0,21342,266876
mv_no_box2,449,1548266202.15009,19285,0,91373,0,266110,0,19285,267153
mv_no_box2,450,1548266202.18346,35517,0,93705,0,267221,0,35517,268259
mv_no_box2,451,1548266202.21683,26694,0,93418,0,267061,0,26694,268099
mv_no_box2,452,1548266202.25020,18001,0,92624,0,265099,0,18001,266142
mv_no_box2,453,1548266202.28356,21977,0,93023,0,265820,0,21977,266860
mv_no_box2,454,1548266202.31693,24074,0,92017,0,266290,0,24074,267327
mv_no_box2,455,1548266202.35030,15254,0,92158,0,267290,0,15254,268327
mv_no_box2,456,1548266202.38367,0,0,90779,0,266679,0,0,267723
mv_no_box2,457,1548266202.41703,764,0,90079,0,266193,0,764,267235
mv_no_box2,458,1548266202.45041,1270,0,92677,0,267795,0,1270,268834
mv_no_box2,459,1548266202.51715,2457,0,89023,0,266485,0,2457,267521
mv_no_box2,460,1548266202.55052,15337,0,92559,0,267863,0,15337,268894
mv_no_box2,461,1548266202.58389,881,0,92073,0,265338,0,881,266367
mv_no_box2,462,1548266202.61726,344,0,98398,0,267186,0,344,268216
mv_no_box2,463,1548266202.65063,1268,0,104402,0,266345,0,1268,267375
mv_no_box2,464,1548266202.68400,551,0,107676,0,266955,0,551,267983
mv_no_box2,465,1548266202.71737,12335,0,107641,0,266173,0,12335,267203
mv_no_box2,466,1548266202.75074,759,0,110036,0,265411,0,759,266439
mv_no_box2,467,1548266202.78410,2069,0,110147,0,265694,0,2069,266723
mv_no_box2,468,1548266202.81747,4386,0,110933,0,266150,0,4386,267180
mv_no_box2,469,1548266202.85083,3543,0,109281,0,266831,0,3543,267865
mv_no_box2,470,1548266202.88419,12576,0,104774,0,265193,0,12576,266226
mv_no_box2,471,1548266202.91756,6282,2678,105952,3397,267014,3397,3604,268049
mv_no_box2,472,1548266202.95093,7258,3855,105181,3988,266191,3988,3403,267228
mv_no_box2,473,1548266202.98430,21866,5360,105243,5748,265535,5748,16506,266574
mv_no_box2,474,1548266203.01766,8121,5944,106383,6865,266164,6865,2177,267204
mv_no_box2,475,1548266203.05102,14791,6722,105486,8985,265367,9053,8069,266406
mv_no_box2,476,1548266203.08439,20682,8970,104885,10627,265388,10844,11712,266432
mv_no_box2,477,1548266203.11774,27566,13592,108182,14499,266542,14735,13974,267583
mv_no_box2,478,1548266203.15111,38068,25465,109806,26116,266565,26563,12603,267605
mv_no_box2,479,1548266203.18448,40686,24496,109443,33607,265291,34201,16190,266321
mv_no_box2,480,1548266203.21785,32686,24815,110908,35569,265509,36414,7871,266539
mv_no_box2,481,1548266203.25122,42138,34987,109132,36430,264504,36633,7151,265548
mv_no_box2,482,1548266203.28459,43812,35707,112276,38271,265427,38742,8105,266461
mv_no_box2,483,1548266203.31796,46744,36978,114307,39744,264093,40256,9766,265127
mv_no_box2,484,1548266203.35133,35400,34914,113768,39923,263961,40551,486,264999
mv_no_box2,485,1548266203.38470,687,298,114928,40714,264402,41402,389,265436
mv_no_box2,486,1548266203.41807,5207,839,115220,43353,264605,44422,4368,265639
mv_no_box2,487,1548266203.45144,322,0,114912,39154,265424,39757,322,266465
mv_no_box2,488,1548266203.48481,1712,988,115625,41013,266514,41490,724,267548
mv_no_box2,489,1548266203.51818,5300,1660,103633,42780,265201,46063,3640,266244
mv_no_box2,490,1548266203.55155,2255,152,104099,39218,266148,41033,2103,267179
mv_no_box2,491,1548266203.58492,5594,1726,105229,41564,268376,43780,3868,269407
mv_no_box2,492,1548266203.61829,8188,470,105118,39046,268433,43016,7718,269468
mv_no_box2,493,1548266203.65165,6236,2105,103828,37809,267668,43195,4131,268703
mv_no_box2,494,1548266203.68501,5570,923,103928,32655,269110,38636,4647,270138
mv_no_box2,495,1548266203.71838,11603,2360,98290,34317,268554,41144,9243,269585
mv_no_box2,496,1548266203.75175,10460,2402,94536,31297,267756,43338,8058,268783
mv_no_box2,497,1548266203.78512,13235,2542,93338,30676,269070,40105,10693,270099
mv_no_box2,498,1548266203.81848,17389,1961,90402,27677,268088,38640,15428,269114
mv_no_box2,499,1548266203.85185,10806,1372,81099,22651,268130,40705,9434,269156
mv_no_box2,500,1548266203.88521,12359,1522,58613,11009,268394,37282,10837,269421
mv_no_box2,501,1548266203.91858,15241,1511,58146,10278,267810,38809,13730,268836
mv_no_box2,502,1548266203.95196,10492,1203,56545,8651,267444,40881,9289,268468
mv_no_box2,503,1548266203.98533,10796,1175,57132,8975,268211,38838,9621,269237
mv_no_box2,504,1548266204.01870,13128,1155,57056,8429,268000,38051,11973,269022
mv_no_box2,505,1548266204.05207,1515,120,55484,7191,266811,37945,1395,267833
mv_no_box2,506,1548266204.08544,11441,814,55592,6856,266879,40237,10627,267902
mv_no_box2,507,1548266204.11884,5278,282,53461,5410,267750,36631,4996,268774
mv_no_box2,508,1548266204.15223,2397,53,51401,4068,266739,37819,2344,267759
mv_no_box2,509,1548266204.18560,982,0,50367,3475,266981,35928,982,268003
mv_no_box2,510,1548266204.21894,4334,230,50587,3503,267208,36523,4104,268232
mv_no_box2,511,1548266204.25228,1241,0,50103,2578,266686,37919,1241,267707
mv_no_box2,512,1548266204.28565,1175,187,52047,3456,267735,35965,988,268758
mv_no_box2,513,1548266204.31902,9968,396,50930,4161,266856,38572,9572,267877
mv_no_box2,514,1548266204.35241,3926,68,49257,3153,267071,35719,3858,268093
mv_no_box2,515,1548266204.38578,2907,92,51545,3410,265866,39956,2815,266889
mv_no_box2,516,1548266204.41914,3082,111,54346,4152,267405,37427,2971,268429
mv_no_box2,517,1548266204.45251,3336,27,54815,3749,266817,35009,3309,267840
mv_no_box2,518,1548266204.48588,6247,53,55022,3802,266308,37552,6194,267330
mv_no_box2,519,1548266204.51925,7646,374,53927,4230,266980,35292,7272,268003
mv_no_box2,520,1548266204.55262,7620,567,53495,4818,268097,36171,7053,269120
mv_no_box2,521,1548266204.58599,2846,353,54024,6580,267980,39136,2493,269001
mv_no_box2,522,1548266204.61936,5012,623,52226,6713,268961,37844,4389,269985
mv_no_box2,523,1548266204.65272,2841,103,51407,7969,267298,42578,2738,268319
mv_no_box2,524,1548266204.68610,3407,689,51840,8012,268689,41622,2718,269711
mv_no_box2,525,1548266204.71947,2948,614,53110,10465,268293,41576,2334,269317
mv_no_box2,526,1548266204.75284,1840,116,53491,11050,268688,41114,1724,269711
mv_no_box2,527,1548266204.78620,5475,1581,196459,39639,267142,43841,3894,268165
mv_no_box2,528,1548266204.81957,1556,259,195938,38897,265111,43630,1297,266133
mv_no_box2,529,1548266204.85291,1183,0,196579,38107,266140,42582,1183,267159
mv_no_box2,530,1548266204.88631,10289,1397,202893,40009,263748,44490,8892,264769
mv_no_box2,531,1548266204.91962,9762,1437,205224,41274,264082,46400,8325,265101
mv_no_box2,532,1548266204.95298,10192,473,205288,39593,263505,44809,9719,264527
mv_no_box2,533,1548266204.98635,3517,0,206907,39931,264646,44002,3517,265668
mv_no_box2,534,1548266205.01972,665,0,207298,39905,262413,43752,665,263436
mv_no_box2,535,1548266205.05308,1639,3,207111,39656,262432,43197,1636,263453
mv_no_box2,536,1548266205.08647,2296,0,209469,39520,264360,43037,2296,265382
mv_no_box2,537,1548266205.11983,3254,0,207522,40876,262002,44181,3254,263026
mv_no_box2,538,1548266205.15320,1674,0,207978,41605,263066,44734,1674,264090
mv_no_box2,539,1548266205.18657,1970,0,208741,43299,264336,45695,1970,265360
mv_no_box2,540,1548266205.21996,4312,56,209882,43470,265488,45477,4256,266508
mv_no_box2,541,1548266205.25335,2408,69,208364,45244,264929,47359,2339,265952
mv_no_box2,542,1548266205.28672,163591,43743,209921,45115,265979,46656,119848,267002
mv_no_box2,543,1548266205.32009,7143,74,209073,45900,265184,47435,7069,266208
mv_no_box2,544,1548266205.35346,6398,222,210968,46507,265259,48750,6176,266281
mv_no_box2,545,1548266205.38681,163776,43751,213952,44174,267730,44977,120025,268752
mv_no_box2,546,1548266205.42018,10113,86,210859,48370,263952,49835,10027,264976
mv_no_box2,547,1548266205.45355,3548,479,209660,51074,263146,52385,3069,264169
mv_no_box2,548,1548266205.48692,8918,634,212624,44997,267763,46449,8284,268786
mv_no_box2,549,1548266205.52025,9774,5,211765,48648,263920,51477,9769,264943
mv_no_box2,550,1548266205.55362,6464,0,211239,50648,263370,52615,6464,264392
mv_no_box2,551,1548266205.58699,6916,2,214354,46666,266985,48932,6914,268007
mv_no_box2,552,1548266205.62036,5553,0,214202,49043,264812,52514,5553,265836
mv_no_box2,553,1548266205.65373,828,0,210268,48764,260463,52445,828,261487
mv_no_box2,554,1548266205.68710,3466,0,214436,46846,265455,50471,3466,266479
mv_no_box2,555,1548266205.72047,12207,0,210690,47263,261139,52776,12207,262161
mv_no_box2,556,1548266205.75384,3367,0,211984,47739,261711,52399,3367,262734
mv_no_box2,557,1548266205.78721,6131,0,212781,48258,262876,52041,6131,263900
mv_no_box2,558,1548266205.82058,10194,54,208138,43729,262080,51280,10140,263103
mv_no_box2,559,1548266205.85395,17470,2145,204698,42454,259173,49644,15325,260197
mv_no_box2,560,1548266205.88732,11507,0,205557,43517,262248,50101,11507,263271
mv_no_box2,561,1548266205.92068,13514,796,89046,7173,258558,47860,12718,259583
mv_no_box2,562,1548266205.95405,11015,0,87449,6628,258750,47253,11015,259775
mv_no_box2,563,1548266205.98742,13384,0,86143,7017,259021,47775,13384,260046
mv_no_box2,564,1548266206.02080,19539,2203,83035,6500,256543,47707,17336,257567
mv_no_box2,565,1548266206.05417,6161,49,79595,5959,255568,46719,6112,256592
mv_no_box2,566,1548266206.08753,9403,0,79875,5848,256888,46515,9403,257913
mv_no_box2,567,1548266206.12090,15138,194,77622,5802,256091,46699,14944,257115
mv_no_box2,568,1548266206.15427,6283,0,77537,5953,257275,46811,6283,258300
mv_no_box2,569,1548266206.18764,92,0,78135,6101,257756,45764,92,258780
mv_no_box2,570,1548266206.22101,14252,113,77310,6079,258023,45099,14139,259048
mv_no_box2,571,1548266206.25438,13240,17,77401,6327,257775,44887,13223,258800
mv_no_box2,572,1548266206.28775,16318,66,77777,6299,258137,44463,16252,259159
mv_no_box2,573,1548266206.32112,14508,83,76227,6420,256534,43268,14425,257559
mv_no_box2,574,1548266206.35449,17092,775,75421,6228,256615,42533,16317,257639
mv_no_box2,575,1548266206.38786,20270,1029,74022,5804,258552,42919,19241,259577
mv_no_box2,576,1548266206.48797,16128,636,72404,6377,254346,38858,15492,255371
mv_no_box2,577,1548266206.52133,9753,616,70260,5990,254758,39238,9137,255783
mv_no_box2,578,1548266206.55469,965,600,69813,5987,253243,38418,365,254266
mv_no_box2,579,1548266206.58807,1312,0,67786,6458,253142,38357,1312,254165
mv_no_box2,580,1548266206.62145,570,0,62227,5100,256251,38306,570,257275
mv_no_box2,581,1548266206.65481,195,0,62305,5142,255442,37831,195,256460
mv_no_box2,582,1548266206.68817,2412,31,62890,5073,255825,38248,2381,256849
mv_no_box2,583,1548266206.72154,2364,297,60528,5014,255903,39069,2067,256926
mv_no_box2,584,1548266206.75491,4025,1118,61769,5048,258057,38326,2907,259079
mv_no_box2,585,1548266206.78828,197,0,62082,4931,257256,38899,197,258279
mv_no_box2,586,1548266206.82165,6852,802,60111,4812,256673,39208,6050,257698
mv_no_box2,587,1548266206.85502,4397,815,56956,5077,256954,39315,3582,257977
mv_no_box2,588,1548266206.88840,1272,0,56314,4513,258230,39207,1272,259254
mv_no_box2,589,1548266206.92177,0,0,54175,4423,256522,39472,0,257546
mv_no_box2,590,1548266206.95514,131,0,50173,4284,257179,39959,131,258204
mv_no_box2,591,1548266206.98851,585,53,40977,3820,254709,39520,532,255730
mv_no_box2,592,1548266207.02188,380,3,31799,3702,255445,39605,377,256469
mv_no_box2,593,1548266207.05525,3021,0,23086,2120,256964,40682,3021,257986
mv_no_box2,594,1548266207.08862,328,232,24389,1793,258280,40242,96,259305
mv_no_box2,595,1548266207.12197,166,0,24846,1786,258243,40556,166,259266
mv_no_box2,596,1548266207.15535,1265,0,24050,1649,254608,40132,1265,255631
mv_no_box2,597,1548266207.18872,2409,77,25307,2578,254572,41528,2332,255595
mv_no_box2,598,1548266207.22209,377,0,25159,1507,257121,40151,377,258142
mv_no_box2,599,1548266207.25548,2621,0,23746,1295,256050,40086,2621,257074
mv_no_box2,600,1548266207.28885,88,0,22471,1079,256223,40698,88,257246
mv_no_box2,601,1548266207.32222,114,0,22577,1019,256675,40999,114,257700
mv_no_box2,602,1548266207.35559,91,0,20187,1036,255639,40870,91,256664
mv_no_box2,603,1548266207.38896,0,0,15872,889,255269,41175,0,256292
mv_no_box2,604,1548266207.42233,453,0,15175,686,256257,41108,453,257281
mv_no_box2,605,1548266207.45570,121,0,15295,798,254924,41362,121,255949
mv_no_box2,606,1548266207.48907,0,0,15950,800,255009,40519,0,256033
mv_no_box2,607,1548266207.52246,174,0,15814,811,256157,41067,174,257181
mv_no_box2,608,1548266207.55583,112,0,29607,1064,255457,41562,112,256481
mv_no_box2,609,1548266207.58919,2592,0,30620,1303,256445,41760,2592,257469
mv_no_box2,610,1548266207.62256,1110,291,31776,949,257251,41437,819,258275
mv_no_box2,611,1548266207.65592,281,0,32387,839,255528,41204,281,256549
mv_no_box2,612,1548266207.68929,3147,0,33341,780,257620,40850,3147,258644
mv_no_box2,613,1548266207.72266,562,0,40742,850,256905,40859,562,257928
mv_no_box2,614,1548266207.75601,214,0,41829,1006,256367,40445,214,257391
mv_no_box2,615,1548266207.78937,210,0,41813,943,256980,40989,210,258004
mv_no_box2,616,1548266207.82273,0,0,41351,1005,256024,41248,0,257047
mv_no_box2,617,1548266207.85610,0,0,42241,1032,255515,41471,0,256539
mv_no_box2,618,1548266207.88947,0,0,43072,1176,257751,41765,0,258775
mv_no_box2,619,1548266207.92284,98,0,41219,1185,253140,40734,98,254164
mv_no_box2,620,1548266207.95621,334,0,41350,1228,253429,40562,334,254453
mv_no_box2,621,1548266207.98958,491,0,42392,1247,255311,41257,491,256335
mv_no_box2,622,1548266208.02295,368,0,44020,1359,258813,42368,368,259838
mv_no_box2,623,1548266208.05632,15767,126,44127,1546,255879,40830,15641,256902
mv_no_box2,624,1548266208.08969,4204,0,45149,1371,258503,41583,4204,259527
mv_no_box2,625,1548266208.12305,4598,0,44599,1515,257859,41345,4598,258884
mv_no_box2,626,1548266208.15642,2682,70,47399,4278,256589,41280,2612,257612
mv_no_box2,627,1548266208.18979,3484,0,48494,4694,257608,41462,3484,258633
mv_no_box2,628,1548266208.22316,21933,1215,47749,5026,256489,41368,20718,257513
mv_no_box2,629,1548266208.25653,22036,1277,51685,7313,255741,41427,20759,256766
mv_no_box2,630,1548266208.28990,3866,14,53280,8416,256138,41555,3852,257163
mv_no_box2,631,1548266208.32327,3146,0,55285,8802,257071,41766,3146,258094
mv_no_box2,632,1548266208.35664,2164,0,55523,9078,256159,41260,2164,257182
mv_no_box2,633,1548266208.39001,0,0,55526,9248,254327,40890,0,255349
mv_no_box2,634,1548266208.42335,0,0,57071,9222,257680,42173,0,258704
mv_no_box2,635,1548266208.45672,0,0,106637,22631,256371,41690,0,257393
mv_no_box2,636,1548266208.49009,0,0,107018,23479,257932,41365,0,258956
mv_no_box2,637,1548266208.52347,259,0,109190,24619,256911,41153,259,257932
mv_no_box2,638,1548266208.55684,1976,869,110282,24914,257382,40023,1107,258406
mv_no_box2,639,1548266208.59025,414,0,108130,26387,255898,40257,414,256922
mv_no_box2,640,1548266208.62362,0,0,111754,26586,257448,37766,0,258473
mv_no_box2,641,1548266208.65699,22155,685,111680,25889,257317,35975,21470,258341
mv_no_box2,642,1548266208.69036,1277,145,111029,25606,257348,34705,1132,258371
mv_no_box2,643,1548266208.72373,984,0,116015,26586,258924,34714,984,259949
mv_no_box2,644,1548266208.75710,25154,548,117349,26605,257362,33998,24606,258387
mv_no_box2,645,1548266208.79047,3560,96,114061,26603,257318,33282,3464,258341
mv_no_box2,646,1548266208.82384,1873,543,113702,29012,258515,34709,1330,259540
mv_no_box2,647,1548266208.85720,3077,110,112710,30601,257404,35073,2967,258428
mv_no_box2,648,1548266208.89053,1104,203,111526,29217,259350,32778,901,260372
mv_no_box2,649,1548266208.92390,1825,127,109785,29542,256348,32293,1698,257371
mv_no_box2,650,1548266208.95727,54575,27118,121640,30420,256437,31428,27457,257459
mv_no_box2,651,1548266209.02400,967,153,127172,28818,256236,29843,814,257258
mv_no_box2,652,1548266209.05737,48100,25953,128512,29739,257676,30393,22147,258698
mv_no_box2,653,1548266209.09074,27214,26143,132403,30946,258750,31701,1071,259773
mv_no_box2,654,1548266209.12414,28615,28423,133938,34007,258683,34814,192,259703
mv_no_box2,655,1548266209.15751,13854,326,136439,36038,257456,36870,13528,258478
mv_no_box2,656,1548266209.19088,4026,186,138911,38275,259665,39094,3840,260689
mv_no_box2,657,1548266209.22421,413,314,137977,39961,259863,40583,99,260885
mv_no_box2,658,1548266209.25760,56936,36120,137844,40479,258366,41027,20816,259391
mv_no_box2,659,1548266209.29097,58869,36796,141092,41537,259157,42083,22073,260181
mv_no_box2,660,1548266209.32434,1549,1480,129913,43369,258703,43871,69,259726
mv_no_box2,661,1548266209.35771,222,0,130017,44102,257827,44553,222,258850
mv_no_box2,662,1548266209.39107,0,0,130485,43693,259972,44249,0,260997
mv_no_box2,663,1548266209.42444,103,0,130453,43682,260831,44366,103,261855
mv_no_box2,664,1548266209.45779,151,0,129681,45363,258818,46141,151,259843
mv_no_box2,665,1548266209.49116,58202,39004,129991,45188,258651,45894,19198,259674
mv_no_box2,666,1548266209.52452,63608,42598,127522,47260,260953,47435,21010,261977
mv_no_box2,667,1548266209.55789,88,0,127219,46677,258610,46930,88,259634
mv_no_box2,668,1548266209.59126,41271,40651,134384,46193,259910,46649,620,260934
mv_no_box2,669,1548266209.62463,42545,41231,143660,46932,261820,47069,1314,262844
mv_no_box2,670,1548266209.65800,44313,42740,143474,46470,260929,46828,1573,261953
mv_no_box2,671,1548266209.69137,42411,41803,143653,45969,259687,47373,608,260709
mv_no_box2,672,1548266209.72474,511,0,144599,45354,261127,47404,511,262151
mv_no_box2,673,1548266209.75811,1073,0,156936,44424,261328,47282,1073,262352
mv_no_box2,674,1548266209.79148,19900,0,158280,42761,260210,45693,19900,261234
mv_no_box2,675,1548266209.82486,4763,0,154286,40748,261853,43655,4763,262874
mv_no_box2,676,1548266209.85825,1276,0,157502,38290,264189,41083,1276,265208
mv_no_box2,677,1548266209.89162,0,0,157174,36216,261900,38464,0,262924
mv_no_box2,678,1548266209.92498,0,0,158668,34517,262575,36395,0,263598
mv_no_box2,679,1548266209.95835,975,0,159240,32727,263132,33940,975,264156
mv_no_box2,680,1548266209.99172,1752,49,158037,31311,261817,32390,1703,262840
mv_no_box2,681,1548266210.02509,2641,0,156490,31624,261378,32615,2641,262401
mv_no_box2,682,1548266210.05843,2355,0,155979,28007,263968,28436,2355,264993
mv_no_box2,683,1548266210.12518,31077,102,155750,25356,263480,25634,30975,264507
mv_no_box2,684,1548266210.15854,61563,24481,153703,25725,262061,26048,37082,263089
mv_no_box2,685,1548266210.19191,39693,1847,151262,21800,262106,21800,37846,263134
mv_no_box2,686,1548266210.22527,53211,17983,150861,19554,263367,19554,35228,264393
mv_no_box2,687,1548266210.25864,37889,11158,140446,17310,261230,17310,26731,262259
mv_no_box2,688,1548266210.29201,83065,9224,142548,13677,263349,13677,73841,264378
mv_no_box2,689,1548266210.32538,36676,0,143358,9834,263398,9834,36676,264426
mv_no_box2,690,1548266210.35875,24066,6589,141909,7376,260510,7376,17477,261537
mv_no_box2,691,1548266210.39212,39758,0,145356,0,264062,0,39758,265089
mv_no_box2,692,1548266210.42549,37254,0,144011,0,262678,0,37254,263714
mv_no_box2,693,1548266210.45886,59396,0,142428,0,260490,0,59396,261525
mv_no_box2,694,1548266210.49223,2656,0,146289,0,263166,0,2656,264199
mv_no_box2,695,1548266210.52559,4491,0,146037,0,262815,0,4491,263853
mv_no_box2,696,1548266210.55896,5487,0,144333,0,260597,0,5487,261640
mv_no_box2,697,1548266210.59233,0,0,147807,0,264640,0,0,265682
mv_no_box2,698,1548266210.62569,3181,0,145911,0,263255,0,3181,264297
mv_no_box2,699,1548266210.65906,1549,0,143715,0,259631,0,1549,260671
mv_no_box2,700,1548266210.69243,3777,0,145796,0,265965,0,3777,267006
mv_no_box2,701,1548266210.72579,2274,0,143112,0,262985,0,2274,264027
mv_no_box2,702,1548266210.75916,5021,0,139630,0,260292,0,5021,261334
mv_no_box2,703,1548266210.79254,7349,0,140146,0,264159,0,7349,265200
mv_no_box2,704,1548266210.82590,6235,0,97969,0,266231,0,6235,267271
mv_no_box2,705,1548266210.85926,3434,0,96759,0,263229,0,3434,264269
mv_no_box2,706,1548266210.89262,5093,0,94389,0,263224,0,5093,264265
mv_no_box2,707,1548266210.92600,938,0,92459,0,264314,0,938,265353
mv_no_box2,708,1548266210.95938,583,0,91383,0,264585,0,583,265626
mv_no_box2,709,1548266210.99275,2657,0,49889,0,264287,0,2657,265326
mv_no_box2,710,1548266211.02612,1813,0,50670,0,263539,0,1813,264580
mv_no_box2,711,1548266211.05949,899,0,52613,0,265845,0,899,266885
mv_no_box2,712,1548266211.09286,129,0,50603,0,265111,0,129,266152
mv_no_box2,713,1548266211.12623,241,0,50500,0,265125,0,241,266166
mv_no_box2,714,1548266211.15960,3250,0,50052,0,265929,0,3250,266968
mv_no_box2,715,1548266211.19294,3175,0,49001,0,264955,0,3175,265996
mv_no_box2,716,1548266211.22633,3577,0,48877,0,267262,0,3577,268303
mv_no_box2,717,1548266211.25968,2884,0,48991,0,266791,0,2884,267831
mv_no_box2,718,1548266211.29305,369,0,47902,0,267462,0,369,268506
mv_no_box2,719,1548266211.32643,2217,0,44843,0,266643,0,2217,267688
mv_no_box2,720,1548266211.35980,5835,0,41387,0,266149,0,5835,267197
mv_no_box2,721,1548266211.39318,1907,0,40416,0,266383,0,1907,267428
mv_no_box2,722,1548266211.42655,1776,0,37973,0,265972,0,1776,267021
mv_no_box2,723,1548266211.45992,2069,0,40078,0,266947,0,2069,267999
mv_no_box2,724,1548266211.49329,3847,0,65009,0,265862,0,3847,266913
mv_no_box2,725,1548266211.52666,4613,0,66058,0,265612,0,4613,266667
mv_no_box2,726,1548266211.59339,8776,0,66277,0,264740,0,8776,265794
mv_no_box2,727,1548266211.62676,7817,0,68023,0,265271,0,7817,266326
mv_no_box2,728,1548266211.66012,617,0,69008,0,266662,0,617,267721
mv_no_box2,729,1548266211.69349,5388,0,68505,0,265807,0,5388,266864
mv_no_box2,730,1548266211.72684,829,0,66784,0,265549,0,829,266605
mv_no_box2,731,1548266211.76023,5711,0,67069,0,267005,0,5711,268066
mv_no_box2,732,1548266211.79358,2498,0,66975,0,266776,0,2498,267832
mv_no_box2,733,1548266211.82693,6744,0,64805,0,265043,0,6744,266095
mv_no_box2,734,1548266211.86029,2055,0,66053,0,265733,0,2055,266791
mv_no_box2,735,1548266211.89366,4124,0,65615,0,266404,0,4124,267461
mv_no_box2,736,1548266211.92703,5701,0,62165,0,263414,0,5701,264467
mv_no_box2,737,1548266211.96040,2010,0,62956,0,264303,0,2010,265360
mv_no_box2,738,1548266211.99377,6549,0,77358,0,264875,0,6549,265933
mv_no_box2,739,1548266212.02714,31418,0,77560,0,265195,0,31418,266252
mv_no_box2,740,1548266212.06051,4040,0,81419,0,265862,0,4040,266920
mv_no_box2,741,1548266212.09388,1819,0,81278,0,265716,0,1819,266775
mv_no_box2,742,1548266212.12727,6195,0,84063,0,265516,0,6195,266576
mv_no_box2,743,1548266212.16062,1262,0,84626,0,264791,0,1262,265851
mv_no_box2,744,1548266212.19399,434,0,85239,0,264711,0,434,265769
mv_no_box2,745,1548266212.22735,214,0,85170,0,264104,0,214,265164
mv_no_box2,746,1548266212.26071,1340,0,84556,0,263309,0,1340,264368
mv_no_box2,747,1548266212.29408,1250,0,84369,0,263880,0,1250,264940
mv_no_box2,748,1548266212.32743,1206,0,86910,0,264375,0,1206,265435
mv_no_box2,749,1548266212.36080,2084,0,85701,0,262916,0,2084,263975
mv_no_box2,750,1548266212.39417,1446,0,88265,0,262345,0,1446,263403
mv_no_box2,751,1548266212.42753,2245,0,88617,0,263725,0,2245,264786
mv_no_box2,752,1548266212.46090,2676,0,89067,0,264683,0,2676,265739
mv_no_box2,753,1548266212.49429,18213,0,88719,0,263476,0,18213,264533
mv_no_box2,754,1548266212.52766,3334,0,86901,0,263504,0,3334,264558
mv_no_box2,755,1548266212.56104,34362,0,84738,0,262905,0,34362,263964
mv_no_box2,756,1548266212.59439,1190,0,83129,0,264821,0,1190,265880
mv_no_box2,757,1548266212.62776,46607,0,81984,0,263241,0,46607,264300
mv_no_box2,758,1548266212.66113,16508,0,79742,0,263224,0,16508,264284
mv_no_box2,759,1548266212.69452,3049,0,79287,0,262969,0,3049,264028
mv_no_box2,760,1548266212.72789,4908,0,80008,0,263981,0,4908,265040
mv_no_box2,761,1548266212.76126,1819,0,78797,0,262132,0,1819,263188
mv_no_box2,762,1548266212.79463,947,0,78797,0,262129,0,947,263187
mv_no_box2,763,1548266212.82800,5315,0,80483,0,264606,0,5315,265664
mv_no_box2,764,1548266212.86137,1833,0,78603,0,262895,0,1833,263953
mv_no_box2,765,1548266212.89469,10254,0,77347,0,261286,0,10254,262345
mv_no_box2,766,1548266212.92806,1077,0,78433,0,262429,0,1077,263487
mv_no_box2,767,1548266212.96143,304,0,77877,0,261849,0,304,262906
mv_no_box2,768,1548266212.99480,1015,0,78288,0,263073,0,1015,264130
mv_no_box2,769,1548266213.02817,181,0,75390,0,261557,0,181,262615
mv_no_box2,770,1548266213.06154,3909,0,75503,0,261785,0,3909,262842
mv_no_box2,771,1548266213.09492,368,0,73717,0,262246,0,368,263304
mv_no_box2,772,1548266213.12829,556,0,73537,0,262729,0,556,263788
mv_no_box2,773,1548266213.16166,433,0,41054,0,262644,0,433,263703
mv_no_box2,774,1548266213.19503,1097,0,28524,0,262166,0,1097,263225
mv_no_box2,775,1548266213.22840,0,0,27759,0,262117,0,0,263175
mv_no_box2,776,1548266213.26177,0,0,25922,0,261309,0,0,262366
mv_no_box2,777,1548266213.29514,0,0,26704,0,263960,0,0,265018
mv_no_box2,778,1548266213.32851,978,0,26816,0,262675,0,978,263731
mv_no_box2,779,1548266213.36188,278,0,24515,0,261263,0,278,262321
mv_no_box2,780,1548266213.39527,698,0,24599,0,262874,0,698,263932
mv_no_box2,781,1548266213.42864,550,0,23158,0,264015,0,550,265072
mv_no_box2,782,1548266213.46200,6306,0,22430,0,263366,0,6306,264422
mv_no_box2,783,1548266213.49538,462,0,55018,0,263917,0,462,264973
mv_no_box2,784,1548266213.52874,116,0,56988,0,263832,0,116,264889
mv_no_box2,785,1548266213.56211,6878,0,59498,0,262992,0,6878,264048
mv_no_box2,786,1548266213.59548,802,0,58231,0,262801,0,802,263859
mv_no_box2,787,1548266213.62884,267,0,58678,0,263248,0,267,264306
mv_no_box2,788,1548266213.66221,343,0,64179,0,264006,0,343,265064
mv_no_box2,789,1548266213.69558,1872,0,63675,0,263440,0,1872,264497
mv_no_box2,790,1548266213.72896,1988,0,63406,0,263717,0,1988,264776
mv_no_box2,791,1548266213.76233,2437,0,64517,0,264403,0,2437,265461
mv_no_box2,792,1548266213.79570,5889,0,63775,0,264716,0,5889,265773
mv_no_box2,793,1548266213.82908,2345,0,63322,0,263246,0,2345,264305
mv_no_box2,794,1548266213.86244,1296,0,64569,0,264327,0,1296,265386
mv_no_box2,795,1548266213.89581,2742,0,68926,0,265806,0,2742,266865
mv_no_box2,796,1548266213.92918,1378,0,73484,0,265309,0,1378,266368
mv_no_box2,797,1548266213.96255,527,0,75158,0,264675,0,527,265734
mv_no_box2,798,1548266213.99592,35103,0,76149,0,265743,0,35103,266801
mv_no_box2,799,1548266214.02929,36557,0,77681,0,265348,0,36557,266406
mv_no_box2,800,1548266214.06262,35848,0,80002,0,265092,0,35848,266151
mv_no_box2,801,1548266214.12936,2304,0,79274,0,266163,0,2304,267222
mv_no_box2,802,1548266214.16273,565,0,78423,0,265020,0,565,266078
mv_no_box2,803,1548266214.19610,34129,0,79168,0,266138,0,34129,267195
mv_no_box2,804,1548266214.22947,502,0,77802,0,264660,0,502,265719
mv_no_box2,805,1548266214.26284,222,0,77935,0,265473,0,222,266531
mv_no_box2,806,1548266214.29620,621,0,77707,0,265789,0,621,266848
mv_no_box2,807,1548266214.32957,223,0,79293,0,265241,0,223,266299
mv_no_box2,808,1548266214.36295,841,0,79226,0,265558,0,841,266614
mv_no_box2,809,1548266214.39632,2880,0,82428,0,265753,0,2880,266813
mv_no_box2,810,1548266214.42969,35031,0,82148,0,265593,0,35031,266652
mv_no_box2,811,1548266214.46306,41749,0,82775,0,265880,0,41749,266935
mv_no_box2,812,1548266214.49643,9640,0,83783,0,265876,0,9640,266933
mv_no_box2,813,1548266214.52980,5850,0,87188,0,265520,0,5850,266584
mv_no_box2,814,1548266214.56319,8477,0,95599,0,264589,0,8477,265647
mv_no_box2,815,1548266214.59656,8735,0,97159,0,265943,0,8735,267002
mv_no_box2,816,1548266214.62993,4343,0,96622,0,266160,0,4343,267218
mv_no_box2,817,1548266214.66328,2186,0,95869,0,265564,0,2186,266624
mv_no_box2,818,1548266214.69665,2265,0,95406,0,265061,0,2265,266122
mv_no_box2,819,1548266214.73002,1531,0,94627,0,264824,0,1531,265887
mv_no_box2,820,1548266214.76341,1602,0,94999,0,264979,0,1602,266045
mv_no_box2,821,1548266214.79678,4105,0,96760,0,265743,0,4105,266811
mv_no_box2,822,1548266214.83013,5473,0,97893,0,265635,0,5473,266702
mv_no_box2,823,1548266214.86350,6145,0,98164,0,265142,0,6145,266210
mv_no_box2,824,1548266214.89687,8830,0,99176,0,265491,0,8830,266565
mv_no_box2,825,1548266214.93022,4356,0,97463,0,263478,0,4356,264554
mv_no_box2,826,1548266214.96360,5285,0,97947,0,264778,0,5285,265852
mv_no_box2,827,1548266214.99700,7972,0,91758,0,265416,0,7972,266493
mv_no_box2,828,1548266215.03037,37372,0,90943,0,264720,0,37372,265799
mv_no_box2,829,1548266215.06374,24625,0,89828,0,264091,0,24625,265167
mv_no_box2,830,1548266215.09711,5451,0,90860,0,264718,0,5451,265797
mv_no_box2,831,1548266215.13048,33315,0,91180,0,263045,0,33315,264125
mv_no_box2,832,1548266215.16385,4667,0,89118,0,262502,0,4667,263580
mv_no_box2,833,1548266215.19722,2773,0,89853,0,263186,0,2773,264266
mv_no_box2,834,1548266215.23058,3001,0,90093,0,262898,0,3001,263975
mv_no_box2,835,1548266215.26391,31507,0,89730,0,262875,0,31507,263953
mv_no_box2,836,1548266215.29728,6491,0,92175,0,263891,0,6491,264970
mv_no_box2,837,1548266215.33067,11452,0,92107,0,263333,0,11452,264411
mv_no_box2,838,1548266215.36403,5885,0,92026,0,262968,0,5885,264048
mv_no_box2,839,1548266215.39740,4288,0,92803,0,263767,0,4288,264843
mv_no_box2,840,1548266215.43077,5340,0,92697,0,263994,0,5340,265068
mv_no_box2,841,1548266215.46414,930,0,92806,0,263186,0,930,264264
mv_no_box2,842,1548266215.49751,7435,0,92575,0,263368,0,7435,264445
mv_no_box2,843,1548266215.53087,7143,0,92731,0,263062,0,7143,264138
mv_no_box2,844,1548266215.56425,447,0,93139,0,263690,0,447,264766
mv_no_box2,845,1548266215.59762,43041,0,89626,0,263367,0,43041,264441
mv_no_box2,846,1548266215.63099,15935,0,89029,0,262647,0,15935,263720
mv_no_box2,847,1548266215.66436,4643,0,88284,0,262847,0,4643,263919
mv_no_box2,848,1548266215.69771,35219,0,88515,0,262286,0,35219,263353
mv_no_box2,849,1548266215.73108,9571,0,88644,0,262453,0,9571,263524
mv_no_box2,850,1548266215.76445,5379,0,88523,0,263011,0,5379,264071
mv_no_box2,851,1548266215.79781,43248,0,87772,0,262830,0,43248,263898
mv_no_box2,852,1548266215.83118,38039,0,87971,0,263417,0,38039,264485
mv_no_box2,853,1548266215.86453,44846,0,87813,0,263545,0,44846,264611
mv_no_box2,854,1548266215.89790,39808,0,87044,0,263966,0,39808,265032
mv_no_box2,855,1548266215.93127,37018,0,87583,0,264040,0,37018,265109
mv_no_box2,856,1548266215.96464,41038,0,87365,0,264608,0,41038,265675
mv_no_box2,857,1548266215.99801,40876,0,88454,0,264201,0,40876,265270
mv_no_box2,858,1548266216.03139,43463,0,89897,0,264928,0,43463,265995
mv_no_box2,859,1548266216.06476,35324,0,88761,0,264021,0,35324,265087
mv_no_box2,860,1548266216.09813,39872,0,88665,0,263673,0,39872,264733
mv_no_box2,861,1548266216.13150,38108,0,87350,0,263612,0,38108,264677
mv_no_box2,862,1548266216.16487,35733,0,85082,0,263552,0,35733,264620
mv_no_box2,863,1548266216.19824,10784,0,89947,0,264838,0,10784,265903
mv_no_box2,864,1548266216.23161,11065,0,87996,0,263706,0,11065,264767
mv_no_box2,865,1548266216.26498,11826,0,87891,0,263906,0,11826,264974
mv_no_box2,866,1548266216.29834,8365,0,88307,0,263276,0,8365,264329
mv_no_box2,867,1548266216.33171,6155,0,89509,0,264174,0,6155,265238
mv_no_box2,868,1548266216.36508,2145,0,89231,0,264182,0,2145,265251
mv_no_box2,869,1548266216.39845,0,0,89273,0,263527,0,0,264592
mv_no_box2,870,1548266216.43180,304,0,90036,0,265178,0,304,266241
mv_no_box2,871,1548266216.46517,265,0,88320,0,263980,0,265,265042
mv_no_box2,872,1548266216.49854,2755,0,87734,0,264674,0,2755,265737
mv_no_box2,873,1548266216.53190,36016,0,86426,0,264691,0,36016,265758
mv_no_box2,874,1548266216.56527,0,0,81648,0,264673,0,0,265743
mv_no_box2,875,1548266216.59864,89,0,80823,0,263913,0,89,264981
mv_no_box2,876,1548266216.63201,3879,0,80322,0,264070,0,3879,265138
mv_no_box2,877,1548266216.69875,3250,0,82159,0,265651,0,3250,266718
mv_no_box2,878,1548266216.73212,38479,0,81766,0,265817,0,38479,266885
mv_no_box2,879,1548266216.76548,41183,0,82342,0,265043,0,41183,266107
mv_no_box2,880,1548266216.79885,40836,0,82153,0,264655,0,40836,265718
mv_no_box2,881,1548266216.83221,37092,0,80977,0,265281,0,37092,266347
mv_no_box2,882,1548266216.86558,36114,0,80587,0,265806,0,36114,266871
mv_no_box2,883,1548266216.89895,6912,0,78082,0,264219,0,6912,265281
mv_no_box2,884,1548266216.93231,38872,0,78921,0,265108,0,38872,266174
mv_no_box2,885,1548266216.96568,5200,0,79091,0,265029,0,5200,266092
mv_no_box2,886,1548266216.99905,2121,0,78893,0,264872,0,2121,265935
mv_no_box2,887,1548266217.03242,108,0,78852,0,264908,0,108,265975
mv_no_box2,888,1548266217.06579,0,0,77678,0,264156,0,0,265224
mv_no_box2,889,1548266217.09916,664,0,75388,0,263903,0,664,264969
mv_no_box2,890,1548266217.13253,971,0,75890,0,263615,0,971,264676
mv_no_box2,891,1548266217.16590,6263,0,76366,0,263843,0,6263,264901
mv_no_box2,892,1548266217.19927,9279,0,74967,0,264007,0,9279,265071
mv_no_box2,893,1548266217.23264,6008,0,75940,0,264716,0,6008,265779
mv_no_box2,894,1548266217.26601,37826,0,74881,0,264337,0,37826,265404
mv_no_box2,895,1548266217.29938,9351,0,71699,0,264324,0,9351,265390
mv_no_box2,896,1548266217.33275,2005,0,68183,0,263879,0,2005,264944
mv_no_box2,897,1548266217.36610,0,0,67011,0,264288,0,0,265350
mv_no_box2,898,1548266217.39947,0,0,65078,0,263724,0,0,264786
mv_no_box2,899,1548266217.43284,0,0,65036,0,264823,0,0,265890
mv_no_box2,900,1548266217.46621,0,0,59048,0,263701,0,0,264763
mv_no_box2,901,1548266217.49958,1625,0,58413,0,263596,0,1625,264668
mv_no_box2,902,1548266217.53295,0,0,58763,0,264513,0,0,265579
mv_no_box2,903,1548266217.56632,0,0,58461,0,263816,0,0,264877
mv_no_box2,904,1548266217.59969,1820,0,59409,0,264429,0,1820,265499
mv_no_box2,905,1548266217.63306,5292,0,59081,0,263871,0,5292,264933
mv_no_box2,906,1548266217.69981,3155,0,58826,0,263714,0,3155,264777
mv_no_box2,907,1548266217.73319,1696,0,58662,0,264459,0,1696,265524
mv_no_box2,908,1548266217.76656,1779,0,55181,0,264624,0,1779,265688
mv_no_box2,909,1548266217.79993,1636,0,52292,0,264640,0,1636,265703
mv_no_box2,910,1548266217.83330,654,0,19206,0,265394,0,654,266458
mv_no_box2,911,1548266217.86667,141,0,16475,0,263904,0,141,264976
mv_no_box2,912,1548266217.90003,0,0,16177,0,263506,0,0,264578
mv_no_box2,913,1548266217.93339,0,0,16484,0,263610,0,0,264679
mv_no_box2,914,1548266217.96676,411,0,16238,0,263931,0,411,265001
mv_no_box2,915,1548266218.00013,348,0,16379,0,263854,0,348,264925
mv_no_box2,916,1548266218.03350,481,0,16345,0,264348,0,481,265417
mv_no_box2,917,1548266218.06687,2031,0,16487,0,264488,0,2031,265557
mv_no_box2,918,1548266218.10024,0,0,16220,0,263230,0,0,264301
mv_no_box2,919,1548266218.13358,2562,0,16247,0,264405,0,2562,265476
mv_no_box2,920,1548266218.16695,1754,0,15894,0,264249,0,1754,265316
mv_no_box2,921,1548266218.20032,428,0,12569,0,263511,0,428,264579
mv_no_box2,922,1548266218.23369,1961,0,11353,0,264534,0,1961,265604
mv_no_box2,923,1548266218.26705,0,0,10585,0,263262,0,0,264331
mv_no_box2,924,1548266218.30043,949,0,9097,0,263928,0,949,264996
mv_no_box2,925,1548266218.33380,114,0,7971,0,263584,0,114,264657
mv_no_box2,926,1548266218.36718,186,0,7790,0,264736,0,186,265801
mv_no_box2,927,1548266218.40055,1791,0,7517,0,264033,0,1791,265104
mv_no_box2,928,1548266218.43393,250,0,7733,0,263595,0,250,264663
mv_no_box2,929,1548266218.46730,0,0,7562,0,263536,0,0,264601
mv_no_box2,930,1548266218.50066,0,0,7649,0,264051,0,0,265113
pt1,0,1548265882.51176,164,0,31109,1244,264576,34925,164,264576
pt1,1,1548265882.54513,2053,0,31484,1818,263324,34696,2053,263324
pt1,2,1548265882.57849,4743,147,32355,1404,265182,33354,4596,265182
pt1,3,1548265882.61184,559,0,35652,1112,265212,34782,559,265212
pt1,4,1548265882.63875,9797,0,36314,1282,267356,34047,9797,267356
pt1,5,1548265882.67210,8080,132,36034,762,267172,33793,7948,267172
pt1,6,1548265882.70544,7117,80,36289,779,267508,34184,7037,267508
pt1,7,1548265882.73881,3465,163,35677,792,265360,33336,3302,265360
pt1,8,1548265882.77217,5991,138,36060,796,266052,32661,5853,266052
pt1,9,1548265882.80554,7510,157,36343,840,265164,32848,7353,265164
pt1,10,1548265882.83890,5446,0,36480,843,265320,32448,5446,265320
pt1,11,1548265882.87227,3081,0,36292,1338,264194,32356,3081,264194
pt1,12,1548265882.90561,5237,0,36959,1376,264431,32868,5237,264431
pt1,13,1548265882.93898,2356,108,38390,1434,264028,32702,2248,264028
pt1,14,1548265882.97235,7999,42,39509,1705,265150,32731,7957,265150
pt1,15,1548265883.00572,7319,111,40935,1750,266344,33494,7208,266344
pt1,16,1548265883.03909,8928,164,43313,1768,265013,33930,8764,265013
pt1,17,1548265883.07245,7292,151,44779,1951,265475,34435,7141,265475
pt1,18,1548265883.10583,5033,91,44832,1962,263863,34079,4942,263863
pt1,19,1548265883.13920,0,0,82828,2063,263316,34782,0,263316
pt1,20,1548265883.17259,0,0,84183,2070,262608,34838,0,262608
pt1,21,1548265883.20596,0,0,86052,2075,264760,36238,0,264760
pt1,22,1548265883.23933,0,0,87048,2058,263521,36053,0,263521
pt1,23,1548265883.27269,1042,0,89798,2163,264886,35758,1042,264886
pt1,24,1548265883.30607,94,0,90859,2641,264194,36451,94,264194
pt1,25,1548265883.33943,1469,32,92602,3084,263445,36459,1437,263445
pt1,26,1548265883.37280,1351,321,95782,3245,265361,36600,1030,265361
pt1,27,1548265883.40617,932,0,95176,3141,264378,36545,932,264378
pt1,28,1548265883.43954,5210,0,96482,3817,265183,37483,5210,265183
pt1,29,1548265883.47291,3180,70,99363,3891,265900,37213,3110,265900
pt1,30,1548265883.50628,2820,5,98321,4475,264098,37414,2815,264098
pt1,31,1548265883.53965,5858,13,98640,4577,265503,37646,5845,265503
pt1,32,1548265883.57302,6165,0,97697,4046,266391,38005,6165,266391
pt1,33,1548265883.60637,5083,1,92875,3713,264553,38068,5082,264553
pt1,34,1548265883.63974,41825,150,90822,2978,266166,37639,41675,266166
pt1,35,1548265883.67311,40878,325,89963,2769,265250,37900,40553,265250
pt1,36,1548265883.70648,5568,0,90622,2581,265793,37246,5568,265793
pt1,37,1548265883.73985,6888,663,91560,2372,267092,37628,6225,267092
pt1,38,1548265883.77322,33045,201,90836,2035,265308,37195,32844,265308
pt1,39,1548265883.80658,6096,256,90916,1998,264888,36646,5840,264888
pt1,40,1548265883.83995,6308,44,91278,2025,263359,35664,6264,263359
pt1,41,1548265883.87332,4473,31,91356,1952,263003,35011,4442,263003
pt1,42,1548265883.90669,4146,69,90721,1731,261323,35105,4077,261323
pt1,43,1548265883.94007,5955,84,91055,2111,261206,34780,5871,261206
pt1,44,1548265883.97343,7463,131,146480,27419,262187,35192,7332,262187
pt1,45,1548265884.00680,4236,381,145182,26575,259761,34533,3855,259761
pt1,46,1548265884.04016,4212,103,144720,27719,259446,34922,4109,259446
pt1,47,1548265884.07352,3566,503,145493,28347,259321,34115,3063,259321
pt1,48,1548265884.10688,1082,592,145284,29560,258462,35245,490,258462
pt1,49,1548265884.14025,828,0,147554,30903,259760,35376,828,259760
pt1,50,1548265884.17362,913,0,145431,30769,256508,35073,913,256508
pt1,51,1548265884.20700,348,0,142366,32976,255898,37328,348,255898
pt1,52,1548265884.24037,2212,0,143331,33407,259044,36543,2212,259044
pt1,53,1548265884.27374,0,0,141875,33811,256351,36975,0,256351
pt1,54,1548265884.30710,94,94,132586,34214,255324,37294,0,255324
pt1,55,1548265884.34047,2896,0,136673,34735,259359,37306,2896,259359
pt1,56,1548265884.37384,4063,384,135231,34575,257262,37279,3679,257262
pt1,57,1548265884.40721,1921,0,137528,34388,258968,37518,1921,258968
pt1,58,1548265884.44057,2556,559,140333,33991,259829,36909,1997,259829
pt1,59,1548265884.47394,74271,32927,138405,34256,257251,37659,41344,257251
pt1,60,1548265884.50730,66842,32407,137658,34024,258785,38065,34435,258785
pt1,61,1548265884.54067,3118,0,138826,33964,261517,37741,3118,261517
pt1,62,1548265884.57401,11867,410,137226,33744,258839,37763,11457,258839
pt1,63,1548265884.60738,12707,147,139389,33595,259647,37928,12560,259647
pt1,64,1548265884.64074,14414,2,141202,32633,258498,36587,14412,258498
pt1,65,1548265884.67411,13387,0,142950,32318,259734,37004,13387,259734
pt1,66,1548265884.70748,14589,258,144178,30985,260697,36335,14331,260697
pt1,67,1548265884.74085,11653,0,145620,30462,260864,36453,11653,260864
pt1,68,1548265884.77422,9028,0,146116,29622,261183,36472,9028,261183
pt1,69,1548265884.80760,11644,0,147067,29001,261056,36633,11644,261056
pt1,70,1548265884.84097,10461,0,149331,27309,262786,36004,10461,262786
pt1,71,1548265884.87434,8720,0,150175,26336,262062,34989,8720,262062
pt1,72,1548265884.90771,10134,64,150763,25499,261300,34280,10070,261300
pt1,73,1548265884.94108,9958,0,152024,24483,261298,33356,9958,261298
pt1,74,1548265884.97445,4600,0,153884,23988,261427,33060,4600,261427
pt1,75,1548265885.00782,4137,1159,149288,23015,260544,34742,2978,260544
pt1,76,1548265885.04121,3452,179,88611,8556,261311,34806,3273,261311
pt1,77,1548265885.07458,1562,0,89184,8428,261761,35928,1562,261761
pt1,78,1548265885.10795,6150,880,86299,7613,261522,36877,5270,261522
pt1,79,1548265885.14132,4193,103,84529,6796,262083,36499,4090,262083
pt1,80,1548265885.17471,4570,0,79857,5975,261329,36148,4570,261329
pt1,81,1548265885.20808,5575,40,77064,4273,261366,35880,5535,261366
pt1,82,1548265885.24145,5810,0,73498,2963,261004,35788,5810,261004
pt1,83,1548265885.27481,2584,99,71112,2625,260879,36008,2485,260879
pt1,84,1548265885.30818,1815,0,73881,2904,260671,35753,1815,260671
pt1,85,1548265885.34155,5487,0,71259,3048,262409,35546,5487,262409
pt1,86,1548265885.37491,5379,0,68388,2955,261575,35019,5379,261575
pt1,87,1548265885.40828,4121,0,66570,3187,262958,33869,4121,262958
pt1,88,1548265885.44166,6806,0,65067,2919,265015,34273,6806,265015
pt1,89,1548265885.47504,4841,0,61432,2722,264081,33584,4841,264081
pt1,90,1548265885.50841,2309,0,60743,2800,265851,33241,2309,265851
pt1,91,1548265885.54178,3415,0,58152,1602,265680,32677,3415,265680
pt1,92,1548265885.57515,3401,0,57886,1549,266429,31713,3401,266429
pt1,93,1548265885.60852,1571,0,57648,1438,266606,31214,1571,266606
pt1,94,1548265885.64189,0,0,55308,599,266740,31302,0,266740
pt1,95,1548265885.67525,2390,70,57304,581,267075,30754,2320,267075
pt1,96,1548265885.70861,370,0,56348,569,267210,30224,370,267210
pt1,97,1548265885.74197,1500,0,54977,715,267996,30212,1500,267996
pt1,98,1548265885.77535,3913,45,55791,1096,269151,30383,3868,269151
pt1,99,1548265885.80871,10279,187,56576,1470,269083,30766,10092,269083
pt1,100,1548265885.84208,6039,49,57243,1669,269726,31229,5990,269726
pt1,101,1548265885.87545,4713,42,57329,1972,269588,32524,4671,269588
pt1,102,1548265885.90882,4108,0,57296,2347,269492,32932,4108,269492
pt1,103,1548265885.94219,5615,0,57697,3302,269308,33227,5615,269308
pt1,104,1548265885.97556,6096,0,55253,3522,268498,32473,6096,268498
pt1,105,1548265886.00893,2385,214,54701,4371,268526,33979,2171,268526
pt1,106,1548265886.04230,1721,0,58099,4537,268082,34271,1721,268082
pt1,107,1548265886.07567,2084,9,57422,4425,267540,34567,2075,267540
pt1,108,1548265886.10904,509,0,58341,5078,267581,35074,509,267581
pt1,109,1548265886.14241,1499,0,58911,5608,266365,35345,1499,266365
pt1,110,1548265886.17578,4258,128,60458,5926,267291,35462,4130,267291
pt1,111,1548265886.20914,1123,249,59541,5525,266035,34394,874,266035
pt1,112,1548265886.24251,186,0,60764,6288,266380,35026,186,266380
pt1,113,1548265886.27588,5745,73,60500,6092,264853,34326,5672,264853
pt1,114,1548265886.30925,5232,296,60515,5995,264851,34566,4936,264851
pt1,115,1548265886.34262,3044,12,56925,5343,264196,34604,3032,264196
pt1,116,1548265886.37597,4485,4,56251,5349,264210,34358,4481,264210
pt1,117,1548265886.40934,6717,0,56698,4905,264656,34327,6717,264656
pt1,118,1548265886.44273,4633,83,56330,5089,264764,34596,4550,264764
pt1,119,1548265886.47610,6464,24,55699,5030,264161,34056,6440,264161
pt1,120,1548265886.50947,4924,135,52537,3540,265327,33372,4789,265327
pt1,121,1548265886.54283,10772,7,50167,3011,264241,33819,10765,264241
pt1,122,1548265886.57621,9142,39,50573,2856,265133,33943,9103,265133
pt1,123,1548265886.60956,7801,203,111298,26655,264317,33001,7598,264317
pt1,124,1548265886.64293,9582,102,119055,26404,263735,32319,9480,263735
pt1,125,1548265886.67630,8027,162,120504,27266,265126,32231,7865,265126
pt1,126,1548265886.70967,4264,0,118368,25838,263276,30895,4264,263276
pt1,127,1548265886.74303,3983,538,123853,29014,264643,32229,3445,264643
pt1,128,1548265886.77640,5172,0,125298,29886,265412,32385,5172,265412
pt1,129,1548265886.80976,1735,0,128185,31417,263666,33553,1735,263666
pt1,130,1548265886.84313,1363,0,130335,32504,265371,34783,1363,265371
pt1,131,1548265886.87650,3688,0,132596,33458,265645,34949,3688,265645
pt1,132,1548265886.90987,4025,145,132445,33670,264500,34973,3880,264500
pt1,133,1548265886.94324,3933,136,132405,33977,265600,35455,3797,265600
pt1,134,1548265886.97661,2969,43,137422,34161,264784,35651,2926,264784
pt1,135,1548265887.00997,2830,60,144962,34485,264388,36117,2770,264388
pt1,136,1548265887.04334,392,0,146771,34567,265100,36307,392,265100
pt1,137,1548265887.07671,5364,60,144950,34800,264518,36272,5304,264518
pt1,138,1548265887.11008,70591,32738,144295,35928,265276,37858,37853,265276
pt1,139,1548265887.14345,77297,32197,143166,35356,265374,37018,45100,265374
pt1,140,1548265887.17682,4181,0,142193,36835,264769,37491,4181,264769
pt1,141,1548265887.21017,3719,0,140239,36347,265021,37066,3719,265021
pt1,142,1548265887.24356,70089,32302,139188,36013,265084,36249,37787,265084
pt1,143,1548265887.27692,5262,0,138658,37087,264617,37660,5262,264617
pt1,144,1548265887.31029,68746,31653,138499,35876,265564,36092,37093,265564
pt1,145,1548265887.34367,67528,31482,146029,35484,264962,36090,36046,264962
pt1,146,1548265887.37703,7033,0,148692,35443,265438,35916,7033,265438
pt1,147,1548265887.41040,8001,1037,146746,34358,265238,35016,6964,265238
pt1,148,1548265887.44376,4884,0,145482,34677,265275,35347,4884,265275
pt1,149,1548265887.47713,70413,30244,147565,34553,264578,35446,40169,264578
pt1,150,1548265887.51050,79732,30665,149127,34874,264195,35710,49067,264195
pt1,151,1548265887.54387,8682,166,149588,34342,264504,35277,8516,264504
pt1,152,1548265887.57724,5454,527,152512,34367,264338,35128,4927,264338
pt1,153,1548265887.61061,1630,503,153688,34618,264781,35241,1127,264781
pt1,154,1548265887.64399,706,624,152041,34098,263807,34489,82,263807
pt1,155,1548265887.67735,757,726,149008,36136,263977,36712,31,263977
pt1,156,1548265887.71072,956,946,147676,37552,264370,38020,10,264370
pt1,157,1548265887.74409,1212,1189,150758,38388,264245,39028,23,264245
pt1,158,1548265887.77746,1526,1359,147475,38341,263545,38997,167,263545
pt1,159,1548265887.81083,1390,1216,147622,40559,263708,41111,174,263708
pt1,160,1548265887.84420,56644,34301,147617,39504,263460,40001,22343,263460
pt1,161,1548265887.87756,76738,37261,144750,41301,263724,41890,39477,263724
pt1,162,1548265887.91093,2614,1401,144568,41277,263863,41873,1213,263863
pt1,163,1548265887.94430,4720,1247,145651,41887,264505,42129,3473,264505
pt1,164,1548265887.97767,75595,36470,145991,41750,263154,42234,39125,263154
pt1,165,1548265888.01104,79932,38790,144444,42541,263666,42780,41142,263666
pt1,166,1548265888.04442,75905,37543,137453,41896,264238,42679,38362,264238
pt1,167,1548265888.11114,78149,37842,138032,41547,264592,41800,40307,264592
pt1,168,1548265888.14451,78800,36956,135903,40823,262850,41483,41844,262850
pt1,169,1548265888.17789,78732,36444,136856,40783,262994,41455,42288,262994
pt1,170,1548265888.21126,4689,0,138918,40495,262618,41052,4689,262618
pt1,171,1548265888.24461,1683,0,140314,40136,263694,41029,1683,263694
pt1,172,1548265888.27798,81448,35419,142277,39283,263492,40041,46029,263492
pt1,173,1548265888.31135,78427,34794,144984,39599,263668,40029,43633,263668
pt1,174,1548265888.34474,2472,0,148838,39218,265019,39869,2472,265019
pt1,175,1548265888.37811,81087,35430,151290,39559,264821,40047,45657,264821
pt1,176,1548265888.41148,63966,36401,153344,41275,265562,42019,27565,265562
pt1,177,1548265888.44485,1813,0,153111,40738,266124,41084,1813,266124
pt1,178,1548265888.47820,63941,35116,154050,40245,266135,40693,28825,266135
pt1,179,1548265888.51153,63313,35410,157368,40003,266828,40695,27903,266828
pt1,180,1548265888.54490,35859,35151,160188,40060,267072,40446,708,267072
pt1,181,1548265888.57826,52055,35745,158570,41585,266530,41960,16310,266530
pt1,182,1548265888.61163,82789,38672,156570,43582,266828,43614,44117,266828
pt1,183,1548265888.64499,56511,41329,155335,46140,267077,46519,15182,267077
pt1,184,1548265888.67836,40900,39868,163523,46245,266717,46615,1032,266717
pt1,185,1548265888.71173,46729,40999,161130,46088,265739,46879,5730,265739
pt1,186,1548265888.74510,48511,41006,159913,46193,266177,47112,7505,266177
pt1,187,1548265888.77848,48414,40324,160509,45923,265928,46792,8090,265928
pt1,188,1548265888.81186,51756,41025,163387,46441,267219,47333,10731,267219
pt1,189,1548265888.84523,13337,550,162359,46429,265795,46809,12787,265795
pt1,190,1548265888.87860,53451,40717,163399,45870,266178,46424,12734,266178
pt1,191,1548265888.91196,52651,41081,163021,46866,266825,47502,11570,266825
pt1,192,1548265888.94534,51654,40813,161641,45981,266203,46338,10841,266203
pt1,193,1548265888.97871,46617,39898,161412,45715,266487,45891,6719,266487
pt1,194,1548265889.01208,11404,355,161097,46378,268227,46550,11049,268227
pt1,195,1548265889.04545,9843,57,159083,45292,267920,45916,9786,267920
pt1,196,1548265889.07882,44712,37765,161304,45561,269220,45957,6947,269220
pt1,197,1548265889.11219,43728,36995,161990,44119,269368,44412,6733,269368
pt1,198,1548265889.14556,29092,3333,138844,42436,268491,43486,25759,268491
pt1,199,1548265889.17893,76424,37620,138258,42108,268041,43222,38804,268041
pt1,200,1548265889.21229,38201,33488,177168,41565,268186,42749,4713,268186
pt1,201,1548265889.24566,36458,34828,177001,40012,268055,40833,1630,268055
pt1,202,1548265889.27902,5253,12,178528,40098,269605,41210,5241,269605
pt1,203,1548265889.31238,39890,35009,178403,38891,269163,39656,4881,269163
pt1,204,1548265889.34575,38777,31031,179297,39632,269480,40751,7746,269480
pt1,205,1548265889.37912,41362,35145,186157,39888,269123,40926,6217,269123
pt1,206,1548265889.41249,34158,30478,184647,39323,267867,40601,3680,267867
pt1,207,1548265889.44586,34754,30139,185565,39476,267953,40144,4615,267953
pt1,208,1548265889.47921,31092,30083,185083,39547,267260,39869,1009,267260
pt1,209,1548265889.51260,712,712,185056,39559,267077,39615,0,267077
pt1,210,1548265889.54596,0,0,186092,40609,268621,40658,0,268621
pt1,211,1548265889.57933,42171,36167,182247,40758,268084,40783,6004,268084
pt1,212,1548265889.61268,40992,35359,182927,40005,269079,40077,5633,269079
pt1,213,1548265889.64605,42982,35626,182960,40596,268425,40760,7356,268425
pt1,214,1548265889.67940,47003,37423,184215,42247,267625,42469,9580,267625
pt1,215,1548265889.71275,99740,37304,178727,42123,267714,42464,62436,267714
pt1,216,1548265889.74612,44751,37972,207089,43427,267541,43566,6779,267541
pt1,217,1548265889.77951,45957,38818,205907,43626,266754,43763,7139,266754
pt1,218,1548265889.81287,50113,38327,211873,43937,267760,43946,11786,267760
pt1,219,1548265889.84624,42230,34410,209450,44774,266631,44984,7820,266631
pt1,220,1548265889.87961,54574,36256,212817,45013,266610,45249,18318,266610
pt1,221,1548265889.91299,46480,38924,215130,45715,267023,45786,7556,267023
pt1,222,1548265889.94636,42765,40792,213521,45788,265881,45875,1973,265881
pt1,223,1548265889.97972,40312,37887,211935,48197,265432,48351,2425,265432
pt1,224,1548265890.01309,12349,6098,212115,48601,266295,48916,6251,266295
pt1,225,1548265890.04646,53760,44354,212177,49480,266159,49863,9406,266159
pt1,226,1548265890.07984,53803,45947,213693,51082,265903,51524,7856,265903
pt1,227,1548265890.11321,10031,4425,215100,50589,267392,50715,5606,267392
pt1,228,1548265890.14658,50493,45227,214351,50704,266508,51159,5266,266508
pt1,229,1548265890.17995,56072,45283,216171,51107,267499,51417,10789,267499
pt1,230,1548265890.21332,55619,44610,215027,50501,267165,50874,11009,267165
pt1,231,1548265890.24669,110324,44908,181184,49743,267942,49865,65416,267942
pt1,232,1548265890.28006,2517,52,181576,48975,266560,49173,2465,266560
pt1,233,1548265890.31343,26736,1727,182551,50898,266706,51314,25009,266706
pt1,234,1548265890.34680,13629,2606,183327,51387,266549,51807,11023,266549
pt1,235,1548265890.38017,22396,3266,189889,52182,267037,52542,19130,267037
pt1,236,1548265890.41353,66406,48409,190145,53504,267049,54023,17997,267049
pt1,237,1548265890.44690,17894,4243,190444,52901,265450,53303,13651,265450
pt1,238,1548265890.48027,62897,48228,207696,53043,264908,53543,14669,264908
pt1,239,1548265890.51367,47815,44430,209026,53414,265658,53831,3385,265658
pt1,240,1548265890.54704,59821,47866,208722,52753,265079,53082,11955,265079
pt1,241,1548265890.58041,68223,48680,211143,53096,267318,53322,19543,267318
pt1,242,1548265890.61378,5853,233,208628,51868,265233,52275,5620,265233
pt1,243,1548265890.64715,7254,510,210932,52017,265194,52991,6744,265194
pt1,244,1548265890.68052,7532,142,211843,50536,265774,51137,7390,265774
pt1,245,1548265890.71389,4350,976,211441,49712,265345,50459,3374,265345
pt1,246,1548265890.74726,11745,250,210109,49220,264073,49696,11495,264073
pt1,247,1548265890.78060,11364,293,202706,49474,263118,50240,11071,263118
pt1,248,1548265890.81396,9759,25,202584,49952,263431,50280,9734,263431
pt1,249,1548265890.84733,10572,0,199336,49266,261744,49408,10572,261744
pt1,250,1548265890.88069,54096,44128,199737,48330,262309,48335,9968,262309
pt1,251,1548265890.91406,12711,4,201291,47619,263575,47619,12707,263575
pt1,252,1548265890.94743,12585,40,200293,47899,264068,47899,12545,264075
pt1,253,1548265890.98080,133550,44878,199224,47881,263407,47890,88672,263416
pt1,254,1548265891.01416,10246,0,199381,48510,264516,48529,10246,264520
pt1,255,1548265891.04753,6662,122,198890,48305,263599,48526,6540,263599
pt1,256,1548265891.08088,5066,0,197649,47106,263077,47461,5066,263077
pt1,257,1548265891.11427,4553,0,190450,45722,263554,46486,4553,263554
pt1,258,1548265891.14762,119808,43806,192078,46226,260426,46763,76002,260426
pt1,259,1548265891.18101,122957,42832,196297,45543,264644,46022,80125,264644
pt1,260,1548265891.21438,5140,1,199192,44501,264870,45150,5139,264870
pt1,261,1548265891.24773,7343,0,200468,45112,264189,45599,7343,264189
pt1,262,1548265891.28109,10870,483,202163,44562,265355,45045,10387,265355
pt1,263,1548265891.31446,5687,225,202549,44194,262963,44634,5462,262968
pt1,264,1548265891.34783,10829,223,200591,45085,261922,45396,10606,261922
pt1,265,1548265891.38119,7371,60,208738,45018,265726,45612,7311,265733
pt1,266,1548265891.41456,8432,105,206338,45195,261251,45575,8327,261251
pt1,267,1548265891.44793,5715,168,205882,45087,261187,45251,5547,261187
pt1,268,1548265891.48130,8758,149,207195,45262,263562,45494,8609,263569
pt1,269,1548265891.51467,6073,0,199572,45656,258471,45747,6073,258479
pt1,270,1548265891.54803,113317,41588,201616,45580,260923,45621,71729,260928
pt1,271,1548265891.58140,3271,0,203836,45393,263777,45558,3271,263781
pt1,272,1548265891.61477,5117,0,202142,45448,261320,45524,5117,261324
pt1,273,1548265891.64814,132478,43546,203688,46353,262894,46353,88932,262896
pt1,274,1548265891.68151,11013,74,199508,45339,259103,45396,10939,259104
pt1,275,1548265891.71489,139021,43605,204744,46187,264963,46267,95416,264963
pt1,276,1548265891.74826,141012,44339,205350,46915,265480,46979,96673,265480
pt1,277,1548265891.78163,141546,43691,203154,46255,263214,46344,97855,263214
pt1,278,1548265891.81499,148326,44771,206671,46964,267263,47095,103555,267263
pt1,279,1548265891.84836,5288,0,205841,47103,266241,47114,5288,266241
pt1,280,1548265891.88173,148954,44366,204460,46559,265527,46601,104588,265527
pt1,281,1548265891.91510,152895,43551,205082,45078,265331,45711,109344,265331
pt1,282,1548265891.94844,8578,0,204931,42987,264678,44200,8578,264678
pt1,283,1548265891.98180,3890,0,202111,40199,261801,41981,3890,261801
pt1,284,1548265892.01517,0,0,204908,38359,264734,40579,0,264734
pt1,285,1548265892.04854,4645,298,214001,37317,262069,39161,4347,262069
pt1,286,1548265892.08191,4046,128,212937,35961,261053,37846,3918,261053
pt1,287,1548265892.11528,4629,0,216109,36073,263912,37713,4629,263912
pt1,288,1548265892.14865,2720,0,211456,34067,259462,35549,2720,259462
pt1,289,1548265892.18202,3640,0,213905,33724,262102,35239,3640,262102
pt1,290,1548265892.21539,13480,55,211404,32786,260051,34369,13425,260051
pt1,291,1548265892.24876,4584,15,209738,31979,259511,33596,4569,259511
pt1,292,1548265892.28216,1072,0,213458,30864,264773,32563,1072,264773
pt1,293,1548265892.31553,2204,0,207413,28843,260606,30910,2204,260606
pt1,294,1548265892.34890,4421,0,202502,26615,260106,29358,4421,260106
pt1,295,1548265892.38227,4979,0,206743,24860,265118,27541,4979,265120
pt1,296,1548265892.41564,12047,0,199819,23331,259762,25998,12047,259771
pt1,297,1548265892.44901,3371,0,178725,18726,263455,23600,3371,263464
pt1,298,1548265892.48238,1902,0,176308,18077,263473,20963,1902,263473
pt1,299,1548265892.51575,1992,0,173815,17024,259761,19177,1992,259761
pt1,300,1548265892.54911,145249,16314,177341,16315,264582,16817,128935,264582
pt1,301,1548265892.58248,5155,0,177907,13044,265487,13212,5155,265487
pt1,302,1548265892.61586,4236,1775,174426,10668,260777,10835,2461,260777
pt1,303,1548265892.64922,2091,0,176142,7453,264771,7619,2091,264771
pt1,304,1548265892.68259,8080,0,174937,4941,262703,5117,8080,262703
pt1,305,1548265892.71596,3459,0,175794,3384,263904,3562,3459,263904
pt1,306,1548265892.74933,2535,0,175968,2063,265101,2228,2535,265101
pt1,307,1548265892.78270,3223,0,175099,1781,263456,1862,3223,263456
pt1,308,1548265892.81608,3562,0,176750,0,264688,0,3562,264688
pt1,309,1548265892.84945,3447,0,178725,0,265519,0,3447,265519
pt1,310,1548265892.88283,4109,0,178908,0,266415,0,4109,266415
pt1,311,1548265892.91620,3211,0,180014,0,268097,0,3211,268097
pt1,312,1548265892.94957,998,0,266205,0,268753,0,998,268753
pt1,313,1548265892.98294,1215,0,265724,0,268207,0,1215,268207
pt1,314,1548265893.01630,3845,0,267233,0,269732,0,3845,269732
pt1,315,1548265893.04967,2255,0,269236,0,269442,0,2255,269442
pt1,316,1548265893.08304,435,0,269562,0,269866,0,435,269866
pt1,317,1548265893.11641,1242,0,270032,0,270066,0,1242,270066
pt1,318,1548265893.14977,1426,0,269672,0,269703,0,1426,269703
pt1,319,1548265893.18314,2241,0,270861,0,270865,0,2241,270865
pt1,320,1548265893.21650,1959,0,270352,0,270473,0,1959,270473
pt1,321,1548265893.24987,3360,0,269794,0,269903,0,3360,269903
pt1,322,1548265893.28324,4402,0,271380,0,271501,0,4402,271501
pt1,323,1548265893.31661,5833,0,270119,0,270241,0,5833,270241
pt1,324,1548265893.34998,5360,0,269128,0,269284,0,5360,269284
pt1,325,1548265893.38335,1255,0,270763,0,270918,0,1255,270918
pt1,326,1548265893.41672,3280,0,270673,0,270834,0,3280,270834
pt1,327,1548265893.45010,259548,0,269761,0,269922,0,259548,269922
pt1,328,1548265893.48347,2943,0,271078,0,271206,0,2943,271206
pt1,329,1548265893.51684,4647,0,270819,0,270979,0,4647,270979
pt1,330,1548265893.55021,262113,0,270166,0,270326,0,262113,270326
pt1,331,1548265893.58358,2336,0,270969,0,271134,0,2336,271134
pt1,332,1548265893.61694,261789,0,270775,0,270938,0,261789,270938
pt1,333,1548265893.65032,3886,0,270798,0,270961,0,3886,270961
pt1,334,1548265893.68368,264339,0,271142,0,271307,0,264339,271307
pt1,335,1548265893.71705,6808,0,270540,0,270700,0,6808,270700
pt1,336,1548265893.75040,3957,0,271023,0,271339,0,3957,271339
pt1,337,1548265893.78376,4495,0,271006,0,271362,0,4495,271362
pt1,338,1548265893.81713,4506,0,270040,0,270420,0,4506,270420
pt1,339,1548265893.85050,4606,0,270839,0,271233,0,4606,271233
pt1,340,1548265893.88386,2160,0,270961,0,271407,0,2160,271407
pt1,341,1548265893.91723,2845,0,269704,0,270178,0,2845,270178
pt1,342,1548265893.95060,4299,0,270448,0,270956,0,4299,270960
pt1,343,1548265893.98397,2982,0,268895,0,269857,0,2982,269908
pt1,344,1548265894.01734,2305,0,267946,0,268903,0,2305,268988
pt1,345,1548265894.05071,2221,0,269753,0,270710,0,2221,270822
pt1,346,1548265894.08407,4531,0,267816,0,269693,0,4531,269840
pt1,347,1548265894.11744,2190,0,268731,0,270606,0,2190,270765
pt1,348,1548265894.15081,1966,0,267559,0,270634,0,1966,270803
pt1,349,1548265894.18418,3074,0,264393,0,267714,0,3074,267896
pt1,350,1548265894.21755,2084,0,35889,0,270911,0,2084,271096
pt1,351,1548265894.25092,1778,0,37257,0,271161,0,1778,271362
pt1,352,1548265894.28429,4291,0,34712,0,268092,0,4291,268294
pt1,353,1548265894.31766,3366,0,33140,0,270873,0,3366,271069
pt1,354,1548265894.35103,2787,0,33367,0,270726,0,2787,270893
pt1,355,1548265894.38440,3201,0,30452,0,267953,0,3201,268118
pt1,356,1548265894.41778,3420,0,31181,0,270877,0,3420,271038
pt1,357,1548265894.45115,2993,0,32022,0,271404,0,2993,271542
pt1,358,1548265894.48449,2821,0,56454,0,269343,0,2821,269467
pt1,359,1548265894.51785,2722,0,57242,0,271116,0,2722,271231
pt1,360,1548265894.55122,2354,0,57881,0,272152,0,2354,272249
pt1,361,1548265894.58463,2111,0,56971,0,270182,0,2111,270265
pt1,362,1548265894.61800,4548,0,55828,0,270964,0,4548,271045
pt1,363,1548265894.65137,2334,0,55992,0,271875,0,2334,271956
pt1,364,1548265894.68470,1931,0,55945,0,271120,0,1931,271201
pt1,365,1548265894.71807,3765,0,55359,0,272012,0,3765,272093
pt1,366,1548265894.75144,9408,0,55006,0,271868,0,9408,271949
pt1,367,1548265894.78481,523,0,54338,0,270433,0,523,270514
pt1,368,1548265894.81816,448,0,53842,0,271581,0,448,271657
pt1,369,1548265894.85153,9302,0,53522,0,271806,0,9302,271877
pt1,370,1548265894.88490,2916,0,53487,0,271153,0,2916,271233
pt1,371,1548265894.91827,0,0,53458,0,271867,0,0,271948
pt1,372,1548265894.95164,7008,0,53605,0,272404,0,7008,272485
pt1,373,1548265894.98501,32566,0,52605,0,271485,0,32566,271566
pt1,374,1548265895.01838,29768,0,52412,0,271819,0,29768,271900
pt1,375,1548265895.05175,9966,0,52125,0,271964,0,9966,272038
pt1,376,1548265895.08512,26709,0,49722,0,270931,0,26709,270950
pt1,377,1548265895.11849,26534,0,49722,0,271041,0,26534,271067
pt1,378,1548265895.15186,23878,0,49358,0,271313,0,23878,271329
pt1,379,1548265895.18523,23546,0,47887,0,271265,0,23546,271267
pt1,380,1548265895.21860,23038,0,47644,0,271090,0,23038,271092
pt1,381,1548265895.25197,21098,0,48457,0,272063,0,21098,272064
pt1,382,1548265895.28534,18372,0,44529,0,272238,0,18372,272238
pt1,383,1548265895.31870,16679,0,43169,0,271112,0,16679,271112
pt1,384,1548265895.35207,15264,0,44429,0,272349,0,15264,272349
pt1,385,1548265895.38544,11996,0,41153,0,272496,0,11996,272496
pt1,386,1548265895.41881,10712,0,40876,0,272199,0,10712,272199
pt1,387,1548265895.45219,8757,0,41505,0,272933,0,8757,272933
pt1,388,1548265895.48555,6584,0,42383,0,272842,0,6584,272842
pt1,389,1548265895.51891,0,0,39977,0,272475,0,0,272475
pt1,390,1548265895.55228,4594,0,36211,0,272811,0,4594,272811
pt1,391,1548265895.58565,3472,0,35503,0,272772,0,3472,272772
pt1,392,1548265895.61902,79,0,36970,0,272652,0,79,272652
pt1,393,1548265895.65239,2060,0,62979,0,272608,0,2060,272608
pt1,394,1548265895.71911,1177,0,63285,0,272589,0,1177,272589
pt1,395,1548265895.75248,827,0,62968,0,272690,0,827,272690
pt1,396,1548265895.78585,0,0,62796,0,272621,0,0,272621
pt1,397,1548265895.81923,90,0,62848,0,272572,0,90,272572
pt1,398,1548265895.85260,0,0,63391,0,272394,0,0,272394
pt1,399,1548265895.88596,0,0,63818,0,272373,0,0,272373
pt1,400,1548265895.91933,0,0,65034,0,272411,0,0,272411
pt1,401,1548265895.95269,0,0,66932,0,272293,0,0,272293
pt1,402,1548265895.98607,0,0,67799,0,272213,0,0,272213
pt1,403,1548265896.01945,1712,0,68843,0,271316,0,1712,271316
pt1,404,1548265896.05281,0,0,71881,0,272017,0,0,272017
pt1,405,1548265896.08616,0,0,74302,0,271687,0,0,271687
pt1,406,1548265896.11953,542,0,77456,0,267938,0,542,267938
pt1,407,1548265896.15290,2575,0,79129,0,268996,0,2575,268996
pt1,408,1548265896.18627,53364,0,236181,0,267773,0,53364,267773
pt1,409,1548265896.21965,1616,0,238089,0,267542,0,1616,267542
pt1,410,1548265896.25303,36916,0,238474,0,265931,0,36916,265931
pt1,411,1548265896.28640,1408,0,242199,0,268264,0,1408,268264
pt1,412,1548265896.31977,23568,0,243670,0,267148,0,23568,267148
pt1,413,1548265896.35315,16189,0,245969,0,268016,0,16189,268016
pt1,414,1548265896.38652,741,0,246512,0,267576,0,741,267576
pt1,415,1548265896.41989,1975,0,248263,0,268830,0,1975,268830
pt1,416,1548265896.45326,6636,0,250141,0,269928,0,6636,269928
pt1,417,1548265896.48660,1387,0,250461,0,269666,0,1387,269666
pt1,418,1548265896.51997,1511,0,251118,0,270259,0,1511,270259
pt1,419,1548265896.55334,3322,0,251362,0,269795,0,3322,269795
pt1,420,1548265896.58671,3080,0,250802,0,269077,0,3080,269077
pt1,421,1548265896.62008,5233,0,250923,0,268792,0,5233,268792
pt1,422,1548265896.65342,2066,0,250420,0,267496,0,2066,267496
pt1,423,1548265896.68679,229654,0,250271,0,267280,0,229654,267280
pt1,424,1548265896.72016,4659,0,249535,0,266590,0,4659,266590
pt1,425,1548265896.75353,5487,0,249059,0,266066,0,5487,266066
pt1,426,1548265896.78690,3604,0,248356,0,265482,0,3604,265482
pt1,427,1548265896.82030,8508,0,249295,0,266372,0,8508,266372
pt1,428,1548265896.85363,8018,0,249249,0,266040,0,8018,266040
pt1,429,1548265896.88700,3820,0,249687,0,266366,0,3820,266366
pt1,430,1548265896.92037,3662,0,249837,0,266407,0,3662,266407
pt1,431,1548265896.95374,1667,0,250088,0,267235,0,1667,267235
pt1,432,1548265896.98711,3099,0,249502,0,266689,0,3099,266689
pt1,433,1548265897.02048,1765,0,249449,0,266990,0,1765,266990
pt1,434,1548265897.05385,4056,0,249951,0,267556,0,4056,267556
pt1,435,1548265897.08722,1406,0,249308,0,267018,0,1406,267018
pt1,436,1548265897.12058,2230,0,249119,0,267645,0,2230,267645
pt1,437,1548265897.15392,4339,0,247340,0,267436,0,4339,267436
pt1,438,1548265897.18729,1614,0,247416,0,267856,0,1614,267856
pt1,439,1548265897.22066,634,0,52325,0,267596,0,634,267596
pt1,440,1548265897.25403,1391,0,52252,0,267890,0,1391,267890
pt1,441,1548265897.28740,2291,0,53014,0,268105,0,2291,268105
pt1,442,1548265897.32077,4163,0,53184,0,268020,0,4163,268020
pt1,443,1548265897.35414,1805,0,52629,0,268560,0,1805,268560
pt1,444,1548265897.38752,3223,0,49857,0,268284,0,3223,268284
pt1,445,1548265897.42089,2423,0,49922,0,268694,0,2423,268694
pt1,446,1548265897.45426,572,0,52246,0,268183,0,572,268183
pt1,447,1548265897.48763,2730,0,54018,0,268732,0,2730,268732
pt1,448,1548265897.52100,3882,0,55522,0,269200,0,3882,269200
pt1,449,1548265897.55437,1466,0,56607,0,269292,0,1466,269292
pt1,450,1548265897.58773,2437,0,56178,0,268749,0,2437,268749
pt1,451,1548265897.62109,4723,0,57020,0,269337,0,4723,269337
pt1,452,1548265897.65447,4650,0,59600,0,269126,0,4650,269126
pt1,453,1548265897.68785,2503,0,62799,0,269058,0,2503,269058
pt1,454,1548265897.72122,6649,0,64638,0,269639,0,6649,269639
pt1,455,1548265897.75459,3283,0,65792,0,269745,0,3283,269745
pt1,456,1548265897.78795,5942,0,66649,0,269280,0,5942,269280
pt1,457,1548265897.82132,6156,0,69331,0,269006,0,6156,269006
pt1,458,1548265897.85469,9167,0,68905,0,269198,0,9167,269198
pt1,459,1548265897.88806,7180,0,68452,0,268057,0,7180,268057
pt1,460,1548265897.92142,4063,0,69553,0,268247,0,4063,268247
pt1,461,1548265897.95480,9497,0,71396,0,269003,0,9497,269003
pt1,462,1548265897.98817,10689,0,73144,0,268797,0,10689,268797
pt1,463,1548265898.02154,5403,0,73546,0,269096,0,5403,269096
pt1,464,1548265898.05491,7067,0,105594,0,269202,0,7067,269202
pt1,465,1548265898.08828,4847,0,106096,0,269238,0,4847,269238
pt1,466,1548265898.12165,6718,0,107885,0,269111,0,6718,269111
pt1,467,1548265898.15501,7579,0,108624,0,269637,0,7579,269637
pt1,468,1548265898.18838,16315,0,108109,0,269767,0,16315,269767
pt1,469,1548265898.22175,7871,0,111296,0,269042,0,7871,269042
pt1,470,1548265898.25512,9666,0,110779,0,269648,0,9666,269648
pt1,471,1548265898.28843,6881,0,111488,0,270184,0,6881,270184
pt1,472,1548265898.32180,9499,0,114925,0,270417,0,9499,270417
pt1,473,1548265898.35517,5631,0,114810,0,270174,0,5631,270174
pt1,474,1548265898.38854,4330,0,113769,0,269227,0,4330,269227
pt1,475,1548265898.42191,6181,0,114696,0,269654,0,6181,269654
pt1,476,1548265898.45528,5163,0,113832,0,268666,0,5163,268666
pt1,477,1548265898.48866,6105,0,113225,0,268093,0,6105,268093
pt1,478,1548265898.52203,1847,0,113064,0,267152,0,1847,267152
pt1,479,1548265898.55540,48489,0,113081,0,268029,0,48489,268029
pt1,480,1548265898.58877,996,0,112407,0,267489,0,996,267489
pt1,481,1548265898.62214,49110,0,113940,0,267384,0,49110,267384
pt1,482,1548265898.65553,2059,0,118663,0,266577,0,2059,266577
pt1,483,1548265898.68890,1610,0,117456,0,264806,0,1610,264806
pt1,484,1548265898.72227,51864,0,120821,0,267056,0,51864,267056
pt1,485,1548265898.75563,1475,0,127907,0,265158,0,1475,265158
pt1,486,1548265898.78900,2575,0,126018,0,264971,0,2575,264971
pt1,487,1548265898.82236,54122,0,127704,0,266914,0,54122,266914
pt1,488,1548265898.85573,1096,0,131165,0,266653,0,1096,266653
pt1,489,1548265898.88909,3310,0,131651,0,266156,0,3310,266156
pt1,490,1548265898.92246,49350,0,133620,0,267376,0,49350,267376
pt1,491,1548265898.95583,552,0,136438,0,266911,0,552,266911
pt1,492,1548265898.98920,592,0,135213,0,266258,0,592,266258
pt1,493,1548265899.02257,55111,0,154734,0,268169,0,55111,268169
pt1,494,1548265899.05594,567,0,154902,0,266617,0,567,266617
pt1,495,1548265899.08932,405,0,155199,0,267268,0,405,267268
pt1,496,1548265899.12268,33485,0,155067,0,266114,0,33485,266114
pt1,497,1548265899.15605,63994,0,156282,0,266997,0,63994,266997
pt1,498,1548265899.18942,529,0,158600,0,265311,0,529,265311
pt1,499,1548265899.22279,53404,0,159691,0,265225,0,53404,265225
pt1,500,1548265899.25616,67668,0,162382,0,267326,0,67668,267326
pt1,501,1548265899.28952,2287,0,162310,0,265789,0,2287,265789
pt1,502,1548265899.32290,35368,0,163699,0,266661,0,35368,266661
pt1,503,1548265899.35629,6667,0,163485,0,266396,0,6667,266396
pt1,504,1548265899.38966,3342,0,164001,0,265986,0,3342,265986
pt1,505,1548265899.42303,52562,0,163777,0,265244,0,52562,265244
pt1,506,1548265899.45637,53356,0,163916,0,265592,0,53356,265592
pt1,507,1548265899.48974,1650,0,164980,0,264668,0,1650,264668
pt1,508,1548265899.52311,67071,0,165472,0,263550,0,67071,263550
pt1,509,1548265899.55647,66594,0,165320,0,264148,0,66594,264148
pt1,510,1548265899.58984,34830,0,164471,0,262122,0,34830,262122
pt1,511,1548265899.62321,34539,0,165875,0,262803,0,34539,262803
pt1,512,1548265899.65658,35049,0,163870,0,261393,0,35049,261393
pt1,513,1548265899.68995,65274,0,157672,0,262137,0,65274,262137
pt1,514,1548265899.72332,65164,0,157925,0,262206,0,65164,262206
pt1,515,1548265899.75669,66144,0,156932,0,262644,0,66144,262644
pt1,516,1548265899.79006,35514,0,137538,0,260559,0,35514,260559
pt1,517,1548265899.82343,35011,0,138768,0,262321,0,35011,262321
pt1,518,1548265899.85677,5940,0,137320,0,262612,0,5940,262612
pt1,519,1548265899.89014,6406,0,134989,0,261295,0,6406,261295
pt1,520,1548265899.92354,4208,0,136186,0,262566,0,4208,262566
pt1,521,1548265899.95691,35255,0,135878,0,263341,0,35255,263341
pt1,522,1548265899.99028,64068,0,118919,0,263798,0,64068,263798
pt1,523,1548265900.02366,63313,0,118473,0,263951,0,63313,263951
pt1,524,1548265900.05703,63065,0,119675,0,264758,0,63065,264758
pt1,525,1548265900.09038,36171,0,116539,0,264481,0,36171,264481
pt1,526,1548265900.12375,36587,0,114926,0,263919,0,36587,263919
pt1,527,1548265900.15710,32026,0,112516,0,262747,0,32026,262747
pt1,528,1548265900.19047,4291,0,112404,0,264154,0,4291,264154
pt1,529,1548265900.22384,1266,0,109344,0,262423,0,1266,262423
pt1,530,1548265900.25722,0,0,106531,0,262193,0,0,262193
pt1,531,1548265900.29059,0,0,102645,0,262172,0,0,262172
pt1,532,1548265900.32396,174,0,101820,0,262686,0,174,262686
pt1,533,1548265900.35734,1005,0,95690,0,262434,0,1005,262434
pt1,534,1548265900.39071,841,0,94410,0,261697,0,841,261697
pt1,535,1548265900.42407,2153,0,93156,0,261666,0,2153,261666
pt1,536,1548265900.45743,1341,0,92393,0,261521,0,1341,261521
pt1,537,1548265900.49080,304,0,89933,0,260985,0,304,260985
pt1,538,1548265900.52416,856,0,86910,0,262054,0,856,262054
pt1,539,1548265900.55753,4572,0,81353,0,261281,0,4572,261281
pt1,540,1548265900.59089,198,0,76235,0,262129,0,198,262129
pt1,541,1548265900.62426,0,0,72882,0,261539,0,0,261539
pt1,542,1548265900.65763,228,0,42789,0,262458,0,228,262458
pt1,543,1548265900.69100,0,0,14206,0,261190,0,0,261190
pt1,544,1548265900.72437,0,0,11287,0,260551,0,0,260551
pt1,545,1548265900.75774,0,0,10780,0,261093,0,0,261093
pt1,546,1548265900.79111,0,0,11097,0,259686,0,0,259686
pt1,547,1548265900.82449,0,0,11689,0,259936,0,0,259936
pt1,548,1548265900.85786,0,0,11868,0,259925,0,0,259925
pt1,549,1548265900.89123,0,0,11738,0,261304,0,0,261304
pt1,550,1548265900.92460,0,0,10944,0,260364,0,0,260364
pt1,551,1548265900.95797,0,0,9565,0,259844,0,0,259844
pt1,552,1548265900.99134,0,0,8773,0,260758,0,0,260758
pt1,553,1548265901.02471,0,0,8343,0,259686,0,0,259686
pt1,554,1548265901.05808,0,0,7636,0,259588,0,0,259588
pt1,555,1548265901.09145,0,0,3806,0,260712,0,0,260712
pt1,556,1548265901.12482,0,0,3743,0,262358,0,0,262358
pt1,557,1548265901.15819,125,0,3744,0,260707,0,125,260707
pt1,558,1548265901.19156,0,0,5829,0,262552,0,0,262552
pt1,559,1548265901.22493,1128,0,6897,0,262057,0,1128,262057
pt1,560,1548265901.25830,583,0,8280,0,262410,0,583,262410
pt1,561,1548265901.29169,119,0,8357,0,261638,0,119,261638
pt1,562,1548265901.32506,1275,0,8511,0,262418,0,1275,262418
pt1,563,1548265901.35843,696,0,8462,0,262875,0,696,262875
pt1,564,1548265901.39180,0,0,8312,0,261769,0,0,261769
pt1,565,1548265901.42516,0,0,8146,0,261321,0,0,261321
pt1,566,1548265901.45854,0,0,8211,0,260393,0,0,260393
pt1,567,1548265901.49193,0,0,8150,0,261695,0,0,261695
pt1,568,1548265901.52530,0,0,8519,0,261735,0,0,261735
pt1,569,1548265901.55867,0,0,8242,0,261237,0,0,261237
pt1,570,1548265901.59203,0,0,8221,0,261127,0,0,261127
pt1,571,1548265901.62540,0,0,8466,0,261934,0,0,261934
pt1,572,1548265901.65877,95,0,8457,0,261882,0,95,261882
pt1,573,1548265901.69213,2376,0,8356,0,261272,0,2376,261272
pt1,574,1548265901.72549,2676,0,8294,0,262120,0,2676,262120
pt1,575,1548265901.75886,3745,0,7396,0,260942,0,3745,260942
pt1,576,1548265901.79223,2111,0,7227,0,261537,0,2111,261537
pt1,577,1548265901.82560,86,0,7129,0,261192,0,86,261192
pt1,578,1548265901.85895,0,0,6117,0,262188,0,0,262188
pt1,579,1548265901.89231,0,0,5791,0,262638,0,0,262638
pt2,0,1548265919.49424,1698,0,48648,2717,269249,39955,1698,269512
pt2,1,1548265919.52760,0,0,47614,2622,264493,39108,0,264747
pt2,2,1548265919.56097,14793,494,49420,2839,265467,39225,14299,265722
pt2,3,1548265919.59402,6304,350,52780,2458,269283,40239,5954,269537
pt2,4,1548265919.62736,3765,0,53884,2646,268993,39376,3765,269229
pt2,5,1548265919.66073,6914,377,53964,3749,267698,40470,6537,267944
pt2,6,1548265919.69410,16140,640,56099,3158,269012,40249,15500,269247
pt2,7,1548265919.72746,7602,522,57177,3590,267342,39668,7080,267569
pt2,8,1548265919.76081,14385,46,59453,3297,270126,40195,14339,270354
pt2,9,1548265919.79418,5095,345,60551,3268,267823,40185,4750,268041
pt2,10,1548265919.82755,7888,0,61942,3047,267935,39929,7888,268156
pt2,11,1548265919.86091,14539,85,63878,3496,270073,40306,14454,270294
pt2,12,1548265919.89429,15730,498,92300,4571,267127,40513,15232,267344
pt2,13,1548265919.92766,7933,0,93199,4688,265667,39450,7933,265875
pt2,14,1548265919.96103,3922,0,94928,5072,266966,40239,3922,267174
pt2,15,1548265919.99440,7773,0,95386,5063,266214,39633,7773,266422
pt2,16,1548265920.02777,4200,0,96039,5321,266380,40226,4200,266585
pt2,17,1548265920.06113,3594,0,98614,6026,267333,40723,3594,267529
pt2,18,1548265920.09450,8119,0,95687,5710,265033,40105,8119,265224
pt2,19,1548265920.12787,3501,0,96092,5708,266707,40766,3501,266892
pt2,20,1548265920.16124,3151,0,96173,5900,266161,40819,3151,266344
pt2,21,1548265920.19461,3965,0,94140,5861,266161,40855,3965,266342
pt2,22,1548265920.22798,4753,5,92443,5278,267036,41028,4748,267211
pt2,23,1548265920.26132,4344,0,90829,4996,265856,40504,4344,266027
pt2,24,1548265920.29469,4580,107,90940,5443,267583,41525,4473,267752
pt2,25,1548265920.32806,4891,0,89662,5371,267050,41289,4891,267221
pt2,26,1548265920.36147,3196,0,85019,4721,266365,41243,3196,266536
pt2,27,1548265920.39484,32684,207,83253,4170,268674,41736,32477,268844
pt2,28,1548265920.42821,5479,8,77092,4355,268420,41790,5471,268590
pt2,29,1548265920.46158,2890,0,74890,3855,266531,40679,2890,266694
pt2,30,1548265920.49495,2992,246,78216,4101,267478,40790,2746,267638
pt2,31,1548265920.52832,2537,255,77568,4857,267188,40507,2282,267345
pt2,32,1548265920.56169,3343,67,77765,4850,266849,40046,3276,267005
pt2,33,1548265920.59505,1066,0,77850,5555,266927,39967,1066,267085
pt2,34,1548265920.62842,930,0,73095,6954,268405,40364,930,268558
pt2,35,1548265920.66177,2818,328,71466,6677,265526,39461,2490,265675
pt2,36,1548265920.69512,1665,24,77323,8573,266541,39389,1641,266685
pt2,37,1548265920.72849,782,0,79579,9024,267652,39690,782,267794
pt2,38,1548265920.76185,1540,295,79883,9032,266509,39405,1245,266647
pt2,39,1548265920.79522,4500,288,80088,8797,264540,39009,4212,264677
pt2,40,1548265920.82859,147,0,79933,9255,265400,39456,147,265533
pt2,41,1548265920.86195,0,0,80058,8824,264682,39003,0,264811
pt2,42,1548265920.89532,0,0,81786,9532,264914,39442,0,265037
pt2,43,1548265920.92869,374,0,58822,6625,262884,39651,374,263009
pt2,44,1548265920.96206,508,0,66857,6888,264321,40018,508,264447
pt2,45,1548265920.99542,6682,0,69773,7063,263250,39646,6682,263389
pt2,46,1548265921.02879,991,0,71404,7206,262788,39375,991,262930
pt2,47,1548265921.06216,4544,43,72488,6390,264086,39355,4501,264228
pt2,48,1548265921.09553,4307,505,72815,6296,264284,40818,3802,264430
pt2,49,1548265921.12888,307,0,72920,5914,261177,40052,307,261276
pt2,50,1548265921.16225,1071,0,73835,5675,262808,40090,1071,262915
pt2,51,1548265921.19562,7925,67,74242,4574,263807,40541,7858,263958
pt2,52,1548265921.22899,5152,0,75518,4561,261178,40224,5152,261333
pt2,53,1548265921.26235,5793,0,76304,4629,261985,41105,5793,262137
pt2,54,1548265921.29572,6567,48,76192,4421,262034,42165,6519,262185
pt2,55,1548265921.32910,4753,0,76652,4337,261100,41681,4753,261252
pt2,56,1548265921.36251,5515,0,77012,4361,261207,41690,5515,261352
pt2,57,1548265921.39588,5235,0,79512,5156,262537,42725,5235,262689
pt2,58,1548265921.42925,7836,228,81492,5569,261568,42942,7608,261721
pt2,59,1548265921.46262,17641,536,82960,5501,260993,42772,17105,261147
pt2,60,1548265921.49599,15376,590,85191,5675,262274,42952,14786,262429
pt2,61,1548265921.52936,12988,832,80143,5199,261568,43581,12156,261723
pt2,62,1548265921.56273,12251,898,84734,5345,261117,43772,11353,261274
pt2,63,1548265921.59610,11571,775,84226,4983,260485,42428,10796,260645
pt2,64,1548265921.62947,10807,856,84978,4063,261011,41767,9951,261171
pt2,65,1548265921.66284,6874,770,84292,4229,259628,41386,6104,259790
pt2,66,1548265921.69621,9158,1343,86613,4815,259803,40745,7815,259967
pt2,67,1548265921.72958,11312,986,86810,4761,260051,40113,10326,260216
pt2,68,1548265921.76295,7736,692,86050,4861,260316,39306,7044,260482
pt2,69,1548265921.79631,8935,1077,85500,4899,260496,38454,7858,260657
pt2,70,1548265921.82968,12088,2075,87675,5481,262721,40690,10013,262888
pt2,71,1548265921.86303,6735,255,88289,4946,262139,39817,6480,262305
pt2,72,1548265921.89638,8959,1272,89519,6062,263469,41057,7687,263636
pt2,73,1548265921.92974,13983,1786,89691,5939,263638,41563,12197,263809
pt2,74,1548265921.96311,9859,236,90787,6383,262490,41356,9623,262659
pt2,75,1548265921.99648,10704,319,88491,6633,262672,41521,10385,262842
pt2,76,1548265922.02985,6196,275,87720,6662,263766,42541,5921,263938
pt2,77,1548265922.06321,8500,0,86995,6401,263041,41851,8500,263213
pt2,78,1548265922.09659,8575,0,89731,7225,264393,43228,8575,264561
pt2,79,1548265922.12995,6760,0,90724,7113,264130,43322,6760,264302
pt2,80,1548265922.16332,9160,816,88800,6344,263053,43436,8344,263224
pt2,81,1548265922.19669,11651,607,89893,6849,264147,43784,11044,264317
pt2,82,1548265922.23006,9328,0,89301,6086,263937,43365,9328,264108
pt2,83,1548265922.26343,2696,6,88612,5593,263931,43877,2690,264103
pt2,84,1548265922.33018,5286,285,88197,4851,262448,43722,5001,262621
pt2,85,1548265922.36355,6388,0,88597,4268,262560,43559,6388,262732
pt2,86,1548265922.39692,6289,482,87206,3891,262162,43195,5807,262335
pt2,87,1548265922.43029,2637,1220,85262,4069,261348,40613,1417,261515
pt2,88,1548265922.46366,5363,130,85237,4369,262574,41566,5233,262742
pt2,89,1548265922.49703,10523,795,153144,31205,263028,41920,9728,263197
pt2,90,1548265922.53040,7718,1058,156024,31088,262205,41051,6660,262375
pt2,91,1548265922.56377,9517,88,153539,31160,262655,39919,9429,262823
pt2,92,1548265922.59714,11857,4,154875,31077,263451,39133,11853,263620
pt2,93,1548265922.63051,17063,423,155450,29902,263472,38218,16640,263644
pt2,94,1548265922.66388,17005,0,154055,30138,263769,38796,17005,263936
pt2,95,1548265922.69725,11177,0,152972,30675,264395,40089,11177,264561
pt2,96,1548265922.73062,10788,0,151668,32169,263166,42564,10788,263328
pt2,97,1548265922.76399,7640,0,153327,32952,264238,42497,7640,264400
pt2,98,1548265922.79736,11611,15,172849,34524,263995,42884,11596,264154
pt2,99,1548265922.83073,8574,54,173647,35006,264045,43274,8520,264203
pt2,100,1548265922.86410,10268,0,177567,35880,264427,43395,10268,264586
pt2,101,1548265922.89747,9346,229,178674,36241,264232,43349,9117,264390
pt2,102,1548265922.93084,7953,93,179141,37058,265119,43601,7860,265277
pt2,103,1548265922.96421,3077,163,179116,37948,265044,43405,2914,265200
pt2,104,1548265922.99756,80171,38056,181062,39731,265395,43930,42115,265551
pt2,105,1548265923.03092,72144,35895,183880,39555,265311,42458,36249,265466
pt2,106,1548265923.06430,2435,0,185946,39137,265898,41548,2435,266050
pt2,107,1548265923.09767,7593,5,186112,38047,266652,40375,7588,266805
pt2,108,1548265923.13103,2959,0,187656,37101,267481,39611,2959,267633
pt2,109,1548265923.16440,9486,38,193418,36790,267492,37894,9448,267645
pt2,110,1548265923.19777,4469,28,191637,35530,268197,36799,4441,268350
pt2,111,1548265923.23113,3890,26,194089,34167,268418,35456,3864,268569
pt2,112,1548265923.26450,10787,149,192742,34204,268351,35278,10638,268501
pt2,113,1548265923.29785,31710,337,193364,32740,268665,33782,31373,268811
pt2,114,1548265923.33123,13768,190,193854,33393,269015,34512,13578,269162
pt2,115,1548265923.36460,32820,5,201163,34573,268968,35535,32815,269114
pt2,116,1548265923.39797,37345,333,200670,35309,268582,36414,37012,268728
pt2,117,1548265923.43134,34699,123,202750,35141,269046,36212,34576,269185
pt2,118,1548265923.46470,13122,186,200292,36487,268784,37583,12936,268923
pt2,119,1548265923.49807,17860,153,203931,36874,268764,37638,17707,268902
pt2,120,1548265923.53144,34953,633,199483,37365,268035,38019,34320,268173
pt2,121,1548265923.56481,28549,51,192644,36105,267943,38079,28498,268081
pt2,122,1548265923.59816,24350,0,193484,35951,266901,37814,24350,267035
pt2,123,1548265923.63154,15312,229,191171,36058,266157,37865,15083,266287
pt2,124,1548265923.66490,84136,32725,195809,35093,265454,36776,51411,265581
pt2,125,1548265923.69827,22363,50,193764,35776,264493,37438,22313,264620
pt2,126,1548265923.73164,22956,792,193195,35510,263584,36786,22164,263708
pt2,127,1548265923.76500,19755,866,195324,35545,263187,36370,18889,263311
pt2,128,1548265923.79838,14948,937,199002,35637,263596,36248,14011,263718
pt2,129,1548265923.83175,6486,28,197458,34690,263016,35193,6458,263138
pt2,130,1548265923.86512,74730,30521,195921,34947,263421,35514,44209,263544
pt2,131,1548265923.89849,22138,4352,197183,34226,263087,34705,17786,263210
pt2,132,1548265923.93186,43688,29612,193366,33486,262557,33876,14076,262680
pt2,133,1548265923.96523,33549,29218,188569,33001,262754,33366,4331,262877
pt2,134,1548265923.99859,41219,27131,188171,32251,262085,32576,14088,262208
pt2,135,1548265924.03196,33026,27235,187053,31357,262102,31654,5791,262225
pt2,136,1548265924.06533,39032,27965,184957,32251,262036,32598,11067,262159
pt2,137,1548265924.09867,34016,27603,181997,32763,261901,33153,6413,262024
pt2,138,1548265924.13204,50787,30846,176598,34269,261186,34504,19941,261308
pt2,139,1548265924.16541,43480,28061,173829,34963,262103,35227,15419,262224
pt2,140,1548265924.19878,53230,32863,167044,36143,262630,36684,20367,262752
pt2,141,1548265924.23215,50085,32485,163444,36176,263211,36858,17600,263332
pt2,142,1548265924.26552,52840,32699,161799,36877,264168,37724,20141,264285
pt2,143,1548265924.29889,14836,0,162396,37169,264766,38134,14836,264882
pt2,144,1548265924.33225,4676,153,183829,37132,265884,38292,4523,266001
pt2,145,1548265924.36563,5603,0,194658,37489,266293,38629,5603,266408
pt2,146,1548265924.39901,27171,4970,192561,37770,266961,38715,22201,267071
pt2,147,1548265924.43237,1959,0,190189,38222,267064,39163,1959,267173
pt2,148,1548265924.46575,3430,0,182311,37047,266842,38283,3430,266951
pt2,149,1548265924.49912,33697,29355,183154,37534,267642,38502,4342,267746
pt2,150,1548265924.53249,3069,0,179642,37737,267232,38556,3069,267336
pt2,151,1548265924.56586,4405,0,179571,37148,266940,37765,4405,267044
pt2,152,1548265924.59922,4761,0,176814,36392,267356,36938,4761,267465
pt2,153,1548265924.63261,7903,0,176240,36233,266989,36841,7903,267104
pt2,154,1548265924.66596,6798,0,177898,35416,267694,36116,6798,267811
pt2,155,1548265924.69933,33531,29439,171376,34409,267191,34976,4092,267268
pt2,156,1548265924.73270,9317,0,174797,34793,267841,35786,9317,268014
pt2,157,1548265924.76605,7698,0,185561,35422,267547,35970,7698,267720
pt2,158,1548265924.79942,12391,388,186488,35278,267647,35881,12003,267820
pt2,159,1548265924.83278,37687,2333,181787,36017,267742,36643,35354,267915
pt2,160,1548265924.86614,47597,2563,183450,36810,268343,37500,45034,268516
pt2,161,1548265924.89951,12892,2635,183886,37214,269376,37930,10257,269549
pt2,162,1548265924.93289,7617,76,183267,37504,268920,38546,7541,269093
pt2,163,1548265924.96626,10829,2,184080,37878,268966,39093,10827,269150
pt2,164,1548265924.99963,8088,0,185842,38274,268890,39054,8088,269084
pt2,165,1548265925.03300,8118,39,185298,39131,269135,39703,8079,269345
pt2,166,1548265925.06637,7369,0,185242,39752,268963,40279,7369,269178
pt2,167,1548265925.09974,7075,26,185718,40993,268939,41466,7049,269158
pt2,168,1548265925.13311,10190,452,185133,41298,268771,41768,9738,268995
pt2,169,1548265925.16648,8840,0,183823,41240,268154,42024,8840,268377
pt2,170,1548265925.19984,8338,254,184396,39818,267342,40812,8084,267566
pt2,171,1548265925.23321,15352,1918,175404,39863,267666,42296,13434,267890
pt2,172,1548265925.26656,40449,35791,174078,39840,266602,42201,4658,266826
pt2,173,1548265925.29993,16198,2096,181259,40230,266515,42417,14102,266738
pt2,174,1548265925.33330,49956,36094,180015,40136,266069,42153,13862,266299
pt2,175,1548265925.36664,18072,2412,156675,40248,266555,42657,15660,266793
pt2,176,1548265925.40001,19178,2779,151137,40286,266025,42770,16399,266275
pt2,177,1548265925.43338,18056,3103,157675,40540,265961,42147,14953,266209
pt2,178,1548265925.46675,16396,3490,156868,40749,265031,42625,12906,265291
pt2,179,1548265925.50012,51797,36031,158018,40471,266184,42455,15766,266444
pt2,180,1548265925.53349,48593,36523,158954,40641,266003,42255,12070,266263
pt2,181,1548265925.56686,13310,1518,159767,40898,265973,42239,11792,266237
pt2,182,1548265925.60023,14070,496,161231,40337,266688,41712,13574,266948
pt2,183,1548265925.63361,11701,1050,161744,41008,266382,42665,10651,266657
pt2,184,1548265925.66698,9071,0,163017,41785,267343,43882,9071,267620
pt2,185,1548265925.70035,38374,3150,163987,42381,266842,45088,35224,267119
pt2,186,1548265925.73372,34612,4550,165257,42835,267039,44903,30062,267294
pt2,187,1548265925.76709,12707,440,163619,42395,265515,44647,12267,265739
pt2,188,1548265925.80046,21668,1133,165617,43013,265804,45728,20535,266014
pt2,189,1548265925.83383,16038,0,165556,44082,265820,47016,16038,266030
pt2,190,1548265925.86720,12133,0,166233,45736,265526,48244,12133,265736
pt2,191,1548265925.90058,17347,1,167447,44243,265175,46321,17346,265386
pt2,192,1548265925.93395,46455,35721,166304,45813,264643,48009,10734,264853
pt2,193,1548265925.96731,41960,36780,164147,46492,264268,47370,5180,264481
pt2,194,1548265926.00069,42884,36443,163915,47359,265262,48160,6441,265476
pt2,195,1548265926.03406,46863,36103,161624,46044,265316,46677,10760,265532
pt2,196,1548265926.06742,36404,34712,158480,45008,265087,45677,1692,265309
pt2,197,1548265926.10081,37110,35674,161574,44288,265152,44913,1436,265376
pt2,198,1548265926.13418,40050,34062,159979,43198,265305,43873,5988,265523
pt2,199,1548265926.16755,37328,35410,157752,43205,263834,43944,1918,264058
pt2,200,1548265926.20092,34545,34380,164507,42221,263036,42389,165,263260
pt2,201,1548265926.23429,35372,35100,164228,42313,263847,42930,272,264067
pt2,202,1548265926.26765,1397,0,166884,40824,263524,40840,1397,263742
pt2,203,1548265926.30101,33997,33574,165494,40537,263571,40896,423,263792
pt2,204,1548265926.33437,32477,32474,165556,41348,262808,42025,3,263032
pt2,205,1548265926.36774,52368,38075,162791,42179,261860,42698,14293,262082
pt2,206,1548265926.40111,59533,32933,162302,43258,261771,43447,26600,261994
pt2,207,1548265926.43445,54904,32210,161485,42440,263234,42545,22694,263458
pt2,208,1548265926.46782,3884,76,170539,43514,262016,43648,3808,262238
pt2,209,1548265926.50118,3186,76,169203,42795,260705,42795,3110,260929
pt2,210,1548265926.53455,94,0,168247,44072,259662,44072,94,259884
pt2,211,1548265926.56792,1101,165,177511,44285,261726,44304,936,261949
pt2,212,1548265926.60129,8914,7,179294,44802,261453,44817,8907,261677
pt2,213,1548265926.63466,2307,0,178525,44613,260281,44637,2307,260505
pt2,214,1548265926.66803,2533,171,178137,44847,260140,44978,2362,260364
pt2,215,1548265926.70140,15180,60,176448,45640,260385,45866,15120,260609
pt2,216,1548265926.73478,9661,416,175597,45271,259066,45467,9245,259290
pt2,217,1548265926.76816,21111,219,173828,45611,259039,45823,20892,259263
pt2,218,1548265926.80153,7252,273,174021,45446,259282,45660,6979,259506
pt2,219,1548265926.83490,33863,23273,172795,44948,257482,45045,10590,257706
pt2,220,1548265926.86827,4433,26,173514,45283,258026,45397,4407,258250
pt2,221,1548265926.90164,8687,46,172827,44443,256935,44609,8641,257159
pt2,222,1548265926.93501,8155,308,172406,43076,256959,43205,7847,257182
pt2,223,1548265926.96838,101828,41061,170824,42785,255543,43018,60767,255766
pt2,224,1548265927.00177,8247,1050,171122,41688,255694,41848,7197,255918
pt2,225,1548265927.03515,5319,70,172126,41614,257016,41905,5249,257240
pt2,226,1548265927.06851,112022,39061,173858,40908,255828,41362,72961,256052
pt2,227,1548265927.10187,112254,38801,176338,40370,256270,41252,73453,256494
pt2,228,1548265927.13523,1814,0,176567,38512,256971,39581,1814,257195
pt2,229,1548265927.16860,4068,180,174864,37609,254654,39600,3888,254878
pt2,230,1548265927.20197,1575,177,177827,36640,253970,39598,1398,254194
pt2,231,1548265927.23534,3925,4,176961,36454,255857,39946,3921,256081
pt2,232,1548265927.26871,1208,31,174365,38179,254672,42125,1177,254896
pt2,233,1548265927.30210,8401,35,170570,38290,254419,42625,8366,254643
pt2,234,1548265927.33547,5197,0,171677,37467,255607,42689,5197,255831
pt2,235,1548265927.36886,7536,0,170979,38405,256599,43899,7536,256823
pt2,236,1548265927.40223,6600,133,172975,38342,256949,43990,6467,257175
pt2,237,1548265927.43560,3594,78,172734,37468,256768,43751,3516,256994
pt2,238,1548265927.46897,7530,6,172152,36819,255938,43048,7524,256163
pt2,239,1548265927.50233,8674,3,168107,36049,255210,42578,8671,255435
pt2,240,1548265927.53568,2875,0,168434,35710,255917,42063,2875,256141
pt2,241,1548265927.56907,11715,8,168450,34977,255768,40947,11707,255997
pt2,242,1548265927.60242,13955,0,166570,34560,256892,41556,13955,257121
pt2,243,1548265927.63579,6447,0,72049,2492,256674,40247,6447,256903
pt2,244,1548265927.66916,12221,0,73118,2569,257459,39374,12221,257691
pt2,245,1548265927.70251,18089,136,72062,3048,258098,39707,17953,258330
pt2,246,1548265927.73588,8680,281,71370,2930,257382,39862,8399,257616
pt2,247,1548265927.76925,7666,97,71967,2792,258263,39425,7569,258493
pt2,248,1548265927.80262,13964,68,72087,2594,258599,38640,13896,258830
pt2,249,1548265927.83597,11707,146,73908,2415,258360,38627,11561,258589
pt2,250,1548265927.86933,5120,0,77375,2789,259566,38963,5120,259798
pt2,251,1548265927.90271,11927,6,78625,3602,258804,38826,11921,259034
pt2,252,1548265927.93610,7591,200,102697,3935,257345,39309,7391,257573
pt2,253,1548265927.96947,7513,159,104090,4227,257851,40349,7354,258080
pt2,254,1548265928.00284,5570,245,105539,5260,257910,41361,5325,258138
pt2,255,1548265928.03621,4528,1135,103613,5189,256056,40931,3393,256292
pt2,256,1548265928.06954,2451,48,105592,5560,256720,40171,2403,256949
pt2,257,1548265928.10294,3488,299,106251,5790,257407,40103,3189,257642
pt2,258,1548265928.13631,2155,928,104404,6181,255770,39994,1227,256006
pt2,259,1548265928.16965,2024,17,105178,6753,255614,39679,2007,255849
pt2,260,1548265928.20300,1576,858,104709,6827,255824,39413,718,256057
pt2,261,1548265928.23637,0,0,103964,7333,255373,39496,0,255606
pt2,262,1548265928.26974,1036,651,103962,7648,256141,39852,385,256374
pt2,263,1548265928.30311,1755,418,103216,8004,255656,39819,1337,255888
pt2,264,1548265928.33649,7031,0,104832,7624,258410,39746,7031,258641
pt2,265,1548265928.36985,11208,97,104949,7210,257645,39765,11111,257876
pt2,266,1548265928.40322,10761,437,106982,8202,257466,40328,10324,257701
pt2,267,1548265928.43659,43758,930,106819,8586,259344,40664,42828,259582
pt2,268,1548265928.46997,41311,820,106494,9288,258197,40433,40491,258435
pt2,269,1548265928.50334,42320,876,105872,8991,257590,40264,41444,257831
pt2,270,1548265928.53671,43066,957,105235,8804,258202,40104,42109,258444
pt2,271,1548265928.57008,20430,22,152031,33569,258940,40170,20408,259176
pt2,272,1548265928.60345,11431,52,152768,34819,258573,39225,11379,258807
pt2,273,1548265928.63682,12512,221,155206,37758,260398,40659,12291,260629
pt2,274,1548265928.67019,12079,221,158550,39590,262088,41177,11858,262322
pt2,275,1548265928.70356,10444,0,163119,38513,263123,39647,10444,263354
pt2,276,1548265928.73692,10843,32,164020,37508,262436,38011,10811,262659
pt2,277,1548265928.77028,9490,145,165789,37207,262769,37711,9345,262993
pt2,278,1548265928.80365,4048,293,168452,36220,264205,37126,3755,264427
pt2,279,1548265928.83701,4000,0,170974,34141,264028,35499,4000,264252
pt2,280,1548265928.87038,9742,0,172466,33322,264045,34984,9742,264270
pt2,281,1548265928.90375,13830,168,173091,34061,264857,36364,13662,265082
pt2,282,1548265928.93712,4555,142,173123,33930,264122,36417,4413,264346
pt2,283,1548265928.97049,7347,609,172760,34426,264072,37229,6738,264296
pt2,284,1548265929.00387,8193,486,171347,35278,263286,37694,7707,263509
pt2,285,1548265929.03724,5904,0,171673,35686,263023,37698,5904,263247
pt2,286,1548265929.07062,91085,34760,171816,37138,264435,38015,56325,264658
pt2,287,1548265929.10399,89623,33785,170827,37141,264442,37353,55838,264666
pt2,288,1548265929.13736,90892,33525,171845,36986,266646,37013,57367,266870
pt2,289,1548265929.17073,94082,32827,169672,36136,266819,36136,61255,267043
pt2,290,1548265929.20409,100892,33457,167471,35483,266202,35557,67435,266423
pt2,291,1548265929.23746,98172,33420,171942,36056,265729,36118,64752,265960
pt2,292,1548265929.27083,94061,32505,172541,35325,263077,35325,61556,263313
pt2,293,1548265929.30420,95703,31702,176996,34399,265565,34413,64001,265815
pt2,294,1548265929.33757,98072,32729,180065,35141,266778,35142,65343,267035
pt2,295,1548265929.37095,92092,30908,183817,34045,262221,34045,61184,262484
pt2,296,1548265929.40431,3819,0,187947,33834,262587,33834,3819,262851
pt2,297,1548265929.43768,89038,30570,190100,34009,261873,34009,58468,262137
pt2,298,1548265929.47104,89200,30045,194390,33820,262266,33820,59155,262537
pt2,299,1548265929.50441,3495,0,198031,35559,261301,35559,3495,261571
pt2,300,1548265929.53778,92168,31454,201822,36330,261726,36330,60714,262003
pt2,301,1548265929.57115,4980,110,205976,34890,262624,34890,4870,262901
pt2,302,1548265929.60452,93682,30327,206385,35155,261199,35155,63355,261477
pt2,303,1548265929.63789,94462,29729,205611,34739,261214,34739,64733,261490
pt2,304,1548265929.67126,5167,0,200932,34650,259314,34650,5167,259591
pt2,305,1548265929.70463,3895,423,201936,35251,261814,35253,3472,262089
pt2,306,1548265929.73799,104367,30283,201309,35731,262496,35745,74084,262773
pt2,307,1548265929.77136,104798,30951,200465,36212,262140,36249,73847,262416
pt2,308,1548265929.80473,104597,31140,195624,36358,258951,36415,73457,259228
pt2,309,1548265929.83809,107994,31080,199818,36336,261495,36499,76914,261769
pt2,310,1548265929.90483,110649,32750,199146,37800,260742,37911,77899,261035
pt2,311,1548265929.93818,114668,34538,201736,38632,262020,38789,80130,262329
pt2,312,1548265929.97154,113813,34823,199598,38987,260180,39116,78990,260502
pt2,313,1548265930.00491,117151,32295,204301,35716,262320,35895,84856,262657
pt2,314,1548265930.03828,121650,36456,203426,40228,261696,40369,85194,262041
pt2,315,1548265930.07165,118528,37414,199003,41673,256928,41717,81114,257279
pt2,316,1548265930.10502,124806,37967,203958,41984,262835,41984,86839,263193
pt2,317,1548265930.13838,127426,36638,203340,40752,262193,40752,90788,262556
pt2,318,1548265930.17176,121877,35168,200813,39762,260239,39763,86709,260624
pt2,319,1548265930.20511,5962,61,199322,37461,259840,37477,5901,260237
pt2,320,1548265930.23848,122397,31188,201058,35444,261698,35444,91209,262103
pt2,321,1548265930.27185,123496,29132,202222,33386,262541,33405,94364,262943
pt2,322,1548265930.30522,121827,27477,202310,30770,263435,30808,94350,263845
pt2,323,1548265930.33859,5551,0,202555,27885,263855,27901,5551,264270
pt2,324,1548265930.37196,120698,22635,202967,24893,265360,24905,98063,265794
pt2,325,1548265930.40533,116571,19830,200274,22234,264604,22247,96741,265049
pt2,326,1548265930.43870,114964,17430,200095,19906,264876,19914,97534,265339
pt2,327,1548265930.47206,11939,0,199274,16477,264433,16481,11939,264919
pt2,328,1548265930.50543,120793,12271,197813,13955,263209,14070,108522,263712
pt2,329,1548265930.53879,19815,4745,199633,11543,266064,11719,15070,266565
pt2,330,1548265930.57216,18872,2495,197036,8668,264119,8891,16377,264631
pt2,331,1548265930.60553,20066,1165,195811,7156,262925,7374,18901,263438
pt2,332,1548265930.63894,18352,584,197655,5909,265592,6118,17768,266106
pt2,333,1548265930.67230,21148,0,194866,3874,264108,4083,21148,264630
pt2,334,1548265930.70567,23820,0,194080,3533,264088,3742,23820,264618
pt2,335,1548265930.73904,21508,0,195610,2738,265005,2948,21508,265546
pt2,336,1548265930.77241,16638,0,192859,1696,263067,1918,16638,263614
pt2,337,1548265930.80578,27092,0,192045,0,265395,0,27092,265945
pt2,338,1548265930.83915,32755,2703,189154,3010,265386,3010,30052,265937
pt2,339,1548265930.87252,17079,0,188085,0,262484,0,17079,263069
pt2,340,1548265930.90586,33137,0,190377,0,265711,0,33137,266311
pt2,341,1548265930.93922,36198,0,187659,0,264698,0,36198,265316
pt2,342,1548265930.97260,38157,0,185790,0,264282,0,38157,264915
pt2,343,1548265931.00597,40231,0,186812,0,265846,0,40231,266483
pt2,344,1548265931.03933,43893,0,116580,0,265995,0,43893,266634
pt2,345,1548265931.07270,42296,0,116798,0,266585,0,42296,267226
pt2,346,1548265931.10607,43851,0,117153,0,268066,0,43851,268707
pt2,347,1548265931.13944,33758,0,116916,0,268257,0,33758,268899
pt2,348,1548265931.17281,45954,0,212960,0,268719,0,45954,269366
pt2,349,1548265931.20618,35838,0,212837,0,268732,0,35838,269383
pt2,350,1548265931.23955,3840,0,212524,0,269190,0,3840,269864
pt2,351,1548265931.27291,6252,0,212495,0,269513,0,6252,270207
pt2,352,1548265931.30629,6160,0,210991,0,268441,0,6160,269196
pt2,353,1548265931.33966,383,0,211288,0,269316,0,383,269997
pt2,354,1548265931.37303,3313,0,208207,0,269857,0,3313,270869
pt2,355,1548265931.40640,2496,0,208002,0,269126,0,2496,269968
pt2,356,1548265931.43977,0,0,208464,0,269988,0,0,270678
pt2,357,1548265931.47314,3085,0,207890,0,269978,0,3085,270668
pt2,358,1548265931.50650,6088,0,205564,0,268522,0,6088,269190
pt2,359,1548265931.53986,2845,0,204469,0,268442,0,2845,269125
pt2,360,1548265931.57324,3486,0,201915,0,269651,0,3486,270360
pt2,361,1548265931.60662,3127,0,199277,0,268392,0,3127,269069
pt2,362,1548265931.63998,7874,0,197632,0,268162,0,7874,268793
pt2,363,1548265931.67331,176304,0,196542,0,268524,0,176304,269155
pt2,364,1548265931.70668,2872,0,194277,0,266453,0,2872,267087
pt2,365,1548265931.74005,3595,0,192339,0,268446,0,3595,269073
pt2,366,1548265931.77342,145,0,190386,0,267560,0,145,268193
pt2,367,1548265931.80679,3407,0,188210,0,265695,0,3407,266328
pt2,368,1548265931.84019,1861,0,188239,0,267304,0,1861,267937
pt2,369,1548265931.87353,4119,0,191416,0,266654,0,4119,267287
pt2,370,1548265931.90693,7319,0,190497,0,265996,0,7319,266629
pt2,371,1548265931.94030,300,0,190531,0,266906,0,300,267539
pt2,372,1548265931.97367,1214,0,191907,0,267655,0,1214,268288
pt2,373,1548265932.00704,3830,0,188317,0,262784,0,3830,263417
pt2,374,1548265932.04040,1283,0,190559,0,265546,0,1283,266178
pt2,375,1548265932.07377,1390,0,191456,0,266965,0,1390,267595
pt2,376,1548265932.10714,3676,0,189060,0,264287,0,3676,264920
pt2,377,1548265932.14051,1625,0,190839,0,266405,0,1625,267038
pt2,378,1548265932.17388,930,0,188692,0,265657,0,930,266290
pt2,379,1548265932.20724,2658,0,154131,0,263289,0,2658,263922
pt2,380,1548265932.24060,3515,0,156887,0,266926,0,3515,267559
pt2,381,1548265932.27393,1400,0,154823,0,266271,0,1400,266904
pt2,382,1548265932.30730,1475,0,154443,0,264617,0,1475,265250
pt2,383,1548265932.34067,1570,0,156246,0,266956,0,1570,267588
pt2,384,1548265932.37407,126251,0,157001,0,268671,0,126251,269304
pt2,385,1548265932.40743,117285,0,152748,0,264110,0,117285,264742
pt2,386,1548265932.44078,117381,0,152142,0,265285,0,117381,265916
pt2,387,1548265932.47417,119419,0,156337,0,269745,0,119419,270373
pt2,388,1548265932.50752,110685,0,150958,0,264544,0,110685,265156
pt2,389,1548265932.54091,111988,0,150388,0,264562,0,111988,265165
pt2,390,1548265932.57428,114670,0,154902,0,269669,0,114670,270261
pt2,391,1548265932.60762,106587,0,152692,0,268230,0,106587,268781
pt2,392,1548265932.64099,105889,0,149255,0,265300,0,105889,265833
pt2,393,1548265932.67435,105262,0,151445,0,268244,0,105262,268772
pt2,394,1548265932.70772,102370,0,150239,0,267766,0,102370,268283
pt2,395,1548265932.74109,95289,0,145666,0,264743,0,95289,265258
pt2,396,1548265932.77447,97536,0,147662,0,266837,0,97536,267351
pt2,397,1548265932.80784,94514,0,149507,0,268961,0,94514,269472
pt2,398,1548265932.84121,91567,0,147131,0,267260,0,91567,267767
pt2,399,1548265932.87457,58033,0,149130,0,269649,0,58033,270143
pt2,400,1548265932.90794,85202,0,147454,0,270129,0,85202,270598
pt2,401,1548265932.94131,56080,0,144650,0,267761,0,56080,268230
pt2,402,1548265932.97468,72829,0,142267,0,269389,0,72829,269857
pt2,403,1548265933.00807,56472,0,140715,0,270261,0,56472,270732
pt2,404,1548265933.04144,70007,0,137980,0,268086,0,70007,268572
pt2,405,1548265933.07482,67597,0,135121,0,268206,0,67597,268699
pt2,406,1548265933.10818,66081,0,133612,0,269918,0,66081,270424
pt2,407,1548265933.14155,53445,0,130799,0,269039,0,53445,269542
pt2,408,1548265933.17492,62367,0,127469,0,268067,0,62367,268575
pt2,409,1548265933.20829,52365,0,125006,0,268616,0,52365,269065
pt2,410,1548265933.24166,528,0,123427,0,268765,0,528,269229
pt2,411,1548265933.27503,148,0,118369,0,266100,0,148,266588
pt2,412,1548265933.30837,58879,0,118538,0,269467,0,58879,269974
pt2,413,1548265933.34173,51442,0,114854,0,268592,0,51442,269127
pt2,414,1548265933.37510,286,0,109048,0,266902,0,286,267446
pt2,415,1548265933.40847,248,0,106482,0,268445,0,248,269004
pt2,416,1548265933.44182,51346,0,104480,0,268956,0,51346,269540
pt2,417,1548265933.47519,51525,0,102004,0,269035,0,51525,269660
pt2,418,1548265933.50856,50422,0,97780,0,267913,0,50422,268577
pt2,419,1548265933.54193,52880,0,97566,0,270160,0,52880,270856
pt2,420,1548265933.57530,49767,0,93444,0,268444,0,49767,269170
pt2,421,1548265933.60868,51015,0,89157,0,266329,0,51015,267076
pt2,422,1548265933.64205,49274,0,90399,0,270003,0,49274,270768
pt2,423,1548265933.67542,47959,0,89383,0,270440,0,47959,271226
pt2,424,1548265933.70879,46735,0,87862,0,270376,0,46735,271200
pt2,425,1548265933.74216,45603,0,83883,0,270219,0,45603,271041
pt2,426,1548265933.77553,43664,0,83378,0,270247,0,43664,271026
pt2,427,1548265933.80890,42286,0,83500,0,270470,0,42286,271200
pt2,428,1548265933.84227,40042,0,81690,0,270355,0,40042,271024
pt2,429,1548265933.87564,42952,0,78516,0,270707,0,42952,271340
pt2,430,1548265933.90900,36780,0,78603,0,270798,0,36780,271430
pt2,431,1548265933.94237,35169,0,78486,0,270879,0,35169,271512
pt2,432,1548265933.97574,36801,0,76406,0,270225,0,36801,270852
pt2,433,1548265934.00911,32614,0,75581,0,270771,0,32614,271374
pt2,434,1548265934.04247,17993,0,74318,0,271050,0,17993,271578
pt2,435,1548265934.07584,32813,0,72509,0,271159,0,32813,271624
pt2,436,1548265934.10921,16474,0,71590,0,271253,0,16474,271722
pt2,437,1548265934.14258,15810,0,70294,0,271413,0,15810,271882
pt2,438,1548265934.17595,26042,0,67558,0,271287,0,26042,271756
pt2,439,1548265934.20932,13593,0,65020,0,271488,0,13593,271957
pt2,440,1548265934.24269,22133,0,62659,0,271474,0,22133,271934
pt2,441,1548265934.27606,17366,0,59874,0,271795,0,17366,272167
pt2,442,1548265934.30943,16348,0,56942,0,271505,0,16348,271837
pt2,443,1548265934.34280,15722,0,54529,0,271514,0,15722,271846
pt2,444,1548265934.37617,15126,0,53630,0,271776,0,15126,272108
pt2,445,1548265934.40954,14069,0,51965,0,271821,0,14069,272153
pt2,446,1548265934.44292,13257,0,49858,0,271381,0,13257,271711
pt2,447,1548265934.47630,12516,0,47978,0,270772,0,12516,271101
pt2,448,1548265934.50966,11827,0,47888,0,271944,0,11827,272260
pt2,449,1548265934.54304,10339,0,45420,0,271731,0,10339,272010
pt2,450,1548265934.57641,9434,0,44592,0,270745,0,9434,271021
pt2,451,1548265934.60978,9312,0,42211,0,271882,0,9312,272159
pt2,452,1548265934.64315,7621,0,41476,0,271778,0,7621,272055
pt2,453,1548265934.67652,0,0,40093,0,270690,0,0,270967
pt2,454,1548265934.70989,5164,0,37458,0,271194,0,5164,271470
pt2,455,1548265934.74326,2534,0,36723,0,271850,0,2534,272125
pt2,456,1548265934.77663,4518,0,35399,0,271912,0,4518,272165
pt2,457,1548265934.81000,326,0,33727,0,271709,0,326,271930
pt2,458,1548265934.84340,4076,0,32685,0,271946,0,4076,272169
pt2,459,1548265934.87677,1164,0,31052,0,271839,0,1164,272063
pt2,460,1548265934.91014,1800,0,29734,0,271779,0,1800,272003
pt2,461,1548265934.94351,1667,0,28787,0,271484,0,1667,271694
pt2,462,1548265934.97686,2625,0,28044,0,271096,0,2625,271203
pt2,463,1548265935.01022,2390,0,26780,0,270936,0,2390,271033
pt2,464,1548265935.04358,1612,0,25325,0,271475,0,1612,271560
pt2,465,1548265935.07694,1816,0,24944,0,271616,0,1816,271689
pt2,466,1548265935.11031,1482,0,24669,0,271140,0,1482,271229
pt2,467,1548265935.14368,1132,0,23844,0,270867,0,1132,270947
pt2,468,1548265935.17704,1021,0,24440,0,271429,0,1021,271548
pt2,469,1548265935.21041,0,0,25418,0,271254,0,0,271377
pt2,470,1548265935.24378,0,0,23362,0,271345,0,0,271468
pt2,471,1548265935.27716,531,0,25441,0,271380,0,531,271503
pt2,472,1548265935.31054,573,0,24803,0,270954,0,573,271076
pt2,473,1548265935.34391,0,0,25133,0,271273,0,0,271397
pt2,474,1548265935.37728,0,0,25433,0,271693,0,0,271820
pt2,475,1548265935.41065,694,0,26780,0,271398,0,694,271525
pt2,476,1548265935.44402,1109,0,27255,0,271404,0,1109,271531
pt2,477,1548265935.47739,202,0,28688,0,271789,0,202,271916
pt2,478,1548265935.51076,180,0,33025,0,271637,0,180,271765
pt2,479,1548265935.54412,600,0,32987,0,271634,0,600,271761
pt2,480,1548265935.57748,874,0,33822,0,271492,0,874,271626
pt2,481,1548265935.61084,908,0,35159,0,270879,0,908,271013
pt2,482,1548265935.64419,1337,0,37122,0,271541,0,1337,271675
pt2,483,1548265935.67759,2854,0,39111,0,271315,0,2854,271453
pt2,484,1548265935.71096,2408,0,40934,0,270362,0,2408,270500
pt2,485,1548265935.74430,1691,0,42312,0,270850,0,1691,270989
pt2,486,1548265935.77767,4087,0,43567,0,271237,0,4087,271376
pt2,487,1548265935.81104,2320,0,45414,0,270978,0,2320,271117
pt2,488,1548265935.84441,873,0,46547,0,270616,0,873,270755
pt2,489,1548265935.87777,3750,0,48839,0,271267,0,3750,271406
pt2,490,1548265935.91113,4780,0,51173,0,270749,0,4780,270888
pt2,491,1548265935.94451,3177,0,52156,0,270022,0,3177,270161
pt2,492,1548265935.97788,4832,0,53657,0,270626,0,4832,270765
pt2,493,1548265936.01125,7370,0,53942,0,269634,0,7370,269777
pt2,494,1548265936.04462,3823,0,53513,0,267734,0,3823,267880
pt2,495,1548265936.07799,3605,0,55594,0,267817,0,3605,267968
pt2,496,1548265936.11136,6336,0,58302,0,267587,0,6336,267740
pt2,497,1548265936.14473,6510,0,60816,0,267242,0,6510,267395
pt2,498,1548265936.17810,6219,0,62040,0,267339,0,6219,267492
pt2,499,1548265936.21146,6936,0,63526,0,265990,0,6936,266143
pt2,500,1548265936.24484,6975,0,65685,0,265134,0,6975,265287
pt2,501,1548265936.27820,4896,0,69425,0,267185,0,4896,267342
pt2,502,1548265936.31157,8258,0,72427,0,267063,0,8258,267218
pt2,503,1548265936.34490,9901,0,73316,0,266194,0,9901,266351
pt2,504,1548265936.37831,3936,0,76110,0,267170,0,3936,267330
pt2,505,1548265936.41168,11836,0,78175,0,267121,0,11836,267279
pt2,506,1548265936.44505,13543,0,78597,0,267455,0,13543,267618
pt2,507,1548265936.47841,12125,0,78006,0,267219,0,12125,267382
pt2,508,1548265936.51178,4377,0,79656,0,268228,0,4377,268391
pt2,509,1548265936.54516,2783,0,79573,0,267916,0,2783,268089
pt2,510,1548265936.57853,13814,0,78934,0,267242,0,13814,267414
pt2,511,1548265936.61190,18240,0,79336,0,268195,0,18240,268368
pt2,512,1548265936.64527,21565,0,79645,0,269018,0,21565,269191
pt2,513,1548265936.67863,20262,0,79162,0,268646,0,20262,268819
pt2,514,1548265936.71200,23021,0,78404,0,268627,0,23021,268800
pt2,515,1548265936.74536,24824,0,78437,0,268704,0,24824,268877
pt2,516,1548265936.77873,22885,0,76924,0,268939,0,22885,269112
pt2,517,1548265936.81210,29357,0,75903,0,268424,0,29357,268597
pt2,518,1548265936.84548,27721,0,75392,0,268287,0,27721,268460
pt2,519,1548265936.87885,29342,0,74736,0,268670,0,29342,268843
pt2,520,1548265936.91221,24351,0,73823,0,268364,0,24351,268536
pt2,521,1548265936.94558,4384,0,72079,0,267838,0,4384,268011
pt2,522,1548265936.97896,1467,0,70399,0,266924,0,1467,267097
pt2,523,1548265937.01233,2446,0,70963,0,268106,0,2446,268279
pt2,524,1548265937.04570,21849,0,70594,0,267697,0,21849,267870
pt2,525,1548265937.07907,1092,0,69794,0,266769,0,1092,266933
pt2,526,1548265937.11244,0,0,70489,0,267429,0,0,267602
pt2,527,1548265937.14580,343,0,68772,0,266568,0,343,266741
pt2,528,1548265937.17917,0,0,66851,0,267061,0,0,267234
pt2,529,1548265937.21254,415,0,65694,0,266947,0,415,267120
pt2,530,1548265937.24591,263,0,63794,0,268046,0,263,268219
pt2,531,1548265937.27926,772,0,60308,0,267607,0,772,267780
pt2,532,1548265937.31263,149,0,57590,0,266969,0,149,267142
pt2,533,1548265937.34598,0,0,53089,0,267221,0,0,267394
pt2,534,1548265937.37935,0,0,48970,0,267382,0,0,267555
pt2,535,1548265937.41272,0,0,41520,0,266630,0,0,266803
pt2,536,1548265937.47945,0,0,40685,0,266738,0,0,266911
pt2,537,1548265937.51282,0,0,40226,0,267575,0,0,267748
pt2,538,1548265937.54619,0,0,42026,0,267456,0,0,267629
pt2,539,1548265937.57955,2630,0,42860,0,267480,0,2630,267653
pt2,540,1548265937.61292,1044,0,41650,0,266755,0,1044,266928
pt2,541,1548265937.64628,3386,0,41853,0,266777,0,3386,266950
pt2,542,1548265937.67966,1282,0,45685,0,266673,0,1282,266846
pt2,543,1548265937.71303,458,0,48292,0,266637,0,458,266810
pt2,544,1548265937.74638,3694,0,48725,0,267387,0,3694,267559
pt2,545,1548265937.77975,1957,0,48509,0,267541,0,1957,267713
pt2,546,1548265937.81311,1243,0,48636,0,267107,0,1243,267280
pt2,547,1548265937.84648,0,0,48992,0,266544,0,0,266716
pt2,548,1548265937.87984,0,0,49194,0,267073,0,0,267246
pt2,549,1548265937.91321,0,0,49235,0,267334,0,0,267506
pt2,550,1548265937.94658,1653,0,48959,0,266727,0,1653,266900
pt2,551,1548265937.97995,21842,0,49182,0,267132,0,21842,267305
pt2,552,1548265938.01332,21484,0,49066,0,267690,0,21484,267863
pt2,553,1548265938.04669,25241,0,48851,0,267639,0,25241,267812
pt2,554,1548265938.08006,24866,0,49270,0,268714,0,24866,268887
pt2,555,1548265938.11343,27220,0,47927,0,268183,0,27220,268356
pt2,556,1548265938.14681,2809,0,47596,0,267718,0,2809,267891
pt2,557,1548265938.18017,26648,0,46892,0,267686,0,26648,267859
pt2,558,1548265938.21354,26488,0,46524,0,267068,0,26488,267241
pt2,559,1548265938.24691,1935,0,45926,0,266825,0,1935,266997
pt2,560,1548265938.28028,1125,0,45715,0,266632,0,1125,266803
pt2,561,1548265938.31364,1238,0,45267,0,267200,0,1238,267373
pt2,562,1548265938.34701,1459,0,44539,0,267173,0,1459,267346
pt2,563,1548265938.38039,178,0,44944,0,267064,0,178,267235
pt2,564,1548265938.41376,0,0,44985,0,267189,0,0,267361
pt2,565,1548265938.44710,0,0,45191,0,267316,0,0,267489
pt2,566,1548265938.48046,0,0,44371,0,266995,0,0,267161
