c_rgb@0.0,c_depth@0.0,ess_frac@0.0,c_rgb@0.05,c_depth@0.05,ess_frac@0.05,c_rgb@0.1,c_depth@0.1,ess_frac@0.1,c_rgb@0.25,c_depth@0.25,ess_frac@0.25,c_rgb@0.5,c_depth@0.5,ess_frac@0.5,c_rgb@0.75,c_depth@0.75,ess_frac@0.75,c_rgb@1.0,c_depth@1.0,ess_frac@1.0,sem_area_frac,depth_valid_frac,gtmc_area_frac,gtmc_recall,gtmc_missed_frac,_inter_px,_gtmc_px,_mask_px,_total_px,seq,frame,stem
1.0,1.0,0.8364483085863741,1.0097764839016554,1.0106564608859347,0.85246660175215,1.0195530896423197,1.0213130663132919,0.8677816502732052,1.0488827850253035,1.0532825935125185,0.9091128774975494,1.097765570050607,1.1065651870250368,0.9610176433085228,1.1466483550759106,1.1598477805375553,0.990790894424882,1.195531140101214,1.2131303740500738,1.0,0.16355169141362588,0.8537760376930237,0.021682944148778915,0.09142771355652304,0.01970052160322666,609.0,6661.0,50190.0,307200.0,balloon,0,1548266469.88217
1.0,1.0,0.8375399361022364,1.0096986701413353,1.0106549476406006,0.8534508625148068,1.0193972186433222,1.0213096792295424,0.8686619901257892,1.048493229067328,1.0532743060996856,0.90971081755911,1.0969864581346558,1.1065486121993713,0.9612634446761575,1.1454796872019837,1.159822918299057,0.9908451315547342,1.1939729162693116,1.2130972243987426,1.0,0.16246006389776357,0.8567578196525574,0.020761718973517418,0.21307619943555975,0.016337890177965164,1359.0,6378.0,49854.0,307200.0,balloon,1,1548266469.91552
1.0,1.0,0.8405407699540326,1.0094855385864268,1.0102856077451075,0.8561563533521939,1.0189710771728533,1.0205712154902151,0.8710826509261427,1.0474275715545267,1.0514280387255377,0.9113552345877739,1.0948551431090534,1.1028560774510752,0.9619402729180337,1.1422827146635801,1.1542841161766129,0.9909947650755523,1.1897102862181068,1.2057121549021503,1.0,0.1594592300459674,0.8525586128234863,0.09948893636465073,0.6937473415567843,0.03046875074505806,21203.0,30563.0,48882.0,307200.0,balloon,2,1548266469.94889
1.0,1.0,0.8418097883494386,1.0093958163897603,1.0101587807232664,0.8573003071273865,1.0187916327795206,1.0203175614465327,0.8721061310565328,1.0469792029743232,1.0507940465950476,0.9120509500142294,1.0939584059486465,1.1015880931900954,0.9622269928568866,1.1409376089229697,1.152382139785143,0.9910582802253624,1.187916811897293,1.2031761863801906,1.0,0.1581902116505614,0.8560253977775574,0.01751302182674408,0.03345724907063197,0.01692708395421505,180.0,5380.0,48561.0,307200.0,balloon,3,1548266469.98226
1.0,1.0,0.8406531586619835,1.0094774888273357,1.010207475943661,0.856257456221147,1.0189550988858371,1.0204148805966062,0.8711731591468568,1.0473878078301755,1.0510373084275892,0.9114168421625138,1.094775615660351,1.1020746168551783,0.9619656539471928,1.1421634234905265,1.1531119252827675,0.9910003845258062,1.189551231320702,1.2041492337103568,1.0,0.15934684133801646,0.8591048121452332,0.0189615897834301,0.1555364806866953,0.016012370586395264,906.0,5825.0,48865.0,307200.0,balloon,4,1548266470.01563
1.0,1.0,0.8434315408770132,1.0092816824824298,1.0099580534805994,0.8587625189553934,1.0185632440245829,1.0199161069611988,0.8734145032794904,1.0464081705315955,1.0497901960605258,0.9129403119556178,1.0928163410631908,1.0995803921210516,0.9625938368190858,1.1392245115947863,1.1493705881815774,0.9911396542835171,1.1856326821263816,1.1991607842421033,1.0,0.15656845912298684,0.8549251556396484,0.027451172471046448,0.035100201588995614,0.02648763172328472,296.0,8433.0,47996.0,307200.0,balloon,5,1548266470.04900
1.0,1.0,0.8437122779086383,1.0092619087207526,1.0099092092867987,0.8590156615365662,1.0185238174415052,1.0198183471208546,0.8736410207292172,1.046309543603763,1.049545903528508,0.913094297182124,1.0926190872075263,1.099091807057016,0.9626573887606277,1.1389286308112894,1.1486377105855239,0.9911537639644764,1.1852381744150526,1.1981836141140316,1.0,0.15628772209136169,0.8529101610183716,0.0823339894413948,0.7983236468588147,0.016604818403720856,20192.0,25293.0,47946.0,307200.0,balloon,6,1548266470.08237
1.0,1.0,0.8459005586883876,1.0091085905883623,1.0098302810086366,0.8609885104397776,1.0182171811767247,1.0196605620172732,0.875406356250508,1.0455430132208896,1.049151405043183,0.9142948815973455,1.091086026441779,1.0983028100863659,0.963153251620683,1.1366290396626686,1.1474542151295488,0.991263980394867,1.1821720528835582,1.1966056201727318,1.0,0.15409944131161235,0.8533138036727905,0.0018587240483611822,0.0,0.0018587240483611822,0.0,571.0,47236.0,307200.0,balloon,7,1548266470.11574
1.0,1.0,0.84587451956203,1.0091103860318955,1.0097770400819608,0.8609650607836511,1.018220772063791,1.0195541517879654,0.8753853326230859,1.045552111120977,1.0488854152819351,0.9142805922504004,1.0911042222419538,1.0977708305638703,0.9631473460771062,1.1366563333629305,1.1466562458458054,0.9912626664476062,1.1822084444839074,1.1955416611277405,1.0,0.15412548043797003,0.8489941358566284,0.0,,,0.0,0.0,47228.0,307200.0,balloon,8,1548266470.14910
1.0,1.0,0.8474608342740068,1.0089997646884457,1.0096072937248757,0.8623952490110925,1.017999529376891,1.019214658422475,0.8766652229011845,1.0449988835934432,1.0480366105698258,0.9151512441015595,1.0899977671868866,1.0960732211396516,0.9635073376343102,1.1349966507803297,1.1441098317094773,0.9913428198828849,1.179995534373773,1.192146442279303,1.0,0.15253916572599324,0.8543522357940674,0.0010286459000781178,0.0,0.0010286459000781178,0.0,316.0,46803.0,307200.0,balloon,9,1548266470.18247
1.0,1.0,0.8460694555095537,1.0090967548355227,1.0097953128916843,0.8611407620611479,1.018193630269678,1.019590696998701,0.875542741600542,1.0454840153748783,1.0489767781044188,0.9143875680172697,1.090968030749757,1.0979535562088376,0.9631915595487963,1.1364520461246352,1.1469303343132564,0.9912725044394343,1.1819360614995138,1.195907112417675,1.0,0.15393054449044627,0.8541276454925537,0.0,,,0.0,0.0,47154.0,307200.0,balloon,10,1548266470.21584
1.0,1.0,0.8458003749257007,1.0091156039678892,1.0098203162927883,0.860898258965827,1.0182312079357785,1.0196407041476216,0.8753255790945633,1.0455780198394464,1.0491018677121213,0.914239904726657,1.0911560396788929,1.0982037354242427,0.9631305311157035,1.1367340595183393,1.147305603136364,0.9912589253943896,1.1823120793577857,1.1964074708484853,1.0,0.1541996250742993,0.8503450751304626,0.0002994791720993817,0.0,0.0002994791720993817,0.0,92.0,47230.0,307200.0,balloon,11,1548266470.24921
1.0,1.0,0.8462377602278442,1.009084953067589,1.0097371971909235,0.8612923950800975,1.0181700267468428,1.0194743943818472,0.8756782978116084,1.0454252477846049,1.0486859142125127,0.9144799326901885,1.0908504955692098,1.0973718284250256,0.9632297383055369,1.1362757433538149,1.1460577426375382,0.9912810010605694,1.1817009911384198,1.194743656850051,1.0,0.1537622397721557,0.84703129529953,0.0,,,0.0,0.0,47125.0,307200.0,balloon,12,1548266470.28258
1.0,1.0,0.8464494373210995,1.009070370284585,1.0097488641375254,0.8614835865836595,1.0181404992974166,1.019497728275051,0.8758491183866677,1.0453513688794183,1.0487444642496186,0.9145961043865447,1.0907027377588363,1.0974889284992373,0.9632777630445203,1.1360541066382546,1.1462333927488562,0.9912916907582324,1.1814054755176726,1.1949778569984748,1.0,0.15355056267890052,0.8467382788658142,0.0,,,0.0,0.0,47042.0,307200.0,balloon,13,1548266470.31595
1.0,1.0,0.845052125833132,1.0091679235772608,1.010001519007658,0.8602235506301668,1.0183358471545219,1.0200031813179253,0.8747217990611724,1.0458397385883462,1.0500080249461181,0.913829331016187,1.0916794771766924,1.1000160498922364,0.9629608943775616,1.1375192157650384,1.1500240748383546,0.9912211983076386,1.1833589543533847,1.200032099784473,1.0,0.15494787416686795,0.8518587350845337,0.0,,,0.0,0.0,47484.0,307200.0,balloon,14,1548266470.34932
1.0,1.0,0.845451518554305,1.0091399966795238,1.0099884898710865,0.8605836672020813,1.0182799933590476,1.0199769078038674,0.8750441387024506,1.0456999833976193,1.0499424493554328,0.9140484750031358,1.0913999667952385,1.0998848987108656,0.9630514287320858,1.1370999501928578,1.1498273480662984,0.9912413298415078,1.182799933590477,1.1997697974217312,1.0,0.15454848144569502,0.8482747673988342,0.0,,,0.0,0.0,47395.0,307200.0,balloon,15,1548266470.38269
1.0,1.0,0.8468115658246851,1.0090450131031294,1.0099101352836652,0.8618099035812692,1.0180900262062587,1.0198203421247871,0.8761414077326954,1.0452250655156468,1.0495509626481525,0.9147948578108291,1.0904501310312933,1.099101925296305,0.9633599405454982,1.13567519654694,1.1486528879444577,0.991309987254476,1.1809002620625868,1.1982038505926103,1.0,0.1531884341753149,0.8516764640808105,0.004404297098517418,0.009608277900960829,0.0043619791977107525,13.0,1353.0,46961.0,307200.0,balloon,16,1548266470.41606
1.0,1.0,0.8491099715844139,1.008885211676642,1.0097094362987231,0.8638822455192264,1.0177704233532843,1.0194188725974462,0.87799589840995,1.0444259381779577,1.0485473250839716,0.9160566742661093,1.0888518763559152,1.0970946501679433,0.9638820659991412,1.1332778145338729,1.145641975251915,0.9914263783874014,1.1777037527118306,1.1941893003358865,1.0,0.1508900284155861,0.8460124135017395,0.0025976563338190317,0.0,0.0025976563338190317,0.0,798.0,46241.0,307200.0,balloon,17,1548266470.44942
1.0,1.0,0.8502883280241771,1.0088036066965864,1.0096847614747375,0.8649446891533535,1.0176072133931728,1.0193694509588005,0.8789467544925408,1.0440179134070056,1.048423807373688,0.9167038155719219,1.0880358268140111,1.096847614747376,0.9641501189650904,1.1320537402210165,1.145271422121064,0.9914862271615438,1.176071653628022,1.1936952294947523,1.0,0.1497116719758229,0.8433659076690674,0.019635416567325592,0.10626657824933687,0.017548829317092896,641.0,6032.0,45849.0,307200.0,balloon,18,1548266470.48279
1.0,1.0,0.8509320416850139,1.0087590749493067,1.0095678815779896,0.8655250370552936,1.0175181498986134,1.0191356920763883,0.8794659867366487,1.0437954945320316,1.0478394078899482,0.9170574014778329,1.0875909890640632,1.0956788157798967,0.9642966560269984,1.1313864835960947,1.143518223669845,0.9915189719453488,1.1751819781281263,1.1913576315597934,1.0,0.14906795831498607,0.8525032997131348,0.025328775867819786,0.3616501734995502,0.01616862043738365,2814.0,7781.0,45714.0,307200.0,balloon,19,1548266470.51616
1.0,1.0,0.8505564284057763,1.0087850234449707,1.0095024956966832,0.8651863692676857,1.0175700468899411,1.0190049913933663,0.8791628978667388,1.0439252372339158,1.0475124784834158,0.9168510750418819,1.087850474467832,1.0950249569668316,0.9642111412139523,1.1317757117017477,1.1425374354502473,0.991499860704302,1.1757009489356636,1.190049913933663,1.0,0.14944357159422372,0.852942705154419,0.021041667088866234,0.0719368811881188,0.019527995958924294,465.0,6464.0,45763.0,307200.0,balloon,20,1548266470.54953
1.0,1.0,0.8517902863413105,1.0086999185277485,1.0094196432664888,0.866298896509763,1.0173997172433624,1.0188392865329776,0.8801584826532919,1.0434994728266078,1.0470983596035173,0.9175288984274461,1.0869989456532159,1.0941967192070348,0.9644921445774135,1.1304984184798237,1.141295078810552,0.9915626850857284,1.1739978913064315,1.1883934384140695,1.0,0.1482097136586895,0.8437825441360474,0.025677083060145378,0.3769016227180527,0.01599934883415699,2973.0,7888.0,45424.0,307200.0,balloon,21,1548266470.58290
1.0,1.0,0.8564082317202494,1.0083834668109393,1.0090507607910422,0.8704629495413825,1.0167666954957975,1.0181013804858225,0.8838851914881937,1.0419168578025344,1.0452535217626873,0.9200672626390716,1.0838337156050688,1.0905070435253748,0.9655462508345929,1.1257505734076032,1.135760565288062,0.9917989769918668,1.1676674312101376,1.1810140870507495,1.0,0.1435917682797506,0.8514681458473206,0.018395183607935905,0.0014156786409485046,0.018369141966104507,8.0,5651.0,44033.0,307200.0,balloon,22,1548266470.61627
1.0,1.0,0.8550511680152557,1.0084760326286204,1.0092102197749875,0.8692390647108698,1.0169520652572406,1.0184204395499747,0.8827901199753488,1.0423801631431016,1.046051169729867,0.9193210784727153,1.0847603262862031,1.092102339459734,0.9652360920924286,1.1271404894293047,1.138153509189601,0.9917293489662051,1.1695206525724062,1.184204678919468,1.0,0.1449488319847443,0.8500716090202332,0.014404296875,0.03389830508474576,0.013916015625,150.0,4425.0,44398.0,307200.0,balloon,23,1548266470.64963
1.0,1.0,0.853671782221946,1.0085705437244434,1.0092615553325754,0.8679954170421497,1.0171409676900143,1.018523038746381,0.8816767800964604,1.0428525988633446,1.0463076328253376,0.9185628261358854,1.0857051977266892,1.092615265650675,0.9649211648085395,1.1285577965900337,1.1389228984760125,0.9916587371668297,1.1714103954533783,1.18523053130135,1.0,0.14632821777805405,0.8382226824760437,0.017558593302965164,0.024100852799406748,0.017135417088866234,130.0,5394.0,44776.0,307200.0,balloon,24,1548266470.68300
1.0,1.0,0.8543023407872369,1.008527336843797,1.0092028176952546,0.868564013704428,1.0170545540996656,1.0184054921916528,0.882185794291149,1.0426364450431282,1.04601380207856,0.9189094202050563,1.0852728900862565,1.09202760415712,0.9650650857483847,1.1279093351293845,1.13804140623568,0.9916909957099481,1.1705457801725128,1.1840552083142402,1.0,0.14569765921276318,0.8411263227462769,0.012249349616467953,0.0,0.012249349616467953,0.0,3763.0,44602.0,307200.0,balloon,25,1548266470.71637
1.0,1.0,0.8566790382865633,1.0083649158732828,1.008958558336865,0.8707069291273436,1.0167298317465654,1.0179173302846778,0.8841038921400048,1.0418245793664136,1.0447933613135194,0.920216190108433,1.083649158732827,1.0895867226270386,0.9656081828572817,1.1254737380992406,1.134380083940558,0.9918128903334757,1.167298317465654,1.1791734452540774,1.0,0.14332096171343664,0.8423144817352295,0.015400391072034836,0.0,0.015400391072034836,0.0,4731.0,43840.0,307200.0,balloon,26,1548266470.74974
1.0,1.0,0.8548860951434799,1.0084873239651981,1.0092775527840272,0.8690902441603252,1.0169746479303965,1.0185549632470148,0.8826568807034023,1.0424366198259911,1.0463875504385765,0.919230326500153,1.0848732396519825,1.0927751008771531,0.9651983866221182,1.1273098594779736,1.1391626513157296,0.9917208901775424,1.169746479303965,1.185550201754306,1.0,0.14511390485652007,0.8473828434944153,0.014622395858168602,0.0,0.014622395858168602,0.0,4492.0,44413.0,307200.0,balloon,27,1548266470.78311
1.0,1.0,0.8542003878136271,1.0085342984507846,1.0094094720846465,0.8684719682507075,1.0170684772747283,1.0188189441692932,0.8821033332780739,1.042671372627082,1.0470474322101646,0.9188533775857818,1.085342745254164,1.0940948644203292,0.9650418108682172,1.128014117881246,1.1411422966304936,0.9916857776211268,1.170685490508328,1.1881897288406582,1.0,0.14579961218637288,0.8418587446212769,0.021057942882180214,0.0,0.021057942882180214,0.0,6469.0,44627.0,307200.0,balloon,28,1548266470.81648
1.0,1.0,0.854133685711669,1.0085388935267448,1.0093118701250183,0.8684119330397198,1.0170776673840451,1.0186237402500364,0.882049646260712,1.0426942282948348,1.0465594930018953,0.91881671266363,1.0853884565896696,1.0931189860037906,0.9650265844170653,1.1280826848845047,1.139678479005686,0.9916823642007718,1.1707769131793395,1.1862379720075813,1.0,0.14586631428833097,0.8475423455238342,0.014589844271540642,0.0,0.014589844271540642,0.0,4482.0,44646.0,307200.0,balloon,29,1548266470.84985
1.0,1.0,0.8589442048869724,1.0082109987069294,1.0092074817906984,0.8727494291140943,1.0164219974138586,1.0184151052218884,0.8859320861404416,1.0410549935346467,1.046037692234475,0.9214622073908703,1.0821099870692934,1.0920753844689501,0.966126718571776,1.12316498060394,1.138113076703425,0.9919295137658095,1.1642199741385868,1.1841507689379003,1.0,0.14105579511302757,0.85044926404953,0.014576823450624943,0.0,0.014576823450624943,0.0,4478.0,43185.0,307200.0,balloon,30,1548266470.88322
1.0,1.0,0.8572082349941487,1.0083289796821135,1.0093634677930692,0.8711842995800182,1.0166577210256567,1.0187270781350497,0.8845309582187021,1.0416444217334269,1.0468176240631686,0.9205072396929539,1.0832888434668537,1.0936352481263372,0.9657292445419551,1.1249332652002806,1.1404528721895058,0.9918400971657355,1.1665776869337074,1.1872704962526741,1.0,0.1427917650058513,0.8472558856010437,0.09385091066360474,0.7786063612084215,0.020777994766831398,22448.0,28831.0,43726.0,307200.0,balloon,31,1548266470.91659
1.0,1.0,0.8562980929530135,1.0083909286638646,1.0094691939221307,0.8703634351718689,1.0167817380333413,1.0189383878442615,0.8837963732977037,1.0419544047305473,1.0473459696106537,0.9200066951578406,1.0839088094610947,1.0946919392213073,0.965521066374265,1.125863214191642,1.142037908831961,0.9917933201384735,1.1678176189221896,1.1893838784426147,1.0,0.14370190704698646,0.845445990562439,0.13479818403720856,0.5516058922965468,0.06044270843267441,22842.0,41410.0,44005.0,307200.0,balloon,32,1548266470.94997
1.0,1.0,0.8612584252050787,1.0080545133807035,1.0091769424855321,0.8748361036799415,1.0161091452502105,1.0183538849710643,0.8877999773575292,1.0402729223699276,1.0458848536048755,0.9227357781796922,1.0805458447398555,1.091769707209751,0.9666574098461481,1.1208187671097831,1.1376545608146265,0.9920491137783637,1.161091689479711,1.183539414419502,1.0,0.13874157479492136,0.8527994751930237,0.09455078095197678,0.7796254217448185,0.020836589857935905,22645.0,29046.0,42502.0,307200.0,balloon,33,1548266470.98334
1.0,1.0,0.8636614637621018,1.007892983342224,1.0089592055636263,0.8770028969833417,1.0157860849119063,1.0179184816200024,0.8897398357127816,1.039465271393495,1.044796168803631,0.9240588330570182,1.07893054278699,1.0895923376072618,0.9672094537475205,1.118395814180485,1.1343885064108927,0.9921737848234645,1.1578610855739802,1.1791846752145236,1.0,0.1363385362378981,0.850817084312439,0.08822266012430191,0.8033724448380193,0.017347006127238274,21773.0,27102.0,41762.0,307200.0,balloon,34,1548266471.01671
1.0,1.0,0.861381642354248,1.0080462325909518,1.009068760151597,0.8749471935708129,1.0160925837075583,1.0181375203031944,0.8878994944416783,1.0402314000060686,1.0453438007579858,0.9228036035999143,1.080462800012137,1.0906876015159719,0.9666856918458376,1.1206942000182056,1.1360314022739577,0.9920554944532678,1.160925600024274,1.1813752030319438,1.0,0.138618357645752,0.8523437976837158,0.08495442569255829,0.8642807877998314,0.011529948562383652,22556.0,26098.0,42469.0,307200.0,balloon,35,1548266471.05008
1.0,1.0,0.8610073164358505,1.0080714684036023,1.0091089041435368,0.874609658452576,1.016143055355341,1.0182178786902532,0.8875973440031715,1.0403575791142843,1.045544661524043,0.9225975592764507,1.0807151582285683,1.091089323048086,0.9665997810862104,1.1210727373428526,1.136633984572129,0.9920361143535651,1.1614303164571367,1.1821786460961718,1.0,0.13899268356414946,0.8540624976158142,0.1316438764333725,0.559778442669568,0.05795247480273247,22638.0,40441.0,42607.0,307200.0,balloon,36,1548266471.08345
1.0,1.0,0.8594583825940417,1.0081761972708723,1.0092825271276402,0.8732130257343714,1.0163523945417443,1.018564983492446,0.8863472806961227,1.0408808676057622,1.0464124941125321,0.9217451220355409,1.0817617352115245,1.0928249882250642,0.9662445478200515,1.1226426028172867,1.1392374823375964,0.9919560473770873,1.163523470423049,1.1856499764501287,1.0,0.1405416174059583,0.8522168397903442,0.13555338978767395,0.552759233466212,0.06062500178813934,23018.0,41642.0,43076.0,307200.0,balloon,37,1548266471.11681
1.0,1.0,0.856837215987039,1.0083540936798325,1.0094907417981491,0.8708494853669808,1.016708187359665,1.018981483596298,0.8842313326192801,1.0417707066586865,1.0474535662406241,0.9203031820933122,1.083541413317373,1.0949071324812483,0.9656443632226583,1.1253121199760596,1.1423606987218726,0.991821019992204,1.1670828266347462,1.1898142649624968,1.0,0.14316278401296106,0.8478743433952332,0.1397363245487213,0.5554080182635637,0.06212565302848816,23842.0,42927.0,43886.0,307200.0,balloon,38,1548266471.15018
1.0,1.0,0.8479562571332333,1.008965329895794,1.0101059885121535,0.8628420402205559,1.017930659791588,1.020211977024307,0.8770650560043617,1.0448265289594052,1.0505299425607673,0.9154232155567286,1.0896530579188104,1.1010598851215345,0.9636198596961846,1.1344795868782154,1.1515898276823016,0.991367897276897,1.1793061158376206,1.2021197702430688,1.0,0.15204374286676672,0.8495410084724426,0.10042643547058105,0.7915788791287154,0.02093099057674408,24421.0,30851.0,46553.0,307200.0,balloon,39,1548266471.18355
1.0,1.0,0.8455993359954513,1.0091296585411096,1.010245762262463,0.8607169810560714,1.0182593170822192,1.0204915245249262,0.8751634052530105,1.0456482927055477,1.051228667210794,0.9141295859463088,1.0912965854110954,1.102457334421588,0.9630849433118073,1.1369448781166431,1.153686001632382,0.9912487841415469,1.182593170822191,1.204914668843176,1.0,0.1544006640045487,0.8505827188491821,0.10074544697999954,0.8029015477075189,0.01985677145421505,24849.0,30949.0,47291.0,307200.0,balloon,40,1548266471.21691
1.0,1.0,0.8500084977317592,1.008822917307515,1.0098867641794333,0.864692304035107,1.0176458346150297,1.0197736717824917,0.8787208015275271,1.044114706696607,1.0494341077444167,0.9165501217003784,1.0882294133932142,1.0988682154888336,0.9640864405734721,1.1323441200898212,1.1483023232332503,0.991472003730088,1.1764588267864284,1.1977364309776672,1.0,0.1499915022682407,0.8495117425918579,0.009173177182674408,0.029098651525904896,0.008906249888241291,82.0,2818.0,45944.0,307200.0,balloon,41,1548266471.25028
1.0,1.0,0.8477869042829151,1.0089771208005525,1.010022656314757,0.8626893816932302,1.017954121024343,1.020045312629514,0.8769281940653586,1.0448854231376197,1.050113281573785,0.9153302431252109,1.0897708462752391,1.10022656314757,0.963581390756698,1.1346562694128588,1.1503398447213549,0.9913593225596683,1.1795416925504782,1.20045312629514,1.0,0.15221309571708488,0.8485937714576721,0.00985026080161333,0.0,0.00985026080161333,0.0,3026.0,46579.0,307200.0,balloon,42,1548266471.28365
1.0,1.0,0.8465442739888887,1.0090636683076828,1.0101376330426974,0.8615689333675729,1.0181272160469772,1.0202751229055655,0.8759255965397621,1.0453182812542199,1.050687950443743,0.9146481538609738,1.0906365625084398,1.101375900887486,0.9632992819596085,1.1359548437626596,1.1520638513312287,0.9912964812710412,1.1812731250168795,1.2027518017749717,1.0,0.15345572601111138,0.8545215129852295,0.0024218750186264515,0.0,0.0024218750186264515,0.0,744.0,47023.0,307200.0,balloon,43,1548266471.31702
1.0,1.0,0.8473256745052539,1.0090092120793668,1.0100275155602854,0.8622735068141978,1.0180183036196442,1.0200548871504982,0.8765560615827133,1.0450459398577445,1.050137289861282,0.9150770504289355,1.0900918797154893,1.100274579722564,0.9634766473721891,1.1351378195732338,1.150411869583846,0.9913359820295327,1.1801837594309783,1.2005491594451279,1.0,0.15267432549474613,0.8482747673988342,0.000924479216337204,0.0,0.000924479216337204,0.0,284.0,46747.0,307200.0,balloon,44,1548266471.35039
1.0,1.0,0.8496840096463653,1.0088454053887748,1.0099529085013847,0.8643997906469711,1.0176908107775495,1.0199057452432019,0.8784590108900208,1.044227026943874,1.0497643989877883,0.9163719108639516,1.0884540538877479,1.0995287979755766,0.9640126173535359,1.132681080831622,1.1492931969633646,0.9914555188486297,1.176908107775496,1.199057595951153,1.0,0.15031599035363472,0.8498828411102295,0.0004134114715270698,0.0,0.0004134114715270698,0.0,127.0,46068.0,307200.0,balloon,45,1548266471.38376
1.0,1.0,0.8492156785914867,1.0088778818720825,1.0100111144313106,0.8639775954011331,1.0177556435860562,1.0200221575797115,0.8780810466436225,1.044389289202304,1.0500554295907334,0.916114721183017,1.088778578404608,1.100110859181467,0.963906102119335,1.133167867606912,1.1501662887722004,0.9914317423611246,1.1775571568092158,1.2002217183629338,1.0,0.15078432140851325,0.856396496295929,0.0,,,0.0,0.0,46215.0,307200.0,balloon,46,1548266471.41713
1.0,1.0,0.8483377646543896,1.008938824493112,1.0099901693455797,0.8631859962650541,1.0178775286652653,1.019980266934558,0.8773727066900255,1.0446939419841215,1.0499506314580942,0.915632669758882,1.089387883968243,1.0999012629161884,0.9637065390037661,1.1340818259523644,1.1498518943742824,0.991387222946309,1.1787757679364859,1.1998025258323766,1.0,0.15166223534561038,0.8504459857940674,0.0005794271128252149,0.0,0.0005794271128252149,0.0,178.0,46486.0,307200.0,balloon,47,1548266471.45049
1.0,1.0,0.8490496944570687,1.0088893921773252,1.0100468128811482,0.8638279084358789,1.0177786640146949,1.0200934827960089,0.8779470970010712,1.0444468405466707,1.050233778473166,0.9160235748269377,1.0888936810933414,1.1004675569463316,0.963868360819608,1.133340521640012,1.1507013354194975,0.9914233201294733,1.1777873621866828,1.2009351138926632,1.0,0.15095030554293132,0.8545052409172058,0.0016276042442768812,0.0,0.0016276042442768812,0.0,500.0,46195.0,307200.0,balloon,48,1548266471.48386
1.0,1.0,0.8493372669326094,1.0088694290791873,1.0099758354950878,0.8640871776376676,1.0177388581583746,1.0199515272565036,0.8781792611832362,1.0443471453959363,1.049879033741767,0.9161814905558899,1.0886942907918729,1.0997580674835339,0.9639337518823132,1.1330414361878092,1.1496371012253008,0.9914379134061917,1.1773885815837455,1.1995161349670678,1.0,0.15066273306739067,0.8489388227462769,0.008483072742819786,0.0,0.008483072742819786,0.0,2606.0,46191.0,307200.0,balloon,49,1548266471.51724
1.0,1.0,0.8494097350424279,1.0088644306261323,1.010066219687605,0.8641524896743933,1.0177288612522648,1.0201324393752096,0.8782378552420946,1.0443220329203227,1.050331098438024,0.9162212866837717,1.0886440658406453,1.1006621968760484,0.9639502327322195,1.132966098760968,1.1509932953140725,0.9914415920297122,1.1772881316812907,1.2013243937520965,1.0,0.15059026495757216,0.8509733080863953,0.04159179702401161,0.0020349064725678954,0.041507162153720856,26.0,12777.0,46161.0,307200.0,balloon,50,1548266471.55062
1.0,1.0,0.8503224709252888,1.008801269625151,1.0099591337645204,0.8649755606023433,1.0176024190570696,1.0199182675290408,0.8789742074888621,1.0440061077392904,1.049795668822602,0.9167225687979076,1.0880122154785805,1.0995913376452038,0.9641578895072688,1.1320183232178709,1.1493870064678058,0.9914879630652966,1.1760244309571612,1.1991826752904078,1.0,0.1496775290747112,0.8491829633712769,0.09786458313465118,0.8210151676423629,0.017516275867819786,24683.0,30064.0,45858.0,307200.0,balloon,51,1548266471.58399
1.0,1.0,0.848355452594105,1.0089375595419465,1.0101862128570633,0.8632019384114085,1.0178751190838928,1.0203723533050957,0.87738702530261,1.0446877977097322,1.0509307746491927,0.9156423811359518,1.0893755954194646,1.1018615492983854,0.9637105583748693,1.1340633931291968,1.1527923239475781,0.9913881192527789,1.1787511908389292,1.2037230985967708,1.0,0.15164454740589497,0.8455371260643005,0.08669596910476685,0.9264070889497992,0.0063802083022892475,24673.0,26633.0,46409.0,307200.0,balloon,52,1548266471.61736
1.0,1.0,0.8460602691345509,1.0090975172096583,1.0102795615716893,0.8611326752103442,1.018194792846348,1.0205589787715692,0.8755350802207464,1.0454872236888386,1.0513975191148275,0.9143825266783486,1.090974447377677,1.1027950382296552,0.9631894758306332,1.1364616710665156,1.1541925573444827,0.9912720407491845,1.1819488947553543,1.2055900764593102,1.0,0.15393973086544907,0.8494661450386047,0.08688802272081375,0.9299040911134422,0.006090494804084301,24821.0,26692.0,47191.0,307200.0,balloon,53,1548266471.65073
1.0,1.0,0.8493533546868317,1.0088683861010095,1.0101275199347632,0.8641017461041677,1.0177365319412304,1.0202548950789745,0.878192042532467,1.0443415701138643,1.0506373100927122,0.9161903251546861,1.0886831402277288,1.1012746201854247,0.9639374105119786,1.1330247103415931,1.1519119302781369,0.9914387300130542,1.1773662804554577,1.202549240370849,1.0,0.15064664531316832,0.8448730707168579,0.01800130307674408,0.025497287522603978,0.017542317509651184,141.0,5530.0,46192.0,307200.0,balloon,54,1548266471.68410
1.0,1.0,0.8481372088777612,1.0089526293333744,1.0100145658212778,0.8630050049919946,1.0179054989026026,1.0200291316425556,0.87721103496713,1.0447636271385796,1.0500728291063892,0.9155225591595911,1.0895272542771592,1.1001456582127782,0.9636609690514008,1.1342908814157386,1.1502184873191674,0.9913770620119651,1.1790545085543183,1.2002913164255564,1.0,0.15186279112223874,0.8664290308952332,0.09518880397081375,0.8321250256480405,0.015979818999767303,24333.0,29242.0,46583.0,307200.0,balloon,55,1548266471.71747
1.0,1.0,0.8386632047332009,1.0096186880714604,1.0109207718669462,0.8544635357643391,1.0192373761429208,1.0218415437338926,0.8695681125618605,1.048093440357302,1.0546038593347313,0.9103262326577477,1.0961868807146036,1.1092077186694624,0.9615166002728253,1.1442803210719055,1.1638115780041938,0.9909010498794344,1.1923737614292071,1.2184154373389249,1.0,0.16133679526679917,0.8587369918823242,0.014723307453095913,0.09949148795047535,0.013258463703095913,450.0,4523.0,49286.0,307200.0,balloon,56,1548266471.75084
1.0,1.0,0.8395904101467173,1.009552847907425,1.0107382733123917,0.8552994706928411,1.0191056958148499,1.0214766194468783,0.8703159919287833,1.0477642395371247,1.0536914393840533,0.9108343382145304,1.0955284790742497,1.1073828787681066,0.9617257433017213,1.1432927186113744,1.1610743181521597,0.9909472910873393,1.1910569581484993,1.214765757536213,1.0,0.1604095898532827,0.8484538197517395,0.007014974020421505,0.03619489559164733,0.006761068012565374,78.0,2155.0,49052.0,307200.0,balloon,57,1548266471.78421
1.0,1.0,0.8371203209953995,1.0097285825666766,1.0109711931114767,0.8530726236872966,1.0194571651333533,1.021942386222953,0.8683236722358068,1.0486428518456357,1.0548559655573828,0.9094809566634691,1.0972857036912713,1.1097119311147656,0.9611689340374732,1.1459285555369068,1.1645678966721484,0.9908242707489184,1.1945714073825424,1.2194238622295313,1.0,0.1628796790046006,0.8592969179153442,0.03667968884110451,0.049609513667021654,0.034860026091337204,559.0,11268.0,49856.0,307200.0,balloon,58,1548266471.81757
1.0,1.0,0.837383110320308,1.009709789605459,1.0109118357487923,0.853309405900891,1.0194196402415445,1.0218238152749022,0.8685355724258413,1.0485491311191748,1.0545594662985966,0.9096249076077876,1.0970982622383494,1.1091189325971935,0.9612281187277028,1.1456473933575242,1.1636783988957902,0.9908373332872104,1.194196524476699,1.218237865194387,1.0,0.162616889679692,0.8619270920753479,0.37708333134651184,0.3831146408839779,0.23261719942092896,44380.0,115840.0,49728.0,307200.0,balloon,59,1548266471.85094
1.0,1.0,0.8304737197251102,1.010206613464967,1.011644670606002,0.8470805211410559,1.020413226929934,1.0232891941926165,0.8629634668046493,1.0510330056955335,1.0582232060106231,0.9058427492241544,1.102066011391067,1.116446412021246,0.959676271021883,1.1530990170866005,1.1746696180318692,0.9904959078568786,1.204132022782134,1.2328928240424921,1.0,0.16952628027488978,0.8530598878860474,0.3551725447177887,0.4213951186428251,0.20550456643104553,45978.0,109109.0,51793.0,307200.0,balloon,60,1548266471.88431
1.0,1.0,0.8259984220364895,1.010532865219752,1.0120197210220023,0.8430463373739405,1.021065606582457,1.0240394420440047,0.8593549990752835,1.0526640164561427,1.0600986051100119,0.9033960010432226,1.1053280329122854,1.1201972102200237,0.9586758986620211,1.1579920493684281,1.1802958153300354,0.9902770168970838,1.2106560658245709,1.2403944204400472,1.0,0.1740015779635104,0.8513216376304626,0.008502604439854622,0.0,0.008502604439854622,0.0,2612.0,53163.0,307200.0,balloon,61,1548266471.91768
1.0,1.0,0.8251684848960942,1.0105937602884536,1.01192423749894,0.8422982263437776,1.0211873346409999,1.023848327774166,0.8586857624746864,1.0529684295704533,1.0596208930472717,0.9029425183493277,1.1059368591409067,1.1192417860945436,0.9584907984432102,1.15890528871136,1.1788626791418153,0.9902366198608623,1.2118737182818133,1.238483572189087,1.0,0.17483151510390585,0.8557389378547668,0.3529394567012787,0.44424153546756684,0.1961490958929062,48166.0,108423.0,53418.0,307200.0,balloon,62,1548266471.95106
1.0,1.0,0.8238170357327538,1.01069306335762,1.0120930886907151,0.8410797548663893,1.0213861267152402,1.0241861027078434,0.8575962348945677,1.0534654409369364,1.0604652941064021,0.9022042557467381,1.1069308818738728,1.1209305882128042,0.9581896668317491,1.1603963228108092,1.1813958823192063,0.9901709699418859,1.2138617637477453,1.2418611764256084,1.0,0.17618296426724617,0.8458724021911621,0.00043294273200444877,0.0,0.00043294273200444877,0.0,133.0,53869.0,307200.0,balloon,63,1548266471.98443
1.0,1.0,0.8232029182930344,1.0107384155485635,1.0119724826219787,0.8405263700669973,1.0214767067897674,1.0239448167646235,0.8571012346351811,1.0536918291280983,1.0598621161512256,0.9018688517508165,1.1073836582561964,1.1197242323024512,0.9580529437498674,1.1610754873842948,1.1795863484536768,0.9901411916618826,1.214767316512393,1.2394484646049024,1.0,0.17679708170696565,0.8491634130477905,0.0004915364552289248,0.0,0.0004915364552289248,0.0,151.0,53995.0,307200.0,balloon,64,1548266472.01780
1.0,1.0,0.8209441323958784,1.0109055092601822,1.0122885154807555,0.8384902130455335,1.0218109562209685,1.0245768830185107,0.8552803164391711,1.0545274217021192,1.0614425034322776,0.900635595666993,1.1090548434042384,1.1228850068645553,0.9575506848093371,1.1635822651063574,1.184327510296833,0.9900319548303881,1.2181096868084766,1.2457700137291106,1.0,0.17905586760412165,0.8565885424613953,0.0057486980222165585,0.1710079275198188,0.004765625111758709,302.0,1766.0,54722.0,307200.0,balloon,65,1548266472.05117
1.0,1.0,0.8204546793097356,1.01094184323766,1.0122409390258964,0.8380489746485873,1.0218836241620106,1.0244817296183002,0.8548857638779269,1.0547090915616812,1.061204472479243,0.9003684450769063,1.1094181831233625,1.1224089449584862,0.9574419804174589,1.1641272746850435,1.183613417437729,0.990008344808935,1.2188363662467248,1.2448178899169722,1.0,0.17954532069026444,0.8531054854393005,0.008463541977107525,0.0,0.008463541977107525,0.0,2600.0,54878.0,307200.0,balloon,66,1548266472.08453
1.0,1.0,0.8209259817345615,1.010906868368654,1.0119683735368161,0.8384738328975422,1.021813612041068,1.0239366729958705,0.8552656204846824,1.0545341547989098,1.0598417936063187,0.900625688250684,1.1090683095978198,1.1196835872126376,0.957546652839427,1.1636024643967295,1.1795253808189563,0.9900310789025942,1.2181366191956393,1.239367174425275,1.0,0.17907401826543848,0.8509635329246521,0.007164713926613331,0.09177646524307133,0.0065071615390479565,202.0,2201.0,54677.0,307200.0,balloon,67,1548266472.11790
1.0,1.0,0.822207400723202,1.0108119070152137,1.0123663074000662,0.8396288124700027,1.0216238140304277,1.0247326148001321,0.8562987421540101,1.054059535076069,1.0618316107414225,0.9013252408082139,1.1081190701521382,1.1236632214828448,0.9578314617532568,1.1621786052282073,1.1854948322242673,0.9900929911973929,1.2162381403042763,1.2473264429656898,1.0,0.17779259927679802,0.860338568687439,0.009804687462747097,0.08930942895086322,0.008929036557674408,269.0,3012.0,54382.0,307200.0,balloon,68,1548266472.15127
1.0,1.0,0.8154694903274783,1.011314384926208,1.0128672317559821,0.8335553463715638,1.0226286444581765,1.0257344635119645,0.8508675430738237,1.0565718619339202,1.0643362330972619,0.8976491330871592,1.1131437238678406,1.1286724661945235,0.9563374446356252,1.1697155858017607,1.1930086992917854,0.9897691004750805,1.2262874477356809,1.257344932389047,1.0,0.18453050967252166,0.8605241179466248,0.008251952938735485,0.0,0.008251952938735485,0.0,2535.0,56419.0,307200.0,balloon,69,1548266472.18464
1.0,1.0,0.8186045750564519,1.011079563626115,1.0122296755278115,0.83638121974842,1.02215900232269,1.0244594250036678,0.853394433168035,1.0553977556658045,1.0611485255351472,0.8993588962876032,1.110795511331609,1.1222970510702943,0.9570315021114686,1.1661932669974135,1.1834455766054417,0.9899192949237258,1.2215910226632178,1.2445941021405889,1.0,0.18139542494354813,0.8560514450073242,0.019228516146540642,0.010834603013373963,0.019020183011889458,64.0,5907.0,55455.0,307200.0,balloon,70,1548266472.21800
1.0,1.0,0.8176581862852401,1.0111501720155993,1.0123569536000454,0.8355280718500848,1.0223004064642702,1.024713907200091,0.8526315725347605,1.0557512346764268,1.061784915989468,0.8988426416910303,1.1115024693528537,1.1235698319789358,0.956821785349215,1.1672537040292805,1.1853547479684037,0.9898738621855596,1.2230049387057076,1.2471396639578716,1.0,0.1823418137147599,0.857262372970581,0.01158854179084301,0.06910112359550562,0.010787760838866234,246.0,3560.0,55811.0,307200.0,balloon,71,1548266472.25137
1.0,1.0,0.8170659132971035,1.0111946234192413,1.0123962402631368,0.8349944465469119,1.0223891217784538,1.0247924805262736,0.8521543319792704,1.0559728669761486,1.0619813485761678,0.8985196132763139,1.1119457339522971,1.1239626971523358,0.9566906280398234,1.1679186009284457,1.1859440457285035,0.9898454703855301,1.2238914679045942,1.2479253943046713,1.0,0.18293408670289643,0.862047553062439,0.010934244841337204,0.054182792497767196,0.010341797024011612,182.0,3359.0,55985.0,307200.0,balloon,72,1548266472.28473
1.0,1.0,0.8180266414564171,1.0111226911300872,1.0123126468563834,0.8358602944572769,1.0222453195600356,1.0246253678826573,0.8529286012284244,1.055613518350575,1.061563382621698,0.8990436206826775,1.11122703670115,1.1231267652433958,0.956903413185746,1.1668405550517251,1.184690147865094,0.9898915407988983,1.2224540734023002,1.2462535304867919,1.0,0.18197335854358287,0.8546289205551147,0.009537761099636555,0.039590443686006824,0.009160156361758709,116.0,2930.0,55663.0,307200.0,balloon,73,1548266472.31810
1.0,1.0,0.8178886648158818,1.0111329899651362,1.0122171030598623,0.8357359330603933,1.0222660424730516,1.0244340587161502,0.8528175179701231,1.0556650749112393,1.0610852204921628,0.898968357446717,1.1113301498224786,1.1221704409843256,0.9568728426486425,1.1669952247337179,1.1832556614764886,0.9898849191951472,1.2226602996449571,1.2443408819686514,1.0,0.18211133518411818,0.8587369918823242,0.015618490055203438,0.02771988328470196,0.015185547061264515,133.0,4798.0,55660.0,307200.0,balloon,74,1548266472.35147
1.0,1.0,0.8193888883428829,1.011021073721793,1.0123156936660178,0.8370881699093268,1.0220421474435861,1.0246313873320358,0.8540267060199866,1.0551054310799788,1.0615786881785991,0.8997868222823777,1.1102108621599578,1.123157376357198,0.9572054350359452,1.1653162932399366,1.1847360645357972,0.9899570081595115,1.2204217243199156,1.2463147527143963,1.0,0.18061111165711702,0.8650162816047668,0.03158203139901161,0.010410224695938981,0.031253255903720856,101.0,9702.0,55209.0,307200.0,balloon,75,1548266472.38484
1.0,1.0,0.8188606756747897,1.011060473378703,1.012190604588292,0.8366121730091021,1.0221208216573259,1.02438106147971,0.8536008227721386,1.0553022417934348,1.060952727547712,0.8994986179990667,1.1106044835868696,1.121905455095424,0.9570882830644393,1.1659067253803042,1.182858182643136,0.9899316032772503,1.221208967173739,1.2438109101908479,1.0,0.1811393243252103,0.8566666841506958,0.020283203572034836,0.033702455464612424,0.019599609076976776,210.0,6231.0,55384.0,307200.0,balloon,76,1548266472.41820
1.0,1.0,0.8194520907065146,1.0110163673099686,1.012212596939572,0.8371452134959638,1.0220327346199374,1.0244251938791444,0.8540776289748876,1.0550818990338473,1.0610630586298102,0.8998213091560173,1.1101637980676946,1.1221261172596206,0.9572194562671353,1.165245697101542,1.1831891758894308,0.989960049618855,1.2203275961353894,1.2442522345192413,1.0,0.18054790929348538,0.8560026288032532,0.00450846366584301,0.0,0.00450846366584301,0.0,1385.0,55209.0,307200.0,balloon,77,1548266472.45157
1.0,1.0,0.8199831490327085,1.0109768628281963,1.0121874633431085,0.8376238900854733,1.0219537256563929,1.024374926686217,0.8545056795454803,1.054884314140982,1.0609372434017594,0.9001111047079989,1.109768628281964,1.121874486803519,0.9573373002721431,1.1646529424229461,1.1828117302052785,0.9899856197015553,1.219537256563928,1.2437489736070382,1.0,0.18001685096729142,0.8628711104393005,0.036054689437150955,0.01986276634163958,0.035338543355464935,220.0,11076.0,55038.0,307200.0,balloon,78,1548266472.48495
1.0,1.0,0.8255841776280208,1.0105631513647644,1.01168958549963,0.8426727684857866,1.0211263027295285,1.02337917099926,0.8590209205219674,1.0528158808933001,1.0584478543124525,0.9031696450393758,1.1056317617866005,1.1168957086249052,0.9585834936722294,1.1584476426799006,1.1753435629373576,0.9902568459458605,1.211263523573201,1.2337914172498103,1.0,0.17441582237197914,0.8574609756469727,0.01653645932674408,0.00905511811023622,0.016386719420552254,46.0,5080.0,53315.0,307200.0,balloon,79,1548266472.51831
1.0,1.0,0.8289547929925858,1.0103169448160139,1.0112776015139806,0.8457112832124685,1.0206338277954108,1.0225551302851983,0.861738611500953,1.0515846004068354,1.056387862084377,0.9050120499204095,1.1031692008136709,1.112775724168754,0.959336318033461,1.1547538012205063,1.1691635862531309,0.9904214162466424,1.206338401627342,1.2255514483375078,1.0,0.1710452070074142,0.856920599937439,0.007480469066649675,0.0,0.007480469066649675,0.0,2298.0,52262.0,307200.0,balloon,80,1548266472.55169
1.0,1.0,0.8305628673421556,1.0102000895908814,1.0111559735026248,0.8471608143321682,1.0204002408494952,1.022311729633099,0.8630352164443166,1.0510006946253365,1.0557794327688226,0.9058915124389015,1.1020013892506728,1.1115588655376454,0.9596962367569495,1.1530020838760093,1.167338298306468,0.9905002862131006,1.2040027785013458,1.2231177310752908,1.0,0.16943713265784444,0.8585872650146484,0.019290365278720856,0.0,0.019290365278720856,0.0,5926.0,51777.0,307200.0,balloon,81,1548266472.58506
1.0,1.0,0.8343454790823212,1.0099271771049667,1.0109551238043457,0.8505708868877441,1.0198544155520397,1.0219102476086916,0.8660857345415969,1.0496360695511524,1.0547754750363996,0.9079614400742709,1.0992721391023048,1.109550950072799,0.9605447722017317,1.1489082086534574,1.1643264251091985,0.9906867112958506,1.1985442782046098,1.219101900145598,1.0,0.16565452091767882,0.8612923622131348,0.008395182900130749,0.1283443195036836,0.0073177083395421505,331.0,2579.0,50628.0,307200.0,balloon,82,1548266472.61843
1.0,1.0,0.8395682695913628,1.0095544306413757,1.0105409236025669,0.8552795221570891,1.01910873883793,1.0210819186719298,0.870297878373713,1.0477720919844682,1.0527047609464262,0.9108222041121729,1.0955441839689362,1.1054095218928524,0.9617207473753234,1.1433162759534043,1.1581142828392785,0.9909461860259158,1.1910883679378725,1.2108190437857047,1.0,0.16043173040863723,0.8617350459098816,0.031236980110406876,0.025635681533972488,0.0304361991584301,246.0,9596.0,49051.0,307200.0,balloon,83,1548266472.65180
1.0,1.0,0.8421561367523608,1.0093713767552068,1.0102870529784755,0.8576125533033172,1.0187427535104137,1.0205741059569513,0.8723854634207077,1.0468570661541274,1.0514353359655029,0.9122408608701619,1.0937141323082549,1.1028706719310055,0.9623052973632028,1.1405711984623825,1.1543060078965084,0.9910756395771367,1.18742826461651,1.2057413438620113,1.0,0.15784386324763922,0.8628743886947632,0.051549479365348816,0.24810558221773174,0.03875976800918579,3929.0,15836.0,48238.0,307200.0,balloon,84,1548266472.68517
1.0,1.0,0.8463907269597545,1.0090743833007907,1.009995672685311,0.8614305357480478,1.0181486457749338,1.0199913453706217,0.8758017243764357,1.0453718560906295,1.0499785048420671,0.9145638827194111,1.0907437121812593,1.0999570096841342,0.9632644421826371,1.1361155682718889,1.1499355145262016,0.9912887254947279,1.1814874243625186,1.1999140193682687,1.0,0.15360927304024558,0.8631412982940674,0.03773763030767441,0.020960924695937203,0.0369466170668602,243.0,11593.0,46982.0,307200.0,balloon,85,1548266472.71854
1.0,1.0,0.8488691276595048,1.0089018586003022,1.009834931422008,0.8636650015705565,1.0178037172006043,1.0196697924643034,0.877801402965303,1.0445094736679823,1.0491745867303275,0.9159244242151011,1.0890189473359644,1.098349173460655,0.9638273093374223,1.1335284210039467,1.1475237601909825,0.9914141606566068,1.178037894671929,1.19669834692131,1.0,0.15113087234049513,0.8648405075073242,0.057034507393836975,0.004280577592603162,0.056790366768836975,75.0,17521.0,46205.0,307200.0,balloon,86,1548266472.75190
1.0,1.0,0.8506446510500755,1.0087789266300162,1.0095986525706686,0.8652659037231394,1.0175578532600327,1.0191971637590937,0.8792341489193435,1.0438947534571437,1.0479930507799775,0.9168995348234422,1.0877895069142876,1.095986101559955,0.9642312243510915,1.1316842603714312,1.1439791523399327,0.9915043483896422,1.1755790138285749,1.1919722031199103,1.0,0.14935534894992453,0.8576302528381348,0.04115234315395355,0.25541844644834677,0.030641276389360428,3229.0,12642.0,45659.0,307200.0,balloon,87,1548266472.78525
1.0,1.0,0.8529802064104164,1.008618019373621,1.0094274399720695,0.8673717773154828,1.0172359184082131,1.0188548095549148,0.8811186914008513,1.0430900366985902,1.0471371294711236,0.9181827432547915,1.0861800733971805,1.094274258942247,0.9647633980727816,1.1292701100957707,1.1414113884133705,0.991623396265857,1.1723601467943607,1.1885485178844941,1.0,0.14701979358958356,0.8588346838951111,0.03999999910593033,0.24959309895833334,0.030016276985406876,3067.0,12288.0,44926.0,307200.0,balloon,88,1548266472.81862
1.0,1.0,0.8588636602405841,1.008216409980008,1.0089869458035043,0.8726766383533012,1.0164329394158325,1.0179737527384873,0.8858671051023749,1.0410822888116726,1.0449345207147396,0.9214178920983894,1.0821645776233453,1.0898690414294792,0.966108265101572,1.123246866435018,1.134803562144219,0.9919253593804938,1.1643291552466906,1.1797380828589585,1.0,0.14113633975941586,0.8641927242279053,0.0320638045668602,0.007817258883248732,0.03181315213441849,77.0,9850.0,43131.0,307200.0,balloon,89,1548266472.85199
1.0,1.0,0.8596623494630382,1.008162466155278,1.0089542152037554,0.8733971220486219,1.0163246929560852,1.017908430407511,0.8865116480148437,1.040811852067448,1.0447711456759081,0.9218573580587258,1.0816237041348964,1.0895422913518165,0.9662913017712572,1.1224355562023445,1.1343134370277246,0.9919665791077982,1.1632474082697928,1.179084582703633,1.0,0.14033765053696182,0.8609505295753479,0.039065755903720856,0.0025831180734938756,0.03896484524011612,31.0,12001.0,42798.0,307200.0,balloon,90,1548266472.88536
1.0,1.0,0.8619205276218184,1.0080100363500295,1.0085669954070648,0.8754332981470523,1.0160199533787964,1.0171339908141297,0.8883344650295932,1.040049943107622,1.0428349770353245,0.9231002543963769,1.080099886215244,1.085669954070649,0.9668094130254923,1.1201498293228662,1.1285049311059734,0.9920834152098785,1.1601997724304882,1.1713399081412978,1.0,0.13807947237818163,0.8625553846359253,0.021298829466104507,0.0,0.021298829466104507,0.0,6543.0,42162.0,307200.0,balloon,91,1548266472.95207
1.0,1.0,0.8640145093246067,1.0078694223251499,1.0086167680274183,0.8773213063488766,1.0157388446502997,1.0172335360548364,0.8900249404241133,1.0393469927899972,1.043083840137091,0.9242532630730241,1.0786939855799946,1.086167680274182,0.9672906421967996,1.1180409783699918,1.129251520411273,0.9921921422119907,1.157387971159989,1.172335360548364,1.0,0.13598549067539328,0.8640592694282532,0.1936328113079071,0.5868636944388407,0.0799967497587204,34909.0,59484.0,41534.0,307200.0,balloon,92,1548266472.98544
1.0,1.0,0.8662854586011989,1.0077176713988394,1.008200290035493,0.8793691721143118,1.0154353427976788,1.0164004421165087,0.8918580000676577,1.0385884756783035,1.0410011742685101,0.9255042399196736,1.0771769513566067,1.0820023485370203,0.9678133966122934,1.1157654270349102,1.1230035228055306,0.9923104768600669,1.1543539027132137,1.1640046970740408,1.0,0.1337145413988011,0.8583170771598816,0.03326172009110451,0.0,0.03326172009110451,0.0,10218.0,40771.0,307200.0,balloon,93,1548266473.01881
1.0,1.0,0.8664184108119478,1.0077088620439811,1.00820940412717,0.8794891529641605,1.015417605542974,1.016418877047845,0.8919653265952039,1.0385441916749174,1.0410471582228602,0.9255774949070283,1.0770883833498348,1.0820943164457202,0.9678440286270781,1.1156325750247522,1.1231414746685804,0.9923174182119865,1.1541767666996696,1.1641886328914406,1.0,0.13358158918805216,0.8607454895973206,0.14126302301883698,0.7664300857221864,0.032994791865348816,33260.0,43396.0,40756.0,307200.0,balloon,94,1548266473.05218
1.0,1.0,0.8712741931248195,1.0073871685416964,1.0079702454335164,0.8838676797696126,1.014774337083393,1.0159405589341024,0.8958858033087116,1.0369360781861063,1.0398513633017212,0.9282542354251753,1.073872156372213,1.0797027266034422,0.968964864473527,1.1108082345583192,1.1195540899051635,0.9925719536010638,1.1477443127444258,1.1594054532068847,1.0,0.12872580687518054,0.8663574457168579,0.14631184935569763,0.7283022226177498,0.03975260630249977,32735.0,44947.0,39333.0,307200.0,balloon,95,1548266473.08555
1.0,1.0,0.8684607224610574,1.0075731039764024,1.0081103986725566,0.8813306080918301,1.0151463261292946,1.016220728665304,0.8936144065343657,1.037865638058502,1.0405518560031648,0.9267030156543478,1.0757312761170041,1.0811037120063296,0.9683149550588724,1.1135969141755062,1.1216555680094944,0.9924242329715265,1.1514625522340083,1.162207424012659,1.0,0.13153927753894254,0.86070317029953,0.14522135257720947,0.7334573657311934,0.038707684725522995,32721.0,44612.0,40143.0,307200.0,balloon,96,1548266473.11892
1.0,1.0,0.8717902350813743,1.0073532462144783,1.0078412199064732,0.8843331718048243,1.0147064924289566,1.0156824398129463,0.8963025296416257,1.0367662310723915,1.0392060309884363,0.9285388465533528,1.0735324621447833,1.0784120619768727,0.9690842156418399,1.1102986932171748,1.117618092965309,0.992599120218965,1.1470649242895665,1.1568241239537456,1.0,0.12820976491862568,0.8584147095680237,0.12821941077709198,0.7942065043540074,0.026386719197034836,31283.0,39389.0,39106.0,307200.0,balloon,97,1548266473.15232
1.0,1.0,0.8735238595512074,1.0072393740768442,1.0077991769046044,0.8858964944167583,1.0144787481536883,1.0155983538092088,0.897702241277862,1.036197105283928,1.0389958845230223,0.9294951885186079,1.0723942105678559,1.0779917690460445,0.9694855014060918,1.108591315851784,1.1169876535690668,0.9926905484439226,1.144788421135712,1.1559835380920893,1.0,0.12647614044879266,0.8649707436561584,0.144182950258255,0.7154629399679407,0.04102539271116257,31690.0,44293.0,38638.0,307200.0,balloon,98,1548266473.18569
1.0,1.0,0.8734287422710219,1.0072456544880741,1.0076913794238322,0.8858108086709294,1.014491308976148,1.0153827588476645,0.8976256350948355,1.0362282724403702,1.038456897119161,0.9294427097112584,1.0724565448807406,1.076913794238322,0.9694634712506693,1.1086848173211108,1.115370691357483,0.9926855256253457,1.1449130897614812,1.153827588476644,1.0,0.12657125772897818,0.8559244871139526,0.12101563066244125,0.8309124166128685,0.020462239161133766,30890.0,37176.0,38631.0,307200.0,balloon,99,1548266473.21906
1.0,1.0,0.8700516888417165,1.00746777924653,1.008007396968833,0.8827652662647509,1.0149356765177981,1.0160147253964424,0.8948987727408906,1.0373392503068644,1.040036847761718,0.927580101155999,1.0746785006137287,1.0800736955234356,0.9686823015903808,1.1120177509205929,1.1201105432851535,0.9925076847778844,1.1493570012274572,1.1601473910468711,1.0,0.12994831115828354,0.8609147071838379,0.020332030951976776,0.01761127121357669,0.019973957911133766,110.0,6246.0,39657.0,307200.0,balloon,100,1548266473.25243
1.0,1.0,0.8676802911460592,1.0076249115143072,1.0081417354203472,0.8806270565058805,1.0152498230286144,1.0162834708406945,0.8929842540743331,1.038124557571536,1.0407086086037816,0.9262728673480021,1.0762491151430724,1.0814172172075631,0.9681349150521317,1.1143736727146085,1.1221258258113447,0.9923833742888374,1.1524982302861448,1.162834434415126,1.0,0.13231970885394084,0.8634538054466248,0.020123697817325592,0.03849886768036234,0.019348958507180214,238.0,6182.0,40404.0,307200.0,balloon,101,1548266473.28580
1.0,1.0,0.869837662444292,1.0074820138112786,1.008018061338568,0.8825725279208207,1.014964027622557,1.0160361914497487,0.8947261805684263,1.03740995106775,1.0400905817832904,0.927462094994121,1.0748199021355,1.0801811635665808,0.9686328588274725,1.11222985320325,1.120271745349871,0.9924964459775961,1.149639804271,1.1603623271331613,1.0,0.13016233755570808,0.858177125453949,0.019296875223517418,0.08552631578947369,0.017646484076976776,507.0,5928.0,39735.0,307200.0,balloon,102,1548266473.31917
1.0,1.0,0.8701299555199042,1.0074626337006993,1.007904126958203,0.8828359533055217,1.0149253854698368,1.0158081849461702,0.8949620026103162,1.037313404640373,1.0395204968505432,0.9276232556669096,1.074626809280746,1.0790409937010863,0.9687003841126683,1.111940213921119,1.1185614905516295,0.9925117956201206,1.1492536185614919,1.1580819874021726,1.0,0.12987004448009573,0.8540364503860474,0.016578776761889458,0.0,0.016578776761889458,0.0,5093.0,39659.0,307200.0,balloon,103,1548266473.35253
1.0,1.0,0.870195388887976,1.0074583600861124,1.0079045031431602,0.882894967364297,1.014916720172225,1.0158091437583308,0.8950149105737413,1.0372918004305625,1.039522653187811,0.9276593346631752,1.0745836008611247,1.079045306375622,0.9687155024607964,1.1118754012916872,1.1185679595634328,0.9925152328055858,1.1491672017222494,1.1580906127512438,1.0,0.12980461111202407,0.8569531440734863,0.027679037302732468,0.0,0.027679037302732468,0.0,8503.0,39617.0,307200.0,balloon,104,1548266473.38590
1.0,1.0,0.8699870102109607,1.0074721224721224,1.0078397879181624,0.8827070772156244,1.014944244944245,1.015679507014337,0.8948465376176536,1.0373606123606123,1.0391988019468363,0.9275444392730877,1.0747212247212248,1.0783976038936727,0.9686673591999068,1.112081837081837,1.1175964058405092,0.9925042880152964,1.1494424494424493,1.1567952077873456,1.0,0.13001298978903925,0.8549251556396484,0.029778646305203438,0.05684302579798863,0.028085937723517418,520.0,9148.0,39673.0,307200.0,balloon,105,1548266473.41924
1.0,1.0,0.8695655033177475,1.00750000472672,1.0078868174694549,0.8823269770396506,1.014999891285441,1.0157735665381096,0.894506147543312,1.037499905465601,1.039433882144874,0.9273120434906303,1.0749998109312016,1.078867764289748,0.9685699979356343,1.1124997163968025,1.118301646434622,0.9924821600998701,1.1499996218624033,1.157735528579496,1.0,0.13043449668225252,0.8608887195587158,0.0426432304084301,0.06580152671755725,0.03983724117279053,862.0,13100.0,39763.0,307200.0,balloon,106,1548266473.45259
1.0,1.0,0.8700331180116077,1.007469123821297,1.0080051623705046,0.8827487470471682,1.0149381298665079,1.0160103247410095,0.8948837576549763,1.0373453835543127,1.0400258118525236,0.9275698617054051,1.0746907671086254,1.0800516237050473,0.9686780111887422,1.112036150662938,1.1200774355575709,0.9925067094476856,1.1493815342172506,1.1601032474100945,1.0,0.1299668819883923,0.8661198019981384,0.031881511211395264,0.11731672452521952,0.02814127691090107,1149.0,9794.0,39651.0,307200.0,balloon,107,1548266473.48601
1.0,1.0,0.869088614915486,1.0075315326215177,1.0079378400816634,0.8818969706418622,1.0150630652430357,1.0158757486177679,0.8941212428156883,1.0376576631075891,1.0396893373171994,0.9270491356581589,1.075315326215178,1.0793786746343985,0.9684598809080108,1.1129729893227671,1.1190680119515979,0.9924571427784803,1.150630652430356,1.158757349268797,1.0,0.13091138508451408,0.8609732985496521,0.035413410514593124,0.19128596378343599,0.028639324009418488,2081.0,10879.0,39860.0,307200.0,balloon,108,1548266473.51934
1.0,1.0,0.8694072588717539,1.0075104233119803,1.0079350977939505,0.8821841856686963,1.0150208466239605,1.0158700589125453,0.8943783904221736,1.0375522345240478,1.039675215619041,0.927224800950918,1.0751044690480953,1.079350431238082,0.9685334538390368,1.112656703572143,1.119025646857123,0.9924738565622183,1.1502089380961908,1.1587008624761639,1.0,0.1305927411282462,0.8624023795127869,0.039326172322034836,0.1930303782799437,0.031735025346279144,2332.0,12081.0,39812.0,307200.0,balloon,109,1548266473.55271
1.0,1.0,0.8671018242471205,1.0076634019720698,1.0081921783449275,0.88010542715973,1.0153266856123717,1.016384356689855,0.8925171000678915,1.0383167731968133,1.0409609603019596,0.9259540763546223,1.0766335463936263,1.0819219206039192,0.9680015340251832,1.1149503195904396,1.122882880905879,0.9923531222926883,1.1532670927872528,1.1638438412078387,1.0,0.13289817575287952,0.8632031679153442,0.03134765848517418,0.19470404984423675,0.02524414099752903,1875.0,9630.0,40477.0,307200.0,balloon,110,1548266473.58608
1.0,1.0,0.8670671039055774,1.0076657110482874,1.0080429756457434,0.8800740554526701,1.0153313036706357,1.0160858140627607,0.8924891324355004,1.0383283183895589,1.040214603771265,0.9259349432163732,1.0766566367791177,1.08042920754253,0.967993530143577,1.1149849551686764,1.1206438113137949,0.9923513074238264,1.1533132735582352,1.1608584150850598,1.0,0.13293289609442258,0.8605241179466248,0.023577474057674408,0.2743338395692393,0.017109375447034836,1987.0,7243.0,40469.0,307200.0,balloon,111,1548266473.61943
1.0,1.0,0.864442007381237,1.007840780032742,1.0082895088137962,0.8777068345154883,1.0156815600654838,1.0165789489586492,0.8903699641152746,1.0392039001637097,1.0414474754000378,0.9244887133873447,1.0784078003274193,1.0828949508000756,0.9673889809792362,1.117611700491129,1.1243424262001134,0.9922143850238619,1.1568156006548385,1.1657899016001512,1.0,0.13555799261876306,0.8634928464889526,0.011653645895421505,0.7558659217877095,0.0028450521640479565,2706.0,3580.0,41303.0,307200.0,balloon,112,1548266473.65280
1.0,1.0,0.861441769638491,1.0080421332154816,1.0083701235756488,0.8750012367725426,1.016084504547065,1.0167400410819794,0.8879481207664672,1.0402111423096119,1.0418502057396075,0.9228367015157584,1.0804222846192237,1.083700411479215,0.9666994938032811,1.1206334269288356,1.1255506172188225,0.9920586085511952,1.1608445692384475,1.16740082295843,1.0,0.13855823036150905,0.8644238710403442,0.09331706166267395,0.7955488889664074,0.019078776240348816,22806.0,28667.0,42235.0,307200.0,balloon,113,1548266473.68617
1.0,1.0,0.8575792713571966,1.0083037437948152,1.0087000965336648,0.8715188073949084,1.0166072481920696,1.0173999850206383,0.8848304172696035,1.0415182401789544,1.0435000665749412,0.9207113217353391,1.083036480357909,1.0870001331498824,0.9658141540040784,1.1245547205368633,1.1305001997248236,0.9918591869779984,1.1660729607158178,1.1740002662997648,1.0,0.14242072864280342,0.8610482215881348,0.10350912064313889,0.8064029184225423,0.020039062947034836,25642.0,31798.0,43383.0,307200.0,balloon,114,1548266473.71952
1.0,1.0,0.8558245729303547,1.008423284058761,1.0088296019294485,0.8699366159540294,1.0168463282062699,1.017659065440017,0.8834142084162839,1.042115940471301,1.0441478712283623,0.9197463121582607,1.0842318809426017,1.0882957424567248,0.9654128150548101,1.1263478214139027,1.132443613685087,0.9917690114149957,1.1684637618852034,1.1765914849134493,1.0,0.1441754270696452,0.8646875023841858,0.023066407069563866,0.3989556872706746,0.013863932341337204,2827.0,7086.0,43967.0,307200.0,balloon,115,1548266473.75291
1.0,1.0,0.8579261902180519,1.0082801436432776,1.008706154956155,0.8718315230245113,1.016560047944917,1.0174123792873793,0.8851102616565929,1.0414003592039305,1.0435309135309134,0.9209021518292855,1.0828007184078612,1.087061827061827,0.9658935661663897,1.1242010776117917,1.1305927405927405,0.991877046566044,1.1656014368157221,1.1741236541236542,1.0,0.14207380978194806,0.8608137965202332,0.02678059972822666,0.3274583687857056,0.018011068925261497,2694.0,8227.0,43327.0,307200.0,balloon,116,1548266473.78628
1.0,1.0,0.8547680217621278,1.0084954511561404,1.0090741738305857,0.8689838721252467,1.0169907822012791,1.0181483476611715,0.8825615847180447,1.0424770155586986,1.0453708691529287,0.9191654152200417,1.0849540311173975,1.0907417383058575,0.9651714195923933,1.1274310466760962,1.1361126074587862,0.9917148412031529,1.1699080622347948,1.1814834766117148,1.0,0.14523197823787215,0.8638867139816284,0.027014974504709244,0.34956018797445476,0.017571615055203438,2901.0,8299.0,44342.0,307200.0,balloon,117,1548266473.81965
1.0,1.0,0.8534404250352607,1.008586421596009,1.0090770206645165,0.8677868118654397,1.017172843192018,1.018154041329033,0.8814903378519169,1.0429319875955854,1.0453851033225827,0.918435668796205,1.0858639751911705,1.0907702066451652,0.9648683766755913,1.1287959627867559,1.136155309967748,0.9916469097868857,1.171727950382341,1.1815404132903307,1.0,0.14655957496473931,0.8610091209411621,0.010439453646540642,0.8752728406610539,0.0013020833721384406,2807.0,3207.0,44769.0,307200.0,balloon,118,1548266473.85302
1.0,1.0,0.8533519826926973,1.0085924216081248,1.0090749637499055,0.8677069098878026,1.0171848432162498,1.018149927499811,0.8814186872805658,1.0429623473905119,1.045374888247408,0.9183870611225458,1.0859246947810235,1.090749776494816,0.964848199536106,1.1288870421715353,1.136124664742224,0.9916423896741813,1.1718493895620472,1.181499552989632,1.0,0.14664801730730267,0.8646907806396484,0.019934896379709244,0.005062050947093403,0.019833985716104507,31.0,6124.0,44927.0,307200.0,balloon,119,1548266473.88639
1.0,1.0,0.8575781426047426,1.0083037247756033,1.0088824552968887,0.8715177007556432,1.0166074495512065,1.0177647727573462,0.8848294801300648,1.0415186238780165,1.044412000811581,0.9207107008622804,1.083037247756033,1.0888240016231618,0.9658138956591673,1.1245558716340496,1.1332360024347428,0.991859128885904,1.166074495512066,1.1776480032463237,1.0,0.1424218573952574,0.8691211342811584,0.0995800793170929,0.2551730901245464,0.07416992634534836,7806.0,30591.0,43630.0,307200.0,balloon,120,1548266473.91976
1.0,1.0,0.8513671234673136,1.0087290586828608,1.0090999914155625,0.8659173166167955,1.0174581173657213,1.0181998434733748,0.8798170945079058,1.0436453535835861,1.0454997480411874,0.9172964137663139,1.0872907071671725,1.090999496082375,0.9643957413257477,1.1309360607507586,1.1364992441235624,0.991541124130278,1.1745814143343447,1.1819989921647498,1.0,0.1486328765326864,0.8628092408180237,0.03241211175918579,0.30290248066686754,0.022594401612877846,3016.0,9957.0,45472.0,307200.0,balloon,121,1548266473.95313
1.0,1.0,0.846190918002367,1.0090883203025114,1.0096031016785818,0.8612503744041548,1.0181766406050228,1.0192062033571636,0.8756406658706384,1.045441601512557,1.0480155083929092,0.9144542256239019,1.0908832030251137,1.0960310167858183,0.9632191119582625,1.1363248045376706,1.1440465251787275,0.9912786360518029,1.1817664060502275,1.1920620335716368,1.0,0.15380908199763296,0.8657389283180237,0.023548178374767303,0.08791816422449544,0.021477865055203438,636.0,7234.0,47000.0,307200.0,balloon,122,1548266473.98650
1.0,1.0,0.849964303726167,1.0088259516837481,1.00944819437116,0.8646524428870388,1.0176519033674964,1.0188964586109446,0.8786850623915718,1.044129999229406,1.0472412513302987,0.9165258493964218,1.0882599984588117,1.0944825026605973,0.9640763850323802,1.1323899976882177,1.1417237539908958,0.991469758019904,1.1765199969176234,1.1889650053211944,1.0,0.15003569627383298,0.8655371069908142,0.03969075530767441,0.2475190683178873,0.02986653707921505,3018.0,12193.0,45856.0,307200.0,balloon,123,1548266474.01987
1.0,1.0,0.8471980131842785,1.0090180556898385,1.0096660670467748,0.8621583147727769,1.018036111379677,1.0193321340935497,0.8764531214673188,1.045090399303877,1.0483303352338742,0.9150069747774886,1.090180798607754,1.0966606704677484,0.963447662776947,1.135271197911631,1.1449910057016226,0.9913295249807546,1.1803615972155082,1.1933213409354968,1.0,0.15280198681572152,0.8659310340881348,0.08691731840372086,0.12396539455451107,0.0761425793170929,3310.0,26701.0,46658.0,307200.0,balloon,124,1548266474.05322
1.0,1.0,0.8438974674916108,1.0092489039558554,1.0099034371685809,0.8591825639056969,1.0184978079117106,1.0198068038224608,0.8737904299137178,1.0462445197792767,1.0495171153282037,0.9131958791845245,1.0924890395585534,1.0990342306564072,0.9626993189552568,1.13873355933783,1.1485513459846108,0.9911630752376379,1.1849780791171067,1.1980684613128145,1.0,0.15610253250838926,0.864173173904419,0.10691732168197632,0.1348759324098036,0.09249674528837204,4430.0,32845.0,47673.0,307200.0,balloon,125,1548266474.08658
1.0,1.0,0.8393664936043369,1.0095686859502198,1.0103951537331288,0.8550975169885444,1.0191374938535627,1.0207902363882837,0.8701353743989476,1.0478436736573449,1.0519756265096962,0.9107116236374604,1.0956873473146898,1.1039512530193925,0.9616752215922163,1.1435310209720346,1.1559268795290885,0.9909361171227754,1.1913746946293795,1.2079025060387847,1.0,0.16063350639566307,0.8643620014190674,0.05345703288912773,0.26659359395932286,0.039205729961395264,4378.0,16422.0,49082.0,307200.0,balloon,126,1548266474.11995
1.0,1.0,0.8370628797929668,1.0097326201638972,1.0104785421722955,0.8530206517457274,1.0194653014761708,1.0209570131960604,0.8682772176474239,1.0486633454129912,1.052392639712947,0.9094494925390177,1.0973266908259824,1.1047852794258939,0.961155998986771,1.1459900362389737,1.157177919138841,0.9908214163110858,1.1946533816519649,1.209570558851788,1.0,0.16293712020703324,0.864697277545929,0.10524740070104599,0.1591921316342942,0.08849284052848816,5147.0,32332.0,49800.0,307200.0,balloon,127,1548266474.15332
1.0,1.0,0.8393486131817363,1.0095700037085473,1.0102617111181789,0.8550814565151637,1.0191400074170944,1.020523422236358,0.8701209758405326,1.0478500185427362,1.0513085555908945,0.9107018247501115,1.0957000370854721,1.1026171111817893,0.961671187675865,1.1435500556282083,1.1539256667726838,0.9909352250365534,1.1914000741709445,1.2052342223635786,1.0,0.16065138681826374,0.863476574420929,0.061975911259651184,0.27743053731813644,0.04478190094232559,5282.0,19039.0,49060.0,307200.0,balloon,128,1548266474.18669
1.0,1.0,0.8334688337999357,1.0099901963869211,1.0107997009390857,0.8497805678244783,1.0199803927738424,1.0215994018781713,0.8653785344530939,1.0499512277624163,1.0539985764470874,0.907481571288659,1.0999024555248325,1.107997152894175,0.9603478805022773,1.1498536832872488,1.1619957293412624,0.9906433935654598,1.1998049110496651,1.2159943057883498,1.0,0.16653116620006425,0.8619824647903442,0.03823893144726753,0.34621605516302034,0.02500000037252903,4067.0,11747.0,50834.0,307200.0,balloon,129,1548266474.22006
1.0,1.0,0.833458487054752,1.0099910514924788,1.01073900979413,0.8497714134263273,1.019981980570354,1.0214780915023955,0.8653703065590317,1.0499549514258852,1.0536951208847856,0.9074759080974767,1.0999099028517707,1.107390241769571,0.9603455575119967,1.149864854277656,1.1610853626543565,0.9906428827057439,1.1998198057035412,1.214780483539142,1.0,0.16654151294524797,0.8591764569282532,0.05858724191784859,0.20824536059562174,0.04638671875,3748.0,17998.0,51010.0,307200.0,balloon,130,1548266474.25343
1.0,1.0,0.8299105858976705,1.010247441877407,1.0109113640034146,0.8465728616797612,1.020494945283643,1.0218225838082273,0.8625094460898832,1.051237270915864,1.0545566758184712,0.9055347400959007,1.102474541831728,1.1091133516369425,0.9595501846233669,1.153711812747592,1.1636700274554137,0.990468266629822,1.204949083663456,1.2182267032738852,1.0,0.17008941410232947,0.8594010472297668,0.22118815779685974,0.5236132982089509,0.10537109524011612,35579.0,67949.0,52065.0,307200.0,balloon,131,1548266474.28679
1.0,1.0,0.8234851729899584,1.0107175721875448,1.011534561715895,0.840780694398677,1.0214350823327139,1.0230691234317901,0.8573287396378644,1.0535877368529725,1.0576728813164815,0.9020230012139986,1.107175473705945,1.1153457626329633,0.9581157741221237,1.1607632105589174,1.1730186439494448,0.9901548738750283,1.2143509474118899,1.2306915252659265,1.0,0.17651482701004162,0.860582709312439,0.11644206196069717,0.1308322384054122,0.1012076884508133,4680.0,35771.0,53991.0,307200.0,balloon,132,1548266474.32017
1.0,1.0,0.8227632754147596,1.0107708337475396,1.0116631508047504,0.8401299127871281,1.021541605364137,1.0233263016095009,0.8567467473916617,1.053854106606756,1.058315754023752,0.9016287661495079,1.1077082132135116,1.116631508047504,0.9579551089011944,1.1615623198202676,1.1749472620712558,0.9901198943099393,1.2154164264270235,1.2332630160950078,1.0,0.17723672458524042,0.8582780361175537,0.2308235764503479,0.5201455386481265,0.11076172441244125,36883.0,70909.0,54185.0,307200.0,balloon,133,1548266474.35354
1.0,1.0,0.8200237754497195,1.0109738168929712,1.0117762950169182,0.8376604443912179,1.0219476961861023,1.0235525163997776,0.8545385587968407,1.0548692092651757,1.0588813278164733,0.9001332757385001,1.1097384185303514,1.1177626556329465,0.9573463176833903,1.164607627795527,1.1766439834494198,0.9899875768793847,1.219476837060703,1.2355253112658933,1.0,0.17997622455028048,0.8534375429153442,0.1710546910762787,0.6992654335084113,0.05144205689430237,36745.0,52548.0,54995.0,307200.0,balloon,134,1548266474.38691
1.0,1.0,0.8132283103527331,1.0114833238019678,1.0123151492999862,0.83153525240259,1.022966710531085,1.0246302985999725,0.8490615695905531,1.0574167448641378,1.0615758943568343,0.8964276217772591,1.1148334897282755,1.1231517887136686,0.9558424598072578,1.1722502345924133,1.184727683070503,0.9896622759425778,1.2296669794565511,1.2463035774273372,1.0,0.1867716896472669,0.8574544191360474,0.23232096433639526,0.5265591503313763,0.10999023914337158,37580.0,71369.0,57083.0,307200.0,balloon,135,1548266474.42028
1.0,1.0,0.8103216258427003,1.0117038817347244,1.0126773112187797,0.8289154146555349,1.0234077634694487,1.0253546224375591,0.8467192628048716,1.0585194718085063,1.0633866308267728,0.8948443281303885,1.1170389436170127,1.1267732616535455,0.9552019638728919,1.175558415425519,1.1901598924803183,0.9895244100892084,1.2340778872340255,1.253546523307091,1.0,0.18967837415729968,0.8531543016433716,0.17634440958499908,0.7080279844202831,0.05148763209581375,38356.0,54173.0,58038.0,307200.0,balloon,136,1548266474.45365
1.0,1.0,0.803870083721784,1.0121991562919255,1.013473441402556,0.8231007320524996,1.024398185150901,1.0269468070273284,0.8415213767432662,1.0609955265937274,1.0673670554572128,0.8913339577115633,1.1219910531874548,1.1347341109144258,0.9537863470292186,1.1829865797811823,1.2021011663716386,0.9892211666228927,1.2439821063749097,1.2694682218288513,1.0,0.19612991627821594,0.8520768284797668,0.1743457019329071,0.7291958401015702,0.04721354320645332,39055.0,53559.0,59966.0,307200.0,balloon,137,1548266474.48702
1.0,1.0,0.800585692829362,1.0124542250203785,1.0137516303420366,0.820140476387757,1.0249085140438048,1.0275033368682807,0.8388756726623325,1.0622713811140831,1.0687583802628051,0.8895489372719152,1.1245427622281663,1.13751676052561,0.9530688883471808,1.1868141433422494,1.2062751407884151,0.9890682587144584,1.2490855244563326,1.2750335210512203,1.0,0.19941430717063796,0.8512467741966248,0.1833268254995346,0.7011790191413048,0.05478190258145332,39489.0,56318.0,60978.0,307200.0,balloon,138,1548266474.52038
1.0,1.0,0.803616638900185,1.012218696182695,1.0134453761171196,0.8228721427385777,1.0244374561299696,1.0268907522342392,0.8413172506810475,1.0610936084426343,1.0672268805855982,0.8911961641179624,1.1221872168852687,1.1344537611711965,0.9537309056577847,1.183280825327903,1.2016806417567947,0.9892093318539916,1.2443744337705374,1.268907522342393,1.0,0.19638336109981502,0.8531998991966248,0.18372395634651184,0.6929836995038979,0.05640625208616257,39112.0,56440.0,60156.0,307200.0,balloon,139,1548266474.55375
1.0,1.0,0.799517878666131,1.012537662908036,1.0140776597780798,0.8191781629880451,1.0250753896515097,1.0281551661947224,0.8380156460026279,1.0626884422110552,1.0703879921675248,0.8889688984480166,1.1253768844221106,1.1407759843350493,0.9528361010220594,1.1880653266331658,1.2111639765025741,0.9890187602473259,1.2507537688442212,1.2815519686700987,1.0,0.20048212133386903,0.8500586152076721,0.14986002445220947,0.8629146121597845,0.020543619990348816,39726.0,46037.0,61442.0,307200.0,balloon,140,1548266474.58711
1.0,1.0,0.799030369557263,1.0125757676424891,1.0143069810403023,0.8187387894032054,1.025151663055033,1.0286139620806045,0.8376229225774756,1.0628792215226102,1.0715349052015113,0.8887041322565582,1.1257584430452203,1.1430698104030226,0.9527298995094567,1.1886376645678305,1.2146047156045339,0.9889961968876827,1.2515168860904407,1.2861396208060452,1.0,0.2009696304427369,0.8521386981010437,0.23063476383686066,0.5635488560500205,0.10066080838441849,39928.0,70851.0,61591.0,307200.0,balloon,141,1548266474.62048
1.0,1.0,0.7915509380568074,1.0131671028675466,1.0148196893633104,0.8119984374544571,1.0263342703893739,1.029639378726621,0.8315997439538636,1.0658356436462946,1.074098524519238,0.8846460038036441,1.1316712872925891,1.1481970490384759,0.95110665908346,1.1975069309388835,1.222295573557714,0.9886527970505198,1.263342574585178,1.2963940980769517,1.0,0.20844906194319254,0.8485937714576721,0.13761718571186066,0.927642161036995,0.009957682341337204,39217.0,42276.0,63857.0,307200.0,balloon,142,1548266474.65385
1.0,1.0,0.7871332413123805,1.013521647131349,1.0152696883617898,0.808017546234185,1.027043294262698,1.0305393767235793,0.8280429539626813,1.067608235656745,1.0763485987833854,0.8822526213688291,1.1352164713134898,1.1526971975667706,0.9501533541101166,1.2028247069702347,1.229045796350156,0.9884524273597551,1.2704329426269796,1.3053943951335414,1.0,0.21286675868761948,0.8459440469741821,0.14551107585430145,0.8971387664705488,0.014967448078095913,40103.0,44701.0,65139.0,307200.0,balloon,143,1548266474.68722
1.0,1.0,0.7903497937668107,1.0132630241581138,1.0150732119461647,0.8109158564283855,1.026526177853128,1.0301462688085596,0.8306324497059867,1.0663156389381705,1.075365749563284,0.8839949954923191,1.132631277876341,1.1507314991265682,0.9508470572461176,1.1989469168145115,1.2260972486898523,0.9885981363280335,1.265262555752682,1.3014629982531365,1.0,0.20965020623318928,0.8536784052848816,0.14334310591220856,0.9372544566821847,0.008994140662252903,41272.0,44035.0,64246.0,307200.0,balloon,144,1548266474.72060
1.0,1.0,0.7929079641955474,1.0130590727332123,1.0148505240353212,0.8132214653570695,1.0261180162428825,1.0297009701633932,0.8326923321643505,1.065295105218977,1.0742524643621079,0.8853817328139774,1.1305902104379542,1.1485049287242157,0.951400312742007,1.1958853156569311,1.2227573930863238,0.9887147141046403,1.261180420875908,1.2970098574484317,1.0,0.2070920358044526,0.8467676043510437,0.14209961891174316,0.9372093555998442,0.008922526612877846,40912.0,43653.0,63345.0,307200.0,balloon,145,1548266474.75397
1.0,1.0,0.7897599129340187,1.0133103797510388,1.0149271053052493,0.810384493120028,1.0266206946467928,1.029854054412044,0.8301574718746012,1.0665518987551936,1.0746353703277918,0.8836753574832624,1.1331037975103873,1.1492707406555838,0.9507196772816776,1.1996556962655809,1.2239061109833755,0.9885713420531899,1.2662075950207745,1.2985414813111673,1.0,0.21024008706598132,0.8456836342811584,0.1467871069908142,0.8955935511054931,0.015325521118938923,40385.0,45093.0,64351.0,307200.0,balloon,146,1548266474.78734
1.0,1.0,0.788423703470528,1.01341769029379,1.014892132786101,0.8091804225133218,1.0268353805875796,1.0297842655722018,0.8290818722740794,1.0670883864850027,1.074460741803973,0.8829514822512287,1.1341767729700054,1.1489214836079464,0.9504314030568719,1.2012651594550083,1.2233822254119195,0.9885107680432509,1.268353545940011,1.2978429672158927,1.0,0.21157629652947194,0.847679078578949,0.1652083396911621,0.7925993064312736,0.034264322370290756,40226.0,50752.0,64732.0,307200.0,balloon,147,1548266474.82071
1.0,1.0,0.7884329311847547,1.013416883116883,1.0154348158203184,0.8091886446600849,1.0268337662337663,1.0308697881708258,0.8290890809507551,1.0670846753246752,1.0771743921619699,0.8829564804189131,1.1341693506493506,1.15434878432394,0.9504333925630427,1.2012540259740259,1.2315231764859098,0.9885111857848908,1.2683387012987013,1.3086975686478797,1.0,0.2115670688152454,0.8504915833473206,0.15106771886348724,0.9077314256162731,0.013938802294433117,42126.0,46408.0,64799.0,307200.0,balloon,148,1548266474.85408
1.0,1.0,0.7900783152698365,1.0132848526234888,1.0152213246077506,0.8106714694659248,1.0265697052469778,1.0304428061654982,0.8304139701483279,1.066424328029579,1.0761069369387468,0.8838478839044973,1.1328486560591584,1.1522138738774936,0.950788424641898,1.1992729840887375,1.2283208108162404,0.9885858008487537,1.2656973121183166,1.3044277477549873,1.0,0.2099216847301635,0.8454492688179016,0.1671256572008133,0.7936931497243919,0.03447916731238365,40749.0,51341.0,64192.0,307200.0,balloon,149,1548266474.88745
1.0,1.0,0.7860575976046961,1.0136085573027607,1.015422318048487,0.8070482803862746,1.0272171146055213,1.0308446360969739,0.8271769996521381,1.0680428517729608,1.0771115902424349,0.8816702716935148,1.1360857035459215,1.1542231804848697,0.9499218589309976,1.2041285553188823,1.2313347707273046,0.988403918390087,1.272171407091843,1.3084463609697394,1.0,0.21394240239530393,0.8494466543197632,0.14704753458499908,0.9204170632900184,0.01170247420668602,41578.0,45173.0,65467.0,307200.0,balloon,150,1548266474.92082
1.0,1.0,0.7786415081977953,1.0142143640719923,1.0164034488835472,0.8003657135192527,1.0284287281439846,1.0328068977670941,0.8212078190128506,1.0710720175689548,1.082017323657239,0.8776595932458164,1.1421440351379095,1.164034647314478,0.9483324911464337,1.2132160527068643,1.2460519709717173,0.9880724526807723,1.284288070275819,1.3280692946289563,1.0,0.22135849180220465,0.8524674773216248,0.15265299379825592,0.9311227209723851,0.010514323599636555,43665.0,46895.0,67834.0,307200.0,balloon,151,1548266474.95418
1.0,1.0,0.7732157393062521,1.0146650319861104,1.0168141863216646,0.7954772591409676,1.0293299976440224,1.0336283726433293,0.8168419046093413,1.0733250272741552,1.0840710923634866,0.8747302061229328,1.1466500545483103,1.1681421847269735,0.9471771702580868,1.2199750818224655,1.2522132770904602,0.9878332672335067,1.2933001090966205,1.3362843694539468,1.0,0.22678426069374788,0.8455957174301147,0.16195638477802277,0.8850923562398247,0.01861002668738365,44036.0,49753.0,69361.0,307200.0,balloon,152,1548266474.98755
1.0,1.0,0.7773055003531132,1.0143247599719405,1.0163279351579486,0.7991620074078764,1.0286495199438808,1.0326558703158972,0.8201327483933503,1.0716238658885475,1.0816395958562477,0.8769378899649051,1.143247731777095,1.1632791917124952,0.948047419730094,1.2148715976656426,1.2449187875687429,0.9880132955276151,1.28649546355419,1.3265583834249903,1.0,0.22269449964688687,0.8441048264503479,0.0005078125395812094,0.0,0.0005078125395812094,0.0,156.0,68117.0,307200.0,balloon,153,1548266475.02092
1.0,1.0,0.7736227797035035,1.0146309556959088,1.0165479066433334,0.795843821387308,1.0292619773142464,1.0330957335676858,0.8171694963777933,1.0731549103244016,1.0827393737787052,0.8749498222186324,1.1463098206488034,1.1654787475574104,0.9472636200704553,1.219464730973205,1.2482181213361156,0.9878511129092205,1.2926196412976065,1.3309574951148209,1.0,0.22637722029649648,0.8491829633712769,0.023020833730697632,0.0,0.023020833730697632,0.0,7072.0,69455.0,307200.0,balloon,154,1548266475.05429
1.0,1.0,0.7838793429618902,1.013785326720149,1.0158363924050633,0.805085434134602,1.0275706534402982,1.0316729430379747,0.8254235542684393,1.0689266336007457,1.0791822784810126,0.8804914607404883,1.1378532672014914,1.1583645569620253,0.9494538141710217,1.2067799008022368,1.237546835443038,0.9883060190939243,1.2757065344029825,1.3167291139240507,1.0,0.2161206570381098,0.8465299606323242,0.021650390699505806,0.0917155314990227,0.019664714112877846,610.0,6651.0,66318.0,307200.0,balloon,155,1548266475.08766
1.0,1.0,0.7769564167335722,1.0143536609314419,1.0158614927098106,0.798847433827825,1.028707321862884,1.0317229854196213,0.819851772478985,1.0717683702916478,1.079307621263431,0.8767493588262446,1.143536740583296,1.1586152425268619,0.9479729973730859,1.2153051108749438,1.2379228637902928,0.9879978665506366,1.2870734811665918,1.3172304850537238,1.0,0.22304358326642776,0.849609375,0.003326823003590107,0.0,0.003326823003590107,0.0,1022.0,68479.0,307200.0,balloon,156,1548266475.12103
1.0,1.0,0.7734039044873198,1.0146492991788572,1.0162843398883572,0.7956467297570333,1.0292984664260232,1.0325686797767142,0.8169932048064408,1.0732463639625947,1.0814220183486238,0.8748317265033928,1.1464927279251895,1.1628440366972477,0.9472171294678206,1.2197390918877842,1.2442660550458715,0.9878415148883339,1.2929854558503788,1.3256880733944953,1.0,0.22659609551268028,0.84573894739151,0.0059309895150363445,0.0,0.0059309895150363445,0.0,1822.0,69531.0,307200.0,balloon,157,1548266475.15439
1.0,1.0,0.7842925373719039,1.013751800290544,1.0156983593859843,0.8054578951531656,1.027503405462893,1.0313967187719686,0.8257560887774755,1.0687586112163303,1.078491875389158,0.880715019668339,1.1375172224326608,1.1569837507783156,0.9495425205550848,1.2062758336489912,1.2354756261674735,0.9883245551720717,1.2750344448653217,1.3139675015566312,1.0,0.2157074626280961,0.8518034219741821,0.007083333563059568,0.0,0.007083333563059568,0.0,2176.0,66206.0,307200.0,balloon,158,1548266475.18776
1.0,1.0,0.7898012834119817,1.013307050577013,1.0154153055475552,0.8104217510493282,1.026614101154026,1.0308306110951104,0.8301909425109786,1.0665353174914927,1.0770766066890003,0.8836977733136262,1.1330706349829853,1.1541532133780008,0.950728608527843,1.1996059524744778,1.231229820067001,0.9885732201674005,1.2661412699659704,1.3083064267560016,1.0,0.21019871658801823,0.8428483009338379,0.043964844197034836,0.07633644306234266,0.0406087264418602,1031.0,13506.0,64505.0,307200.0,balloon,159,1548266475.22112
1.0,1.0,0.7786577005941111,1.0142130550571407,1.0158366371944612,0.8003803599460486,1.0284261101142813,1.031673195625545,0.8212208868541013,1.0710653407899922,1.0791830284455513,0.8776683418285277,1.1421306815799843,1.1583660568911023,0.9483359485699929,1.2131960223699767,1.2375490853366535,0.9880731707101872,1.2842613631599689,1.3167321137822048,1.0,0.22134229940588887,0.8502994775772095,0.010563150979578495,0.0021571648690292757,0.010540365241467953,7.0,3245.0,68012.0,307200.0,balloon,160,1548266475.25449
1.0,1.0,0.7827920667226391,1.0138738836258163,1.015675774735877,0.8041056734459384,1.0277477672516329,1.0313517069127953,0.824548252374761,1.0693696137553992,1.0783791885614675,0.8799033029041934,1.1387392275107986,1.156758377122935,0.949220566377753,1.2081088412661978,1.2351375656844026,0.9882573207060789,1.2774784550215972,1.31351675424587,1.0,0.21720793327736088,0.8486849069595337,0.0052994792349636555,0.025798525798525797,0.005162760615348816,42.0,1628.0,66722.0,307200.0,balloon,161,1548266475.28786
1.0,1.0,0.7835435761087557,1.0138126081247265,1.0154305222313864,0.8047827677939546,1.0276252162494528,1.0308609663592512,0.8251531574252556,1.0690633011651416,1.0771525330534104,0.8803098114458323,1.1381266023302832,1.1543050661068206,0.9493817569887268,1.207189903495425,1.231457599160231,0.988290968358645,1.2762532046605666,1.3086101322136412,1.0,0.21645642389124428,0.8521940112113953,0.005807291716337204,0.034753363228699555,0.005605468992143869,62.0,1784.0,66525.0,307200.0,balloon,162,1548266475.32123
1.0,1.0,0.7864058325112855,1.0135804552345746,1.0152830850010996,0.8073621285551629,1.027160780669145,1.030566013805306,0.8274572815226474,1.0679020165728645,1.076415268808605,0.881858787431047,1.135804033145729,1.15283053761721,0.9499967777534998,1.2037060497185936,1.2292458064258152,0.9884196110043384,1.2716080662914582,1.3056610752344202,1.0,0.21359416748871454,0.850328803062439,0.16115885972976685,0.009453017694110043,0.15963542461395264,468.0,49508.0,65687.0,307200.0,balloon,163,1548266475.35460
1.0,1.0,0.7898697596568769,1.0133016010810454,1.0148257296649532,0.8104835156314937,1.0266031374938953,1.0296516140773093,0.8302460789612045,1.066507876068836,1.0741289578195719,0.8837348764146291,1.1330157521376718,1.148257915639144,0.9507433922762797,1.1995236282065078,1.2223868734587158,0.9885763291675067,1.2660315042753438,1.2965158312782878,1.0,0.21013024034312316,0.852281928062439,0.0044401041232049465,0.06818181818181818,0.004137369804084301,93.0,1364.0,64570.0,307200.0,balloon,164,1548266475.38797
1.0,1.0,0.7897709803818956,1.013309492551654,1.014991129711912,0.810394487452511,1.0266189851033078,1.029982259423824,0.8301665734544614,1.0665474627582694,1.074955492721751,0.8836813541529657,1.1330949255165388,1.149910985443502,0.950722066537382,1.1996423882748082,1.224866478165253,0.9885718444713545,1.2661898510330776,1.2998219708870038,1.0,0.2102290196181044,0.8484765887260437,0.026962891221046448,0.04442834721719184,0.02576497383415699,368.0,8283.0,64576.0,307200.0,balloon,165,1548266475.42134
1.0,1.0,0.787645040253066,1.0134803717978536,1.0152025019267725,0.8084786538309674,1.026960743595707,1.0304050038535453,0.8284550129034329,1.067401858989268,1.076012431436922,0.8825297632259694,1.134803717978536,1.1520248628738439,0.9502635867741475,1.2022055769678042,1.2280372943107658,0.9884755465805113,1.2696074359570722,1.304049725747688,1.0,0.212354959746934,0.8482096791267395,0.049824219197034836,0.07454592970077094,0.04611002653837204,1141.0,15306.0,65252.0,307200.0,balloon,166,1548266475.45471
1.0,1.0,0.7928073123369533,1.0130670396676493,1.014366276632472,0.8131306925351542,1.0261340793352989,1.0287323991418427,0.8326113955965398,1.0653351339092427,1.0718312290392582,0.8853271546167534,1.1306702678184855,1.1436624580785164,0.9513785190527899,1.1960054017277282,1.2154936871177746,0.9887101157451789,1.261340535636971,1.287324916157033,1.0,0.2071926876630467,0.8496679663658142,0.053893230855464935,0.025670451799951678,0.052509766072034836,425.0,16556.0,63624.0,307200.0,balloon,167,1548266475.48807
1.0,1.0,0.7925156278607486,1.0130902127457695,1.0143988855674038,0.8128677888138335,1.0261804254915388,1.0287977711348077,0.8323764040930326,1.0654511926469254,1.0719944278370193,0.8851689971933062,1.1309023852938507,1.1439888556740383,0.9513153738127146,1.1963535779407761,1.2159832835110576,0.9886967952608445,1.2618047705877014,1.2879777113480768,1.0,0.20748437213925144,0.845725953578949,0.05400390923023224,0.06859553948161543,0.05029948055744171,1138.0,16590.0,63515.0,307200.0,balloon,168,1548266475.52144
1.0,1.0,0.7979484428511149,1.0126607412235396,1.0140821201684174,0.8177638807113388,1.0253213543460082,1.0281642403368345,0.8367515878756215,1.0633034499155558,1.0704106783309033,0.8881166496205348,1.1266068998311116,1.1408213566618066,0.9524943803283692,1.1899103497466674,1.21123203499271,0.9889462008282474,1.253213799662223,1.2816427133236132,1.0,0.2020515571488851,0.8412532806396484,0.06419921666383743,0.04451881147956597,0.06134114786982536,878.0,19722.0,61786.0,307200.0,balloon,169,1548266475.55483
1.0,1.0,0.800167396300934,1.0124869121312414,1.0142185466161902,0.8197635509272221,1.0249738242624826,1.028437248487197,0.8385387500357641,1.062434624499469,1.0710930435905843,0.889321699945314,1.1248692489989376,1.1421860871811687,0.9529776705570917,1.1873038734984065,1.213279130771753,0.9890488560321248,1.2497384979978754,1.2843721743623375,1.0,0.1998326036990659,0.841539740562439,0.006025390699505806,0.0,0.006025390699505806,0.0,1851.0,61140.0,307200.0,balloon,170,1548266475.58819
1.0,1.0,0.8002926858014647,1.0124771422844216,1.0141024794911515,0.8198765202501022,1.024954220649057,1.0282048033292324,0.8386395804142514,1.0623857114221078,1.0705120861496162,0.8893897603855532,1.1247714228442158,1.1410241722992325,0.9530049886657437,1.1871571342663236,1.2115362584488487,0.9890546658871963,1.2495428456884314,1.282048344598465,1.0,0.19970731419853527,0.8378678560256958,0.010494791902601719,0.019230769230769232,0.010292968712747097,62.0,3224.0,61019.0,307200.0,balloon,171,1548266475.62156
1.0,1.0,0.8075632505690589,1.0119147055607527,1.013618255837246,0.82642934738074,1.0238292845658838,1.027236511674492,0.8444967574266259,1.0595732746925204,1.068091431865818,0.8933428079944161,1.119146549385041,1.1361828637316358,0.9545956957326087,1.1787198240775614,1.2042742955974535,0.9893942909961109,1.2382930987700818,1.2723657274632714,1.0,0.1924367494309411,0.8477343916893005,0.13585612177848816,0.9139810710434887,0.01168619841337204,38145.0,41735.0,58860.0,307200.0,balloon,172,1548266475.65492
1.0,1.0,0.8000582958613214,1.0124954459676858,1.0141302496742093,0.8196652801522403,1.0249908919353716,1.028260345091419,0.8384509451448849,1.062477229838429,1.070650939857047,0.8892624354894122,1.1249544596768581,1.141301879714094,0.9529538849107657,1.1874316895152872,1.2119528195711409,0.9890437980701231,1.2499089193537163,1.2826037594281878,1.0,0.19994170413867865,0.8458170890808105,0.11468424648046494,0.8628480599472056,0.015729166567325592,30399.0,35231.0,61063.0,307200.0,balloon,173,1548266475.68829
1.0,1.0,0.7956462371703155,1.012842024609144,1.0144589852652648,0.8156891310542236,1.0256839209173618,1.0289179705305298,0.8348973824185048,1.064209994744794,1.0722950811549972,0.8868670745455263,1.128419989489588,1.1445901623099943,0.9519940228341188,1.1926299842343822,1.2168852434649913,0.9888401771918405,1.2568399789791762,1.2891803246199884,1.0,0.2043537628296845,0.8470150232315063,0.12209635972976685,0.9698197717820198,0.0036848958116024733,36376.0,37508.0,62560.0,307200.0,balloon,174,1548266475.72166
1.0,1.0,0.8002306366751627,1.012481948322307,1.0142893064850222,0.8198205100359848,1.024963896644614,1.0285786129700447,0.8385896299138514,1.062409933514558,1.0714465324251115,0.8893560534665148,1.124819867029116,1.1428930648502231,0.9529914590820936,1.187229800543674,1.2143395972753346,0.9890517883980983,1.2496397340582321,1.285786129700446,1.0,0.19976936332483733,0.8405827283859253,0.10204752534627914,0.9581804842259721,0.004267578013241291,30038.0,31349.0,60991.0,307200.0,balloon,175,1548266475.75504
1.0,1.0,0.7984626565661195,1.0126202465149652,1.014082669179636,0.8182271000797288,1.0252406211562115,1.0281653383592722,0.8371656555818744,1.0631016810168101,1.0704135006885074,0.8883958467382607,1.1262033620336203,1.1408270013770148,0.952606287095436,1.1893050430504306,1.2112405020655221,0.9889699492144831,1.2524067240672407,1.2816540027540295,1.0,0.2015373434338805,0.8422786593437195,0.10306315124034882,0.9500015792299674,0.005152994766831398,30078.0,31661.0,61565.0,307200.0,balloon,176,1548266475.78837
1.0,1.0,0.8015337513519165,1.01238034126625,1.0134603897660097,0.8209948836377009,1.0247607462281958,1.0269207038833776,0.8396392786996413,1.0619020248097282,1.0673018731814066,0.8900640496174682,1.1238040496194563,1.1346037463628134,0.9532757627325259,1.1857060744291847,1.20190561954422,0.9891122942765731,1.247608099238913,1.2692074927256267,1.0,0.19846624864808346,0.853356122970581,0.11235351860523224,0.983253657829929,0.0018815104849636555,33937.0,34515.0,60742.0,307200.0,balloon,177,1548266475.82174
1.0,1.0,0.8069411899650974,1.011962396842738,1.0132851518997807,0.8258686190543353,1.0239246667695532,1.0265701518268338,0.8439954205771859,1.0598119207557284,1.0664254555534483,0.8930043235851007,1.119623841511457,1.1328509111068965,0.9544591813287879,1.1794357622671854,1.1992763666603445,0.9893650430747405,1.239247683022914,1.2657018222137928,1.0,0.19305881003490258,0.8472168445587158,0.10402018576860428,0.8879987482397121,0.011650390923023224,28376.0,31955.0,58924.0,307200.0,balloon,178,1548266475.85511
1.0,1.0,0.8142616158142125,1.0114053260388591,1.0127518638681456,0.832466584144714,1.0228106520777183,1.0255037277362913,0.8498942670387142,1.0570266301942959,1.0637593948621282,0.8969907268274432,1.1140532603885918,1.1275187897242562,0.9560705523209841,1.1710798905828874,1.1912781845863845,0.9897114712659486,1.2281065207771833,1.2550375794485125,1.0,0.18573838418578753,0.84525066614151,0.1263085901737213,0.0657955775475491,0.11799804866313934,2553.0,38802.0,56722.0,307200.0,balloon,179,1548266475.88848
1.0,1.0,0.8118402847058901,1.0115884183807087,1.012591035471364,0.8302841032300207,1.0231768997159492,1.0251820709427282,0.8479429553569366,1.0579423437216704,1.0629551773568207,0.8956714207468334,1.115884687443341,1.125910354713641,0.955536396569544,1.1738270311650114,1.1888655320704618,0.9895963451243437,1.2317693748866818,1.2518207094272822,1.0,0.18815971529410996,0.8471224308013916,0.006826172117143869,0.06771578445398188,0.006363932508975267,142.0,2097.0,57579.0,307200.0,balloon,180,1548266475.92185
1.0,1.0,0.8063098347814402,1.0120108764135374,1.0131141220800257,0.8252994748121296,1.024021752827075,1.0262282441600512,0.8434868593462005,1.0600545090929785,1.0655706104001281,0.8926608323199291,1.120109018185957,1.131141220800256,0.9543207062568205,1.1801635272789353,1.1967118312003842,0.9893353943958515,1.2402180363719137,1.262282441600512,1.0,0.1936901652185598,0.8473111987113953,0.009628906846046448,0.0,0.009628906846046448,0.0,2958.0,59228.0,307200.0,balloon,181,1548266475.95522
1.0,1.0,0.8128853964850857,1.0115093107898292,1.012857363696969,0.831226260177225,1.023018495553808,1.0257147273939382,0.8487851161674641,1.0575464279232956,1.0642868184848455,0.8962407786609026,1.1150928558465913,1.128573636969691,0.9557668111360482,1.172639283769887,1.1928604554545366,0.9896459713482466,1.2301857116931825,1.2571472739393823,1.0,0.1871146035149143,0.8471093773841858,0.007080078125,0.03632183908045977,0.006822916679084301,79.0,2175.0,57225.0,307200.0,balloon,182,1548266475.98859
1.0,1.0,0.8134002297518876,1.01147029104904,1.0124450496941897,0.8316901534927885,1.0229407078364154,1.0248900247276376,0.8492001636309257,1.0573517695910386,1.062225248470948,0.8965213008630573,1.1147035391820772,1.124450496941896,0.9558803948660612,1.1720553087731158,1.186675745412844,0.9896704542474489,1.2294070783641544,1.248900993883792,1.0,0.1865997702481124,0.8508138060569763,0.10447917133569717,0.026264955134596212,0.10173502564430237,843.0,32096.0,57076.0,307200.0,balloon,183,1548266476.02196
1.0,1.0,0.8097011140739772,1.0117511556816299,1.0128200069874467,0.8283560608379203,1.0235023113632598,1.0256400139748933,0.8462192227310464,1.0587559046845514,1.0641001855287568,0.8945064686350412,1.117511809369103,1.128200371057514,0.9550654487299599,1.1762677140536544,1.1923005565862708,0.9894950785034995,1.2350236187382058,1.2564007421150278,1.0,0.19029888592602287,0.84870445728302,0.03351236879825592,0.09762020398251578,0.03024088591337204,1005.0,10295.0,58307.0,307200.0,balloon,184,1548266476.05533
1.0,1.0,0.8092712675116308,1.0117839549719636,1.013424225341868,0.8279686654402666,1.0235679099439272,1.0268484506837359,0.8458728933951892,1.0589199011954382,1.067121278246533,0.8942724521436256,1.1178398023908764,1.1342425564930656,0.9549709254984605,1.1767597035863144,1.2013638347395985,0.9894747802604806,1.2356796047817526,1.2684851129861314,1.0,0.1907287324883692,0.8515201807022095,0.014153646305203438,0.33141674333026677,0.009462891146540642,1441.0,4348.0,58346.0,307200.0,balloon,185,1548266476.08869
1.0,1.0,0.8069086007433387,1.011964848659936,1.0130817858399233,0.825839134564259,1.023929760673884,1.0261635716798465,0.8439692979329051,1.059824433361716,1.0654091550890787,0.8929865920414348,1.119648866723432,1.1308183101781575,0.9544520315869242,1.1794733000851478,1.1962274652672362,0.9893635117783067,1.2392977334468638,1.261636620356315,1.0,0.19309139925666124,0.8522331118583679,0.09373047202825546,0.08012085851219004,0.08622070401906967,2307.0,28794.0,59065.0,307200.0,balloon,186,1548266476.12206
1.0,1.0,0.8049409005842987,1.0121162601032232,1.013012103833966,0.8240656172513886,1.0242327104026683,1.026024056942763,0.842384040003219,1.060581807706041,1.065060217719492,0.8919162340597522,1.1211636154120816,1.130120435438984,0.9540207323003213,1.1817454231181226,1.195180653158476,0.9892712343288477,1.2423272308241633,1.260240870877968,1.0,0.19505909941570126,0.8505436182022095,0.1135774776339531,0.06087529735461867,0.10666341334581375,2124.0,34891.0,59783.0,307200.0,balloon,187,1548266476.15543
1.0,1.0,0.8065986641664785,1.0119887094385707,1.0131414965788466,0.8255598722247309,1.0239773554840594,1.0262829173879942,0.8437195940784598,1.0599434837997712,1.0657074828942328,0.8928179647421702,1.1198869675995424,1.1314149657884656,0.9543840452841408,1.1798304513993136,1.1971224486826983,0.989348953399004,1.2397739351990846,1.2628299315769311,1.0,0.1934013358335215,0.8477116227149963,0.11671875417232513,0.08483935742971888,0.10681641101837158,3042.0,35856.0,59143.0,307200.0,balloon,188,1548266476.18881
1.0,1.0,0.8062937840542644,1.0120120982298588,1.01328923723257,0.8252849858791013,1.0240241964597174,1.0265785503533353,0.8434738778378857,1.06006068128534,1.0664464897156318,0.8926521005247817,1.1201213625706798,1.1328929794312634,0.9543171868918712,1.1801820438560198,1.1993394691468953,0.98933464112395,1.24024272514136,1.265785958862527,1.0,0.19370621594573556,0.8483691811561584,0.07444336265325546,0.08518081245353973,0.06810221821069717,1948.0,22869.0,59264.0,307200.0,balloon,189,1548266476.22217
1.0,1.0,0.8015417530908556,1.0123797567525714,1.0135267792037335,0.8210021425495818,1.0247595135051428,1.027053558407467,0.8396457386863964,1.061898911112198,1.067634047931554,0.8900683977328946,1.1237978222243956,1.1352680958631083,0.9532775095556681,1.1856967333365935,1.2029021437946623,0.989112666295879,1.2475956444487912,1.2705361917262166,1.0,0.19845824690914435,0.8507877588272095,0.11646810173988342,0.06048240588054445,0.10942383110523224,2164.0,35779.0,60804.0,307200.0,balloon,190,1548266476.25554
1.0,1.0,0.7978339822233554,1.0126697563743787,1.0138268507360009,0.817660804148907,1.0253392566673358,1.027653777706761,0.8366592081158979,1.0633483977497613,1.0691345586190408,0.888054506906335,1.1266967954995226,1.1382691172380817,0.9524694779706103,1.190045193249284,1.2074036758571227,0.9889409179307216,1.2533935909990452,1.2765382344761635,1.0,0.20216601777664453,0.8516862392425537,0.10366536676883698,0.014884129875023551,0.10212239623069763,474.0,31846.0,61896.0,307200.0,balloon,191,1548266476.28891
1.0,1.0,0.7946155581788513,1.0129234070922102,1.0140903119485232,0.814760035447528,1.025847007086449,1.0281805470896765,0.8340674737262591,1.0646175498664603,1.0704514061278763,0.8863078780652396,1.1292350997329208,1.1409028122557525,0.951770370062256,1.193852649599381,1.2113542183836288,0.9887928711086682,1.2584701994658414,1.281805624511505,1.0,0.20538444182114862,0.8488249182701111,0.103271484375,0.0,0.103271484375,0.0,31725.0,62908.0,307200.0,balloon,192,1548266476.32228
1.0,1.0,0.7941615248215349,1.0129594584852417,1.0141315541115115,0.8143510158037165,1.0259189169704834,1.028263108223023,0.833701772607365,1.064797421162125,1.070658077771934,0.8860615865527843,1.1295948423242497,1.1413161555438678,0.9516719163928355,1.1943922634863746,1.2119742333158017,0.9887720633204155,1.2591896846484996,1.2826323110877356,1.0,0.2058384751784651,0.8494141101837158,0.09134765714406967,0.0,0.09134765714406967,0.0,28062.0,63119.0,307200.0,balloon,193,1548266476.35564
1.0,1.0,0.7972820671969685,1.0127130623617144,1.0139309474229625,0.8171633281983789,1.0254260607022863,1.0278619712234085,0.8362147692901322,1.0635653118085717,1.0696550426247458,0.8877548867046958,1.1271306236171432,1.1393100852494917,0.9523494395331694,1.190695935425715,1.2089651278742375,0.9889154615247813,1.2542612472342867,1.2786201704989832,1.0,0.20271793280303155,0.8514811396598816,0.08283854275941849,0.0060122602955045585,0.08234049379825592,153.0,25448.0,62344.0,307200.0,balloon,194,1548266476.38901
1.0,1.0,0.7959167676424576,1.012820626259269,1.013897002863708,0.8159328424966341,1.0256412525185377,1.027794005727416,0.8351153274350439,1.064103195413902,1.0694851667731817,0.8870138747159186,1.128206390827804,1.1389703335463632,0.9520527630127639,1.1923095862417057,1.208455500319545,0.9888526103902922,1.2564127816556077,1.2779406670927265,1.0,0.20408323235754247,0.8527051210403442,0.09761393815279007,0.042851902491079466,0.09343098849058151,1285.0,29987.0,62839.0,307200.0,balloon,195,1548266476.42238
1.0,1.0,0.7988514940697526,1.012589804942439,1.013914049796624,0.8185776073889259,1.0251796737393593,1.0278280995932478,0.8374788688323418,1.0629492801301201,1.0695702489831196,0.8886069928176504,1.1258985602602403,1.1391404979662392,0.9526909445045149,1.1888478403903604,1.2087107469493585,0.9889879235247788,1.2517971205204805,1.2782809959324781,1.0,0.20114850593024736,0.85215824842453,0.0811653658747673,0.0006817999518729446,0.08111003041267395,17.0,24934.0,61914.0,307200.0,balloon,196,1548266476.45575
1.0,1.0,0.7996023338439975,1.0125310194244017,1.013613261025249,0.8192542397273777,1.0250621662386368,1.027226522050498,0.8380836451684579,1.0626554155965922,1.0680664563393367,0.8890147692270395,1.125310831193184,1.1361329126786734,0.9528545041001142,1.1879662467897762,1.2041993690180102,0.989022671319183,1.2506216623863682,1.2722658253573467,1.0,0.2003976661560025,0.8558886647224426,0.08822591602802277,0.0364166328450725,0.0850130245089531,987.0,27103.0,61648.0,307200.0,balloon,197,1548266476.48912
1.0,1.0,0.8029230834361862,1.0122725035083309,1.0134970820030729,0.8222472032737278,1.0245448802706079,1.026994164006146,0.8407584650257149,1.0613623274225734,1.0674854848051158,0.8908191324682949,1.1227246548451468,1.1349709696102317,0.9535792557659366,1.18408698226772,1.2024564544153475,0.989176976074811,1.2454493096902934,1.2699419392204634,1.0,0.19707691656381382,0.8636556267738342,0.0842871144413948,0.024485382149615726,0.0822233110666275,634.0,25893.0,60556.0,307200.0,balloon,198,1548266476.52250
1.0,1.0,0.801315292308895,1.0123973860499904,1.0133779221543369,0.8207981191693602,1.0247947720999808,1.02675576925848,0.839463355351878,1.061987057278858,1.0668895357214905,0.8899453430054844,1.1239741145577158,1.133779071442981,0.9532280769503451,1.1859611718365737,1.2006686071644717,0.989102139895907,1.2479482291154316,1.2675581428859621,1.0,0.198684707691105,0.8590430021286011,0.08840169757604599,0.0,0.08840169757604599,0.0,27157.0,61053.0,307200.0,balloon,199,1548266476.55587
1.0,1.0,0.8064937476181014,1.0119967356096222,1.012858130333222,0.8254652127843944,1.0239934712192442,1.025716186180102,0.8436349992040797,1.0599838042617813,1.0642906516661106,0.8927608855478089,1.1199676085235626,1.128581303332221,0.9543610356111373,1.1799514127853439,1.1928719549983315,0.9893440272406208,1.2399352170471252,1.257162606664442,1.0,0.19350625238189856,0.8584473133087158,0.08547526597976685,0.0,0.08547526597976685,0.0,26258.0,59473.0,307200.0,balloon,200,1548266476.58925
1.0,1.0,0.8065801683298875,1.0119901056194471,1.0130322958253828,0.8255431671442306,1.023980211238894,1.0260645916507654,0.843704686016954,1.05995059117019,1.0651614791269135,0.8928079020951045,1.11990118234038,1.130322958253827,0.9543799887274519,1.17985177351057,1.1954844373807405,0.9893480848886617,1.23980236468076,1.260645916507654,1.0,0.19341983167011248,0.862389326095581,0.08783203363418579,0.003446742272626195,0.08752930164337158,93.0,26982.0,59433.0,307200.0,balloon,201,1548266476.62262
1.0,1.0,0.8222175920198462,1.0108111161375388,1.0119019246099268,0.8396379626217952,1.0216222941430348,1.0238038492198536,0.856306879796879,1.0540557662915653,1.0595097687298087,0.9013308052441383,1.1081115325831308,1.1190195374596175,0.9578337281419091,1.162167298874696,1.1785293061894262,0.9900934841845309,1.2162230651662616,1.238039074919235,1.0,0.1777824079801538,0.8644954562187195,0.082763671875,0.0,0.082763671875,0.0,25425.0,54613.0,307200.0,balloon,202,1548266476.65599
1.0,1.0,0.8243175047615947,1.0106562395086596,1.0116333205650043,0.8415309614751825,1.0213124790173194,1.0232666411300086,0.8579997847474551,1.0532811975432983,1.0581665300571896,0.9024776236778255,1.1065623950865968,1.1163330601143795,0.9583011413172068,1.1598435926298951,1.1744995901715691,0.9901952624086463,1.2131247901731934,1.2326661202287588,1.0,0.17568249523840532,0.8615983128547668,0.05656575784087181,0.0,0.05656575784087181,0.0,17377.0,53972.0,307200.0,balloon,203,1548266476.68936
1.0,1.0,0.8224322510441712,1.0107953059947155,1.0116158984541865,0.8398316258150473,1.0215905500932898,1.023231796908373,0.8564799661287067,1.0539764061812953,1.058079492270933,0.9014480117492949,1.1079528123625906,1.1161589845418656,0.9578814696623092,1.1619292185438859,1.1742384768127985,0.9901038701234051,1.2159056247251812,1.2323179690837311,1.0,0.17756774895582877,0.8545475602149963,0.04937500134110451,0.002768987341772152,0.049238283187150955,42.0,15168.0,54549.0,307200.0,balloon,204,1548266476.72273
1.0,1.0,0.828721453304104,1.0103338787021205,1.0111755492189611,0.8455008537352416,1.020667757404241,1.022351098437922,0.8615504114758289,1.0516695163414107,1.0558778188660265,0.9048844609582682,1.1033390326828214,1.1117556377320528,0.9592841325068195,1.1550085490242321,1.1676334565980793,0.9904099908805569,1.2066780653656428,1.2235112754641058,1.0,0.17127854669589604,0.8551595211029053,0.07139648497104645,0.0,0.07139648497104645,0.0,21933.0,52622.0,307200.0,balloon,205,1548266476.75610
1.0,1.0,0.8273751351914833,1.0104320672609368,1.0112909072799208,0.8442872883944651,1.0208641345218736,1.0225818869467325,0.8604649587702885,1.0521603978250342,1.056454825947168,0.9041484275825713,1.1043207956500682,1.112909651894336,0.9589832345986988,1.1564811934751025,1.169364477841504,0.9903441635573745,1.2086415913001367,1.225819303788672,1.0,0.17262486480851674,0.8613216280937195,0.07165690511465073,0.0076318539045109705,0.07111002504825592,168.0,22013.0,53005.0,307200.0,balloon,206,1548266476.78947
1.0,1.0,0.8233658628804621,1.0107263951513616,1.01138174005331,0.8406732004468995,1.0214526665927706,1.0227634072947054,0.8572325945496614,1.0536317283369028,1.0569086274546353,0.9019578404864089,1.1072634566738055,1.1138172549092706,0.9580892136291433,1.1608951850107083,1.1707258823639057,0.9901490894826845,1.214526913347611,1.227634509818541,1.0,0.17663413711953793,0.8575618863105774,0.07059895992279053,0.0,0.07059895992279053,0.0,21688.0,54209.0,307200.0,balloon,207,1548266476.82284
1.0,1.0,0.8285642611168849,1.010345398746471,1.0111997306866853,0.8453593372322006,1.0206906746172175,1.022399316829943,0.8614237571600479,1.051726747980906,1.055998436618285,0.9047985127133192,1.103453495961812,1.1119968732365701,0.9592489828721587,1.1551802439427183,1.1679953098548552,0.9904022967665926,1.2069069919236244,1.2239937464731403,1.0,0.1714357388831151,0.8614095449447632,0.025172526016831398,0.002327686538212854,0.02511393278837204,18.0,7733.0,52642.0,307200.0,balloon,208,1548266476.85621
1.0,1.0,0.8281878495145473,1.0103727519948404,1.0109838594380107,0.8450197845764484,1.0207455039896807,1.0219677188760214,0.8611201508243255,1.0518638828697386,1.0549193693672887,0.9045927134357546,1.1037277657394773,1.1098387387345772,0.9591648327118364,1.1555916486092157,1.1647581081018659,0.990383881403856,1.2074555314789543,1.2196774774691543,1.0,0.1718121504854527,0.8594954609870911,0.0640234425663948,0.0012202562538133007,0.06394531577825546,24.0,19668.0,52775.0,307200.0,balloon,209,1548266476.88957
1.0,1.0,0.829819174121026,1.010254078699525,1.0109387455017946,0.8464904766573639,1.0205081573990504,1.0218774910035893,0.8624355583928534,1.0512704548130125,1.0546937995032968,0.9054847454647743,1.1025409096260252,1.1093875990065936,0.9595297230365797,1.1538113644390378,1.1640813985098903,0.9904637823668687,1.2050818192520505,1.2187751980131871,1.0,0.17018082587897398,0.8610416650772095,0.05952799692749977,0.0019139279269426367,0.05941406264901161,35.0,18287.0,52291.0,307200.0,balloon,210,1548266476.92291
1.0,1.0,0.8236259282289018,1.0107071462169064,1.0114977594507724,0.84090749531329,1.0214142924338128,1.0229955189015445,0.8574422116834419,1.0535358546052476,1.0574886535552193,0.9020998763254761,1.1070717092104951,1.1149773071104387,0.958147112174653,1.1606075638157427,1.172465960665658,0.9901616996078584,1.2141434184209903,1.2299546142208775,1.0,0.17637407177109818,0.8706933856010437,0.017825521528720856,0.03907962016070124,0.01712890714406967,214.0,5476.0,54182.0,307200.0,balloon,211,1548266476.95627
1.0,1.0,0.8394586658071993,1.0095621577520613,1.0103369491957153,0.8551806279585716,1.0191244366967354,1.0206737575063567,0.8702097822430299,1.0478109705492256,1.0516845346509658,0.9107621367297224,1.0956219410984511,1.1033690693019313,0.9616960170524244,1.1434329116476767,1.1550536039528971,0.9909407162023541,1.191243882196902,1.2067381386038627,1.0,0.16054133419280067,0.8713183999061584,0.010472005233168602,0.03885607709045695,0.010065104812383652,125.0,3217.0,49322.0,307200.0,balloon,212,1548266476.98963
1.0,1.0,0.8407931531777888,1.0094676583783113,1.0101698408633455,0.8563837958390224,1.0189353167566229,1.0203395413252103,0.8712861356844954,1.047338291891557,1.0508489235137661,0.911493584297704,1.094676583783114,1.1016978470275323,0.961997272501449,1.142014875674671,1.1525467705412982,0.9910073858129363,1.189353167566228,1.2033956940550643,1.0,0.15920684682221115,0.87189781665802,0.18782226741313934,0.7115374616544481,0.054179687052965164,41055.0,57699.0,48910.0,307200.0,balloon,213,1548266477.02300
1.0,1.0,0.8367724945230585,1.0097534224326405,1.0105824798395304,0.8527590161709826,1.0195067840803878,1.0211649596790606,0.8680430801696054,1.0487669905934163,1.0529124698667125,0.9092904362793942,1.0975339811868323,1.105824939733425,0.9610906171387547,1.1463009717802486,1.1587374096001375,0.9908069905678253,1.1950679623736646,1.21164987946685,1.0,0.1632275054769415,0.8720605969429016,0.18765951693058014,0.7370119169456538,0.049352213740348816,42488.0,57649.0,50143.0,307200.0,balloon,214,1548266477.05637
1.0,1.0,0.8329383423399961,1.0100284161970126,1.0108889060145225,0.8493023493008988,1.0200568934621006,1.021777883385852,0.8649508252220391,1.0501422641892895,1.0544446727862264,0.9071912280567137,1.1002845283785792,1.108889345572453,0.9602288034305106,1.1504267925678686,1.1633340183586793,0.9906172132799805,1.200569056757158,1.2177786911449058,1.0,0.16706165766000391,0.8680241107940674,0.1808496117591858,0.7701639757366309,0.04156575724482536,42788.0,55557.0,51324.0,307200.0,balloon,215,1548266477.08974
1.0,1.0,0.8412505656716273,1.0094353119823836,1.0100203865867352,0.8567961612757732,1.0188706239647674,1.0200406316785597,0.8716550613482515,1.0471766203811204,1.050101649943855,0.9117443440841969,1.094353240762241,1.1002032998877096,0.9621006067079221,1.1415298611433613,1.1503049498315645,0.9910302734674599,1.1887064815244819,1.2004065997754192,1.0,0.1587494343283728,0.8630110621452332,0.17300456762313843,0.7666284080004516,0.04037434980273247,40744.0,53147.0,48766.0,307200.0,balloon,216,1548266477.12311
1.0,1.0,0.8400264338405246,1.0095218637735863,1.0102203471070295,0.8556924666751463,1.0190438486519584,1.0204406942140587,0.8706676287989785,1.047609682182289,1.051101805774703,0.9110733118750827,1.0952193643645778,1.102203611549406,0.9618241486117632,1.1428290465468667,1.1533054173241089,0.9909690622827203,1.1904387287291553,1.2044072230988119,1.0,0.1599735661594755,0.8721484541893005,0.1684505194425583,0.7941562958954935,0.03467448055744171,41096.0,51748.0,49142.0,307200.0,balloon,217,1548266477.15647
1.0,1.0,0.8456580335169342,1.0091256505604829,1.0099053537880744,0.8607700628770021,1.018251060529071,1.019810707576149,0.8752106092651984,1.0456277716186253,1.049526768940372,0.9141617953527251,1.0912555432372506,1.099053537880744,0.9630982528696265,1.136883314855876,1.148580306821116,0.9912517447302093,1.1825110864745012,1.198107075761488,1.0,0.15434196648306575,0.876061201095581,0.17050781846046448,0.783466972126766,0.03692057356238365,41038.0,52380.0,47413.0,307200.0,balloon,218,1548266477.18984
1.0,1.0,0.8500084639824991,1.0088229436748637,1.0095440059089638,0.864692329342055,1.0176458873497276,1.0190880118179275,0.8787208111328335,1.0441147183743187,1.0477200989118804,0.916550103164472,1.0882294367486376,1.0954401978237611,0.9640864328943095,1.1323441551229563,1.1431602967356416,0.9914720020150614,1.1764588734972752,1.190880395647522,1.0,0.1499915360175009,0.8731998801231384,0.16434244811534882,0.787901596482193,0.03485677018761635,39778.0,50486.0,46075.0,307200.0,balloon,219,1548266477.22322
1.0,1.0,0.8545441524027788,1.0085108226922257,1.009245718582636,0.8687821575792584,1.0170214072928412,1.018491437165272,0.8823808058248593,1.042553637277908,1.0462284544814235,0.9190423463832822,1.0851072745558163,1.092456908962847,0.9651202963578439,1.1276609118337244,1.1386853634442706,0.9917033755107532,1.1702145491116325,1.1849138179256942,1.0,0.14545584759722122,0.8707226514816284,0.16098633408546448,0.792154483874229,0.033460285514593124,39176.0,49455.0,44682.0,307200.0,balloon,220,1548266477.25659
1.0,1.0,0.8541381824810865,1.0085386327516093,1.0091971012282144,0.8684161084658356,1.017077027299995,1.0183939952118206,0.8820531838573258,1.0426926873515994,1.0459850916518556,0.9188191844400236,1.0853853747031987,1.0919701833037112,0.9650276108942998,1.128078062054798,1.1379552749555668,0.9916825943069362,1.1707707494063975,1.1839403666074224,1.0,0.1458618175189135,0.8716992139816284,0.1624121069908142,0.7885875774156695,0.03433593735098839,39345.0,49893.0,44807.0,307200.0,balloon,221,1548266477.28995
1.0,1.0,0.8577265017920913,1.0082935926582384,1.0089852092828677,0.8716513427685828,1.0165871853164767,1.0179703497589008,0.8849490636232458,1.0414682005017477,1.0449259088006693,0.9207923073777861,1.0829364010034956,1.0898518176013388,0.9658478535063851,1.1244046015052434,1.134777726402008,0.9918667652344714,1.165872802006991,1.1797036352026775,1.0,0.14227349820790863,0.8720475435256958,0.1554654985666275,0.7999748738457673,0.031097006052732468,38206.0,47759.0,43704.0,307200.0,balloon,222,1548266477.32331
1.0,1.0,0.8561716758319577,1.0083995025897279,1.0090534768490067,0.870249429451009,1.0167990051794555,1.0181070227774118,0.8836944391957208,1.041997512948639,1.0452674533244322,0.9199371775115174,1.083995025897278,1.0905349066488645,0.965492162317874,1.1259925388459169,1.1358023599732967,0.9917868284876142,1.1679900517945558,1.1810698132977289,1.0,0.14382832416804228,0.8696126341819763,0.1547916680574417,0.8065486204576043,0.029944662004709244,38353.0,47552.0,44175.0,307200.0,balloon,223,1548266477.35668
1.0,1.0,0.8508506357794402,1.008764768562093,1.0094846083853544,0.8654517220284025,1.01752941756005,1.0189690777267084,0.8794003380920465,1.0438236036821928,1.0474229028827715,0.9170126834437871,1.0876472073643855,1.0948458057655428,0.9642781204375863,1.1314708110465783,1.1422687086483143,0.9915148289737341,1.1752944147287712,1.1896916115310858,1.0,0.1491493642205598,0.870384156703949,0.1434212327003479,0.8880364965160353,0.016057943925261497,39126.0,44059.0,45818.0,307200.0,balloon,224,1548266477.39007
1.0,1.0,0.8509670635191932,1.0087565850131412,1.009488011813383,0.8655564476805743,1.0175134091335136,1.0189760236267664,0.879494445790123,1.0437834032801687,1.04743998970047,0.9170766399580619,1.0875668065603372,1.0948799794009403,0.964304630632069,1.131350209840506,1.1423199691014103,0.9915207544788216,1.1751336131206747,1.1897599588018806,1.0,0.14903293648080687,0.87238609790802,0.15754558145999908,0.8311913715442787,0.02659505233168602,40228.0,48398.0,45779.0,307200.0,balloon,225,1548266477.42342
1.0,1.0,0.8470348341031537,1.00902944954199,1.0096137948487234,0.8620112151981874,1.01805889908398,1.0192274491058373,0.8763215337241734,1.0451472477099502,1.0480688336520076,0.9149174054262802,1.0902944954199,1.0961376673040153,0.9634106184004188,1.1354417431298502,1.144206500956023,0.9913212735140049,1.1805889908398004,1.1922753346080306,1.0,0.15296516589684622,0.8626725673675537,0.010224609635770321,0.04297994269340974,0.009785156697034836,135.0,3141.0,46989.0,307200.0,balloon,226,1548266477.45681
1.0,1.0,0.8451279747078608,1.0091625652534046,1.009828877661803,0.8602918559250751,1.0183252509005452,1.019657755323606,0.8747830415668417,1.0458131874482306,1.0491445290855606,0.913870947381262,1.0916263748964614,1.098289058171121,0.9629780855818941,1.137439562344692,1.1474335872566819,0.9912250204327239,1.1832527497929228,1.1965781163422424,1.0,0.1548720252921392,0.8646484613418579,0.0062630209140479565,0.0,0.0062630209140479565,0.0,1924.0,47574.0,307200.0,balloon,227,1548266477.49017
1.0,1.0,0.8411152888324626,1.0094449193623296,1.0102802250709815,0.8566743007262434,1.0188897177778293,1.0205605204485222,0.8715458677726087,1.0472244153914032,1.051401406581144,0.9116701809844201,1.0944488307828066,1.1028028131622878,0.9620700422869358,1.1416732461742098,1.1542042197434317,0.9910235026872115,1.1888976615656133,1.2056056263245756,1.0,0.15888471116753747,0.8721842765808105,0.14101563394069672,0.926892890120037,0.010309245437383652,40153.0,43320.0,48811.0,307200.0,balloon,228,1548266477.52354
1.0,1.0,0.8426195771451273,1.0093387348273184,1.0101732909953633,0.8580303727048787,1.0186774696546368,1.0203465819907265,0.8727593484148579,1.0466937948997377,1.0508664549768163,0.9124949973062548,1.0933875897994751,1.1017329099536326,0.9624101089493063,1.1400813846992128,1.1525993649304491,0.9910988840566092,1.1867751795989505,1.2034658199072654,1.0,0.1573804228548728,0.8685482144355774,0.00619466183707118,0.03152916447714135,0.005999349057674408,60.0,1903.0,48358.0,307200.0,balloon,229,1548266477.55691
1.0,1.0,0.8426313955722272,1.0093379387930967,1.0100425161023125,0.8580411682609911,1.0186757568263145,1.0200850322046249,0.8727688563952185,1.0466896335855445,1.0502125097881239,0.9125014784865627,1.0933792671710887,1.1004250195762477,0.962412782314302,1.1400689007566331,1.1506375293643716,0.991099477070441,1.1867585343421774,1.2008500391524957,1.0,0.15736860442777273,0.8636230826377869,0.009869791567325592,0.0,0.009869791567325592,0.0,3032.0,48339.0,307200.0,balloon,230,1548266477.59028
1.0,1.0,0.8338769849795886,1.0099608826009556,1.0107858625724324,0.8501486530143568,1.0199217652019115,1.0215718677282475,0.865707849257215,1.0498044130047783,1.0539295980289274,0.9077049788884497,1.099608826009557,1.1078591960578545,0.9604395321255771,1.1494132390143352,1.161788794086782,0.9906635531363155,1.1992176520191136,1.2157183921157093,1.0,0.16612301502041135,0.867347002029419,0.006171875167638063,0.0,0.006171875167638063,0.0,1896.0,51033.0,307200.0,balloon,231,1548266477.62365
1.0,1.0,0.8392126989087689,1.0095796513387072,1.0105429854146026,0.8549589536262753,1.0191593026774146,1.0210859708292053,0.8700113142801859,1.0478982566935364,1.0527148563854092,0.9106273417675331,1.095796513387073,1.1054297127708184,0.9616405266293294,1.1436947700806095,1.1581445691562275,0.9909284449452026,1.191593026774146,1.2108594255416367,1.0,0.1607873010912311,0.8712630271911621,0.017320964485406876,0.09039654200338282,0.01575520820915699,481.0,5321.0,49395.0,307200.0,balloon,232,1548266477.65704
1.0,1.0,0.833744159163804,1.0099703985010564,1.010885562526312,0.8500288204025231,1.0199408580260656,1.0217711250526238,0.8656007582880081,1.0498521755771402,1.054427955631212,0.9076322725710028,1.0997043511542803,1.1088559112624239,0.9604097022647976,1.1495565267314205,1.1632838668936356,0.9906569909363252,1.1994087023085604,1.2177118225248476,1.0,0.1662558408361961,0.8662402629852295,0.019811198115348816,0.005915215248110417,0.0196940116584301,36.0,6086.0,51088.0,307200.0,balloon,233,1548266477.69041
1.0,1.0,0.8304870067497827,1.0102056868972007,1.0111842764275945,0.847092619237191,1.02041125127421,1.022368552855189,0.8629740705881634,1.0510281894456206,1.0559213101768057,0.9058500170878387,1.1020563788912412,1.1118426203536114,0.9596792467241936,1.153084568336862,1.167763930530417,0.9904965603852194,1.2041127577824826,1.2236852407072227,1.0,0.16951299325021735,0.8649088740348816,0.01763346418738365,0.34742477386007015,0.011507161892950535,1882.0,5417.0,52099.0,307200.0,balloon,234,1548266477.72378
1.0,1.0,0.8269345974526606,1.0104642615989732,1.0107070306806587,0.8438900784966255,1.0209285231979464,1.0214140613613176,0.8601096911102664,1.0523213695135203,1.053535153403294,0.9039076321386967,1.1046427390270406,1.107070306806588,0.9588848503030624,1.1569641085405609,1.1606054602098819,0.9903226587701778,1.2092854780540814,1.2141406136131758,1.0,0.17306540254733935,0.8677311539649963,0.011035156436264515,0.39557522123893807,0.006669922266155481,1341.0,3390.0,53203.0,307200.0,balloon,235,1548266477.75715
1.0,1.0,0.8219085255205262,1.0108339584555501,1.0098176506946748,0.8393593293948636,1.0216679169111003,1.0196353724020706,0.856057571476201,1.0541701019485976,1.049088537524258,0.9011620609144593,1.1083402038971952,1.0981770750485158,0.9577650053463199,1.1625103058457928,1.1472656125727738,0.9900785377442477,1.2166804077943905,1.1963541500970318,1.0,0.1780914744794738,0.856884777545929,0.0014453125186264515,0.0,0.0014453125186264515,0.0,444.0,54821.0,307200.0,balloon,236,1548266477.79053
1.0,1.0,0.8291969803645467,1.0102992907571415,1.0087248196538976,0.8459296033955745,1.020598581514283,1.0174496393077952,0.8619338903935435,1.051496515206906,1.0436241686292345,0.905144483590863,1.1029930304138118,1.0872483372584691,0.9593904931768025,1.1544895456207178,1.1308725058877036,0.990433279948197,1.2059860608276236,1.174496674516938,1.0,0.17080301963545333,0.849036455154419,0.009042968973517418,0.0,0.009042968973517418,0.0,2778.0,52669.0,307200.0,balloon,237,1548266477.82390
1.0,1.0,0.8326270565358019,1.0100508339396927,1.0084334380992968,0.8490216683218307,1.0201017901292524,1.0168668761985937,0.8646998088311825,1.0502544753231309,1.0421671904964842,0.907020873604639,1.1005089506462618,1.0843343809929682,0.9601589549492987,1.1507634259693926,1.1265015714894524,0.9906018625798789,1.2010179012925235,1.1686687619859366,1.0,0.16737294346419812,0.8569629192352295,0.11347005516290665,0.9241494061621436,0.008606771007180214,32214.0,34858.0,51553.0,307200.0,balloon,238,1548266477.85727
1.0,1.0,0.847120579207695,1.0090234265317348,1.0073179896677904,0.8620884646750209,1.0180468530634694,1.0146360474828051,0.8763905890033687,1.0451173730590078,1.0365901527806247,0.9149644707286794,1.0902347461180155,1.0731803055612497,0.9634300833731156,1.135352119177023,1.1097704583418744,0.9913256090942303,1.1804694922360308,1.1463606111224993,1.0,0.15287942079230504,0.8556022047996521,0.09377279132604599,0.9616065539625785,0.0036002604756504297,27701.0,28807.0,47062.0,307200.0,balloon,239,1548266477.89063
1.0,1.0,0.8538117206413008,1.0085608962723782,1.0066257632949707,0.8681214930352258,1.0171217925447562,1.0132514578493999,0.8817897810291428,1.0428046007757121,1.0331285415126878,0.9186397412098618,1.0856092015514243,1.0662570830253757,0.9649530987756589,1.1284138023271366,1.0993856245380635,0.9916658932889096,1.1712184031028487,1.1325141660507514,1.0,0.14618827935869913,0.8379720449447632,0.08498047292232513,0.9599708879184862,0.0034016927238553762,25061.0,26106.0,45023.0,307200.0,balloon,240,1548266477.92400
1.0,1.0,0.8601067698057338,1.0081322940047925,1.0062769288794977,0.8737976097026277,1.016264588009585,1.012553653958192,0.8868703011400461,1.0406615885100703,1.0313842367958819,0.9221019229048671,1.0813231770201408,1.0627684735917635,0.966393198389653,1.121984765530211,1.0941527103876454,0.9919895387874588,1.1626463540402814,1.1255369471835273,1.0,0.13989323019426625,0.8427018523216248,0.09432291984558105,0.8315157371617891,0.01589192822575569,24094.0,28976.0,43113.0,307200.0,balloon,241,1548266477.95737
1.0,1.0,0.8734835298689508,1.0072420404966371,1.0054225053260577,0.885860108772262,1.0144840809932743,1.0108450106521152,0.8976697341044563,1.0362103193147874,1.027112526630288,0.9294729374154154,1.0724206386295747,1.0542250532605761,0.9694761604442643,1.108630957944362,1.081337579890864,0.9926884186790469,1.1448412772591494,1.108450106521152,1.0,0.12651647013104914,0.8417545557022095,0.09111979603767395,0.7797942269219778,0.020065104588866234,21828.0,27992.0,39150.0,307200.0,balloon,242,1548266477.99074
1.0,1.0,0.8795659208655433,1.0068462224534542,1.00495184810154,0.8913453958551387,1.0136924449069085,1.0099035608308606,0.9025818271250992,1.0342311122672712,1.0247590374493707,0.9328306508696186,1.0684622245345423,1.0495180748987416,0.9708880158153341,1.1026933368018135,1.0742771123481123,0.9930111512063629,1.1369244490690846,1.0990361497974832,1.0,0.12043407913445667,0.8258691430091858,0.038798827677965164,0.4742847554325027,0.020397135987877846,5653.0,11919.0,37407.0,307200.0,balloon,243,1548266478.02411
1.0,1.0,0.885427933742243,1.0064699157796837,1.0046357655014198,0.896632218819947,1.0129398315593676,1.0092713967495672,0.9073166714172949,1.0323493482336616,1.0231785590005542,0.9360702342933469,1.064698696467323,1.0463571180011084,0.9722545312655574,1.0970480447009847,1.0695356770016626,0.9933250863477634,1.1293973929346461,1.0927142360022168,1.0,0.11457206625775693,0.8279622793197632,0.08066406100988388,0.7429782082324455,0.020732423290610313,18411.0,24780.0,35601.0,307200.0,balloon,244,1548266478.05747
1.0,1.0,0.8934096428466368,1.005965414361811,1.0041237764221127,0.903830956659762,1.0119307143954692,1.0082475528442254,0.9137646044011958,1.0298268431527497,1.0206189480076926,0.9404866975853889,1.0596536863054995,1.0412378960153852,0.9741242040198128,1.0894805294582492,1.0618568440230778,0.993757068303121,1.119307372610999,1.0824757920307704,1.0,0.10659035715336317,0.8355078101158142,0.07364583760499954,0.6996994342291372,0.022115886211395264,15830.0,22624.0,33108.0,307200.0,balloon,245,1548266478.09085
1.0,1.0,0.8955588585988926,1.005831105185596,1.0038731927622817,0.9057693922049167,1.0116620963800047,1.0077461898231068,0.9155011485016838,1.0291552979456051,1.0193655724084951,0.9416769643323725,1.0583105958912105,1.0387311448169905,0.9746294019936562,1.0874658938368156,1.0580967172254856,0.9938742728151485,1.116621191782421,1.077462289633981,1.0,0.10444114140110743,0.8400944471359253,0.05906575545668602,0.6395701295122623,0.02128906361758709,11605.0,18145.0,32506.0,307200.0,balloon,246,1548266478.12422
1.0,1.0,0.8846299710986438,1.0065208302535296,1.004639174440673,0.895912427467258,1.013041660507059,1.0092784809725293,0.9066720908043013,1.032604035775002,1.0231962684769147,0.9356290469569587,1.0652080715500036,1.0463925369538294,0.9720681827437446,1.0978121073250056,1.069588805430744,0.9932821858617735,1.1304161431000075,1.0927850739076588,1.0,0.11537002890135614,0.8415690064430237,0.028665365651249886,0.5447422212128095,0.013050130568444729,4797.0,8806.0,35899.0,307200.0,balloon,247,1548266478.15758
1.0,1.0,0.8834847954688895,1.006594069593992,1.0046276638040712,0.8948797278342007,1.0131881391879838,1.0092553276081424,0.9057470492933007,1.0329703479699592,1.0231382527565733,0.9349959985877507,1.0659406959399187,1.0462765055131467,0.9718009319531554,1.098911043909878,1.0694147582697202,0.9932207097253322,1.1318813918798374,1.0925530110262935,1.0,0.11651520453111051,0.8386198282241821,0.07116862386465073,0.7788958514385034,0.015735678374767303,17029.0,21863.0,36247.0,307200.0,balloon,248,1548266478.19094
1.0,1.0,0.8815538802892612,1.0067180074803355,1.0047701061629932,0.8931382060499419,1.0134360149606707,1.0095400801772696,0.9041872989648825,1.033590153239378,1.023850200443174,0.9339288923206208,1.0671803064787564,1.047700400886348,0.9713508010550613,1.1007704597181345,1.0715506013295217,0.9931172973506385,1.1343606129575126,1.0954008017726957,1.0,0.1184461197107388,0.8432161808013916,0.052861329168081284,0.840384260114539,0.008437500335276127,13647.0,16239.0,36842.0,307200.0,balloon,249,1548266478.22431
1.0,1.0,0.8774343374873255,1.0069842977655838,1.0051229129630646,0.8894230387943397,1.0139685955311677,1.0102458259261293,0.9008602194602351,1.0349216053202515,1.0256144988366642,0.9316535071487146,1.0698432106405027,1.0512289976733287,0.9703925249307296,1.1047648159607542,1.076843496509993,0.9928976994967951,1.1396864212810056,1.1024579953466571,1.0,0.12256566251267458,0.8498795628547668,0.07679037004709244,0.6503603221704112,0.026848958805203438,15342.0,23590.0,38129.0,307200.0,balloon,250,1548266478.25768
1.0,1.0,0.8650542702646085,1.007799818185946,1.0058382085744109,0.8782589323488479,1.015599636371892,1.0116765513790273,0.8908640864571179,1.0389992091750826,1.0291913113324658,0.924825959060625,1.0779984183501652,1.0583826226649313,0.9675298766967945,1.1169976275252478,1.087573933997397,0.9922462680716048,1.1559968367003304,1.1167652453298627,1.0,0.13494572973539154,0.8463314175605774,0.08140625059604645,0.686860204734485,0.025491537526249886,17177.0,25008.0,41878.0,307200.0,balloon,251,1548266478.29105
1.0,1.0,0.8627635517561403,1.0079533532058662,1.0060406333165581,0.8761933882112373,1.015906588047694,1.0120811333549422,0.889014945577724,1.0397665293012546,1.0302029666655295,0.9235643925684751,1.079533058602509,1.0604059333310587,0.9670030616545991,1.1192995879037635,1.0906088999965882,0.9921271433961109,1.1590661172050178,1.1208118666621174,1.0,0.13723644824385972,0.8554655313491821,0.09839518368244171,0.6773083666920303,0.031751301139593124,20473.0,30227.0,42527.0,307200.0,balloon,252,1548266478.32442
1.0,1.0,0.844216627990091,1.0092265045987543,1.0074353401698688,0.8594702743662006,1.0184530091975086,1.0148706803397376,0.8740478460577724,1.0461325229937717,1.037176633312442,0.9133709573202641,1.0922650459875434,1.0743532666248838,0.962771597148109,1.138397568981315,1.1115298999373258,0.9911791295222004,1.1845300919750867,1.1487065332497677,1.0,0.15578337200990905,0.8651009202003479,0.10981771349906921,0.6996680104339578,0.03298177197575569,23604.0,33736.0,48016.0,307200.0,balloon,253,1548266478.35779
1.0,1.0,0.8369398305944908,1.009741426693634,1.0079803471600697,0.8529098160609803,1.0194829145133968,1.0159606240470975,0.8681780728072547,1.0487072557204278,1.0399015952542647,0.909382092112483,1.0974145114408553,1.0798031905085295,0.9611282918764845,1.1461217671612831,1.1197047857627942,0.9908153025759847,1.1948290228817107,1.159606381017059,1.0,0.1630601694055091,0.839306652545929,0.11844075471162796,0.7297787549814484,0.03200520947575569,26553.0,36385.0,50262.0,307200.0,balloon,254,1548266478.39116
1.0,1.0,0.8285011030446652,1.0103499992098672,1.0085088342233837,0.8453024025762714,1.020699874961481,1.01701759743211,0.8613727788855656,1.0517497491328291,1.0425440290876036,0.9047639804921097,1.1034994982656585,1.0850880581752074,0.9592348614542726,1.1552492473984877,1.127632087262811,0.9903992059753569,1.2069989965313168,1.1701761163504147,1.0,0.17149889695533488,0.8381119966506958,0.09461263567209244,0.8057801479442629,0.01837565191090107,23420.0,29065.0,52891.0,307200.0,balloon,255,1548266478.42453
1.0,1.0,0.8159032543326383,1.0112817504279383,1.0096398810199587,0.8339463523060083,1.0225635008558767,1.0192797620399174,0.8512172529148745,1.0564088771216944,1.0481994050997934,0.8978856199413803,1.112817754243389,1.0963988101995867,0.9564333588882379,1.1692266313650834,1.14459821529938,0.9897898281381673,1.2256355084867778,1.1927976203991735,1.0,0.18409674566736173,0.8550130128860474,0.11860352009534836,0.8615891313297653,0.016416015103459358,31392.0,36435.0,56769.0,307200.0,balloon,256,1548266478.45788
1.0,1.0,0.8026442629754167,1.0122940975303918,1.0105602249014607,0.8219958777951937,1.0245881950607834,1.0211203048921864,0.840533887236079,1.0614704876519587,1.0528008346858335,0.8906675772591839,1.1229409753039172,1.105601669371667,0.9535183174378341,1.184411462955876,1.1584025040575006,0.9891639810204419,1.2458819506078347,1.211203338743334,1.0,0.19735573702458328,0.8502474427223206,0.01895182393491268,0.0,0.01895182393491268,0.0,5822.0,60811.0,307200.0,balloon,257,1548266478.49124
1.0,1.0,0.7967250454401577,1.0127569331241757,1.0109424908403402,0.81666133027135,1.0255138022518575,1.02188498168068,0.835766263136545,1.0637845376278905,1.0547125275964113,0.887452535063136,1.1275690752557812,1.1094250551928226,0.9522283537291487,1.1913536128836717,1.164137582789234,0.9888897982706002,1.2551381505115624,1.218850110385645,1.0,0.20327495455984232,0.8446647524833679,0.02055664174258709,0.0,0.02055664174258709,0.0,6315.0,62670.0,307200.0,balloon,258,1548266478.52459
1.0,1.0,0.7914394223403042,1.0131760033858093,1.0115237870937352,0.8118979759844641,1.0263520067716185,1.0230475741874705,0.831509816232582,1.065880145647464,1.0576189354686765,0.8845855551751417,1.1317602912949278,1.1152378709373527,0.9510825446671101,1.1976404369423919,1.1728568064060292,0.9886477165868244,1.2635205825898557,1.2304757418747057,1.0,0.20856057765969585,0.8503580689430237,0.02534179762005806,0.0,0.02534179762005806,0.0,7785.0,64259.0,307200.0,balloon,259,1548266478.55796
1.0,1.0,0.781738144423953,1.0139600361791787,1.012558769055421,0.8031560518517497,1.0279200723583573,1.0251174639074891,0.8237001489012918,1.0698001808958932,1.062793845277105,0.8793333448282463,1.1396003617917863,1.12558769055421,0.948994714276159,1.2094005426876795,1.188381535831315,0.9882102232618487,1.2792007235835727,1.25117538110842,1.0,0.21826185557604708,0.857617199420929,0.011754557490348816,0.0,0.011754557490348816,0.0,3611.0,67191.0,307200.0,balloon,260,1548266478.59133
1.0,1.0,0.7785190756677379,1.0142244236672828,1.0129766248677503,0.8002553718750007,1.0284490433838844,1.0259531745936328,0.8211094099440739,1.0711225104350517,1.064882898913148,0.8775934454268396,1.1422450208701034,1.129765797826296,0.948306351006874,1.2133675313051553,1.194648696739444,0.9880670243895745,1.284490041740207,1.259531595652592,1.0,0.22148092433226207,0.852561891078949,0.0,,,0.0,0.0,68039.0,307200.0,balloon,261,1548266478.62470
1.0,1.0,0.7775108089805699,1.0143077483941478,1.0133459298945195,0.7993469924020065,1.0286154967882954,1.026691784082485,0.8202977678013115,1.0715389382532012,1.0667295737660438,0.8770487799857593,1.1430778765064025,1.1334591475320874,0.9480912025040062,1.2146168147596037,1.2001887212981313,0.9880223753063831,1.286155753012805,1.2669182950641749,1.0,0.22248919101943013,0.8511654138565063,0.0,,,0.0,0.0,68364.0,307200.0,balloon,262,1548266478.65807
1.0,1.0,0.7715655212162853,1.014803284067745,1.0140020273879473,0.7939902872747545,1.0296065681354902,1.0280041306511922,0.8155141499105762,1.0740165522247591,1.0700104404409265,0.8738400861472487,1.1480331044495182,1.140020880881853,0.9468270581327339,1.2220496566742773,1.2100313213227796,0.9877610809121576,1.2960662088990365,1.280041761763706,1.0,0.2284344787837147,0.858069658279419,0.0,,,0.0,0.0,70222.0,307200.0,balloon,263,1548266478.69144
1.0,1.0,0.7692032065877724,1.015002355594139,1.0148058267310947,0.7918620357400078,1.0300046450199034,1.0296116534621893,0.8136138174307451,1.075011645633946,1.074029286958228,0.8725665518689024,1.1500232912678918,1.1480585739164562,0.946326908561971,1.2250349369018378,1.2220878608746841,0.987658202181707,1.3000465825357839,1.2961171478329123,1.0,0.23079679341222764,0.8600488305091858,0.0,,,0.0,0.0,70936.0,307200.0,balloon,264,1548266478.72480
1.0,1.0,0.7754099589633604,1.0144819668341074,1.0142818431284286,0.7974540501605877,1.028964065028689,1.0285636862568572,0.8186075246614349,1.0724100968914858,1.0714091383514956,0.8759143651278732,1.1448201937829714,1.1428182767029913,0.9476436202699784,1.2172302906744572,1.2142274150544867,0.9879296557308124,1.289640387565943,1.2856365534059824,1.0,0.22459004103663963,0.8460384607315063,0.0,,,0.0,0.0,69048.0,307200.0,balloon,265,1548266478.75816
1.0,1.0,0.7783502636438544,1.0142384836832128,1.0145084131662983,0.8001035040543079,1.0284769019863005,1.0290169798575288,0.8209735788513249,1.0711921568955634,1.072542372881356,0.8775022431803824,1.1423843137911267,1.1450847457627118,0.9482703138439439,1.21357647068669,1.2176271186440677,0.9880595421174453,1.2847686275822534,1.2901694915254238,1.0,0.22164973635614554,0.8548632860183716,0.0,,,0.0,0.0,68145.0,307200.0,balloon,266,1548266478.79153
1.0,1.0,0.7795871432620047,1.0141365378990472,1.0151897412185882,0.8012179465153875,1.028273010508942,1.0303794049614232,0.821968929944108,1.0706825589169313,1.0759485511414348,0.8781705720152153,1.1413651178338626,1.1518971022828695,0.948534499114061,1.212047676750794,1.2278456534243043,0.9881144274831618,1.2827302356677253,1.3037942045657391,1.0,0.22041285673799527,0.8559375405311584,0.0007747396011836827,0.0,0.0007747396011836827,0.0,238.0,67753.0,307200.0,balloon,267,1548266478.82491
1.0,1.0,0.7757629107981221,1.0144527080128771,1.0156329212588844,0.7977721778142924,1.0289054160257542,1.03126576330518,0.8188915379009454,1.0722634087298586,1.0781644478692447,0.8761049077467242,1.1445268174597172,1.1563288957384894,0.9477187491020757,1.2167902261895756,1.234493343607734,0.9879452034740329,1.2890536349194341,1.312657791476979,1.0,0.22423708920187793,0.8428613543510437,0.004726562649011612,0.0,0.004726562649011612,0.0,1452.0,68949.0,307200.0,balloon,268,1548266478.85829
1.0,1.0,0.7691009332151608,1.01501101271427,1.0163496949058524,0.7917699368390585,1.0300218930323597,1.032699470065847,0.8135315232724587,1.0750548649770795,1.081748795545831,0.8725114342064668,1.1501097299541592,1.1634975910916618,0.9463052830355403,1.2251645949312386,1.2452463866374928,0.9876537603613227,1.3002194599083183,1.3269951821833237,1.0,0.23089906678483915,0.8410091400146484,0.1865234375,0.9678184991273997,0.006002604495733976,55456.0,57300.0,70978.0,307200.0,balloon,269,1548266478.89167
1.0,1.0,0.7818877509484344,1.0139478110709437,1.0156129456055627,0.8032909322408306,1.0278955570664623,1.0312258912111254,0.8238205087220191,1.0697389902792933,1.0780648845783904,0.8794142421570028,1.1394779805585866,1.1561297691567811,0.9490267600242794,1.20921697083788,1.2341946537351716,0.988216902421174,1.2789559611171732,1.312259538313562,1.0,0.21811224905156554,0.8526953458786011,0.0018912761006504297,0.0,0.0018912761006504297,0.0,581.0,67048.0,307200.0,balloon,270,1548266478.92504
1.0,1.0,0.7761947900441224,1.0144167543053142,1.0160594440630395,0.7981611779392187,1.0288336398062083,1.032118888126079,0.8192389368820212,1.072084099515521,1.080297378065402,0.8763380838670212,1.144168199031042,1.1605947561308039,0.9478107151162357,1.216252298546563,1.2408921341962058,0.9879642442603421,1.2883363980620839,1.321189512261608,1.0,0.22380520995587766,0.8519694209098816,0.003479817882180214,0.0,0.003479817882180214,0.0,1069.0,68800.0,307200.0,balloon,271,1548266478.95843
1.0,1.0,0.7752818872190494,1.014492645143126,1.015940417014495,0.7973386814967556,1.0289852902862522,1.03188083402899,0.8185043313053477,1.0724633570336006,1.0797020060205915,0.875845229427569,1.1449267140672013,1.1594040120411828,0.9476163657930202,1.2173900711008019,1.2391060180617743,0.9879240170459374,1.2898534281344023,1.3188080240823656,1.0,0.22471811278095058,0.8485319018363953,0.18532878160476685,0.9250698189099468,0.013886719010770321,52667.0,56933.0,69070.0,307200.0,balloon,272,1548266478.99180
1.0,1.0,0.778790424465023,1.0142020986374223,1.015735828343064,0.8004999788264254,1.028404262602486,1.031471656686128,0.821327752685405,1.0710106238423942,1.078679219818451,0.8777400525464787,1.1420212476847884,1.1573584396369017,0.9483642900895422,1.2130318715271826,1.2360376594553526,0.9880790571097697,1.2840424953695768,1.3147168792738033,1.0,0.221209575534977,0.8561751246452332,0.18079102039337158,0.9600460937359333,0.007223307620733976,53320.0,55539.0,67953.0,307200.0,balloon,273,1548266479.02517
1.0,1.0,0.7825468396464441,1.013893886949757,1.015387296532639,0.8038846830628954,1.0277878389031956,1.0307745157130268,0.82435097730869,1.0694696947635114,1.0769364053109436,0.879770670997973,1.1389393895270228,1.1538728106218874,0.9491679938622195,1.2084090842905342,1.230809215932831,0.9882463526403731,1.2778787790540456,1.3077456212437746,1.0,0.2174531603535559,0.8599023818969727,0.018186848610639572,0.0,0.018186848610639572,0.0,5587.0,66800.0,307200.0,balloon,274,1548266479.05854
1.0,1.0,0.7795425315425315,1.0141401430349557,1.0152963956654406,0.8011776566521255,1.0282802860699114,1.030592791330881,0.8219329116476455,1.0707009109628807,1.0764819783272026,0.8781464630099848,1.1414018219257613,1.152963956654405,0.9485249647683566,1.212102732888642,1.2294459349816076,0.9881124453438567,1.2828036438515227,1.30592791330881,1.0,0.22045746845746847,0.854026734828949,0.002480468712747097,0.27034120734908135,0.0018098958535119891,206.0,762.0,67717.0,307200.0,balloon,275,1548266479.09190
1.0,1.0,0.7867992707858584,1.0135485970606855,1.0148309296777454,0.807716556955048,1.027097194121371,1.0296618593554907,0.8277739580493886,1.067743049952625,1.074154725806132,0.882071793906106,1.13548609990525,1.1483094516122638,0.9500814523626258,1.203229149857875,1.222464177418396,0.9884373544005755,1.2709721998105004,1.2966189032245279,1.0,0.21320072921414154,0.8518685102462769,0.0169824231415987,0.0,0.0169824231415987,0.0,5217.0,65493.0,307200.0,balloon,276,1548266479.12527
1.0,1.0,0.7882832439189541,1.013428964414325,1.0147976814094266,0.809053805094222,1.0268579288286503,1.02959528678553,0.8289687429033437,1.0671448865982787,1.07398833101381,0.8828754041312804,1.1342897731965575,1.1479766620276202,0.9504011220172894,1.2014346597948362,1.2219649930414302,0.9885044103827095,1.2685795463931149,1.2959533240552403,1.0,0.2117167560810459,0.866930365562439,0.16805338859558105,0.8455235733932515,0.02596028707921505,43651.0,51626.0,65036.0,307200.0,balloon,277,1548266479.15863
1.0,1.0,0.7916046713788512,1.0131628667141017,1.0144239052361332,0.8120469194048047,1.026325669164552,1.0288479621352202,0.8316429273774573,1.0658142050432058,1.0721199811695277,0.884675131289576,1.1316284100864116,1.1442399623390553,0.9511182794254696,1.1974426151296171,1.216359943508583,0.9886552454638884,1.263256820172823,1.2884799246781105,1.0,0.20839532862114882,0.8642252683639526,0.16486980020999908,0.8330832411941241,0.027519531548023224,42194.0,50648.0,64008.0,307200.0,balloon,278,1548266479.19200
1.0,1.0,0.7927240172540083,1.0130736535184082,1.014325014603159,0.813055638296627,1.0261473070368166,1.0286498770900772,0.8325442948650856,1.0653682675920413,1.071624844841434,0.8852819891136904,1.1307365351840826,1.143249689682868,0.9513604851366375,1.1961048027761236,1.2148745345243022,0.988706311060018,1.261473070368165,1.2864993793657362,1.0,0.2072759827459917,0.8603255152702332,0.18102213740348816,0.7379967631720914,0.04742838814854622,41040.0,55610.0,63671.0,307200.0,balloon,279,1548266479.22538
1.0,1.0,0.7970636587072937,1.0127301957148576,1.0141831416074147,0.8169663852297016,1.025460455245338,1.0283662832148295,0.8360389517475152,1.063651233836779,1.0709157080370735,0.8876363295878925,1.1273024676735581,1.141831416074147,0.9523019541469719,1.190953701510337,1.2127471241112202,0.9889053955142205,1.2546049353471163,1.2836628321482937,1.0,0.20293634129270635,0.8674251437187195,0.0,,,0.0,0.0,62339.0,307200.0,balloon,280,1548266479.25875
1.0,1.0,0.802973675129085,1.0122684913011923,1.0137354647694408,0.8222926199287494,1.0245370459530576,1.0274709295388815,0.8407992019062666,1.0613427099086534,1.0686773984174407,0.8908466330905797,1.1226854198173069,1.1373547968348812,0.953590314647784,1.1840281297259603,1.2060321952523219,0.9891793347823623,1.2453708396346137,1.2747095936697623,1.0,0.197026324870915,0.8694499135017395,0.17378906905651093,0.7839964036862216,0.03753906488418579,41856.0,53388.0,60519.0,307200.0,balloon,281,1548266479.29211
1.0,1.0,0.8008731435119772,1.0124318600330893,1.0138979088582356,0.8203996711704576,1.0248637200661785,1.0277958926055157,0.8391072641205649,1.0621593001654466,1.0694898438473557,0.8897051065723092,1.124318600330893,1.1389796876947116,0.9531315932419445,1.1864779004963395,1.2084695315420673,0.9890816014923635,1.2486372006617859,1.277959375389423,1.0,0.19912685648802275,0.86795574426651,0.1857845038175583,0.7828395213148074,0.04034505411982536,44679.0,57073.0,61165.0,307200.0,balloon,282,1548266479.32547
1.0,1.0,0.810077380584212,1.0117224860554086,1.0130048887549217,0.8286952505162886,1.0234449721108172,1.0260097039194815,0.8465224243634133,1.0586124930678904,1.0650244437746086,0.8947113343746427,1.117224986135781,1.1300488875492172,0.9551482198019913,1.1758374792036714,1.1950733313238258,0.9895128604265082,1.2344499722715618,1.2600977750984346,1.0,0.18992261941578797,0.8709277510643005,0.15131185948848724,0.8606802486930706,0.021080730482935905,40007.0,46483.0,58341.0,307200.0,balloon,283,1548266479.35884
1.0,1.0,0.8133746992776152,1.011472258355013,1.0128395992930772,0.831667199660682,1.022944516710026,1.0256791985861544,0.8491794361744257,1.05736141685011,1.0641980698097975,0.896507389043159,1.1147228337002202,1.1283961396195947,0.9558747610447278,1.1720842505503302,1.1925942094293922,0.9896692395784226,1.2294456674004404,1.2567922792391897,1.0,0.1866253007223848,0.8715559840202332,0.16111654043197632,0.8232952823517528,0.028470052406191826,40749.0,49495.0,57327.0,307200.0,balloon,284,1548266479.39221
1.0,1.0,0.8129100529100529,1.0115073573588609,1.012827542107297,0.8312482938586825,1.023014777301584,1.0256550105798412,0.8488049268109882,1.0575370997136162,1.0641376369017324,0.8962542126892463,1.1150741994272324,1.1282752738034647,0.9557722497062724,1.1726112991408488,1.192412910705197,0.9896471433358428,1.230148398854465,1.2565505476069294,1.0,0.18708994708994708,0.8679524660110474,0.14771485328674316,0.6773105910353034,0.04766601696610451,30735.0,45378.0,57462.0,307200.0,balloon,285,1548266479.42558
1.0,1.0,0.8152956930565647,1.0113274428232888,1.0126277992730683,0.8333986901008072,1.0226548856465774,1.0252554519873374,0.850727664895628,1.0566372141164435,1.063138703247743,0.897554385889731,1.113274428232887,1.126277406495486,0.9562990247561259,1.1699116423493303,1.189416109743229,0.9897608002503852,1.2265488564657738,1.252554812990972,1.0,0.18470430694343531,0.8693880438804626,0.18189778923988342,0.7214517081551209,0.05066731944680214,40314.0,55879.0,56691.0,307200.0,balloon,286,1548266479.45895
1.0,1.0,0.8254101192066792,1.0105759474430192,1.0120258255912358,0.842515909757104,1.0211518948860383,1.0240515058728343,0.8588806377656327,1.052879737215096,1.0601291279561793,0.9030745402638324,1.1057594744301917,1.1202582559123586,0.9585446764188099,1.1586392116452877,1.1803873838685377,0.9902483750242299,1.2115189488603837,1.240516511824717,1.0,0.17458988079332077,0.8684342503547668,0.1974804699420929,0.6912603435202584,0.06097005307674408,41936.0,60666.0,53575.0,307200.0,balloon,287,1548266479.49232
1.0,1.0,0.8245763844301112,1.0106371467871416,1.0119363402923531,0.8417642555163455,1.0212744170925576,1.0238725354761418,0.8582085318069662,1.0531859809722568,1.0596814112446369,0.9026190416908599,1.1063719619445136,1.1193628224892735,0.958358822957379,1.1595579429167704,1.1790442337339104,0.9902078370586078,1.2127439238890272,1.238725644978547,1.0,0.17542361556988884,0.8683821558952332,0.15836913883686066,0.8737949887977636,0.01998697966337204,42511.0,48651.0,53824.0,307200.0,balloon,288,1548266479.52569
1.0,1.0,0.831184060090618,1.0101551845588927,1.011361400549524,0.8477210133178189,1.0203102466532903,1.0227228730111977,0.8635361296711942,1.0507757390977208,1.056807146571919,0.9062313272171628,1.1015514781954416,1.1136142931438382,0.959835402163372,1.1523272172931625,1.170421439715757,0.9905308147365721,1.203102956390883,1.2272285862876762,1.0,0.16881593990938198,0.868004560470581,0.1663639396429062,0.7912223374488817,0.03473307192325592,40437.0,51107.0,51828.0,307200.0,balloon,289,1548266479.55906
1.0,1.0,0.7971215101812166,1.0127256174794173,1.0131607004470236,0.817018496790109,1.0254513626427506,1.0263214747285254,0.836085579264373,1.0636284704488346,1.0658036499040742,0.8876677320744718,1.127256940897669,1.1316072998081486,0.9523145310003849,1.1908854113465035,1.1974109497122227,0.9889080613414297,1.254513881795338,1.263214599616297,1.0,0.20287848981878345,0.8701953291893005,0.21345052123069763,0.6841334716037333,0.06742187589406967,44860.0,65572.0,62308.0,307200.0,balloon,290,1548266479.59242
1.0,1.0,0.8285169677913361,1.010348806513395,1.0116041829567906,0.8453165527217035,1.0206976130267897,1.0232083659135809,0.8613856604487287,1.0517439711179977,1.0580209870774013,0.9047726546346831,1.1034879422359956,1.1160419741548029,0.959238408558126,1.1552319133539932,1.1740629612322042,0.9903999823213279,1.2069758844719911,1.2320839483096058,1.0,0.17148303220866393,0.8668424487113953,0.22166667878627777,0.6135896381578947,0.08565429598093033,41783.0,68096.0,52667.0,307200.0,balloon,291,1548266479.62579
1.0,1.0,0.8355640410780378,1.009839817825921,1.0110884352956917,0.8516695346885542,1.0196796356518416,1.0221767264247128,0.8670684671211506,1.0491990891296041,1.055441888145117,0.9086286202702016,1.098398178259208,1.110883776290234,0.9608186947964339,1.1475972673888122,1.166325664435351,0.9907470366469919,1.1967963565184163,1.221767552580468,1.0,0.16443595892196217,0.8620898723602295,0.2129492312669754,0.6392583081109174,0.07681966572999954,41819.0,65418.0,50520.0,307200.0,balloon,292,1548266479.65916
1.0,1.0,0.8407060901415243,1.0094738410403503,1.0108464916792392,0.8563053169869537,1.018947560951975,1.0216929833584785,0.87121577769212,1.047369084073026,1.0542323869610937,0.9114458578556698,1.0947381681460522,1.1084647739221871,0.9619776083997509,1.1421072522190783,1.1626971608832808,0.9910030314889051,1.1894763362921044,1.2169295478443742,1.0,0.15929390985847566,0.8664681315422058,0.21805013716220856,0.6129431962379637,0.08439778536558151,41058.0,66985.0,48920.0,307200.0,balloon,293,1548266479.69253
1.0,1.0,0.8460971969682158,1.009094865435275,1.010459956574411,0.8611658437978154,1.0181897308705499,1.0209198419873298,0.8755650312526049,1.0454743271763745,1.0522997117105628,0.914402792153372,1.0909486543527491,1.1045994234211258,0.9631978521539964,1.1364229815291236,1.1568991351316886,0.9912739047580265,1.181897308705498,1.2091988468422514,1.0,0.1539028030317842,0.8642740845680237,0.23032227158546448,0.5772171577980355,0.09737630188465118,40841.0,70755.0,47231.0,307200.0,balloon,294,1548266479.72589
1.0,1.0,0.8399399233077367,1.0095280790847594,1.011038673608113,0.855614620207366,1.0190560369571626,1.0220772754517145,0.870597792005536,1.047640334817619,1.055193224511542,0.911025895888099,1.0952806696352382,1.1103864490230841,0.9618046214495627,1.142921004452857,1.165579673534626,0.9909647413843622,1.1905613392704761,1.220772898046168,1.0,0.16006007669226333,0.8652148842811584,0.23452474176883698,0.5825306054465202,0.09790690243244171,41969.0,72046.0,49205.0,307200.0,balloon,295,1548266479.75925
1.0,1.0,0.838853930534928,1.0096051086175768,1.0111373763345728,0.8546354082588216,1.0192102172351536,1.0222747526691458,0.8697218832427103,1.0480256644211916,1.0556868816728644,0.9104307417111558,1.0960513288423832,1.1113737633457286,0.9615596080001365,1.1440769932635748,1.167060645018593,0.9909105555306212,1.1921026576847664,1.2227475266914574,1.0,0.16114606946507204,0.863792359828949,0.2370377629995346,0.5990139800598753,0.09504882991313934,43619.0,72818.0,49524.0,307200.0,balloon,296,1548266479.79262
1.0,1.0,0.8367677861808406,1.0097537221557213,1.0113213134018997,0.8527547139299949,1.0195074443114427,1.0226426268037994,0.8680392787304906,1.048768671701674,1.0566065670094984,0.9092878574021503,1.0975373434033477,1.1132131340189968,0.9610895571579412,1.1463060151050217,1.1698197010284952,0.990806756728059,1.1950746868066955,1.2264262680379938,1.0,0.16323221381915942,0.8628938794136047,0.2378971427679062,0.5864234695273802,0.098388671875,42857.0,73082.0,50102.0,307200.0,balloon,297,1548266479.82598
1.0,1.0,0.8405760625484165,1.0094829681332997,1.0109841479979076,0.8561879422228063,1.0189659970252563,1.021968439395747,0.871110965715455,1.0474150837011258,1.0549210267894018,0.9113745806031713,1.0948301674022514,1.1098420535788034,0.9619482428856556,1.1422452511033772,1.1647630803682052,0.9909965295911116,1.189660334804503,1.2196841071576068,1.0,0.15942393745158348,0.865221381187439,0.4109700620174408,0.3232871287128713,0.27810871601104736,40815.0,126250.0,48825.0,307200.0,balloon,298,1548266479.85935
1.0,1.0,0.831772556679547,1.01011261133015,1.0115999932923783,0.8482515271088611,1.0202251613010902,1.0231999865847565,0.8640107863865149,1.0505629339323301,1.0580001110227042,0.9065532979872614,1.1011258678646603,1.1160002220454084,0.9599673094569485,1.1516888017969904,1.1740003330681124,0.9905597679129494,1.2022517357293205,1.2320004440908165,1.0,0.16822744332045297,0.8669401407241821,0.4128255248069763,0.38273143037375806,0.2548242211341858,48538.0,126820.0,51574.0,307200.0,balloon,299,1548266479.89272
1.0,1.0,0.8263962676832238,1.010503661445826,1.012086264078059,0.8434048726941739,1.0210072610763188,1.024172528156118,0.8596756563887984,1.0525183072291302,1.0604313931977987,0.9036134156344328,1.1050366144582604,1.1208627863955976,0.9587646763185984,1.1575549216873904,1.1812941795933962,0.9902964037416315,1.2100732289165206,1.241725572791195,1.0,0.17360373231677614,0.8674576878547668,0.4904915392398834,0.33216971177138155,0.32756510376930237,50051.0,150679.0,53301.0,307200.0,balloon,300,1548266479.92609
1.0,1.0,0.8266905875484595,1.0104821084256088,1.0119678555599618,0.8436701972306788,1.0209642168512179,1.0239357111199234,0.859913028562632,1.052410604118975,1.0598392777998087,0.9037742676865925,1.10482120823795,1.1196785555996174,0.9588303719638434,1.157231812356925,1.179517833399426,0.9903107548976396,1.2096424164758999,1.239357111199235,1.0,0.17330941245154052,0.86474609375,0.40213868021965027,0.40170151452601244,0.24059896171092987,49625.0,123537.0,53400.0,307200.0,balloon,301,1548266479.95946
1.0,1.0,0.8311957702425044,1.010154312635308,1.0116519764957266,0.8477315664945139,1.020308563766975,1.023303952991453,0.8635456395141605,1.0507715016728991,1.058260027010027,0.9062377335286599,1.101543003345798,1.116520054020054,0.9598380262767052,1.1523145050186971,1.174780081030081,0.990531390560187,1.203086006691596,1.233040108040108,1.0,0.16880422975749565,0.8678483366966248,0.5165331959724426,0.30915243983135765,0.3568457067012787,49056.0,158679.0,52041.0,307200.0,balloon,302,1548266479.99283
1.0,1.0,0.8242170587386347,1.0106636067159072,1.012058500108691,0.8414403804925259,1.021327213431814,1.0241168556813083,0.8579187478530813,1.053318157940816,1.0602923560073818,0.9024227552768762,1.106636315881632,1.1205847120147634,0.9582787641283494,1.1599544738224479,1.1808770680221452,0.990190385022732,1.2132726317632638,1.241169424029527,1.0,0.1757829412613653,0.8735417127609253,0.5024381875991821,0.32959073269020206,0.3368391990661621,50872.0,154349.0,54584.0,307200.0,balloon,303,1548266480.02620
1.0,1.0,0.8247121915401359,1.010627223359434,1.0117771081905342,0.8418867803314185,1.021254384613856,1.0235542163810685,0.8583179153428773,1.053136054692158,1.0588856130443207,0.9026932321755852,1.1062721093843157,1.1177712260886417,0.9583890876020045,1.1594081640764737,1.1766568391329624,0.9902144360580838,1.2125442187686315,1.235542452177283,1.0,0.17528780845986416,0.8717089891433716,0.42024415731430054,0.39358941587463886,0.2548404932022095,50812.0,129099.0,54436.0,307200.0,balloon,304,1548266480.05957
1.0,1.0,0.8246015010019777,1.0106353368343723,1.0110165557768562,0.8417869957475991,1.0212706736687447,1.022033040664386,0.8582286910176419,1.0531767462176866,1.055082707994955,0.9026327625327903,1.106353492435373,1.11016541598991,0.9583644199257301,1.1595302386530597,1.1652481239848649,0.9902090573730593,1.2127069848707461,1.2203308319798198,1.0,0.17539849899802223,0.8755794763565063,0.031953126192092896,0.0009168704156479218,0.03192383050918579,9.0,9816.0,54732.0,307200.0,balloon,305,1548266480.09294
1.0,1.0,0.8322811873690258,1.0100758257639935,1.0098009578186695,0.8487099554204686,1.0201517128082642,1.0196019156373393,0.8644209169718572,1.0503792513805221,1.0490046502951405,0.9068316063758547,1.1007585027610443,1.0980093005902811,0.9600813676558873,1.1511377541415662,1.1470139508854216,0.9905848164796377,1.2015170055220883,1.196018601180562,1.0,0.1677188126309742,0.8765625357627869,0.11991211026906967,0.00021717295110893937,0.11988607048988342,8.0,36837.0,51924.0,307200.0,balloon,306,1548266480.12632
1.0,1.0,0.8479636051367102,1.0089647827507036,1.0085579932780357,0.8628485971694747,1.0179294447107208,1.0171159865560715,0.8770706264010313,1.0448239741488605,1.0427898983210337,0.9154272495839858,1.089647948297721,1.0855797966420675,0.9636215289309515,1.1344719224465816,1.128369694963101,0.9913682693790269,1.179295896595442,1.1711595932841348,1.0,0.15203639486328982,0.8751139640808105,0.127337247133255,0.004550334884196533,0.12675781548023224,178.0,39118.0,47406.0,307200.0,balloon,307,1548266480.15968
1.0,1.0,0.8598081912982589,1.0081525048330873,1.0075646382151748,0.8735284041079833,1.0163050096661745,1.0151291420697128,0.8866294225226343,1.0407625241654361,1.0378230567152371,0.9219376125935376,1.0815250483308725,1.0756461134304742,0.9663247365641462,1.1222875724963086,1.1134691701457113,0.9919741117495929,1.1630500966617447,1.1512922268609487,1.0,0.14019180870174106,0.8716503977775574,0.03174479305744171,0.04532403609515997,0.03030599094927311,442.0,9752.0,43387.0,307200.0,balloon,308,1548266480.19305
1.0,1.0,0.881096543192098,1.006747470395079,1.006061329930883,0.8927258631348773,1.013494940790158,1.0121227898983427,0.9038179551197707,1.033737351975395,1.0303068447092798,0.9336762028676051,1.0674747039507897,1.0606136894185596,0.9712442777218298,1.1012120559261847,1.0909205341278394,0.9930928491528782,1.1349494079015794,1.1212273788371192,1.0,0.11890345680790203,0.8771159052848816,0.0431315116584301,0.005207547169811321,0.042906902730464935,69.0,13250.0,36822.0,307200.0,balloon,309,1548266480.22643
1.0,1.0,0.894772690805136,1.005880068290862,1.005269591664982,0.9050601549774661,1.011760250948789,1.0105392477898012,0.9148660279037691,1.0294005701884403,1.0263480872445843,0.9412415217687401,1.0588011403768807,1.0526961744891687,0.974444518430857,1.088201710565321,1.079044261733753,0.9938313568346117,1.1176022807537613,1.1053923489783373,1.0,0.10522730919486405,0.8722200989723206,0.011259766295552254,0.36629083550159003,0.007135416846722364,1267.0,3459.0,32475.0,307200.0,balloon,310,1548266480.25980
1.0,1.0,0.9047118326487025,1.0052661712258089,1.0047042319575117,0.914024997199896,1.0105324556004127,1.0094084639150236,0.9228977789202005,1.0263310824266343,1.0235211597875589,0.9467509322628274,1.0526621648532686,1.0470423195751175,0.9767891256089604,1.0789932472799029,1.0705634793626764,0.9943775889219898,1.1053243297065374,1.094084639150235,1.0,0.09528816735129753,0.8657194375991821,0.01012369804084301,0.2337620578778135,0.007757161743938923,727.0,3110.0,29370.0,307200.0,balloon,311,1548266480.29317
1.0,1.0,0.918572256360059,1.004432321588949,1.0039714617794562,0.9265277685036829,1.0088646431778978,1.0079429235589124,0.9341020635486145,1.0221614965714856,1.0198573088972809,0.9544492623316994,1.0443229931429712,1.0397146177945618,0.9800844230796542,1.0664844897144568,1.0595719266918426,0.9951524797072849,1.0886459862859423,1.0794292355891235,1.0,0.08142774363994094,0.873694658279419,0.0025358074344694614,0.0,0.0025358074344694614,0.0,779.0,25089.0,307200.0,balloon,312,1548266480.32654
1.0,1.0,0.9291255196653159,1.0038141304999877,1.0032911266201396,0.9360480757611579,1.007628040453514,1.00658231555334,0.9426352884140492,1.0190702114070158,1.016455633100698,0.9603222704842441,1.0381404228140316,1.0329112662013957,0.9826129545488262,1.0572106342210474,1.0493668993020937,0.9957525926311094,1.0762808456280635,1.0658225324027917,1.0,0.07087448033468413,0.8699707388877869,0.004573567770421505,0.0,0.004573567770421505,0.0,1405.0,21908.0,307200.0,balloon,313,1548266480.35989
1.0,1.0,0.9434368627605011,1.0029977605156886,1.0025573499805742,0.9489594474722601,1.0059954126132753,1.0051146386426337,0.9542112617373313,1.014988585742239,1.0127866272658417,0.9683020123043898,1.029977171484478,1.0255732545316836,0.9860680361252201,1.044965757226717,1.0383598817975253,0.9965801364868905,1.059954342968956,1.0511465090633672,1.0,0.05656313723949895,0.8719075918197632,0.008339843712747097,0.2646370023419204,0.006132812704890966,678.0,2562.0,17419.0,307200.0,balloon,314,1548266480.39326
1.0,1.0,0.9548757683629325,1.0023627897166454,1.001964681058819,0.9592801424926355,1.004725686608729,1.003929422541475,0.9634667068270292,1.0118141629341033,1.009823465717932,0.9746923668295874,1.0236283258682068,1.0196469314358638,0.9888506621842952,1.0354424888023102,1.0294703971537955,0.9972527622305929,1.0472566517364137,1.0392938628717274,1.0,0.045124231637067434,0.874840497970581,0.015716146677732468,0.0,0.015716146677732468,0.0,4828.0,13935.0,307200.0,balloon,315,1548266480.42665
1.0,1.0,0.9625005332222043,1.0019480444765667,1.0015573077680133,0.9661600930799978,1.0038960889531336,1.0031146155360264,0.9696373395648586,1.00974011584499,1.0077865388400662,0.9789577883323094,1.01948023168998,1.0155730776801324,0.9907155647801477,1.02922034753497,1.0233596165201986,0.9977065449907082,1.03896046337996,1.031146155360265,1.0,0.03749946677779564,0.8696972727775574,0.01723632775247097,0.0,0.01723632775247097,0.0,5295.0,11671.0,307200.0,balloon,316,1548266480.46002
1.0,1.0,0.967982780875502,1.0016538325509614,1.0016174374100553,0.9711068735147639,1.0033076651019226,1.0032346939661325,0.9740747468660698,1.0082690569907502,1.0080868253423203,0.9820274682148696,1.0165381139815006,1.0161736506846408,0.9920613404471482,1.0248071709722508,1.0242604760269611,0.9980354745438711,1.0330762279630012,1.0323473013692817,1.0,0.03201721912449794,0.8709993958473206,0.10619791597127914,0.0,0.10619791597127914,0.0,32624.0,10774.0,307200.0,balloon,317,1548266480.52675
1.0,1.0,0.9749144026551575,1.0012866169134145,1.0011049496747504,0.9773618195815348,1.0025731287024795,1.002209899349501,0.9796859013309545,1.0064327691940242,1.0055246282313501,0.9859120076942537,1.0128655383880485,1.0110492564627,0.9937686852732022,1.0192983075820727,1.0165738846940502,0.9984545190411273,1.025731076776097,1.0220985129254003,1.0,0.025085597344842513,0.8654167056083679,0.06971028447151184,0.0,0.06971028447151184,0.0,21415.0,7845.0,307200.0,balloon,318,1548266480.56012
1.0,1.0,0.975647179810684,1.0012480131134511,1.0010511382196619,0.9780229059491795,1.0024960262269025,1.0021021563435546,0.9802790392823607,1.0062401708048911,1.0052553908588866,0.9863228755416947,1.0124803416097823,1.010510781717773,0.9939495507891928,1.0187205124146734,1.0157661725766596,0.9984990230316454,1.0249606832195644,1.021021563435546,1.0,0.024352820189315907,0.8648405075073242,0.14866212010383606,0.0066784908800280275,0.14766927063465118,305.0,45669.0,7412.0,307200.0,balloon,319,1548266480.59347
1.0,1.0,1.0,1.0,1.0,1.0,1.0,1.0,1.0,1.0,1.0,1.0,1.0,1.0,1.0,1.0,1.0,1.0,1.0,1.0,1.0,0.0,0.8679134249687195,0.11073893308639526,0.0,0.11073893308639526,0.0,34019.0,0.0,307200.0,balloon,320,1548266480.62684
1.0,1.0,0.9818804225934014,1.00092273950736,1.0006708196890046,0.9836479260536647,1.0018454790147204,1.0013415202482474,0.9853260473810139,1.0046134888194278,1.0033537410557374,0.9898194796380049,1.0092269776388556,1.006707482111475,0.9954909082925286,1.0138404664582832,1.0100612231672124,0.9988791611118648,1.018453955277711,1.01341496422295,1.0,0.018119577406598596,0.8653581142425537,0.10594075918197632,0.0,0.10594075918197632,0.0,32545.0,5526.0,307200.0,balloon,321,1548266480.66021
1.0,1.0,1.0,1.0,1.0,1.0,1.0,1.0,1.0,1.0,1.0,1.0,1.0,1.0,1.0,1.0,1.0,1.0,1.0,1.0,1.0,0.0,0.8638443946838379,0.017864583060145378,0.0,0.017864583060145378,0.0,5488.0,0.0,307200.0,balloon,322,1548266480.69358
1.0,1.0,1.0,1.0,1.0,1.0,1.0,1.0,1.0,1.0,1.0,1.0,1.0,1.0,1.0,1.0,1.0,1.0,1.0,1.0,1.0,0.0,0.8657812476158142,0.0358072929084301,0.0,0.0358072929084301,0.0,11000.0,0.0,307200.0,balloon,323,1548266480.72695
1.0,1.0,1.0,1.0,1.0,1.0,1.0,1.0,1.0,1.0,1.0,1.0,1.0,1.0,1.0,1.0,1.0,1.0,1.0,1.0,1.0,0.0,0.8668815493583679,0.07564778625965118,0.0,0.07564778625965118,0.0,23239.0,0.0,307200.0,balloon,324,1548266480.76032
1.0,1.0,1.0,1.0,1.0,1.0,1.0,1.0,1.0,1.0,1.0,1.0,1.0,1.0,1.0,1.0,1.0,1.0,1.0,1.0,1.0,0.0,0.8645052313804626,0.02795247547328472,0.0,0.02795247547328472,0.0,8587.0,0.0,307200.0,balloon,325,1548266480.79369
1.0,1.0,1.0,1.0,1.0,1.0,1.0,1.0,1.0,1.0,1.0,1.0,1.0,1.0,1.0,1.0,1.0,1.0,1.0,1.0,1.0,0.0,0.8698144555091858,0.07679037004709244,0.0,0.07679037004709244,0.0,23590.0,0.0,307200.0,balloon,326,1548266480.82706
1.0,1.0,1.0,1.0,1.0,1.0,1.0,1.0,1.0,1.0,1.0,1.0,1.0,1.0,1.0,1.0,1.0,1.0,1.0,1.0,1.0,0.0,0.8665853142738342,0.08490560203790665,0.0,0.08490560203790665,0.0,26083.0,0.0,307200.0,balloon,327,1548266480.86041
1.0,1.0,1.0,1.0,1.0,1.0,1.0,1.0,1.0,1.0,1.0,1.0,1.0,1.0,1.0,1.0,1.0,1.0,1.0,1.0,1.0,0.0,0.8680338859558105,0.020449219271540642,0.0,0.020449219271540642,0.0,6282.0,0.0,307200.0,balloon,328,1548266480.89377
1.0,1.0,1.0,1.0,1.0,1.0,1.0,1.0,1.0,1.0,1.0,1.0,1.0,1.0,1.0,1.0,1.0,1.0,1.0,1.0,1.0,0.0,0.8699414134025574,0.07448568195104599,0.0,0.07448568195104599,0.0,22882.0,0.0,307200.0,balloon,329,1548266480.92714
1.0,1.0,1.0,1.0,1.0,1.0,1.0,1.0,1.0,1.0,1.0,1.0,1.0,1.0,1.0,1.0,1.0,1.0,1.0,1.0,1.0,0.0,0.87018883228302,0.027187500149011612,0.0,0.027187500149011612,0.0,8352.0,0.0,307200.0,balloon,330,1548266480.96051
1.0,1.0,1.0,1.0,1.0,1.0,1.0,1.0,1.0,1.0,1.0,1.0,1.0,1.0,1.0,1.0,1.0,1.0,1.0,1.0,1.0,0.0,0.8739681243896484,0.021067708730697632,0.0,0.021067708730697632,0.0,6472.0,0.0,307200.0,balloon,331,1548266480.99388
1.0,1.0,1.0,1.0,1.0,1.0,1.0,1.0,1.0,1.0,1.0,1.0,1.0,1.0,1.0,1.0,1.0,1.0,1.0,1.0,1.0,0.0,0.8736165761947632,0.01970052160322666,0.0,0.01970052160322666,0.0,6052.0,0.0,307200.0,balloon,332,1548266481.02725
1.0,1.0,1.0,1.0,1.0,1.0,1.0,1.0,1.0,1.0,1.0,1.0,1.0,1.0,1.0,1.0,1.0,1.0,1.0,1.0,1.0,0.0,0.8753190040588379,0.010846354067325592,0.0,0.010846354067325592,0.0,3332.0,0.0,307200.0,balloon,333,1548266481.06061
1.0,1.0,1.0,1.0,1.0,1.0,1.0,1.0,1.0,1.0,1.0,1.0,1.0,1.0,1.0,1.0,1.0,1.0,1.0,1.0,1.0,0.0,0.8760644793510437,0.02152343839406967,0.0,0.02152343839406967,0.0,6612.0,0.0,307200.0,balloon,334,1548266481.09398
1.0,1.0,1.0,1.0,1.0,1.0,1.0,1.0,1.0,1.0,1.0,1.0,1.0,1.0,1.0,1.0,1.0,1.0,1.0,1.0,1.0,0.0,0.876624345779419,0.01512044295668602,0.0,0.01512044295668602,0.0,4645.0,0.0,307200.0,balloon,335,1548266481.12735
1.0,1.0,1.0,1.0,1.0,1.0,1.0,1.0,1.0,1.0,1.0,1.0,1.0,1.0,1.0,1.0,1.0,1.0,1.0,1.0,1.0,0.0,0.8763574361801147,0.07576172053813934,0.0,0.07576172053813934,0.0,23274.0,0.0,307200.0,balloon,336,1548266481.16073
1.0,1.0,1.0,1.0,1.0,1.0,1.0,1.0,1.0,1.0,1.0,1.0,1.0,1.0,1.0,1.0,1.0,1.0,1.0,1.0,1.0,0.0,0.8762402534484863,0.019225260242819786,0.0,0.019225260242819786,0.0,5906.0,0.0,307200.0,balloon,337,1548266481.19409
1.0,1.0,1.0,1.0,1.0,1.0,1.0,1.0,1.0,1.0,1.0,1.0,1.0,1.0,1.0,1.0,1.0,1.0,1.0,1.0,1.0,0.0,0.8746615052223206,0.021184897050261497,0.0,0.021184897050261497,0.0,6508.0,0.0,307200.0,balloon,338,1548266481.22746
1.0,1.0,1.0,1.0,1.0,1.0,1.0,1.0,1.0,1.0,1.0,1.0,1.0,1.0,1.0,1.0,1.0,1.0,1.0,1.0,1.0,0.0,0.8780924677848816,0.08945312350988388,0.0,0.08945312350988388,0.0,27480.0,0.0,307200.0,balloon,339,1548266481.26083
1.0,1.0,1.0,1.0,1.0,1.0,1.0,1.0,1.0,1.0,1.0,1.0,1.0,1.0,1.0,1.0,1.0,1.0,1.0,1.0,1.0,0.0,0.8759179711341858,0.08705403655767441,0.0,0.08705403655767441,0.0,26743.0,0.0,307200.0,balloon,340,1548266481.29420
1.0,1.0,1.0,1.0,1.0,1.0,1.0,1.0,1.0,1.0,1.0,1.0,1.0,1.0,1.0,1.0,1.0,1.0,1.0,1.0,1.0,0.0,0.8773372769355774,0.08586914092302322,0.0,0.08586914092302322,0.0,26379.0,0.0,307200.0,balloon,341,1548266481.32757
1.0,1.0,1.0,1.0,1.0,1.0,1.0,1.0,1.0,1.0,1.0,1.0,1.0,1.0,1.0,1.0,1.0,1.0,1.0,1.0,1.0,0.0,0.8776302337646484,0.016106771305203438,0.0,0.016106771305203438,0.0,4948.0,0.0,307200.0,balloon,342,1548266481.36094
1.0,1.0,1.0,1.0,1.0,1.0,1.0,1.0,1.0,1.0,1.0,1.0,1.0,1.0,1.0,1.0,1.0,1.0,1.0,1.0,1.0,0.0,0.8752930164337158,0.08195963501930237,0.0,0.08195963501930237,0.0,25178.0,0.0,307200.0,balloon,343,1548266481.39431
1.0,1.0,1.0,1.0,1.0,1.0,1.0,1.0,1.0,1.0,1.0,1.0,1.0,1.0,1.0,1.0,1.0,1.0,1.0,1.0,1.0,0.0,0.8761979341506958,0.0881868526339531,0.0,0.0881868526339531,0.0,27091.0,0.0,307200.0,balloon,344,1548266481.42768
1.0,1.0,1.0,1.0,1.0,1.0,1.0,1.0,1.0,1.0,1.0,1.0,1.0,1.0,1.0,1.0,1.0,1.0,1.0,1.0,1.0,0.0,0.873766303062439,0.08408854156732559,0.0,0.08408854156732559,0.0,25832.0,0.0,307200.0,balloon,345,1548266481.46101
1.0,1.0,1.0,1.0,1.0,1.0,1.0,1.0,1.0,1.0,1.0,1.0,1.0,1.0,1.0,1.0,1.0,1.0,1.0,1.0,1.0,0.0,0.8760677576065063,0.09479166567325592,0.0,0.09479166567325592,0.0,29120.0,0.0,307200.0,balloon,346,1548266481.49438
1.0,1.0,1.0,1.0,1.0,1.0,1.0,1.0,1.0,1.0,1.0,1.0,1.0,1.0,1.0,1.0,1.0,1.0,1.0,1.0,1.0,0.0,0.8754101991653442,0.09073568135499954,0.0,0.09073568135499954,0.0,27874.0,0.0,307200.0,balloon,347,1548266481.52775
1.0,1.0,1.0,1.0,1.0,1.0,1.0,1.0,1.0,1.0,1.0,1.0,1.0,1.0,1.0,1.0,1.0,1.0,1.0,1.0,1.0,0.0,0.8724349141120911,0.07985026389360428,0.0,0.07985026389360428,0.0,24530.0,0.0,307200.0,balloon,348,1548266481.56112
1.0,1.0,1.0,1.0,1.0,1.0,1.0,1.0,1.0,1.0,1.0,1.0,1.0,1.0,1.0,1.0,1.0,1.0,1.0,1.0,1.0,0.0,0.8673405051231384,0.05521484464406967,0.0,0.05521484464406967,0.0,16962.0,0.0,307200.0,balloon,349,1548266481.59449
1.0,1.0,1.0,1.0,1.0,1.0,1.0,1.0,1.0,1.0,1.0,1.0,1.0,1.0,1.0,1.0,1.0,1.0,1.0,1.0,1.0,0.0,0.8695768713951111,0.009830729104578495,0.0,0.009830729104578495,0.0,3020.0,0.0,307200.0,balloon,350,1548266481.62786
1.0,1.0,1.0,1.0,1.0,1.0,1.0,1.0,1.0,1.0,1.0,1.0,1.0,1.0,1.0,1.0,1.0,1.0,1.0,1.0,1.0,0.0,0.8700781464576721,0.06512044370174408,0.0,0.06512044370174408,0.0,20005.0,0.0,307200.0,balloon,351,1548266481.66123
1.0,1.0,1.0,1.0,1.0,1.0,1.0,1.0,1.0,1.0,1.0,1.0,1.0,1.0,1.0,1.0,1.0,1.0,1.0,1.0,1.0,0.0,0.8727018237113953,0.009095052257180214,0.0,0.009095052257180214,0.0,2794.0,0.0,307200.0,balloon,352,1548266481.69460
1.0,1.0,1.0,1.0,1.0,1.0,1.0,1.0,1.0,1.0,1.0,1.0,1.0,1.0,1.0,1.0,1.0,1.0,1.0,1.0,1.0,0.0,0.8707747459411621,0.0700455754995346,0.0,0.0700455754995346,0.0,21518.0,0.0,307200.0,balloon,353,1548266481.72797
1.0,1.0,1.0,1.0,1.0,1.0,1.0,1.0,1.0,1.0,1.0,1.0,1.0,1.0,1.0,1.0,1.0,1.0,1.0,1.0,1.0,0.0,0.8687630295753479,0.0031770833302289248,0.0,0.0031770833302289248,0.0,976.0,0.0,307200.0,balloon,354,1548266481.76134
1.0,1.0,1.0,1.0,1.0,1.0,1.0,1.0,1.0,1.0,1.0,1.0,1.0,1.0,1.0,1.0,1.0,1.0,1.0,1.0,1.0,0.0,0.8678027391433716,0.00499674491584301,0.0,0.00499674491584301,0.0,1535.0,0.0,307200.0,balloon,355,1548266481.79471
1.0,1.0,1.0,1.0,1.0,1.0,1.0,1.0,1.0,1.0,1.0,1.0,1.0,1.0,1.0,1.0,1.0,1.0,1.0,1.0,1.0,0.0,0.8700879216194153,0.001783854211680591,0.0,0.001783854211680591,0.0,548.0,0.0,307200.0,balloon,356,1548266481.82808
1.0,1.0,1.0,1.0,1.0,1.0,1.0,1.0,1.0,1.0,1.0,1.0,1.0,1.0,1.0,1.0,1.0,1.0,1.0,1.0,1.0,0.0,0.8695735931396484,0.010055338963866234,0.0,0.010055338963866234,0.0,3089.0,0.0,307200.0,balloon,357,1548266481.86145
1.0,1.0,1.0,1.0,1.0,1.0,1.0,1.0,1.0,1.0,1.0,1.0,1.0,1.0,1.0,1.0,1.0,1.0,1.0,1.0,1.0,0.0,0.8682063817977905,0.015211588703095913,0.0,0.015211588703095913,0.0,4673.0,0.0,307200.0,balloon,358,1548266481.89482
1.0,1.0,1.0,1.0,1.0,1.0,1.0,1.0,1.0,1.0,1.0,1.0,1.0,1.0,1.0,1.0,1.0,1.0,1.0,1.0,1.0,0.0,0.8672656416893005,0.00911458395421505,0.0,0.00911458395421505,0.0,2800.0,0.0,307200.0,balloon,359,1548266481.92819
1.0,1.0,1.0,1.0,1.0,1.0,1.0,1.0,1.0,1.0,1.0,1.0,1.0,1.0,1.0,1.0,1.0,1.0,1.0,1.0,1.0,0.0,0.8675585985183716,0.007333984598517418,0.0,0.007333984598517418,0.0,2253.0,0.0,307200.0,balloon,360,1548266481.96156
1.0,1.0,1.0,1.0,1.0,1.0,1.0,1.0,1.0,1.0,1.0,1.0,1.0,1.0,1.0,1.0,1.0,1.0,1.0,1.0,1.0,0.0,0.8686718940734863,0.0020735678263008595,0.0,0.0020735678263008595,0.0,637.0,0.0,307200.0,balloon,361,1548266481.99492
1.0,1.0,1.0,1.0,1.0,1.0,1.0,1.0,1.0,1.0,1.0,1.0,1.0,1.0,1.0,1.0,1.0,1.0,1.0,1.0,1.0,0.0,0.86774742603302,0.002428385429084301,0.0,0.002428385429084301,0.0,746.0,0.0,307200.0,balloon,362,1548266482.02829
1.0,1.0,1.0,1.0,1.0,1.0,1.0,1.0,1.0,1.0,1.0,1.0,1.0,1.0,1.0,1.0,1.0,1.0,1.0,1.0,1.0,0.0,0.8671940565109253,0.00789713580161333,0.0,0.00789713580161333,0.0,2426.0,0.0,307200.0,balloon,363,1548266482.06167
1.0,1.0,1.0,1.0,1.0,1.0,1.0,1.0,1.0,1.0,1.0,1.0,1.0,1.0,1.0,1.0,1.0,1.0,1.0,1.0,1.0,0.0,0.8668749928474426,0.0013704427983611822,0.0,0.0013704427983611822,0.0,421.0,0.0,307200.0,balloon,364,1548266482.09503
1.0,1.0,1.0,1.0,1.0,1.0,1.0,1.0,1.0,1.0,1.0,1.0,1.0,1.0,1.0,1.0,1.0,1.0,1.0,1.0,1.0,0.0,0.865013062953949,0.000706380233168602,0.0,0.000706380233168602,0.0,217.0,0.0,307200.0,balloon,365,1548266482.12843
1.0,1.0,1.0,1.0,1.0,1.0,1.0,1.0,1.0,1.0,1.0,1.0,1.0,1.0,1.0,1.0,1.0,1.0,1.0,1.0,1.0,0.0,0.8646126389503479,0.0025976563338190317,0.0,0.0025976563338190317,0.0,798.0,0.0,307200.0,balloon,366,1548266482.16178
1.0,1.0,1.0,1.0,1.0,1.0,1.0,1.0,1.0,1.0,1.0,1.0,1.0,1.0,1.0,1.0,1.0,1.0,1.0,1.0,1.0,0.0,0.8652148842811584,0.015094401314854622,0.0,0.015094401314854622,0.0,4637.0,0.0,307200.0,balloon,367,1548266482.19515
1.0,1.0,1.0,1.0,1.0,1.0,1.0,1.0,1.0,1.0,1.0,1.0,1.0,1.0,1.0,1.0,1.0,1.0,1.0,1.0,1.0,0.0,0.868431031703949,0.0014941407134756446,0.0,0.0014941407134756446,0.0,459.0,0.0,307200.0,balloon,368,1548266482.22851
1.0,1.0,1.0,1.0,1.0,1.0,1.0,1.0,1.0,1.0,1.0,1.0,1.0,1.0,1.0,1.0,1.0,1.0,1.0,1.0,1.0,0.0,0.8670735955238342,0.0018164062639698386,0.0,0.0018164062639698386,0.0,558.0,0.0,307200.0,balloon,369,1548266482.26188
1.0,1.0,1.0,1.0,1.0,1.0,1.0,1.0,1.0,1.0,1.0,1.0,1.0,1.0,1.0,1.0,1.0,1.0,1.0,1.0,1.0,0.0,0.8664713501930237,0.0,,,0.0,0.0,0.0,307200.0,balloon,370,1548266482.29525
1.0,1.0,1.0,1.0,1.0,1.0,1.0,1.0,1.0,1.0,1.0,1.0,1.0,1.0,1.0,1.0,1.0,1.0,1.0,1.0,1.0,0.0,0.8666276335716248,0.06257161498069763,0.0,0.06257161498069763,0.0,19222.0,0.0,307200.0,balloon,371,1548266482.32865
1.0,1.0,1.0,1.0,1.0,1.0,1.0,1.0,1.0,1.0,1.0,1.0,1.0,1.0,1.0,1.0,1.0,1.0,1.0,1.0,1.0,0.0,0.8638607263565063,0.06529948115348816,0.0,0.06529948115348816,0.0,20060.0,0.0,307200.0,balloon,372,1548266482.36202
1.0,1.0,1.0,1.0,1.0,1.0,1.0,1.0,1.0,1.0,1.0,1.0,1.0,1.0,1.0,1.0,1.0,1.0,1.0,1.0,1.0,0.0,0.8686816692352295,0.09458333253860474,0.0,0.09458333253860474,0.0,29056.0,0.0,307200.0,balloon,373,1548266482.39539
1.0,1.0,1.0,1.0,1.0,1.0,1.0,1.0,1.0,1.0,1.0,1.0,1.0,1.0,1.0,1.0,1.0,1.0,1.0,1.0,1.0,0.0,0.8714583516120911,0.09680664539337158,0.0,0.09680664539337158,0.0,29739.0,0.0,307200.0,balloon,374,1548266482.42876
1.0,1.0,1.0,1.0,1.0,1.0,1.0,1.0,1.0,1.0,1.0,1.0,1.0,1.0,1.0,1.0,1.0,1.0,1.0,1.0,1.0,0.0,0.8720085024833679,0.09406901150941849,0.0,0.09406901150941849,0.0,28898.0,0.0,307200.0,balloon,375,1548266482.46213
1.0,1.0,1.0,1.0,1.0,1.0,1.0,1.0,1.0,1.0,1.0,1.0,1.0,1.0,1.0,1.0,1.0,1.0,1.0,1.0,1.0,0.0,0.8705859780311584,0.08186198025941849,0.0,0.08186198025941849,0.0,25148.0,0.0,307200.0,balloon,376,1548266482.49550
1.0,1.0,1.0,1.0,1.0,1.0,1.0,1.0,1.0,1.0,1.0,1.0,1.0,1.0,1.0,1.0,1.0,1.0,1.0,1.0,1.0,0.0,0.8692318201065063,0.007044271100312471,0.0,0.007044271100312471,0.0,2164.0,0.0,307200.0,balloon,377,1548266482.52885
1.0,1.0,1.0,1.0,1.0,1.0,1.0,1.0,1.0,1.0,1.0,1.0,1.0,1.0,1.0,1.0,1.0,1.0,1.0,1.0,1.0,0.0,0.869371771812439,0.018238931894302368,0.0,0.018238931894302368,0.0,5603.0,0.0,307200.0,balloon,378,1548266482.56222
1.0,1.0,1.0,1.0,1.0,1.0,1.0,1.0,1.0,1.0,1.0,1.0,1.0,1.0,1.0,1.0,1.0,1.0,1.0,1.0,1.0,0.0,0.8678320646286011,0.07601562887430191,0.0,0.07601562887430191,0.0,23352.0,0.0,307200.0,balloon,379,1548266482.59558
1.0,1.0,1.0,1.0,1.0,1.0,1.0,1.0,1.0,1.0,1.0,1.0,1.0,1.0,1.0,1.0,1.0,1.0,1.0,1.0,1.0,0.0,0.8686100244522095,0.003935547079890966,0.0,0.003935547079890966,0.0,1209.0,0.0,307200.0,balloon,380,1548266482.62894
1.0,1.0,1.0,1.0,1.0,1.0,1.0,1.0,1.0,1.0,1.0,1.0,1.0,1.0,1.0,1.0,1.0,1.0,1.0,1.0,1.0,0.0,0.8682519793510437,0.00033203125349245965,0.0,0.00033203125349245965,0.0,102.0,0.0,307200.0,balloon,381,1548266482.66229
1.0,1.0,1.0,1.0,1.0,1.0,1.0,1.0,1.0,1.0,1.0,1.0,1.0,1.0,1.0,1.0,1.0,1.0,1.0,1.0,1.0,0.0,0.86945641040802,0.0,,,0.0,0.0,0.0,307200.0,balloon,382,1548266482.69566
1.0,1.0,1.0,1.0,1.0,1.0,1.0,1.0,1.0,1.0,1.0,1.0,1.0,1.0,1.0,1.0,1.0,1.0,1.0,1.0,1.0,0.0,0.8721712231636047,0.0003971354162786156,0.0,0.0003971354162786156,0.0,122.0,0.0,307200.0,balloon,383,1548266482.72903
1.0,1.0,1.0,1.0,1.0,1.0,1.0,1.0,1.0,1.0,1.0,1.0,1.0,1.0,1.0,1.0,1.0,1.0,1.0,1.0,1.0,0.0,0.8691374063491821,0.016946615651249886,0.0,0.016946615651249886,0.0,5206.0,0.0,307200.0,balloon,384,1548266482.76240
1.0,1.0,1.0,1.0,1.0,1.0,1.0,1.0,1.0,1.0,1.0,1.0,1.0,1.0,1.0,1.0,1.0,1.0,1.0,1.0,1.0,0.0,0.8740169405937195,0.003489583497866988,0.0,0.003489583497866988,0.0,1072.0,0.0,307200.0,balloon,385,1548266482.79577
1.0,1.0,1.0,1.0,1.0,1.0,1.0,1.0,1.0,1.0,1.0,1.0,1.0,1.0,1.0,1.0,1.0,1.0,1.0,1.0,1.0,0.0,0.8727995157241821,0.0039518228732049465,0.0,0.0039518228732049465,0.0,1214.0,0.0,307200.0,balloon,386,1548266482.82914
1.0,1.0,1.0,1.0,1.0,1.0,1.0,1.0,1.0,1.0,1.0,1.0,1.0,1.0,1.0,1.0,1.0,1.0,1.0,1.0,1.0,0.0,0.8698665499687195,0.0053645833395421505,0.0,0.0053645833395421505,0.0,1648.0,0.0,307200.0,balloon,387,1548266482.86252
1.0,1.0,1.0,1.0,1.0,1.0,1.0,1.0,1.0,1.0,1.0,1.0,1.0,1.0,1.0,1.0,1.0,1.0,1.0,1.0,1.0,0.0,0.8711523413658142,0.00910156313329935,0.0,0.00910156313329935,0.0,2796.0,0.0,307200.0,balloon,388,1548266482.89589
1.0,1.0,1.0,1.0,1.0,1.0,1.0,1.0,1.0,1.0,1.0,1.0,1.0,1.0,1.0,1.0,1.0,1.0,1.0,1.0,1.0,0.0,0.8698307275772095,0.0034114583395421505,0.0,0.0034114583395421505,0.0,1048.0,0.0,307200.0,balloon,389,1548266482.92927
1.0,1.0,1.0,1.0,1.0,1.0,1.0,1.0,1.0,1.0,1.0,1.0,1.0,1.0,1.0,1.0,1.0,1.0,1.0,1.0,1.0,0.0,0.8698665499687195,0.01315104216337204,0.0,0.01315104216337204,0.0,4040.0,0.0,307200.0,balloon,390,1548266482.96264
1.0,1.0,1.0,1.0,1.0,1.0,1.0,1.0,1.0,1.0,1.0,1.0,1.0,1.0,1.0,1.0,1.0,1.0,1.0,1.0,1.0,0.0,0.8721517324447632,0.0060188802890479565,0.0,0.0060188802890479565,0.0,1849.0,0.0,307200.0,balloon,391,1548266482.99600
1.0,1.0,1.0,1.0,1.0,1.0,1.0,1.0,1.0,1.0,1.0,1.0,1.0,1.0,1.0,1.0,1.0,1.0,1.0,1.0,1.0,0.0,0.8759668469429016,0.030888672918081284,0.0,0.030888672918081284,0.0,9489.0,0.0,307200.0,balloon,392,1548266483.02937
1.0,1.0,1.0,1.0,1.0,1.0,1.0,1.0,1.0,1.0,1.0,1.0,1.0,1.0,1.0,1.0,1.0,1.0,1.0,1.0,1.0,0.0,0.8755924701690674,0.008151042275130749,0.0,0.008151042275130749,0.0,2504.0,0.0,307200.0,balloon,393,1548266483.06273
1.0,1.0,1.0,1.0,1.0,1.0,1.0,1.0,1.0,1.0,1.0,1.0,1.0,1.0,1.0,1.0,1.0,1.0,1.0,1.0,1.0,0.0,0.8779004216194153,0.022854818031191826,0.0,0.022854818031191826,0.0,7021.0,0.0,307200.0,balloon,394,1548266483.09611
1.0,1.0,1.0,1.0,1.0,1.0,1.0,1.0,1.0,1.0,1.0,1.0,1.0,1.0,1.0,1.0,1.0,1.0,1.0,1.0,1.0,0.0,0.8771061301231384,0.012623698450624943,0.0,0.012623698450624943,0.0,3878.0,0.0,307200.0,balloon,395,1548266483.12948
1.0,1.0,1.0,1.0,1.0,1.0,1.0,1.0,1.0,1.0,1.0,1.0,1.0,1.0,1.0,1.0,1.0,1.0,1.0,1.0,1.0,0.0,0.8756510615348816,0.010751953348517418,0.0,0.010751953348517418,0.0,3303.0,0.0,307200.0,balloon,396,1548266483.16285
1.0,1.0,1.0,1.0,1.0,1.0,1.0,1.0,1.0,1.0,1.0,1.0,1.0,1.0,1.0,1.0,1.0,1.0,1.0,1.0,1.0,0.0,0.8757259249687195,0.0017122395802289248,0.0,0.0017122395802289248,0.0,526.0,0.0,307200.0,balloon,397,1548266483.19621
1.0,1.0,0.9916777955115469,1.0004196022400684,1.0001279476910685,0.9924894087708247,1.0008392044801366,1.0002557788541853,0.9932595392466115,1.0020980112003417,1.0006395053994392,0.995321214011597,1.0041960224006832,1.0012790107988783,0.997923804758757,1.0062940336010249,1.0019185161983175,0.9994823060070118,1.0083920448013663,1.0025580215977568,1.0,0.008322204488453146,0.8752018213272095,0.0076627605594694614,0.0,0.0076627605594694614,0.0,2354.0,2555.0,307200.0,balloon,398,1548266483.22957
1.0,1.0,0.9857519238973618,1.0007227009025914,1.0001738809196379,0.9871415759571021,1.001445401805183,1.0003477618392758,0.9884607262455746,1.0036135045129575,1.0008692881340773,0.9919926908042448,1.0072270090259148,1.0017385762681543,0.9964508060028664,1.0108405135388723,1.0026078644022316,0.9991166769997923,1.0144540180518296,1.0034771525363089,1.0,0.014248076102638256,0.8764843940734863,0.0,,,0.0,0.0,4469.0,307200.0,balloon,399,1548266483.26293
1.0,1.0,0.9838699691411329,1.000819723711709,1.0002146448586244,0.9854432437757846,1.001639447423418,1.0004290558993199,0.986936816644547,1.0040986185585448,1.0010727566572641,0.990936144963004,1.0081972371170898,1.002145513314528,0.9959839525319677,1.0122958556756345,1.0032182699717922,0.999001084957715,1.0163944742341793,1.0042910266290563,1.0,0.016130030858867116,0.8738574385643005,0.0003287760482635349,0.0,0.0003287760482635349,0.0,101.0,5142.0,307200.0,balloon,400,1548266483.29630
1.0,1.0,0.9858753013225617,1.000716394509721,1.0002390151175309,0.9872529852758762,1.0014326857628104,1.000478030235062,0.9885605432357724,1.0035817660353419,1.001195309229021,0.9920619650399428,1.0071635320706838,1.0023906184580418,0.9964814280322075,1.0107452981060256,1.0035859276870627,0.9991242638670184,1.0143270641413673,1.0047812369160836,1.0,0.01412469867743827,0.8749446868896484,0.00035481771919876337,0.0,0.00035481771919876337,0.0,109.0,4336.0,307200.0,balloon,401,1548266483.32967
1.0,1.0,0.9890511543360491,1.0005535436675757,1.0002257532404148,0.9901190095021488,1.0011070873351515,1.0004515064808295,0.9911325307395027,1.0027675124830375,1.0011288826297378,0.9938455324554665,1.005535024966075,1.0022577652594753,0.9972703429439892,1.0083025374491126,1.003386647889213,0.9993199318643761,1.0110700499321503,1.0045155305189506,1.0,0.010948845663950902,0.8776660561561584,0.0012239583302289248,0.0,0.0012239583302289248,0.0,376.0,3361.0,307200.0,balloon,402,1548266483.36303
1.0,1.0,0.9897221326086035,1.0005191887896379,1.0002069002880725,0.9907244165978446,1.0010384804704349,1.000413567054375,0.9916757591627953,1.0025961497305074,1.0010340343968227,0.9942224494389225,1.005192299461015,1.0020680687936452,0.9974371865994699,1.0077884491915223,1.0031021031904679,0.9993613637773666,1.01038459892203,1.0041361375872904,1.0,0.01027786739139644,0.8748307228088379,0.011995443142950535,0.22605156037991858,0.009283854626119137,833.0,3685.0,3154.0,307200.0,balloon,403,1548266483.39640
1.0,1.0,1.0,1.0,1.0,1.0,1.0,1.0,1.0,1.0,1.0,1.0,1.0,1.0,1.0,1.0,1.0,1.0,1.0,1.0,1.0,0.0,0.8746809959411621,0.016103515401482582,0.0,0.016103515401482582,0.0,4947.0,0.0,307200.0,balloon,404,1548266483.42977
1.0,1.0,1.0,1.0,1.0,1.0,1.0,1.0,1.0,1.0,1.0,1.0,1.0,1.0,1.0,1.0,1.0,1.0,1.0,1.0,1.0,0.0,0.8736556172370911,0.0003971354162786156,0.0,0.0003971354162786156,0.0,122.0,0.0,307200.0,balloon,405,1548266483.46315
1.0,1.0,1.0,1.0,1.0,1.0,1.0,1.0,1.0,1.0,1.0,1.0,1.0,1.0,1.0,1.0,1.0,1.0,1.0,1.0,1.0,0.0,0.8731120228767395,0.0,,,0.0,0.0,0.0,307200.0,balloon,406,1548266483.49652
1.0,1.0,1.0,1.0,1.0,1.0,1.0,1.0,1.0,1.0,1.0,1.0,1.0,1.0,1.0,1.0,1.0,1.0,1.0,1.0,1.0,0.0,0.8731054663658142,0.005384114570915699,0.0,0.005384114570915699,0.0,1654.0,0.0,307200.0,balloon,407,1548266483.52989
1.0,1.0,1.0,1.0,1.0,1.0,1.0,1.0,1.0,1.0,1.0,1.0,1.0,1.0,1.0,1.0,1.0,1.0,1.0,1.0,1.0,0.0,0.8695214986801147,0.0071614584885537624,0.0,0.0071614584885537624,0.0,2200.0,0.0,307200.0,balloon,408,1548266483.56326
1.0,1.0,1.0,1.0,1.0,1.0,1.0,1.0,1.0,1.0,1.0,1.0,1.0,1.0,1.0,1.0,1.0,1.0,1.0,1.0,1.0,0.0,0.8692383170127869,0.0,,,0.0,0.0,0.0,307200.0,balloon,409,1548266483.59662
1.0,1.0,1.0,1.0,1.0,1.0,1.0,1.0,1.0,1.0,1.0,1.0,1.0,1.0,1.0,1.0,1.0,1.0,1.0,1.0,1.0,0.0,0.8656836152076721,0.0,,,0.0,0.0,0.0,307200.0,balloon,410,1548266483.62999
1.0,1.0,1.0,1.0,1.0,1.0,1.0,1.0,1.0,1.0,1.0,1.0,1.0,1.0,1.0,1.0,1.0,1.0,1.0,1.0,1.0,0.0,0.8683496117591858,0.0,,,0.0,0.0,0.0,307200.0,balloon,411,1548266483.66335
1.0,1.0,1.0,1.0,1.0,1.0,1.0,1.0,1.0,1.0,1.0,1.0,1.0,1.0,1.0,1.0,1.0,1.0,1.0,1.0,1.0,0.0,0.8690625429153442,0.0,,,0.0,0.0,0.0,307200.0,balloon,412,1548266483.69671
1.0,1.0,1.0,1.0,1.0,1.0,1.0,1.0,1.0,1.0,1.0,1.0,1.0,1.0,1.0,1.0,1.0,1.0,1.0,1.0,1.0,0.0,0.8698275089263916,0.016344401985406876,0.0,0.016344401985406876,0.0,5021.0,0.0,307200.0,balloon,413,1548266483.73006
1.0,1.0,1.0,1.0,1.0,1.0,1.0,1.0,1.0,1.0,1.0,1.0,1.0,1.0,1.0,1.0,1.0,1.0,1.0,1.0,1.0,0.0,0.8709700703620911,0.0002864583511836827,0.0,0.0002864583511836827,0.0,88.0,0.0,307200.0,balloon,414,1548266483.76343
1.0,1.0,1.0,1.0,1.0,1.0,1.0,1.0,1.0,1.0,1.0,1.0,1.0,1.0,1.0,1.0,1.0,1.0,1.0,1.0,1.0,0.0,0.8723828196525574,0.011783854104578495,0.0,0.011783854104578495,0.0,3620.0,0.0,307200.0,balloon,415,1548266483.79680
1.0,1.0,1.0,1.0,1.0,1.0,1.0,1.0,1.0,1.0,1.0,1.0,1.0,1.0,1.0,1.0,1.0,1.0,1.0,1.0,1.0,0.0,0.8717806339263916,0.0020214843098074198,0.0,0.0020214843098074198,0.0,621.0,0.0,307200.0,balloon,416,1548266483.83017
1.0,1.0,1.0,1.0,1.0,1.0,1.0,1.0,1.0,1.0,1.0,1.0,1.0,1.0,1.0,1.0,1.0,1.0,1.0,1.0,1.0,0.0,0.8741243481636047,0.0,,,0.0,0.0,0.0,307200.0,balloon,417,1548266483.86354
1.0,1.0,1.0,1.0,1.0,1.0,1.0,1.0,1.0,1.0,1.0,1.0,1.0,1.0,1.0,1.0,1.0,1.0,1.0,1.0,1.0,0.0,0.8712044358253479,0.0,,,0.0,0.0,0.0,307200.0,balloon,418,1548266483.89691
1.0,1.0,1.0,1.0,1.0,1.0,1.0,1.0,1.0,1.0,1.0,1.0,1.0,1.0,1.0,1.0,1.0,1.0,1.0,1.0,1.0,0.0,0.8715234398841858,0.001425781287252903,0.0,0.001425781287252903,0.0,438.0,0.0,307200.0,balloon,419,1548266483.93028
1.0,1.0,1.0,1.0,1.0,1.0,1.0,1.0,1.0,1.0,1.0,1.0,1.0,1.0,1.0,1.0,1.0,1.0,1.0,1.0,1.0,0.0,0.871337890625,0.0,,,0.0,0.0,0.0,307200.0,balloon,420,1548266483.96365
1.0,1.0,1.0,1.0,1.0,1.0,1.0,1.0,1.0,1.0,1.0,1.0,1.0,1.0,1.0,1.0,1.0,1.0,1.0,1.0,1.0,0.0,0.8696745038032532,0.0,,,0.0,0.0,0.0,307200.0,balloon,421,1548266483.99704
1.0,1.0,1.0,1.0,1.0,1.0,1.0,1.0,1.0,1.0,1.0,1.0,1.0,1.0,1.0,1.0,1.0,1.0,1.0,1.0,1.0,0.0,0.8737727999687195,0.0010872395941987634,0.0,0.0010872395941987634,0.0,334.0,0.0,307200.0,balloon,422,1548266484.03039
1.0,1.0,1.0,1.0,1.0,1.0,1.0,1.0,1.0,1.0,1.0,1.0,1.0,1.0,1.0,1.0,1.0,1.0,1.0,1.0,1.0,0.0,0.8689062595367432,0.0,,,0.0,0.0,0.0,307200.0,balloon,423,1548266484.06378
1.0,1.0,1.0,1.0,1.0,1.0,1.0,1.0,1.0,1.0,1.0,1.0,1.0,1.0,1.0,1.0,1.0,1.0,1.0,1.0,1.0,0.0,0.8711881637573242,0.0,,,0.0,0.0,0.0,307200.0,balloon,424,1548266484.09717
1.0,1.0,1.0,1.0,1.0,1.0,1.0,1.0,1.0,1.0,1.0,1.0,1.0,1.0,1.0,1.0,1.0,1.0,1.0,1.0,1.0,0.0,0.8698079586029053,0.0,,,0.0,0.0,0.0,307200.0,balloon,425,1548266484.13054
1.0,1.0,1.0,1.0,1.0,1.0,1.0,1.0,1.0,1.0,1.0,1.0,1.0,1.0,1.0,1.0,1.0,1.0,1.0,1.0,1.0,0.0,0.8611002564430237,0.0,,,0.0,0.0,0.0,307200.0,balloon,426,1548266484.16391
1.0,1.0,1.0,1.0,1.0,1.0,1.0,1.0,1.0,1.0,1.0,1.0,1.0,1.0,1.0,1.0,1.0,1.0,1.0,1.0,1.0,0.0,0.8693294525146484,0.0,,,0.0,0.0,0.0,307200.0,balloon,427,1548266484.19728
1.0,1.0,1.0,1.0,1.0,1.0,1.0,1.0,1.0,1.0,1.0,1.0,1.0,1.0,1.0,1.0,1.0,1.0,1.0,1.0,1.0,0.0,0.8695214986801147,0.0008984375162981451,0.0,0.0008984375162981451,0.0,276.0,0.0,307200.0,balloon,428,1548266484.23065
1.0,1.0,1.0,1.0,1.0,1.0,1.0,1.0,1.0,1.0,1.0,1.0,1.0,1.0,1.0,1.0,1.0,1.0,1.0,1.0,1.0,0.0,0.87015300989151,0.00041015626629814506,0.0,0.00041015626629814506,0.0,126.0,0.0,307200.0,balloon,429,1548266484.26402
1.0,1.0,1.0,1.0,1.0,1.0,1.0,1.0,1.0,1.0,1.0,1.0,1.0,1.0,1.0,1.0,1.0,1.0,1.0,1.0,1.0,0.0,0.8647168278694153,0.0,,,0.0,0.0,0.0,307200.0,balloon,430,1548266484.29738
1.0,1.0,1.0,1.0,1.0,1.0,1.0,1.0,1.0,1.0,1.0,1.0,1.0,1.0,1.0,1.0,1.0,1.0,1.0,1.0,1.0,0.0,0.8688444495201111,0.0,,,0.0,0.0,0.0,307200.0,balloon,431,1548266484.33075
1.0,1.0,1.0,1.0,1.0,1.0,1.0,1.0,1.0,1.0,1.0,1.0,1.0,1.0,1.0,1.0,1.0,1.0,1.0,1.0,1.0,0.0,0.8685612082481384,0.0,,,0.0,0.0,0.0,307200.0,balloon,432,1548266484.36410
1.0,1.0,1.0,1.0,1.0,1.0,1.0,1.0,1.0,1.0,1.0,1.0,1.0,1.0,1.0,1.0,1.0,1.0,1.0,1.0,1.0,0.0,0.8691471815109253,0.0,,,0.0,0.0,0.0,307200.0,balloon,433,1548266484.39747
1.0,1.0,1.0,1.0,1.0,1.0,1.0,1.0,1.0,1.0,1.0,1.0,1.0,1.0,1.0,1.0,1.0,1.0,1.0,1.0,1.0,0.0,0.8709244728088379,0.010517578572034836,0.0,0.010517578572034836,0.0,3231.0,0.0,307200.0,balloon,434,1548266484.43081
1.0,1.0,1.0,1.0,1.0,1.0,1.0,1.0,1.0,1.0,1.0,1.0,1.0,1.0,1.0,1.0,1.0,1.0,1.0,1.0,1.0,0.0,0.8708887100219727,0.009703775867819786,0.0,0.009703775867819786,0.0,2981.0,0.0,307200.0,balloon,435,1548266484.46417
1.0,1.0,1.0,1.0,1.0,1.0,1.0,1.0,1.0,1.0,1.0,1.0,1.0,1.0,1.0,1.0,1.0,1.0,1.0,1.0,1.0,0.0,0.8715364933013916,0.0022786459885537624,0.0,0.0022786459885537624,0.0,700.0,0.0,307200.0,balloon,436,1548266484.49754
1.0,1.0,1.0,1.0,1.0,1.0,1.0,1.0,1.0,1.0,1.0,1.0,1.0,1.0,1.0,1.0,1.0,1.0,1.0,1.0,1.0,0.0,0.8733203411102295,0.0,,,0.0,0.0,0.0,307200.0,balloon,437,1548266484.53092
