experiment_id,plan_id,stage,date,status,control,candidate,sequences,seeds,mode,hardware,code_commit,manifest_sha256,decision,evidence
BASE-3090,BASELINE,LEGACY,2026-07-11,FROZEN,MonoGS,,TUM/Bonn,0/1/2,eval,RTX3090,UNRECORDED,UNRECORDED,Public baseline snapshot,evidence/monogs_3090/
V1-FIXED5,V1,LEGACY,2026-07-13,FROZEN,MaskBoth,Fixed5,f3_wk_xyz,6,fast,RTX3090,UNRECORDED,UNRECORDED,Historical diagnostic reference only,evidence/v1_fixed5_f3_wk_xyz.csv
V1-DEFERRED,V1,LEGACY,2026-07-16,NEGATIVE,ordinary MaskBoth,DeferredCommit,balloon/person2/f3_wk_xyz/f3_wk_rpy,0/1/2,fast,UNRECORDED,UNRECORDED,UNRECORDED,Cross-seed instability; rework only,evidence/negative_results.md
V1-FULLFRAME,V1,LEGACY,2026-07-17,NEGATIVE,v1-control,StaticEvidence+FullFramePose,f1_desk/f2_xyz/f3_wk_xyz/balloon,0,fast,UNRECORDED,UNRECORDED,UNRECORDED,f3_wk_xyz +41.3%; f2 timeout,evidence/negative_results.md
PROBE1-C,PROBE1,SCREEN,2026-07-21,NEGATIVE,vanilla-MonoGS,V1-reference(C),f2_xyz,0,fast,RTX2060,e766f86,UNRECORDED,C drifted (ATE-abort 15.4cm@frame1546); D0-D5 single-removal isolates CoarsePoseInit(const_vel) as sole cause,evidence/negative_results.md
PROBE1-CPRIME,PROBE1,SCREEN,2026-07-21,SCREENED,vanilla-MonoGS,C-prime=V1-minus-CoarsePoseInit,f2_xyz/f3_wk_xyz/person_t/person_t2,0,fast,RTX2060,e766f86,UNRECORDED,Reference arm usable cross-regime (1.83/3.29/12.35/11.39); screening only; not paper evidence,evidence/negative_results.md
PROBE1-X,PROBE1,SCREEN,2026-07-21,NEGATIVE,C-prime,C-prime+ReliabilitySignal(floor2.0),f2_xyz/person_t/person_t2,0,fast,RTX2060,e766f86,UNRECORDED,2/2 directional gain but -2.9%/-5.7% below pre-registered >=15% gate; static no-harm; not promoted,evidence/negative_results.md
R1-P01-E1,R1-P01,E1,2026-07-22,PASS,OpenSet-Prune,OpenSet-Deferred,balloon(2)/moving_nonobstructing_box(2)/obox/person_tracking2,0,fast-100f,RTX2060,1101017,28182ed3bb16,12/12 OK engineering smoke; both lifecycles active (deferred 943 promoted + overflow logged; prune lineage removal); no OOM peak<1GB; smoke ATE not a method result,runs/R1-P01/R1-P01-E1/
R1-P01-E2,R1-P01,E2,2026-07-22,SCREENED,OpenSet-Prune,OpenSet-Deferred,balloon(2)/moving_nonobstructing_box(2)/obox/person_tracking2,0,full-eval,RTX2060,12ad950,e93915a7cd59,geometry precision+F@5cm deferred 6/6 (recall 5/6); band-PSNR split (primary mean -0.5dB dominated by mv_no_box pair whose prune arm is same-seed bistable ATE 4.86<->20.13cm; excl. that pair +0.52dB); ATE deferred worse 4/6 (primary mean +6.7cm; all <100cm guardrail); single-seed no verdict; 1 teardown flake recovered via --resume; reported to user - E3/3090 not requested,runs/R1-P01/R1-P01-E2/
PROBE2-RT-PRUNE,PROBE2-RT,SCREEN,2026-07-23,SCREENED,Prune-RToff,Prune-RTon,balloon/moving_nonobstructing_box,0/1/2,full-fast,RTX2060,bf88466,UNRECORDED,RGD adaptive-weight tracking (reliable_tracking) on open-set prune base; balloon OFF/ON non-overlapping across 3 seeds 30.83->18.68cm (-39%); mv_no_box 8.69->4.81cm (-45%) with same-seed bistability suppressed (ON all low basin; OFF seed1 14.30->ON 3.50); RPE mv_no_box 2.39->1.82 balloon flat; mechanism active (opacity support 0.94; 0 fallback; not no-op); shared-infra tracking gain ORTHOGONAL to deferred-vs-prune lifecycle (does not change R1-P01 headline); magnitude clears the >=15% bar PROBE1-X missed (diff seq set - analogy not same test); abs ATE still far from SOTA (front-end pixel-weight fix not BA backend); screening single-track not paper result,evidence/probe2_reliable_tracking.md
PROBE2-RT-DEFERRED,PROBE2-RT,SCREEN,2026-07-23,SCREENED,Deferred-RToff,Deferred-RTon,balloon/moving_nonobstructing_box,0,full-fast,RTX2060,975561a,UNRECORDED,reliable_tracking gain REPRODUCES on deferred 承重臂 seed0; balloon OFF 27.41->ON 16.18cm (-41%) ~= prune -40.5% (lifecycle-independent; balloon variance proven tiny on prune 3-seed so single seed high-confidence); mv_no_box OFF 9.61->ON 4.67cm (-51%) direction positive but single seed on known-bistable seq (ON pins low basin as proven on prune; magnitude not yet variance-separated); shared-infra tracking gain confirmed on BOTH lifecycles both movers; still front-end fix abs ATE far from SOTA; orthogonal to deferred-vs-prune novelty; mv_no_box seeds 1/2 + full GO/KILL reserved for 3090 final,evidence/probe2_reliable_tracking.md
PROBE2-RT-BREADTH,PROBE2-RT,SCREEN,2026-07-24,SCREENED,Deferred-RToff,Deferred-RTon,balloon2/moving_nonobstructing_box2/moving_obstructing_box/person_tracking2,0(x4)+1/2(mv_no_box2/pt2 ON),full-fast,RTX2060,13d9281,UNRECORDED,breadth REFUTES ~-40% universal-gain read; deferred seed0 OFF->ON balloon2 9.63->10.77 (+12% within 34% noise) and obox 34.38->31.67 (-8% within 7% noise) both undecidable; person_tracking2 OFF~47 -> ON{20.31;26.80;35.12} REAL win (3 ON all < both OFF 42.58/51.41 non-overlapping; -42% mean not lucky -60% seed0); moving_nonobstructing_box2 OFF~5.6 -> ON{31.95;8.18;5.91} BISTABLE (seed0 +435% NOT reproduced; ON low draws match OFF not beat; OFF blew 0/2 ON 1/3 neutral-when-good + blowup tail); NET 6 movers = 3 real wins (balloon/mv_no_box/pt2) + 2 noise-neutral + 1 bistable-neutral; NO STABLE REGRESSION; DECISION(3) conservative admission = per-seq-conditional tracking gain NOT global-default headline; not folded into R1-P01; front-end fix orthogonal to deferred novelty; per-seq multi-seed + headline promotion reserved for 3090 final,evidence/probe2_reliable_tracking.md
PROBE3-VK,PROBE3-VK,SCREEN,2026-07-24,SHELVED,Deferred-VWoff,Deferred-VWon,balloon/moving_nonobstructing_box,0,full-fast,RTX2060,PENDING,UNRECORDED,training-free visibility-aware keyframing: wires reliability_s (s<tau=dynamic RAW per-pixel; avoids PROBE1-X Cauchy knee) as the open-set complement source (closed-set person mask None -> complement was identically 0 -> degraded to pure co-visibility); MECHANISM CONFIRMED FIRING (VW-DIAG complement>0 100% of candidates mean 0.35; reliability_s 20/20; NOT no-op); ATE balloon 27.24->31.32 (+15% ~3sigma likely-real small REGRESSION vs proven +-1.26 var) mv_no_box 4.21->6.58 UNDECIDABLE (bistable both low basin Delta within +-4.98 prune std); DECISION shelved-not-killed: ATE is WRONG readout for keyframe-selection lever (payoff=dynamic-region geometry needs 3090 large-VRAM; 2060 --eval OOMs dense-KF) AND geometry upside OVERLAPS deferred lifecycle 6/6 wins so not load-bearing for headline; under hard constraint every shipped module must materially improve ATE VK does not qualify; infra committed+archived reproducible; re-openable post-headline if 3090 geometry budget frees; honest discussion point not failure,evidence/probe3_visibility_keyframing.md
P0-QUAD,R1-P01,SCREEN,2026-07-25,ARCHIVED,Prune-RToff,Deferred-RTon,balloon/moving_nonobstructing_box/moving_nonobstructing_box2/balloon2/moving_obstructing_box/person_tracking2,0/1/2 tiered,full-fast,RTX2060,5356db5,UNRECORDED,four-quadrant deferred{OFF/ON}x reliable_tracking{OFF/ON} multi-seed (52/52 OK; balloon x1 mv_no_box(2) x3 balloon2/obox/pt2 x2); baseline=Prune-RToff (original MonoGS prune lifecycle no RT); MULTI-SEED CONTRADICTS single-seed E2+PROBE2 story-closed read; (1) deferred-alone-hurts-ATE largely single-seed noise: Def-RToff HELPS balloon -10%/pt2 -40% mv_no_box +265% is bistable(30.0/3.3/17.2) not stable regression; (2) RT clean ATE wins survive only balloon(Prune-RTon -40%)+pt2(-30%) NOT mv_no_box(+16%)/balloon2(+32%)/mv_no_box2/obox(neutral); (3) joint Def-RTon vs baseline only balloon clean stable win -53% others neutral(mv_no_box +3% mv_no_box2 -4% obox -6% pt2 -2%) or small regression(balloon2 +7%); (4) joint arm INTRODUCES bistability on previously-stable seqs (baseline mv_no_box+mv_no_box2 0/13 blowups; Def-RTon blows mv_no_box s2=24.1 + mv_no_box2 s1=31.3); robust take = only stable joint win is balloon; box family+pt2 dominated by run-to-run bistability (MonoGS multiprocess nondeterminism) per-seed deltas mostly noise; DATA ARCHIVED narrative direction reserved for user,evidence/p0_quad_deferred_x_rt.md
R2-P01-E2,R2-P01,SCREEN,2026-07-27,SCREENED,Prune-RToff/OracleRGD-Prune,Deferred-RToff/OracleRGD-Deferred,balloon/balloon2/moving_nonobstructing_box/moving_nonobstructing_box2/person_tracking2(dyn)+f1_desk/f2_xyz(static),0(+1 balloon injected),full-eval(+f2_xyz fast),RTX2060,a3eaa22,UNRECORDED,four-row oracle-admission table (self-tracked weak-traj x injected strong-traj) x {prune;deferred}; injection exact (all 12 rows hit pre-registered ATE target to 4dp under +-0.02 fail-fast; prune=deferred ATE identical under frozen pose -> injected map-delta is pure map-admission); PHASE-0 GHOST DEMOTED->AUXILIARY (pre-registered): vacated_depth deferred-better 0/5 voting seqs (prune won all; faithfulness OK) -> fallback co-primary = geometry F@5cm + static_depth; FIDELITY CO-PRIMARY GATE NOT MET: per-seq deferred-better over {self;inj}x{F;static_depth} = balloon 3/4 balloon2 2/4 mv_no_box 2/4 mv_no_box2 2/4 pt2 4/4 (only pt2 clears 4/4); balloon FLIPS between seed0(defer-better both) and seed1(prune-better both) -> not seed-stable; sub-metrics disagree within cells; no systematic fidelity HARM either (worst cell mv_no_box2 inj static_depth +5.3cm); ROBUST TRACKER-ORTHOGONAL WIN = MAP COMPACTNESS AT EQUAL FIDELITY: deferred fewer Gaussians 13/14 pairs; injected pose-controlled mean defer/prune=0.426 (-57% Gaussians same trajectory: balloon -58% balloon2 -56% mv_no_box -69% pt2 -77%); VRAM lower (self mv_no_box2 4.04->2.04GB); FPS equal-or-better (inj pt2 6.19->9.71); STATIC NO-HARM CLEAN: f1_desk deferred better ATE 1.52->1.38 F 65.4->69.4 PSNR 23.34->23.67 with -25% Gaussians; f2_xyz ATE 1.93->1.82; self-tracked ATE deferred less-catastrophic 4/5 (noisy tracking-feedback regime not a fidelity claim); DECISION: fidelity-headline UNSUPPORTED at pre-registered bar; compactness-at-equal-fidelity is the load-bearing signal (instantiates dynamic-contamination reduction as fewer admitted Gaussians); narrative pivot + 3090 multi-seed confirmation RESERVED FOR USER; not folded into any headline yet,evidence/r2_oracle_admission_e2.md
R2-P03-SWEEP,R2-P03,SCREEN,2026-07-30,SCREENED,OracleRGD-Prune(A0 default),OracleRGD-Prune-S1..S6 (prune-pressure ladder) vs OracleRGD-Deferred(B anchor),balloon(frozen RGD pose),0/1/2 (S4 seed0 only),full-eval,RTX2060,"9c5f8a4+6b37845(S6 s1/s2; diff=docs+logstring+readout col, no live code)",N/A(preflight-lane script),"NON-PREREGISTERED matched-budget prune sweep answering the review's 'under-tuned pruning baseline' objection; 22 run all exit0 ate_rmse_cm=2.0618 all 22 (pose frozen); pre-declared rule (rate<=B mean AND deg<=margin: PRIMARY depth 1.56cm, vacated PSNR 0.28dB) -> 1/6 rungs DOMINATES B (S6_maxpress). VERDICT REVERSED by the S6 3-seed closeout: the 20-run version read 0/6 while flagging S6 as single-seed and 'the campaign's weakest joint'; that seed was extreme on BOTH axes (smallest map 4975 AND worst PSNR 14.13), seeds 1/2 gave 9699/9657 at PSNR 14.88/14.95 => S6 3-seed 8110+-2715 = 0.63xB (every S6 seed < every B seed, 3/3) at degradations -0.176cm / -0.043dB (both NOMINALLY BETTER than B, 0.13x/0.09x own sd), plus lower VRAM 0.739 vs 0.831 (3/3) and higher FPS 10.25 vs 7.56 (3/3). RETRACTED: 'going below B's rate costs the headline metric' (rested entirely on S6 seed0 +0.484dB). SURVIVES: native opacity prune alone cannot reach B (gth0.8 1.62x already fails PSNR margin +0.418dB; gth0.9 1.43x) -- S6 reaches it only by adding ttl_keyframes=1 (the DEFERRED arm's own admission budget) + densify_grad throttle 2e-4->5e-4, and only 1 of its 3 knobs is a native prune. CAVEATS (do not rescue the verdict): S6 ran 16/18/18 keyframes vs anchors' fixed 19/19/19 so part of its rate win is less coverage; S6 rate CV 33%; keyframes were never in the pre-declared rule. compactness corollary still reproduces IN-CAMPAIGN B vs A0 -54.3% Gaussians (4.37x, 3/3, ranges non-overlapping) -19.0% VRAM (3.67x) at fidelity 0.22-0.50x inside both margins, both anchors 19KF/3seeds. B NOT on the frontier: S6 below it, S2(ttl1) 1.13x and S3(cap1000) 1.14x inside rate noise (0.58x/0.90x own sd) at in-margin fidelity, and at those rungs peak VRAM matches B => transient-cost story dies at matched rate and inverts at S6. MECH: at ttl<=2 prune promotes ZERO candidates, residue 23695->5000, yet S2 map still ~1.13xB => residue is not the gap; S6 = S2 + densify throttle drops 1.13x->0.63x, so the separating channel is densification -- i.e. a plain densify throttle on the baseline captures the compactness win without the deferred mechanism. This makes P1 CENSUS decision-grade, not confirmatory. [RETRACTION 2026-07-30 by R2-P03-DECOMP (see that row): the two sentences immediately above are REFUTED and are kept verbatim only for provenance -- measured at 3 seeds the densify throttle ALONE = 0.98xA0 (no effect on map size), and S6 differs from S2 by TWO knobs (gaussian_th 0.9 as well) so 'the only separating channel' never held arithmetically either. The SWEEP data, the pre-declared rule and the 1/6-dominates verdict are UNTOUCHED. Conversely SWEEP 3.6 (the baseline only reaches us by importing our admission budget) is UPGRADED from narrative judgement to measurement. P1 CENSUS is still decision-grade but for the OPPOSITE reason: not because a generic knob suffices, but because the admission budget was measured to be necessary.] Cross-campaign anchor shift +12-15% mean (+47% single seed), depth +1.44cm ~= 92% of margin => ratio reportable, absolutes campaign-local. LESSON: rate-only promotion left a decision-path rung at n=1 and it decided the verdict WRONGLY in both directions; any decision-path rung needs 3 seeds before it is written down. Per 02-method.md H-C(a) the compactness-headline-falls trigger IS MET. Does NOT alter H1 record; GO/KILL+narrative reserved for user",evidence/r2_p03_sweep.md
R2-P03-DECOMP,R2-P03,SCREEN,2026-07-30,SCREENED,OracleRGD-Prune(A0 default),OracleRGD-Prune-D0_ttl1/D1_densifyonly/D2_ttl1_densify (2x2 factorial) vs OracleRGD-Deferred(B anchor),balloon(frozen RGD pose),0/1/2,full-eval,RTX2060,5e789a5,N/A(preflight-lane script),"POST-HOC + NON-PREREGISTERED knob decomposition of R2-P03-SWEEP's dominating rung S6_maxpress (S6 moved THREE knobs at once: ttl_keyframes 5->1 = the deferred arm's own admission budget; gaussian_th 0.7->0.9 = native opacity prune; densify_grad_threshold 2e-4->5e-4 = native densification gate). 2x2 factorial {ttl=1} x {densify 5e-4} on arm A + BOTH anchors re-run in-campaign, 5 arms x 3 seeds = 15 runs, all exit0, ate_rmse_cm=2.0618 on all 15, four harness gates green on all 15, no flakes, 3.2h. Decision rule INHERITED BY IMPORT from scripts/r2_p03_sweep_readout.py so it is byte-identical to the rule that judged SWEEP; the three outcomes were bound to their meanings BEFORE the first run (evidence r2_p03_decomp.md section 2, committed at 5e789a5). VERDICT: 0/4 cells dominate B and the decisive cell D1_densifyonly landed in pre-declared branch 3. THE GENERIC DENSIFY KNOB ALONE DOES NOTHING: D1 = 22295 +- 8284 = 0.98xA0 (-446 Gaussians, 0.05x the larger own sd) and 1.84xB, with D1's SMALLEST seed (15535) still 1.28x B's LARGEST (12889), at 19/19/19 keyframes on both arms (no coverage confound, cleaner than S6's 16/18/18), and both degradations inside margin (+0.554cm / +0.109dB) => it did not trade fidelity for rate, it simply never reduced rate. ttl=1 alone = 16580 = 1.37xB at fidelity nominally BETTER than B on both decision metrics (-0.275cm / -0.042dB). Both knobs = 12983 = 1.07xB, inside B's rate noise band (+0.98x sd) but FAILS the vacated-PSNR margin (+0.359 > 0.28) and covers 17/18/17 keyframes. Interaction 0.57/(0.73*0.98) = 0.80x SUPER-ADDITIVE: the densify throttle is inert until the admission budget is squeezed. At ttl=1 the prune arm promotes ZERO candidates on every seed (135 -> 0) and residue collapses 23927 -> 5000, i.e. the baseline must degenerate into insert-everything-then-delete-one-keyframe-later to get within 1.37x of B. REFUTES r2_p03_sweep.md section 4's prose inference that a plain densify throttle on the baseline captures the compactness win without the deferred mechanism (retraction noted in that file; its data, pre-declared rule and dominance verdict are untouched); its premise was also mis-stated since S6 differs from S2 by TWO knobs. CONVERSELY section 3.6 (the baseline only reaches us by importing our admission budget) is UPGRADED from narrative judgement to measurement. Per the pre-declared branch 3, P1 CENSUS IS WORTH RUNNING. Compactness corollary reproduces a THIRD time in-campaign: B vs A0 -46.6% Gaussians (13.02x sd, 3/3, ranges non-overlapping), -20.1% VRAM (10.29x), +8.5% FPS (2.87x), both arms at 19/19/19 keyframes, and B is also nominally better than A0 on both decision metrics (vacated PSNR +0.399dB = 1.54x, beyond the 0.28 margin in B's favour) - evidence against the under-reconstruction reading, not banked as a claim on one campaign. NEW METHODOLOGICAL MEASUREMENT: RATIOS DRIFT TOO. D0 re-ran SWEEP's S2_ttl1 config file VERBATIM and read 1.37xB here vs 1.13xB there (+21%); B-vs-A0 compactness reads -55.2% / -54.3% / -46.6% across the three campaigns => README amended (ratios are more stable than absolutes, NOT stable; a cross-campaign ratio difference below ~20% is not evidence). NOT decidable in-campaign: gaussian_th's contribution to S6 (D2 1.07xB here vs S6 0.63xB there is cross-campaign); making it a measurement costs 3 runs / ~40 min. Does NOT overturn SWEEP: S6 was not re-run, S6 still dominates, 02-method.md decision tree still sits at narrative D - what changed is what that dominance MEANS. Does NOT alter the H1 record. GO/KILL+narrative reserved for user",evidence/r2_p03_decomp.md
R2-P03-S6REPL,R2-P03,SCREEN,2026-07-31,SCREENED,"OracleRGD-Deferred(B anchor, re-run in-campaign)","OracleRGD-Prune-S6_maxpress (SWEEP's dominating rung, frozen config by identity) vs OracleRGD-Prune-D2_ttl1_densify (DECOMP's cell, frozen config by identity)",balloon(frozen RGD pose),0/1/2,full-eval,RTX2060,48b6b44,N/A(preflight-lane script),"POST-HOC + NON-PREREGISTERED replication of R2-P03-SWEEP's dominating rung S6_maxpress, plus the first in-campaign measurement of what Training.gaussian_th contributed to it. 3 arms x 3 seeds = 9 runs, all exit0, ate_rmse_cm=2.0618 on all 9, four harness gates green on all 9, no flakes, ~12.3 min/run, 1.9h total. Introduces NO config file: all three arms reference by identity the frozen configs of the campaigns they replicate (pinned at E0 by tests/test_r2_p03_s6repl_configs.py, 9 tests). Decision rule INHERITED BY IMPORT from scripts/r2_p03_sweep_readout.py so it is byte-identical to the rule that judged SWEEP and DECOMP; all six readings were bound to their meanings BEFORE the first run (evidence r2_p03_s6repl.md section 2, committed at 48b6b44). Q2 VERDICT -- pre-declared branch R1: S6_maxpress DOMINATES B AGAIN, i.e. the SWEEP verdict REPLICATES in an independent campaign against a fresh anchor. 9857 +- 353 = 0.81xB (anchor 12117 +- 332, CV 2.7%, the tightest B this project has measured; DECOMP's B was 12140 +- 663 so the anchor MEAN moved only 0.2%), -6.40x the larger own sd, every S6 seed below every B seed (max S6 10264 < min B 11843, 3/3), degradations -0.605cm and +0.110dB both inside the 1.56cm / 0.28dB margins. Both fidelity contrasts are ALSO inside the noise band (0.33x sd 2/3 and 0.43x sd 1/3), so the correct reading is 'fidelity indistinguishable from B at 19% less rate', NOT 'better depth'. The vacated-PSNR degradation flipped sign vs SWEEP (-0.043 there, +0.110 here) while staying far inside margin -- the margin, not the sign, is the decision object. Branch R3 did NOT fire (S6 went below B's rate with BOTH margins intact) so r2_p03_sweep.md 3.2's retraction of 'going below B costs the headline metric' is untouched and now has a second independent campaign supporting it; no revisit is owed. Q1 VERDICT -- pre-declared branch (b): gaussian_th contributed NOTHING MEASURABLE to the rate. S6 / D2 = 0.99x, -0.07x the larger own sd, per-seed 1/3, every-seed-below no. The two configs differ in EXACTLY Training.gaussian_th 0.7->0.9 (pinned by test_s6_minus_d2_is_exactly_the_native_opacity_prune), both at ttl=1 and densify=5e-4, both 3 seeds in this campaign, so no cross-campaign step is in this ratio. Consequences, all bound in advance: S6's RATE advantage IS the ttl+densify combination (DECOMP's D2 row); and the 0.63x-vs-1.07x gap read across campaigns was DRIFT, NOT gth. This REFUTES r2_p03_decomp.md 4.5's inference that gaussian_th carried a large part of S6's dominance (retraction noted in that file; its data, pre-declared rule, 0/4 dominance verdict and branch-3 landing are untouched). Per the pre-declared wording the honest statement is that gth's effect ON RATE is CONDITIONAL ON THE ADMISSION BUDGET (SWEEP's S5_gth090 alone = 1.43xB at ttl=5, i.e. it did something there); at ttl=1 the candidate lifecycle has already collapsed, leaving the opacity prune little to remove. D2_ttl1_densify REACHED B's mean rate here (0.82x) but broke BOTH margins (+2.861cm > 1.56, +0.474dB > 0.28) => NOT-DOMINATED. In DECOMP the same config missed the rate (1.07x) and broke PSNR only (+0.359). So the VERDICT is stable across both campaigns even though the RATIO moved 23% -- the dominance rule is more robust than the quantity it is applied to. Arms dominating B this campaign: 1 of 2. Across all three campaigns S6 now dominates in 2 of 2 campaigns it was run in; every other rung/cell (6 SWEEP rungs, 4 DECOMP cells, D2 here) fails. ALL THREE PRE-DECLARED SECONDARY CHECKS REPRODUCE. (1) Keyframe coverage caveat REPLICATES: S6 ran 18/18/16 against the anchor's 19/19/19 (SWEEP: 16/18/18), so part of its rate win is again less coverage of the sequence rather than better economy -- this is no longer a one-campaign observation and MUST be quoted wherever the 0.81x is quoted. D2 ran 17/18/17, matching DECOMP exactly. (2) gth isolation CONFIRMED on the mechanism side: S6's candidate ledger is item-for-item identical to D2's (candidate_total 81667, promoted 0, rejected 0, expired 76667, pruned 76667, pending_final 5000) -- gaussian_th acts after insertion as expected, so Q1 carries no isolation caveat. (3) ttl=1 lifecycle degeneracy REPLICATES: promoted = 0/0/0 per seed on BOTH arms with residue collapsed to pending_final 5000 (B: promoted 215, pending_final 23296), so 'the baseline reaches this rate only by degenerating into insert-everything-then-delete-one-keyframe-later' needs no qualification and now holds in two campaigns. UNANTICIPATED OBSERVATION, DESCRIPTIVE AND POST-HOC, NOT A VERDICT (evidence 4.4): Q1's statistic was pre-declared on the RATE axis only, and on rate branch (b) is unambiguous -- but the two arms are not interchangeable. At EQUAL RATE (0.99x), adding gaussian_th=0.9 moved static_vacated_depth_l1_pen_cm by -3.466cm = 1.86x the larger own sd with unanimous per-seed sign 3/3, i.e. beyond the 1.56cm decision margin, and vacated_psnr by +0.364 (0.68x sd, 2/3). THIS, not rate, is what separates DOMINATES from NOT-DOMINATED: both arms reached B's budget and only the one carrying the native opacity prune stayed inside both fidelity margins. The limitation this exposes is recorded in 4.4 rather than fixed retroactively: section 2 posed Q1 as if gth's contribution were a single scalar on the rate axis and it is not. Branch (b) is reported as it landed because it is what was pre-declared and it is true as stated; the fidelity contrast has 2 df, was not a pre-declared statistic, and is a HYPOTHESIS FOR A FUTURE PRE-REGISTERED TEST. Consequence for prose: 'only 1 of S6's 3 knobs is a native prune' must from now on be paired with 'and at ttl=1 that one knob is what keeps the arm inside the fidelity margins' -- the opposite of implying it was incidental. TWO NEW RATIO-DRIFT DATAPOINTS, LARGER THAN PREVIOUSLY MEASURED: S6_maxpress 0.63xB (SWEEP) -> 0.81xB here = +29%; D2_ttl1_densify 1.07xB (DECOMP) -> 0.82xB here = -23%. The same-config ratio-replication series now reads +21% / +29% / -23% (plus B-vs-A0 at -55.2 / -54.3 / -46.6% across three campaigns) => README's threshold was TOO PERMISSIVE and has been widened from ~20% to ~30%; r2_p03_sweep.md section 5's amendment was re-amended in place. Both new datapoints exist only because the anchor was re-run in the same campaign, which is also the reason the underlying verdicts survived the drift => NEW METHODOLOGICAL RESULT: THE VERDICT IS MORE STABLE THAN THE QUANTITY IT RESTS ON (two ratios drifted +29% / -23% while both dominance verdicts held), i.e. the 're-run anchors in-campaign' discipline is doing its job. CONSEQUENCE FOR THE NARRATIVE: 02-method.md's decision tree still lands literally on narrative D, and its trigger is now REPLICATED rather than a one-campaign artifact -- per the pre-registration this makes the honest-negative-result framing STRONGER, not weaker. Does NOT alter the H1 three-gate record; these arms do not join the pre-declared ladder. DELIBERATELY OUT OF SCOPE (declared before the run, so it cannot be claimed later): NO A0_prune anchor, therefore nothing here extends the B-vs-A0 compactness series to a fourth campaign and no rate is expressed xA0. One sequence (balloon), one frozen trajectory, PSNR ~14.5 regime, arm A pressurised only, 3-seed sd carries 2 df. P1 CENSUS remains pre-declared as worth running. GO/KILL+narrative reserved for user",evidence/r2_p03_s6repl.md
R2-P04-MASKRATE,R2-P04,SCREEN,2026-07-31,"DONE (9/9 exit 0, ~2.0h, all gates green incl. G5 both polarities) => M2 INSIDE THE RATE NOISE BAND","OracleRGD-Prune(A0 default, re-run in-campaign)","OracleRGD-Prune-M-maskboth (SemanticMask mask_mapping+mask_insertion) vs OracleRGD-Deferred(B anchor, re-run in-campaign)",balloon(frozen RGD pose),0/1/2,full-eval,RTX2060,23b9bbd,N/A(preflight-lane script),"RESULT (2026-07-31, 9 runs): VERDICT = M2, INSIDE THE RATE NOISE BAND. M_mask 14253+-2429 vs B_deferred 12799+-507 = 1.11xB (+0.60x own sd), PER-SEED 1/3 BELOW B and THE SIGN SPLITS (M/B = 1.232/0.942/1.157) => per the section-2 rule fixed before the run, a mean that does not clear B plus a split per-seed sign is M2, not M3. KEYFRAMES 19/19/19 ON ALL THREE ARMS -- the column section 2 pre-committed as load-bearing came back with NO confound, the cleanest keyframe picture of any campaign here (SWEEP's S6 was 18/18/16 vs 19/19/19), so this is a same-coverage statement. FIDELITY WAS NOT PAID FOR IT: under the imported bounded non-inferiority rule both of M's decision metrics are NEGATIVE = BETTER than B and inside margin (vac_depth -0.602 vs margin 1.56; vac_psnr -0.380 vs margin 0.28) => 'same budget, fidelity indistinguishable-or-slightly-better', not 'reached the budget by breaking something'. A0 again did not reach B (2.06xB). CONSEQUENCE FOR THE PAPER, per the pre-declared M2 text: COMPACTNESS STOPS BEING A DIFFERENTIATOR VS HARD MASKING and must be SCOPED EXPLICITLY TO INSERT-THEN-PRUNE, with the hard-mask comparator reported as OUR OWN MEASURED LIMITATION, self-reported before a reviewer raises it. The review's directional prediction (M<=B) is ALSO not confirmed: at equal coverage the two routes are NOT RESOLVABLY DIFFERENT on rate. FOUND BUT NOT ANTICIPATED BY THE OBJECTION: at the same map size and same-or-better fidelity the hard mask pays a large IN-LOOP cost arm B does not -- FPS 3.03 vs 8.23 (2.7x slower, 24.3x own sd, 0/3) and VRAM 1.667 vs 0.828 GB (2.01x, 46.2x own sd, 0/3), the largest and most consistent effects in the campaign. BOUNDING CAVEAT stated with it: that is the cost of running Mask R-CNN INSIDE THE LOOP per keyframe; a competitor that PRECOMPUTES masks does not pay it at run time (this project's own GTMC eval masks are precomputed exactly that way), so it may NOT be written as 'hard masking is inherently slower'; and the frozen trajectory makes the tracking-side mask inert so this is the mapping-side cost only. B-vs-A0 COMPACTNESS 4th INDEPENDENT MEASUREMENT: -51.4% (0.49x), per-seed 3/3, both arms 19/19/19 (prior three: -55.2%/-54.3%/-46.6%; reported as its own in-campaign measurement, not as agreement, since cross-campaign ratios drift ~30%). M IS more compact than A0 (0.54xA0, 4.98x own sd, 3/3) -- the mask does real work against insert-then-prune, it just does not separate from B. MECHANISM VISIBLE IN THE LEDGER exactly as section 3 predicted from the code: M's 'rejected' drops to 10970 vs A0's 13023 because zeroed person pixels fail valid=isfinite(observed)&(observed>0.01) and never become candidates -- the same path that makes recovery unmeasurable here (no recovery claim made in any branch). LIMITATIONS, own account: (1) THE NOISE BAND IS WIDE AND THAT IS WHY M2 RATHER THAN M1 -- M's CV is 17.0% vs B's 4.0%, ~4x noisier, so the pre-declared band (2x larger own sd) spans +-4858 Gaussians ~ +-38% of B's budget; M2 is PARTLY A STATEMENT ABOUT RESOLUTION, and sharpening M1-vs-M2 needs more seeds ON M SPECIFICALLY; (2) balloon is a PERSON+BALLOON sequence (frame-verified 2026-07-21) and a COCO-person mask STRUCTURALLY CANNOT CATCH THE BALLOON, so M's rate is plausibly inflated vs a person-only sequence => the result may be SEQUENCE-COMPOSITION-DEPENDENT and constrains person-mask methods on MIXED-MOVER sequences, not hard masking in general; cross-sequence declared out of scope and remains untested; (3) Mask R-CNN != RGD's OneFormer+EKF, detector quality does not transfer; (4) single sequence, single frozen trajectory, PSNR ~14.5, 3 seeds at 2 df. NO PRIOR VERDICT CHANGES: SWEEP/DECOMP/S6REPL untouched, no retraction triggered. || PRE-RUN DECLARATION (unedited, committed before the first run): POST-HOC + NON-PREREGISTERED. Supplies the one comparator the compactness claim has never been measured against: a HARD SEMANTIC MASK. External review's structural objection is that a hard mask is a strict SUBSET of what the deferred arm admits (a masked pixel never becomes a candidate at all), so arm B's Gaussian count should be >= a mask-blocking competitor's, and 'deferred is more compact' would be a claim about insert-then-prune specifically rather than about dynamic-SLAM map admission in general. THE OBJECTION TOUCHES NO EXISTING VERDICT, and the reason is an apparatus fact under test rather than prose: NO ARM IN THE 46 ACCOUNTED RUNS OF R2-P03 EVER ENABLED SemanticMask -- SWEEP/DECOMP/S6REPL all descend from oracle_{prune,deferred}_balloon.yaml whose resolved config carries SemanticMask.enabled=false (pinned by tests/test_r2_p04_maskrate_configs.py::test_both_anchors_have_the_mask_off). So B-vs-A -55% is a measurement against insert-then-prune and the hard-mask comparison is one this project never made and never claimed; the review is a correct FORWARD-LOOKING warning about portability claims, not a refutation. 3 arms x 3 seeds = 9 runs planned (~2h). ONE pre-declared question: does M_mask reach B_deferred's mean refined_num_gaussians? Decision rule INHERITED BY IMPORT from scripts/r2_p03_sweep_readout.py (byte-identical to SWEEP/DECOMP/S6REPL: margins 1.56cm / 0.28dB), both anchors re-run in-campaign because ratios drift up to ~30%. Three readings bound BEFORE any run (evidence r2_p04_maskrate.md section 2): M1 rate<=B per-seed 3/3 => the prediction HOLDS and the paper must scope compactness explicitly to insert-then-prune, reporting the hard-mask comparator as our own measured limitation; M2 inside the rate noise band (<=2x larger own sd, or mean reaches B with split per-seed sign) => the two admission strategies land on the same budget by different routes and compactness stops being a differentiator vs hard masking while remaining one vs insert-then-prune; M3 rate>B => prediction FAILS, the strongest outcome, and PRECISELY BECAUSE IT IS SURPRISING it may NOT be written as a win without the keyframe column (a hard mask changes covisibility hence keyframe count, and a rate difference across different coverage is not a same-budget comparison -- SWEEP's S6 already cost this project that lesson at KF 18/18/16 vs 19/19/19). Fidelity is read in EVERY branch: 'reached the budget but broke a margin' is a different result from 'reached it cleanly'. M_mask's resolved diff vs A0 is EXACTLY {method} + SemanticMask.* = one mechanism; the SemanticMask block is copied verbatim from reference/v1/method.yaml (maskrcnn/person/dilate7/both consumers) so the arm reproduces how this repo already deploys a hard mask, but is NOT inherited from it because that lineage carries the FALSIFIED CoarsePoseInit.enabled=true (probe1: 15.4cm -> 1.81cm on removal), and method_combined_maskboth_deferred.yaml is unusable as an arm because it bundles RobustTracking + DynamicKeyframe + window_size12/pose_window6 (four mechanisms). Both exclusions enforced at E0 (10 tests green). NEW GATE G5, which this campaign needs and the others did not: the mask arm's own console log must show 'Semantic insertion gate ... person px zeroed' and the anchors' must not -- without it a mask that silently resolved off is indistinguishable from a legitimate null and the whole question becomes a null-vs-null comparison. Eval channel verified method-independent: frozen GTMC masks are loaded at eval time and NEVER written to frame.dynamic_mask (utils/eval_utils.py:644-648), so enabling the method's own semantic mask cannot let the mask arm rescore itself. DELIBERATELY OUT OF SCOPE, declared before the run so it cannot be claimed later: THIS CAMPAIGN CANNOT MEASURE RECOVERY. The original design was a 4-arm test including mask+deferred to ask whether cross-frame confirmation restores static background the mask wrongly blocked; the code forbids it, so that arm was REMOVED BEFORE ANY RUN. apply_semantic_insertion_gate zeroes person depth inside add_new_keyframe (slam_frontend.py:299,309); that same array reaches _classify_new_keyframe where valid=isfinite(observed)&(observed>0.01) drops the zeroed pixels, so they fall outside static_valid and outside 'uncertain' -- the ONLY set _add_typed_batch ever turns into a candidate batch (deferred_commit.py:325,347); and independently static_valid=valid&(~semantic) (static_evidence.py:137-138) excludes them again. Masked pixels are excluded twice over UPSTREAM of candidacy, so a mask+deferred arm would report ~0 recovery BY CONSTRUCTION -- an apparatus artifact masquerading as a null result, the same failure mode the S6 single-seed episode already cost this project once. Making recovery measurable needs a quarantine-instead-of-discard code path: a NEW MECHANISM with its own pre-registration, not a config overlay. CONSEQUENCE FOR PROSE, fixed now: 'deferred recovers what a hard mask discards' may NOT be written from this campaign in any branch; what MAY be written is the structural statement that a hard mask discards masked pixels before candidacy so recovery is impossible for it BY CONSTRUCTION (a code fact). OFFLINE ANCHOR ALREADY RUN (scripts/r2_p04_mask_fp_anchor.py, 438 frames, zero GPU, DESCRIPTIVE + non-preregistered, evidence/r2_p04_mask_fp_anchor.md): of the static support set, the mask blocks 10.07% that GTMC calls static; restricted to pixels where the mover was not flagged within +-15 frames = 2.63%, window-dependent (5.59%/2.63%/1.47% at +-5/+-15/+-30) and never quoted without that sensitivity. TWO APPARATUS NOTES: the sequence-wide GTMC union SATURATES at 91.3% of the image on balloon so the obvious global discriminator returns ~0% for a GEOMETRIC reason and must not be quoted as a recovery ceiling (utils/eval_utils.py documents the same saturation for the pre-registered vacated mask, 84% of static support); and pixels are not Gaussians since insertion downsamples => treat 2.63% as an order of magnitude for a go/no-go on the quarantine mechanism, not a predicted fidelity delta. Also absent by design: NO R2-P03 pressure knob appears here (ttl_keyframes, gaussian_th, densify_grad_threshold and the candidate cap all at defaults on every arm, pinned at E0), so this campaign does not re-open the S6 attribution S6REPL closed; and NO cross-sequence arm -- one sequence, one frozen trajectory, PSNR ~14.5 regime, 3-seed sd at 2 df. Under the frozen trajectory the TRACKING-side use of the mask is inert (oracle pose replaces the Adam refine) so what is exercised is mask_mapping + mask_insertion: the correct isolation for a map-admission question, and a limitation -- this says nothing about a hard mask's effect on tracking. The mask arm is also NOT RGD-SLAM: it is this repo's Mask R-CNN, weaker than RGD's OneFormer+EKF, so what transfers is the MECHANISM (hard blocking at insertion) and the result constrains the CLASS of mask-blocking methods rather than any published system. Does NOT alter the H1 three-gate record and does not join the pre-declared ladder. GO/KILL+narrative reserved for user",evidence/r2_p04_maskrate.md
P2-S,P2-RENDER,SCREEN,2026-07-31,"DONE (2/2 exit 0, ~53min, screening single-seed)","Combined-Prune (method_combined_maskboth_prune, self-tracked)","Combined-Deferred (method_combined_maskboth_deferred, self-tracked) vs prune twin",balloon(self-tracked),0,full-eval,RTX2060,a8bda68,N/A(non-runner smoke),"SCREENING ONLY (single seed, no verdict per discipline 5). Combined backbone's FIRST EVER Bonn run. ATE cm: prune 3.1872 / deferred 3.2307 (KF-ATE 3.173/3.1749) -- COMPETITIVE, between RGD-SLAM 2.26 and DG-SLAM 3.65 (REFUTES scoping-time constraint #1: the 37.72/29.03 cm figures were the *_rtoff arms = no mask no adaptive tracking, wrong base; the 5 ATE routes in the tracking-exploration archive were all on other bases, combined never ran on Bonn). Compactness holds on combined backbone: G_def/G_prune = 18391/35991 = 0.511x (-48.9%), VRAM 0.864x, ATE +1.36% (n=1 indistinguishable). The 4 frozen-pose B-vs-A0 series was -55.2/-54.3/-46.6/-51.4%; this single self-tracked seed lands inside that range. REAL per-run cost measured: ~25-28 min/run online (mapping_time_s 805/889) => P2-T estimate REVISED from 27-54h to ~15-17h on the 2060 (fits in one day). CAVEATS (own account): (1) one seed -- 3.19 vs 3.23 is 0.04cm, far below measured seed variance, 'indistinguishable' is not 'equal', P2-T's 3 seeds make ATE readable; (2) balloon only, pt2 (rtoff worst 44cm) untested = highest-risk P2-T sequence; (3) self-tracked fidelity runs in a noisier regime than the controlled screen (static_psnr ~23.3 vs screen ~14.5, vacated columns not comparable across regimes). P2-T GO-ELIGIBLE (kill condition ATE>10cm not triggered). Evidence: evidence/p2_s_smoke.md. GO/KILL for P2-T remains user's.",evidence/p2_s_smoke.md
P2-S-pt2,P2-RENDER,SCREEN,2026-07-31,"DONE (2/2 exit 0, ~50min, screening single-seed)","Combined-Prune (combined backbone, self-tracked)",Combined-Deferred (combined backbone) vs prune twin,person_tracking2(self-tracked),0,full-eval,RTX2060,35993a3,N/A(non-runner smoke),"SCREENING ONLY (single seed, no verdict per discipline 5). De-risk rung: pt2 was WORST rtoff ATE (44.22 prune / 20.99 deferred), combined backbone never ran on it. DE-RISK OBJECTIVE MET: prune ATE 11.2148 cm -- beats DynaGSLAM 13.69 / RGD 20.10 / Co-SLAM 71.26, only DG-SLAM 6.12 + NGD 6.63 stronger; rtoff 44->11 with combined backbone. pt2 may stay in P2-T main table. BUT COMPACTNESS REVERSES on pt2: G_def/G_prune = 68578/64153 = 1.069x (+6.9%, deferred LARGER not smaller) vs balloon 0.511x (-48.9%). Deferred ATE +43.4% worse on pt2 (16.08 vs 11.21) -- first sequence where deferred loses to prune on BOTH rate AND ATE. INTERPRETATION (screening, not verdict): balloon=person+balloon, COCO-person mask CANNOT catch balloon (MASKRATE limitation) => deferred lifecycle has a mover to filter => compactness holds; pt2=person tracking, mask already catches mover => deferred candidate-confirmation has nothing dynamic to block, its provisional candidates perturb densify/explained = net negative second-order effect (P1-CENSUS target). This is the sharpest mechanistic boundary: compactness tracks whether the mask already covered the mover. FIRST EVIDENCE for user's hybrid direction (select lifecycle by mask-coverage: prune when mask sufficient, deferred when mask leaks) -- but that is a NEW HYPOTHESIS needing its own pre-registration + a gating signal. CAVEATS: single seed (pt2 high-variance: rtoff deferred was also 20.99); self-tracked single pair; no fidelity columns / bounded-non-inferiority rule not applied (screening regime). Evidence: evidence/p2_s_pt2_smoke.md.",evidence/p2_s_pt2_smoke.md
P2-T,P2-RENDER,MAIN,2026-08-02,"DONE (36/36 exit 0, ~14.8h on 2060, stop/go 0 collapse) => H-D INDETERMINATE; ATE no-harm 5/6 (pt2 FLAG +62.3%)","Combined-Prune (method_combined_maskboth_prune, self-tracked)","Combined-Deferred (method_combined_maskboth_deferred, self-tracked) vs prune twin — lifecycle is the ONLY diff",balloon/balloon2/mv_no_box/mv_no_box2/pt1/pt2 (self-tracked full-SLAM); pt1 ADDED as H-D high-coverage independent sample,0/1/2,full-eval,RTX2060,d98c554,scripts/r2_p2_t.py,"36/36 DONE 2026-08-02 (02:49:42, all exit0, ~14.8h wall on 2060); stop/go 0 collapse PROCEED; H-D = INDETERMINATE; ATE no-harm 5/6 (pt2 FLAG +62.3%); codex+hermes dual review done -> narrative D' + frozen-pose de-confounding apparatus ready (commit 9c5ab53)",evidence/p2t_verdict_final.md
P2-SF,P2-RENDER,CONTROL,2026-08-02,"seed0 DONE + CLOSED (8/8 exit0, ~2.1h, ~16min/run; --phase full REFUSED by two review rounds) => H-D unchanged INDETERMINATE","CombinedSF-C-Prune (prune lifecycle, FROZEN on prune's own self-tracked trajectory) / CombinedSF-B-Prune (prune lifecycle, FROZEN on dataset GT pose)",CombinedSF-C-Deferred / CombinedSF-B-Deferred vs their same-variant prune twin — lifecycle is the ONLY diff within a variant,"pt1 (hard-tracking, cov 29.9%, self-tracked R_G=0.794) + balloon2 (easy-tracking, cov 59.4%, self-tracked R_G=0.910) — the 2x2 hard/easy x frozen-delta contrast",0 (screening); 1/2 only if MAP-EFFECT or REVERSED fires,0 only (seeds 1/2 refused: apparatus-level cracks not fixable by seeds),RTX2060,98b80ac (apparatus) / 0c690cf (outcome),scripts/r2_p2_sf.py,"SEED-0 SCREENING, NO BRANCH CALLED, CAMPAIGN CLOSED. 8/8 exit0 2026-08-02 11:01-13:08 (~16min/run). INJECTION GATE EXACT: C-prune replay reproduces source P2-T full-traj ATE to 4dp (pt1 11.0087, balloon2 5.1265); B verified ATE 0.0/RPE 0.0/path-ratio 100.0. R_G^F four cells: C-pt1 0.3618 / C-balloon2 0.5674 / B-pt1 0.7366 / B-balloon2 0.2815 -- all <1, same sign as self-tracked. C-pt1 depth +2.423 vs 1.56 = INDETERMINATE-BREACH (margin null sd derives from ~21dB E2 replicates; C-pt1 sits at 24.4dB with no measured null there). FOUR STRUCTURAL CRACKS (verdict basis, none fixable by more seeds): (1) sequence-level coverage-vs-difficulty collinearity UNRESOLVED (within-pair channel closed, n=2 gives no slope); (2) prereg 4.8 KF ambiguity fires 4/4 (KF p/d: 76/65, 60/57, 61/56, 56/54 -- deferred always fewer) => R_G^F is a mapping-policy JOINT effect, not clean admission efficiency; (3) exact-pose replay still drops KF budget ~35% (116->76, 94->60) => frozen R_G^F and self-tracked R_G are NOT on the same mapping budget ('strengthens' wording retired); (4) B/C are NONCOMMENSURATE regimes (G_prune 4.3x on pt1 + vac_psnr ~9dB across variants = pose-regime x mapping-policy interaction) => B is an existence-side note, not a quantitative sensitivity; C-primary/B-sensitivity NOT reversed (estimand axis vs calibration axis). TWO CALIBRATION CAVEATS (round-2): equivalence band 0.0629 derives from 14.5dB regime => B cells' out-of-band discriminative reading is calibration-clean, C cells DEMOTED to directional; fidelity margins' null sd derives from ~21dB => C-balloon2 is the ONLY source-regime-applicable cell (both guardrails inside). TWO REVIEW ROUNDS (readout + regime-patch; 4 reviews, codex MCP + hermes CLI, same packets) FULLY CONVERGENT: stop and write limitation (9 items, consult_synthesis_p2sf_readout.md sec 9), refuse --phase full, H-D stays INDETERMINATE (neither weakened nor upgraded -- prereg 4.4 ceiling held). Narrowed estimand: 'lifecycle effect when replaying a prune-generated trajectory, at ~2/3 of the self-tracked KF budget'. BANNED WORDINGS: prereg sec-6 zhan-de-zhu, strengthens/collapses, per-KF explains-X%, 8-comparisons denominator. RESIDUAL: runner _extract has 4 extraction defects (jsonl metrics empty; runs intact; readout re-derives from run dirs via canonical parse_run) -- post-campaign apparatus maintenance, touches no criteria. Paper use = limitation section + one directional-support sentence. Next-paper clean apparatus: matched KF schedules + regime-specific null controls + pose-error ladder (KF freezing alone cannot fix the B/C regime mismatch).",evidence/p2sf_selffrozen_outcome.md
P3-S6X,P3,SCREEN,2026-08-04,"BATCH 1 DONE (18/18 exit 0, ~10.6h, all gates green, ANCHOR ok, 0 collapse) -- batch 2 (seeds 1/2) PENDING USER GO","Combined-Prune (p2s_combined_prune_{seq}, P2-T frozen run config by identity, RE-RUN IN-CAMPAIGN)","Combined-Prune-S6-maxpress (= that same prune run config + exactly the three S6_maxpress knobs, values imported by identity from r2_p03_sweep.LEVELS) vs Combined-Deferred (P2-T frozen run config by identity, RE-RUN IN-CAMPAIGN)","balloon/balloon2/mv_no_box/mv_no_box2/pt1/pt2 (SELF-TRACKED, combined backbone)","0 (batch 1 DONE, screening); 1/2 = batch 2, needs user GO",full-eval,RTX2060,a15b85a,scripts/p3_s6x.py,"BATCH 1 RESULT (seed 0, 18 runs, SCREENING ONLY -- discipline 5, no branch called): the regime that was structurally uncharged in R2-P03 (ate_rmse_cm = 2.0618 on 46/46 runs, frozen trajectory, no map->pose channel) charged it here. S6 REACHES deferred's budget on 6/6 (0.17x-0.55x, same or better rate than both prior campaigns), and the ttl=1 degeneracy reproduced on 6/6 (promoted=0, residue=5000) so the migrated intervention is mechanically the same one. WHAT CHANGED: (1) the keyframe caveat that licensed the old verdict's interpretation is GONE here -- the three arms are KF-identical on 4/6 (88/94/156/188) and +-1-2 on pt1/pt2, so on 4/6 this is the cleanest same-budget rate comparison any S6 campaign has produced, and S6 still reaches the budget; the rate advantage is real and not a coverage artifact here. (2) FIDELITY BROKE on 4/6 (mv_no_box / mv_no_box2 / pt1 / pt2, BOTH decision margins, often by multiples -- mv_no_box2 vac_psnr +1.51=5.4x margin, pt1 +0.96=3.4x, pt2 +1.73=6.2x); under the frozen trajectory no S6 run ever broke a margin. (3) ATE was the LESS sensitive new axis, charged on only 2/6 (mv_no_box +63.6%, pt2 +76.7%, both beyond 50% band); the other 4 moved <=+22% and stayed in band even while fidelity broke -- a reader's 'degraded map -> worse tracking first' intuition is not what these 6 points show; fidelity broke first and more consistently. PER-SEQUENCE (n=1): DOMINATES + ATE HOLDS on 2/6 (balloon, balloon2 -- the two short/easy sequences where P2-T ATE was 3-5cm); NOT-DOMINATED (rate reached, fidelity lost) on 4/6 (the longer/harder ones). X2-shaped (rate ok, ATE breach specifically) = 0/6 -- every ATE breach co-occurred with a fidelity breach. The seed-0 picture is MIXED (X4-leaning) but structured: S6 dominates cleanly on short/easy and breaks fidelity on long/harder, which is the kind of sequence-dependent boundary narrative D' already uses; no campaign-level claim is licensed (needs 6/6, §2). Apparatus: 3 arms x 6 seqs x 3 seeds = 54 runs; s6 inherits from each seq's P2-T prune run config and adds exactly the three knobs (resolved diff = {ttl_keyframes, gaussian_th, densify_grad_threshold}, pinned on all 6); BOTH ANCHORS RE-RUN IN-CAMPAIGN (readout loader unit-tested to ignore a P2-T results file; runner flags any s6 cell missing both anchors); decision rule INHERITED BY IMPORT from r2_p03_sweep_readout (1.56cm/0.28dB) + the ATE column (tracking_raw.csv ate_rmse_cm, full trajectory, band 50% from r2_p2_t_readout), ATE referenced to the PRUNE anchor (same lifecycle, isolates what the knobs cost); the deferred-referenced ATE contrast is SECONDARY and decides nothing. POSE GATE INVERTED vs R2-P03: G2 asserts self-tracked (empty pose_file, gt_pose off, cam lrs > 0, ATE != 2.0618) read from the config the PROCESS dumped; E0 pins SWEEP's S6 resolves WITH an injected trajectory so the regime difference is a tested fact. DOES NOT RETRACT SWEEP/S6REPL (scope result, not 'S6 was wrong'); does NOT license a compactness headline revival (4/6 reach budget AND break fidelity = X2 Pareto, bound to per-seq + KF column + rate-ATE coupling caveat by §2/§3; the 2/6 where it dominates are the same two the headline already died on). BATCH 2 = seeds 1/2 = 36 runs ~19h needs user GO; branch needs 3 seeds. Memory not the constraint (P2-T ceiling 4.09/6GB, S6 lowers G). POST-HOC + NON-PREREGISTERED in the ladder sense; what IS pre-registered is section 2 of the evidence file. GO/KILL + narrative reserved for user",evidence/p3_s6x_prereg.md
P2-T-FULLFRAME,P2-RENDER,POSTHOC,2026-08-04,"DONE (36/36 re-rendered, ~4.5h on 2060, 35/36 band-check PASS)",Combined-Prune & Combined-Deferred (P2-T frozen runs),N/A (offline re-render of P2-T artifacts no new SLAM run),balloon/balloon2/mv_no_box/mv_no_box2/pt1/pt2 (self-tracked),0/1/2,offline-render,RTX2060,3e286ff,scripts/r2_p2_t_offline_render.py,"POST-HOC + NON-PREREGISTERED offline re-render of the 36 P2-T runs from saved final_after_opt PLY + trj_full_final.json, bypassing the in-run eval_rendering NaN bug (cadence collision: eval interval=5 == DynamicKeyframe.gap_cap=5 -> all sampled frames are keyframes -> all skipped -> NaN; RCA in rendering_eval_bug_rca.md, live code NOT changed). Script: scripts/r2_p2_t_offline_render.py. 36/36 exit0, ~4.5h wall. Band faithfulness check (full-frame re-render vs stored static-band PSNR on same frames, tol 0.05dB): 35/36 PASS, 1 marginal (balloon/deferred/seed2 dPSNR 0.063dB, <0.1dB, recorded not dropped). MAIN RENDERING TABLE NUMBERS (3-seed mean+-sd ddof=1): prune vs deferred full-frame PSNR -- balloon 21.86/21.32, balloon2 19.14/19.11, mv_no_box 24.54/24.43, mv_no_box2 25.18/24.98, pt1 22.31/22.05, pt2 22.04/21.71. READ: prune not worse than deferred on full-frame rendering 6/6 across PSNR/SSIM/LPIPS/depth (prune higher PSNR/SSIM, lower LPIPS/depth). Consistent with P2-T ATE-compactness Pareto: deferred admits fewer Gaussians at a tracking cost (ATE 6/6 worse) AND a small rendering cost (full-frame 6/6 not better) -- the deferred arm's trade is compactness-for-nothing-detectable on fidelity axes. Lands in competitive tier 19-25dB (codex 20-23). This fills the main rendering table (was all [3090] placeholders). Competitor full-frame numbers still to be pulled from papers (scaffold section 6 TODO 3). FPS is a 2060 number, not tabled next to competitors' 3090/4090. NO PRIOR VERDICT CHANGES -- this is a rendering-axis view of P2-T, not a re-run. GO/KILL+narrative user reserved.",evidence/rendering_data_scaffold.md
M2-ANCHOR,M2,PROBE,2026-08-20,"DONE (3/3 run, logging-only probe, RTX2060)",same-config non-collapsed window (null sliding window on the SAME sequence),anchor-triggered keyframing probe (Design B's生死门): anchor_frac around the collapse point,f3_st_hf,0/1/2,fast,RTX2060,3cc741a0,scripts/m2_anchor_verdict.py,"FAIL 0/3 -- null amplitude is 5-100x the signal, direction reversed, collapsed vs non-collapsed seeds inseparable (seed2 did not collapse yet had the LARGEST anchor_frac shift 0.093). Design B dead; the planned M3 48-run was never dispatched. Reusable: register the NULL WINDOW together with the threshold.",evidence/m2_anchor_verdict.md
T3-SEMALPHA,T3,SCREEN,2026-08-20,STOPPED EARLY (2/6 run: balloon A-sem/A-off pair; the remaining 4 were never spent),A-off (semantic alpha override disabled; reproduces R2-P02's carved==0),"A-sem (semantic alpha override, carve enabled)",balloon (mv_no_box / pt2 not run),0,eval,RTX3090,a60fb725,scripts/t3_semalpha_verdict.py + scripts/t3_misfire_locality.py,"DIRECTION TERMINATED: mechanism DID fire (override 1332 / carve 817 / reset 2192) but 1116/1332 = 83.8% of overrides land on GT-MC STATIC pixels vs a 5% kill line (17x over), and 55.5% sit >15px from any GT dynamic pixel so dilation/slow-torso cannot explain it. Reusable: 'mechanism fires' and 'mechanism helps' are separate gates.",evidence/t3_semalpha_verdict.md
T2-QUOTA,T2,FULL,2026-08-20,"CLOSED AT 44/60 run dirs on disk (balloon / mv_no_box / crowd2 complete at 12/12 each; f3_st_hf 4/12, f2_xyz 4/12 -- remaining 8 run ~24 GPU-h deliberately not spent)","T2-Control-MaskON (combined maskboth prune, mad_exclusion=false) + T2-Control-MaskFree","T2-Eboth (adaptive quota, candidates = semantic | e_flow>0.5) + T2-Eflow + T2-Qfree",balloon/mv_no_box/crowd2/f3_st_hf/f2_xyz,0/1/2,fast,RTX3090,118e2c66,scripts/t2_quota_verdict.py,"INDETERMINATE: E-both vs control_maskon is 3/3 same-direction (-3.3% / -2.0% / -7.8%) but two of the three sit under the >=6% noise floor measured in the same campaign; static guardrail unreadable (n=1 hit both branches of the bistability). T2-scale 15-run follow-up NOT dispatched. Reusable: noise floor >=6%; mask-free backbone is strongly bistable so its verdicts need a crash-rate estimator, not a seed mean.",evidence/t2_quota_verdict.md
P1-OBSERVABILITY,P1,ZERO-GPU,2026-08-20,"DONE (offline analysis over frozen runs, no GPU campaign)",failure control 7/7 clean + texture-matched re-draw (rules out a texture artifact),pose observability H = sum w J^T J : lambda_min / condition number under the mask,frozen runs (see evidence),N/A,offline,CPU,af90567e,see evidence doc,"FAIL: frac_excess 0.35-0.65 far above the 0.05 chance rate and the failure control is clean, but med_rho 0.937-0.991 never reaches the pre-registered 0.67 -- the mask covers only 1.1-5.8% of pixels, i.e. a STRONG gate on a WEAK question (third time in this family). Post-hoc check shows the tail is 19-24 independent events, not a texture artifact.",evidence/p1_observability_verdict.md
P1B-POSE-RISK,P1,ZERO-GPU,2026-08-20,DONE (apparatus gate ran BEFORE the main criterion and stopped it),"negative control (same sign, same magnitude as the treatment)",estimand swapped to SE(3) update bias,frozen runs (see evidence),N/A,offline,CPU,f858185e,see evidence doc,"NO VERDICT -- apparatus gate 0/7: sigma 7/255 sits at the true pose, the measured bias is 100x the predicted sd, and the negative control moves the same way. FIRST time a gate caught a wrong reading before it was published into the narrative.",evidence/p1b_pose_risk_verdict.md
P1C-RECOVERY,P1,ZERO-GPU,2026-08-20,"DONE (perturb-recover apparatus, synthetic + real)",oracle vs robust recovery on the same frames; unusable-frame exclusion counted,per-frame pose attribution via convergence projection pi,frozen runs (see evidence),N/A,offline,CPU,37e8ca2d,scripts/p1c_recovery_real.py + scripts/p1c_recovery_synthetic.py,"NO VERDICT -- apparatus gate 1/7. Carried forward only as a descriptive flag: Bonn GT poses sit 10-19mm from the photometric optimum, and per-frame pose is not where the 4-14x gain comes from.",evidence/p1c_recovery_preregistration.md
B-CRASHRATE,CAND-B,PHASE0,2026-08-21,DONE (2 blocks x 6 repeats = 12 run: identical config AND identical seed),block S (6 repeats),block T (6 repeats),see evidence,identical seed repeated 6x per block,fast,RTX3090,a68eb6ca,scripts/b_crashrate_verdict.py + scripts/run_b_crashrate_3090.sh,"T-CONFIRMED (timing-driven): identical config and seed still spans 37.0-73.1 cm (max/min 1.97, collapse rate 2/3 in block T) => a seed-averaged ATE is NOT an estimator of a method effect on the mask-free backbone; mask-free claims must be restated as crash rates.",evidence/b_crashrate_verdict.json
PBA,PBA,FULL,2026-08-21,DONE (27 run = 3 sequences x 3 arms x 3 seeds; 43 run dirs now under results/runs/PBA counting the later INS/TRK-SIDE arms and one 2060 run),"eboth (mask_mapping=T, mask_insertion=T) + control_maskfree",pba_mapping_off (mask_mapping=false; single-variable flip),"balloon/f3_wk_xyz/pt1 (mv_no_box excluded by the resolvability gate, ratio 0.54)",0/1/2,fast,RTX3090 (+1 run RTX2060: pba2060_mapping_off_balloon_seed0),c6830986,scripts/pba_verdict.py,"BA-CHANNEL-DOMINANT: share_BA = 0.67 / 0.44 / 0.80, all three sequences resolvable. NOTE (added by exp36): on balloon share_BA depends on an unstated repeat choice (0.672 with rows[0] vs 0.624 averaging repeats), and on f3_wk_xyz / pt1 the treatment arm is strongly bistable (ptp 17.16 / 20.00) so its MEAN-based share is not readable -- the necessity of mask_mapping is unaffected.",evidence/pba_verdict.md
INS,PBA,FULL,2026-08-21,"DONE (9 run; controls reused from PBA, not re-run)",eboth (same campaign),"pba_tracking_only == insertion-off (mask_insertion=false, mask_mapping stays true -- the file name is a historical misnomer, see the config header)",balloon/f3_wk_xyz/pt1,0/1/2,fast,RTX3090,4a220683,scripts/insertion_verdict.py,"INSERTION-CHANNEL-NEGLIGIBLE: share_insertion 0.017 / -0.005 / 0.004, all under the per-sequence readable floor; gates G1 9/9 and G2 9/9 log-level, G3 FAILED 5/9 (mis-specified: keyed on Gaussian count, which exp34 had already measured insensitive). NOTE (exp36): the 'the residual is channel overlap' reading was a GLOBAL claim the data did not support -- it holds on f3_wk_xyz and is unresolved on balloon.",evidence/insertion_verdict.md
PBA-RENDER,PBA-RENDER,POSTHOC,2026-08-21,"DONE (39 records, offline re-render of the campaign's PLYs; post-hoc, NOT pre-registered)",same runs as the ATE readout (but see the caveat below),N/A (no new SLAM run),balloon/f3_wk_xyz/pt1,0/1/2,offline-render,RTX3090,e9097ab8,scripts/collect_pba_rendering.py + scripts/pba_render_verdict.py,"DESCRIPTIVE ONLY: decomposability gate 12/12 FAILED (ratios 0.14-1.85) so no share may be reported; monotone ordering SSIM 3/3 and LPIPS 3/3, PSNR only 1/3. CAVEATS FOUND LATER (exp36): balloon's eboth rendering came from the PBA root while its ATE came from the T2 root (two different physical runs of the same config), and no band_metrics.json exists for these --fast runs so the faithfulness anchor was never available.",evidence/pba_render_readout.md
CHANNEL-INV,PBA,ZERO-GPU,2026-08-21,"DONE (code audit, no runs)",N/A,N/A (audit of what SemanticMask.enabled actually switches),N/A,N/A,offline,CPU,d495a4a6,results/evidence/semantic_mask_channel_inventory.md (file:line evidence inline),"SemanticMask.enabled opens FOUR live channels (tracking hard mask for iterations 0..warmup_iters-1 / mapping loss / insertion gate / T2 MAD candidate set) and four more are dead by config arithmetic (DynamicKeyframe occ_tighten_thresh=2.0 unreachable, BootstrapVO off, MaskQA off, FinalPoseRefine absent). Consequence: the 'maskfree' cell is NOT (map=F, ins=F), so shares computed against it mix channels. Also corrects the claim that mask_mapping is consumed in the frontend -- it is not (slam_backend.py:371,422 only). T2's own contribution to the denominator measured at 0.11-0.18 cm.",evidence/semantic_mask_channel_inventory.md
TRK-SIDE,PBA,FULL,2026-08-21,DONE (6 run: Phase 0 gates 1 run + Phase 1 5 run; pt1's Phase 2 3 run deliberately not spent),"eboth / pba_mapping_off / control_maskfree (all reused, not re-run)","pba_trackside_only (enabled=true, mask_mapping=false, mask_insertion=false) -- differs from pba_mapping_off by mask_insertion alone",balloon/f3_wk_xyz (pt1 skipped: its residual R=0.199 is below that sequence's readable floor 0.275),0/1/2,fast,RTX3090,f0964a64,scripts/trackside_verdict.py + scripts/run_trackside_channel_3090.sh,"INDETERMINATE globally, split by sequence. f3_wk_xyz: tracking side buys ZERO alone (rec_trk -0.021 vs floor 0.023, 0/3 paired) and the residual is insertion's CONDITIONAL contribution with mapping off (27.46 -> 13.41, 3/3) -- exp35's mechanism inference confirmed interventionally. balloon: rec_trk 0.272 > floor 0.185 and 3/3 paired, but E's own spread is 0.56x the gap between the two point predictions so the pre-registered stopping rule fires. Gates G1 6/6, G3 6/6, G2/G4 verified on disk. Adding seeds cannot rescue balloon (the gate compares a mean difference to a range).",evidence/trackside_verdict.md
STATICBAND,PBA-RENDER,POSTHOC,2026-08-22,"DONE (18 offline renders: 15 static-band + 3 full-frame for the new arm; post-hoc, NOT pre-registered)","A eboth (both roots) vs the four other arms, same frozen GTMC support set",N/A (no new SLAM run),balloon only (f3_wk_xyz has 0 GTMC masks so this caliper does not exist there; pt1 has 582 and was not run),0/1/2,offline-render,RTX3090,75d6c7aa,scripts/render_static_band_3090.sh + scripts/render_static_band_round2_3090.sh + scripts/staticband_readout.py,"exp35's 'full-frame PSNR is biased by the dynamic pixels' hypothesis is NOT SUPPORTED: excluding GT-dynamic pixels removes only 22% of the inversion (+2.27 -> +1.76 dB) and the ordering survives 3/3. Conclusion kept, reason replaced: arms with WORSE ATE have BETTER photometric fit, so the metric largely measures how well each map explains its own drifted training views; the only column ordered like ATE is depth-L1 against GT depth. Side finding: static-band PSNR groups by mask_mapping (map-OFF arms identical at 20.39) and E's map is indistinguishable from D's -- a flag that any real balloon effect must be pose-side.",evidence/staticband_readout.md
P5-VANILLA,P5,SCREEN,2026-08-09,"DONE (vanilla-core runs, single seed; terminal-refinement criteria unevaluable -- run configs had eval_rendering=False so opt_after never executed)",combined backbone (P2-T 3090 3-seed numbers),"vanilla core (all mechanisms off, prune lifecycle kept)",balloon/mv_no_box/pt2,0,fast,RTX3090,3a031c94 (prereg) / e7d2ea09 (verdict),evidence/p5_vanilla_gen_prereg.md + p5_vanilla_gen_handoff.md,"H-GEN TERMINAL REFINEMENT UNREADABLE (misconfiguration, no final_after_opt) but the by-product became the project's biggest anchor: vanilla ATE balloon 43.94 / mv_no_box 13.60 / pt2 44.06 vs combined 3.06 / 2.66 / 10.44 => the mechanism bundle is worth 4-14x. Method phase reopened on this (2026-08-09 supreme directive). Single seed = screening only.",evidence/p5_vanilla_gen_handoff.md
P6-MASKOFF,P6,SCREEN,2026-08-09,DONE (3 run seed0; later extended: 15 run dirs under P6-MASKOFF-3SEED),vanilla (P5) + combined (P2-T),combined prune minus SemanticMask (dense-KF + RT + Reliability kept),balloon/mv_no_box/pt2,0 (3-seed extension for pt2 + 6-seq table),fast,RTX3090,3885df0d (prereg) / e7d2ea09 (verdict),evidence/p6_maskoff_prereg.md + p6_maskoff_verdict.md,KERNEL-SURVIVES-MASK-OFF (screening): maskoff 13.66/3.60/9.92 vs vanilla 43.94/13.60/44.06 => the 4-14x kernel is NOT the borrowed Mask R-CNN; it is the temporal-consistency bundle. Later sharpened by the 6-seq table (e1f11041): mask redundant on mv_no_box/mv_no_box2/pt2 but DOMINANT on balloon (12.11 vs 3.06) and pt1 is the boundary counter-example (32.41 vs 10.04). NOTE (exp36): the PBA campaign later quantified exactly what mask buys where.,evidence/p6_maskoff_verdict.md + p6_maskoff_6seq_main_table.md
P-B-2X2,P6,FULL,2026-08-09,DONE (24 run: 2 seq x 4 cells x 3 seed; two mask-ON cells borrowed from existing 3-seed runs),mask-ON/dynKF-ON cell (combined prune),2x2 factorial over SemanticMask x DynamicKeyframe,balloon/mv_no_box,0/1/2,fast,RTX3090,807d3d3 (apparatus) / 4b855240 (verdict),evidence/p6_pb_2x2_3seed_verdict.md,"NO SINGLE COMPONENT IS THE KERNEL: on balloon the mask axis dominates (3cm vs 12cm, mask misses the balloon = contamination source); on mv_no_box both axes are small (+0.5-0.8cm) and no single component's removal collapses it => the kernel is the RT + Reliability robust temporal re-weighting BUNDLE, components mutually redundant. Headline candidate = mask-free temporal-consistency bundle, applicability honestly bounded (mask still dominates on mixed movers).",evidence/p6_pb_2x2_3seed_verdict.md
P6-MASON,P6,FULL,2026-08-10,DONE (16 run dirs P6-MASON + 24 run dirs P6-MASON-8SEQ; pt1/pt2 exploration converged),combined mask-ON 18-seq backbone,mask-ON discrimination + pt1 person exploration (edge3 / hard_tracking_mask / erode variants),pt1/pt2 + 8-seq mask-ON table,0/1/2,fast,RTX3090,a999cd55 (analysis),evidence/p6_mason_18seq_maskon_analysis.md,"edge_threshold=3.0 is the empirical limit of the MonoGS dense-tracking formulation (pt1 11.89->9.16, pt2 10.44->9.06; codex round2): do NOT deepen local pixel weighting. RobustTracking/edge knobs stay default-off. Probe1's CoarsePoseInit removal verdict carried forward. Also: pt1 person does NOT fill ~65% of frame (max 20.24%) -- writing ban adopted.",evidence/p6_mason_18seq_maskon_analysis.md
P-DBA-ORACLE,P-DBA,PROBE,2026-08-11,"DONE (3 run seed0/1/2, mask-ON + edge3, DBALite.oracle read-only)",online poses (the optimizer's own solution),does masked geometric/photometric BA prefer GT poses?,pt1,0/1/2,eval,RTX3090,95752f8c,evidence/pt1_dba_oracle_probe.md,GEOMETRIC KF-BA DEAD: 3/3 double-BIASED (GT geo-resid 0.036 > online 0.011; GT-fits only 2-4/245 edges vs online 99%) even on the stronger mask-ON + edge3 base => the pt1 ATE gap cannot be closed by masked-geo/photo BA. Closed in place; run_dba_v0 stays default-off.,evidence/pt1_dba_oracle_probe.md
P-LONGHORIZON,P-DBA,ZERO-GPU,2026-08-11,"DONE (offline probes over saved trj json + ORB-PnP pose-graph, codex+hermes dual review)",baseline ATE 9.16/9.31/8.99,trajectory-smoothing / dead-reckoning / feature-anchor regularizers,"pt1 (3 seed, edge3/p2t/dba variants)",N/A (offline),offline,CPU,6067a4c4,evidence/probes/pose_reg/ (findings+synthesis+pose_graph),"CLOSED, ALL THREE ROUTES: (1) report ATE is 100% determined by per-frame translation increments (gtROT+estTRANS = 9.16; estROT+gtTRANS = 0.0); (2) rotation correlates with GT with the WRONG SIGN 9/9 (corr -0.63); (3) offline ORB-PnP long-edge rotation error 12.4-37.1 deg vs codex's <3 deg gate, and pose-graph optimization does not lower ATE on 3/3. person-ATE gets no more GPU; 9.16 = empirical limit.",evidence/probes/pose_reg/
18SEQ-RENDER,P2-RENDER,POSTHOC,2026-08-11,"DONE (18 sequences x 2-3 methods x 3 seed, offline re-render from final/ PLY + trj_full_final)",MonoGS / RGD-SLAM (user-measured baselines),ours mask-free + ours combined(mask-ON),18 (TUM static/dynamic + Bonn + crowd),0/1/2,offline-render,RTX3090,3e34f3c5,evidence/18seq_rendering_main_table.md + scripts/build_18seq_main_table.py,"Paper main table built. Later history (exp25/27): the FULLKERN re-issue found a regime split -- the dynamic 4/4 improve but static 6/6 worsen under the full kernel, and two headline cells flipped (crowd2 lose->win, f3_wk_hf win->lose); the original table's 'static competitive' rows rested on kernel-OFF. exp22 also found a provenance bug in the builder (ATE averaged repeat rows while rendering took the newest run -- exactly the failure mode exp36 re-found in the PBA readout; fixed, 1 cell affected).",evidence/18seq_rendering_main_table.md + evidence/main_table_provenance_audit.md
P7-CUESPLIT,P7,FULL,2026-08-13,"DONE (48 run: 4 seq x 4 arms x 3 seed, 47/48 valid, one OOM backfilled)",mode=both (fixed dual-cue s=(1-e_flow)(1-v*g)),flow-only / geometry-only cue arms,balloon/mv_no_box/mv_no_box2/pt2,0/1/2,fast,RTX3090,96ffdeab (prereg) / 7d2e95b7 (verdict),evidence/p7_cuesplit_prereg.md + p7_cuesplit_verdict.md,"H1 partially reproduced, H2 met: geometry-only is lowest-mean on 3/4 sequences (balloon 12.25 / mv_no_box2 4.88 / pt2 8.78) but mv_no_box still prefers both (2.86) => fixed-both is NOT a universal kernel; narrative upgraded to regime-aware cue selection. Geometry-only is NOT promoted to global default. Single-seed over-reads corrected by 3-seed (mv_no_box2 '+124% both degradation' did not reproduce at 3-seed: +16%).",evidence/p7_cuesplit_verdict.md
WPA-FACTORIAL,WP-A,FULL,2026-08-14,"DONE (120 run: 8 cells x 5 seq x 3 seed, mask-free, DeferredCommit unified; run root on the 3090 at results/runs/WPA/WPA-FACTORIAL -- only 7 of 120 were pulled back to the 2060 box)",K1R1L1 (all three factors on),full 2^3 factorial over dense-KF (K) / RobustTracking (R) / ReliabilitySignal (L),balloon/mv_no_box/mv_no_box2/pt1/pt2,0/1/2,fast,RTX3090,bee241a8 (prereg) / dd7f7502 (verdict),evidence/wpa_factorial_prereg.md + wpa_factorial_verdict.md,A2-PARTIAL-REDUNDANT: 0/5 sequences have all three factors positive => 'the three components are jointly necessary' is FALSE. Dense-KF is necessary on easy pure-object/pure-person regimes (+0.25..+0.72) but HARMFUL on balloon (-0.18); R is redundant on 3/5; L is the most stably positive. Claim narrowed to difficulty-stratified necessity. Writing ban on super-additivity / inseparable-whole.,evidence/wpa_factorial_verdict.md
WPC-ASSOC,WP-C,ZERO-GPU,2026-08-14,"DONE (exploratory association, no GPU)",N/A,y=log(ATE_maskfree/ATE_combined) vs RPE proxy vs GTMC coverage,6,N/A,offline,CPU,e3d37b5d,evidence/wpc_exploratory_association.md,"EXPLORATORY ONLY: y-x1 Spearman 0.68 (LOO-stable 0.55-0.77), y-x2 0.77 (n=6 underpowered). x1 is a failure output sharing a source with ATE (metric coupling) so 'intrinsic difficulty' may NOT be written; feeds limitation/discussion only.",evidence/wpc_exploratory_association.md
WPD-CUESEL,WP-D,ZERO-GPU,2026-08-14,DONE (decision not to run; descriptive probe only),N/A,regime-aware cue selector (P7 follow-up),n=4 (P7's sequences),N/A,offline,CPU,8c4eda9e,evidence/wpd0_descriptive_probe.md,"NOT GREEN-LIT: D0's leave-one-out is ill-posed at n=4 with only 1 positive (both-preferring) example; D1 would produce an unvalidated final method (repeating C6). ~54 run / 13-14h saved. Downgraded to future work; the selector must come from mask-free observables (flow/geometry residuals), later confirmed dead-end by WP-HS.",evidence/wpd0_descriptive_probe.md
WPF-FUSION,WP-F,ZERO-GPU,2026-08-14,DONE (frame-level diagnosis only; GPU batch never dispatched),current both (multiplicative),min / max / geomean fusion operators,frame-level over existing runs,N/A,offline,CPU,beaf35d7,evidence/wpf_fusion_operator_diag_framelevel.md,"NEGATIVE-BY-DIAGNOSIS: all three operators mostly re-scale s globally upward (0.62-0.65 -> 0.72-0.87) with no dynamic/static separation gain; cue frame-means are weak (e_flow 0.11-0.15, g 0.27). GPU batch not spent.",evidence/wpf_fusion_operator_diag_framelevel.md
WPB-FLOWMASK,WP-B,FULL,2026-08-15,"DONE (pilot v1 VOIDED -- remote ran Mask R-CNN by stale-code accident, retried as v2: 6 run; confirm: 36/36 at results/runs/WPB/WPB-CONFIRM)",vanilla K0R0L0 + MRCS K1R1L1,"naive flow-threshold mask (p90 quantile, frozen RAFT flow)",pilot balloon/mv_no_box; confirm held-out pt1/pt2/mv_no_box2/balloon2,0 (pilot) / 0/1/2 (confirm),fast,RTX3090,f7c44ff4 (prereg) / ca1da2bc (pilot v2) / a1ac5da0 (verdict),evidence/wpb_flowmask_pilot_verdict.md + wpb_flowmask_verdict.md,"B1 CONFIRMED: MRCS beats the naive flow-threshold baseline on held-out 4/4 sequences with 3/3 same-sign seeds per sequence (pt1 1.32x, pt2 5.53x, mv_no_box2 1.25x, balloon2 1.81x) -- the gain cannot be attributed to 'any anti-dynamic handling'. Apparatus lesson (the voided v1): the remote repo was 40+ commits stale and silently fell back to Mask R-CNN; iron rule adopted = verify remote HEAD == origin before any batch, never hand-scp apparatus files.",evidence/wpb_flowmask_verdict.md
WPHS-H1,WP-HS,SCREEN,2026-08-15,"DONE (statistical gate only, 3770 frames of Mask R-CNN inference on 2060; 6 planned GPU runs never spent)",N/A (gate fails before any arm runs),"H1: sequence-level person-area ratio > 20% => geometry-only, else both",6 (P7 + others),N/A,offline-inference,RTX2060,fd68ca5a,evidence/wphs_person_area_characterization.md,"H1 FAMILY CLOSED: every sequence's mean area ratio is <20% (max balloon2 16.98%) so theta=20% is unreachable; and the both-preferring mv_no_box (4.54%) sits BETWEEN two geometry-preferring sequences (3.30%, 8.24%) => margin -1.24pp, wrong sign. Three substitute statistics (dilate=0 / median / detection rate) all fail the same way. Step 2 (6 run) never executed. Root cause: sequence-level area confounds 'how big' with 'how often present'.",evidence/wphs_person_area_characterization.md
EXP24-FLOWSYNC,EXP24,REPAIR,2026-08-16,"DONE (audit + repair campaign; 11 sequences' frozen flow rebuilt, then both arms fully re-run: 33 run P6-FULLKERN + 33 run P6-FULLKERN-MASKFREE)",combined re-run 33/33 missing=0 (verified),mask-free re-run 33 run,18-seq main-table set,0/1/2,fast,RTX3090,7b89ff81 (runtime hard gate) / 762c5801 (closure),results/runs/P6/P6-FULLKERN*/ + memory exp24-flow-sync-progress,"SILENT-NO-OP ACCIDENT CLOSED: runs whose ReliabilitySignal was on but whose frozen flow index was empty silently ran with w==1. Full-disk audit (frames.csv exists <=> actually ran) found 11 sequences missing flow across WP-A/P2-T/P7 etc; hard runtime gate added (abort on first frame if flow index empty while ReliabilitySignal enabled), 11 flows rebuilt, both arms re-run clean. Also deleted 5.2G of BROKEN artifacts.",memory/exp24-flow-sync-progress.md (numbers in results/runs/P6/)
WPM-MASKONLY,WP-M,FULL,2026-08-16,DONE (123 run located: mask-only 54 / combined 54 / vanilla 15 across 18 sequences),combined (mask-ON),mask-only = vanilla + Mask R-CNN (the reviewer's first shot),18,0/1/2,fast,RTX3090,1abc3fee (prereg) / 1cfb120a (readout),evidence/wpm_maskonly_prereg.md + wpm_maskonly_readout.md,"M4-HETEROGENEOUS-STRATIFIED: combined beats mask-only by delta on 0/18 sequences; mask-only beats combined on 1/18 (f3_st_hf); 9/18 no-difference; 8/18 indeterminate (seed sd > delta). Combined with WP-B B1 the reviewer attack 'it's just Mask R-CNN bolted on' is answered on both fronts. NOTE (exp26/27 later): f3_st_hf is the bistable static-collapse sequence, so its 'mask-only wins' cell is a crash-rate artifact, not a stable preference.",evidence/wpm_maskonly_readout.md
EXP26-COLLAPSE,EXP26,FULL,2026-08-17,DONE (root-cause batch: 5 run async-2060 + 3 run sync-3090 + ablation families P9 ~29 run across 2060/3090; verdicts frozen in two preregs),215KF + ReliabilitySignal effective (control / w==1 / -Robust / -Deferred),escape-rate ablations on f3_st_hf,f3_st_hf (primary),0/1/2 (n=5 for vanilla),fast,RTX2060+RTX3090,fa20184b (defect) / 55f6dabb (discriminant prereg) / 164057f4 (rootcause),evidence/exp26_static_collapse_rootcause.md + evidence/exp26_discriminant_prereg.md,"THREE EXPLANATIONS REFUTED BY THEIR OWN PREREGISTERED GATES: (1) 'e_flow polluted by own pose error' -- oracle at n=3 = 2.85 alive / 37.34 crash / 34.66 crash and the three runs' e_flow is IDENTICAL frame-by-frame (1077/1077) so e_flow is not a discriminant, the 12.4x was n=1-vs-n=1; (2) 'w down-weighting loses 38% photometric signal' -- w==1 arm still crashes (35.99); (3) 'async mapping budget drifts with load' -- FPS does not predict outcome. QUALITATIVE REWRITE: vanilla MonoGS itself fails f3_st_hf 1/5; our stack makes an occasionally-failing sequence deterministically fail (0/9). Also fixed: frames.csv provenance columns were silently dropped (12 tests added); a wait-for-GPU-idle deadlock meant seed2 never ran.",evidence/exp26_static_collapse_rootcause.md
P10-ASYNC,P10,FULL,2026-08-18,DONE (13 run local 2060: async10 x5 / async50 x5 / async150 x3),"async10 (iter_per_kf=10, the hardcoded default)",async50 / async150 mapping budget per keyframe,f3_st_hf,0-4,fast,RTX2060 (13 local runs) + RTX3090 (exp27 cross-validation batch),b4aec9e5 (prereg) / b6e334b6 (verdict),evidence/exp27_verdict.md,"P0 CONFIRMED ON THE 3090 (control 0/5 escape 35.88cm, async50 5/5 escape 2.87cm, async150 1/5 over-budget degrades); root cause chain: gap_cap=5 forces 215KF/1074 frames x iter_per_kf=10 = backend starved. LOCAL 2060 NUMBERS (13 run on disk): async10 32.4-36.6 (0/5), async50 2.7-27.2 (2/4 with seed1=20.67 and seed3=27.16 crashing -- unstable), async150 3.2/7.0 (partial). CROSS-VALIDATION VERDICT (exp27, 2026-08-19): async50 is 5/5 on the 3090 but only ~2/3 on the 2060 => HARDWARE-DEPENDENT PATCH, NOT A METHOD; feeds the architecture pivot to P11.",evidence/exp27_verdict.md + evidence/exp27_crossvalidation_update.md
P11-MASKONLY,P11,FULL,2026-08-19,DONE (Phase 1: 11 run 2060 P11-MASKONLY-2060 judged by frozen script; Phase 2 cross-machine: 12 run 3090 preread P11-MAINTABLE-3090 subset + 42-run main table; PARTIAL-DISCARDED-exp28-firstlaunch kept as evidence),combined / vanilla / WP-M maskonly,P11 sparse-KF mask-only (vanilla KF + mask_mapping + huber; DynamicKeyframe/ReliabilitySignal/mask_insertion OFF),f3_st_hf/balloon/f2_xyz/mv_no_box (judged) + 18-seq main table,0/1/2,fast,RTX2060 (judge) + RTX3090 (table),1ce93c08 (verdict) / a1b8e6e2 (preread),evidence/p11_maskonly_verdict.md + p11_maskonly_3090_preread.md,"EXP28 UNRESOLVED on the 2060 judge batch (12/12 runs missing tracking_raw.csv -- judged UNRESOLVED, honestly recorded) with the 3090 preread showing the criterion would land: sparse-KF mask-only holds f3_st_hf (does not collapse) with balloon 2.95-3.87 range competitive. The architecture pivot then went through exp29's FULLKERN re-issue instead; P11 became one input to the P7-era narrative rather than the final answer. Run roots preserved.",evidence/p11_maskonly_verdict.md
EXP29-FULLKERN,EXP29,FULL,2026-08-20,DONE (re-issued main table + WP-M from clean full-kernel runs; also 18-seq render table re-built and three-machine sync at 1ddb38ff),combined(mask-ON) full-kernel,mask-free full-kernel (post exp24 flow repair),18,0/1/2,fast+offline-render,RTX3090,1ddb38ff (three-machine sync point),results/runs/P6/P6-FULLKERN*/ + evidence/18seq_rendering_main_table.md (re-issued),"FULL-KERN REGIME SPLIT MEASURED: the full kernel improves dynamic 4/4 but worsens static 6/6 (f3_st_hf +1566% vs kernel-OFF); two headline cells flipped vs the pre-repair table (crowd2 lose->win, f3_wk_hf win->lose) -- the old table's static rows had rested on kernel-OFF runs. WP-M re-issued: combined-better 0. The old f3_wk_hf 'win' was a flow==0 artifact. Session also closed out the ours-method rewrite for experts.",memory/exp-v3-29-session-state.md + evidence/main_table_provenance_audit.md
EXP37-POSE-ESTIMAND,EXP37,FULL,2026-08-22,DONE (zero-GPU: reads the per-frame poses already on disk from exp34-36; 19 balloon runs + 12 pt1 + 15 f3_wk_xyz surveyed),A eboth / B insertion-off / C mapping-off / D maskfree (the mask_mapping contrast is the positive control),E trackside-only scored on a NEW estimand: within-run dynamic penalty P = med RPE(high-dynamic pairs) - med RPE(low-dynamic pairs),"balloon (judged) + pt1 (apparatus only, not judgeable) + f3_wk_xyz (estimand undefined: 0 GTMC masks)",0/1/2,offline analysis of frozen trajectories,none (CPU),364da26c (prereg) / e9ec3738 (verdict),evidence/pose_trackside_prereg.md + pose_rpe_calibration.json + pose_trackside_verdict.json,"TRACKSIDE-INERT on balloon: P(E)=+0.3996 against a pre-registered H-inert point prediction of +0.3911 -- 0.0085 apart, i.e. 10% of the 0.0831 floor -- and 3.0 floors from H-material; per-seed E-D = -0.037/+0.032/+0.031 (1/3, sign-split, all inside the floor); share -4%; stop rule not triggered (range 0.0734 < 0.1200). APPARATUS GATES 5/5 PASS, the first time a pose-side estimand cleared its own gates in this project (P1 FAIL, P1b NO VERDICT, P1c NO VERDICT): G-A anchor 22/22 max|delta| 0.00005 cm (reproduces the shipped ATE/RPE byte-for-byte by reusing evo), G-B positive control fully separated per run (min-gap +0.1532, gap/floor 3.1x), G-C invalidation 3/3 (a time-rolled covariate collapses the separation), G-E covariate coverage 438/438. The floor was measured ONLY from same-config+same-seed repeat pairs, so autocorrelation needs no parametric model. THREE PRODUCTS: (1) mask_mapping is the sole deciding channel -- a THIRD independent observable after ATE necessity and static-band PSNR, 19 runs zero overlap, while insertion / tracking-side+T2 / insertion-within-map-OFF all sit inside the floor; (2) exp36's unresolved balloon residual is narrowed by one notch -- if that 2.3 cm is real it is NOT bought by dynamics-specific per-frame tracking (narrowed, NOT resolved; exp36's ATE verdict stays INDETERMINATE); (3) ATE and per-frame RPE are measurably DECOUPLED and non-monotone across sequences, so 'the pose got better' must always name its endpoint. LARGEST OPEN GAP, self-reported in the verdict: the positive control is a MAPPING-side channel, so INERT strictly means 'no effect this estimand can see'; a tracking-side positive control (E + hard_tracking_mask, widening channel 1 from 10/100 to 100/100 tracking iterations) was pre-registered at 2985dd07 and dispatched as 3 runs to settle whether the verdict stands or degrades to descriptive. SCOPE: balloon only; reachability limit = shares below 35% are unreadable.",evidence/pose_trackside_verdict.md
EXP37-POSE-GATE,EXP37,PHASE0,2026-08-22,"DONE (3 run, balloon x 3 seed, 3090 concurrency 3, 04:23-04:39; missing=0 gate_violations=0)",E trackside-only (channel 1 live for tracking iterations 0-9 of 100),"F track-hard = E + SemanticMask.hard_tracking_mask:true (channel 1 live for all 100 tracking iterations; single-variable, existing tested code path, trunk untouched)",balloon,0/1/2,fast,RTX3090 x2,2985dd07 (pre-run registration of the addendum),evidence/pose_trackside_prereg_addendum.md + pose_trackside_hard_gate.json,"NO VERDICT by its own pre-registered stop rule: range(P(F)) = 0.1532 exceeds the 0.1200 stop threshold, so neither APPARATUS-TRACKING-SENSITIVE nor APPARATUS-TRACKING-BLIND may be assigned. The apparatus itself was sound -- precheck H-0 (arm labels) and H-0b (full recursive single-variable diff) passed, collection gates H-2 3/3 (insertion gate 0 hits, mad_excl_semantic 1.0000), anchor H-3 12/12 at max|delta| 0.00005 cm -- the ARM was simply too spread (P(F) = 0.4033/0.5393/0.3861, the widest of the four arms; E 0.0734, D 0.0513, A 0.1078). Shift point estimate |P(F)-P(E)| = 0.0433 = 0.52x the floor, i.e. BELOW the floor and therefore unreadable, in the direction of a WORSE penalty (same sign as P1b's leverage effect: removing pixels shrinks H and amplifies nuisance). CONSEQUENCE: exp37's TRACKSIDE-INERT label stands unchanged but its self-reported gap stays OPEN -- the label must always be quoted with the qualifier 'no effect this estimand can see', and whether the estimand responds to a tracking-side intervention at all remains untested. ADDING SEEDS CANNOT FIX THIS: the gate compares a mean shift against a within-arm range and a range only grows with n (exp35 criterion #12) -- the same trap exp36 hit on balloon ATE, now the second time the stop rule has fired for this reason. Candidate reason for the extra spread (NOT measured): masking dynamic pixels through all 100 iterations instead of 10 removes far more constraints throughout the solve, raising run-to-run variance. FLAGGED, NOT JUDGED (non-preregistered, Phase 0 registered ATE-blind, n=3, single batch, balloon ATE is the very caliper exp36 judged unresolvable): F's mean ATE 7.42 cm is the lowest of the four map-OFF arms (E 9.10 / C 8.64 / D 11.37) with a tighter range (0.85 vs E's 1.54). This may NOT be written as 'amplifying channel 1 improved ATE'; its only legitimate use is as the next pre-registerable question. Next apparatus must avoid the mean-vs-range comparison: pair by seed with a floor from repeats, or use a milder tracking-side intervention, or inject within-run.",evidence/pose_trackside_hard_gate.md
EXP37-POSE-PAIRED,EXP37,PHASE0,2026-08-22,"DONE (6 run: one within-config repeat for each of E x {0,1,2} and F x {0,1,2}, 04:55-05:26; every cell rows=2 trj=2)",E trackside-only (channel 1 live for tracking iterations 0-9 of 100),"F track-hard = E + hard_tracking_mask:true (channel 1 live for all 100), judged with a PAIRED statistic whose floor comes from the repeats",balloon,0/1/2 (x2 repeats),fast,RTX3090 x2,07a14ff3 (pre-run registration of the paired prereg),evidence/pose_trackside_paired_prereg.md + pose_trackside_paired_gate.json,"APPARATUS-TRACKING-SENSITIVE -- this CLOSES the largest open gap in exp37's TRACKSIDE-INERT verdict. Gates J-1 anchor 12/12 at max|delta| 0.00004 cm, J-2 6/6 (both repeats of every cell parse to identical SemanticMask flags), J-4 single-variable. STEP 0 REACHABILITY, registered before the verdict: floor_paired 0.0662 <= 0.0831 => REACHABLE, so pairing DID buy resolution. Then shift = +0.0806 > floor_paired 0.0662 => the dynamic penalty DOES respond to a tracking-side intervention, so exp37's TRACKSIDE-INERT is not a restatement of an apparatus blind spot. Its qualifier changes from 'no effect this estimand can see' to the narrower 'channel 1 buys nothing WITHIN its current 10/100 tracking-iteration scope'. The sqrt(2) variance-matched floor (0.0468) gives the SAME label, so the construction detail does not decide it. P(E) reproduced on doubled data: cell mean +0.3842 vs the pre-registered H-inert prediction +0.3911, 0.0069 apart = 8% of the floor (single-run value was +0.3996). REGISTRATION INTEGRITY, declared in prereg section 0: this was NOT a blind registration -- the three paired shifts had been computed post-hoc the round before, so no sign-consistency rule was registered (a test pins that the rule has no sign branch); what was genuinely unseen was the DENOMINATOR, which the repeats bought. NEW DESCRIPTIVE READING: the shift is POSITIVE, i.e. widening channel 1 to all 100 iterations makes the dynamic penalty WORSE, same direction as P1b's leverage effect (removing pixels shrinks H and amplifies nuisance); margin only 1.22x (1.72x variance-matched), and the gate establishes that P MOVES, not that the effect is consistent per seed (paired shifts -0.005/+0.161/+0.086 are themselves spread). TWO SELF-CORRECTIONS: (1) the expectation that pairing would also fail was wrong -- it was extrapolated from a single repeat pair's |dP| while the statistic is a mean over three seeds; (2) 'F is noisier because it masks more pixels' is REFUTED -- within-config |dP| means are E 0.0662 vs F 0.0634, and the unstable cell is seed2 in BOTH arms.",evidence/pose_trackside_paired_gate.md
EXP37-GATE-BUG,EXP37,AUDIT,2026-08-22,DONE (zero-GPU code+log audit triggered by a violations=6 report that turned out to be false alarms),the three trackside runner scripts' console-log gates,the `hits=$(grep -c pat log || echo 0)` idiom used by every gate in this runner family,balloon + f3_wk_xyz (all runs whose G1/H2/J3 gate lines were re-verified),n/a,n/a,none (CPU),da11d186 (fix + tests),tests/test_runner_log_gates.py + the three runner scripts,"DEFECT: grep -c prints 0 AND exits 1 on a zero match, so `|| echo 0` fires too and the variable becomes ""0\n0""; the following integer test then errors instead of comparing. MEASURED (not reasoned) scope: only the zero-match case is corrupted, because a non-zero count makes grep exit 0 and reach the comparison clean. Consequently the `-gt 0` if/else form used by the exp36 trackside runner and the exp37 hard runner falls to `else` on the corrupted value -- and the true count there really was zero -- so it was ACCIDENTALLY RIGHT and was never silently passing violations, while the `-eq 0 && ok || bad` form in the exp37 paired runner turns the same corrupted zero into a FALSE ALARM, which produced violations=6 on clean data. NO READING CHANGED: direct measurement on the logs confirms the paired batch's 6 runs and exp36's 6 trackside runs really had 0 insertion-gate hits, and the control arms really had 67 (eboth_balloon_seed0 and pba_mapping_off_balloon_seed1), so the 'treatment 0 / control 67' pattern is directly measured rather than wrapper-reported. FIX: `|| true` plus an integer guard that reports MALFORMED and counts as a failure, in all three runners, pinned by 4 tests that exercise the gate against a KNOWN-BAD input rather than only a known-good one. I also had to correct my own first description of this defect: calling it a gate that would 'report OK even if the insertion gate fired' was wrong, and the correction is recorded in the runner comments and the evidence doc.",evidence/pose_trackside_paired_gate.md
EXP37-ATE-ENDPOINT,EXP37,READOUT,2026-08-22,DONE (zero-GPU: reads the ate_rmse_cm already in the 12 run CSVs from the two previous batches),E trackside-only (channel 1 live for tracking iterations 0-9 of 100),"F track-hard = E + hard_tracking_mask:true (channel 1 live for all 100), scored on the ATE endpoint with a paired statistic whose floor comes from the within-config repeats",balloon,0/1/2 (x2 repeats),fast,none (CPU; runs were RTX3090 x2),f9fa31ea (pre-readout registration),evidence/pose_trackside_ate_prereg.md + pose_trackside_ate_gate.json,"ENDPOINT-DECOUPLED. Gates K-1..K-4 all pass. STEP 0 reachability, registered before the verdict with a threshold taken from an EXISTING project constant (CLAUDE.md's 6% noise floor x E's already-published 9.10 cm base = 0.55 cm, not newly fitted): floor_ATE 0.3519 <= 0.55 => REACHABLE -- a gate that genuinely could have failed, since exp36 had recorded 0.813/0.480 cm within-config ATE spread on another map-OFF arm. shift_ATE = -1.4157 cm against floor_ATE 0.3519 = 4.0x margin; per-seed -0.339/-2.328/-1.581 (3/3 negative, but sign was deliberately NOT registered as a criterion because F's first-batch ATEs had already been seen -- the rule is sign-symmetric). The sqrt(2) variance-matched floor 0.2488 gives the SAME label. THE RESULT: the SAME single-variable intervention (widening channel 1 from 10/100 to 100/100 tracking iterations) moves the two endpoints in OPPOSITE directions -- per-frame dynamic tracking penalty WORSE (+0.0806, 1.22x its floor, from the paired gate) while full-trajectory ATE BETTER (-1.4157 cm, 4.0x its floor). CANDIDATE MECHANISM (labelled as candidate, not measured): variance-versus-bias -- masking all 100 iterations leaves each frame with fewer constraints (higher variance, P1b's leverage effect) but removes the dynamic pixels' systematic pull (lower bias); noise averages out along a trajectory, bias accumulates. This independently reproduces P1b's flag 2, which had already warned that 'judging a down-weighting policy by single-frame magnitude systematically wrongs it; ATE cares about the coherent component'. SELF-LIMIT that must travel with exp37's TRACKSIDE-INERT: the dynamic penalty P is a median-MAGNITUDE statistic, exactly the class P1b warned about, so TRACKSIDE-INERT remains valid as a statement about P but P is NOT the endpoint that predicts ATE. LIMITS: the decoupling is a conjunction whose weak half is the P side (1.22x); per-seed paired shifts range -0.34..-2.33 so no population effect is pinned (only 'F is consistently better on these three seeds'); floor is a max over 6 within-config differences; balloon only. Neither exp36's E-vs-D INDETERMINATE nor any earlier verdict changes -- this compares F vs E, a different pair. SECONDARY DESCRIPTIVE, and it REFUTED the guess written into the prereg's section 6: balloon ATE noise splits into within-config (run-to-run) 0.2895 vs between-seed 1.0540, so BETWEEN-SEED DOMINATES by 3.6x. Consequences stated separately so they do not blur: (1) for estimating an arm's mean ATE, adding seeds IS the right prescription; (2) exp36's within-arm range was therefore mostly real seed spread, not measurement flakiness; (3) this does NOT rehabilitate mean-vs-range gates -- a range still only grows with n (criterion #12) -- it only says that range was real. Tension with exp26's 2.99-vs-33.70 same-config pair is recorded: run-to-run nondeterminism is arm- and sequence-dependent, not a constant, so neither number extrapolates to the other.",evidence/pose_trackside_ate_gate.md
EXP38-COHERENT-AMP,EXP38,READOUT,2026-08-22,DONE (zero-GPU: reads the 12 E/F run trajectories already on disk from exp37),E trackside-only (channel 1 live for tracking iterations 0-9 of 100),F track-hard = E + hard_tracking_mask:true (channel 1 live for all 100); scored on coherent amplitude of RPE on high-dynamic pairs,balloon,0/1/2,fast,none (CPU; runs were RTX3090 x2),2c693df0 (prereg + verdict + script + tests in one commit),evidence/pose_coherent_prereg.md + pose_coherent_gate.json,"COHERENT-BIASED: shift -0.0248 cm against floor_CA 0.0180 = 1.38x margin. All three pose-side endpoints now form a consistent mechanism triangle: P (dynamic penalty) WORSE at +0.0806 (1.22x) -> coherent_amp LOWER at -0.0248 (1.38x) -> ATE BETTER at -1.4157 (4.0x). The variance-vs-bias mechanism from exp37's ENDPOINT-DECOUPLED is now confirmed by direct measurement: widening channel 1 from 10/100 to 100/100 tracking iterations makes per-frame errors larger (P worse) but more noise-like (coherent amplitude lower), so they average out along the trajectory (ATE better). Noise split: E within-config 0.0113 vs between-seed 0.0368 (ratio 0.31), F 0.0180 vs 0.0190 (ratio 0.95) -- F has higher run-to-run variability consistent with the variance increase. M-1/M-2 apparatus checks pass (amp_hi > amp_lo on all 12 runs). REACHABLE (floor_CA 0.0180 < 0.0831). LIMITS: balloon only, margin 1.38x is thin, coherent_amp is not ATE itself. SCOPE: this is the third and final pose-side endpoint from the exp37 F-arm campaign.",evidence/pose_coherent_verdict.md
EXP38-F3W-ATE,EXP38,READOUT,2026-08-22,"DONE (9 run: E×3seed×2 + F×3seed×2~3, 含 F seed0 rerun, 3090)",E trackside-only (channel 1 live for tracking iterations 0-9 of 100),F track-hard = E + hard_tracking_mask:true (channel 1 live for all 100),f3_wk_xyz,0/1/2,fast,RTX3090 x2,5bfec1c2,evidence/pose_coherent_prereg.md + f3_wk_xyz ATE data on remote,"ATE-INDISTINGUISHABLE on f3_wk_xyz: E mean 26.74 / F mean 25.72 (after outlier removal) / shift -1.17cm < floor 1.26cm. 3/3 direction consistent (F better) but effect size below noise floor (<1x). F seed0 bimodal: 19.99(lucky)/26.02/26.09 -- initial run anomalous low, two repeats converge to 26.0x. Compared to balloon ENDPOINT-DECOUPLED at 4.0x: effect size is sequence-dependent, correlating with dynamic content proportion. This constrains the method's applicability domain.",evidence/pose_trackside_verdict.md + local ATE analysis
EXP39-PHASE0,EXP39,PHASE0,2026-08-22,"DONE (2 run: balloon x seed0 x {hard, soft025}, local RTX2060, ~15.3 min each)",H = current hard binary mask in the mapping/BA loss (floor identically 0),"W = same arm with SemanticMask.soft_mapping, mapping_floor 0.25 (dynamic pixels keep weight 0.25 instead of 0)",balloon,0,fast,RTX2060,"d53fb9df (prereg+probe+configs) / a1fce8e1 (gate readout, both before the runs)",evidence/exp39_phase0_prereg.md + exp39_phase0_gate.json,"MECHANISM-LIVE (4/4 gates). Dynamic pixels carry only 3.4% of the weight mass at floor=0.25 but command 29.3% of the Gaussian-block gradient (8.6x) and 13.1% of the pose-block gradient (3.9x); the control arm's same readings are exactly 0.00000000 over 1094 probe rows (G-2 negative control). pose_to_map_ratio shifts 8.50->6.69 (0.788x, inside the 2x RESHAPING alarm), so the dead DBAphoto failure mode (weighting reshapes the joint-BA minimiser) is not flagged BY THIS PROXY -- no Hessian conditioning was measured, so it is not excluded. Side result: this quantifies WHY exp34's mask_mapping channel dominates -- the binary mask deletes ~30% of the map gradient, not 12% of the pixels. CAVEAT (must be cited with the verdict): G-3b passed by 0.0002 (deviation 0.0398 vs tolerance 0.0400); the run-time mask area 0.1618 and the audit's 0.122 are NOT estimates of the same population (run-time is logged at keyframes only, and dense keyframing biases toward high-mask frames). Tolerance was NOT loosened; Phase 1 must record applied_frac in the probe itself. LIMITS: balloon/seed0 only; NO ATE was read (pre-registered); LIVE licenses Phase 1 only and is NOT a claim that the direction helps -- the re-admitted gradient could be useful constraint or dynamic contamination, which the Phase-1 three-arm design (H / W / scale-matched S) exists to separate.",evidence/exp39_phase0_verdict.md
EXP39-PHASE1,EXP39,PHASE1,2026-08-22,"DONE (6 run: balloon/mv_no_box x hard/soft025/scale025 x seed0, 3090x2, local readout after rsync)","H = hard mask in mapping loss, applied_frac reported by the same-frame probe","W = soft_mapping floor 0.25, S = hard mask with scale-match to W",balloon + mv_no_box,0,fast,RTX3090x2 (dispatched from local 2060),"22705eb0 / 10c7a73c (apparatus/readout, both pre-run)",evidence/exp39_phase0_prereg.md + exp39_phase1_gate.json,"balloon=SOFT-WORSE (H 3.15 / S 2.74 / W 8.69 cm; W worse than H by 176%, far beyond 6% floor; applied_frac ~0.157/0.160 implies not too-many-pixels but harmful observations on this mixed mover); mv_no_box=SCALE-EXPLAINED (H 2.88 / S 2.74 / W 2.69 cm; W beats H 7.2% but not S 1.6%, all within 6% floor; mv applied_frac=0.0, so W-vs-H is a pure scale effect with no dynamic pixels re-admitted); single-seed screening = direction only, no effect size claimed.",evidence/exp39_phase1_gate.json
EXP39C-PHASE0,EXP39C,PHASE0,2026-08-22,"DONE (2 run: balloon x seed0 x {hard, ema}, 3090, ~6min each)",H = current hard mask in mapping loss (floor identically 0),"E = Step C per-pixel lagged-residual EMA (beta=0.95, lambda=1.0, sigma_min=0.01, default-off)",balloon,0,fast,RTX3090,2b846c1b (apparatus) — probe reads EMA state via kwarg (global variable fails under spawn),evidence/exp39_stepc_prereg.md + exp39_stepc_design.md,"MECHANISM-BUG (not INERT or LIVE): EMA mechanism fires (dyn_share_map=0.21, not 0) but direction is reversed (ema_dynamic_over_static=4.21, dynamic pixels 4x UP-weighted). Root cause: EMA computes residual from the probe's independent render, not from the mapping loss the optimiser actually minimises. Dynamic pixels in the probe render are better explained (already absorbed into the map) -> smaller residual -> larger weight -> UP-weighted. Fix: hook residual from inside get_loss_mapping_rgbd (|image-gt_image|), not from probe render. pose_to_map_ratio 0.90x (within 2x), BA not reshaped. G-2 negative control passes (H arm dyn_share=0.00000000 over 719 rows). Next: fix residual source -> re-run Phase 0 (2 runs) -> bias_suppression>0 -> Phase 1.",evidence/exp39_stepc_design.md + exp39_stepc_prereg.md
EXP39C-PHASE0-R2,EXP39C,PHASE0,2026-08-23,DONE (5 run total across 3 dispatch rounds: R1/R2/R3 hard+ema pairs + Step B ema/scrambled; balloon x seed0; 3090x2; first Step B dispatch OOMed both arms and was relaunched after adding clearance gates),H = current hard mask in mapping loss (floor identically 0); positive control for the scramble = scrambled dos must collapse to 1,"E = Step C per-pixel lagged-residual EMA (beta=0.95, lambda=1.0, sigma_min=0.01); S = E-scrambled (D-3: spatial permutation of the EMA state, preserving weight marginal distribution and total mass exactly, so it is self-scale-matched)",balloon,0,fast,RTX3090x2 (dispatched from local 2060),"abc25bb4 (apparatus+readout, pre-Step-B-relaunch); intermediate fixes 0c494b72/0038c3d6/c4ed5736/50d38b4b",evidence/exp39c_ema_decomposition_verdict.md,"[PARTIALLY RETRACTED 2026-08-23 — see evidence/exp39c_ema_decomposition_verdict.md header and exp39c_scale_match_prereg.md] The D-3 / ADMISSION-NOT-SHAPE part of this row is withdrawn: the EMA loss branch multiplied the loss by ema_c_mass = mean(w), so the photometric term scaled as w_bar**2 (measured w_bar 238.8 for E and 537.8 for S => 5.7e4x and 2.9e5x inflation vs the hard arm), which effectively deleted the fixed 10*isotropic regulariser in BOTH E and S. E and S therefore share a five-order-of-magnitude confound, so ""S is level with E"" does not license ""harm is admission not shape""; worse, S inflation is 5x E inflation and S ATE is correspondingly worse (5.36 vs 4.81), which explains the supposed 11% shape value monotonically. The D-3 scramble was also not the equal-mass intervention claimed: permuting over the whole grid injected invalid-region weights (mu,q~0 => sigma2 clamped to 1e-4 => w~1e4) into valid positions, raising w_bar 239->538; fixed to permute within the valid set. STILL STANDING (independent of loss scale): bias_suppression negative in all four rounds (a property of the weight map itself) and the mu2/sigma2 decomposition with criterion #24 (a direct measurement of residual statistics: mu2_dyn/mu2_stat=0.311, sigma2_dyn/sigma2_stat=0.405). So EMA still dies on its own pre-registered gate, but the scope of the kill (whole continuous-weighting family) and the admission attribution are downgraded to INDETERMINATE pending the mass-matched three-arm chain. Branch confound closed analytically at zero GPU cost: uniform weights routed through the EMA branch reproduce the hard-mask loss bit-for-bit (rtol 1e-6). || ORIGINAL TEXT: EMA-DEAD / ADMISSION-NOT-SHAPE. (1) Pre-registered gate bias_suppression>0 FAILS in all four rounds and deepens as the timing bug is fixed (R1 -3.21, R2 -3.51, R3 -3.91, Step B -2.15 as full-frame median n=487, p10 1.51 / p90 8.69) => second pre-registered branch = EMA dies. The handoff blamed a residual-source bug; the fix (split read-only compute_weights from update, then move state advance out of the per-viewpoint loop) did NOT change the sign, so that diagnosis was incomplete. (2) NEW mu2/sigma2 component decomposition gives the mechanism by measurement: mu2_dyn/mu2_stat=0.311 (dynamic bias^2 3.2x LOWER) and sigma2_dyn/sigma2_stat=0.405 (2.5x lower) => any inverse-residual weight up-weights exactly the pixels that should be suppressed. Criterion #24 RESIDUAL-DERIVED WEIGHTS ARE ABSORPTION METERS. (3) D-3 changes the verdict class: apparatus self-check passes (scrambled dos=1.0001, permutation works as designed), and ATE H 2.99 / E 4.81 (+61%) / S 5.36 (+79%) — random weights do NOT recover toward H but sit at E level. ~85% of the harm is independent of weight shape => the harm is ADMISSION itself, closing the whole continuous-weighting family on balloon, not merely this weight function. Converges with Phase 1 (amplitude killed) into one wall with two degrees of freedom. (4) Effect-size honesty: E-vs-H is robust under the most conservative pairing (E_best 4.81 vs H_worst 3.46 = +39%, 4/4 same direction, far beyond the 6% floor), but E-vs-S (+11%, 0.55 cm) is INDETERMINATE because the E arm own spread is 3.44 cm (5.31/8.25/4.81) vs H spread 0.47 cm — EMA is both worse AND less stable, consistent with re-admitted dynamic observations inflating variance; per project rule the per-arm floor is not extrapolated. (5) Apparatus by-products: the probe violated its own non-perturbation contract (4x autograd.grad with retain_graph kept the graph+cache alive; balloon at frame ~300 already sits at the 24GB limit, so Step B first dispatch OOMed BOTH arms at the same point). del+empty_cache after reading gradients cut peak 23.3GB -> 8.3GB and produced the first full-sequence completion. Added dispatch clearance gates B-0 (zero slam procs) / B-1 (both cards under 1GB) with 9 unit tests including 5 known-bad-value ABORT assertions and a regression for pgrep zero-match exit code 1. Scope limits: single sequence, single seed, mv_no_box has applied_frac=0 so the verdict does not transfer there; pose_to_map_ratio is only a proxy for the DBAphoto failure mode (no Hessian condition number).",evidence/exp39c_ema_decomposition_verdict.md + scripts/exp39c_ema_decompose.py
EXP39C-SM,EXP39C,PHASE0,2026-08-23,"DONE (4 run: balloon x seed0 x {E-sm, E-sm-zeromask} x 2 rounds; 3090x2; second round after fixing the diagnostic polarity bug so on-disk artifacts match the code)","H = hard mask (uniform weight on valid&static); E-sm-zeromask = EMA shape on static only, mass-matched to H -- the admission-free control on the SAME code branch","E-sm = EMA shape over valid incl. dynamic, total weight mass locked to the hard arm",balloon,0,fast,RTX3090x2 (dispatched from local 2060),"d222f21d (polarity fix); apparatus 0ece47a9 (mass-match + prereg, pre-dispatch)",evidence/exp39c_scale_match_prereg.md,"ADMISSION-CONFIRMED (pre-registered branch A). THIS ROW ALSO OVERTURNS TWO EARLIER VERDICTS FROM THE SAME DAY -- see evidence/exp39c_ema_verdict_v3.md for the full error chain. THREE REAL BUGS, each of which changed the conclusion: (1) POLARITY: ema_weight_diagnostics / ema_component_decomposition named their third parameter static_mask and consumed it as static, but BOTH call sites passed the dynamic mask -- so the two fields were swapped and ema_dynamic_over_static was the reciprocal of its own name. All four Step C rounds were read through that inversion. Proof: in the zero_dynamic arm the dynamic weight is 0 by construction, yet the field named ema_mean_weight_static read exactly 0.0 over all 668 probe frames while ema_mean_weight_dynamic read exactly 1.0 (the mass-matched static mean). CORRECTED, the pre-registered gate PASSES in every round: bias_suppression = +0.762 / +0.778 / +0.796 / +0.683 (recorded as -3.21 / -3.51 / -3.91 / -2.15). mu2_dyn/mu2_stat = 3.21 and sigma2_dyn/sigma2_stat = 2.47, i.e. dynamic pixels carry the LARGER residual, as a mover under a static map should, and the inverse-residual weight correctly suppresses them to 31.8% of static weight. => CRITERION #24 (residual-derived weights are absorption meters) IS WITHDRAWN as an artifact of the label swap, and EMA-DEAD is withdrawn. (2) SCALE: the EMA branch multiplied the loss by ema_c_mass = mean(w), so the photometric term scaled as w_bar**2 (measured w_bar 238.8 / 537.8 => 5.7e4x / 2.9e5x inflation vs the hard arm), effectively deleting the fixed 10*isotropic regulariser. This confounded every earlier E-vs-H ATE reading and is why ADMISSION-NOT-SHAPE was withdrawn. Fixed by mapping_ema_mass_match, which locks total weight mass to the hard arm. (3) D-3 SCRAMBLE: permuting over the whole grid injected invalid-region weights (mu,q~0 => sigma2 clamped to 1e-4 => w~1e4) into valid positions, raising w_bar 239->538, so it was not the equal-mass shape-only intervention claimed. Fixed to permute within the valid set. RESULT with scale controlled and polarity correct, 2 runs per arm: H 3.46/2.99 (mean 3.23), E-sm-zeromask 3.18/3.36 (mean 3.27, spread 0.18), E-sm 6.32/6.75 (mean 6.53, spread 0.43). Per-arm within-config floor 0.43 cm. H -> E-sm-zeromask (single variable = weight shape within static) = +0.05 cm = 0.1x floor => INDISTINGUISHABLE, so the weight shape itself is not the problem. E-sm-zeromask -> E-sm (single variable = admission) = +3.26 cm = +100% = 7.6x floor, and the most conservative pairing (E-sm best 6.32 vs zeromask worst 3.36) still gives +88%. INTERPRETATION: even when the weight correctly suppresses dynamic pixels to ~1/3 of static weight, admitting them into the joint BA doubles ATE on balloon. The harmful variable is admission, not weight shape and not scale. Branch confound closed analytically at zero GPU cost: uniform weights routed through the EMA branch reproduce the hard-mask loss bit-for-bit (rtol 1e-6), which answers the codex adversarial point about denominators / effective pixel counts / gradient sparsity. Gates all pass BEFORE the verdict: G-1 (config diff limited to the two keys), G-2 (zeromask true w_dyn identically 0, n=617), G-3 (sm true w_dyn median 0.318, min 0.069), B-0/B-1 (clean dispatch). NEW CRITERIA: #24-prime a diagnostics polarity must be pinned by a known-bad-value unit test, never by naming -- a swapped population label silently inverts the primary readout and looks perfectly self-consistent (the four rounds even trended monotonically, which I had read as robustness); #25 same-direction-and-monotonic is NOT evidence of correctness -- both bug 1 and bug 2 produced clean monotonic relationships, so consistency rules out random noise but not systematic error, and an orthogonal check is required. SCOPE: single sequence, single seed, 2 runs per arm (within-config floor only, not between-seed); mv_no_box has applied_frac=0 so this does not transfer; depth-side equivalent mass not separately matched; does NOT claim the whole continuous-weighting family is closed -- only that a ~31.8% admission share is harmful on balloon, while much smaller shares (5%, 1%) remain untested and are the natural next question.",evidence/exp39c_ema_verdict_v3.md + evidence/exp39c_scale_match_prereg.md
EXP39C-DOSE,EXP39C,PHASE0,2026-08-23,"DONE (2 run: balloon x seed0 x {cap01, cap05}; 3090x2; ~10min)","E-sm-zeromask = 0% admission share (ATE 3.27, itself indistinguishable from hard mask H 3.23); floor 0.43 cm imported from the previous batch within-config spread, not refitted","cap01 / cap05 = mapping_ema_dynamic_cap rescaling mean_w(dynamic)/mean_w(static) to 0.01 / 0.05, total weight mass locked to the hard arm so dose is the only variable",balloon,0,fast,RTX3090x2 (dispatched from local 2060),"a61f927d (apparatus + prereg, pre-dispatch)",evidence/exp39c_dose_scan_prereg.md,"SAFE-DOSE-EXISTS but the safe region is DEGENERATE. Pre-registered branch A holds and branch B is falsified: not every admission share is harmful. Monotone four-point dose-response curve (share -> ATE cm, vs the 0% baseline 3.27, floor 0.43): 0% 3.27 | 1% 3.30 (+0.03, 0.1x floor, INDISTINGUISHABLE) | 5% 4.33 (+1.06, 2.5x floor, HARMFUL) | 31.8% 6.53 (+3.26, 7.6x floor, HARMFUL). Harm onset lies between 1% and 5%; no reversal across the four points. WHY THIS DOES NOT REHABILITATE CONTINUOUS WEIGHTING, three reasons that must hold together: (1) the safe region is degenerate -- 1% means dynamic pixels carry one hundredth of a static pixel weight, numerically almost indistinguishable from the hard mask, so it is not a usable design degree of freedom; (2) harmless is not useful (self-limit declared in the prereg) -- cap01 ATE 3.30 shows NO gain over zeromask 3.27 or H 3.23, only absence of damage, and a method contribution requires gain; (3) a tolerance this narrow is itself a negative signal -- 5% relative weight (one twentieth of static) already costs 2.5x floor, so a mechanism whose knob must stay under 1% has a usable range smaller than its own noise margin and no headroom for cross-sequence transfer. => Combined with EXP39C-SM (31.8% doubles ATE while the weight shape effect is 0.1x floor), the residual-derived sigma2/lambda-mu2 weight family is CLOSED as a method kernel on balloon -- not because any admission harms (falsified) but because the safe region degenerates to binary exclusion. POSITIVE REUSABLE FACT: the joint BA is far more sensitive to dynamic observations than their pixel fraction suggests. Dynamic pixels are applied_frac ~16% of balloon, yet giving them only 5% relative weight (about 0.94% of total weight mass) already costs 2.5x floor. This puts a dose-axis bound on the exp39 Phase 0 mechanism reading that a binary mask deletes not 12% of pixels but ~30% of the map gradient. GATES all pass BEFORE the verdict: G-4 dose delivery (measured share equals configured share with 0.00% relative error, p10 = p90 = cap, i.e. exact frame by frame) -- trustworthy only because the diagnostic polarity bug was fixed and pinned by 5 polarity unit tests, and because cap=0 was cross-validated against zero_dynamic as two independent code paths giving the same loss; G-5 negative control (applied_frac 0.160 / 0.164 > 0, so the dose knob is not acting on an empty set); G-1 (config diff limited to the single cap key); B-0/B-1 (clean dispatch). SCOPE: single sequence, single seed, 1 run per arm, so no new floor is produced (0.43 cm imported). The 1%-indistinguishable claim rests on a 0.03 cm difference, far inside the floor and robust to it; the 5%-harmful claim is a single-run +1.06 cm = 2.5x floor reading, direction credible but magnitude pending seeds. The onset is localised only to the (1%, 5%) interval; four monotone points cannot fit its position. Only the sigma2/lambda-mu2 family was scanned -- weights built on EXOGENOUS signals (e.g. flow consistency) are out of scope and this verdict says nothing about them. mv_no_box has applied_frac=0 so nothing transfers to object-only sequences. Depth-side equivalent mass still not separately matched. Criterion #25 self-check: the curve is monotone, but G-4 independently verified dose delivery, so monotonicity is not the sole support. IMPLICATION FOR NEXT KERNEL: with the residual-derived family closed, the remaining direction requires the weight signal to be model-EXOGENOUS (free of current-model residuals, comparable across views) -- the signal class the P6 leftover headline candidate (mask-free temporal-consistency bundle) already demands. exp39 therefore pins the necessary condition: the safe admission share is under 1%, so any soft-downweighting route must first prove it can push harmful observations below one hundredth of static weight, or hard exclusion is simply better.",evidence/exp39c_dose_scan_verdict.md + evidence/exp39c_dose_scan_prereg.md
EXP39C-F3-TRANSFER,EXP39C,CROSS-SEQ,2026-08-23,"DONE (8 run: f3_wk_xyz x seed0 x {hard,zeromask,cap05,sm} x 2 rounds, 3090x2, ~85min)",balloon (existing): H 3.23 / zeromask 3.27 / cap01 3.30 / cap05 4.33 / E-sm 6.53; within-config floor 0.43,"f3_wk_xyz (this batch): H 2.58 / zeromask 3.00 / cap05 2.67 / E-sm 3.06; within-config floor 1.037 (measured, not imported)",f3_wk_xyz,0,fast,RTX3090x2 (dispatched from local 2060),"887aabfe (apparatus+prereg, pre-dispatch)",evidence/exp39c_f3_transfer_prereg.md,"ADMISSION-INERT-HERE on f3_wk_xyz (prereg branch C). Cross-sequence verdict: balloon admits admission harm but f3 does not, so admission-harm is NOT a universal property but sequence-specific. Four arms x 2 runs each: H 2.58 (spread 0.068), zeromask 3.00 (spread 0.485), cap05 2.67 (spread 0.087), E-sm 3.06 (spread 1.037). Per-arm within-config floor = 1.037 cm (set by the most unstable arm). All mean differences vs zero (zeromask 3.00) < 1x floor: hard -0.42 (-0.40x), cap05 -0.32 (-0.31x), E-sm +0.06 (+0.06x) -- all INDISTINGUISHABLE. Applied_frac on f3 = 0.220 > balloon 0.160, so branch-C exemption (""dynamic share too low"") does NOT apply. Natural share EMA/dyn 0.683 on f3 vs 0.318 on balloon -- different enough that the label ""31.8% harmful"" from balloon does not even transfer. WHAT DID transfer: variance inflation. Spread ratio (admission arm / exclusion arm) = 7.3x on balloon, 15.2x on f3. This is the ONLY cross-sequence consistent signal and aligns with the exp37/38 variance-bias mechanism (re-admitting dynamic observations inflates frame-to-frame variance while the coherent drift component is removed). METHOD INTERPRETATION: the residual-derived weight family is closed not because admission is universally harmful (falsified on f3) but because the best-case is no gain, the worst-case is double ATE, and it is always more unstable (7-15x spread). Methodological lesson: r1 alone produced two wrong conclusions (""order reverses on f3"" and ""G-6 will fail"") -- both overturned by r2. Criterion #25: never read rank ordering before the floor is measured. GATE G-6 (zeromask ~ hard on f3): +0.42 cm = 0.40x floor => PASS, chain anchor holds. SCOPE: single seed x 2 runs; floor is within-config not between-seed; n=2/arm cannot resolve mean differences on f3 (stable arms have spread 0.068-0.087, but the unstable E-sm arm forces the conservative floor to 1.037). Joint-BA sensitivity fact still holds: dynamic pixels at 0.94% total weight mass cost 2.5x floor on balloon -- this observation is BALLOON-SPECIFIC and does not transfer to f3.",evidence/exp39c_f3_transfer_verdict.md + evidence/exp39c_phase1_verdict.md
EXP44-anchor-0,EXP44,SCREEN,2026-08-24,DONE,vanilla office0 seed0 (single_thread+no_gui),EXP44-full-office0,Replica/office0,0,full-eval,RTX3090,72f0f27,N/A,"ANCHOR-PASS: ATE=0.382cm vs published 0.36cm (+6%), near bit-identical; PSNR=43.0 DepthL1=4.51",evidence/exp44_replica_anchor.md
EXP44-anchor-1,EXP44,SCREEN,2026-08-24,DONE,vanilla room0 seed0,EXP44-full-room0,Replica/room0,0,full-eval,RTX3090,72f0f27,N/A,ANCHOR-MARGINAL: ATE=0.499cm vs published 0.33cm (+51%); room0 larger scene amplifies fork diffs,evidence/exp44_replica_anchor.md
EXP44-anchor-2,EXP44,SCREEN,2026-08-24,DONE,combined office0 seed0 (mask+RT+dynKF+Reliability),EXP44-combined-office0,Replica/office0,0,full-eval,RTX3090,72f0f27,N/A,PASS-ARITH: ATE=0.917cm <= 1.0cm but 2.4x WORSE than vanilla 0.382; static degradation confirmed,evidence/exp44_replica_anchor.md
EXP44-anchor-3,EXP44,SCREEN,2026-08-24,DONE,combined room0 seed0,EXP44-combined-room0,Replica/room0,0,full-eval,RTX3090,72f0f27,N/A,"PASS-ARITH: ATE=0.328cm, combined 33% better than vanilla 0.499 but direction inconsistent with office0",evidence/exp44_replica_anchor.md
EXP44-seed-0,EXP44,FULL,2026-08-24,DONE,"office0+room0 x vanilla+combined x seed1/seed2 (8 runs, ~10h)",EXP44-seed-batch,Replica/office0+room0,"1,2",full-eval,RTX3090,72f0f27,N/A,combined BISTABLE on BOTH scenes (office0 0.92/9.10/1.45 CV=120%; room0 0.33/1.52/0.32 CV=87%); vanilla stable on office0 but BIMODAL on room0 (0.26/0.50/0.48/0.23 => two basins 0.247 vs 0.492); combined is WORSE AND less stable on static Replica,evidence/exp44_replica_seed_verdict.md
HEADLINE-RATIO,EXP45,ZERO-GPU,2026-08-25,DONE (zero-GPU recompute over already-landed 3-seed numbers; no new runs),"vanilla 3-seed rerun set (resources/02-baselines/baselines_result/MonoGS/tracking_raw.csv, 18 seq x 3 seed)","all headline improvement ratios recomputed against the 3-seed vanilla denominator, with per-sequence CV and extremal pairing ranges",18 sequences (TUM + BONN),0/1/2,n/a,none (CPU),cf75dff3,results/evidence/headline_ratio_recompute.md,"RATIO-DENOMINATOR-AUDIT. Triggered by simulated-review R1-M1/R3-m4 (main table reported a single vanilla mean with no dispersion). MEASURED: 8 of 18 sequences have vanilla CV > 20%, and two of them are load-bearing in the current headline -- mv_no_box CV 62% (4.69/18.48/22.82) and mv_no_box2 CV 101% (7.68/36.40/6.43). Consequence for the mask-free claim: the ""4.4x on pure objects"" figure is not well defined, since extremal pairing gives 1.30x-8.45x on mv_no_box and 1.08x-6.77x on mv_no_box2; pt1 is worse still (0.88x under the conservative pairing, i.e. worse than vanilla). RESOLUTION (no data change, claim re-scoping): headline ratios now rest ONLY on vanilla-CV<=20% sequences -- mask-free pt2 4.71x (3.44-5.83x), balloon 3.25x (2.79-4.25x), balloon2 2.17x (1.87-2.40x) => reported band 2.2-4.7x, replacing ""3.6-4.4x"". mv_no_box/mv_no_box2 are REASSIGNED from gain evidence to MASK-REDUNDANCY evidence, a comparison between two of OUR arms (mask-free vs combined, 1.17x / 1.09x) that never passes through the vanilla denominator and is therefore unaffected -- that table stays clean (6/6 arms 3-seed, 5/6 sd <= 0.84). SECOND CORRECTION, same audit: the project-wide ""4-14x"" phrasing took its 14x from P5-VANILLA balloon 43.94 which is a SINGLE-SEED number, while a 3-seed rerun of the same sequence exists (39.32+-1.01); recomputed on the 3-seed denominator balloon combined = 12.85x (conservative pairing 11.97x, vanilla CV only 3%) => the large effect survives and is now the projects most reliable one, but the 14x label is retired. Combined side by tier: quotable (vanilla CV<=20%) f3_wk_rpy 17.13x, f3_wk_xyz 9.20x, balloon 12.85x, balloon2 4.18x, pt2 4.20x; must-report-sd crowd2 60.93x (CV 26%), crowd 37.11x (CV 21%), f3_wk_hf 14.67x (CV 25%), pt1 3.77x. Numbers independently re-verified against the CSV after the doc was written (5/5 spot checks match to 0.02). SCOPE: extremal pairings are RANGES not confidence intervals; n=3 per cell gives no CI, so every tier is descriptive per project rule. No verdict from any prior campaign is overturned -- what changed is which sequences may carry a ratio claim.",evidence/headline_ratio_recompute.md
METHOD-ATTACH-AUDIT,EXP46,ZERO-GPU,2026-08-25,DONE (zero-GPU source/config audit; no new runs),manuscript.md section 3 as drafted in exp45,resolved configs of reported runs (P6-FULLKERN combined + P6-FULLKERN-MASKFREE) + WP-A 8 cells + 45 deferred_commit_summary.json,n/a (apparatus audit; covers the 18-seq main table arms and the 5-seq WP-A factorial),n/a,n/a,none (CPU),06265182,results/evidence/method_attachment_audit.md,"METHOD-SECTION-CORRECTED (3 errors + 1 undisclosed component). Triggered by needing exact attachment points to draw Fig1; followed the exp45 discipline (read every constant back from the resolved config, never from prose) and extended it to attachment points. ERROR A: 3.1 called lifecycle_mode=prune ""MonoGS's native insert-then-prune density lifecycle"" and claimed ""we change no density-control rules"". Both false -- deferred_commit.py:35-56 defines three arms of which `immediate` is the vanilla MonoGS control; `prune` tags every new Gaussian with a lineage id and DELETES THE WHOLE LINEAGE on reject/expire. Measured load: across 45 P6 deferred_commit_summary.json (all mode=prune) the deleted fraction of created lineages is median 0.551, range 0.273-0.809, with explicit-contradiction deletions a median 6.0% of creations (max 14.8%) and TTL expiry the rest. So it is a load-bearing FOURTH component, not the backbone, and base_config default is DeferredCommit.enabled:false i.e. vanilla runs `immediate`. ERROR B: 3.4 claimed the reliability signal is consumed at three sites -- tracking residuals, the backend mapping loss, and the keyframe-insertion decision. Sites 2 and 3 are FALSE and belong to SemanticMask (the exp34-36 four-channel decomposition, mis-copied into the reliability paragraph): the mapping loss takes get_or_compute_dynamic_mask (semantic_mask.py:88, person mask only, None when SemanticMask.enabled=false) and the insertion gate is covisibility + gap_cap where last_dyn_coverage is derived from the semantic mask (slam_frontend.py:863-870). The real second site, absent from the draft, is reliability-weighted candidate confirmation C+/C- (DeferredCommit.reliability_confirm:true -> slam_frontend.py:1284-1290 stash -> deferred_commit.py:427-456), which under `prune` decides whether a lineage is deleted. The only other reliability consumer, visibility_window.py:30, is enabled:false in the reported config. SCOPE CORRECTION C: WP-A pins DeferredCommit.reliability_confirm:true and lifecycle_mode:prune on ALL 8 cells (config comments say so explicitly), so L=OFF removes BOTH sites at once and the confirmation degrades to integer counts -- the E0 gate table in wpa_reliability_contribution.md section 1 already recorded this under ""reject semantics"" but the file's self-limitation section did not. The factorial stays internally valid (the 4th component is constant across cells) but Delta_L is a JOINT effect of two sites, so F1 may not credit ""a tracking down-weight"". MISSING CONSTANT D: the effective tracking weight is clamp(w_rel, 0.10, 1.0) -- soft_floor=0.10, soft_strength=1.0 read from the SemanticMask block (slam_utils.py:545-563), which applies in the mask-free arm too since that block carries the constants even when enabled:false. So MRCS attenuates by at most 10x and NEVER removes a pixel; this strengthens F2 (bounded attenuation vs the naive p90 counterpart's hard removal) and was simply absent from 3.4. VERIFIED-CORRECT and left unchanged: gap_cap=5 and the 0.045-0.075 -> 0.198-0.204 kf/frame coverage shift; Huber delta_rgb=delta_depth=0.1, detached, per-iteration; reliability computed once at warmup_iters=10 then frozen; the hard mask living only before warmup_iters (dispatch proof: hard_tracking_mask unset => the soft branch bypasses the hard mask entirely, slam_utils.py:132-154); occ_tighten_thresh=2.0 inert -- and inert TWICE OVER, since dyn_cov is a frame fraction in [0,1] AND gap_cap_tight is unconfigured so the conjunct is always false. ACTIONS TAKEN: manuscript section 3 restructured to 4 components + optional mask (new 3.5 lifecycle, mask moved to 3.6, provenance to 3.7); 3.4 rewritten with the two real sites and the 0.10 floor; a section-3 evidence-anchor table added with file:line for every claim; 4 forbidden phrasings added to WRITING_ROADMAP section 6; the missing self-limitation added to wpa_reliability_contribution.md section 5; Fig1 spec updated to four attachment points with two reliability out-edges. SCOPE: audit covers ONLY the reported configs (main-table arms + WP-A 8 cells); other campaigns' configs were not re-checked and the findings are not extrapolated to them. The prune fractions come from same-campaign same-lifecycle runs, not from per-cell main-table runs (whose consolidated dirs keep only tables/). NOT MEASURED: how much the deletion fraction moves when only the C+/C- weighting is switched off, so no claim is made about the split between the two sites.",evidence/method_attachment_audit.md
RPE-STRAT-TEST,EXP46,ZERO-GPU,2026-08-25,DONE (zero-GPU re-read of landed ATE/RPE; no new runs),"skeleton.md 3.1 stratification threshold ~2.5 cm/frame, interpolated from the pt1/pt2 pair",the same rule tested on all 18 sequences x 2 arms x 3 seeds already on disk,18 sequences (TUM + BONN),0/1/2,n/a,none (CPU),29de7c39,results/evidence/rpe_stratification_rule_test.md,"THRESHOLD-FALSIFIED-BUT-SEPARATION-CONFIRMED. Triggered by drafting 5.6: the skeleton derived 'mask-free RPE > 2.5 cm/frame => the mask becomes necessary' from exactly TWO sequences (pt2 1.572 redundant, pt1 2.894 necessary) and defended it as 'not arbitrary, it comes from a controlled pair of same-type sequences'. But a threshold placed between the only two points that define it is fitted, not tested -- with n=2 every value in (1.57, 2.89) separates them equally. Registered the necessity readout BEFORE looking: N = ATE(mask-free)/ATE(combined), N>=1.5 necessary, N<=1.2 redundant, 1.2<N<1.5 ambiguous and EXCLUDED rather than forced to a side. Provenance: seeds and per-cell ATE read through the main-table builder's own discover()/read_ate(), RPE by the same per-run-CSV-first order, so this check cannot diverge from the table's latest-run rule. RESULT A -- the 2.5 threshold is FALSIFIED: 13/17 decided cells agree (76%), and the 4 misclassifications are severe, all in the direction of underestimating mask necessity: f3_wk_xyz RPE 1.717 but N=8.76x, f3_wk_hf 2.327 but N=5.27x, balloon 2.028 but N=3.96x, f3_wk_rpy 2.264 but N=3.41x. The value 2.5 sits ABOVE the real boundary precisely because pt2 (1.572) and pt1 (2.894) bracket a wide empty gap, so interpolating between them skips the whole 1.7-2.4 band where the mask is necessary without RPE being high. RESULT B -- the underlying rule is nevertheless CONFIRMED, and more strongly than claimed: mask-free RPE separates the two groups with NO OVERLAP -- redundant group 0.222-1.572 (f2_xyz, f3_office, f2_person, f1_desk, f3_st_xyz, mv_no_box, f3_st_rpy, mv_no_box2, pt2) vs necessary group 1.717-2.980 (f3_wk_xyz, balloon, f3_wk_rpy, f3_wk_hf, crowd, balloon2, pt1, crowd2) -- so ANY threshold in (1.572, 1.717) separates all 17 decided cells, midpoint ~1.64 cm/frame. The one excluded cell does not prop the rule up: f3_st_hf (N=1.21, RPE 1.041) would AGREE if counted, giving 18/18. NOT A TAUTOLOGY: f3_st_hf and crowd have nearly identical mask-free ATE (35.59 vs 34.89) but N differing 12.6x (1.21 vs 15.24), and mask-free RPE is what separates them (1.041 vs 2.643) -- per-frame drift predicts whether the mask will help where full-trajectory ATE does not, which is directionally consistent with exp37's ENDPOINT-DECOUPLED finding. SCOPE (all must travel with the claim): the (1.572, 1.717) interval is FITTED to the same 18 sequences that define it, with NO held-out set, so it is descriptive and must be pre-registered and tested on new sequences before being called a criterion; and computing mask-free RPE requires RUNNING the mask-free arm, so it is a post-hoc DIAGNOSTIC, not a deployable a-priori selector. It does however satisfy the roadmap's hard requirement that a regime selector come from a MASK-FREE observable (unlike the already-falsified sequence-level semantic-area candidate, which needed a semantic detector), so future work moves from 'no candidate exists' to 'one candidate measured, needs prereg + new sequences'. ACTIONS: skeleton.md 3.1 annotated in place retracting both the 2.5 value and its 'not arbitrary' defence (data untouched); 3 forbidden phrasings added to WRITING_ROADMAP 6; the future-work wording upgraded. SEPARATE IN-PLACE RETRACTION, same session: bracketing_pt1_pt2_scene.md 2's 'dynamic pixels = 64.7% mean / 86-90% max' is not reproducible -- wphs_person_area_characterization.md measured pt1 person area at mean 7.31% / median 11.11% / max 20.24% over all 580 frames and had already recorded that the '~65% of frame' figure fails under the mask-ON protocol -- and that file's statistics scripts were never committed (self-described as living in /tmp), so its 2/3/4 are unreproducible under the exp43 provenance gate; its 3's '11-12 m person-camera distance' is implausible for indoor BONN, corroborating a measurement fault rather than a recall difference. Its qualitative verdict (pt1/pt2 alike on macroscopic scene axes) stands; the quantitative boundary now comes from this test instead.",evidence/rpe_stratification_rule_test.md
LATEX-RATE-CAL,EXP46,ZERO-GPU,2026-08-25,DONE (real LaTeX compile; no GPU),"assumed 520 markdown-words/page and a 0.50-page front-matter allowance, never checked against a build",four-length tectonic build of the v1 body under llncs.cls (2011/3397/4859/6503 visible words),n/a (typesetting calibration),n/a,n/a,"none (CPU, tectonic 0.17.0)",57447bdc,results/evidence/latex_page_rate_calibration.md,"PAGE-RATE-RECALIBRATED. Triggered by the warning I had just written into WRITING_ROADMAP 4-A after the v0->v1 pass: 'check the rate before cutting further, or a whole pass could be wasted'. Built the v1 body for real -- wrote scripts/md2latex_manuscript.py (a converter scoped to exactly the constructs this manuscript uses: ATX headings, bold/italic, inline code, inline and display math, pipe tables, blockquote figure captions, lists) plus latex/main_v1.tex as a measurement driver, and compiled with tectonic under llncs.cls. MEASURED: the v1 body is 17 pages with 1 of 3 figures present and no bibliography. CALIBRATION METHOD: deliberately used FOUR document lengths rather than two, because two points fit any line exactly -- the same trap as criterion #26 from this session's RPE work. Least squares over (2011,6),(3397,9),(4859,12),(6503,16) gives 452.1 visible-LaTeX-words/page with a 1.48-page fixed overhead, residuals within +/-0.22 pages, and pairwise marginal rates 462/487/411 whose spread is page-break quantisation rather than model error. Converted to this project's markdown-word unit: ~477 words/page. TWO ERRORS IN THE OLD ACCOUNT, in opposite directions but not cancelling: the rate was 520 (9% optimistic, worth -0.6 page) and front matter was allowed 0.50 page against a measured 1.48 (worth +1.0 page), so the old model underestimated v1 by ~0.65 page before even counting the two figures that are referenced but not yet in the markdown (+0.65). CONSEQUENCE: v2 must cut ~5.5 pages, not the 4.35 recorded after the v1 pass. The v0->v1 compression itself was NOT wasted -- v0 is 18.4 pages at the measured rate against v1's 17.0, a real -3.3. TWO STRATEGY CORRECTIONS the measurement produced: (a) table merging is NOT the lever it was assumed to be -- 5 footnotesize booktabs tables plus a figure placeholder cost 1.0 page total against the 2.0 the old account reserved for 7 floats, so the remaining cuts must come from prose and front matter; (b) the abstract is expensive -- title block + 200-word abstract + keywords is 1.48 pages, so writing to the 200-word ceiling is a real page decision. SCOPE: no bibliography in the build (LNCS puts references outside the 12-page body, so this does not affect the verdict, but it would if a venue counted them); Fig2/Fig3 are referenced by the body yet absent from the markdown, so 17.6 is EXTRAPOLATED not measured, and all three figures should be in the build before the final decision; the converter is document-specific and its table/figure styling choices set every number here; page-break quantisation gives ~+/-8% (+/-1.2 pages at 17), so 17 must be read as 17 +/- 1 and not used for half-page decisions; and the four calibration points are prefixes of one document rather than four independent documents, so a section whose float or equation density differs markedly from the whole will deviate from the fitted rate. ACTIONS: scripts/count_manuscript_pages.py recalibrated (RATE 520->477, FRONT_MATTER 0.50->1.48, plus an explicit MISSING_FIGURE_PAGES term and a +/-1 caveat in its own output); WRITING_ROADMAP 4-A rewritten with the measured constants and the two strategy corrections; the manuscript v1 footer and the frozen v0 header both restated in measured rather than estimated terms.",evidence/latex_page_rate_calibration.md
V2-MS-CITE,EXP46,ZERO-GPU,2026-08-26,DONE (zero-GPU reference verification; no new runs),references.bib as of 2026-08-25,22 entries vs CrossRef/website records,n/a,n/a,desk,30061078,N/A,"ALL-VERIFIED: 22/22 entries real, 0 TODOs, 16 DOIs resolved; every competitor claim traced to source line",papers/maskfree_bundle/latex/references.bib,
V2-MS-FIG,EXP46,ZERO-GPU,2026-08-26,DONE (zero-GPU figure rebuild; no new runs),fig assets as of exp45 (PNG/box-diagram drafts),7 figures rebuilt via nature-figure contract (figstyle+SVG/PDF editable),18seq,n/a,desk,30061078,N/A,FIGS-REDONE: Fig1-3 rebuilt as contract-driven vector graphics; Fig4-7 built from results/evidence tables; unified _figstyle.py,papers/maskfree_bundle/figures/,
V2-MS-FIGLOAD,EXP46,ZERO-GPU,2026-08-26,DONE (LaTeX build fix; no new runs),body_v2_skeleton.tex with \rule placeholders,same body with \includegraphics + figure envs for Fig4-7,n/a,n/a,desk,30061078,N/A,"FIXED: md2latex placeholder \rule -> \includegraphics mapped per-caption; PDF 150KB->877KB, 7/7 figures render",papers/maskfree_bundle/latex/body_v2_skeleton.tex,
V2-MS-PAGEBUDGET,EXP46,ZERO-GPU,2026-08-26,DONE (LaTeX compile measurement; no new runs),none (measurement of v2 build),main_v2_skeleton.pdf page count,n/a,n/a,desk,30061078,N/A,DEFERRED-BY-USER: 22 pages vs LNCS 12+2 target; compression step 4 explicitly paused by user,papers/maskfree_bundle/latex/main_v2_skeleton.log,
PAPERS-REORG,EXP47,ZERO-GPU,2026-08-26,DONE (zero-GPU papers/ reorganization; no new runs),papers/ as of exp46 close (4 md drafts + 4 PDFs + duplicate figure blocks),single-truth layout: manuscript.md (v2) + supplementary + figures/ + latex/main_v2 chain; archive/ for v0/v1/skeleton,n/a,n/a,n/a,desk (CPU),HEAD-pending,n/a,"PAPERS-REORGANIZED. Triggered by user directive: papers must be v0/v2 versioned, assets in place, rest archived or deleted. ACTIONS: (1) evolution chain collapsed to one truth -- old manuscript.md (v1), manuscript_v0.md, skeleton.md (dead, 2.5-threshold retracted) moved to papers/maskfree_bundle/archive/; manuscript_v2_skeleton.md renamed to manuscript.md and its header/tail rewritten to v2 state. (2) latex/ collapsed to one chain -- main.tex/main.pdf/main_v1.* deleted, main_v2_skeleton.* renamed to main_v2.*, compile_v2.sh fixed (self-copy cp line removed, paths updated); build = main_v2.tex -> body_v2.tex -> main_v2.pdf (22 pages, 7 figures, bibliography). (3) ROOT-CAUSE FIX of the exp46 figure-placeholder debt: manuscript figure blocks unified to a single blockquote format (asset line 'figures/...' + full caption) for all 7 figures; md2latex_manuscript.py now emits \includegraphics for every figure straight from the markdown source -- no hand patching, regeneration is idempotent. This also fixed two real defects the hand-patched tex carried: fig1/fig2 each rendered TWICE with two different captions (9 float envs for 7 assets) and Fig4-7 captions were 'See description above' placeholders; now 7 floats, 7 real captions. (4) figure numbering aligned to document order (main-results figure is Figure 3, regime-split is Figure 4, boundary is Figure 6, endpoints is Figure 7; in-text Fig reference in 5.2 heading updated; asset filenames unchanged to keep make_*.py outputs stable). (5) stale cross-references updated (WRITING_ROADMAP paths+header note, PROJECT_DOCS_INDEX, 02-method.md line 319); historical rows in 03-results.md left verbatim; papers/mmm/ left as-is (already archived, _ARCHIVED.md explains). (6) figures/__pycache__ removed. NOT DONE (deliberate): supplementary.md still not in the LaTeX build chain (LNCS allows a separate SI file; deferred with the page compression); 22-page compression deferred by user.",papers/maskfree_bundle/WRITING_ROADMAP.md (exp47 note in header)
RPE-BOUNDARY,EXP47,PHASE1,2026-08-26,"DONE (30/30 runs, ALL_DONE missing=0, 2026-08-27 02:35 CST; verdict CONFIRMED)","dev-18 separability (rpe_stratification_rule_test.json): τ=1.6445, interval (1.572,1.717) 17/17",5 held-out seqs x 2 arms x 3 seeds = 30 runs; prereg results/evidence/rpe_boundary_heldout_prereg.md,obox/obox2/synchronous(TUM) + f2_desk_with_person + f3_long_office_household,3,n/a,jiangwenheng 3090x2,5a634c76,n/a,"DISPATCHED-BY-USER (3090 remote batch, session closed before completion)",results/evidence/rpe_boundary_heldout.md
EXP41-FULLTRACK,EXP41,PHASE0+1,2026-08-23,"DONE (Phase0 2 run + Phase1 4 run, all exit0, remote 3090; verdict STOP at Phase 1 exit)",combined main config (P2-T balloon prune seed0 equivalent),"same + SemanticMask.hard_tracking_mask:true (single variable, G-1 gate PASS)",balloon + mv_no_box,0,fast-ish full runs,jiangwenheng 3090x2,(prereg commit before first run; see exp41_fulltrack_prereg.md),n/a,"TRACKING-MASK-NO-GAIN-HERE: Phase0 ATE 2.8567 vs 2.9582 (<floor 0.43); mechanism ACTIVE (num_gaussians -34%, hardsoft path taken); Phase1 balloon -3.63% / mv_no_box +0.54%, both < 6% signal gate, directions inconsistent",results/evidence/exp41_fulltrack_prereg.md (sec.6 = results); results/runs/EXP41_fulltrack/ (remote)
SI-BACKFILL,EXP50,ZERO-GPU,2026-08-27,DONE (zero-GPU supplementary backfill; no new runs),supplementary.md S1-S6 as of exp47,S3.3 rendering full table (18seq x 2 arms x 5 metrics from 18seq_rendering_main_table.md); S7 coherent-amplitude full diagnostics (12-run readings/gates/noise from pose_coherent_verdict.md); S8 RPE held-out per-seed table (30 runs); S9 Replica rendering 4 rows (exp44); S10 cue-split 48-run factorial (p7_cuesplit_verdict.md); S11 item 6 residual-derived-weight negative result (exp39c),n/a (supplementary material),n/a,n/a,desk (CPU),HEAD-pending,N/A,"SUPPLEMENT-COMPLETE. Seven-item exp48 handoff list executed: 4 new SI sections + S2-S11 renumber + body S-references anchored (S7/S8/S9/S10). All per-seed numbers spot-verified against raw CSVs and evidence JSON (5/5 sequences, 30/30 runs; S8 table matches tracking_raw.csv latest-run values exactly). Body page count unchanged at 23. Items not requiring action: exp44 Replica/S5 already covered; soft_mapping and cue-split were Limitation-only, now have full SI data behind them. Registration and alignment: body now references S1-S11 consistently; old S7 renumbered to S11 with all references updated.",papers/maskfree_bundle/supplementary.md
EXP51-F3-SUBMIT,EXP51,PHASE1,2026-08-27,DONE (3090 formal matrix 12/12 + A2 supplements 3/3 + seed2 same-seed rerun; all status=OK),MRCS+async10,MRCS+async50,f3_st_hf,0/1/2 (+3/4/5; seed2 rerun non-independent),full-eval,jiangwenheng 3090x2,bc73eb1a,N/A,"BRANCH-3 in preregistration; user closed the session and accepted async50 as the 3090 practical engineering working point (A2 independent seeds 5/6 escape, median 2.81 cm). Original seed2 failure retained; no further bistability investigation. gap_cap=5 unchanged; chenfan/V100 exploratory outputs excluded.",results/evidence/exp51_f3_submit_verdict.md
EXP52-P11-MATCHED,EXP52,PHASE1,2026-08-28,"DONE (9/9 runs, all exit0, all status=OK; wall 1h43min on jiangwenheng 3090x2)",MRCS+async50 (M50B balloon only),"P11 sparse-KF mask-only (P11F f3_st_hf + P11B balloon)",f3_st_hf + balloon,0/1/2,full-eval,jiangwenheng 3090x2,c544b940,see exp52_provenance.json,"BRANCH-1: P11 upgrades to next method structure candidate; dense-KF+ReliabilitySignal not worth keeping (M50B balloon 13.96cm vs P11B 3.09cm = 4.5× worse); see verdict","exp52_p11_prereg.md + exp52_p11_verdict.md"
EXP53-P11-PHASE2,EXP53,PHASE2,2026-08-28,"DONE (27/27 runs, all status=OK/rc=0; wall 7h32min on jiangwenheng 3090x2)",P11 sparse-KF + mask-only,Combined main-table mask-ON full kernel,"balloon/balloon2/crowd2/mv_no_box/f2_xyz",0/1/2,full-eval,jiangwenheng 3090x2,c544b940,see exp53_provenance.json,"BRANCH-2: regime split; Combined remains complex-dynamics main arm (crowd2/mv_no_box), P11 remains simpler non-inferior arm (balloon/balloon2/f2_xyz); no global P11 replacement",results/evidence/exp53_p11phase2_prereg.md + results/evidence/exp53_p11phase2_verdict.md
EXP54-COMPONENT-ATTRIB,EXP54,PHASE2,2026-08-28,DONE (12/12 runs status=OK/rc=0 on jiangwenheng 3090x2; verdict corrected same day — mv_no_box seed1/2 values in initial verdict had no run-artifact source (transcription error), replaced with CSV-verified values after 3-way cross-check vs tracking_raw.csv/keyframe_ate/console.log),P11 (EXP53 reuse),P11+DynKF / P11+Reliability (each vs Combined),crowd2 + mv_no_box,0/1/2,full-eval,jiangwenheng 3090x2,c544b940,see run dirs results/runs/EXP54/component_attribution/,"mv_no_box: DynKF recovers Combined advantage (2.71 vs 2.63, delta 0.08 < floor 0.43); Reliability no beyond-floor marginal contribution (3.46 vs P11 3.65, sd=0.25). crowd2: neither single component sufficient (5.16/6.00 vs 2.11) — interaction or mask_insertion; regime split holds",results/evidence/exp54_component_attribution_prereg.md + results/evidence/exp54_component_attribution_verdict.md
EXP56-CROWD2-ATTRIB,EXP56,PHASE1,2026-08-29,DONE (6/6 runs rc=0 after E0 gate casing fix; YAML bool 'false' vs 'False' caused false-abort on seed0/1, data retained via SKIP; seed2 rerun clean),P11+DynKF (EXP54),P11+DynKF+Reliability (double-variable),crowd2,0/1/2,full-eval,jiangwenheng 3090x2,c544b940,see run dirs results/runs/EXP56/crowd2_attribution/,"INSERTION-NEEDED: double-variable arm 4.55±1.38 trails Combined 2.11 by 2.45 cm >> floor 0.43; mask_insertion necessary on crowd2; no component subset suffices; Limitations §9 upgraded from bundle-attribution to insertion-gate-necessary",results/evidence/exp56_crowd2_attribution_prereg.md + results/evidence/exp56_crowd2_attribution_verdict.md
EXP57-MASK-INSERTION,EXP57,PHASE1,2026-08-29,DONE (3/3 runs rc=0; E0 gate passed: mask_insertion=true, DynKF/Rel off),P11 (EXP53 reuse),P11+mask_insertion single-variable,crowd2,0/1/2,full-eval,jiangwenheng 3090x2,c544b940,see run dirs results/runs/EXP57/crowd2_attribution/,INSERTION-CONTRIBUTES: 5.66±2.85 vs P11 6.89 (contrib -1.23) but far from Combined 2.11; no single variable below 5.16; strong K+L+M_ins interaction on crowd2; ladder complete (6 arms),results/evidence/exp57_crowd2_attribution_prereg.md + results/evidence/exp57_crowd2_attribution_verdict.md
EXP58-KERNEL-EXT,EXP58,PHASE1,2026-08-29,DONE (24/24 runs rc=0; E0 gate passed),combined-prune huber (main-table anchor),combined-prune cauchy / gm,mv_no_box + pt1 + f3_wk_hf + crowd,0/1/2,full-eval,jiangwenheng 3090x2,c544b940,see run dirs results/runs/EXP58/kernel_extension/,7/8 INDISTINGUISHABLE + 1 WORSE (pt1 GM) + 0 BETTER; merged with EXP55: Huber >= alternatives on all six sequences across five regimes; Sec 3.3 upgraded to six-sequence regime-spanning,results/evidence/exp58_kernel_extension_prereg.md + results/evidence/exp58_kernel_extension_verdict.md
